timestamp_us,acceleration,capacitance
1514,47,0
2726,-39,0
3939,-72,0
5152,-94,0
6365,-22,0
7577,21,1780727
8789,77,1772145
10002,53,1772145
11215,43,1772145
12427,-15,1772145
13640,-38,1772145
14853,-55,1772145
16066,-21,1772145
17278,-6,1772145
18491,17,1772145
19703,51,1784119
20916,19,1784119
22128,-23,1784119
23342,-26,1784119
24554,-25,1784119
25766,-7,1784119
26979,19,1784119
28192,40,1784119
29404,29,1784119
30617,1,1774252
31830,-31,1774252
33043,-42,1774252
34255,-26,1774252
35467,-4,1774252
36680,31,1774252
37893,42,1774252
39106,43,1774252
40318,20,1774252
41531,-12,1786534
42744,-14,1786534
43957,-15,1786534
45169,-7,1786534
46381,8,1786534
47595,41,1786534
48807,61,1786534
50019,121,1786534
51232,158,1786534
52445,42,1799022
53657,-101,1799022
54870,-189,1799022
56083,-211,1799022
57295,-110,1799022
58508,43,1799022
59721,133,1799022
60934,173,1799022
62147,187,1799022
63359,43,1798993
64572,-93,1791057
65784,-211,1791057
66997,-245,1791057
68210,-101,1791057
69422,79,1791057
70636,150,1791057
71847,274,1791057
73060,276,1791057
74273,97,1791227
75486,-96,1795579
76698,-224,1795579
77911,-307,1795579
79124,-27,1795579
87613,-201,1795579
88826,-281,1795579
90038,-193,1795579
91251,67,1795579
92463,164,1795579
93677,127,1795579
94889,110,1769061
96102,79,1769061
97314,-102,1769061
98528,-63,1769061
99740,-48,1769061
100953,13,1769061
102166,42,1769061
103378,167,1769061
104591,110,1769061
105803,-2,1769061
107017,-21,1765309
108229,-124,1765309
109442,-46,1765309
110654,2,1765309
111867,84,1765309
113080,50,1765309
114293,-82,1765309
115505,-86,1765309
116717,-19,1765309
117930,-79,1800770
119143,204,1800770
120356,-19,1800770
121568,30,1800770
122782,53,1800770
123994,-134,1800770
125207,-113,1800770
126419,-10,1800770
127632,71,1800770
128845,129,1814285
130058,205,1814285
131271,136,1814285
132484,-16,1814285
133696,-189,1814285
134909,-202,1814285
136121,-124,1814285
137334,29,1814285
138546,148,1814285
139759,215,1830525
140972,189,1830525
142185,87,1830525
143398,-26,1830525
144610,-155,1830525
145823,-208,1830525
147035,-167,1830525
148249,-69,1830525
149461,59,1830525
150674,140,1808067
151886,173,1808067
153099,142,1808067
154311,48,1808067
155525,-49,1808067
156737,-125,1808067
157950,-137,1808067
159162,-95,1808067
160375,-20,1808067
161588,56,1765875
162800,100,1765875
164013,-84,1765875
171289,-48,1765875
172502,16,1741567
173714,63,1741567
174927,80,1741567
176140,79,1741567
177353,35,1741567
178565,-7,1741567
179778,-51,1741567
180990,-62,1741567
182203,-42,1741567
183416,-3,1662681
184629,34,1662681
185842,65,1662681
187054,66,1662681
188267,41,1662681
189479,-2,1662681
190692,-32,1662681
191906,-50,1662681
193118,-42,1662681
194330,-7,1691049
195543,18,1691049
196755,51,1691049
197968,56,1691049
199181,45,1691049
200394,11,1691049
201606,-8,1691049
202819,-20,1691049
204031,-18,1691049
205244,-15,1707751
206457,4,1721524
207670,16,1721524
208882,31,1721524
210095,22,1721524
211308,11,1721524
212521,-4,1721524
213733,-12,1721524
214946,-19,1721524
216159,-9,1721524
217371,3,1705233
218584,17,1705233
219797,19,1705233
221010,19,1705233
222222,11,1705233
223435,5,1705233
224648,-10,1705233
225860,-6,1705233
227073,-3,1705233
228286,6,1718954
229499,12,1718954
230711,11,1718954
231924,7,1718954
233137,3,1718954
234349,-9,1718954
235563,-2,1718954
236776,-3,1718954
237988,1,1718954
239201,7,1712685
240414,13,1712685
241627,9,1712685
242839,7,1712685
244051,12,1712685
245264,15,1712685
246477,10,1712685
247690,9,1712685
256179,14,1712685
257392,18,1712685
258605,13,1712685
259818,8,1735143
261030,1,1735067
262243,-5,1728667
263456,-2,1728667
264668,4,1728667
265880,4,1728667
267094,4,1728667
268307,4,1728667
269519,5,1728667
270731,18,1728667
271945,20,1728614
273157,12,1728102
274369,2,1728102
275583,-6,1728102
276796,-12,1728102
278008,-2,1728102
279220,5,1728102
280434,8,1728102
281647,15,1728102
282859,10,1728102
284071,7,1728102
285285,1,1728102
286498,-2,1728102
287710,-6,1728102
288923,0,1728102
290136,9,1728102
291348,14,1728102
292561,17,1738175
293774,7,1738175
294987,5,1738175
296199,4,1738175
297413,-6,1738175
298624,-5,1738175
299838,7,1738175
301050,13,1738175
302263,18,1738175
303475,16,1738175
304688,12,1717978
305901,5,1717978
307114,0,1717978
308327,-2,1717978
309539,4,1717978
310753,8,1717978
311965,11,1717978
313178,10,1717978
314391,7,1717978
315604,4,1723631
316816,-2,1723631
318029,7,1723631
319241,11,1723631
320455,11,1723631
321667,12,1723631
322880,8,1723631
324092,8,1723631
325306,4,1723631
326518,0,1723528
327731,-7,1723528
328943,1,1723528
330156,8,1723528
331369,11,1723528
332581,14,1723528
341071,13,1723528
342284,10,1723528
343497,3,1723528
344709,3,1723528
345922,16,1723528
347135,-4,1723528
348347,10,1737096
349560,2,1737096
350773,4,1737096
351986,21,1737096
353199,30,1737096
354411,12,1737096
355623,4,1737096
356837,0,1737096
358049,7,1737096
359262,8,1742954
360474,-5,1742954
361687,0,1742954
362899,3,1742954
364112,9,1742954
365326,20,1742954
366538,28,1742954
367751,9,1742954
368964,3,1742954
370177,1,1739254
371389,-6,1739254
372602,-7,1739254
373815,-5,1739254
375027,2,1739254
376239,18,1739254
377453,18,1739254
378665,16,1739254
379878,11,1739254
381091,3,1731237
382303,-13,1731237
383516,-13,1731237
384729,2,1731237
385942,5,1731237
387155,19,1731237
388367,31,1731237
389580,25,1731237
390792,12,1731237
392006,0,1698244
393218,-11,1698244
394430,-8,1698244
395643,2,1698244
396856,6,1698244
398069,24,1698244
399282,23,1698244
400495,16,1698244
401707,5,1698244
402919,-3,1728411
404133,-8,1731956
405345,-7,1731956
406557,2,1731956
407770,4,1731956
408983,14,1731956
410196,10,1731956
411408,10,1731956
412621,5,1731956
413834,-1,1731956
415046,2,1719366
416259,-2,1719366
417471,0,1719366
425961,-2,1728873
427174,4,1728873
428386,9,1728873
429599,12,1728873
430811,9,1728873
432025,10,1728873
433236,9,1728873
434450,0,1728873
435663,3,1728873
436875,2,1721165
438087,9,1721165
439301,18,1721165
440513,10,1721165
441726,7,1721165
442938,-4,1721165
444151,-9,1721165
445364,-9,1721165
446577,1,1721165
447790,6,1721165
449002,15,1721165
450215,12,1721165
451428,10,1721165
452641,3,1721165
453853,-2,1721165
455065,-5,1721165
456278,-4,1721165
457492,4,1721165
458704,10,1721130
459917,6,1698090
461130,7,1698090
462343,6,1698090
463555,2,1698090
464768,3,1698090
465980,4,1698090
467193,1,1698090
468405,3,1698090
469618,2,1698154
470831,0,1715306
472044,4,1715306
473256,4,1715306
474469,5,1715306
475682,5,1715306
476894,6,1715306
478107,3,1715306
479320,2,1715306
480532,4,1715306
481745,7,1715306
482958,6,1715306
484171,11,1715306
485383,8,1715306
486596,12,1715306
487808,13,1715306
489021,4,1715306
490234,1,1698758
491447,-4,1698758
492660,1,1698758
493872,1,1698758
495085,32,1698758
496297,34,1698758
497511,23,1698758
498723,4,1698758
499935,-15,1698758
501149,-24,1698758
502361,29,1698758
509637,6,1698758
510850,-13,1698758
512062,-28,1698758
513275,-24,1717464
514488,-6,1717464
515701,20,1717464
516914,37,1717464
518126,34,1717464
519338,19,1717464
520552,2,1717464
521764,-19,1717464
522976,-24,1717464
524190,-7,1720085
525402,6,1720085
526614,25,1720085
527827,27,1720085
529041,24,1720085
530253,-1,1720085
531465,-19,1720085
532679,-30,1720085
533891,-21,1720085
535103,14,1727075
536316,20,1727075
537528,36,1727075
538741,34,1727075
539954,33,1727075
541167,-4,1727075
542379,-20,1727075
543592,6,1727075
544805,15,1727075
546017,52,1735657
547229,10,1735657
548442,-5,1735657
549655,6,1735657
550868,-17,1735657
552080,-38,1735657
553293,18,1735657
554506,55,1735657
555718,51,1735657
556931,41,1769626
558143,39,1769626
559356,-2,1769626
560569,-40,1769626
561782,-61,1769626
562995,-48,1769626
564207,-8,1769626
565421,29,1769626
566632,61,1769626
567846,66,1764230
569058,49,1764230
570271,-3,1764230
571484,-37,1764230
572696,-50,1764230
573909,-40,1764230
575122,-13,1764230
576334,25,1764230
577546,53,1764230
578759,55,1733036
579972,25,1733036
581185,-2,1733036
582398,-27,1733036
583610,-37,1733036
584823,-27,1733036
586035,-2,1733036
593311,-39,1733036
594524,-46,1733036
595736,-28,1733036
596949,-3,1733036
598162,24,1733036
599374,46,1733036
600587,42,1718954
601799,30,1699683
603012,1,1699683
604225,-21,1699683
605437,-34,1699683
606650,-20,1699683
607863,2,1699683
609075,18,1699683
610288,20,1699683
611501,13,1699683
612713,10,1711092
613926,8,1711092
615139,4,1711092
616351,6,1711092
617564,1,1711092
618777,-5,1711092
619989,0,1711092
621201,6,1711092
622415,3,1711092
623627,9,1716745
624840,4,1716745
626053,2,1716745
627264,4,1716745
628477,5,1716745
629690,6,1716745
630903,7,1716745
632115,-2,1716745
633329,2,1716745
634541,2,1718492
635754,-1,1718492
636966,2,1718492
638179,2,1718492
639392,5,1718492
640605,4,1718492
641817,8,1718492
643030,6,1718492
644243,7,1718492
645455,15,1718496
646668,10,1733344
647881,-1,1733344
649094,-6,1733344
650306,-7,1733344
651520,-9,1733344
652732,23,1733344
653944,20,1733344
655158,11,1733344
656370,1,1733251
657583,-1,1721987
658796,-4,1721987
660009,-2,1721987
661221,2,1721987
662433,7,1721987
663646,12,1721987
664859,9,1721987
666072,-1,1721987
667285,-1,1721987
668498,-2,1721987
669710,14,1721987
678198,5,1721987
679411,-10,1721987
680624,-4,1721987
681837,-3,1721987
683050,2,1721987
684262,11,1721987
685475,12,1721987
686688,13,1721987
687900,7,1721987
689113,3,1727229
690326,3,1727229
691539,2,1727229
692752,3,1727229
693964,5,1727229
695178,10,1727229
696390,13,1727229
697602,12,1727229
698815,7,1727229
700029,5,1730055
701241,2,1730055
702453,2,1730055
703667,3,1730055
704879,6,1730055
706092,6,1730055
707304,9,1730055
708517,10,1730055
709730,13,1730055
710942,6,1716385
712155,4,1716385
713368,3,1716385
714581,2,1716385
715793,8,1716385
717006,10,1716385
718219,8,1716385
719432,14,1716385
720645,12,1716385
721857,9,1717156
723070,3,1717156
724283,3,1717156
725496,3,1717156
726708,4,1717156
727921,4,1717156
729134,12,1717156
730347,15,1717156
731560,11,1717156
732772,6,1707597
733985,-2,1707597
735198,1,1707597
736410,1,1707597
737623,8,1707597
738836,13,1707597
740049,12,1707597
741262,11,1707597
742474,5,1707597
743687,6,1714946
744900,0,1714946
746113,4,1714946
747326,1,1714946
748538,3,1714946
749751,4,1714946
750963,13,1714946
752177,13,1714946
753389,12,1714946
754602,11,1714946
763091,11,1714946
764305,11,1714946
765518,9,1707854
766730,7,1707854
767943,2,1707854
769155,1,1707854
770369,3,1707854
771581,10,1707854
772794,9,1707854
774007,11,1707854
775220,13,1707854
776433,11,1697011
777645,0,1697011
778858,3,1697011
780071,-2,1697011
781284,2,1697011
782497,4,1697011
783709,12,1697011
784922,13,1697011
786135,10,1697011
787348,10,1690535
788560,2,1675169
789773,-3,1675169
790986,4,1675169
792199,3,1675169
793412,4,1675169
794625,6,1675169
795837,8,1675169
797050,9,1675169
798263,3,1675169
799475,3,1683752
800688,3,1683752
801901,0,1683752
803114,2,1683752
804326,5,1683752
805539,10,1683752
806752,6,1683752
807965,8,1683752
809178,3,1683752
810390,-3,1683752
811603,1,1683752
812815,-2,1683752
814029,3,1683752
815241,7,1683752
816454,4,1683752
817667,6,1683752
818879,4,1683752
820092,3,1683752
821305,3,1680822
822517,3,1680822
823730,7,1680822
824943,6,1680822
826156,10,1680822
827369,13,1680822
828582,7,1680822
829795,3,1680822
831007,1,1680822
832220,2,1642215
833433,1,1707751
834646,2,1707751
835858,5,1707751
837071,6,1707751
838283,9,1707751
839496,6,1707751
847985,13,1707751
849198,14,1707751
850410,17,1707751
851624,12,1707751
852836,3,1691203
854049,-6,1691145
855262,-4,1703177
856474,-5,1703177
857686,3,1703177
858900,11,1703177
860112,14,1703177
861325,11,1703177
862537,9,1703177
863750,-2,1703177
864963,-4,1703177
866176,-8,1703177
867388,-1,1703177
868601,4,1703177
869815,13,1703177
871027,16,1703177
872239,15,1703177
873452,8,1703177
874665,6,1699426
875877,-3,1699426
877090,-2,1699426
878303,3,1699426
879516,7,1699426
880728,17,1699426
881941,16,1699426
883154,11,1699426
884367,8,1699426
885579,1,1699426
886793,-4,1700505
888005,0,1700505
889217,5,1700505
890430,16,1700505
891643,15,1700505
892855,17,1700505
894069,9,1700505
895282,5,1700505
896494,1,1700505
897706,2,1701482
898919,1,1701482
900132,7,1701482
901344,9,1701482
902557,13,1701482
903770,6,1701482
904983,9,1701482
906195,4,1701482
907408,2,1701482
908621,4,1701841
909833,0,1701841
911046,7,1701841
912259,10,1701841
913472,9,1701841
914684,8,1701841
915899,6,1701841
917110,4,1701841
918323,6,1701841
919536,10,1703075
920748,3,1703075
921961,7,1703075
923174,8,1703075
924386,5,1697264
931663,5,1696240
932876,2,1696240
934089,5,1696240
935301,4,1696240
936514,5,1696240
937726,4,1696240
938939,4,1696240
940152,4,1696240
941365,5,1696240
942578,3,1696240
943791,7,1696240
945003,7,1696240
946216,6,1696240
947429,6,1696240
948641,5,1696240
949854,7,1696240
951067,6,1696240
952279,8,1687503
953493,4,1687503
954705,9,1687503
955918,7,1687503
957130,5,1687503
958343,4,1687503
959556,4,1687503
960769,5,1687503
961982,6,1687503
963194,9,1704051
964406,4,1704051
965620,7,1704051
966833,7,1704051
968045,7,1704051
969258,3,1704051
970470,2,1704051
971683,6,1704051
972896,9,1704051
974108,6,1691974
975322,5,1691974
976534,6,1691974
977747,3,1691974
978959,6,1691974
980172,3,1691974
981385,6,1691974
982598,7,1691974
983811,9,1691974
985023,8,1694030
986236,9,1690278
987448,0,1690278
988661,-3,1690278
989874,-4,1690278
991087,2,1690278
992299,7,1690278
993512,5,1690278
994726,7,1690278
995938,6,1690278
997150,3,1702355
998363,2,1702355
999576,4,1702355
1000789,10,1702355
1002002,14,1702355
1003215,9,1702355
1004427,9,1702355
1005640,-1,1702355
1006853,-10,1702355
1008065,15,1702355
1015341,4,1702355
1016555,3,1702355
1017767,1,1724454
1018981,0,1713147
1020193,2,1713147
1021406,5,1713147
1022618,7,1713147
1023831,9,1713147
1025044,8,1713147
1026257,7,1713147
1027470,2,1713147
1028683,-1,1713147
1029895,3,1719468
1031108,6,1719468
1032321,3,1719468
1033534,4,1719468
1034746,5,1719468
1035959,7,1719468
1037172,7,1719468
1038384,4,1719468
1039597,4,1719468
1040809,3,1719324
1042023,5,1694492
1043235,7,1694492
1044448,4,1694492
1045661,2,1694492
1046873,3,1694492
1048086,5,1694492
1049299,3,1694492
1050512,4,1694492
1051724,2,1694498
1052938,4,1709858
1054150,5,1709858
1055362,4,1709858
1056575,-1,1709858
1057788,4,1709858
1059001,4,1709858
1060213,3,1709858
1061426,5,1709858
1062639,5,1709858
1063851,9,1709858
1065065,10,1709858
1066278,10,1709858
1067490,4,1709858
1068702,4,1709858
1069915,4,1709858
1071129,4,1709858
1072341,10,1701379
1073553,8,1701379
1074766,7,1701379
1075979,8,1701379
1077192,5,1701379
1078405,7,1701379
1079617,3,1701379
1080830,5,1701379
1082043,7,1701379
1083255,9,1701379
1084468,7,1710732
1085681,5,1710732
1086893,6,1710732
1088106,5,1710732
1089319,6,1710732
1090532,9,1710732
1091745,7,1710732
1100234,7,1710732
1101446,9,1710732
1102659,5,1710732
1103872,6,1710732
1105084,7,1710732
1106298,5,1701533
1107510,5,1701533
1108722,7,1701533
1109935,7,1701533
1111148,7,1701533
1112361,5,1701533
1113573,5,1701533
1114786,5,1701533
1115998,4,1701533
1117211,6,1710372
1118424,5,1710372
1119637,6,1710372
1120850,10,1710372
1122062,9,1710372
1123275,6,1710372
1124487,6,1710372
1125700,5,1710372
1126913,6,1710372
1128126,8,1705798
1129339,5,1705798
1130552,9,1705798
1131764,4,1705798
1132978,8,1705798
1134190,5,1705798
1135403,5,1705798
1136615,8,1705798
1137828,9,1705798
1139040,12,1704257
1140253,5,1704257
1141466,7,1704257
1142679,5,1704257
1143891,3,1704257
1145104,5,1704257
1146317,7,1704257
1147529,7,1704257
1148742,9,1704257
1149955,9,1698038
1151168,7,1698038
1152381,5,1698038
1153593,5,1698038
1154806,7,1698038
1156019,9,1698038
1157231,5,1698038
1158445,8,1698038
1159657,6,1698038
1160870,7,1709858
1162083,4,1709858
1163295,6,1709858
1164509,9,1709858
1165721,5,1709858
1166934,4,1709858
1168147,6,1709858
1169359,6,1709858
1170572,10,1709858
1171785,9,1699118
1172998,6,1709550
1174210,1,1709550
1175423,3,1709550
1176636,2,1700608
1185125,1,1700608
1186337,3,1700608
1187550,2,1700608
1188763,4,1700608
1189975,9,1700608
1191188,10,1700608
1192401,7,1700608
1193614,7,1700608
1194826,5,1705439
1196039,3,1705439
1197252,-3,1705439
1198465,1,1705439
1199678,5,1705439
1200891,6,1705439
1202103,9,1705439
1203316,5,1705439
1204528,5,1705439
1205741,6,1762598
1206954,-1,1697062
1208167,3,1697062
1209380,3,1697062
1210592,5,1697062
1211805,8,1697062
1213018,5,1697062
1214231,9,1697062
1215443,3,1697062
1216656,3,1697936
1217869,1,1697936
1219082,2,1697936
1220294,4,1697936
1221507,5,1697936
1222720,7,1697936
1223932,2,1697936
1225146,4,1697936
1226359,4,1697936
1227571,3,1697839
1228784,3,1713199
1229996,3,1713199
1231209,5,1713199
1232422,8,1713199
1233635,5,1713199
1234847,6,1713199
1236060,3,1713199
1237274,3,1713199
1238486,1,1713184
1239698,5,1695520
1240911,4,1695520
1242124,7,1695520
1243337,7,1695520
1244549,5,1695520
1245762,4,1695520
1246975,4,1695520
1248188,4,1695520
1249400,3,1695675
1250614,4,1709755
1251826,4,1709755
1253039,5,1709755
1254251,5,1709755
1255464,6,1709755
1256677,3,1709755
1257889,7,1709755
1259102,3,1709755
1260315,2,1709755
1261527,3,1709755
1270015,4,1709755
1271228,8,1690998
1272441,8,1690998
1273654,8,1690998
1274866,5,1690998
1276079,5,1690998
1277292,3,1690998
1278504,4,1690998
1279717,2,1690998
1280929,4,1690998
1282142,4,1704668
1283354,5,1704668
1284567,12,1704668
1285779,13,1704668
1286992,14,1704668
1288205,5,1704668
1289418,3,1704668
1290630,3,1704668
1291843,4,1704668
1293056,4,1700762
1294268,5,1700762
1295481,11,1700762
1296694,11,1700762
1297906,8,1700762
1299120,6,1700762
1300331,2,1700762
1301545,3,1700762
1302757,4,1700762
1303970,8,1716642
1305183,6,1716642
1306395,13,1716642
1307608,12,1716642
1308821,6,1716642
1310033,3,1716642
1311246,2,1716642
1312458,7,1716642
1313671,11,1716642
1314883,19,1710424
1316096,16,1710424
1317309,15,1710424
1318521,5,1710424
1319733,6,1710424
1320947,-2,1710424
1322159,-1,1710424
1323371,3,1710424
1324584,11,1710424
1325797,12,1721627
1327010,7,1721627
1328222,5,1721627
1329435,2,1721627
1330647,0,1721627
1331860,6,1721627
1333072,9,1721627
1334286,13,1721627
1335498,12,1721627
1336711,11,1730106
1337923,4,1730106
1339136,4,1730106
1340348,6,1730106
1341561,6,1730106
1342774,9,1730106
1343986,12,1730106
1345199,7,1730106
1346411,12,1730106
1353687,20,1730106
1354899,8,1730106
1356112,3,1730106
1357326,3,1730106
1358539,8,1743776
1359750,3,1743776
1360963,11,1743776
1362176,9,1743776
1363389,9,1743776
1364601,9,1743776
1365815,4,1743776
1367027,4,1743776
1368240,3,1743776
1369453,3,1738586
1370665,4,1748607
1371877,9,1748607
1373090,4,1748607
1374304,1,1748607
1375516,4,1748607
1376728,2,1748607
1377942,-1,1748607
1379154,5,1748607
1380367,5,1748607
1381580,7,1739717
1382792,9,1739717
1384004,6,1739717
1385217,2,1739717
1386430,5,1739717
1387642,1,1739717
1388855,3,1739717
1390068,4,1739717
1391281,4,1739717
1392494,4,1739717
1393706,3,1739717
1394919,2,1739717
1396131,4,1739717
1397344,5,1739717
1398557,4,1739717
1399769,5,1739717
1400982,6,1739717
1402195,4,1739717
1403408,3,1741361
1404620,1,1741361
1405833,0,1741361
1407046,4,1741361
1408258,4,1741361
1409471,3,1741361
1410684,6,1741361
1411896,3,1741361
1413110,3,1741361
1414322,1,1741001
1415535,3,1741001
1416747,4,1741001
1417960,6,1741001
1419173,9,1741001
1420385,5,1741001
1421598,4,1741001
1422811,-1,1741001
1424023,3,1741001
1425236,8,1740816
1426449,7,1746192
1427662,5,1746192
1428874,9,1746192
1430087,5,1746192
1438577,3,1746192
1439789,4,1746192
1441002,3,1746192
1442215,5,1746192
1443428,7,1746192
1444640,7,1746192
1445854,6,1745010
1447066,5,1745010
1448279,5,1745010
1449491,5,1745010
1450703,9,1745010
1451916,3,1745010
1453130,5,1745010
1454342,5,1745010
1455554,4,1745010
1456767,6,1755699
1457980,5,1755699
1459193,5,1755699
1460405,11,1755699
1461618,18,1755699
1462831,27,1755699
1464043,29,1755699
1465256,18,1755699
1466469,3,1755699
1467682,-7,1755699
1468894,-21,1753489
1470107,-14,1753489
1471320,-1,1753489
1472533,14,1753489
1473745,19,1753489
1474958,24,1753489
1476171,20,1753489
1477383,8,1753489
1478597,-9,1753489
1479809,-15,1766748
1481022,-11,1766748
1482234,1,1766748
1483448,14,1766748
1484660,26,1766748
1485873,25,1766748
1487086,14,1766748
1488298,5,1766748
1489510,-5,1766748
1490723,-7,1754517
1491937,-7,1754517
1493149,6,1754517
1494362,14,1754517
1495574,19,1754517
1496787,13,1754517
1498000,6,1754517
1499212,2,1754517
1500425,-6,1754517
1501637,0,1759605
1502850,2,1759605
1504063,9,1759605
1505275,15,1759605
1506488,16,1759605
1507701,12,1759605
1508913,6,1759605
1510126,3,1759605
1511339,2,1759605
1512552,2,1751485
1513765,3,1751485
1514977,3,1751485
1522253,3,1751485
1523466,2,1753233
1524679,4,1753233
1525891,9,1753233
1527105,14,1753233
1528316,8,1753233
1529530,7,1753233
1530742,7,1753233
1531955,2,1753233
1533167,3,1753233
1534380,3,1753901
1535593,1,1753901
1536806,3,1753901
1538019,5,1753901
1539231,5,1753901
1540445,6,1753901
1541657,12,1753901
1542869,15,1753901
1544082,17,1753901
1545295,13,1752513
1546508,4,1752513
1547720,0,1752513
1548934,0,1752513
1550145,3,1752513
1551358,11,1752513
1552571,15,1752513
1553783,12,1752513
1554997,8,1752513
1556210,2,1759502
1557422,-4,1759502
1558634,0,1759502
1559847,7,1759502
1561060,13,1759502
1562272,21,1759502
1563485,24,1759502
1564698,14,1759502
1565910,2,1759502
1567123,-6,1753849
1568336,-12,1763100
1569548,-2,1763100
1570761,5,1763100
1571974,10,1763100
1573186,12,1763100
1574398,7,1763100
1575611,-2,1763100
1576823,-6,1763100
1578036,-4,1763100
1579250,-3,1748659
1580461,-2,1748659
1581674,12,1748659
1582887,15,1748659
1584099,11,1748659
1585312,7,1748659
1586525,-1,1748659
1587738,3,1748659
1588950,-5,1748659
1590163,-2,1759143
1591376,5,1759143
1592589,11,1759143
1593801,9,1759143
1595014,5,1759143
1596226,2,1759143
1597439,0,1759143
1598652,2,1759143
1607141,2,1759143
1608354,4,1759143
1609566,7,1759143
1610778,8,1750766
1611991,7,1750766
1613204,7,1750766
1614416,4,1750766
1615629,6,1750766
1616842,3,1750766
1618054,2,1750766
1619267,3,1750766
1620481,5,1750766
1621692,12,1750766
1622906,15,1750608
1624118,28,1763408
1625330,26,1763408
1626544,19,1763408
1627756,0,1763408
1628969,-15,1763408
1630182,-26,1763408
1631394,-24,1763408
1632607,-10,1763408
1633819,8,1763376
1635032,25,1754928
1636246,28,1754928
1637458,19,1754928
1638670,-1,1754928
1639883,-9,1754928
1641095,-14,1754928
1642308,-13,1754928
1643520,-3,1754928
1644733,16,1754928
1645946,22,1754928
1647158,24,1754928
1648371,18,1754928
1649583,4,1754928
1650796,-9,1754928
1652010,-13,1754928
1653222,-9,1754928
1654434,7,1760119
1655648,14,1760119
1656860,17,1760119
1658073,21,1760119
1659286,15,1760119
1660498,4,1760119
1661711,-8,1760119
1662923,-9,1760119
1664135,0,1760119
1665348,8,1760119
1666561,17,1750766
1667774,13,1750766
1668987,13,1750766
1670199,6,1750766
1671411,0,1750766
1672625,0,1750766
1673837,1,1750766
1675050,7,1750766
1676263,11,1750766
1677475,13,1750766
1678688,11,1750766
1679901,9,1750766
1681114,3,1750766
1682326,1,1750766
1683539,8,1750766
1690815,4,1750766
1692028,1,1750766
1693240,1,1750766
1694453,2,1750766
1695666,7,1750766
1696879,14,1750766
1698091,13,1750766
1699304,9,1755956
1700517,0,1755956
1701730,4,1755956
1702942,3,1755956
1704155,7,1755956
1705369,11,1755956
1706581,13,1755956
1707794,10,1755956
1709006,6,1755956
1710219,2,1753233
1711431,4,1753233
1712645,3,1753233
1713857,13,1753233
1715070,13,1753233
1716283,14,1753233
1717496,15,1753233
1718708,12,1753233
1719920,6,1753233
1721134,2,1766029
1722346,-2,1766029
1723559,0,1766029
1724772,2,1766029
1725984,10,1766029
1727197,9,1766029
1728410,12,1766029
1729622,9,1766029
1730835,5,1766029
1732047,6,1763614
1733260,6,1763614
1734474,14,1763614
1735685,27,1763614
1736899,27,1763614
1738111,17,1763614
1739323,4,1763614
1740537,-19,1763614
1741749,-25,1763614
1742962,-13,1769164
1744175,2,1769164
1745387,13,1769164
1746599,14,1769164
1747812,11,1769164
1749025,5,1769164
1750238,-1,1769164
1751450,-1,1769164
1752663,3,1769164
1753875,12,1765104
1755088,15,1761198
1756301,19,1761198
1757514,15,1761198
1758726,8,1761198
1759939,-2,1761198
1761152,-3,1761198
1762364,0,1761198
1763578,0,1761198
1764790,3,1761198
1766003,7,1768907
1767215,4,1768907
1775704,21,1768907
1776917,15,1762483
1778130,13,1762483
1779343,11,1762483
1780555,5,1762483
1781768,-3,1762483
1782981,-5,1762483
1784193,-5,1762483
1785405,1,1762483
1786618,5,1762483
1787831,11,1766543
1789043,14,1766543
1790256,7,1766543
1791468,3,1766543
1792682,-2,1766543
1793894,-4,1766543
1795106,-4,1766543
1796319,2,1766543
1797532,8,1766543
1798745,14,1756368
1799958,16,1756368
1801171,11,1756368
1802382,6,1756368
1803595,1,1756368
1804809,-6,1756368
1806022,0,1756368
1807233,1,1756368
1808446,2,1756368
1809659,7,1756242
1810872,6,1763922
1812085,5,1763922
1813297,2,1763922
1814510,4,1763922
1815723,6,1763922
1816935,8,1763922
1818147,8,1763922
1819360,10,1763922
1820573,12,1763965
1821786,14,1761661
1822998,22,1761661
1824211,22,1761661
1825424,27,1761661
1826636,7,1761661
1827849,-10,1761661
1829062,-23,1761661
1830275,-22,1761661
1831487,-17,1761661
1832700,3,1761661
1833912,21,1761661
1835126,28,1761661
1836338,24,1761661
1837551,8,1761661
1838763,-5,1761661
1839977,-12,1761661
1841190,-12,1761661
1842402,-9,1761661
1843615,3,1761661
1844828,18,1761661
1846041,21,1761661
1847253,21,1761661
1848465,12,1761661
1849679,3,1761661
1850891,-4,1761661
1852103,14,1761661
1859380,15,1761661
1860593,7,1761661
1861805,2,1761661
1863018,3,1761661
1864231,3,1702150
1865443,4,1702150
1866657,15,1702150
1867869,18,1702150
1869082,13,1702150
1870295,8,1702150
1871507,4,1702150
1872720,1,1702150
1873932,1,1702150
1875145,5,1693362
1876358,4,1693362
1877570,10,1693362
1878783,10,1693362
1879996,11,1693362
1881209,9,1693362
1882422,7,1693362
1883634,4,1693362
1884847,2,1693362
1886060,7,1684625
1887272,4,1684625
1888485,11,1684625
1889698,11,1684625
1890911,6,1684625
1892123,5,1684625
1893336,6,1684625
1894549,2,1684625
1895762,3,1684625
1896975,2,1687966
1898187,5,1687966
1899399,7,1687966
1900612,10,1687966
1901825,9,1687966
1903038,10,1687966
1904251,6,1687966
1905463,3,1687966
1906676,3,1687966
1907888,6,1685859
1909102,5,1685859
1910314,9,1685859
1911527,10,1685859
1912740,13,1685859
1913952,8,1685859
1915165,5,1685859
1916378,6,1685859
1917590,6,1685859
1918803,6,1674655
1920015,6,1674655
1921229,8,1674655
1922441,7,1674655
1923654,8,1674655
1924866,6,1674655
1926079,4,1674655
1927291,3,1674655
1928505,4,1674655
1929717,9,1687452
1930930,5,1687452
1932142,8,1687452
1933355,6,1687452
1934568,6,1687452
1935780,4,1687452
1943176,5,1687452
1944269,11,1687452
1945482,9,1687452
1946694,9,1687452
1947907,9,1687452
1949120,8,1687452
1950333,8,1687452
1951545,6,1684420
1952758,4,1692591
1953971,4,1692591
1955183,3,1692591
1956397,3,1692591
1957609,4,1692591
1958821,6,1692591
1960035,9,1692591
1961247,6,1692591
1962459,4,1692591
1963673,4,1690535
1964885,4,1690535
1966098,2,1690535
1967310,3,1690535
1968524,3,1690535
1969736,5,1690535
1970948,5,1690535
1972162,4,1690535
1973374,6,1690535
1974587,6,1643603
1975800,3,1709139
1977012,3,1709139
1978224,2,1709139
1979437,6,1709139
1980650,3,1709139
1981863,6,1709139
1983075,5,1709139
1984288,4,1709139
1985501,2,1761673
1986713,3,1696137
1987927,2,1696137
1989139,7,1696137
1990352,4,1696137
1991564,6,1696137
1992777,5,1696137
1993989,6,1696137
1995202,3,1696137
1996415,-1,1654087
1997627,2,1719623
1998840,5,1719623
2000053,10,1719623
2001266,14,1719623
2002478,7,1719623
2003691,3,1719623
2004903,3,1719623
2006116,1,1719623
2007329,1,1719646
2008542,7,1711966
2009754,5,1711966
2010967,4,1711966
2012179,4,1711966
2013393,1,1711966
2014605,-1,1711966
2015817,4,1711966
2017030,7,1711966
2018243,8,1712051
2019455,12,1721267
2027944,5,1721267
2029157,11,1721267
2030369,10,1721267
2031582,6,1721267
2032794,0,1721267
2034007,0,1721267
2035219,0,1721267
2036432,6,1721267
2037645,14,1721267
2038858,16,1717516
2040070,12,1717516
2041283,11,1717516
2042495,9,1717516
2043708,5,1717516
2044921,1,1717516
2046133,3,1717516
2047347,1,1717516
2048559,2,1717516
2049772,7,1717516
2050984,10,1724813
2052197,13,1724813
2053410,9,1724813
2054622,3,1724813
2055836,4,1724813
2057048,1,1724813
2058260,3,1724813
2059473,3,1724813
2060686,10,1724813
2061899,13,1721884
2063111,11,1721884
2064324,10,1721884
2065536,10,1721884
2066749,5,1721884
2067962,2,1721884
2069174,1,1721884
2070387,2,1721884
2071600,7,1721884
2072813,6,1722655
2074026,9,1722655
2075238,13,1722655
2076451,9,1722655
2077663,6,1722655
2078876,0,1722655
2080089,2,1722655
2081302,5,1722655
2082515,5,1722655
2083727,13,1727023
2084939,5,1727023
2086152,6,1727023
2087365,8,1727023
2088578,8,1727023
2089791,2,1727023
2091003,4,1727023
2092215,3,1727023
2093428,6,1727023
2094641,7,1721165
2095854,8,1721165
2097067,13,1721165
2098279,9,1721165
2099492,7,1721165
2100704,5,1721165
2101918,2,1721165
2103130,1,1721165
2104342,6,1721165
2111619,2,1721165
2112832,3,1721165
2114045,9,1721165
2115257,5,1721165
2116469,5,1724351
2117682,5,1724351
2118895,8,1724351
2120107,4,1724351
2121320,8,1724351
2122533,3,1724351
2123746,3,1724351
2124958,4,1724351
2126171,7,1724351
2127384,10,1729181
2128596,5,1729181
2129810,6,1729181
2131022,7,1729181
2132234,3,1729181
2133447,5,1729181
2134659,4,1729181
2135872,5,1729181
2137085,10,1729181
2138298,14,1724094
2139511,17,1737250
2140723,17,1737250
2141937,6,1737250
2143148,-3,1737250
2144361,-11,1737250
2145575,-11,1737250
2146787,-6,1737250
2147999,7,1737250
2149212,16,1737250
2150424,15,1740333
2151637,9,1740333
2152850,3,1740333
2154063,0,1740333
2155275,-3,1740333
2156489,-5,1740333
2157701,3,1740333
2158914,10,1740333
2160126,15,1740333
2161339,14,1728257
2162551,9,1728257
2163764,-3,1728257
2164977,-5,1728257
2166189,-3,1728257
2167402,2,1728257
2168615,7,1728257
2169828,10,1728257
2171040,14,1728257
2172253,11,1741258
2173466,4,1741258
2174679,-1,1741258
2175892,-4,1741258
2177105,0,1741258
2178317,-1,1741258
2179530,8,1741258
2180743,10,1741258
2181955,10,1741258
2183168,6,1728411
2184380,4,1728411
2185594,1,1728411
2186806,-2,1728411
2188018,7,1728411
2195295,2,1728411
2196507,4,1728411
2197720,7,1728411
2198933,5,1728411
2200146,6,1728411
2201359,7,1728411
2202571,4,1728411
2203784,9,1735400
2204996,5,1735420
2206210,4,1726972
2207422,6,1726972
2208635,4,1726972
2209847,3,1726972
2211061,1,1726972
2212274,4,1726972
2213487,4,1726972
2214698,7,1726972
2215911,5,1726806
2217125,6,1726806
2218337,9,1726806
2219550,8,1726806
2220763,4,1726806
2221975,6,1726806
2223188,6,1726806
2224401,8,1726806
2225613,6,1737558
2226826,4,1737558
2228039,7,1737558
2229252,4,1737558
2230464,6,1737558
2231677,6,1737558
2232890,8,1737558
2234102,5,1737558
2235315,7,1737558
2236528,4,1737558
2237740,8,1725122
2238954,2,1725122
2240166,4,1725122
2241379,4,1725122
2242591,6,1725122
2243804,6,1725122
2245017,5,1725122
2246230,6,1725122
2247443,6,1725122
2248655,6,1731288
2249867,2,1731288
2251080,3,1731288
2252294,2,1731288
2253506,7,1731288
2254718,11,1731288
2255931,6,1731288
2257144,6,1731288
2258356,4,1731288
2259569,7,1719828
2260782,4,1719828
2261995,8,1719828
2263207,11,1719828
2264420,7,1719828
2265633,8,1719828
2266845,9,1719828
2268058,5,1719828
2269270,5,1719828
2270484,4,1727588
2271696,3,1727588
2280185,3,1727588
2281398,6,1723786
2282611,7,1723786
2283823,12,1723786
2285036,11,1723786
2286249,8,1723786
2287462,5,1723786
2288674,5,1723786
2289887,5,1723786
2291099,3,1723786
2292313,8,1726355
2293525,3,1726355
2294738,10,1726355
2295950,9,1726355
2297163,7,1726355
2298376,5,1726355
2299588,6,1726355
2300802,4,1726355
2302013,6,1726355
2303226,7,1725276
2304439,8,1725276
2305652,12,1725276
2306864,6,1725276
2308078,3,1725276
2309290,3,1725276
2310503,6,1725276
2311716,8,1725276
2312928,7,1725276
2314141,4,1727280
2315354,5,1727280
2316566,7,1727280
2317779,3,1727280
2318993,8,1727280
2320205,7,1727280
2321418,8,1727280
2322630,8,1727280
2323843,9,1727280
2325056,4,1729438
2326270,0,1729438
2327482,2,1729438
2328695,6,1729438
2329907,6,1729438
2331119,6,1729438
2332332,9,1729438
2333545,11,1729438
2334758,9,1729438
2335971,7,1728102
2337183,3,1735760
2338397,1,1735760
2339610,4,1735760
2340821,6,1735760
2342034,8,1735760
2343247,7,1735760
2344460,1,1735760
2345673,5,1735760
2346886,9,1735760
2348098,5,1735554
2349311,4,1735554
2350524,6,1735554
2351737,8,1735554
2352948,4,1735554
2354162,3,1735554
2355374,2,1735554
2356587,4,1735554
2365075,0,1735554
2366289,4,1735554
2367501,7,1735554
2368714,10,1738278
2369926,6,1746552
2371139,6,1746552
2372352,5,1746552
2373564,4,1746552
2374777,3,1746552
2375990,4,1746552
2377202,6,1746552
2378416,5,1746552
2379629,3,1746552
2380841,5,1738380
2382054,4,1738380
2383267,7,1738380
2384479,3,1738380
2385692,5,1738380
2386905,7,1738380
2388118,8,1738380
2389330,13,1738380
2390543,15,1738380
2391755,4,1738390
2392969,-3,1754774
2394181,-8,1754774
2395395,-10,1754774
2396607,-4,1754774
2397820,3,1754774
2399032,15,1754774
2400245,20,1754774
2401457,15,1754774
2402671,6,1754814
2403884,-4,1737918
2405096,-9,1737918
2406308,-7,1737918
2407521,-3,1737918
2408734,12,1737918
2409947,13,1737918
2411159,13,1737918
2412372,11,1737918
2413585,5,1737918
2414797,-2,1737918
2416010,1,1737918
2417222,-4,1737918
2418436,2,1737918
2419648,4,1737918
2420861,6,1737918
2422074,9,1737918
2423286,8,1741978
2424499,5,1741978
2425712,3,1741978
2426925,5,1741978
2428138,3,1741978
2429350,6,1741978
2430562,7,1741978
2431775,8,1741978
2432988,11,1741978
2434201,6,1741978
2435413,3,1715049
2436626,0,1715049
2437839,5,1715049
2439051,3,1715049
2440265,9,1715049
2441477,7,1715049
2448753,4,1715049
2449965,5,1715049
2451178,3,1715049
2452391,7,1715049
2453603,11,1715049
2454817,11,1715049
2456030,11,1715049
2457242,4,1695777
2458455,3,1695777
2459668,2,1695777
2460880,3,1695777
2462092,5,1695777
2463306,9,1695777
2464519,11,1695777
2465731,13,1695777
2466943,9,1695777
2468157,5,1698604
2469369,2,1698604
2470582,4,1698604
2471794,5,1698604
2473007,6,1698604
2474220,9,1698604
2475433,11,1698604
2476645,11,1698604
2477858,8,1698604
2479070,3,1685036
2480283,1,1685036
2481495,3,1685036
2482709,5,1685036
2483921,5,1685036
2485134,6,1685036
2486347,10,1685036
2487559,9,1685036
2488772,3,1685036
2489984,3,1679794
2491198,2,1679794
2492410,5,1679794
2493622,8,1679794
2494835,9,1679794
2496048,8,1679794
2497260,9,1679794
2498473,4,1679794
2499686,3,1679794
2500899,2,1577372
2502111,3,1577372
2503324,6,1577372
2504537,7,1577372
2505750,8,1577372
2506963,11,1577372
2508175,7,1577372
2509388,6,1577372
2510601,7,1577372
2511814,4,1614990
2513026,4,1614990
2514239,6,1614990
2515452,7,1614990
2516664,7,1614990
2517876,7,1614990
2519090,5,1614990
2520302,5,1614990
2521514,5,1614990
2522727,5,1569920
2523941,5,1569920
2525152,7,1569920
2532429,10,1569920
2533641,7,1551059
2534854,3,1483943
2536067,3,1483943
2537280,4,1483943
2538493,3,1483943
2539705,4,1483943
2540918,6,1483943
2542130,3,1483943
2543343,4,1483943
2544555,3,1483943
2545769,3,1471968
2546982,5,1471968
2548194,4,1471968
2549406,6,1471968
2550619,4,1471968
2551833,4,1471968
2553045,8,1471968
2554257,3,1471968
2555470,4,1471968
2556683,3,1468679
2557895,3,1468679
2559108,3,1468679
2560320,6,1468679
2561533,4,1468679
2562746,7,1468679
2563959,3,1468679
2565171,3,1468679
2566384,4,1468679
2567597,4,1485022
2568809,4,1485022
2570022,4,1485022
2571235,10,1485022
2572447,4,1485022
2573661,4,1485022
2574872,4,1485022
2576086,2,1485022
2577298,-2,1485022
2578511,9,1485022
2579723,7,1485022
2580937,4,1485022
2582148,6,1485022
2583361,2,1485022
2584575,2,1485022
2585787,4,1485022
2586999,3,1485022
2588212,7,1485022
2589425,5,1484914
2590638,5,1676146
2591850,4,1676146
2593063,5,1676146
2594275,3,1676146
2595489,0,1676146
2596700,4,1676146
2597914,5,1676146
2599126,6,1676146
2600339,6,1676134
2601551,6,1686630
2602764,5,1686630
2603976,2,1686630
2605189,2,1686630
2606402,4,1686630
2607615,4,1686630
2608827,4,1686630
2616176,9,1686630
2617316,6,1686630
2618529,7,1686630
2619741,8,1686630
2620954,6,1674604
2622166,3,1674604
2623379,5,1674604
2624592,8,1674604
2625804,5,1674604
2627018,5,1674604
2628230,4,1674604
2629443,7,1674604
2630655,5,1674604
2631868,5,1674604
2633080,6,1680617
2634293,3,1680617
2635506,7,1680617
2636719,6,1680617
2637932,4,1680617
2639144,6,1680617
2640357,7,1680617
2641570,10,1680617
2642783,6,1680617
2643995,7,1680514
2645209,5,1680514
2646421,7,1680514
2647633,7,1680514
2648847,8,1680514
2650059,11,1680514
2651272,10,1680514
2652485,7,1680514
2653697,6,1680514
2654911,3,1693105
2656123,3,1693105
2657336,3,1693105
2658549,7,1693105
2659761,4,1693105
2660974,7,1693105
2662187,5,1693105
2663400,9,1693105
2664613,10,1693105
2665826,9,1685499
2667038,7,1685499
2668251,5,1685499
2669464,4,1685499
2670676,3,1685499
2671889,5,1685499
2673102,3,1685499
2674315,6,1685499
2675528,7,1685499
2676740,12,1696034
2677953,6,1696034
2679166,6,1696034
2680379,5,1696034
2681592,4,1696034
2682804,4,1696034
2684017,4,1696034
2685230,5,1696034
2686442,6,1696034
2687656,17,1692540
2688869,11,1692540
2690082,10,1692540
2691295,3,1692540
2692507,11,1699066
2699784,4,1699066
2700997,6,1699066
2702209,3,1699066
2703422,0,1699066
2704635,3,1699066
2705849,6,1699066
2707061,7,1699066
2708274,14,1699066
2709486,11,1701944
2710700,11,1701944
2711912,9,1701944
2713124,2,1701944
2714338,-1,1701944
2715550,-1,1701944
2716763,2,1701944
2717976,8,1701944
2719189,13,1701944
2720402,14,1699529
2721614,7,1710270
2722826,1,1710270
2724039,4,1710270
2725252,4,1710270
2726466,1,1710270
2727678,4,1710270
2728890,3,1710270
2730103,8,1710270
2731316,11,1710270
2732529,6,1699734
2733742,2,1699734
2734955,1,1699734
2736167,1,1699734
2737381,1,1699734
2738593,5,1699734
2739806,6,1699734
2741018,8,1699734
2742232,11,1699734
2743444,5,1712788
2744657,0,1712788
2745869,1,1712788
2747082,-6,1712788
2748295,3,1712788
2749508,5,1712788
2750720,11,1712788
2751934,10,1712788
2753146,7,1712788
2754359,3,1715717
2755572,-3,1715717
2756784,-5,1715717
2757997,-1,1715717
2759211,5,1715717
2760423,10,1715717
2761635,11,1715717
2762849,8,1715717
2764062,8,1715717
2765274,-1,1712171
2766487,-4,1712171
2767699,0,1712171
2768913,3,1712171
2770126,8,1712171
2771338,12,1712171
2772550,7,1712171
2773763,6,1712171
2774976,0,1712171
2776189,10,1712171
2784677,14,1712171
2785890,3,1726561
2787103,-3,1726717
2788315,-1,1713661
2789529,2,1713661
2790742,11,1713661
2791954,10,1713661
2793166,9,1713661
2794379,6,1713661
2795592,3,1713661
2796804,-2,1713661
2798018,0,1713547
2799230,5,1713547
2800443,3,1713547
2801656,8,1713547
2802868,8,1713547
2804081,9,1713547
2805294,12,1713547
2806506,7,1713547
2807719,2,1724299
2808932,2,1724299
2810144,3,1724299
2811358,5,1724299
2812570,13,1724299
2813783,7,1724299
2814995,7,1724299
2816208,4,1724299
2817421,2,1724299
2818634,2,1724299
2819847,2,1709910
2821059,-2,1709910
2822272,2,1709910
2823485,6,1709910
2824697,5,1709910
2825911,4,1709910
2827123,3,1709910
2828336,2,1709910
2829549,1,1709910
2830761,6,1725070
2831974,4,1725070
2833187,7,1725070
2834400,8,1725070
2835613,9,1725070
2836825,8,1725070
2838039,12,1725070
2839251,12,1725070
2840464,16,1725070
2841677,25,1723066
2842890,35,1723066
2844102,36,1723066
2845315,32,1723066
2846528,11,1723066
2847740,-8,1723066
2848953,-27,1723066
2850166,-22,1723066
2851378,-10,1723066
2852592,8,1746860
2853804,19,1746860
2855017,31,1746860
2856229,24,1746860
2857442,8,1746860
2858655,-7,1746860
2859868,-18,1746860
2861080,25,1746860
2868357,9,1746860
2869570,-6,1746860
2870783,-17,1746860
2871996,-11,1746860
2873208,4,1746860
2874421,19,1754312
2875634,33,1754312
2876847,33,1754312
2878059,19,1754312
2879272,6,1754312
2880485,-9,1754312
2881698,-20,1754312
2882910,-15,1754312
2884123,0,1754312
2885337,8,1769061
2886549,11,1769061
2887762,24,1769061
2888975,23,1769061
2890187,8,1769061
2891401,3,1769061
2892613,3,1769061
2893826,-2,1769061
2895038,0,1769061
2896251,-2,1757498
2897464,-2,1757498
2898678,11,1757498
2899890,21,1757498
2901103,20,1757498
2902315,8,1757498
2903529,13,1757498
2904741,-7,1757498
2905954,-13,1757498
2907167,4,1767005
2908380,9,1767005
2909593,16,1767005
2910805,19,1767005
2912018,15,1767005
2913231,4,1767005
2914443,0,1767005
2915656,-1,1767005
2916869,1,1767005
2918082,2,1758217
2919295,6,1764282
2920508,5,1764282
2921720,5,1764282
2922933,4,1764282
2924146,-1,1764282
2925359,-5,1764282
2926571,1,1764282
2927784,5,1764282
2928997,7,1764282
2930209,7,1772556
2931422,8,1772556
2932635,5,1772556
2933847,3,1772556
2935060,19,1772556
2936273,67,1772556
2937486,34,1772556
2938699,-20,1772556
2939912,-59,1772556
2941125,-64,1772556
2942337,-40,1772556
2943550,16,1772556
2944763,-43,1772777
2952176,-40,1776873
2953252,-28,1776873
2954465,30,1776873
2955678,61,1776873
2956890,50,1776873
2958103,28,1776873
2959316,2,1776873
2960529,-27,1776873
2961741,-18,1776873
2962954,-14,1781652
2964167,9,1781652
2965379,28,1781652
2966592,62,1781652
2967805,50,1781652
2969018,39,1781652
2970230,-50,1781652
2971443,-88,1781652
2972656,-80,1781652
2973869,-36,1781524
2975082,33,1788436
2976294,88,1788436
2977507,103,1788436
2978720,63,1788436
2979932,8,1788436
2981145,-57,1788436
2982357,-88,1788436
2983571,-78,1788436
2984784,-22,1788638
2985995,45,1787870
2987208,92,1787870
2988421,94,1787870
2989634,55,1787870
2990847,-12,1787870
2992059,-36,1787870
2993272,12,1787870
2994485,32,1787870
2995697,42,1787870
2996911,25,1787870
2998123,-22,1787870
2999335,-24,1787870
3000549,-30,1787870
3001761,-25,1787870
3002974,-21,1787870
3004187,12,1787870
3005400,31,1792239
3006612,16,1792239
3007825,12,1792239
3009037,54,1792239
3010250,26,1792239
3011462,-36,1792239
3012676,-50,1792239
3013888,-64,1792239
3015102,-30,1792239
3016313,25,1792239
3017526,67,1790029
3018739,75,1790029
3019951,62,1790029
3021164,8,1790029
3022377,-71,1790029
3023590,-83,1790029
3024803,-51,1790029
3026015,-10,1790029
3027228,38,1790029
3028441,-67,1790029
3035717,-20,1790029
3036930,31,1790029
3038143,74,1790029
3039355,96,1766543
3040568,71,1766543
3041780,9,1766543
3042993,-55,1766543
3044206,-80,1766543
3045418,-69,1766543
3046631,-13,1766543
3047844,47,1766543
3049057,111,1766543
3050270,132,1785198
3051482,140,1785198
3052695,55,1785198
3053908,-39,1785198
3055120,-146,1785198
3056333,-142,1785198
3057546,-106,1785198
3058758,-39,1785198
3059972,47,1785198
3061184,80,1789309
3062397,110,1789309
3063609,110,1789309
3064822,58,1789309
3066035,-41,1789309
3067248,-121,1789309
3068461,-154,1789309
3069674,-118,1789309
3070886,0,1789309
3072099,85,1756162
3073312,134,1756162
3074525,163,1756162
3075737,86,1756162
3076950,4,1756162
3078163,-88,1756162
3079375,-130,1756162
3080588,-123,1756162
3081801,-50,1756162
3083014,46,1738380
3084227,113,1738380
3085440,149,1738380
3086652,80,1738380
3087865,-18,1738380
3089078,-98,1738380
3090291,-118,1738380
3091503,-77,1738380
3092716,3,1738380
3093928,67,1760273
3095142,107,1760273
3096354,152,1760273
3097567,202,1760273
3098780,205,1760273
3099992,33,1760273
3101205,-125,1760273
3102419,-209,1760273
3103631,-249,1760273
3104844,-166,1779699
3106056,-10,1779699
3107270,104,1779699
3108482,154,1779699
3109695,190,1779699
3110907,196,1779699
3112120,51,1779699
3119397,155,1779699
3120609,216,1779699
3121822,209,1779699
3123035,111,1779699
3124247,-46,1779699
3125461,-158,1779699
3126673,-200,1721113
3127886,-163,1717567
3129098,-38,1717567
3130312,94,1717567
3131524,170,1717567
3132736,180,1717567
3133949,111,1717567
3135162,-33,1717567
3136375,-156,1717567
3137588,-194,1717567
3138801,-106,1748710
3140013,19,1748710
3141225,106,1748710
3142438,161,1748710
3143651,139,1748710
3144864,111,1748710
3146076,-28,1748710
3147289,-145,1748710
3148502,-195,1748710
3149714,-106,1710360
3150927,44,1775896
3152140,115,1775896
3153352,103,1775896
3154566,77,1775896
3155778,16,1775896
3156991,-23,1775896
3158204,-48,1775896
3159416,-55,1775896
3160629,-41,1784170
3161842,7,1784170
3163054,43,1784170
3164267,58,1784170
3165480,127,1784170
3166692,198,1784170
3167906,99,1784170
3169119,18,1784170
3170332,-150,1784170
3171544,-270,1784128
3172757,-181,1800256
3173970,1,1800256
3175183,98,1800256
3176396,155,1800256
3177608,220,1800256
3178821,155,1800256
3180034,43,1800256
3181247,-8,1800256
3182459,-165,1800207
3183672,-222,1773327
3184885,-200,1773327
3186098,-68,1773327
3187311,38,1773327
3188524,162,1773327
3189736,211,1773327
3190949,160,1773327
3192162,43,1773327
3193375,-90,1773327
3194587,-192,1773327
3195800,189,1773327
3203176,90,1749944
3204290,-51,1749944
3205503,-158,1749944
3206715,-170,1749944
3207928,-103,1749944
3209142,7,1749944
3210354,101,1749944
3211567,154,1749944
3212780,116,1749944
3213992,37,1749944
3215205,-70,1754517
3216418,-118,1754517
3217630,-94,1754517
3218844,-29,1754517
3220057,49,1754517
3221270,98,1754517
3222482,106,1754517
3223694,61,1754517
3224907,2,1754517
3226121,-55,1757498
3227333,-71,1757498
3228545,-50,1757498
3229758,7,1757498
3230971,52,1757498
3232184,64,1757498
3233397,58,1757498
3234610,34,1757498
3235823,7,1757498
3237035,5,1785198
3238249,6,1785198
3239461,3,1785198
3240674,2,1785198
3241886,21,1785198
3243099,5,1785198
3244311,-11,1785198
3245525,-13,1785198
3246737,27,1785198
3247950,37,1803288
3249163,82,1803288
3250375,58,1803288
3251588,-35,1803288
3252801,-100,1803288
3254014,-109,1803288
3255227,-110,1803288
3256440,-50,1803288
3257652,32,1803288
3258864,92,1807399
3260078,152,1807399
3261290,203,1807399
3262503,86,1807399
3263715,-23,1807399
3264928,-182,1807399
3266141,-229,1807399
3267354,-198,1807399
3268567,-35,1807399
3269779,110,1766440
3270992,175,1766440
3272204,175,1766440
3273417,102,1766440
3274629,-18,1766440
3275842,-113,1766440
3277055,-143,1766440
3278268,-101,1766440
3279480,35,1766440
3286756,83,1766440
3287969,38,1766440
3289181,-16,1766440
3290394,-102,1766440
3291606,-118,1774303
3292819,-119,1774303
3294031,-73,1774303
3295244,4,1774303
3296457,68,1774303
3297670,109,1774303
3298882,110,1774303
3300095,45,1774303
3301307,-13,1774303
3302520,-76,1758269
3303733,-99,1749892
3304946,-79,1749892
3306158,-21,1749892
3307371,59,1749892
3308584,91,1749892
3309797,93,1749892
3311009,63,1749892
3312223,-3,1749892
3313435,-48,1749892
3314648,-80,1748145
3315860,-67,1748145
3317074,-35,1748145
3318286,14,1748145
3319499,57,1748145
3320711,75,1748145
3321924,54,1748145
3323136,11,1748145
3324349,-32,1748145
3325563,-59,1734372
3326776,-52,1734372
3327988,-16,1734372
3329200,22,1734372
3330413,60,1734372
3331626,61,1734372
3332838,26,1734372
3334051,-19,1734372
3335265,-47,1734372
3336477,-33,1753489
3337689,-10,1753489
3338903,16,1753489
3340115,38,1753489
3341328,32,1753489
3342540,22,1753489
3343753,-15,1753489
3344966,-20,1753489
3346178,-23,1753489
3347392,-20,1705632
3348604,-5,1771168
3349816,5,1771168
3351030,25,1771168
3352242,28,1771168
3353455,13,1771168
3354668,-1,1771168
3355881,-5,1771168
3357092,-7,1771168
3358305,2,1771035
3359519,10,1776667
3360731,27,1776667
3361944,17,1776667
3363156,27,1776667
3371644,12,1776667
3372857,-7,1776667
3374070,-25,1776667
3375283,-22,1776667
3376495,-18,1776667
3377708,3,1776667
3378921,18,1787613
3380134,37,1787588
3381346,48,1794500
3382559,46,1794500
3383771,74,1794500
3384985,94,1794500
3386197,59,1794500
3387410,19,1794500
3388623,-108,1794500
3389835,-175,1794500
3391047,-174,1794500
3392260,-99,1794500
3393473,21,1794500
3394685,115,1794500
3395899,160,1794500
3397111,131,1794500
3398323,48,1794500
3399537,-44,1794500
3400749,-114,1777746
3401962,-154,1777746
3403174,-95,1777746
3404387,3,1777746
3405600,90,1777746
3406813,152,1777746
3408026,150,1777746
3409238,86,1777746
3410451,23,1777746
3411663,-25,1777746
3412876,-28,1754620
3414088,-25,1754620
3415301,-40,1754620
3416514,-56,1754620
3417726,-39,1754620
3418939,-9,1754620
3420152,14,1754620
3421365,35,1754620
3422577,42,1754620
3423790,33,1776770
3425003,13,1776770
3426215,-10,1776770
3427428,-24,1776770
3428641,-31,1776770
3429854,-10,1776770
3431066,2,1776770
3432279,18,1776770
3433491,29,1776770
3434704,27,1768958
3435916,7,1768958
3437130,11,1768958
3438342,6,1768958
3439554,6,1768958
3440767,9,1768958
3441980,13,1768958
3443193,13,1768958
3444406,3,1768958
3445618,-3,1779493
3446831,-10,1779493
3448043,16,1779493
3455318,-9,1779493
3456531,-40,1786071
3457744,-46,1786071
3458956,-37,1786071
3460169,-1,1786071
3461382,27,1786071
3462594,59,1786071
3463807,55,1786071
3465020,27,1786071
3466233,-6,1786071
3467445,-38,1786637
3468658,-46,1786637
3469871,-23,1786637
3471083,-1,1786637
3472296,28,1786637
3473509,54,1786637
3474721,81,1786637
3475934,89,1786637
3477147,6,1786637
3478359,-43,1795990
3479572,-75,1795990
3480785,-61,1795990
3481997,-18,1795990
3483210,36,1795990
3484422,68,1795990
3485636,76,1795990
3486848,49,1795990
3488060,53,1795990
3489273,124,1799228
3490486,-17,1799228
3491699,-115,1799228
3492911,-142,1799228
3494123,-113,1799228
3495337,-17,1799228
3496549,94,1799228
3497762,113,1799228
3498974,100,1799228
3500187,80,1799844
3501401,-27,1774252
3502613,-96,1774252
3503825,-135,1774252
3505038,-96,1774252
3506250,-36,1774252
3507463,56,1774252
3508677,137,1774252
3509889,132,1774252
3511102,65,1774252
3512315,-15,1785301
3513527,-104,1785301
3514740,-139,1785301
3515952,-86,1785301
3517165,11,1785301
3518377,63,1785301
3519590,107,1785301
3520803,102,1785301
3522015,50,1785301
3523228,-12,1785301
3524441,68,1785301
3525653,96,1785301
3526866,20,1785301
3528079,-77,1785301
3529293,-141,1785301
3530504,-170,1785301
3531717,-44,1785301
3540206,-107,1785301
3541419,-123,1785301
3542632,-87,1785301
3543845,39,1782782
3545057,106,1816610
3546269,129,1751074
3547482,68,1751074
3548695,-12,1751074
3549908,-66,1751074
3551120,-113,1751074
3552333,-90,1751074
3553546,-37,1751074
3554759,29,1751074
3555971,68,1751279
3557183,75,1751023
3558396,21,1751023
3559609,-49,1751023
3560821,-51,1751023
3562035,-20,1751023
3563247,40,1751023
3564460,67,1751023
3565673,72,1751023
3566885,11,1750818
3568098,-43,1778466
3569311,-58,1778466
3570524,-45,1778466
3571736,6,1778466
3572949,37,1778466
3574162,69,1778466
3575374,80,1778466
3576586,107,1778466
3577800,27,1778466
3579012,-62,1778466
3580225,-116,1778466
3581438,-129,1778466
3582650,-65,1778466
3583863,25,1778466
3585075,89,1778466
3586288,121,1778466
3587501,93,1797018
3588714,39,1797018
3589927,-31,1797018
3591139,-76,1797018
3592352,-92,1797018
3593565,-62,1797018
3594777,2,1797018
3595991,73,1797018
3597203,135,1797018
3598416,94,1797018
3599628,39,1788795
3600841,-33,1788795
3602054,-56,1788795
3603267,1,1788795
3604479,31,1788795
3605691,28,1788795
3606904,-60,1788795
3608117,-46,1788795
3609330,-61,1788795
3610542,-17,1788641
3611755,3,1788641
3612967,32,1788641
3614180,14,1788641
3615393,-2,1788641
3616605,41,1788641
3625094,44,1788641
3626307,60,1788641
3627520,158,1788641
3628732,117,1788641
3629946,15,1788641
3631158,-79,1788641
3632370,-121,1799588
3633583,-126,1799588
3634795,-85,1799588
3636009,-24,1799588
3637222,42,1799588
3638433,126,1799588
3639647,144,1799588
3640859,90,1799588
3642071,-8,1799588
3643285,-89,1805549
3644497,-148,1805549
3645710,-110,1805549
3646922,-45,1805549
3648135,33,1805549
3649347,102,1805549
3650560,121,1805549
3651772,90,1805549
3652985,-8,1805549
3654198,-28,1703743
3655410,-40,1703743
3656623,-60,1703743
3657836,-45,1703743
3659049,-35,1703743
3660261,-8,1703743
3661473,14,1703743
3662687,51,1703743
3663899,54,1703743
3665111,22,1705850
3666324,-7,1705850
3667537,-27,1705850
3668749,-26,1705850
3669962,-3,1705850
3671175,8,1705850
3672387,19,1705850
3673600,29,1705850
3674812,41,1705850
3676025,31,1754620
3677237,10,1754620
3678450,-7,1754620
3679662,-7,1754620
3680875,-3,1754620
3682088,18,1754620
3683302,41,1754620
3684513,50,1754620
3685726,105,1754620
3686939,113,1797686
3688151,45,1797686
3689364,-33,1797686
3690577,-99,1797686
3691789,-123,1797686
3693002,-102,1797686
3694215,-25,1797686
3695427,40,1797686
3696640,82,1797686
3697852,106,1800770
3699066,79,1771631
3700278,18,1771631
3701491,82,1771631
3709979,80,1753078
3711193,42,1753078
3712405,-12,1753078
3713617,-46,1753078
3714830,-61,1753078
3716043,-50,1753078
3717256,-23,1753078
3718468,21,1753078
3719681,53,1753078
3720893,64,1757961
3722106,37,1757961
3723319,11,1757961
3724532,-29,1757961
3725745,-46,1757961
3726957,-41,1757961
3728169,-8,1757961
3729382,26,1757961
3730595,45,1757961
3731807,49,1757704
3733020,26,1757704
3734232,-3,1757704
3735446,-36,1757704
3736657,-47,1757704
3737870,-28,1757704
3739083,5,1757704
3740295,26,1757704
3741508,37,1757704
3742721,30,1757704
3743934,10,1757704
3745146,-15,1757704
3746359,-25,1757704
3747571,-12,1757704
3748784,8,1757704
3749996,27,1757704
3751209,24,1757704
3752422,11,1757704
3753634,3,1757756
3754847,4,1785660
3756061,12,1785660
3757272,11,1785660
3758485,6,1785660
3759698,0,1785660
3760911,1,1785660
3762124,5,1785660
3763336,9,1785660
3764549,12,1785802
3765762,7,1768650
3766974,8,1768650
3768187,4,1768650
3769400,2,1768650
3770612,-1,1768650
3771825,-1,1768650
3773037,6,1768650
3774249,0,1768650
3775462,4,1768650
3776675,4,1768650
3777887,4,1768650
3779100,3,1768650
3780313,2,1768650
3781525,2,1768650
3782738,6,1768650
3783950,3,1768650
3785163,4,1771682
3786376,5,1771682
3794864,4,1771682
3796076,6,1771682
3797289,11,1740847
3798501,6,1740847
3799714,9,1740847
3800926,5,1740847
3802139,6,1740847
3803351,8,1740847
3804564,10,1740847
3805777,7,1740847
3806989,5,1740847
3808202,8,1742389
3809415,5,1742389
3810627,7,1742389
3811839,5,1742389
3813052,6,1742389
3814265,4,1742389
3815477,3,1742389
3816690,7,1742389
3817902,7,1742389
3819115,7,1742440
3820327,5,1742440
3821541,8,1742440
3822753,5,1742440
3823965,6,1742440
3825178,7,1742440
3826391,6,1742440
3827603,6,1742440
3828816,6,1742440
3830028,8,1744034
3831241,5,1744034
3832453,5,1744034
3833666,6,1744034
3834878,7,1744034
3836092,6,1744034
3837303,7,1744034
3838516,8,1744034
3839729,12,1744034
3840941,9,1738380
3842154,4,1738380
3843367,8,1738380
3844579,9,1738380
3845792,6,1738380
3847004,7,1738380
3848217,6,1738380
3849430,8,1738380
3850642,7,1738380
3851855,6,1745781
3853067,3,1745781
3854280,5,1745781
3855493,3,1745781
3856705,5,1745781
3857918,4,1745781
3859130,4,1745781
3860343,9,1745781
3861557,3,1745781
3862769,4,1738792
3863982,3,1738792
3865194,5,1738792
3866407,6,1738792
3867620,8,1738792
3868832,6,1738792
3870045,8,1738792
3871257,5,1738792
3878533,7,1738792
3879745,8,1738792
3880958,8,1738792
3882171,8,1738792
3883383,9,1738792
3884596,8,1737301
3885808,4,1743982
3887022,5,1743982
3888233,7,1743982
3889447,4,1743982
3890659,4,1743982
3891872,5,1743982
3893084,3,1743982
3894297,3,1743982
3895510,4,1743982
3896722,5,1739306
3897935,4,1739306
3899148,5,1739306
3900360,1,1739306
3901573,1,1739306
3902786,3,1739306
3903998,3,1739306
3905211,4,1739306
3906424,6,1739306
3907637,3,1739306
3908849,4,1739306
3910062,1,1739306
3911275,4,1739306
3912487,3,1739306
3913700,5,1739306
3914913,3,1739306
3916126,5,1739306
3917338,3,1739306
3918550,6,1744650
3919763,4,1744650
3920976,5,1744650
3922188,4,1744650
3923401,4,1744650
3924614,5,1744650
3925826,2,1744650
3927039,7,1744650
3928251,4,1744650
3929464,3,1737918
3930677,5,1737918
3931889,5,1737918
3933102,7,1737918
3934315,4,1737918
3935527,6,1737918
3936740,7,1737918
3937953,2,1737918
3939166,5,1737918
3940379,5,1737850
3941591,6,1747066
3942804,5,1747066
3944017,2,1747066
3945228,4,1747066
3946442,4,1747066
3947654,2,1747066
3948866,4,1747066
3950079,2,1747066
3951292,3,1747065
3952504,5,1732985
3953717,3,1732985
3954930,5,1732985
3962206,12,1732985
3963419,4,1732985
3964632,6,1732985
3965844,5,1732985
3967057,7,1732985
3968270,6,1732985
3969482,7,1732985
3970695,9,1732985
3971908,7,1741258
3973121,4,1741258
3974334,4,1741258
3975546,7,1741258
3976758,6,1741258
3977971,10,1741258
3979183,6,1741258
3980397,4,1741258
3981609,4,1741258
3982821,3,1741258
3984034,6,1734783
3985247,5,1734783
3986460,4,1734783
3987673,6,1734783
3988885,6,1734783
3990098,6,1734783
3991310,6,1734783
3992523,8,1734783
3993736,10,1734783
3994948,7,1734835
3996162,4,1734835
3997374,7,1734835
3998587,10,1734835
3999800,8,1734835
4001012,6,1734835
4002225,6,1734835
4003438,6,1734835
4004650,4,1734835
4005863,8,1684317
4007075,4,1684317
4008288,7,1684317
4009501,8,1684317
4010713,6,1684317
4011926,7,1684317
4013139,8,1684317
4014351,6,1684317
4015565,8,1684317
4016777,4,1789412
4017990,5,1789412
4019202,6,1789412
4020415,5,1789412
4021628,5,1789412
4022841,9,1789412
4024053,5,1789412
4025266,4,1789412
4026478,6,1789412
4027691,5,1513236
4028903,6,1513236
4030116,5,1513236
4031329,7,1513236
4032542,5,1513236
4033754,6,1513236
4034966,7,1513236
4036179,4,1513236
4037392,7,1513236
4038604,2,1513236
4047094,5,1513236
4048306,5,1513236
4049519,7,1555993
4050731,8,1555993
4051944,8,1555993
4053156,7,1555993
4054369,6,1555993
4055582,7,1555993
4056794,4,1555993
4058007,6,1555993
4059220,3,1555993
4060433,10,1546948
4061645,4,1546948
4062858,8,1546948
4064071,7,1546948
4065283,7,1546948
4066495,4,1546948
4067708,6,1546948
4068921,6,1546948
4070134,9,1546948
4071346,9,1550494
4072559,4,1548079
4073772,4,1548079
4074985,4,1548079
4076196,4,1548079
4077409,3,1548079
4078622,4,1548079
4079835,5,1548079
4081047,4,1548079
4082260,4,1548079
4083472,4,1540833
4084685,4,1540833
4085900,3,1540833
4087111,5,1540833
4088324,3,1540833
4089536,6,1540833
4090749,5,1540833
4091962,6,1540833
4093174,4,1540833
4094386,4,1541860
4095600,2,1541860
4096813,1,1541860
4098024,3,1541860
4099237,6,1541860
4100450,3,1541860
4101662,2,1541860
4102875,6,1541860
4104088,2,1541860
4105300,4,1543094
4106513,5,1543094
4107725,4,1543094
4108939,4,1543094
4110151,5,1543094
4111364,3,1543094
4112577,4,1543094
4113789,-1,1543094
4115002,5,1543094
4116214,5,1560156
4117428,5,1560156
4118640,4,1560156
4119853,4,1560156
4121066,-1,1560156
4122278,0,1560156
4123491,3,1560156
4131981,6,1560156
4133194,5,1560156
4134406,5,1560156
4135618,5,1560156
4136832,6,1541501
4138044,6,1541404
4139256,6,1542940
4140470,3,1542940
4141681,4,1542940
4142894,5,1542940
4144107,4,1542940
4145320,3,1542940
4146532,4,1542940
4147745,6,1542940
4148958,5,1543145
4150171,4,1543145
4151382,4,1543145
4152595,2,1543145
4153808,3,1543145
4155020,5,1543145
4156234,4,1543145
4157446,3,1543145
4158659,4,1543145
4159871,5,1543145
4161084,4,1543145
4162298,7,1543145
4163509,7,1543145
4164722,4,1543145
4165935,8,1543145
4167148,7,1543145
4168360,3,1543145
4169573,6,1541860
4170785,3,1541860
4171998,4,1541860
4173211,8,1541860
4174423,5,1541860
4175637,7,1541860
4176849,6,1541860
4178062,7,1541860
4179275,7,1541860
4180488,4,1541860
4181700,5,1539856
4182913,3,1539856
4184125,5,1539856
4185338,6,1539856
4186550,6,1539856
4187763,5,1539856
4188975,6,1539856
4190189,7,1539856
4191401,8,1539856
4192614,7,1538469
4193827,5,1538469
4195039,7,1538469
4196251,5,1538469
4197464,5,1538469
4198678,6,1538469
4199890,6,1538469
4201102,6,1538469
4202315,8,1538469
4203528,6,1541706
4204740,6,1541706
4205953,8,1541706
4207166,7,1541706
4208378,6,1539990
4215654,5,1548182
4216867,1,1548182
4218079,2,1548182
4219292,3,1548182
4220505,4,1548182
4221717,6,1548182
4222930,5,1548182
4224143,4,1548182
4225355,5,1548182
4226569,5,1548182
4227781,4,1548182
4228993,7,1548182
4230206,7,1548182
4231418,3,1548182
4232631,8,1548182
4233844,9,1548182
4235057,7,1548182
4236268,3,1537647
4237482,3,1537647
4238694,8,1537647
4239906,9,1537647
4241119,7,1537647
4242331,6,1537647
4243544,4,1537647
4244757,9,1537647
4245969,6,1537647
4247182,8,1545561
4248394,4,1545561
4249608,6,1545561
4250819,3,1545561
4252033,9,1545561
4253246,8,1545561
4254458,9,1545561
4255671,5,1545561
4256883,7,1545561
4258095,9,1542066
4259309,5,1542066
4260520,7,1542066
4261734,11,1542066
4262946,6,1542066
4264158,9,1542066
4265371,8,1542066
4266583,6,1542066
4267796,5,1542066
4269009,6,1540062
4270221,5,1546229
4271434,6,1546229
4272646,3,1546229
4273859,5,1546229
4275072,3,1546229
4276284,4,1546229
4277497,4,1546229
4278709,3,1546229
4279923,4,1546229
4281135,4,1541552
4282347,4,1541552
4283560,3,1541552
4284773,-1,1541552
4285986,4,1541552
4287198,5,1541552
4288411,4,1541552
4289624,3,1541552
4290837,3,1541552
4292049,10,1541552
4299325,1,1541552
4300538,2,1541552
4301750,7,1540627
4302963,5,1540576
4304175,2,1540576
4305388,4,1540576
4306601,3,1540576
4307814,3,1540576
4309026,3,1540576
4310239,6,1540576
4311451,3,1540576
4312665,4,1540576
4313877,3,1538520
4315090,4,1538520
4316303,4,1538520
4317515,4,1538520
4318728,6,1538520
4319940,4,1538520
4321154,4,1538520
4322366,4,1538520
4323579,4,1538520
4324792,3,1538419
4326004,5,1538931
4327217,4,1538931
4328430,7,1538931
4329642,5,1538931
4330855,5,1538931
4332068,3,1538931
4333281,4,1538931
4334494,3,1538931
4335706,2,1538894
4336919,4,1542734
4338132,5,1542734
4339344,5,1542734
4340558,3,1542734
4341771,5,1542734
4342983,4,1542734
4344196,5,1542734
4345408,4,1542734
4346622,5,1542734
4347834,4,1542734
4349047,7,1542734
4350259,8,1542734
4351473,6,1542734
4352684,5,1542734
4353899,7,1542734
4355110,5,1542734
4356323,6,1539754
4357536,9,1539754
4358748,4,1539754
4359962,7,1539754
4361174,8,1539754
4362387,5,1539754
4363599,5,1539754
4364812,8,1539754
4366026,6,1539754
4367238,7,1539754
4368451,5,1544430
4369664,2,1544430
4370876,8,1544430
4372088,10,1544430
4373302,4,1544430
4374514,6,1544430
4375727,3,1544430
4384217,4,1544430
4385430,9,1544430
4386643,5,1544430
4387855,6,1544430
4389068,5,1544430
4390280,6,1542015
4391493,4,1542015
4392706,6,1542015
4393919,8,1542015
4395132,6,1542015
4396344,6,1542015
4397557,7,1542015
4398770,5,1542015
4399983,8,1542015
4401196,6,1539291
4402408,3,1539291
4403621,4,1539291
4404834,2,1539291
4406047,7,1539291
4407259,6,1539291
4408472,7,1539291
4409686,9,1539291
4410900,7,1539291
4412111,6,1538674
4413324,5,1538674
4414536,6,1538674
4415749,5,1538674
4416961,7,1538674
4418174,5,1538674
4419387,3,1538674
4420601,5,1538674
4421813,6,1538674
4423026,9,1537081
4424238,8,1537081
4425451,7,1537081
4426664,7,1537081
4427877,7,1537081
4429090,6,1537081
4430303,5,1537081
4431516,7,1537081
4432728,9,1537081
4433941,5,1534049
4435154,2,1534049
4436366,8,1534049
4437579,7,1534049
4438792,6,1534049
4440004,7,1534049
4441218,4,1534049
4442430,9,1534049
4443643,7,1534049
4444855,5,1535539
4446068,2,1535539
4447282,7,1535539
4448494,5,1535539
4449706,8,1535539
4450919,8,1535539
4452132,6,1535539
4453346,5,1535539
4454558,5,1535539
4455770,3,1537441
4456983,4,1537441
4458196,8,1537441
4459409,7,1537441
4460621,9,1539342
4469111,5,1539342
4470324,4,1539342
4471536,7,1539342
4472749,7,1539342
4473962,3,1539342
4475174,3,1539342
4476387,4,1539342
4477600,4,1539342
4478812,2,1538057
4480026,6,1538057
4481238,5,1538057
4482450,4,1538057
4483663,4,1538057
4484876,3,1538057
4486088,4,1538057
4487302,4,1538057
4488515,6,1538057
4489727,4,1541295
4490940,5,1541295
4492153,4,1541295
4493366,4,1541295
4494578,7,1541295
4495791,0,1541295
4497003,2,1541295
4498216,3,1541295
4499429,7,1541295
4500642,1,1532764
4501854,5,1532764
4503067,2,1532764
4504280,6,1532764
4505492,3,1532764
4506706,5,1532764
4507918,4,1532764
4509130,6,1532764
4510343,5,1532764
4511555,4,1532713
4512768,6,1532713
4513981,6,1532713
4515193,3,1532713
4516406,4,1532713
4517619,4,1532713
4518832,3,1532713
4520044,5,1532713
4521257,3,1532713
4522469,2,1532713
4523683,5,1532713
4524895,6,1532713
4526108,3,1532713
4527320,5,1532713
4528533,5,1532713
4529746,5,1532713
4530958,4,1532713
4532172,5,1532713
4533384,3,1532673
4534597,5,1535745
4535809,4,1535745
4537022,5,1535745
4538236,7,1535745
4539448,4,1535745
4540661,4,1535745
4541873,4,1535745
4543086,5,1535745
4544298,6,1535745
4545511,5,1535745
4554001,7,1532918
4555213,3,1532918
4556425,6,1532918
4557638,6,1532918
4558851,9,1532918
4560064,11,1532918
4561276,7,1532918
4562489,6,1532918
4563702,5,1532918
4564915,9,1532918
4566128,7,1537235
4567341,4,1537235
4568553,5,1537235
4569766,6,1537235
4570979,5,1537235
4572191,7,1537235
4573404,9,1537235
4574617,5,1537235
4575829,8,1537235
4577042,10,1537287
4578254,5,1537287
4579468,6,1537287
4580681,8,1537287
4581893,6,1537287
4583106,5,1537287
4584318,5,1537287
4585531,6,1537287
4586743,10,1537287
4587956,7,1534563
4589169,5,1534563
4590382,4,1534563
4591594,8,1534563
4592807,6,1534563
4594020,9,1534563
4595232,5,1534563
4596446,6,1534563
4597658,4,1534563
4598871,5,1532764
4600084,5,1532764
4601297,9,1532764
4602509,4,1532764
4603722,6,1532764
4604935,5,1532764
4606147,8,1532764
4607360,6,1532764
4608573,6,1532764
4609786,4,1532867
4610999,3,1532867
4612211,4,1532867
4613424,6,1532867
4614637,7,1532867
4615850,8,1532867
4617063,9,1532867
4618275,3,1532867
4619489,2,1532867
4620701,7,1536362
4621914,4,1536362
4623126,6,1536362
4624339,9,1536362
4625553,7,1536362
4626765,4,1536362
4627978,8,1536362
4629190,6,1536362
4630403,6,1536362
4637680,16,1536362
4638892,9,1536362
4640105,6,1536362
4641318,6,1536362
4642530,6,1535951
4643743,6,1535951
4644956,5,1535951
4646168,4,1535951
4647382,5,1535951
4648594,8,1535951
4649807,8,1535951
4651019,7,1535951
4652233,7,1535951
4653445,9,1534666
4654658,4,1539394
4655870,4,1539394
4657083,2,1539394
4658296,2,1539394
4659509,6,1539394
4660721,4,1539394
4661934,3,1539394
4663147,4,1539394
4664360,3,1539394
4665573,6,1534358
4666785,5,1534358
4667998,5,1534358
4669210,4,1534358
4670423,5,1534358
4671636,3,1534358
4672849,4,1534358
4674061,4,1534358
4675273,4,1534358
4676487,4,1538571
4677699,4,1538571
4678912,3,1538571
4680125,4,1538571
4681337,6,1538571
4682550,4,1538571
4683763,3,1538571
4684975,3,1538571
4686188,4,1538571
4687401,6,1539908
4688614,6,1539908
4689826,5,1539908
4691038,6,1539908
4692251,5,1539908
4693464,2,1539908
4694677,4,1539908
4695890,3,1539908
4697102,4,1539908
4698314,4,1541192
4699527,4,1541192
4700740,9,1541192
4701952,4,1541192
4703166,5,1541192
4704378,4,1541192
4705591,5,1541192
4706803,4,1541192
4708016,5,1541192
4709230,5,1541164
4710442,6,1533484
4711655,3,1533484
4712867,5,1533484
4714080,5,1533484
4722569,6,1533484
4723783,6,1533484
4724995,8,1533484
4726207,6,1533484
4727421,4,1533484
4728632,6,1533484
4729846,5,1534049
4731058,7,1534051
4732271,2,1534051
4733483,6,1534051
4734696,8,1534051
4735909,6,1534051
4737122,7,1534051
4738334,7,1534051
4739547,7,1534051
4740759,4,1534563
4741973,5,1534563
4743185,5,1534563
4744398,7,1534563
4745610,5,1534563
4746823,7,1534563
4748036,7,1534563
4749248,7,1534563
4750461,4,1534563
4751674,6,1534563
4752887,5,1533946
4754099,4,1533946
4755311,5,1533946
4756525,7,1533946
4757737,12,1533946
4758949,8,1533946
4760163,7,1533946
4761375,9,1533946
4762588,6,1533946
4763800,7,1539137
4765014,5,1539137
4766226,6,1539137
4767438,8,1539137
4768651,7,1539137
4769864,5,1539137
4771077,6,1539137
4772290,7,1539137
4773502,9,1539137
4774715,7,1526032
4775928,3,1526032
4777140,4,1526032
4778353,4,1526032
4779566,6,1526032
4780778,6,1526032
4781991,5,1526032
4783204,4,1526032
4784417,5,1526032
4785630,5,1538726
4786843,4,1538726
4788055,7,1538726
4789268,9,1538726
4790481,7,1538726
4791693,5,1538726
4792906,5,1538726
4794119,10,1538726
4795331,6,1538726
4796545,6,1530143
4797756,3,1530143
4798969,7,1530143
4806246,12,1530143
4807459,9,1536619
4808672,5,1536619
4809884,9,1536619
4811098,7,1536619
4812310,7,1536619
4813523,3,1536619
4814735,10,1536619
4815949,6,1536619
4817160,6,1536619
4818374,6,1534100
4819586,5,1534100
4820799,3,1534100
4822012,6,1534100
4823224,6,1534100
4824437,8,1534100
4825650,7,1534100
4826863,3,1534100
4828075,5,1534100
4829289,9,1535694
4830502,4,1535694
4831714,9,1535694
4832927,4,1535694
4834139,7,1535694
4835352,7,1535694
4836564,9,1535694
4837777,4,1535694
4838990,7,1535694
4840203,6,1534203
4841415,6,1534203
4842629,7,1534203
4843842,7,1534203
4845054,8,1534203
4846267,9,1534203
4847480,6,1534203
4848692,6,1534203
4849906,5,1534203
4851118,6,1536413
4852330,3,1539240
4853543,5,1539240
4854756,4,1539240
4855969,5,1539240
4857182,3,1539240
4858394,3,1539240
4859607,3,1539240
4860820,3,1539240
4862033,5,1539240
4863245,3,1532096
4864458,3,1532096
4865671,5,1532096
4866883,7,1532096
4868096,3,1532096
4869309,4,1532096
4870522,4,1532096
4871734,9,1532096
4872947,9,1532096
4874160,8,1532096
4875372,5,1532096
4876586,4,1532096
4877798,5,1532096
4879011,4,1532096
4880223,4,1532096
4881436,7,1532096
4882649,9,1532096
4891138,8,1532096
4892350,6,1532096
4893563,6,1532096
4894775,7,1533432
4895988,4,1536516
4897201,3,1536516
4898414,4,1536516
4899627,1,1536516
4900840,5,1536516
4902052,5,1536516
4903264,6,1536516
4904477,5,1536516
4905690,5,1536516
4906903,3,1536523
4908116,2,1538571
4909328,4,1538571
4910542,7,1538571
4911754,5,1538571
4912967,4,1538571
4914179,4,1538571
4915392,5,1538571
4916605,6,1538571
4917818,5,1538580
4919030,7,1540884
4920243,5,1540884
4921456,3,1540884
4922668,4,1540884
4923881,4,1540884
4925094,4,1540884
4926307,4,1540884
4927519,3,1540884
4928731,7,1540884
4929944,5,1540884
4931158,5,1540884
4932370,6,1540884
4933582,6,1540884
4934795,7,1540884
4936008,5,1540884
4937221,7,1540884
4938434,12,1528704
4939646,4,1528704
4940858,5,1528704
4942071,4,1528704
4943284,8,1528704
4944497,7,1528704
4945709,7,1528704
4946923,8,1528704
4948135,8,1528704
4949347,5,1528704
4950561,5,1534358
4951773,5,1534358
4952986,7,1534358
4954199,7,1534358
4955411,8,1534358
4956624,5,1534358
4957837,6,1534358
4959050,7,1534358
4960262,8,1534358
4961475,7,1535077
4962688,6,1535077
4963900,9,1535077
4965114,4,1535077
4966326,9,1535077
4967539,6,1535077
4974816,9,1535077
4976029,7,1535077
4977242,6,1535077
4978455,7,1535077
4979667,6,1535077
4980880,4,1535077
4982093,8,1535077
4983306,9,1535694
4984518,4,1535694
4985730,10,1535694
4986943,5,1535694
4988157,6,1535694
4989369,7,1535694
4990582,8,1535694
4991794,3,1535694
4993007,6,1535694
4994220,5,1533741
4995432,8,1533741
4996646,7,1533741
4997858,7,1533741
4999071,7,1533741
5000283,6,1533741
5001496,4,1533741
5002709,7,1533741
5003922,7,1533741
5005135,6,1536310
5006347,5,1536310
5007561,6,1536310
5008773,3,1536310
5009986,8,1536310
5011198,8,1536310
5012411,7,1536310
5013625,4,1536310
5014837,5,1536310
5016050,6,1535694
5017263,6,1535694
5018476,6,1535694
5019688,7,1535694
5020901,2,1535694
5022113,7,1535694
5023327,7,1535694
5024540,6,1535694
5025752,6,1535694
5026966,7,1533741
5028178,4,1533741
5029391,6,1533741
5030603,7,1533741
5031816,11,1533741
5033029,6,1533741
5034242,4,1533741
5035454,5,1533741
5036667,9,1533741
5037880,4,1532867
5039093,4,1532867
5040306,9,1532867
5041518,9,1532867
5042731,8,1532867
5043943,8,1532867
5045157,8,1532867
5046370,8,1532867
5047582,11,1532867
5048794,4,1535848
5050007,4,1533638
5051220,8,1533638
5059710,14,1533638
5060923,7,1534255
5062135,3,1534255
5063348,5,1534255
5064561,4,1534255
5065774,3,1534255
5066987,6,1534255
5068199,5,1534255
5069412,5,1534255
5070625,3,1534255
5071837,5,1532610
5073051,5,1532610
5074263,4,1532610
5075476,3,1532610
5076689,6,1532610
5077901,3,1532610
5079115,5,1532610
5080327,1,1532610
5081540,6,1532610
5082752,5,1533792
5083966,4,1533792
5085178,4,1533792
5086391,5,1533792
5087604,3,1533792
5088816,3,1533792
5090029,5,1533792
5091241,4,1533792
5092454,2,1533792
5093668,4,1533792
5094880,6,1533792
5096092,3,1533792
5097305,6,1533792
5098519,4,1533792
5099730,7,1533792
5100943,4,1533792
5102156,6,1533792
5103368,6,1533792
5104582,5,1533868
5105795,2,1540524
5107007,4,1540524
5108219,7,1540524
5109432,8,1540524
5110645,5,1540524
5111857,4,1540524
5113071,4,1540524
5114283,5,1540524
5115495,3,1540447
5116708,3,1533535
5117920,4,1533535
5119134,6,1533535
5120346,6,1533535
5121558,5,1533535
5122771,3,1533535
5123985,6,1533535
5125198,4,1533535
5126410,5,1533535
5127623,3,1533535
5128835,8,1533535
5130048,8,1533535
5131261,3,1533535
5132474,6,1533535
5133687,7,1533535
5134899,7,1533535
5136111,6,1533535
5143387,9,1533535
5144601,6,1533535
5145814,5,1533535
5147026,8,1533535
5148238,8,1537338
5149451,4,1537338
5150664,4,1537338
5151877,5,1537338
5153090,5,1537338
5154302,7,1537338
5155515,6,1537338
5156727,6,1537338
5157940,6,1537338
5159154,8,1532353
5160366,5,1532353
5161579,7,1532353
5162791,5,1532353
5164005,5,1532353
5165218,5,1532353
5166430,9,1532353
5167642,4,1532353
5168855,8,1532353
5170068,5,1536259
5171281,5,1536259
5172494,5,1536259
5173706,4,1536259
5174919,6,1536259
5176132,9,1536259
5177344,5,1536259
5178557,5,1536259
5179770,4,1536259
5180983,6,1531531
5182196,4,1531531
5183409,9,1531531
5184621,9,1531531
5185834,8,1531531
5187047,8,1531531
5188259,6,1531531
5189472,6,1531531
5190684,7,1531531
5191899,8,1535231
5193110,2,1535231
5194323,5,1535231
5195535,7,1535231
5196748,9,1535231
5197961,5,1535231
5199174,5,1535231
5200386,8,1535231
5201599,7,1535231
5202812,4,1532147
5204025,6,1532147
5205238,8,1532147
5206451,7,1532147
5207662,6,1532147
5208875,8,1532147
5210088,5,1532147
5211301,6,1532147
5212513,7,1532147
5213726,7,1533330
5214939,4,1533330
5216152,6,1533330
5217364,5,1533330
5218577,8,1533330
5219789,6,1533330
5227176,5,1533330
5228278,7,1533330
5229491,6,1533330
5230704,8,1533330
5231916,7,1533330
5233129,4,1533330
5234342,7,1533330
5235554,7,1535437
5236766,4,1535694
5237979,6,1535694
5239192,6,1535694
5240405,4,1535694
5241617,5,1535694
5242830,3,1535694
5244043,4,1535694
5245255,3,1535694
5246468,3,1535694
5247681,5,1531120
5248893,4,1531120
5250106,5,1531120
5251320,3,1531120
5252532,5,1531120
5253745,3,1531120
5254958,4,1531120
5256171,4,1531120
5257384,2,1531120
5258596,3,1532970
5259809,3,1532970
5261022,5,1532970
5262234,7,1532970
5263447,5,1532970
5264659,3,1532970
5265872,3,1532970
5267086,5,1532970
5268298,4,1532970
5269511,5,1534100
5270723,3,1534100
5271937,2,1534100
5273149,5,1534100
5274361,3,1534100
5275574,3,1534100
5276787,6,1534100
5277999,3,1534100
5279212,3,1534100
5280425,4,1534871
5281637,5,1534871
5282850,6,1534871
5284063,5,1534871
5285275,6,1534871
5286488,3,1534871
5287700,3,1534871
5288914,5,1534871
5290126,6,1534871
5291339,6,1534969
5292551,6,1533689
5293764,4,1533689
5294976,4,1533689
5296189,5,1533689
5297402,6,1533689
5298614,3,1533689
5299828,5,1533689
5301040,4,1533689
5302252,3,1533689
5303465,10,1533689
5311954,1,1533689
5313166,4,1533689
5314379,4,1533689
5315592,8,1533689
5316805,8,1533689
5318016,4,1533689
5319230,10,1533689
5320442,6,1533689
5321655,8,1533689
5322868,7,1533689
5324080,2,1533689
5325293,3,1533689
5326505,5,1533689
5327718,6,1533689
5328930,6,1533689
5330143,7,1533689
5331356,6,1533689
5332568,7,1533689
5333782,3,1533689
5334993,8,1533278
5336206,4,1533278
5337419,3,1533278
5338631,7,1533278
5339844,6,1533278
5341057,9,1533278
5342269,7,1533278
5343482,3,1533278
5344695,8,1533278
5345907,7,1536259
5347121,2,1536259
5348332,9,1536259
5349546,10,1536259
5350758,5,1536259
5351971,5,1536259
5353183,5,1536259
5354396,7,1536259
5355609,9,1536259
5356821,6,1532816
5358034,5,1532816
5359246,4,1532816
5360459,6,1532816
5361672,7,1532816
5362884,8,1532816
5364097,4,1532816
5365310,5,1532816
5366522,6,1532816
5367735,9,1538366
5368947,5,1538366
5370160,9,1538366
5371373,4,1538366
5372585,6,1538366
5373798,6,1538366
5375010,6,1538366
5376223,5,1538366
5377436,8,1538366
5378649,8,1530606
5379861,3,1530606
5381074,4,1530606
5382287,7,1530606
5383499,5,1530606
5384712,6,1530606
5385924,6,1530606
5387137,5,1530606
5388349,5,1530606
5395625,-2,1530606
5396838,8,1530606
5398050,8,1530606
5399263,7,1530606
5400475,7,1533689
5401688,4,1533689
5402901,7,1533689
5404114,7,1533689
5405326,8,1533689
5406539,9,1533689
5407751,5,1533689
5408964,6,1533689
5410176,9,1533689
5411390,8,1529784
5412602,4,1529784
5413815,7,1529784
5415027,5,1529784
5416240,8,1529784
5417453,5,1529784
5418666,8,1529784
5419878,9,1529784
5421091,9,1529784
5422303,5,1534152
5423517,3,1534152
5424729,8,1534152
5425942,8,1534152
5427154,7,1534152
5428367,7,1534152
5429579,7,1534152
5430792,6,1534152
5432004,6,1534152
5433217,7,1537235
5434430,7,1533278
5435643,5,1533278
5436855,4,1533278
5438067,3,1533278
5439280,3,1533278
5440493,1,1533278
5441706,4,1533278
5442919,4,1533278
5444131,5,1533278
5445344,1,1528550
5446556,5,1528550
5447769,1,1528550
5448982,7,1528550
5450194,4,1528550
5451407,4,1528550
5452620,2,1528550
5453833,3,1528550
5455045,7,1528550
5456257,3,1535026
5457470,3,1535026
5458683,3,1535026
5459896,4,1535026
5461109,4,1535026
5462321,3,1535026
5463533,5,1535026
5464746,5,1535026
5465959,4,1535026
5467172,4,1533998
5468385,3,1533998
5469597,4,1533998
5470810,5,1533998
5472022,6,1533998
5479299,-1,1533998
5480512,6,1533998
5481724,5,1533998
5482937,7,1533998
5484151,5,1533998
5485363,7,1533998
5486575,5,1533998
5487788,4,1534614
5489001,5,1534698
5490213,5,1529578
5491426,5,1529578
5492639,6,1529578
5493851,4,1529578
5495064,4,1529578
5496277,5,1529578
5497490,2,1529578
5498703,4,1529578
5499915,7,1529587
5501128,3,1532147
5502341,5,1532147
5503553,4,1532147
5504766,4,1532147
5505979,4,1532147
5507192,5,1532147
5508405,4,1532147
5509617,1,1532147
5510830,4,1532147
5512043,5,1532147
5513256,7,1532147
5514468,5,1532147
5515681,4,1532147
5516893,6,1532147
5518106,7,1532147
5519319,4,1532147
5520532,8,1535385
5521744,3,1535385
5522957,3,1535385
5524170,5,1535385
5525382,6,1535385
5526595,7,1535385
5527807,3,1535385
5529020,5,1535385
5530234,5,1535385
5531446,3,1535385
5532658,6,1533484
5533871,5,1533484
5535083,4,1533484
5536296,5,1533484
5537509,5,1533484
5538721,6,1533484
5539934,7,1533484
5541147,8,1533484
5542359,8,1533484
5543573,6,1531839
5544785,4,1531839
5545998,4,1531839
5547210,3,1531839
5548422,7,1531839
5549635,8,1531839
5550848,7,1531839
5552061,6,1531839
5553274,9,1531839
5554486,7,1531634
5555699,7,1531634
5564187,9,1531634
5565401,10,1532199
5566613,4,1532199
5567826,7,1532199
5569038,9,1532199
5570251,8,1532199
5571465,7,1532199
5572676,6,1532199
5573889,7,1532199
5575102,4,1532199
5576315,5,1531685
5577527,5,1531685
5578740,9,1531685
5579952,6,1531685
5581166,7,1531685
5582378,4,1531685
5583591,7,1531685
5584803,7,1531685
5586016,7,1531685
5587229,6,1531068
5588441,4,1531068
5589654,7,1531068
5590867,5,1531068
5592079,8,1531068
5593292,6,1531068
5594505,4,1531068
5595717,6,1531068
5596930,7,1531068
5598143,9,1531634
5599355,2,1531634
5600569,8,1531634
5601781,4,1531634
5602994,6,1531634
5604207,6,1531634
5605419,7,1531634
5606631,4,1531634
5607845,7,1531634
5609058,7,1538417
5610269,4,1538417
5611482,5,1538417
5612695,5,1538417
5613908,12,1538417
5615120,7,1538417
5616333,8,1538417
5617545,5,1538417
5618758,5,1538417
5619971,9,1533330
5621183,5,1532764
5622397,4,1532764
5623608,5,1532764
5624821,4,1532764
5626034,5,1532764
5627246,6,1532764
5628459,4,1532764
5629671,3,1532764
5630883,4,1532764
5632097,4,1533484
5633308,4,1533484
5634521,4,1533484
5635733,10,1533484
5636946,3,1533484
5638158,3,1533484
5639371,2,1533484
5640584,2,1533484
5649071,5,1533484
5650284,7,1533484
5651496,7,1533484
5652708,5,1530760
5653922,3,1534152
5655133,6,1534152
5656347,5,1534152
5657559,4,1534152
5658772,3,1534152
5659985,4,1534152
5661196,5,1534152
5662409,5,1534152
5663621,5,1534152
5664834,3,1535334
5666047,3,1535334
5667259,3,1535334
5668471,2,1535334
5669684,5,1535334
5670896,3,1535334
5672110,5,1535334
5673321,5,1535334
5674534,5,1535334
5675746,3,1535276
5676959,5,1533484
5678172,4,1533484
5679384,4,1533484
5680597,4,1533484
5681808,5,1533484
5683022,7,1533484
5684233,8,1533484
5685446,5,1533484
5686658,6,1533460
5687871,4,1527060
5689083,4,1527060
5690296,4,1527060
5691509,4,1527060
5692721,6,1527060
5693934,2,1527060
5695146,5,1527060
5696359,3,1527060
5697571,4,1527060
5698784,6,1527060
5699997,7,1527060
5701208,6,1527060
5702421,7,1527060
5703634,3,1527060
5704846,6,1527060
5706059,6,1527060
5707272,7,1527060
5708484,4,1527060
5709696,5,1527060
5710909,7,1527060
5712121,7,1527060
5713334,9,1527060
5714547,10,1527060
5715760,8,1527060
5716972,7,1527060
5718185,8,1527060
5719398,4,1532353
5720611,0,1532353
5721822,7,1532353
5723035,7,1532353
5724248,3,1532353
5725460,4,1532353
5732735,8,1532353
5733949,4,1532353
5735161,8,1532353
5736373,6,1532353
5737585,6,1532353
5738798,3,1532353
5740011,6,1532353
5741223,6,1531993
5742436,7,1531993
5743649,6,1531993
5744861,7,1531993
5746074,3,1531993
5747286,7,1531993
5748499,6,1531993
5749712,6,1531993
5750924,7,1531993
5752136,4,1530760
5753349,3,1530760
5754562,5,1530760
5755774,8,1530760
5756987,6,1530760
5758199,6,1530760
5759412,11,1530760
5760625,4,1530760
5761838,6,1530760
5763050,7,1531839
5764262,5,1531839
5765476,7,1531839
5766688,5,1531839
5767900,7,1531839
5769113,6,1531839
5770325,5,1531839
5771538,6,1531839
5772750,7,1531839
5773963,7,1532405
5775176,6,1532405
5776388,8,1532405
5777601,8,1532405
5778813,7,1532405
5780026,7,1532405
5781239,6,1532405
5782451,5,1532405
5783663,4,1532405
5784876,9,1532662
5786089,6,1532662
5787301,8,1532662
5788514,5,1532662
5789727,7,1532662
5790940,5,1532662
5792152,6,1532662
5793364,4,1532662
5794577,7,1532662
5795789,5,1530606
5797002,3,1530606
5798214,5,1530606
5799426,8,1530606
5800639,8,1530606
5801851,9,1530606
5803064,6,1530606
5804277,4,1530606
5805489,5,1530606
5806702,4,1534152
5807914,6,1534152
5809126,3,1534152
5816402,13,1534152
5817614,6,1532147
5818827,0,1532456
5820039,5,1532456
5821252,5,1532456
5822464,3,1532456
5823678,2,1532456
5824890,2,1532456
5826103,4,1532456
5827315,4,1532456
5828528,5,1532456
5829740,8,1534409
5830953,2,1534409
5832165,5,1534409
5833378,4,1534409
5834591,4,1534409
5835804,5,1534409
5837016,3,1534409
5838228,6,1534409
5839441,5,1534409
5840654,5,1533021
5841865,5,1533021
5843078,3,1533021
5844291,4,1533021
5845503,3,1533021
5846716,5,1533021
5847929,4,1533021
5849141,4,1533021
5850354,9,1533021
5851566,4,1529938
5852778,6,1529938
5853991,5,1529938
5855203,3,1529938
5856416,5,1529938
5857628,7,1529938
5858841,3,1529938
5860054,2,1529938
5861266,3,1529938
5862479,4,1530077
5863691,5,1525981
5864903,5,1525981
5866116,3,1525981
5867328,5,1525981
5868541,6,1525981
5869753,5,1525981
5870966,5,1525981
5872178,5,1525981
5873390,6,1525986
5874603,4,1527266
5875815,5,1527266
5877028,3,1527266
5878240,6,1527266
5879452,3,1527266
5880666,3,1527266
5881878,4,1527266
5883090,2,1527266
5884303,3,1527085
5885516,4,1533741
5886728,8,1533741
5887941,4,1533741
5889153,4,1533741
5890365,5,1533741
5891578,4,1533741
5892790,5,1533741
5900176,4,1533741
5901277,9,1533741
5902490,6,1533741
5903702,4,1533741
5904915,6,1533741
5906127,5,1528499
5907339,5,1528499
5908552,6,1528499
5909765,8,1528499
5910977,8,1528499
5912190,2,1528499
5913402,8,1528499
5914614,7,1528499
5915827,5,1528499
5917039,9,1532405
5918252,3,1532405
5919465,3,1532405
5920678,7,1532405
5921890,7,1532405
5923102,5,1532405
5924315,7,1532405
5925527,5,1532405
5926739,6,1532405
5927952,6,1533638
5929164,6,1533638
5930377,6,1533638
5931590,3,1533638
5932802,5,1533638
5934015,6,1533638
5935227,6,1533638
5936440,7,1533638
5937652,7,1533638
5938865,8,1531325
5940078,4,1531325
5941290,8,1531325
5942502,3,1531325
5943715,9,1531325
5944927,8,1531325
5946140,9,1531325
5947353,7,1531325
5948565,7,1531325
5949778,4,1532096
5950990,5,1532096
5952203,10,1532096
5953416,6,1532096
5954628,5,1532096
5955841,6,1532096
5957052,7,1532096
5958266,7,1532096
5959477,8,1532096
5960690,7,1531325
5961902,5,1531325
5963115,4,1531325
5964327,9,1531325
5965539,7,1531325
5966752,8,1531325
5967965,6,1531325
5969177,5,1531325
5970390,7,1531325
5971602,5,1534768
5972815,5,1534768
5974027,7,1534768
5975240,5,1534768
5976452,6,1533792
5983727,11,1533792
5984940,11,1533792
5986152,9,1533792
5987365,4,1533792
5988578,7,1533792
5989790,5,1533792
5991003,5,1533792
5992215,6,1533792
5993428,9,1534203
5994640,3,1534203
5995852,8,1534203
5997065,7,1534203
5998278,8,1534203
5999490,5,1534203
6000703,7,1534203
6001915,6,1534203
6003127,6,1534203
6004340,7,1533227
6005553,5,1533021
6006765,4,1533021
6007978,4,1533021
6009190,10,1533021
6010402,2,1533021
6011615,3,1533021
6012828,4,1533021
6014040,6,1533021
6015252,3,1533021
6016465,2,1533381
6017678,5,1533381
6018890,4,1533381
6020102,4,1533381
6021315,2,1533381
6022527,2,1533381
6023740,7,1533381
6024952,4,1533381
6026165,3,1533381
6027378,6,1532970
6028590,4,1532970
6029803,5,1532970
6031015,5,1532970
6032227,6,1532970
6033440,6,1532970
6034653,4,1532970
6035865,5,1532970
6037078,4,1532970
6038289,4,1533278
6039503,3,1533278
6040714,6,1533278
6041927,5,1533278
6043140,4,1533278
6044352,4,1533278
6045565,6,1533278
6046777,5,1533278
6047990,3,1533278
6049202,4,1533278
6050415,5,1533278
6051627,4,1533278
6052840,2,1533278
6054053,4,1533278
6055265,4,1533278
6056478,2,1533278
6057690,4,1533278
6058902,4,1533278
6060115,5,1533278
6068603,4,1533278
6069815,7,1531223
6071027,5,1531221
6072240,8,1530709
6073452,3,1530709
6074665,4,1530709
6075877,5,1530709
6077090,3,1530709
6078302,5,1530709
6079515,5,1530709
6080727,7,1530709
6081940,5,1530709
6083153,3,1530709
6084365,2,1530709
6085577,7,1530709
6086790,7,1530709
6088002,8,1530709
6089215,6,1530709
6090427,6,1530709
6091641,4,1532302
6092853,6,1532302
6094065,3,1532302
6095278,7,1532302
6096490,6,1532302
6097703,2,1532302
6098915,4,1532302
6100127,8,1532302
6101341,7,1532302
6102552,6,1532302
6103766,6,1532045
6104977,5,1532045
6106190,3,1532045
6107403,5,1532045
6108615,8,1532045
6109827,5,1532045
6111040,9,1532045
6112253,6,1532045
6113465,5,1532045
6114678,7,1520225
6115890,5,1520225
6117103,6,1520225
6118315,11,1520225
6119528,7,1520225
6120740,8,1520225
6121953,5,1520225
6123166,5,1520225
6124378,5,1520225
6125591,6,1527728
6126804,2,1527728
6128017,5,1527728
6129228,4,1527728
6130441,7,1527728
6131654,10,1527728
6132866,5,1527728
6134079,4,1527728
6135291,3,1527728
6136505,7,1530092
6137717,5,1530092
6138930,7,1530092
6140142,7,1530092
6141355,6,1530092
6142568,7,1530092
6143780,4,1530092
6144993,7,1530092
6152268,10,1530092
6153481,5,1530092
6154694,8,1530092
6155906,6,1530092
6157120,5,1530092
6158332,7,1530297
6159544,5,1530297
6160757,4,1530297
6161970,8,1530297
6163182,6,1530297
6164395,7,1530297
6165607,7,1530297
6166821,6,1530297
6168033,7,1530297
6169246,4,1534152
6170459,3,1534152
6171671,8,1534152
6172884,7,1534152
6174097,7,1534152
6175310,7,1534152
6176523,9,1534152
6177735,9,1534152
6178947,7,1534152
6180160,7,1532302
6181373,5,1532302
6182585,5,1532302
6183799,7,1532302
6185011,5,1532302
6186225,8,1532302
6187436,8,1532302
6188649,7,1532302
6189862,8,1532302
6191075,4,1532713
6192288,5,1531582
6193501,5,1531582
6194713,5,1531582
6195926,7,1531582
6197139,4,1531582
6198351,5,1531582
6199564,4,1531582
6200777,5,1531582
6201990,6,1531582
6203202,5,1535899
6204414,5,1535899
6205627,0,1535899
6206840,2,1535899
6208053,6,1535899
6209265,3,1535899
6210478,5,1535899
6211691,4,1535899
6212904,3,1535899
6214116,2,1528036
6215329,4,1528036
6216542,6,1528036
6217755,4,1528036
6218967,5,1528036
6220180,5,1528036
6221392,1,1528036
6222606,4,1528036
6223817,7,1528036
6225031,4,1531993
6226243,4,1531993
6227455,4,1531993
6228668,9,1531993
6237157,14,1531993
6238370,5,1531993
6239583,4,1531993
6240796,0,1531993
6242008,3,1531993
6243220,4,1531993
6244434,7,1531993
6245647,4,1531993
6246859,4,1531997
6248071,1,1533021
6249284,3,1533021
6250497,3,1533021
6251709,5,1533021
6252922,6,1533021
6254136,6,1533021
6255348,5,1533021
6256561,4,1533021
6257774,4,1533062
6258986,4,1530246
6260198,6,1530246
6261412,6,1530246
6262624,7,1530246
6263837,4,1530246
6265050,3,1530246
6266262,3,1530246
6267475,4,1530246
6268688,4,1530246
6269899,3,1530246
6271113,4,1530246
6272326,5,1530246
6273538,8,1530246
6274751,5,1530246
6275963,6,1530246
6277177,8,1530246
6278390,7,1530606
6279602,4,1530606
6280815,3,1530606
6282027,8,1530606
6283239,6,1530606
6284453,2,1530606
6285665,5,1530606
6286877,6,1530606
6288090,5,1530606
6289303,7,1530606
6290515,7,1532970
6291728,7,1532970
6292941,6,1532970
6294154,5,1532970
6295367,9,1532970
6296579,9,1532970
6297792,4,1532970
6299005,5,1532970
6300218,4,1532970
6301429,8,1533381
6302642,5,1533381
6303855,8,1533381
6305068,4,1533381
6306280,5,1533381
6307493,6,1533381
6308706,9,1533381
6309918,8,1533381
6311131,7,1533381
6312344,8,1531582
6313556,5,1531582
6322045,6,1531582
6323258,10,1531120
6324470,3,1531120
6325683,8,1531120
6326895,4,1531120
6328109,4,1531120
6329321,5,1531120
6330534,6,1531120
6331746,9,1531120
6332959,5,1531120
6334172,6,1533689
6335384,6,1533689
6336597,7,1533689
6337810,6,1533689
6339022,8,1533689
6340235,8,1533689
6341448,5,1533689
6342660,6,1533689
6343873,4,1533689
6345086,7,1531120
6346299,5,1531120
6347511,10,1531120
6348724,6,1531120
6349936,5,1531120
6351149,6,1531120
6352362,8,1531120
6353574,9,1531120
6354787,6,1531120
6355999,5,1527676
6357212,4,1527676
6358425,8,1527676
6359637,8,1527676
6360850,7,1527676
6362062,8,1527676
6363275,3,1527676
6364487,3,1527676
6365700,4,1527676
6366913,4,1529064
6368126,4,1529064
6369338,9,1529064
6370551,8,1529064
6371764,4,1529064
6372976,7,1529064
6374189,5,1529064
6375401,6,1529064
6376614,8,1529064
6377826,9,1528550
6379039,7,1528550
6380252,5,1528550
6381465,8,1528550
6382678,9,1528550
6383890,6,1528550
6385102,7,1528550
6386315,6,1528550
6387527,5,1528550
6388740,11,1529887
6389954,5,1531068
6391165,2,1531068
6392378,3,1531068
6393591,4,1531068
6394804,4,1531068
6396017,6,1531068
6397230,4,1531068
6398442,7,1531068
6406930,1,1531068
6408143,5,1531068
6409356,7,1531068
6410569,8,1527625
6411781,4,1530914
6412995,5,1530914
6414207,3,1530914
6415420,4,1530914
6416633,3,1530914
6417845,4,1530914
6419058,1,1530914
6420270,3,1530914
6421484,2,1530914
6422696,4,1533998
6423909,4,1533998
6425121,3,1533998
6426334,4,1533998
6427547,5,1533998
6428760,4,1533998
6429972,4,1533998
6431185,4,1533998
6432398,5,1533998
6433611,4,1535128
6434823,4,1535128
6436036,7,1535128
6437248,4,1535128
6438461,5,1535128
6439674,4,1535128
6440887,2,1535128
6442099,3,1535128
6443312,4,1535128
6444525,6,1535070
6445738,8,1533278
6446950,5,1533278
6448163,4,1533278
6449376,4,1533278
6450589,5,1533278
6451802,4,1533278
6453014,6,1533278
6454227,4,1533278
6455440,5,1533258
6456652,1,1527882
6457865,4,1527882
6459078,3,1527882
6460291,0,1527882
6461503,7,1527882
6462717,6,1527882
6463928,3,1527882
6465142,3,1527882
6466354,4,1527882
6467567,4,1527882
6468779,7,1527882
6469993,11,1527882
6471206,5,1527882
6472418,6,1527882
6473630,7,1527882
6474844,8,1527882
6476056,6,1533741
6477268,4,1533741
6478481,2,1533741
6479693,6,1533741
6480906,4,1533741
6482119,7,1533741
6483331,6,1533741
6490607,2,1533741
6491820,6,1533741
6493032,7,1533741
6494246,7,1533741
6495458,8,1533741
6496671,9,1533741
6497883,6,1533741
6499096,5,1536876
6500308,3,1536876
6501521,6,1536876
6502733,11,1536876
6503946,6,1536876
6505158,7,1536876
6506371,7,1536876
6507584,6,1536876
6508796,5,1536876
6510010,8,1530966
6511222,5,1530966
6512434,10,1530966
6513647,8,1530966
6514860,6,1530966
6516072,5,1530966
6517286,5,1530966
6518499,6,1530966
6519711,5,1530966
6520923,8,1533381
6522136,4,1533381
6523348,5,1533381
6524561,10,1533381
6525774,7,1533381
6526987,7,1533381
6528199,5,1533381
6529412,8,1533381
6530625,7,1533381
6531838,10,1531325
6533051,5,1531325
6534263,6,1531325
6535476,5,1531325
6536688,6,1531325
6537901,6,1531325
6539114,7,1531325
6540327,5,1531325
6541539,7,1531325
6542752,6,1530606
6543965,4,1530606
6545178,7,1530606
6546390,9,1530606
6547603,8,1530606
6548815,6,1530606
6550029,7,1530606
6551241,4,1530606
6552453,4,1530606
6553667,5,1531428
6554879,6,1531428
6556091,6,1531428
6557305,6,1531428
6558517,8,1531428
6559730,9,1531428
6560942,5,1531428
6562155,7,1531428
6563368,3,1531428
6564580,4,1532302
6565793,4,1532302
6567006,4,1532302
6574282,3,1532302
6575495,6,1533638
6576707,6,1528499
6577921,4,1528499
6579133,3,1528499
6580346,4,1528499
6581558,7,1528499
6582771,7,1528499
6583984,4,1528499
6585197,5,1528499
6586409,4,1528499
6587622,7,1531737
6588835,4,1531737
6590047,4,1531737
6591260,3,1531737
6592473,3,1531737
6593685,2,1531737
6594900,5,1531737
6596111,4,1531737
6597324,4,1531737
6598536,6,1529064
6599749,4,1529064
6600962,5,1529064
6602175,8,1529064
6603387,5,1529064
6604600,4,1529064
6605813,5,1529064
6607026,3,1529064
6608238,6,1529064
6609451,3,1532045
6610663,3,1532045
6611876,4,1532045
6613089,5,1532045
6614302,4,1532045
6615515,2,1532045
6616727,5,1532045
6617941,4,1532045
6619153,4,1532045
6620366,4,1530503
6621578,5,1530503
6622791,1,1530503
6624003,5,1530503
6625216,6,1530503
6626429,6,1530503
6627641,5,1530503
6628854,4,1530503
6630067,4,1530503
6631279,4,1530524
6632492,4,1536156
6633705,4,1536156
6634918,6,1536156
6636131,3,1536156
6637344,6,1536156
6638556,4,1536156
6639768,5,1536156
6640982,4,1536156
6642194,3,1536026
6643406,5,1528858
6644619,5,1528858
6645833,2,1528858
6647045,5,1528858
6648258,3,1528858
6649471,3,1528858
6650683,8,1528858
6659171,7,1528858
6660384,8,1528858
6661597,6,1528858
6662810,6,1529835
6664022,5,1529835
6665235,6,1529835
6666447,3,1529835
6667661,6,1529835
6668873,9,1529835
6670086,8,1529835
6671298,7,1529835
6672511,4,1529835
6673723,8,1529835
6674937,8,1535796
6676149,9,1535796
6677362,7,1535796
6678574,6,1535796
6679787,7,1535796
6681000,6,1535796
6682213,7,1535796
6683425,6,1535796
6684638,7,1535796
6685850,8,1531788
6687063,2,1531788
6688276,7,1531788
6689489,7,1531788
6690701,8,1531788
6691914,7,1531788
6693127,5,1531788
6694339,9,1531788
6695552,6,1531788
6696764,5,1532147
6697978,5,1532147
6699190,7,1532147
6700403,6,1532147
6701615,7,1532147
6702828,9,1532147
6704040,10,1532147
6705254,8,1532147
6706466,7,1532147
6707679,7,1530041
6708891,5,1530041
6710105,8,1530041
6711318,4,1530041
6712531,8,1530041
6713743,8,1530041
6714955,7,1530041
6716168,6,1530041
6717381,8,1530041
6718593,6,1531479
6719806,4,1531479
6721019,6,1531479
6722232,8,1531479
6723445,5,1531479
6724657,6,1531479
6725870,6,1531479
6727083,7,1531479
6728296,6,1531479
6729508,5,1529218
6730721,5,1529218
6731934,6,1529218
6733146,10,1529218
6734359,7,1529218
6735572,9,1529218
6742848,7,1529218
6744061,5,1529218
6745274,5,1529218
6746487,2,1529218
6747699,8,1529218
6748912,6,1529218
6750124,7,1529218
6751337,6,1530709
6752550,4,1530709
6753763,4,1530709
6754975,6,1530709
6756189,6,1530709
6757402,5,1530709
6758614,4,1530709
6759827,5,1530709
6761039,5,1530709
6762252,8,1533844
6763465,3,1533844
6764678,7,1533844
6765890,7,1533844
6767103,7,1533844
6768316,6,1533844
6769529,7,1533844
6770741,7,1533844
6771955,7,1533844
6773167,6,1531171
6774379,6,1530041
6775592,5,1530041
6776805,2,1530041
6778018,6,1530041
6779231,6,1530041
6780444,6,1530041
6781656,3,1530041
6782869,6,1530041
6784082,4,1530041
6785294,5,1530709
6786507,6,1530709
6787720,6,1530709
6788933,4,1530709
6790146,5,1530709
6791359,6,1530709
6792571,5,1530709
6793784,3,1530709
6794996,5,1530709
6796209,6,1530709
6797422,4,1530709
6798635,4,1530709
6799847,4,1530709
6801061,5,1530709
6802273,3,1530709
6803485,4,1530709
6804698,5,1530709
6805911,4,1530709
6807123,4,1530606
6808336,3,1530606
6809549,3,1530606
6810762,3,1530606
6811975,5,1530606
6813187,5,1530606
6814400,4,1530606
6815614,3,1530606
6816826,2,1530606
6818039,7,1531479
6819251,5,1531479
6827741,10,1531479
6828953,16,1531610
6830166,4,1539034
6831379,4,1539034
6832592,3,1539034
6833805,5,1539034
6835017,5,1539034
6836229,7,1539034
6837442,4,1539034
6838656,6,1539034
6839868,4,1539065
6841080,4,1533689
6842293,3,1533689
6843505,4,1533689
6844718,1,1533689
6845931,3,1533689
6847144,3,1533689
6848356,5,1533689
6849570,6,1533689
6850782,1,1533689
6851995,2,1533689
6853208,6,1533689
6854420,8,1533689
6855633,6,1533689
6856846,9,1533689
6858058,6,1533689
6859271,8,1533689
6860483,8,1527266
6861696,5,1527266
6862910,3,1527266
6864121,6,1527266
6865334,7,1527266
6866547,6,1527266
6867759,3,1527266
6868972,7,1527266
6870185,8,1527266
6871398,10,1527266
6872610,8,1530297
6873823,1,1530297
6875037,5,1530297
6876248,5,1530297
6877461,6,1530297
6878675,6,1530297
6879887,5,1530297
6881099,8,1530297
6882312,7,1530297
6883525,7,1533278
6884737,9,1533278
6885951,9,1533278
6887163,7,1533278
6888376,4,1533278
6889589,8,1533278
6890801,7,1533278
6892014,4,1533278
6893227,7,1533278
6894440,6,1531377
6895653,0,1531377
6896865,7,1531377
6898077,8,1531377
6899290,5,1531377
6900504,8,1531377
6901716,6,1531377
6902929,7,1531377
6904141,4,1531377
6911417,8,1531377
6912630,5,1531377
6913843,7,1531377
6915055,7,1531377
6916269,7,1531788
6917482,4,1531788
6918694,7,1531788
6919907,6,1531788
6921119,6,1531788
6922332,5,1531788
6923544,5,1531788
6924757,5,1531788
6925969,5,1531788
6927182,6,1530400
6928395,4,1530400
6929607,5,1530400
6930820,3,1530400
6932033,7,1530400
6933246,8,1530400
6934458,7,1530400
6935671,8,1530400
6936884,8,1530400
6938097,6,1533073
6939309,5,1533073
6940522,6,1533073
6941735,10,1533073
6942947,8,1533073
6944159,7,1533073
6945373,5,1533073
6946585,4,1533073
6947797,6,1533073
6949010,7,1532867
6950223,6,1532867
6951436,10,1532867
6952648,6,1532867
6953861,5,1532867
6955074,6,1532867
6956286,10,1532867
6957499,6,1532867
6958711,7,1532867
6959925,6,1532199
6961137,6,1532199
6962350,6,1532199
6963563,7,1532199
6964775,7,1532199
6965988,6,1532199
6967201,7,1532199
6968413,6,1532199
6969626,6,1532199
6970839,7,1530246
6972051,5,1532045
6973264,3,1532045
6974476,2,1532045
6975689,7,1532045
6976902,5,1532045
6978115,5,1532045
6979327,4,1532045
6980540,5,1532045
6981752,3,1532045
6982966,5,1524747
6984178,5,1524747
6985390,3,1524747
6986604,3,1524747
6987816,5,1524747
6995176,4,1524747
6996304,7,1524747
6997517,7,1524747
6998730,7,1524747
6999942,9,1524747
7001155,8,1524747
7002368,4,1524747
7003581,9,1533432
7004794,4,1530966
7006006,3,1530966
7007218,5,1530966
7008431,5,1530966
7009643,2,1530966
7010857,3,1530966
7012069,4,1530966
7013281,4,1530966
7014495,6,1530966
7015707,5,1530966
7016920,6,1530966
7018133,4,1530966
7019345,5,1530966
7020557,4,1530966
7021770,3,1530966
7022983,5,1530966
7024196,6,1530966
7025409,2,1530966
7026621,5,1530963
7027834,3,1530195
7029047,4,1530195
7030259,4,1530195
7031471,3,1530195
7032684,4,1530195
7033897,5,1530195
7035110,3,1530195
7036323,3,1530195
7037535,4,1530262
7038747,2,1534358
7039961,3,1534358
7041174,3,1534358
7042385,3,1534358
7043598,4,1534358
7044811,4,1534358
7046024,4,1534358
7047236,7,1534358
7048449,6,1534358
7049661,5,1534358
7050875,9,1534358
7052087,8,1534358
7053300,8,1534358
7054513,9,1534358
7055725,6,1534358
7056937,6,1534358
7058150,4,1529938
7059363,3,1529938
7060576,4,1529938
7061789,7,1529938
7063002,4,1529938
7064214,7,1529938
7065427,9,1529938
7066639,6,1529938
7067852,4,1529938
7069065,6,1529938
7070278,6,1531839
7071490,6,1531839
7079979,6,1531839
7081192,8,1530760
7082404,4,1530760
7083617,7,1530760
7084830,7,1530760
7086042,7,1530760
7087255,6,1530760
7088468,3,1530760
7089681,8,1530760
7090893,8,1530760
7092107,7,1528756
7093319,3,1528756
7094531,7,1528756
7095744,4,1528756
7096957,6,1528756
7098170,7,1528756
7099383,8,1528756
7100595,7,1528756
7101809,7,1528756
7103021,5,1534871
7104233,7,1534871
7105446,8,1534871
7106659,6,1534871
7107872,6,1534871
7109085,4,1534871
7110298,4,1534871
7111510,5,1534871
7112723,7,1534871
7113936,8,1532353
7115149,1,1532353
7116362,7,1532353
7117574,9,1532353
7118786,5,1532353
7119999,8,1532353
7121212,5,1532353
7122425,10,1532353
7123637,5,1532353
7124850,8,1533124
7126063,4,1533124
7127275,11,1533124
7128489,5,1533124
7129701,5,1533124
7130914,5,1533124
7132127,7,1533124
7133339,6,1533124
7134552,8,1533124
7135765,4,1528190
7136978,7,1528190
7138191,5,1528190
7139403,7,1528190
7140616,8,1528190
7141828,8,1528190
7143042,10,1528190
7144254,7,1528190
7145467,6,1528190
7146679,3,1529527
7147892,2,1529527
7149105,6,1529527
7150318,10,1529527
7151530,9,1529527
7152743,6,1529527
7153956,7,1529527
7155168,8,1529527
7156381,7,1529527
7163657,7,1529527
7164870,9,1529527
7166083,4,1529527
7167296,7,1529527
7168508,5,1531582
7169721,4,1531788
7170934,7,1531788
7172147,3,1531788
7173359,3,1531788
7174572,4,1531788
7175785,4,1531788
7176998,7,1531788
7178211,3,1531788
7179423,6,1531788
7180636,5,1531171
7181849,4,1531171
7183061,4,1531171
7184274,4,1531171
7185487,3,1531171
7186699,4,1531171
7187912,5,1531171
7189125,5,1531171
7190337,4,1531171
7191550,3,1529475
7192762,5,1529475
7193975,5,1529475
7195188,5,1529475
7196401,3,1529475
7197614,4,1529475
7198826,5,1529475
7200039,5,1529475
7201251,4,1529475
7202464,4,1530555
7203677,2,1530555
7204889,4,1530555
7206102,3,1530555
7207314,3,1530555
7208527,5,1530555
7209740,8,1530555
7210953,4,1530555
7212165,5,1530555
7213378,4,1530513
7214590,5,1533073
7215803,5,1533073
7217015,4,1533073
7218228,3,1533073
7219441,3,1533073
7220654,2,1533073
7221866,6,1533073
7223079,5,1533073
7224291,3,1532995
7225504,-1,1526083
7226716,4,1526083
7227929,1,1526083
7229142,5,1526083
7230354,6,1526083
7231567,5,1526083
7232780,3,1526083
7233992,4,1526083
7235204,5,1526107
7236418,5,1526107
7237630,8,1526107
7238843,8,1526107
7240055,9,1526107
7247331,1,1526107
7248544,7,1526107
7249757,5,1526107
7250969,7,1526107
7252182,8,1526107
7253394,6,1526107
7254607,6,1526107
7255820,7,1526107
7257032,8,1528448
7258245,6,1528448
7259458,5,1528448
7260670,7,1528448
7261883,5,1528448
7263096,5,1528448
7264308,5,1528448
7265521,5,1528448
7266734,9,1528448
7267946,5,1530092
7269159,4,1530092
7270372,6,1530092
7271584,5,1530092
7272797,7,1530092
7274010,6,1530092
7275223,5,1530092
7276436,7,1530092
7277648,5,1530092
7278861,6,1532199
7280074,4,1532199
7281286,6,1532199
7282499,5,1532199
7283712,8,1532199
7284924,9,1532199
7286138,6,1532199
7287350,6,1532199
7288563,5,1532199
7289776,4,1531377
7290988,5,1531377
7292202,6,1531377
7293414,8,1531377
7294626,7,1531377
7295839,7,1531377
7297052,5,1531377
7298264,7,1531377
7299478,6,1531377
7300690,9,1530555
7301903,4,1530555
7303115,5,1530555
7304328,7,1530555
7305541,5,1530555
7306753,4,1530555
7307966,8,1530555
7309178,6,1530555
7310391,4,1530555
7311604,7,1531891
7312817,4,1531891
7314029,6,1531891
7315242,6,1531891
7316454,4,1531891
7317667,8,1531891
7318879,7,1531891
7320092,8,1531891
7321305,6,1531891
7322517,6,1532662
7323730,3,1532662
7332218,4,1532662
7333430,9,1533535
7334643,4,1533535
7335856,9,1533535
7337068,8,1533535
7338282,5,1533535
7339493,7,1533535
7340706,7,1533535
7341919,6,1533535
7343131,7,1533535
7344344,8,1530914
7345557,6,1530914
7346770,5,1530914
7347982,9,1530914
7349195,9,1530914
7350408,8,1530914
7351620,6,1530914
7352832,5,1530914
7354046,5,1530914
7355258,7,1527728
7356470,3,1532867
7357683,4,1532867
7358896,4,1532867
7360109,3,1532867
7361320,4,1532867
7362534,5,1532867
7363746,3,1532867
7364959,7,1532867
7366171,5,1532867
7367384,4,1530092
7368596,5,1530092
7369809,0,1530092
7371022,2,1530092
7372234,9,1530092
7373448,5,1530092
7374660,3,1530092
7375872,2,1530092
7377085,4,1530092
7378297,3,1523719
7379511,4,1523719
7380723,4,1523719
7381935,5,1523719
7383148,5,1523719
7384361,3,1523719
7385574,7,1523719
7386787,5,1523719
7387999,4,1523719
7389211,3,1533176
7390424,5,1533176
7391636,3,1533176
7392849,3,1533176
7394062,4,1533176
7395274,5,1533176
7396486,3,1533176
7397699,4,1533176
7398912,4,1533176
7400124,2,1529989
7401337,5,1529989
7402549,5,1529989
7403762,4,1529989
7404975,4,1529989
7406187,2,1529989
7407400,5,1529989
7408613,6,1529989
7417101,6,1529989
7418313,6,1529989
7419526,5,1529989
7420738,12,1531120
7421951,6,1530964
7423163,5,1530452
7424376,5,1530452
7425589,4,1530452
7426802,3,1530452
7428014,3,1530452
7429226,6,1530452
7430440,6,1530452
7431653,5,1530452
7432864,3,1530452
7434078,4,1530452
7435290,8,1530452
7436502,8,1530452
7437715,7,1530452
7438927,9,1530452
7440140,4,1530452
7441353,6,1530452
7442565,7,1533176
7443778,3,1533176
7444991,5,1533176
7446203,6,1533176
7447416,4,1533176
7448629,7,1533176
7449842,5,1533176
7451054,7,1533176
7452266,10,1533176
7453479,5,1533176
7454692,5,1532405
7455905,5,1532405
7457117,6,1532405
7458330,7,1532405
7459542,7,1532405
7460755,6,1532405
7461967,8,1532405
7463181,4,1532405
7464393,7,1532405
7465605,4,1532559
7466818,5,1532559
7468031,6,1532559
7469243,4,1532559
7470457,4,1532559
7471669,6,1532559
7472881,9,1532559
7474094,7,1532559
7475306,5,1532559
7476520,5,1531120
7477731,8,1531120
7478944,8,1531120
7480158,11,1531120
7481369,4,1531120
7482582,7,1531120
7483796,5,1531120
7485008,6,1531120
7486221,5,1531120
7487434,9,1530914
7488647,7,1530914
7489859,7,1530914
7491071,3,1530914
7492285,6,1530914
7493497,6,1530914
7500773,3,1530914
7501985,8,1530914
7503198,9,1530914
7504411,5,1530914
7505623,6,1530914
7506837,8,1530914
7508050,8,1530914
7509262,7,1530811
7510475,3,1530811
7511687,5,1530811
7512899,7,1530811
7514112,5,1530811
7515326,10,1530811
7516537,9,1530811
7517750,8,1530811
7518963,4,1530811
7520175,9,1532353
7521388,3,1532353
7522600,8,1532353
7523813,6,1532353
7525026,6,1532353
7526239,6,1532353
7527451,6,1532353
7528664,7,1532353
7529877,7,1532353
7531089,8,1530349
7532301,5,1530349
7533514,10,1530349
7534727,6,1530349
7535940,6,1530349
7537152,8,1530349
7538365,8,1530349
7539577,8,1530349
7540790,5,1530349
7542003,8,1532662
7543215,4,1531068
7544428,7,1531068
7545640,4,1531068
7546853,4,1531068
7548066,3,1531068
7549279,4,1531068
7550491,2,1531068
7551704,5,1531068
7552917,5,1531068
7554129,5,1531685
7555342,4,1531685
7556554,4,1531685
7557767,3,1531685
7558979,4,1531685
7560192,5,1531685
7561404,5,1531685
7562617,2,1531685
7563830,4,1531685
7565042,6,1528961
7566254,4,1528961
7567467,3,1528961
7568680,2,1528961
7569892,4,1528961
7571105,5,1528961
7572317,5,1528961
7573530,3,1528961
7574743,5,1528961
7575955,4,1535128
7577168,6,1535128
7585656,3,1535128
7586870,2,1529835
7588082,5,1529835
7589294,6,1529835
7590507,5,1529835
7591720,6,1529835
7592932,6,1529835
7594145,6,1529835
7595357,4,1529835
7596570,5,1529835
7597782,4,1529680
7598995,5,1529424
7600208,5,1529424
7601421,5,1529424
7602633,5,1529424
7603846,5,1529424
7605059,6,1529424
7606271,2,1529424
7607483,3,1529424
7608696,5,1529379
7609908,3,1531171
7611121,1,1531171
7612334,4,1531171
7613546,2,1531171
7614758,5,1531171
7615971,4,1531171
7617184,3,1531171
7618396,4,1531171
7619609,3,1531384
7620821,3,1533176
7622034,6,1533176
7623246,4,1533176
7624459,3,1533176
7625672,4,1533176
7626884,3,1533176
7628098,1,1533176
7629309,4,1533176
7630522,5,1533176
7631735,8,1533176
7632947,4,1533176
7634160,6,1533176
7635372,6,1533176
7636585,6,1533176
7637798,8,1533176
7639011,7,1533176
7640223,8,1533176
7641436,9,1529578
7642648,4,1529578
7643861,7,1529578
7645074,4,1529578
7646286,6,1529578
7647498,8,1529578
7648711,7,1529578
7649924,6,1529578
7651136,5,1529578
7652349,7,1530760
7653562,5,1530760
7654774,5,1530760
7655987,9,1530760
7657199,7,1530760
7658412,6,1530760
7659625,8,1530760
7660838,7,1530760
7662050,7,1530760
7669325,2,1530760
7670538,4,1530760
7671750,6,1530760
7672963,9,1530760
7674176,7,1532302
7675388,5,1532302
7676601,5,1532302
7677813,2,1532302
7679026,8,1532302
7680239,6,1532302
7681451,7,1532302
7682664,9,1532302
7683877,7,1532302
7685090,6,1528396
7686301,4,1528396
7687514,7,1528396
7688727,7,1528396
7689939,8,1528396
7691152,7,1528396
7692365,2,1528396
7693578,7,1528396
7694791,7,1528396
7696003,6,1530452
7697215,4,1530452
7698428,6,1530452
7699641,5,1530452
7700854,5,1530452
7702066,6,1530452
7703279,8,1530452
7704491,4,1530452
7705704,4,1530452
7706916,5,1546486
7708129,4,1546486
7709342,9,1546486
7710554,3,1546486
7711767,8,1546486
7712979,8,1546486
7714192,7,1546486
7715405,3,1546486
7716617,7,1546486
7717829,9,1528807
7719042,6,1528807
7720255,3,1528807
7721468,4,1528807
7722681,7,1528807
7723893,6,1528807
7725106,6,1528807
7726318,6,1528807
7727531,7,1528807
7728743,6,1531068
7729956,3,1531068
7731168,10,1531068
7732381,5,1531068
7733594,7,1531068
7734806,6,1531068
7736019,9,1531068
7737231,10,1531068
7738444,5,1531068
7739657,6,1529372
7740869,6,1532816
7742082,4,1532816
7743294,4,1532816
7744507,3,1532816
7745720,6,1532816
7754209,6,1532816
7755420,6,1532816
7756634,3,1532816
7757846,5,1532816
7759059,7,1532816
7760271,6,1532816
7761484,6,1527266
7762697,3,1530863
7763909,4,1530863
7765121,5,1530863
7766334,6,1530863
7767547,7,1530863
7768759,4,1530863
7769973,2,1530863
7771185,5,1530863
7772397,4,1530863
7773611,4,1528602
7774823,5,1528602
7776036,8,1528602
7777248,4,1528602
7778461,3,1528602
7779674,4,1528602
7780887,6,1528602
7782099,2,1528602
7783311,3,1528602
7784525,3,1530709
7785737,6,1530709
7786950,5,1530709
7788162,3,1530709
7789375,4,1530709
7790588,4,1530709
7791800,5,1530709
7793013,4,1530709
7794225,5,1530709
7795438,7,1530795
7796651,4,1526443
7797863,4,1526443
7799076,2,1526443
7800289,4,1526443
7801502,5,1526443
7802714,5,1526443
7803927,4,1526443
7805139,5,1526443
7806352,5,1526449
7807565,4,1527985
7808778,4,1527985
7809990,5,1527985
7811202,6,1527985
7812415,4,1527985
7813628,5,1527985
7814841,5,1527985
7816053,2,1527985
7817265,7,1527985
7818478,5,1527985
7819691,5,1527985
7820903,6,1527985
7822117,5,1527985
7823329,7,1527985
7824541,10,1527985
7825754,7,1527985
7826966,5,1528602
7828179,5,1528602
7829392,4,1528602
7830604,9,1528602
7839093,6,1529887
7840305,4,1529887
7841518,5,1529887
7842731,6,1529887
7843943,7,1529887
7845156,7,1529887
7846369,5,1529887
7847581,7,1529887
7848794,5,1529887
7850007,4,1533124
7851219,5,1533124
7852432,9,1533124
7853644,7,1533124
7854857,10,1533124
7856070,5,1533124
7857282,9,1533124
7858495,5,1533124
7859707,5,1533124
7860920,7,1531891
7862133,4,1531891
7863346,8,1531891
7864558,6,1531891
7865771,3,1531891
7866984,6,1531891
7868196,7,1531891
7869409,5,1531891
7870621,7,1531891
7871834,6,1526854
7873046,5,1526854
7874259,6,1526854
7875472,5,1526854
7876684,6,1526854
7877897,8,1526854
7879110,6,1526854
7880322,4,1526854
7881534,8,1526854
7882747,6,1526083
7883959,4,1526083
7885172,4,1526083
7886385,7,1526083
7887598,8,1526083
7888810,9,1526083
7890023,8,1526083
7891235,9,1526083
7892448,5,1526083
7893660,8,1529475
7894873,5,1529475
7896086,6,1529475
7897298,7,1529475
7898511,9,1529475
7899724,6,1529475
7900936,5,1529475
7902150,5,1529475
7903362,6,1529475
7904574,7,1533844
7905786,3,1533844
7906999,4,1533844
7908212,7,1533844
7909425,5,1533844
7910637,7,1533844
7911850,8,1533844
7913062,7,1533844
7914275,8,1533844
7915488,5,1533844
7922764,3,1533844
7923977,9,1533844
7925190,7,1533844
7926403,5,1532147
7927615,4,1531274
7928828,0,1531274
7930040,4,1531274
7931254,5,1531274
7932465,3,1531274
7933679,4,1531274
7934891,5,1531274
7936103,3,1531274
7937316,4,1531274
7938529,3,1530863
7939741,3,1530863
7940954,4,1530863
7942167,4,1530863
7943379,5,1530863
7944592,5,1530863
7945805,6,1530863
7947018,4,1530863
7948230,5,1530863
7949443,5,1532147
7950656,4,1532147
7951869,6,1532147
7953080,6,1532147
7954293,6,1532147
7955506,4,1532147
7956719,6,1532147
7957931,7,1532147
7959144,4,1532147
7960357,3,1529321
7961570,4,1529321
7962782,0,1529321
7963995,4,1529321
7965208,5,1529321
7966420,5,1529321
7967633,3,1529321
7968846,4,1529321
7970058,4,1529321
7971271,4,1529784
7972483,2,1529784
7973696,5,1529784
7974909,6,1529784
7976121,2,1529784
7977334,3,1529784
7978546,3,1529784
7979758,2,1529784
7980971,5,1529784
7982184,4,1529767
7983396,4,1525415
7984610,3,1525415
7985821,2,1525415
7987035,8,1525415
7988247,5,1525415
7989459,3,1525415
7990673,3,1525415
7991885,4,1525415
7993098,3,1525433
7994310,4,1530041
7995524,4,1530041
7996735,10,1530041
7997949,6,1530041
7999161,11,1530041
8007649,6,1530041
8008862,9,1530041
8010074,8,1530041
8011287,7,1530041
8012500,6,1530041
8013712,7,1530246
8014925,4,1530246
8016138,5,1530246
8017350,4,1530246
8018563,6,1530246
8019775,6,1530246
8020988,7,1530246
8022200,5,1530246
8023413,5,1530246
8024626,5,1530246
8025838,9,1532405
8027051,6,1532405
8028264,6,1532405
8029477,4,1532405
8030689,6,1532405
8031902,8,1532405
8033114,7,1532405
8034327,9,1532405
8035540,3,1532405
8036752,6,1531788
8037966,3,1531788
8039178,6,1531788
8040391,8,1531788
8041603,6,1531788
8042816,7,1531788
8044030,8,1531788
8045242,4,1531788
8046454,5,1531788
8047667,8,1532353
8048879,5,1532353
8050092,9,1532353
8051304,6,1532353
8052517,6,1532353
8053730,11,1532353
8054942,8,1532353
8056155,7,1532353
8057368,7,1532353
8058580,5,1525827
8059793,4,1525827
8061006,8,1525827
8062219,9,1525827
8063431,10,1525827
8064643,5,1525827
8065857,7,1525827
8067069,7,1525827
8068282,5,1525827
8069494,7,1534152
8070706,7,1534152
8071920,4,1534152
8073132,5,1534152
8074344,7,1534152
8075557,7,1534152
8076769,8,1534152
8077982,5,1534152
8079195,5,1534152
8080408,7,1527163
8081620,3,1527163
8082832,8,1527163
8084045,9,1532250
8091321,-3,1532250
8092534,4,1532250
8093746,10,1532250
8094959,7,1532250
8096172,4,1532250
8097384,7,1532250
8098598,9,1532250
8099810,6,1532250
8101023,5,1532250
8102235,4,1529578
8103448,3,1529578
8104660,7,1529578
8105873,7,1529578
8107086,5,1529578
8108299,7,1529578
8109512,7,1529578
8110724,7,1529578
8111937,8,1529578
8113150,6,1529116
8114363,3,1529116
8115574,4,1529116
8116788,6,1529116
8118000,6,1529116
8119213,6,1529116
8120426,9,1529116
8121638,6,1529116
8122851,4,1529116
8124063,6,1528190
8125277,5,1533073
8126490,3,1533073
8127702,4,1533073
8128915,5,1533073
8130127,3,1533073
8131341,3,1533073
8132553,4,1533073
8133766,5,1533073
8134979,2,1533073
8136191,4,1530452
8137404,1,1530452
8138616,4,1530452
8139830,1,1530452
8141042,6,1530452
8142254,4,1530452
8143467,2,1530452
8144680,3,1530452
8145892,5,1530452
8147105,5,1528139
8148318,3,1528139
8149531,4,1528139
8150743,6,1528139
8151956,5,1528139
8153169,4,1528139
8154381,4,1528139
8155595,5,1528139
8156807,5,1528139
8158019,4,1532456
8159232,8,1532456
8160445,4,1532456
8161657,4,1532456
8162870,5,1532456
8164083,5,1532456
8165295,1,1532456
8166509,4,1532456
8167721,4,1532456
8176210,4,1532456
8177422,6,1532456
8178634,6,1529732
8179847,4,1529622
8181061,4,1527574
8182272,4,1527574
8183485,4,1527574
8184698,6,1527574
8185910,5,1527574
8187123,4,1527574
8188336,5,1527574
8189548,5,1527574
8190761,5,1527576
8191974,5,1528088
8193186,4,1528088
8194400,2,1528088
8195612,4,1528088
8196824,5,1528088
8198038,6,1528088
8199249,6,1528088
8200462,3,1528088
8201675,3,1528088
8202888,2,1528088
8204100,5,1528088
8205313,6,1528088
8206526,9,1528088
8207738,11,1528088
8208951,5,1528088
8210164,8,1528088
8211376,6,1527574
8212590,3,1527574
8213802,5,1527574
8215015,5,1527574
8216227,8,1527574
8217440,7,1527574
8218653,10,1527574
8219865,8,1527574
8221078,6,1527574
8222291,5,1527574
8223504,4,1531325
8224717,4,1531325
8225929,5,1531325
8227141,6,1531325
8228354,7,1531325
8229567,6,1531325
8230779,6,1531325
8231992,7,1531325
8233206,7,1531325
8234418,7,1531788
8235630,3,1531788
8236843,7,1531788
8238056,6,1531788
8239269,6,1531788
8240481,6,1531788
8241694,7,1531788
8242906,5,1531788
8244120,6,1531788
8245332,8,1526854
8246544,3,1526854
8247758,4,1526854
8248970,6,1526854
8250183,5,1526854
8251396,6,1526854
8252608,4,1526854
8261097,4,1526854
8262310,8,1526854
8263522,9,1526854
8264735,10,1526854
8265947,6,1526854
8267160,6,1529167
8268373,7,1529167
8269586,6,1529167
8270799,6,1529167
8272011,9,1529167
8273225,6,1529167
8274437,9,1529167
8275649,6,1529167
8276862,7,1529167
8278074,6,1532970
8279287,4,1532970
8280500,3,1532970
8281713,6,1532970
8282925,10,1532970
8284138,9,1532970
8285351,9,1532970
8286563,8,1532970
8287776,5,1532970
8288989,5,1529938
8290202,5,1529938
8291414,5,1529938
8292627,5,1529938
8293840,8,1529938
8295053,7,1529938
8296266,5,1529938
8297478,7,1529938
8298690,7,1529938
8299903,5,1528704
8301116,5,1528704
8302329,7,1528704
8303541,5,1528704
8304753,8,1528704
8305966,8,1528704
8307179,7,1528704
8308392,8,1528704
8309605,8,1528704
8310818,7,1527368
8312030,6,1529887
8313242,5,1529887
8314456,4,1529887
8315668,4,1529887
8316880,3,1529887
8318093,4,1529887
8319306,4,1529887
8320519,4,1529887
8321731,9,1529887
8322944,1,1530555
8324157,4,1530555
8325369,7,1530555
8326582,4,1530555
8327795,0,1530555
8329007,3,1530555
8330220,5,1530555
8331433,7,1530555
8332646,4,1530555
8333858,5,1528242
8335071,5,1528242
8336283,3,1528242
8337496,3,1532199
8345985,9,1532199
8347197,3,1532199
8348411,5,1532199
8349623,3,1532199
8350836,5,1532199
8352048,4,1532199
8353262,2,1532199
8354473,3,1532199
8355687,4,1529527
8356899,5,1529527
8358111,3,1529527
8359325,4,1529527
8360537,7,1529527
8361749,8,1529527
8362962,5,1529527
8364175,6,1529527
8365387,4,1529527
8366601,5,1529433
8367814,4,1531993
8369026,5,1531993
8370238,8,1531993
8371451,4,1531993
8372664,2,1531993
8373876,5,1531993
8375089,2,1531993
8376301,4,1531993
8377515,4,1532142
8378727,4,1530606
8379940,2,1530606
8381152,5,1530606
8382366,4,1530606
8383578,5,1530606
8384791,3,1530606
8386003,3,1530606
8387216,5,1530606
8388428,6,1530503
8389641,6,1530503
8390854,3,1530503
8392066,4,1530503
8393279,3,1530503
8394492,3,1530503
8395704,3,1530503
8396918,5,1530503
8398130,3,1530503
8399343,5,1530503
8400555,0,1530503
8401768,4,1530503
8402980,7,1530503
8404194,7,1530503
8405406,4,1530503
8406618,9,1530503
8407832,7,1530503
8409045,6,1530503
8410257,8,1525775
8411470,3,1525775
8412683,4,1525775
8413895,8,1525775
8415108,4,1525775
8416320,4,1525775
8417533,6,1525775
8418746,8,1525775
8419959,6,1525775
8421172,7,1531737
8422385,6,1531737
8430873,8,1531737
8432087,6,1533381
8433300,3,1533381
8434512,8,1533381
8435725,9,1533381
8436938,6,1533381
8438150,6,1533381
8439363,4,1533381
8440576,7,1533381
8441789,4,1533381
8443002,9,1532662
8444214,4,1532662
8445426,9,1532662
8446640,6,1532662
8447852,6,1532662
8449065,5,1532662
8450278,5,1532662
8451490,6,1532662
8452703,4,1532662
8453915,6,1526032
8455129,6,1526032
8456341,9,1526032
8457554,6,1526032
8458766,6,1526032
8459979,6,1526032
8461191,7,1526032
8462405,5,1526032
8463617,8,1526032
8464829,6,1527779
8466043,6,1527779
8467255,6,1527779
8468468,4,1527779
8469680,5,1527779
8470893,5,1527779
8472106,8,1527779
8473319,5,1527779
8474531,5,1527779
8475744,8,1532610
8476956,4,1532610
8478169,6,1532610
8479382,6,1532610
8480595,7,1532610
8481807,6,1532610
8483021,9,1532610
8484233,8,1532610
8485445,8,1532610
8486658,8,1527934
8487872,4,1527934
8489084,5,1527934
8490297,4,1527934
8491510,7,1527934
8492722,9,1527934
8493935,5,1527934
8495148,6,1527934
8496361,7,1527934
8497573,10,1533330
8498786,4,1533330
8499999,8,1533330
8501211,9,1533330
8502424,6,1533330
8503637,4,1533330
8504850,6,1533330
8506062,4,1533330
8507275,6,1533330
8514551,10,1533330
8515764,5,1533330
8516977,5,1533330
8518190,6,1533330
8519402,5,1531634
8520615,5,1528550
8521827,2,1528550
8523040,7,1528550
8524252,4,1528550
8525465,1,1528550
8526678,3,1528550
8527890,3,1528550
8529103,4,1528550
8530316,4,1528550
8531529,4,1528550
8532742,5,1528550
8533954,5,1528550
8535166,3,1528550
8536379,5,1528550
8537592,3,1528550
8538804,4,1528550
8540016,2,1528550
8541229,4,1528550
8542442,5,1527008
8543655,3,1527008
8544867,6,1527008
8546080,3,1527008
8547292,4,1527008
8548504,4,1527008
8549717,6,1527008
8550930,6,1527008
8552143,5,1527008
8553355,4,1529835
8554568,2,1529835
8555780,4,1529835
8556993,6,1529835
8558205,5,1529835
8559418,5,1529835
8560631,4,1529835
8561844,2,1529835
8563057,5,1529835
8564268,3,1529779
8565481,3,1528499
8566694,4,1528499
8567907,7,1528499
8569119,2,1528499
8570332,5,1528499
8571545,5,1528499
8572758,4,1528499
8573969,4,1528499
8575182,3,1528562
8576395,4,1531634
8577607,4,1531634
8578820,2,1531634
8580033,4,1531634
8581245,5,1531634
8582458,2,1531634
8583670,4,1531634
8584883,3,1531634
8586096,0,1531634
8587309,4,1531634
8588521,4,1531634
8589734,10,1531634
8590946,4,1531634
8598223,7,1531634
8599435,13,1531634
8600648,8,1531634
8601860,8,1531634
8603074,2,1531634
8604286,5,1531634
8605498,5,1531634
8606711,9,1531634
8607924,10,1528602
8609137,4,1528602
8610349,5,1528602
8611562,7,1528602
8612774,5,1528602
8613987,6,1528602
8615199,8,1528602
8616413,8,1528602
8617625,7,1528602
8618838,6,1528448
8620050,3,1528448
8621263,9,1528448
8622476,7,1528448
8623688,6,1528448
8624902,4,1528448
8626113,6,1528448
8627327,8,1528448
8628539,9,1528448
8629752,7,1526752
8630964,5,1526752
8632177,3,1526752
8633390,7,1526752
8634602,5,1526752
8635815,7,1526752
8637027,10,1526752
8638240,7,1526752
8639453,7,1526752
8640666,7,1530966
8641878,4,1530966
8643091,8,1530966
8644303,7,1530966
8645516,5,1530966
8646729,7,1530966
8647942,3,1530966
8649154,7,1530966
8650366,6,1530966
8651579,8,1527420
8652792,-3,1527420
8654004,8,1527420
8655217,7,1527420
8656430,6,1527420
8657642,9,1527420
8658855,10,1527420
8660068,4,1527420
8661281,4,1527420
8662493,3,1531017
8663705,5,1531017
8664918,8,1531017
8666131,8,1531017
8667343,4,1531017
8668556,6,1531017
8669769,4,1531017
8670981,7,1531017
8672193,9,1531017
8673406,6,1530143
8674619,4,1530143
8683107,2,1530143
8684320,8,1529475
8685532,4,1529475
8686746,3,1529475
8687958,8,1529475
8689171,6,1529475
8690383,5,1529475
8691596,9,1529475
8692808,6,1529475
8694022,10,1529475
8695234,6,1529270
8696446,5,1531942
8697659,3,1531942
8698871,6,1531942
8700084,4,1531942
8701297,5,1531942
8702510,4,1531942
8703723,3,1531942
8704935,4,1531942
8706147,5,1531942
8707360,5,1531428
8708572,8,1531428
8709786,3,1531428
8710998,5,1531428
8712210,5,1531428
8713423,4,1531428
8714636,5,1531428
8715849,4,1531428
8717062,3,1531428
8718274,3,1531737
8719487,3,1531737
8720699,2,1531737
8721912,6,1531737
8723126,6,1531737
8724338,5,1531737
8725550,3,1531737
8726763,4,1531737
8727976,4,1531737
8729189,4,1531993
8730401,6,1531993
8731615,3,1531993
8732827,2,1531993
8734040,6,1531993
8735252,4,1531993
8736465,4,1531993
8737677,4,1531993
8738890,7,1531993
8740103,2,1530503
8741316,1,1530503
8742528,4,1530503
8743741,8,1530503
8744954,5,1530503
8746167,5,1530503
8747380,4,1530503
8748592,2,1530503
8749805,5,1530503
8751017,3,1530503
8752230,6,1530503
8753442,5,1530503
8754655,2,1530503
8755868,5,1530503
8757081,3,1530503
8758293,7,1530503
8759506,6,1530503
8767995,10,1530503
8769208,8,1530503
8770421,5,1530503
8771633,5,1528756
8772846,6,1528653
8774059,3,1528653
8775271,3,1528653
8776484,2,1528653
8777696,5,1528653
8778910,5,1528653
8780122,5,1528653
8781334,3,1528653
8782547,4,1528653
8783760,3,1528653
8784972,3,1528653
8786185,8,1528653
8787398,8,1528653
8788610,8,1528653
8789823,5,1528653
8791036,5,1528653
8792249,9,1528653
8793461,6,1527522
8794674,5,1527522
8795887,4,1527522
8797099,3,1527522
8798312,5,1527522
8799525,5,1527522
8800737,10,1527522
8801950,9,1527522
8803163,4,1527522
8804375,4,1527522
8805588,5,1530143
8806801,4,1530143
8808014,6,1530143
8809226,5,1530143
8810439,9,1530143
8811651,5,1530143
8812865,5,1530143
8814077,6,1530143
8815290,7,1530143
8816502,4,1527779
8817715,5,1527779
8818928,7,1527779
8820140,4,1527779
8821353,6,1527779
8822565,7,1527779
8823778,4,1527779
8824991,6,1527779
8826204,4,1527779
8827416,7,1528190
8828629,4,1528190
8829842,10,1528190
8831054,7,1528190
8832267,6,1528190
8833480,7,1528190
8834692,8,1528190
8835905,6,1528190
8837118,7,1528190
8838331,8,1529218
8839543,6,1529218
8840756,4,1529218
8841968,6,1529218
8843181,7,1529218
8844394,6,1529218
8851670,8,1529218
8852882,7,1529218
8854095,5,1529218
8855309,6,1529218
8856520,8,1529218
8857734,11,1529218
8858946,5,1529218
8860158,8,1526957
8861371,3,1526957
8862584,7,1526957
8863796,8,1526957
8865009,8,1526957
8866221,8,1526957
8867434,10,1526957
8868647,5,1526957
8869859,4,1526957
8871072,5,1527728
8872285,5,1527728
8873497,7,1527728
8874710,6,1527728
8875923,3,1527728
8877135,4,1527728
8878347,5,1527728
8879560,7,1527728
8880772,5,1527728
8881986,5,1532405
8883197,3,1532405
8884410,7,1532405
8885623,8,1532405
8886836,7,1532405
8888048,10,1532405
8889260,6,1532405
8890473,3,1532405
8891686,5,1532405
8892899,8,1529578
8894111,5,1530914
8895324,4,1530914
8896536,7,1530914
8897749,5,1530914
8898962,4,1530914
8900174,5,1530914
8901387,4,1530914
8902600,4,1530914
8903812,4,1530914
8905025,3,1529527
8906237,5,1529527
8907449,3,1529527
8908662,5,1529527
8909875,5,1529527
8911087,4,1529527
8912300,4,1529527
8913513,2,1529527
8914725,4,1529527
8915938,4,1529784
8917151,5,1529784
8918363,6,1529784
8919577,5,1529784
8920789,5,1529784
8922002,4,1529784
8923214,4,1529784
8924427,8,1529784
8925640,4,1529784
8926853,4,1529167
8928065,10,1529167
8935341,0,1529167
8936553,0,1529167
8937766,11,1528242
8938978,5,1528242
8940191,3,1528242
8941404,5,1528242
8942616,4,1528242
8943829,1,1528242
8945042,7,1528242
8946254,3,1528242
8947466,4,1528242
8948680,1,1528295
8949892,6,1528807
8951104,4,1528807
8952317,5,1528807
8953529,3,1528807
8954742,6,1528807
8955955,5,1528807
8957168,4,1528807
8958380,6,1528807
8959593,5,1528700
8960806,4,1527420
8962018,2,1527420
8963230,7,1527420
8964443,5,1527420
8965656,4,1527420
8966868,6,1527420
8968082,5,1527420
8969294,4,1527420
8970507,5,1527420
8971719,4,1527420
8972932,6,1527420
8974144,4,1527420
8975358,8,1527420
8976570,6,1527420
8977783,2,1527420
8978996,7,1527420
8980208,7,1532918
8981421,3,1532918
8982634,4,1532918
8983847,9,1532918
8985059,7,1532918
8986272,6,1532918
8987485,5,1532918
8988697,7,1532918
8989910,4,1532918
8991123,9,1532918
8992335,8,1527934
8993548,5,1527934
8994761,4,1527934
8995974,9,1527934
8997186,7,1527934
8998399,3,1527934
8999612,6,1527934
9000825,3,1527934
9002037,10,1527934
9003250,7,1527934
9004463,3,1527934
9005675,7,1527934
9006887,5,1527934
9008100,7,1527934
9009314,5,1527934
9010526,4,1527934
9011738,6,1527934
9020227,6,1527934
9021439,6,1527934
9022653,7,1527934
9023865,9,1527934
9025078,6,1531891
9026291,3,1531891
9027503,5,1531891
9028716,7,1531891
9029929,5,1531891
9031141,9,1531891
9032354,7,1531891
9033566,6,1531891
9034779,4,1531891
9035991,6,1532405
9037204,5,1532405
9038417,7,1532405
9039630,4,1532405
9040843,4,1532405
9042055,3,1532405
9043267,9,1532405
9044481,6,1532405
9045693,7,1532405
9046906,5,1525827
9048119,3,1525827
9049331,6,1525827
9050545,3,1525827
9051757,4,1525827
9052970,8,1525827
9054182,6,1525827
9055395,7,1525827
9056608,5,1525827
9057821,8,1526135
9059033,5,1526135
9060246,4,1526135
9061459,6,1526135
9062671,6,1526135
9063883,7,1526135
9065096,6,1526135
9066309,7,1526135
9067521,10,1526135
9068734,11,1528704
9069947,4,1528704
9071159,7,1528704
9072372,8,1528704
9073585,7,1528704
9074797,6,1528704
9076010,5,1528704
9077223,5,1528704
9078436,8,1528704
9079647,7,1527266
9080860,5,1527266
9082073,7,1527266
9083286,5,1527266
9084498,7,1527266
9085711,8,1527266
9086923,7,1527266
9088135,8,1527266
9089349,7,1527266
9090561,6,1528550
9091773,4,1528550
9092986,6,1528550
9094199,6,1528550
9095412,6,1528550
9096624,7,1528550
9105113,9,1528550
9106325,4,1528550
9107538,4,1528550
9108751,6,1528550
9109963,7,1528550
9111176,5,1528550
9112389,7,1522794
9113602,3,1532816
9114814,4,1532816
9116027,3,1532816
9117239,7,1532816
9118453,4,1532816
9119665,2,1532816
9120877,3,1532816
9122090,3,1532816
9123303,5,1532816
9124516,6,1528602
9125728,4,1528602
9126941,5,1528602
9128154,2,1528602
9129367,3,1528602
9130579,4,1528602
9131792,5,1528602
9133004,5,1528602
9134218,5,1528602
9135430,6,1528036
9136642,4,1528036
9137855,4,1528036
9139067,3,1528036
9140280,4,1528036
9141493,2,1528036
9142706,4,1528036
9143918,5,1528036
9145131,4,1528036
9146344,1,1527831
9147556,3,1527831
9148769,3,1527831
9149982,4,1527831
9151194,4,1527831
9152407,5,1527831
9153620,4,1527831
9154833,4,1527831
9156045,5,1527831
9157258,3,1527831
9158471,3,1527831
9159684,3,1527831
9160896,4,1527831
9162109,4,1527831
9163322,4,1527831
9164535,5,1527831
9165748,4,1527831
9166961,6,1527831
9168173,8,1527831
9169386,8,1527831
9170599,5,1527831
9171812,8,1527831
9173025,9,1527831
9174238,7,1527831
9175450,8,1527831
9176663,6,1527831
9177876,7,1529629
9179089,4,1529629
9180301,3,1529629
9181514,7,1529629
9188791,5,1529629
9190004,7,1528704
9191216,5,1528704
9192429,9,1528704
9193641,5,1528704
9194854,8,1528704
9196067,6,1528704
9197280,7,1528704
9198493,6,1528704
9199705,5,1528704
9200918,2,1528499
9202131,4,1528499
9203343,9,1528499
9204556,9,1528499
9205769,4,1528499
9206981,5,1528499
9208194,5,1528499
9209407,7,1528499
9210621,6,1528499
9211832,8,1527625
9213046,6,1527625
9214258,5,1527625
9215470,4,1527625
9216683,6,1527625
9217896,5,1527625
9219109,9,1527625
9220321,6,1527625
9221534,6,1527625
9222747,6,1529270
9223959,5,1529270
9225172,8,1529270
9226385,6,1529270
9227598,4,1529270
9228811,6,1529270
9230023,7,1529270
9231236,7,1529270
9232449,5,1529270
9233662,5,1524901
9234875,3,1524901
9236087,5,1524901
9237300,6,1524901
9238513,7,1524901
9239726,8,1524901
9240938,8,1524901
9242151,3,1524901
9243364,3,1524901
9244577,6,1532199
9245790,6,1532199
9247003,7,1532199
9248215,7,1532199
9249429,8,1532199
9250641,8,1532199
9251854,9,1532199
9253067,8,1532199
9254279,8,1532199
9255493,4,1524850
9256705,4,1524850
9257918,9,1524850
9259131,6,1524850
9260343,6,1524850
9261556,9,1524850
9262768,3,1524850
9263981,4,1524850
9265194,7,1524850
9272471,4,1524850
9273683,6,1524850
9274896,7,1524850
9276109,8,1524850
9277322,7,1527471
9278535,6,1528756
9279748,6,1528756
9280960,6,1528756
9282173,4,1528756
9283385,5,1528756
9284599,4,1528756
9285812,4,1528756
9287024,5,1528756
9288237,8,1528756
9289449,6,1527676
9290662,5,1527676
9291876,4,1527676
9293088,3,1527676
9294301,4,1527676
9295514,4,1527676
9296727,5,1527676
9297940,7,1527676
9299152,4,1527676
9300365,3,1529527
9301578,3,1529527
9302791,2,1529527
9304003,6,1529527
9305216,4,1529527
9306429,9,1529527
9307642,6,1529527
9308854,5,1529527
9310067,5,1529527
9311281,4,1524182
9312494,4,1524182
9313705,6,1524182
9314919,3,1524182
9316131,4,1524182
9317344,5,1524182
9318557,3,1524182
9319769,4,1524182
9320982,3,1524182
9322195,3,1526803
9323407,7,1526803
9324620,3,1526803
9325834,4,1526803
9327046,6,1526803
9328259,3,1526803
9329471,2,1526803
9330684,3,1526803
9331897,4,1526803
9333110,4,1527011
9334322,5,1527779
9335535,6,1527779
9336748,4,1527779
9337961,3,1527779
9339174,7,1527779
9340387,3,1527779
9341599,5,1527779
9342812,6,1527779
9344025,5,1527628
9345238,7,1528396
9346450,5,1528396
9347663,3,1528396
9348876,9,1528396
9356176,8,1528396
9357364,6,1528396
9358577,9,1528396
9359790,5,1528396
9361003,6,1528396
9362216,8,1528396
9363429,9,1528396
9364641,6,1532970
9365854,5,1532970
9367066,3,1532970
9368279,9,1532970
9369493,5,1532970
9370705,6,1532970
9371917,4,1532970
9373130,7,1532970
9374343,4,1532970
9375556,8,1525107
9376769,5,1525107
9377982,3,1525107
9379194,6,1525107
9380408,7,1525107
9381620,5,1525107
9382833,6,1525107
9384046,9,1525107
9385259,7,1525107
9386472,7,1525107
9387684,7,1525313
9388896,6,1525313
9390110,7,1525313
9391323,10,1525313
9392535,5,1525313
9393748,6,1525313
9394960,6,1525313
9396173,5,1525313
9397386,9,1525313
9398598,7,1528139
9399811,3,1528139
9401023,6,1528139
9402236,6,1528139
9403449,6,1528139
9404662,9,1528139
9405874,8,1528139
9407087,5,1528139
9408299,4,1528139
9409512,2,1530246
9410724,4,1530246
9411937,6,1530246
9413150,4,1530246
9414362,6,1530246
9415575,5,1530246
9416788,7,1530246
9418001,3,1530246
9419212,6,1530246
9420425,5,1527317
9421638,3,1527317
9422850,7,1527317
9424063,6,1527317
9425275,7,1527317
9426488,5,1527317
9427700,7,1527317
9428913,6,1527317
9430126,7,1527317
9431339,9,1526238
9432551,5,1526238
9441040,7,1526238
9442252,5,1519197
9443465,3,1519197
9444678,6,1519197
9445890,6,1519197
9447103,8,1519197
9448315,8,1519197
9449529,6,1519197
9450741,8,1519197
9451954,8,1519197
9453166,9,1529270
9454379,5,1529270
9455592,8,1529270
9456805,5,1529270
9458017,5,1529270
9459230,5,1529270
9460442,9,1529270
9461655,5,1529270
9462868,6,1529270
9464081,6,1528345
9465293,4,1528345
9466505,8,1528345
9467718,9,1528345
9468931,3,1528345
9470143,7,1528345
9471357,7,1528345
9472569,7,1528345
9473782,5,1528345
9474994,5,1527934
9476207,4,1526495
9477420,5,1526495
9478633,3,1526495
9479846,3,1526495
9481058,5,1526495
9482271,4,1526495
9483483,5,1526495
9484696,3,1526495
9485909,3,1526495
9487122,4,1528242
9488334,5,1528242
9489547,5,1528242
9490760,3,1528242
9491972,5,1528242
9493185,4,1528242
9494398,4,1528242
9495610,5,1528242
9496823,5,1528242
9498035,6,1528242
9499249,3,1528242
9500461,2,1528242
9501674,4,1528242
9502887,5,1528242
9504099,4,1528242
9505312,4,1528242
9506525,4,1528242
9507737,10,1528242
9508950,3,1526854
9510163,4,1526854
9511375,3,1526854
9512589,4,1526854
9513802,3,1526854
9515014,4,1526854
9516226,4,1526854
9517439,8,1526854
9525927,5,1526854
9527140,7,1526854
9528353,8,1526854
9529565,8,1529784
9530778,4,1529676
9531991,5,1528396
9533203,5,1528396
9534416,4,1528396
9535628,3,1528396
9536842,2,1528396
9538054,3,1528396
9539266,4,1528396
9540479,3,1528396
9541692,3,1528552
9542905,3,1529064
9544118,3,1529064
9545330,2,1529064
9546542,5,1529064
9547755,4,1529064
9548968,5,1529064
9550181,7,1529064
9551393,5,1529064
9552606,5,1529064
9553818,6,1529064
9555031,9,1529064
9556244,6,1529064
9557457,4,1529064
9558670,5,1529064
9559882,7,1529064
9561095,6,1529064
9562308,6,1523411
9563520,5,1523411
9564733,6,1523411
9565945,5,1523411
9567158,4,1523411
9568370,5,1523411
9569583,6,1523411
9570795,5,1523411
9572009,8,1523411
9573222,6,1523411
9574434,13,1530709
9575646,4,1530709
9576859,9,1530709
9578071,7,1530709
9579284,7,1530709
9580497,8,1530709
9581709,7,1530709
9582922,4,1530709
9584135,5,1530709
9585347,7,1525878
9586560,5,1525878
9587772,5,1525878
9588985,5,1525878
9590198,4,1525878
9591410,8,1525878
9592623,8,1525878
9593836,7,1525878
9595049,7,1525878
9596262,9,1531120
9597473,3,1531120
9598687,5,1531120
9599899,6,1531120
9601112,5,1531120
9602324,4,1531120
9609601,2,1531120
9610813,6,1531120
9612026,4,1531120
9613239,7,1531120
9614452,7,1531120
9615665,5,1531120
9616877,5,1531120
9618090,7,1529989
9619303,6,1529989
9620516,4,1529989
9621728,9,1529989
9622941,5,1529989
9624154,6,1529989
9625366,3,1529989
9626578,6,1529989
9627791,5,1529989
9629005,5,1527266
9630217,3,1527266
9631430,6,1527266
9632642,6,1527266
9633855,6,1527266
9635067,5,1527266
9636280,8,1527266
9637493,7,1527266
9638706,5,1527266
9639918,6,1524182
9641131,6,1524182
9642344,7,1524182
9643557,3,1524182
9644769,3,1524182
9645982,5,1524182
9647195,9,1524182
9648408,9,1524182
9649620,7,1524182
9650834,9,1534049
9652046,2,1534049
9653259,6,1534049
9654472,5,1534049
9655684,7,1534049
9656897,4,1534049
9658110,7,1534049
9659323,6,1534049
9660536,9,1534049
9661748,4,1530349
9662960,5,1530349
9664174,6,1530349
9665387,5,1530349
9666599,5,1530349
9667812,4,1530349
9669025,7,1530349
9670238,8,1530349
9671451,7,1530349
9672662,6,1527214
9673876,5,1526700
9675088,4,1526700
9676302,4,1526700
9677514,3,1526700
9678726,5,1526700
9679939,2,1526700
9681152,5,1526700
9682364,3,1526700
9683578,5,1526700
9684790,4,1529270
9686002,9,1529270
9693278,5,1529270
9694492,13,1529270
9695704,6,1526597
9696916,4,1526597
9698130,2,1526597
9699343,5,1526597
9700555,3,1526597
9701768,4,1526597
9702980,4,1526597
9704193,5,1526597
9705405,5,1526597
9706618,3,1531788
9707831,0,1531788
9709043,6,1531788
9710256,4,1531788
9711470,3,1531788
9712682,5,1531788
9713895,4,1531788
9715107,3,1531788
9716319,3,1531788
9717532,5,1531788
9718745,4,1531788
9719958,3,1531788
9721171,4,1531788
9722383,5,1531788
9723595,3,1531788
9724808,0,1531788
9726020,4,1531788
9727233,11,1531788
9728446,5,1531672
9729659,3,1528088
9730872,4,1528088
9732084,2,1528088
9733297,4,1528088
9734510,5,1528088
9735722,3,1528088
9736934,3,1528088
9738147,3,1528088
9739360,2,1528147
9740572,4,1530195
9741786,5,1530195
9742998,5,1530195
9744210,2,1530195
9745424,4,1530195
9746636,5,1530195
9747848,5,1530195
9749062,5,1530195
9750274,3,1530195
9751487,0,1530195
9752700,5,1530195
9753912,9,1530195
9755125,8,1530195
9756338,9,1530195
9757550,7,1530195
9758763,4,1530195
9759975,7,1526700
9761188,6,1526700
9762401,5,1526700
9763613,10,1526700
9764826,7,1526700
9766039,10,1526700
9767251,6,1526700
9768464,6,1526700
9769676,9,1526700
9778165,7,1526700
9779378,8,1526700
9780590,6,1526700
9781803,5,1526700
9783016,7,1526649
9784228,5,1526649
9785441,8,1526649
9786654,7,1526649
9787867,5,1526649
9789079,4,1526649
9790292,6,1526649
9791505,5,1526649
9792718,6,1526649
9793930,6,1529013
9795143,5,1529013
9796355,7,1529013
9797568,5,1529013
9798781,8,1529013
9799994,4,1529013
9801207,8,1529013
9802419,3,1529013
9803632,8,1529013
9804845,9,1524182
9806057,6,1524182
9807270,7,1524182
9808482,6,1524182
9809695,4,1524182
9810908,4,1524182
9812120,6,1524182
9813334,9,1524182
9814546,7,1524182
9815759,6,1529784
9816971,5,1529784
9818184,6,1529784
9819397,6,1529784
9820609,10,1529784
9821822,8,1529784
9823034,7,1529784
9824247,5,1529784
9825460,4,1529784
9826672,5,1527163
9827885,6,1527163
9829098,6,1527163
9830310,6,1527163
9831523,5,1527163
9832736,11,1527163
9833948,8,1527163
9835161,6,1527163
9836374,4,1527163
9837586,5,1529938
9838799,4,1529938
9840012,4,1529938
9841225,8,1529938
9842438,8,1529938
9843650,6,1529938
9844863,10,1529938
9846075,4,1529938
9847288,7,1529938
9848500,7,1528602
9849713,4,1528602
9850925,7,1528602
9852138,7,1528602
9853351,8,1528602
9854563,4,1528602
9861840,11,1528602
9863052,9,1528602
9864264,9,1528602
9865478,6,1528602
9866690,7,1528602
9867903,3,1528602
9869115,6,1528602
9870328,7,1529064
9871541,6,1526957
9872754,5,1526957
9873966,3,1526957
9875178,5,1526957
9876391,4,1526957
9877604,6,1526957
9878816,4,1526957
9880030,5,1526957
9881241,3,1526957
9882454,3,1529938
9883667,3,1529938
9884879,6,1529938
9886092,3,1529938
9887305,2,1529938
9888518,5,1529938
9889731,10,1529938
9890943,6,1529938
9892156,6,1529938
9893368,4,1531428
9894582,4,1531428
9895795,4,1531428
9897007,5,1531428
9898219,3,1531428
9899432,7,1531428
9900645,5,1531428
9901857,3,1531428
9903071,2,1531428
9904283,3,1534100
9905496,3,1534100
9906709,4,1534100
9907922,4,1534100
9909134,3,1534100
9910347,6,1534100
9911559,3,1534100
9912772,2,1534100
9913985,5,1534100
9915198,6,1534175
9916411,4,1526495
9917623,3,1526495
9918836,3,1526495
9920048,5,1526495
9921261,6,1526495
9922475,5,1526495
9923687,3,1526495
9924900,2,1526495
9926113,2,1526304
9927325,2,1530400
9928538,9,1530400
9929751,4,1530400
9930963,4,1530400
9932176,4,1530400
9933388,5,1530400
9934602,3,1530400
9935814,2,1530400
9937026,5,1530400
9938239,4,1530400
9946727,10,1530400
9947940,4,1530400
9949153,7,1530400
9950366,6,1530400
9951578,9,1530400
9952791,5,1530400
9954004,7,1530400
9955216,9,1530400
9956429,9,1530400
9957641,8,1530400
9958854,4,1529321
9960067,2,1529321
9961279,4,1529321
9962493,8,1529321
9963705,6,1529321
9964918,6,1529321
9966130,7,1529321
9967343,7,1529321
9968556,8,1529321
9969768,7,1526906
9970981,4,1526906
9972194,6,1526906
9973406,7,1526906
9974619,2,1526906
9975831,5,1526906
9977044,9,1526906
9978257,6,1526906
9979470,8,1526906
9980682,7,1530143
9981894,3,1530143
9983107,5,1530143
9984320,7,1530143
9985532,8,1530143
9986745,7,1530143
9987958,5,1530143
9989171,7,1530143
9990383,6,1530143
9991596,7,1526906
9992808,3,1526906
9994021,7,1526906
9995233,8,1526906
9996446,5,1526906
9997659,7,1526906
9998872,7,1526906
10000084,9,1526906
10001296,4,1526906
10002509,4,1530195
10003722,4,1530195
10004934,6,1530195
10006147,7,1530195
10007359,6,1530195
10008572,7,1530195
10009785,4,1530195
10010998,4,1530195
10012210,7,1530195
10013422,4,1532045
10014635,5,1532045
10015849,7,1532045
10017061,5,1532045
10018274,5,1532045
10019486,8,1532045
10020699,6,1532045
10021911,8,1532045
10023124,6,1532045
10030400,8,1532045
10031613,5,1532045
10032825,5,1532045
10034038,8,1532045
10035251,7,1531582
10036463,5,1531582
10037677,4,1531582
10038889,7,1531582
10040102,7,1531582
10041315,8,1531582
10042528,8,1531582
10043740,12,1531582
10044953,9,1531582
10046166,8,1525313
10047378,5,1525313
10048591,7,1525313
10049803,7,1525313
10051017,9,1525313
10052230,10,1525313
10053443,6,1525313
10054654,4,1525313
10055867,3,1525313
10057080,7,1529527
10058294,4,1526906
10059506,4,1526906
10060719,5,1526906
10061931,4,1526906
10063145,4,1526906
10064357,3,1526906
10065570,5,1526906
10066782,4,1526906
10067995,2,1526906
10069208,3,1529629
10070420,3,1529629
10071633,4,1529629
10072847,6,1529629
10074059,4,1529629
10075272,5,1529629
10076485,4,1529629
10077697,6,1529629
10078910,5,1529629
10080123,4,1525929
10081336,1,1525929
10082549,4,1525929
10083762,5,1525929
10084974,5,1525929
10086187,6,1525929
10087400,2,1525929
10088612,6,1525929
10089826,3,1525929
10091038,6,1529887
10092251,5,1529887
10093463,5,1529887
10094677,5,1529887
10095890,3,1529887
10097102,4,1529887
10098315,5,1529887
10099527,7,1529887
10100740,10,1529887
10101954,4,1527728
10103166,3,1527728
10104379,3,1527728
10105592,2,1527728
10106804,4,1527728
10114176,7,1527728
10115293,10,1527728
10116506,8,1527728
10117719,5,1527728
10118932,6,1527728
10120145,8,1527728
10121358,8,1527728
10122570,6,1531479
10123784,3,1531408
10124996,4,1526032
10126209,6,1526032
10127422,3,1526032
10128635,2,1526032
10129847,4,1526032
10131060,4,1526032
10132272,3,1526032
10133486,2,1526032
10134698,3,1526032
10135911,6,1526032
10137124,7,1526032
10138337,6,1526032
10139550,8,1526032
10140762,6,1526032
10141975,7,1526032
10143188,7,1526032
10144401,6,1527008
10145614,3,1527008
10146826,3,1527008
10148039,7,1527008
10149252,6,1527008
10150465,8,1527008
10151678,8,1527008
10152890,8,1527008
10154103,7,1527008
10155316,8,1527008
10156529,6,1531377
10157741,8,1531377
10158954,8,1531377
10160167,6,1531377
10161380,5,1531377
10162593,8,1531377
10163806,8,1531377
10165018,7,1531377
10166231,9,1531377
10167443,6,1527214
10168657,4,1527214
10169869,5,1527214
10171082,7,1527214
10172295,5,1527214
10173508,5,1527214
10174720,5,1527214
10175934,7,1527214
10177146,7,1527214
10178359,6,1529989
10179572,4,1529989
10180784,6,1529989
10181997,7,1529989
10183210,4,1529989
10184423,6,1529989
10185636,7,1529989
10186849,5,1529989
10188061,8,1529989
10189275,7,1528807
10190487,4,1528807
10198978,7,1528807
10200191,3,1529013
10201403,4,1529013
10202616,8,1529013
10203829,4,1529013
10205041,6,1529013
10206255,6,1529013
10207468,4,1529013
10208680,7,1529013
10209892,7,1529013
10211106,6,1526752
10212318,2,1526752
10213531,6,1526752
10214744,9,1526752
10215956,7,1526752
10217170,6,1526752
10218383,6,1526752
10219595,5,1526752
10220807,4,1526752
10222021,7,1529527
10223233,10,1529527
10224446,6,1529527
10225659,5,1529527
10226871,6,1529527
10228084,5,1529527
10229297,8,1529527
10230510,6,1529527
10231722,5,1529527
10232935,4,1530041
10234148,7,1530041
10235361,5,1530041
10236574,8,1530041
10237786,5,1530041
10238999,4,1530041
10240213,7,1530041
10241426,7,1530041
10242638,4,1530041
10243851,7,1525827
10245064,4,1525827
10246277,3,1525827
10247490,7,1525827
10248702,8,1525827
10249915,8,1525827
10251128,9,1525827
10252341,7,1525827
10253553,7,1525827
10254766,3,1524696
10255979,5,1528653
10257192,4,1528653
10258404,5,1528653
10259617,3,1528653
10260831,3,1528653
10262043,4,1528653
10263256,4,1528653
10264468,3,1528653
10265682,5,1528653
10266895,4,1526597
10268107,0,1526597
10269320,3,1526597
10270532,3,1526597
10271745,5,1526597
10272958,5,1526597
10274171,3,1526597
10275384,4,1526597
10283873,5,1526597
10285086,7,1526597
10286299,7,1526597
10287512,6,1528190
10288725,5,1528190
10289938,4,1528190
10291151,3,1528190
10292363,7,1528190
10293576,4,1528190
10294789,3,1528190
10296002,5,1528190
10297215,4,1528190
10298427,6,1528190
10299640,3,1527266
10300853,2,1527266
10302065,4,1527266
10303278,5,1527266
10304491,3,1527266
10305704,4,1527266
10306917,3,1527266
10308130,5,1527266
10309343,4,1527266
10310555,5,1527120
10311768,4,1529424
10312980,3,1529424
10314193,3,1529424
10315406,4,1529424
10316619,4,1529424
10317832,4,1529424
10319045,6,1529424
10320258,5,1529424
10321470,3,1529420
10322683,4,1528396
10323896,4,1528396
10325109,5,1528396
10326322,4,1528396
10327534,5,1528396
10328747,3,1528396
10329959,5,1528396
10331172,6,1528396
10332385,3,1528396
10333597,4,1528396
10334811,6,1528396
10336023,6,1528396
10337236,8,1528396
10338449,7,1528396
10339662,6,1528396
10340874,9,1528396
10342087,7,1533946
10343300,7,1533946
10344513,5,1533946
10345725,7,1533946
10346938,6,1533946
10348151,6,1533946
10349363,5,1533946
10350576,6,1533946
10351788,5,1533946
10353002,8,1533946
10354214,8,1527266
10355427,6,1527266
10356640,6,1527266
10357852,8,1527266
10359065,6,1527266
10360277,8,1527266
10367554,10,1527266
10368766,7,1527266
10369979,6,1527266
10371192,6,1527266
10372405,8,1527266
10373617,5,1527266
10374831,4,1527266
10376043,7,1526186
10377255,4,1526186
10378468,3,1526186
10379681,9,1526186
10380894,8,1526186
10382107,8,1526186
10383319,4,1526186
10384532,5,1526186
10385744,6,1526186
10386957,7,1527882
10388171,4,1527882
10389383,6,1527882
10390595,6,1527882
10391808,5,1527882
10393021,6,1527882
10394234,9,1527882
10395446,6,1527882
10396659,9,1527882
10397872,2,1529167
10399084,4,1529167
10400298,7,1529167
10401510,5,1529167
10402723,7,1529167
10403936,7,1529167
10405148,8,1529167
10406361,9,1529167
10407574,6,1529167
10408787,7,1527163
10409999,6,1527163
10411212,8,1527163
10412425,7,1527163
10413637,10,1527163
10414850,7,1527163
10416063,6,1527163
10417276,6,1527163
10418489,5,1527163
10419701,6,1527985
10420914,2,1527985
10422127,5,1527985
10423340,7,1527985
10424553,10,1527985
10425765,6,1527985
10426978,9,1527985
10428191,6,1527985
10429404,7,1527985
10430617,6,1526957
10431829,5,1526957
10433042,7,1526957
10434255,7,1526957
10435468,6,1526957
10436680,5,1526957
10437893,7,1526957
10439106,6,1526957
10440318,10,1526957
10441531,6,1530657
10442743,4,1529887
10443956,5,1529887
10451232,12,1529887
10452445,8,1529887
10453658,1,1528704
10454871,8,1528704
10456083,3,1528704
10457296,5,1528704
10458509,5,1528704
10459721,4,1528704
10460934,5,1528704
10462146,4,1528704
10463359,4,1528704
10464572,5,1528704
10465785,4,1528704
10466998,5,1528704
10468210,7,1528704
10469423,3,1528704
10470636,2,1528704
10471848,4,1528704
10473060,5,1528704
10474273,5,1528704
10475486,4,1529527
10476698,5,1529527
10477911,4,1529527
10479124,4,1529527
10480337,5,1529527
10481549,4,1529527
10482762,5,1529527
10483975,4,1529527
10485188,4,1529527
10486401,8,1527676
10487614,4,1527676
10488826,3,1527676
10490039,7,1527676
10491252,3,1527676
10492464,3,1527676
10493677,4,1527676
10494890,3,1527676
10496103,5,1527676
10497315,5,1527566
10498528,4,1525518
10499741,8,1525518
10500953,4,1525518
10502166,5,1525518
10503379,4,1525518
10504592,3,1525518
10505805,4,1525518
10507017,3,1525518
10508231,4,1525692
10509443,5,1531068
10510656,3,1531068
10511869,4,1531068
10513081,4,1531068
10514294,5,1531068
10515507,4,1531068
10516719,5,1531068
10517932,5,1531068
10519144,6,1531006
10520357,4,1528190
10521570,7,1528190
10522783,4,1528190
10523995,5,1528190
10525208,5,1528190
10526421,5,1528190
10527634,5,1528190
10536123,7,1528190
10537335,7,1528190
10538549,8,1528190
10539761,5,1527574
10540974,5,1527574
10542187,4,1527574
10543400,6,1527574
10544613,5,1527574
10545826,9,1527574
10547038,6,1527574
10548251,7,1527574
10549463,6,1527574
10550677,3,1527574
10551889,5,1531685
10553102,5,1531685
10554315,9,1531685
10555527,4,1531685
10556740,8,1531685
10557953,7,1531685
10559166,6,1531685
10560379,9,1531685
10561592,7,1531685
10562805,4,1528499
10564018,4,1528499
10565230,6,1528499
10566442,6,1528499
10567655,6,1528499
10568868,4,1528499
10570081,5,1528499
10571294,7,1528499
10572506,5,1528499
10573719,7,1530709
10574932,6,1530709
10576144,10,1530709
10577358,6,1530709
10578570,6,1530709
10579783,3,1530709
10580995,8,1530709
10582209,5,1530709
10583421,7,1530709
10584634,8,1530041
10585847,4,1530041
10587059,7,1530041
10588272,6,1530041
10589485,6,1530041
10590697,6,1530041
10591911,8,1530041
10593122,6,1530041
10594335,8,1530041
10595549,8,1528242
10596761,5,1528242
10597973,7,1528242
10599186,6,1528242
10600399,6,1528242
10601612,7,1528242
10602824,6,1528242
10604036,8,1528242
10605250,7,1528242
10606462,6,1529938
10607675,6,1529938
10608887,8,1529938
10610101,7,1529938
10611313,9,1529938
10612525,8,1529938
10619802,3,1529938
10621014,7,1529938
10622227,6,1529938
10623440,10,1529938
10624653,9,1529938
10625865,8,1529938
10627078,6,1529938
10628291,7,1528396
10629503,4,1528396
10630716,7,1528396
10631930,8,1528396
10633142,6,1528396
10634355,4,1528396
10635568,9,1528396
10636780,6,1528396
10637993,8,1528396
10639205,5,1527008
10640419,4,1526083
10641631,4,1526083
10642844,3,1526083
10644056,4,1526083
10645269,4,1526083
10646481,5,1526083
10647694,4,1526083
10648907,4,1526083
10650119,3,1526083
10651332,4,1530297
10652545,5,1530297
10653758,4,1530297
10654970,4,1530297
10656183,5,1530297
10657396,3,1530297
10658608,3,1530297
10659821,6,1530297
10661034,6,1530297
10662246,2,1526340
10663459,2,1526340
10664672,3,1526340
10665884,3,1526340
10667098,5,1526340
10668310,3,1526340
10669522,4,1526340
10670735,8,1526340
10671949,6,1526340
10673161,3,1530503
10674373,5,1530503
10675586,4,1530503
10676800,6,1530503
10678011,3,1530503
10679224,2,1530503
10680437,6,1530503
10681650,5,1530503
10682862,5,1530503
10684075,4,1522949
10685288,4,1522949
10686500,4,1522949
10687713,5,1522949
10688926,5,1522949
10690139,5,1522949
10691351,5,1522949
10692564,3,1522949
10693776,4,1522949
10694990,4,1522970
10696202,6,1528602
10704691,15,1528602
10705903,5,1528602
10707116,2,1528602
10708328,3,1528602
10709542,4,1528602
10710754,3,1528602
10711967,7,1528602
10713179,1,1528602
10714393,3,1528602
10715605,2,1528602
10716817,4,1528602
10718030,5,1528602
10719242,7,1528602
10720455,4,1528602
10721667,5,1528602
10722880,7,1528602
10724093,5,1528602
10725306,7,1528602
10726518,6,1533946
10727730,5,1533946
10728943,4,1533946
10730156,7,1533946
10731368,6,1533946
10732581,7,1533946
10733794,5,1533946
10735006,6,1533946
10736219,6,1533946
10737432,6,1533946
10738645,8,1527420
10739857,6,1527420
10741070,6,1527420
10742282,6,1527420
10743495,6,1527420
10744708,7,1527420
10745921,6,1527420
10747133,4,1527420
10748346,7,1527420
10749558,7,1524182
10750772,4,1524182
10751984,9,1524182
10753197,8,1524182
10754409,8,1524182
10755622,6,1524182
10756834,8,1524182
10758047,7,1524182
10759260,7,1524182
10760473,6,1529629
10761685,6,1529629
10762899,5,1529629
10764110,6,1529629
10765323,5,1529629
10766535,5,1529629
10767749,7,1529629
10768961,8,1529629
10770174,8,1529629
10771386,3,1529578
10772599,2,1529578
10773811,4,1529578
10775025,6,1529578
10776236,9,1529578
10777449,7,1529578
10778663,6,1529578
10779875,6,1529578
10781087,5,1529578
10788364,4,1529578
10789576,10,1529578
10790788,7,1529578
10792002,6,1529578
10793214,5,1527266
10794426,4,1527266
10795639,8,1527266
10796852,11,1527266
10798065,6,1527266
10799278,9,1527266
10800490,6,1527266
10801702,6,1527266
10802915,5,1527266
10804127,8,1528345
10805341,1,1528345
10806553,7,1528345
10807765,5,1528345
10808978,7,1528345
10810191,8,1528345
10811404,7,1528345
10812616,9,1528345
10813830,7,1528345
10815042,8,1528088
10816254,2,1528088
10817467,6,1528088
10818680,8,1528088
10819892,11,1528088
10821106,6,1528088
10822318,6,1528088
10823531,8,1528088
10824743,9,1528088
10825955,9,1530400
10827169,5,1530400
10828381,7,1530400
10829594,8,1530400
10830806,5,1530400
10832019,7,1530400
10833232,6,1530400
10834444,5,1530400
10835657,5,1530400
10836870,6,1524799
10838083,3,1527420
10839296,4,1527420
10840508,0,1527420
10841720,2,1527420
10842933,4,1527420
10844146,4,1527420
10845359,4,1527420
10846571,5,1527420
10847784,3,1527420
10848996,3,1534203
10850209,4,1534203
10851422,5,1534203
10852634,4,1534203
10853847,5,1534203
10855061,3,1534203
10856273,5,1534203
10857486,2,1534203
10858698,3,1534203
10859911,3,1535539
10861123,3,1535539
10862337,5,1535539
10863549,2,1535539
10864762,14,1535539
10872176,4,1535539
10873251,2,1535539
10874464,7,1535539
10875677,7,1535539
10876889,8,1535539
10878102,5,1535539
10879315,4,1535539
10880527,5,1526906
10881741,5,1526906
10882953,6,1526906
10884166,5,1526906
10885379,5,1526906
10886591,5,1526906
10887805,5,1526906
10889018,4,1526906
10890229,7,1526906
10891442,3,1526906
10892655,2,1526800
10893868,1,1526032
10895080,4,1526032
10896293,3,1526032
10897506,4,1526032
10898719,5,1526032
10899932,3,1526032
10901144,5,1526032
10902357,5,1526032
10903571,4,1526095
10904784,4,1529167
10905995,5,1529167
10907208,5,1529167
10908421,5,1529167
10909634,5,1529167
10910846,5,1529167
10912059,4,1529167
10913272,5,1529167
10914485,1,1529167
10915697,3,1529167
10916910,6,1529167
10918122,6,1529167
10919335,7,1529167
10920549,7,1529167
10921761,4,1529167
10922974,6,1529167
10924186,6,1530041
10925399,6,1530041
10926612,5,1530041
10927824,8,1530041
10929037,5,1530041
10930250,7,1530041
10931463,6,1530041
10932675,8,1530041
10933887,7,1530041
10935100,5,1530041
10936313,7,1529270
10937526,4,1529270
10938739,12,1529270
10939951,8,1529270
10941165,7,1529270
10942378,7,1529270
10943589,8,1529270
10944802,6,1529270
10946015,6,1529270
10947228,6,1527368
10948441,7,1527368
10956930,5,1527368
10958142,4,1527317
10959355,4,1527317
10960569,7,1527317
10961780,5,1527317
10962994,7,1527317
10964206,5,1527317
10965418,5,1527317
10966631,7,1527317
10967844,4,1527317
10969056,3,1529167
10970269,5,1529167
10971482,5,1529167
10972694,6,1529167
10973907,5,1529167
10975120,8,1529167
10976333,6,1529167
10977545,8,1529167
10978758,6,1529167
10979971,5,1528242
10981183,4,1528242
10982396,5,1528242
10983609,5,1528242
10984822,5,1528242
10986033,9,1528242
10987246,6,1528242
10988459,6,1528242
10989672,8,1528242
10990884,8,1531479
10992098,4,1531479
10993310,5,1531479
10994523,7,1531479
10995735,10,1531479
10996948,4,1531479
10998161,8,1531479
10999374,6,1531479
11000586,6,1531479
11001799,8,1526083
11003013,4,1526083
11004225,9,1526083
11005438,8,1526083
11006650,10,1526083
11007863,5,1526083
11009075,5,1526083
11010288,5,1526083
11011502,8,1526083
11012714,5,1530452
11013927,5,1530452
11015140,5,1530452
11016352,6,1530452
11017565,7,1530452
11018778,5,1530452
11019990,7,1530452
11021203,9,1530452
11022416,5,1530452
11023629,5,1528499
11024841,4,1532662
11026054,3,1532662
11027266,5,1532662
11028480,2,1532662
11029692,5,1532662
11030905,4,1532662
11032117,5,1532662
11033330,3,1532662
11041819,7,1532662
11043032,4,1532662
11044244,6,1532662
11045457,5,1525518
11046671,2,1531993
11047882,5,1531993
11049095,4,1531993
11050308,4,1531993
11051521,6,1531993
11052734,6,1531993
11053947,7,1531993
11055159,4,1531993
11056371,4,1531993
11057585,3,1530555
11058797,2,1530555
11060010,5,1530555
11061223,4,1530555
11062435,8,1530555
11063648,3,1530555
11064860,6,1530555
11066074,-1,1530555
11067286,5,1530555
11068499,4,1529270
11069711,9,1529270
11070925,4,1529270
11072136,2,1529270
11073349,4,1529270
11074562,5,1529270
11075775,3,1529270
11076988,4,1529270
11078200,6,1529270
11079413,3,1529305
11080626,5,1524953
11081838,5,1524953
11083051,6,1524953
11084264,7,1524953
11085476,5,1524953
11086689,4,1524953
11087902,5,1524953
11089115,4,1524953
11090327,4,1524813
11091540,5,1528653
11092753,4,1528653
11093966,4,1528653
11095178,4,1528653
11096391,5,1528653
11097604,2,1528653
11098816,3,1528653
11100028,4,1528653
11101241,3,1528810
11102454,3,1528810
11103667,9,1528810
11104880,5,1528810
11106092,6,1528810
11107305,8,1528810
11108518,8,1528810
11109730,8,1528810
11110943,3,1529578
11112156,4,1529578
11113368,5,1529578
11114581,7,1529578
11115794,3,1529578
11117007,5,1529578
11118219,5,1529578
11125496,3,1529578
11126708,8,1529578
11127921,7,1529578
11129133,5,1529578
11130347,6,1529578
11131559,7,1529578
11132771,6,1529578
11133984,6,1530709
11135197,4,1530709
11136410,8,1530709
11137622,7,1530709
11138835,5,1530709
11140049,4,1530709
11141261,10,1530709
11142473,8,1530709
11143687,6,1530709
11144899,7,1522435
11146112,4,1522435
11147325,6,1522435
11148537,5,1522435
11149750,6,1522435
11150962,5,1522435
11152175,7,1522435
11153388,7,1522435
11154601,5,1522435
11155813,8,1530195
11157026,5,1530195
11158239,7,1530195
11159452,3,1530195
11160665,6,1530195
11161877,9,1530195
11163090,6,1530195
11164303,5,1530195
11165515,8,1530195
11166728,7,1527163
11167941,3,1527163
11169154,6,1527163
11170367,6,1527163
11171579,6,1527163
11172792,4,1527163
11174005,3,1527163
11175218,5,1527163
11176431,11,1527163
11177642,6,1530863
11178855,4,1530863
11180068,8,1530863
11181281,6,1530863
11182493,4,1530863
11183706,6,1530863
11184919,9,1530863
11186131,8,1530863
11187344,5,1530863
11188557,4,1530914
11189770,5,1530914
11190983,7,1530914
11192195,8,1530914
11193408,5,1530914
11194621,5,1530914
11195834,5,1530914
11197046,4,1530914
11198258,5,1530914
11199472,5,1529270
11200684,5,1529270
11201896,7,1529270
11209176,6,1529270
11210385,2,1528139
11211598,4,1528139
11212811,5,1528139
11214023,7,1528139
11215237,9,1528139
11216450,5,1528139
11217662,7,1528139
11218874,6,1528139
11220087,10,1528139
11221300,9,1529784
11222513,5,1529835
11223725,5,1529835
11224938,5,1529835
11226151,2,1529835
11227364,4,1529835
11228577,3,1529835
11229789,3,1529835
11231002,3,1529835
11232215,5,1529835
11233428,8,1527214
11234641,4,1527214
11235853,3,1527214
11237065,5,1527214
11238278,3,1527214
11239492,3,1527214
11240704,4,1527214
11241917,3,1527214
11243130,4,1527214
11244343,4,1522589
11245555,3,1522589
11246768,2,1522589
11247980,2,1522589
11249193,5,1522589
11250406,4,1522589
11251619,3,1522589
11252831,4,1522589
11254045,4,1522589
11255257,4,1530863
11256470,5,1530863
11257682,5,1530863
11258895,4,1530863
11260107,2,1530863
11261320,5,1530863
11262533,6,1530863
11263746,6,1530863
11264958,6,1530863
11266170,3,1530863
11267383,4,1530863
11268597,3,1530863
11269809,2,1530863
11271022,7,1530863
11272234,8,1530863
11273446,3,1530863
11274660,0,1530863
11275872,5,1530863
11277085,2,1530856
11278298,5,1529064
11279510,4,1529064
11280724,3,1529064
11281936,2,1529064
11283148,5,1529064
11284361,3,1529064
11285574,4,1529064
11294063,3,1529064
11295276,7,1529064
11296489,3,1529064
11297701,5,1530246
11298914,3,1530246
11300126,4,1530246
11301339,8,1530246
11302551,6,1530246
11303764,5,1530246
11304976,5,1530246
11306190,6,1530246
11307402,8,1530246
11308614,6,1529218
11309828,3,1529218
11311040,7,1529218
11312253,8,1529218
11313465,6,1529218
11314678,7,1529218
11315891,9,1529218
11317103,6,1529218
11318316,6,1529218
11319529,6,1529218
11320741,8,1531531
11321954,5,1531531
11323167,6,1531531
11324380,7,1531531
11325592,6,1531531
11326805,5,1531531
11328018,6,1531531
11329231,6,1531531
11330443,8,1531531
11331656,7,1529116
11332869,4,1529116
11334082,4,1529116
11335294,10,1529116
11336506,6,1529116
11337719,10,1529116
11338933,5,1529116
11340145,4,1529116
11341358,6,1529116
11342570,9,1528242
11343783,4,1528242
11344995,6,1528242
11346208,6,1528242
11347421,7,1528242
11348634,6,1528242
11349847,5,1528242
11351059,5,1528242
11352272,6,1528242
11353485,8,1525775
11354698,4,1525775
11355910,6,1525775
11357123,8,1525775
11358335,8,1525775
11359549,3,1525775
11360761,5,1525775
11361973,5,1525775
11363186,7,1525775
11364400,8,1529629
11365612,8,1529629
11366824,4,1529629
11368037,9,1529629
11369250,8,1529629
11370462,4,1529629
11377739,8,1529629
11378952,6,1529629
11380164,8,1529629
11381377,6,1529629
11382590,4,1529629
11383803,6,1529629
11385015,10,1529629
11386228,7,1528190
11387441,4,1528190
11388653,4,1528190
11389866,4,1528190
11391079,5,1528190
11392292,8,1528190
11393504,6,1528190
11394717,6,1528190
11395930,6,1528190
11397143,5,1526443
11398355,4,1526443
11399567,8,1526443
11400780,7,1526443
11401993,6,1526443
11403206,7,1526443
11404418,5,1526443
11405631,8,1526443
11406844,5,1526443
11408056,6,1529321
11409269,5,1529527
11410482,5,1529527
11411694,4,1529527
11412907,6,1529527
11414120,3,1529527
11415333,4,1529527
11416545,4,1529527
11417758,4,1529527
11418971,6,1529527
11420184,3,1526186
11421397,4,1526186
11422609,3,1526186
11423821,4,1526186
11425034,5,1526186
11426247,3,1526186
11427460,3,1526186
11428673,3,1526186
11429885,4,1526186
11431098,2,1531891
11432311,4,1531891
11433524,3,1531891
11434736,7,1531891
11435948,3,1531891
11437162,4,1531891
11438374,5,1531891
11439587,4,1531891
11440800,4,1531891
11442012,6,1528036
11443224,6,1528036
11444437,7,1528036
11445650,3,1528036
11446863,2,1528036
11448075,2,1528036
11449289,4,1528036
11450502,3,1528036
11451713,6,1528036
11452926,4,1529013
11454139,5,1529013
11462627,1,1529013
11463840,6,1528858
11465053,6,1528858
11466266,5,1528858
11467478,3,1528858
11468690,2,1528858
11469903,3,1528858
11471116,5,1528858
11472329,3,1528858
11473541,5,1528858
11474754,5,1529075
11475967,4,1531891
11477179,5,1531891
11478392,5,1531891
11479605,3,1531891
11480817,4,1531891
11482031,3,1531891
11483243,4,1531891
11484456,4,1531891
11485669,5,1531650
11486881,5,1522178
11488094,5,1522178
11489306,4,1522178
11490520,2,1522178
11491732,10,1522178
11492945,8,1522178
11494158,6,1522178
11495370,6,1522178
11496583,3,1522178
11497795,4,1522178
11499008,5,1522178
11500221,6,1522178
11501434,11,1522178
11502646,8,1522178
11503859,6,1522178
11505071,6,1522178
11506284,7,1532096
11507497,4,1532096
11508709,5,1532096
11509922,10,1532096
11511135,7,1532096
11512347,3,1532096
11513561,7,1532096
11514773,6,1532096
11515986,7,1532096
11517199,5,1532096
11518411,6,1526957
11519623,4,1526957
11520837,7,1526957
11522050,8,1526957
11523262,7,1526957
11524474,6,1526957
11525687,4,1526957
11526900,5,1526957
11528113,7,1526957
11529326,8,1526443
11530538,6,1526443
11531751,7,1526443
11532964,4,1526443
11534176,4,1526443
11535388,7,1526443
11536601,7,1526443
11537814,9,1526443
11539026,7,1526443
11546302,2,1526443
11547515,3,1526443
11548727,6,1526443
11549940,6,1526443
11551153,5,1527985
11552365,4,1527985
11553578,6,1527985
11554791,4,1527985
11556003,6,1527985
11557216,9,1527985
11558429,10,1527985
11559642,7,1527985
11560855,4,1527985
11562067,5,1528139
11563281,4,1528139
11564493,7,1528139
11565706,9,1528139
11566919,5,1528139
11568131,4,1528139
11569344,3,1528139
11570557,9,1528139
11571769,6,1528139
11572982,7,1527060
11574196,4,1527060
11575408,6,1527060
11576621,5,1527060
11577833,8,1527060
11579046,5,1527060
11580259,9,1527060
11581472,7,1527060
11582684,6,1527060
11583899,8,1528088
11585110,5,1528088
11586323,6,1528088
11587535,7,1528088
11588748,8,1528088
11589962,8,1528088
11591174,8,1528088
11592387,5,1528088
11593600,6,1528088
11594812,8,1521664
11596026,4,1521664
11597238,7,1521664
11598451,6,1521664
11599664,7,1521664
11600877,11,1521664
11602089,10,1521664
11603302,6,1521664
11604515,6,1521664
11605728,7,1532662
11606940,3,1526186
11608153,5,1526186
11609365,5,1526186
11610579,4,1526186
11611791,5,1526186
11613004,4,1526186
11614217,4,1526186
11615429,7,1526186
11616642,5,1526186
11617855,4,1530657
11619067,3,1530657
11620280,3,1530657
11621494,5,1530657
11622706,6,1530657
11631197,7,1530657
11632409,5,1530657
11633622,6,1530657
11634835,8,1530657
11636047,8,1530657
11637261,11,1530657
11638474,7,1526546
11639687,7,1529424
11640899,4,1529424
11642111,4,1529424
11643325,5,1529424
11644537,6,1529424
11645750,4,1529424
11646963,4,1529424
11648175,3,1529424
11649389,2,1529424
11650602,4,1527317
11651814,2,1527317
11653027,4,1527317
11654239,3,1527317
11655453,-1,1527317
11656665,4,1527317
11657879,5,1527317
11659091,2,1527317
11660304,2,1527317
11661517,2,1527367
11662730,6,1527111
11663942,4,1527111
11665155,2,1527111
11666368,5,1527111
11667581,4,1527111
11668794,-1,1527111
11670006,2,1527111
11671219,6,1527111
11672432,7,1527274
11673644,4,1529578
11674858,4,1529578
11676070,1,1529578
11677283,3,1529578
11678496,3,1529578
11679709,5,1529578
11680922,4,1529578
11682135,4,1529578
11683347,5,1529578
11684560,3,1529578
11685773,8,1529578
11686986,9,1529578
11688199,8,1529578
11689412,6,1529578
11690624,4,1529578
11691837,10,1529578
11693050,8,1529578
11694263,6,1529578
11695475,5,1529578
11696688,6,1529578
11697900,6,1529578
11699114,5,1529578
11700326,7,1529578
11701539,7,1529578
11702751,8,1529578
11703965,5,1529578
11705178,4,1531223
11706389,3,1531223
11707602,7,1531223
11716091,3,1526649
11717304,4,1526649
11718517,8,1526649
11719730,10,1526649
11720943,4,1526649
11722155,7,1526649
11723367,5,1526649
11724580,6,1526649
11725793,7,1526649
11727006,7,1529475
11728219,5,1529475
11729431,7,1529475
11730644,7,1529475
11731856,7,1529475
11733070,7,1529475
11734282,4,1529475
11735495,5,1529475
11736707,8,1529475
11737920,7,1525621
11739133,3,1525621
11740346,4,1525621
11741558,7,1525621
11742771,5,1525621
11743984,4,1525621
11745196,7,1525621
11746409,6,1525621
11747622,3,1525621
11748834,8,1532353
11750047,5,1532353
11751260,6,1532353
11752473,5,1532353
11753686,7,1532353
11754900,7,1532353
11756111,5,1532353
11757323,7,1532353
11758537,9,1532353
11759749,8,1526597
11760962,4,1526597
11762175,8,1526597
11763387,5,1526597
11764599,8,1526597
11765812,8,1526597
11767025,8,1526597
11768237,8,1526597
11769450,7,1526597
11770663,6,1530863
11771876,5,1530863
11773089,6,1530863
11774302,7,1530863
11775514,7,1530863
11776727,8,1530863
11777939,7,1530863
11779153,9,1530863
11780366,4,1530863
11781577,8,1526649
11782791,5,1526649
11784003,6,1526649
11785216,8,1526649
11786429,11,1526649
11787641,5,1526649
11788854,8,1526649
11790067,6,1526649
11791279,7,1526649
11792492,6,1526649
11799769,3,1526649
11800981,5,1526649
11802194,7,1526649
11803407,7,1524799
11804620,6,1527934
11805833,1,1527934
11807046,3,1527934
11808258,4,1527934
11809471,3,1527934
11810683,4,1527934
11811896,5,1527934
11813109,3,1527934
11814322,6,1527934
11815534,5,1529116
11816748,6,1529116
11817959,5,1529116
11819172,3,1529116
11820385,3,1529116
11821597,5,1529116
11822811,4,1529116
11824023,5,1529116
11825236,8,1529116
11826448,4,1529116
11827662,4,1529116
11828873,4,1529116
11830087,3,1529116
11831299,7,1529116
11832512,7,1529116
11833724,3,1529116
11834938,4,1529116
11836150,4,1529116
11837362,5,1531737
11838576,4,1531737
11839788,4,1531737
11841001,4,1531737
11842213,4,1531737
11843426,7,1531737
11844639,3,1531737
11845851,6,1531737
11847065,4,1531737
11848277,5,1529013
11849491,2,1529013
11850702,5,1529013
11851915,4,1529013
11853128,4,1529013
11854341,4,1529013
11855553,3,1529013
11856766,6,1529013
11857979,4,1529013
11859192,3,1529020
11860404,3,1531068
11861617,3,1531068
11862830,-1,1531068
11864042,5,1531068
11865255,5,1531068
11866468,3,1531068
11867681,4,1531068
11868893,6,1531068
11870106,2,1530913
11871319,3,1530657
11872531,4,1530657
11873744,7,1530657
11874956,6,1530657
11876169,8,1530657
11884659,5,1530657
11885871,9,1530657
11887083,4,1530657
11888296,6,1530657
11889509,9,1530657
11890722,6,1529218
11891934,6,1529218
11893147,5,1529218
11894359,4,1529218
11895572,6,1529218
11896785,4,1529218
11897998,8,1529218
11899211,4,1529218
11900423,5,1529218
11901636,6,1529218
11902849,7,1529270
11904062,4,1529270
11905274,5,1529270
11906487,3,1529270
11907699,6,1529270
11908912,4,1529270
11910125,5,1529270
11911337,8,1529270
11912550,7,1529270
11913763,4,1533638
11914976,4,1533638
11916189,7,1533638
11917402,8,1533638
11918614,6,1533638
11919827,7,1533638
11921039,8,1533638
11922252,6,1533638
11923465,5,1533638
11924677,7,1523874
11925891,5,1523874
11927103,6,1523874
11928316,4,1523874
11929529,9,1523874
11930741,8,1523874
11931954,6,1523874
11933167,5,1523874
11934379,5,1523874
11935593,6,1529321
11936805,5,1529321
11938018,8,1529321
11939231,11,1529321
11940444,8,1529321
11941656,6,1529321
11942869,4,1529321
11944081,7,1529321
11945294,5,1529321
11946507,7,1526495
11947719,5,1526495
11948932,6,1526495
11950145,5,1526495
11951358,3,1526495
11952570,7,1526495
11953783,6,1526495
11954996,9,1526495
11956209,5,1526495
11957421,8,1528293
11958634,2,1528293
11959847,5,1528293
11961059,8,1529629
11968335,3,1529629
11969548,1,1529629
11970761,1,1529629
11971974,4,1529629
11973187,8,1529629
11974400,7,1529629
11975612,7,1529629
11976824,5,1529629
11978038,6,1529629
11979250,6,1527831
11980462,3,1527831
11981676,7,1527831
11982888,8,1527831
11984102,5,1527831
11985313,8,1527831
11986526,5,1527831
11987739,10,1527831
11988952,11,1527831
11990164,7,1530760
11991377,4,1530760
11992590,6,1530760
11993803,5,1530760
11995015,5,1530760
11996228,9,1530760
11997441,8,1530760
11998654,4,1530760
11999866,7,1530760
12001079,7,1527728
12002292,2,1530143
12003505,5,1530143
12004717,5,1530143
12005930,2,1530143
12007142,4,1530143
12008355,3,1530143
12009568,3,1530143
12010781,4,1530143
12011994,6,1530143
12013206,6,1522229
12014419,5,1522229
12015631,1,1522229
12016844,2,1522229
12018058,3,1522229
12019269,4,1522229
12020482,3,1522229
12021695,6,1522229
12022908,5,1522229
12024121,5,1529578
12025334,3,1529578
12026546,4,1529578
12027759,5,1529578
12028971,4,1529578
12030185,4,1529578
12031397,4,1529578
12032609,6,1529578
12033822,3,1529578
12035035,8,1526340
12036247,4,1526340
12037460,2,1526340
12038673,4,1526340
12039887,5,1526340
12041099,4,1526340
12042312,4,1526340
12043524,4,1526340
12044737,3,1526340
12053226,4,1526340
12054440,6,1526340
12055651,6,1528602
12056864,4,1528756
12058078,3,1528756
12059290,2,1528756
12060503,5,1528756
12061715,4,1528756
12062929,4,1528756
12064140,4,1528756
12065354,3,1528756
12066566,4,1528756
12067779,6,1528716
12068991,5,1531788
12070204,4,1531788
12071417,2,1531788
12072630,3,1531788
12073842,7,1531788
12075054,8,1531788
12076267,4,1531788
12077480,3,1531788
12078692,2,1531788
12079905,4,1531788
12081118,7,1531788
12082330,9,1531788
12083544,7,1531788
12084756,3,1531788
12085969,8,1531788
12087181,6,1531788
12088394,7,1526854
12089607,6,1526854
12090819,5,1526854
12092031,4,1526854
12093245,4,1526854
12094457,3,1526854
12095669,8,1526854
12096882,8,1526854
12098095,6,1526854
12099308,3,1526854
12100520,6,1527163
12101733,9,1527163
12102946,7,1527163
12104159,6,1527163
12105371,8,1527163
12106585,5,1527163
12107796,6,1527163
12109010,6,1527163
12110222,6,1527163
12111435,11,1529732
12112647,5,1529732
12113861,6,1529732
12115073,3,1529732
12116285,7,1529732
12117498,7,1529732
12118711,6,1529732
12119924,7,1529732
12121136,6,1529732
12122350,5,1525364
12123562,5,1525364
12124774,5,1525364
12125987,8,1525364
12127200,8,1525364
12128413,5,1525364
12129625,3,1525364
12138114,5,1525364
12139327,7,1525364
12140540,8,1525364
12141752,7,1525364
12142966,3,1525364
12144178,6,1529475
12145391,5,1529475
12146603,6,1529475
12147816,7,1529475
12149030,6,1529475
12150242,6,1529475
12151454,5,1529475
12152667,3,1529475
12153880,6,1529475
12155093,4,1530555
12156306,4,1530555
12157518,8,1530555
12158731,10,1530555
12159943,6,1530555
12161156,5,1530555
12162368,7,1530555
12163581,5,1530555
12164794,7,1530555
12166007,5,1529013
12167219,4,1529013
12168433,9,1529013
12169645,5,1529013
12170858,5,1529013
12172070,2,1529013
12173283,7,1529013
12174496,5,1529013
12175709,9,1529013
12176922,9,1529270
12178134,3,1529270
12179347,8,1529270
12180560,9,1529270
12181772,5,1529270
12182985,7,1529270
12184198,7,1529270
12185410,7,1529270
12186623,5,1529270
12187836,7,1527471
12189048,3,1524387
12190261,5,1524387
12191475,4,1524387
12192687,7,1524387
12193900,2,1524387
12195113,5,1524387
12196325,5,1524387
12197538,7,1524387
12198750,3,1524387
12199963,3,1528602
12201176,5,1528602
12202388,5,1528602
12203602,4,1528602
12204814,4,1528602
12206027,5,1528602
12207239,6,1528602
12208452,2,1528602
12209666,4,1528602
12210878,4,1521150
12212090,3,1521150
12213304,4,1521150
12214516,5,1530246
12223005,15,1530246
12224219,6,1530246
12225431,7,1530246
12226644,2,1530246
12227857,6,1530246
12229069,4,1530246
12230281,3,1530246
12231494,3,1530246
12232707,3,1528602
12233920,4,1528602
12235133,4,1528602
12236346,3,1528602
12237558,4,1528602
12238771,3,1528602
12239983,4,1528602
12241196,5,1528602
12242409,5,1528602
12243622,4,1528682
12244835,2,1522794
12246047,4,1522794
12247260,3,1522794
12248473,3,1522794
12249685,3,1522794
12250900,1,1522794
12252111,6,1522794
12253324,3,1522794
12254536,7,1522851
12255749,4,1524131
12256961,4,1524131
12258174,2,1524131
12259387,5,1524131
12260600,3,1524131
12261812,2,1524131
12263026,4,1524131
12264237,7,1524131
12265451,2,1524201
12266664,4,1524201
12267876,9,1524201
12269088,5,1524201
12270302,9,1524201
12271515,6,1524201
12272727,7,1524201
12273939,5,1524201
12275153,8,1529321
12276365,5,1529321
12277578,3,1529321
12278791,5,1529321
12280003,3,1529321
12281217,5,1529321
12282429,7,1529321
12283642,6,1529321
12284854,8,1529321
12286067,3,1529321
12287280,3,1527574
12288492,0,1527574
12289705,5,1527574
12290918,8,1527574
12292131,9,1527574
12293344,7,1527574
12294557,8,1527574
12295769,4,1527574
12296982,5,1527574
12298195,6,1530914
12299408,7,1530914
12307896,5,1530914
12309109,6,1529887
12310323,5,1529887
12311536,6,1529887
12312748,6,1529887
12313961,8,1529887
12315174,5,1529887
12316386,5,1529887
12317599,6,1529887
12318812,6,1529887
12320024,9,1529732
12321237,7,1529732
12322450,3,1529732
12323663,5,1529732
12324875,7,1529732
12326089,10,1529732
12327301,8,1529732
12328513,5,1529732
12329726,7,1529732
12330939,5,1528910
12332151,4,1528910
12333364,6,1528910
12334577,9,1528910
12335789,6,1528910
12337003,5,1528910
12338215,6,1528910
12339428,9,1528910
12340640,8,1528910
12341854,7,1527266
12343066,5,1527266
12344278,5,1527266
12345491,2,1527266
12346704,5,1527266
12347916,7,1527266
12349129,5,1527266
12350342,8,1527266
12351554,7,1527266
12352767,3,1528190
12353980,5,1528190
12355193,7,1528190
12356406,4,1528190
12357618,4,1528190
12358831,7,1528190
12360043,11,1528190
12361255,5,1528190
12362469,6,1528190
12363682,5,1528807
12364893,7,1528807
12366106,8,1528807
12367319,4,1528807
12368532,3,1528807
12369744,10,1528807
12370958,7,1528807
12372169,6,1528807
12373382,7,1528807
12374595,8,1531428
12375807,2,1531428
12377021,6,1531428
12378233,9,1531428
12379446,10,1531428
12380658,5,1531428
12381871,2,1531428
12383084,10,1531428
12384296,7,1531428
12391572,4,1531428
12392785,5,1531428
12393997,6,1531428
12395210,5,1531428
12396423,6,1526957
12397635,7,1529167
12398849,6,1529167
12400061,4,1529167
12401273,7,1529167
12402486,5,1529167
12403698,1,1529167
12404912,2,1529167
12406124,3,1529167
12407337,6,1529167
12408549,4,1529167
12409762,6,1529167
12410974,5,1529167
12412187,5,1529167
12413399,4,1529167
12414612,4,1529167
12415825,-1,1529167
12417038,5,1529167
12418250,5,1529167
12419462,3,1524645
12420675,5,1524645
12421888,7,1524645
12423101,3,1524645
12424314,4,1524645
12425526,7,1524645
12426739,8,1524645
12427951,3,1524645
12429164,3,1524645
12430376,2,1529116
12431589,7,1529116
12432802,6,1529116
12434014,4,1529116
12435227,4,1529116
12436440,3,1529116
12437653,-1,1529116
12438866,2,1529116
12440078,5,1529116
12441291,6,1529114
12442503,6,1528602
12443716,6,1528602
12444928,5,1528602
12446142,5,1528602
12447354,4,1528602
12448567,3,1528602
12449779,2,1528602
12450992,2,1528602
12452204,6,1528757
12453417,4,1529013
12454629,3,1529013
12455843,4,1529013
12457055,3,1529013
12458267,5,1529013
12459480,3,1529013
12460692,6,1529013
12461906,5,1529013
12463118,3,1529013
12464331,5,1529013
12465543,5,1529013
12466755,2,1529013
12467968,7,1529013
12475246,15,1529013
12476457,6,1529013
12477670,7,1529013
12478882,8,1529013
12480095,6,1529013
12481307,4,1529013
12482520,5,1529013
12483733,9,1529013
12484946,8,1525415
12486157,7,1525415
12487371,5,1525415
12488583,6,1525415
12489795,6,1525415
12491008,6,1525415
12492221,6,1525415
12493433,8,1525415
12494646,5,1525415
12495858,7,1527676
12497071,7,1527676
12498284,8,1527676
12499497,8,1527676
12500709,6,1527676
12501922,5,1527676
12503134,3,1527676
12504347,9,1527676
12505559,8,1527676
12506772,8,1523925
12507985,5,1523925
12509198,10,1523925
12510410,7,1523925
12511622,6,1523925
12512835,4,1523925
12514047,6,1523925
12515261,7,1523925
12516473,6,1523925
12517685,8,1529167
12518900,3,1529167
12520111,6,1529167
12521323,7,1529167
12522536,7,1529167
12523749,3,1529167
12524961,9,1529167
12526174,8,1529167
12527387,6,1529167
12528599,7,1527368
12529812,3,1527368
12531024,4,1527368
12532237,7,1527368
12533450,8,1527368
12534662,10,1527368
12535875,6,1527368
12537087,7,1527368
12538300,3,1527368
12539513,6,1526957
12540725,5,1526957
12541938,9,1526957
12543150,9,1526957
12544363,9,1526957
12545575,8,1526957
12546788,6,1526957
12548000,7,1526957
12549213,7,1526957
12550426,7,1526906
12551638,6,1526906
12560126,7,1526906
12561339,6,1527728
12562552,3,1527728
12563764,7,1527728
12564977,3,1527728
12566190,8,1527728
12567402,9,1527728
12568614,10,1527728
12569827,8,1527728
12571039,8,1527728
12572252,6,1526546
12573464,1,1523514
12574678,5,1523514
12575889,4,1523514
12577102,2,1523514
12578315,6,1523514
12579527,4,1523514
12580740,4,1523514
12581952,1,1523514
12583165,-1,1523514
12584377,1,1527420
12585590,4,1527420
12586803,5,1527420
12588015,6,1527420
12589228,7,1527420
12590441,3,1527420
12591654,2,1527420
12592865,4,1527420
12594079,2,1527420
12595290,5,1524182
12596503,5,1524182
12597716,6,1524182
12598928,3,1524182
12600141,3,1524182
12601354,1,1524182
12602566,1,1524182
12603778,4,1524182
12604991,4,1524182
12606203,4,1528242
12607416,8,1528242
12608628,7,1528242
12609842,3,1528242
12611054,1,1528242
12612267,3,1528242
12613479,2,1528242
12614691,5,1528242
12615904,5,1528242
12617117,8,1524387
12618329,5,1524387
12619542,7,1524387
12620755,3,1524387
12621967,3,1524387
12623179,1,1524387
12624392,1,1524387
12625605,2,1524387
12626817,6,1524387
12628030,10,1524450
12629242,6,1527522
12630455,4,1527522
12631667,0,1527522
12632880,4,1527522
12634092,4,1527522
12635305,3,1527522
12636517,3,1527522
12645005,7,1527522
12646218,5,1527522
12647430,8,1527522
12648643,7,1528190
12649855,4,1528181
12651068,3,1528181
12652280,3,1528181
12653493,3,1528181
12654705,5,1528181
12655918,7,1528181
12657130,8,1528181
12658343,13,1528181
12659556,11,1525621
12660768,5,1525621
12661981,7,1525621
12663194,4,1525621
12664406,5,1525621
12665619,5,1525621
12666831,7,1525621
12668044,7,1525621
12669257,8,1525621
12670469,7,1525621
12671682,8,1529218
12672895,4,1529218
12674108,4,1529218
12675320,5,1529218
12676533,6,1529218
12677746,6,1529218
12678959,8,1529218
12680171,6,1529218
12681383,5,1529218
12682597,5,1525621
12683809,0,1525621
12685022,6,1525621
12686235,6,1525621
12687447,7,1525621
12688659,7,1525621
12689872,8,1525621
12691085,6,1525621
12692298,5,1525621
12693510,4,1525569
12694722,4,1525569
12695935,5,1525569
12697148,4,1525569
12698360,6,1525569
12699573,9,1525569
12700786,9,1525569
12701998,6,1525569
12703211,6,1525569
12704424,5,1523668
12705636,3,1523668
12706849,6,1523668
12708061,8,1523668
12709274,8,1523668
12710486,9,1523668
12711699,6,1523668
12712912,4,1523668
12714124,4,1523668
12715337,5,1525415
12716550,3,1525415
12717762,3,1525415
12718975,7,1525415
12720187,6,1525415
12721400,3,1525415
12728676,14,1525415
12729888,5,1525415
12731101,7,1525415
12732314,5,1525415
12733526,8,1525415
12734739,10,1525415
12735951,7,1525415
12737164,4,1527522
12738376,1,1527522
12739590,8,1527522
12740802,7,1527522
12742015,6,1527522
12743227,9,1527522
12744441,9,1527522
12745652,9,1527522
12746866,6,1527522
12748078,7,1527111
12749291,2,1527111
12750503,5,1527111
12751716,4,1527111
12752928,5,1527111
12754141,4,1527111
12755353,6,1527111
12756566,4,1527111
12757778,3,1527111
12758991,5,1529732
12760204,3,1529732
12761416,7,1529732
12762629,5,1529732
12763842,10,1529732
12765054,6,1529732
12766266,5,1529732
12767480,6,1529732
12768692,7,1529732
12769904,5,1523103
12771117,3,1527985
12772329,5,1527985
12773542,6,1527985
12774754,1,1527985
12775967,3,1527985
12777179,3,1527985
12778392,5,1527985
12779605,4,1527985
12780818,3,1527985
12782030,3,1525672
12783243,4,1525672
12784455,5,1525672
12785668,2,1525672
12786880,5,1525672
12788094,3,1525672
12789306,3,1525672
12790519,3,1525672
12791732,8,1525672
12792945,6,1536310
12794156,5,1536310
12795369,4,1536310
12796582,2,1536310
12797794,5,1536310
12799007,4,1536310
12800220,4,1536310
12801433,7,1536310
12802645,4,1536310
12803857,4,1527522
12805070,6,1527522
12812346,5,1527522
12813558,0,1527522
12814771,9,1527676
12815983,4,1527676
12817197,5,1527676
12818409,5,1527676
12819621,3,1527676
12820834,4,1527676
12822047,5,1527676
12823259,6,1527676
12824472,2,1527676
12825684,3,1527617
12826897,5,1525569
12828110,3,1525569
12829323,3,1525569
12830535,5,1525569
12831748,2,1525569
12832960,5,1525569
12834173,3,1525569
12835385,6,1525569
12836599,5,1525628
12837811,5,1527420
12839023,4,1527420
12840236,9,1527420
12841449,3,1527420
12842662,4,1527420
12843874,4,1527420
12845087,2,1527420
12846299,4,1527420
12847512,4,1527420
12848724,4,1527420
12849937,7,1527420
12851149,8,1527420
12852362,8,1527420
12853574,7,1527420
12854788,3,1527420
12855999,7,1527420
12857212,6,1527728
12858425,4,1527728
12859637,5,1527728
12860850,8,1527728
12862063,5,1527728
12863275,8,1527728
12864489,7,1527728
12865701,5,1527728
12866914,5,1527728
12868126,5,1527728
12869339,7,1527728
12870551,6,1527728
12871763,7,1527728
12872976,6,1527728
12874189,7,1527728
12875402,6,1527728
12876614,5,1527728
12877827,2,1527728
12879039,8,1527728
12880252,6,1525158
12881464,3,1525158
12882677,5,1525158
12883889,5,1525158
12885102,7,1525158
12886314,6,1525158
12887527,7,1525158
12888740,6,1525158
12897227,4,1525158
12898440,7,1525158
12899653,8,1525158
12900865,5,1525158
12902078,7,1524490
12903290,3,1524490
12904503,6,1524490
12905716,8,1524490
12906928,10,1524490
12908140,7,1524490
12909354,6,1524490
12910566,3,1524490
12911779,5,1524490
12912991,7,1520790
12914203,3,1520790
12915417,7,1520790
12916628,5,1520790
12917841,8,1520790
12919054,7,1520790
12920266,5,1520790
12921479,4,1520790
12922692,8,1520790
12923904,7,1529372
12925116,4,1529372
12926330,7,1529372
12927542,5,1529372
12928755,6,1529372
12929967,7,1529372
12931179,5,1529372
12932392,6,1529372
12933605,7,1529372
12934818,6,1527111
12936030,4,1527111
12937243,7,1527111
12938455,5,1527111
12939668,6,1527111
12940880,5,1527111
12942092,8,1527111
12943305,8,1527111
12944518,5,1527111
12945731,10,1532096
12946943,5,1532096
12948156,7,1532096
12949368,6,1532096
12950581,11,1532096
12951794,5,1532096
12953006,8,1532096
12954219,4,1532096
12955431,7,1532096
12956645,9,1526495
12957857,6,1526392
12959070,3,1526392
12960282,4,1526392
12961494,3,1526392
12962707,3,1526392
12963920,4,1526392
12965133,6,1526392
12966346,5,1526392
12967558,4,1526392
12968771,2,1524285
12969983,5,1524285
12971196,4,1524285
12972408,2,1524285
12973621,5,1524285
12982109,7,1524285
12983322,7,1524285
12984535,4,1524285
12985747,8,1524285
12986960,9,1524285
12988172,6,1524285
12989385,6,1525415
12990597,5,1526597
12991811,4,1526597
12993023,4,1526597
12994236,10,1526597
12995448,5,1526597
12996661,4,1526597
12997873,4,1526597
12999086,2,1526597
13000298,2,1526597
13001511,4,1527420
13002723,4,1527420
13003936,5,1527420
13005149,4,1527420
13006361,2,1527420
13007574,5,1527420
13008787,5,1527420
13009999,4,1527420
13011212,4,1527420
13012424,5,1527513
13013636,6,1524953
13014849,5,1524953
13016062,3,1524953
13017275,3,1524953
13018488,2,1524953
13019699,3,1524953
13020913,4,1524953
13022124,3,1524953
13023338,3,1524810
13024550,4,1527882
13025762,4,1527882
13026975,4,1527882
13028188,8,1527882
13029400,4,1527882
13030613,5,1527882
13031826,3,1527882
13033038,5,1527882
13034250,4,1527882
13035463,3,1527882
13036675,6,1527882
13037888,6,1527882
13039100,7,1527882
13040313,6,1527882
13041526,7,1527882
13042738,10,1527882
13043951,7,1527882
13045163,5,1527882
13046376,7,1527882
13047589,5,1527882
13048802,3,1527882
13050014,7,1527882
13051227,6,1527882
13052440,7,1527882
13053652,8,1527882
13054865,4,1527882
13056077,6,1527676
13057291,4,1527676
13058502,7,1527676
13065779,5,1527676
13066992,6,1527522
13068203,4,1527522
13069416,3,1527522
13070629,6,1527522
13071842,7,1527522
13073054,5,1527522
13074267,7,1527522
13075480,5,1527522
13076692,5,1527522
13077905,4,1527111
13079118,4,1527111
13080330,6,1527111
13081543,7,1527111
13082755,8,1527111
13083968,6,1527111
13085180,6,1527111
13086394,4,1527111
13087606,8,1527111
13088818,10,1521766
13090031,5,1521766
13091244,7,1521766
13092457,5,1521766
13093669,7,1521766
13094882,5,1521766
13096094,5,1521766
13097308,6,1521766
13098520,5,1521766
13099732,8,1528242
13100945,4,1528242
13102157,7,1528242
13103370,9,1528242
13104582,6,1528242
13105795,4,1528242
13107008,7,1528242
13108220,7,1528242
13109433,9,1528242
13110646,7,1525518
13111859,5,1525518
13113071,6,1525518
13114284,9,1525518
13115497,5,1525518
13116709,8,1525518
13117922,8,1525518
13119134,8,1525518
13120347,8,1525518
13121560,9,1528499
13122772,-1,1528499
13123985,6,1528499
13125197,6,1528499
13126410,5,1528499
13127623,6,1528499
13128836,7,1528499
13130049,7,1528499
13131262,9,1528499
13132474,4,1524645
13133687,1,1524645
13134899,4,1524645
13136112,6,1524645
13137325,6,1524645
13138537,11,1524645
13139750,9,1524645
13140962,8,1524645
13142175,7,1524645
13149451,6,1524645
13150664,8,1524645
13151876,7,1524645
13153090,8,1524645
13154302,5,1523822
13155514,3,1529938
13156727,3,1529938
13157940,3,1529938
13159152,4,1529938
13160364,5,1529938
13161578,3,1529938
13162791,3,1529938
13164003,2,1529938
13165215,4,1529938
13166428,7,1530246
13167641,2,1530246
13168854,-1,1530246
13170066,-2,1530246
13171279,5,1530246
13172492,4,1530246
13173704,2,1530246
13174918,4,1530246
13176130,2,1530246
13177343,3,1529527
13178555,4,1529527
13179768,5,1529527
13180981,7,1529527
13182193,5,1529527
13183406,6,1529527
13184619,-1,1529527
13185831,3,1529527
13187045,4,1529527
13188257,4,1529578
13189470,4,1529578
13190683,4,1529578
13191895,4,1529578
13193108,3,1529578
13194320,3,1529578
13195533,4,1529578
13196746,3,1529578
13197959,4,1529578
13199172,5,1529578
13200384,3,1529578
13201597,3,1529578
13202810,3,1529578
13204022,6,1529578
13205235,8,1529578
13206447,3,1529578
13207660,3,1529578
13208873,5,1529578
13210086,6,1529375
13211299,8,1529887
13212512,4,1529887
13213724,5,1529887
13214937,5,1529887
13216150,4,1529887
13217362,4,1529887
13218575,4,1529887
13219788,2,1529887
13221000,5,1530026
13222213,8,1526186
13223426,6,1526186
13224639,4,1526186
13225851,6,1526186
13233176,9,1526186
13234339,6,1526186
13235551,7,1526186
13236764,5,1526186
13237978,5,1526186
13239190,6,1526186
13240402,6,1526186
13241615,7,1528653
13242827,5,1528653
13244040,6,1528653
13245253,3,1528653
13246465,5,1528653
13247679,5,1528653
13248891,8,1528653
13250103,4,1528653
13251316,6,1528653
13252529,9,1528653
13253741,8,1526597
13254954,5,1526597
13256167,7,1526597
13257380,7,1526597
13258592,7,1526597
13259805,9,1526597
13261018,4,1526597
13262230,6,1526597
13263442,8,1526597
13264655,5,1525518
13265868,6,1525518
13267081,6,1525518
13268294,7,1525518
13269506,7,1525518
13270719,8,1525518
13271931,4,1525518
13273145,8,1525518
13274358,5,1525518
13275570,7,1525929
13276782,-1,1525929
13277995,4,1525929
13279208,7,1525929
13280421,6,1525929
13281633,7,1525929
13282847,10,1525929
13284059,6,1525929
13285271,8,1525929
13286484,6,1528190
13287698,2,1528190
13288910,5,1528190
13290123,9,1528190
13291335,3,1528190
13292549,5,1528190
13293761,4,1528190
13294974,8,1528190
13296186,9,1528190
13297399,8,1528602
13298612,4,1528602
13299824,4,1528602
13301037,7,1528602
13302249,7,1528602
13303462,5,1528602
13304676,6,1528602
13305888,6,1528602
13307100,8,1528602
13308314,4,1526238
13309526,4,1526238
13318015,8,1526238
13319228,6,1522949
13320440,6,1522949
13321653,7,1522949
13322866,6,1522949
13324078,6,1522949
13325291,10,1522949
13326504,8,1522949
13327716,7,1522949
13328929,7,1522949
13330142,7,1528602
13331354,4,1528602
13332567,7,1528602
13333779,6,1528602
13334992,5,1528602
13336205,11,1528602
13337418,6,1528602
13338630,7,1528602
13339844,7,1528602
13341056,8,1526854
13342268,3,1527266
13343481,3,1527266
13344694,3,1527266
13345906,5,1527266
13347119,6,1527266
13348332,5,1527266
13349545,5,1527266
13350758,5,1527266
13351970,2,1527266
13353183,5,1529116
13354396,5,1529116
13355608,4,1529116
13356822,4,1529116
13358034,6,1529116
13359247,2,1529116
13360459,5,1529116
13361672,4,1529116
13362884,3,1529116
13364098,4,1522743
13365310,3,1522743
13366522,3,1522743
13367735,12,1522743
13368947,3,1522743
13370160,4,1522743
13371374,5,1522743
13372586,6,1522743
13373799,5,1522743
13375011,5,1527882
13376224,5,1527882
13377436,6,1527882
13378649,2,1527882
13379861,7,1527882
13381075,3,1527882
13382287,6,1527882
13383499,3,1527882
13384712,3,1527882
13385924,4,1530555
13387138,3,1530555
13388350,2,1530555
13389563,4,1530555
13390775,4,1530555
13391987,3,1530555
13393200,5,1530555
13394413,5,1530555
13402901,6,1530555
13404113,11,1530555
13405326,9,1530555
13406538,7,1525210
13407751,4,1525194
13408964,4,1520842
13410177,4,1520842
13411389,3,1520842
13412603,2,1520842
13413815,1,1520842
13415027,4,1520842
13416240,7,1520842
13417453,6,1520842
13418666,4,1520842
13419878,7,1520842
13421091,5,1520842
13422303,8,1520842
13423516,8,1520842
13424728,11,1520842
13425941,8,1520842
13427154,7,1520842
13428367,5,1520842
13429580,3,1520842
13430793,3,1520842
13432005,7,1520842
13433218,10,1520842
13434430,10,1520842
13435643,6,1520842
13436855,6,1520842
13438068,7,1520842
13439281,6,1520842
13440494,8,1507634
13441706,5,1507634
13442918,6,1507634
13444131,9,1507634
13445343,7,1507634
13446556,4,1507634
13447769,4,1507634
13448982,8,1507634
13450194,7,1507634
13451407,6,1499309
13452619,4,1499309
13453832,6,1499309
13455045,6,1499309
13456258,7,1499309
13457470,6,1499309
13458683,8,1499309
13459895,7,1499309
13461108,9,1499309
13462320,7,1508919
13463533,6,1508919
13464746,7,1508919
13465959,5,1508919
13467171,8,1508919
13468385,8,1508919
13469597,8,1508919
13470810,8,1508919
13472022,8,1508919
13473235,8,1516216
13474447,3,1516216
13475661,9,1516216
13476873,8,1516216
13478086,8,1516216
13479298,4,1516216
13486575,8,1516216
13487787,5,1516216
13489000,6,1516216
13490212,6,1516216
13491425,7,1516216
13492638,8,1516216
13493851,7,1516216
13495063,10,1519505
13496276,5,1519505
13497489,5,1519505
13498701,7,1519505
13499915,3,1519505
13501127,6,1519505
13502339,10,1519505
13503552,8,1519505
13504764,8,1519505
13505978,4,1518067
13507191,1,1518067
13508403,5,1518067
13509616,6,1518067
13510828,8,1518067
13512040,10,1518067
13513254,8,1518067
13514466,7,1518067
13515679,8,1518067
13516891,6,1509792
13518105,5,1509792
13519316,11,1509792
13520529,6,1509792
13521742,11,1509792
13522955,8,1509792
13524167,7,1509792
13525380,7,1509792
13526593,5,1509792
13527806,6,1528858
13529018,5,1528858
13530231,6,1528858
13531444,5,1528858
13532656,6,1528858
13533869,6,1528858
13535082,7,1528858
13536294,8,1528858
13537507,9,1528858
13538720,7,1524336
13539933,4,1521612
13541145,4,1521612
13542357,5,1521612
13543571,3,1521612
13544783,2,1521612
13545995,7,1521612
13547208,5,1521612
13548421,5,1521612
13549634,4,1521612
13550847,4,1523154
13552059,4,1523154
13553271,4,1523154
13554485,5,1523154
13555696,6,1523154
13556910,6,1523154
13558122,5,1523154
13559334,4,1523154
13560547,6,1523154
13561759,3,1522280
13562972,7,1522280
13570248,14,1522280
13571461,12,1522280
13572673,0,1523051
13573886,5,1523051
13575098,5,1523051
13576311,5,1523051
13577524,6,1523051
13578737,8,1523051
13579948,5,1523051
13581162,4,1523051
13582374,5,1523051
13583587,4,1521715
13584799,6,1521715
13586011,2,1521715
13587224,5,1521715
13588437,4,1521715
13589650,4,1521715
13590862,4,1521715
13592075,3,1521715
13593287,4,1521715
13594499,3,1521830
13595712,3,1525158
13596924,5,1525158
13598138,4,1525158
13599349,5,1525158
13600562,5,1525158
13601774,0,1525158
13602987,4,1525158
13604200,5,1525158
13605413,5,1525059
13606625,4,1526083
13607837,1,1526083
13609050,3,1526083
13610262,4,1526083
13611475,4,1526083
13612688,6,1526083
13613901,6,1526083
13615113,3,1526083
13616325,5,1526083
13617538,5,1526083
13618751,5,1526083
13619963,4,1526083
13621175,8,1526083
13622388,9,1526083
13623601,6,1526083
13624814,6,1526083
13626026,5,1526032
13627238,6,1526032
13628451,4,1526032
13629664,5,1526032
13630877,5,1526032
13632089,6,1526032
13633302,7,1526032
13634515,6,1526032
13635727,11,1526032
13636939,11,1526032
13638153,7,1528139
13639364,4,1528139
13640577,7,1528139
13641790,4,1528139
13643003,8,1528139
13644215,4,1528139
13645428,5,1528139
13646640,6,1528139
13655129,7,1528139
13656342,8,1528139
13657553,8,1528139
13658766,4,1528139
13659979,7,1523771
13661191,4,1523771
13662404,8,1523771
13663617,9,1523771
13664830,6,1523771
13666041,7,1523771
13667254,6,1523771
13668466,6,1523771
13669680,8,1523771
13670892,6,1526752
13672104,4,1526752
13673318,7,1526752
13674530,5,1526752
13675743,10,1526752
13676955,7,1526752
13678167,8,1526752
13679380,11,1526752
13680593,7,1526752
13681806,4,1529218
13683018,6,1529218
13684231,6,1529218
13685444,9,1529218
13686656,3,1529218
13687869,3,1529218
13689081,4,1529218
13690294,7,1529218
13691506,3,1529218
13692719,5,1528910
13693931,5,1528910
13695145,4,1528910
13696358,5,1528910
13697570,9,1528910
13698783,3,1528910
13699995,5,1528910
13701207,5,1528910
13702421,7,1528910
13703633,7,1525878
13704846,3,1525878
13706058,6,1525878
13707271,6,1525878
13708484,7,1525878
13709696,7,1525878
13710909,7,1525878
13712122,9,1525878
13713334,7,1525878
13714546,6,1526649
13715759,5,1526649
13716971,3,1526649
13718185,6,1526649
13719398,8,1526649
13720610,6,1526649
13721823,8,1526649
13723035,8,1526649
13724248,7,1526649
13725460,6,1526854
13726673,4,1529629
13727886,4,1529629
13729098,2,1529629
13730311,4,1529629
13731524,4,1529629
13740013,4,1529629
13741225,8,1529629
13742438,6,1529629
13743650,9,1529629
13744863,4,1529629
13746075,5,1529629
13747288,7,1530914
13748500,3,1522126
13749713,2,1522126
13750926,5,1522126
13752139,5,1522126
13753352,6,1522126
13754564,8,1522126
13755776,1,1522126
13756989,4,1522126
13758203,6,1522126
13759415,5,1526854
13760627,4,1526854
13761840,4,1526854
13763053,3,1526854
13764265,6,1526854
13765478,1,1526854
13766691,3,1526854
13767903,2,1526854
13769117,2,1526854
13770329,4,1532405
13771541,6,1532405
13772754,4,1532405
13773966,3,1532405
13775179,4,1532405
13776393,5,1532405
13777605,5,1532405
13778817,4,1532405
13780030,3,1532405
13781242,6,1532322
13782455,4,1523874
13783668,5,1523874
13784880,6,1523874
13786093,4,1523874
13787306,3,1523874
13788519,3,1523874
13789732,4,1523874
13790943,4,1523874
13792157,4,1523813
13793370,5,1521253
13794582,3,1521253
13795794,2,1521253
13797007,5,1521253
13798220,3,1521253
13799433,9,1521253
13800646,-1,1521253
13801858,3,1521253
13803071,3,1521253
13804283,4,1521253
13805495,8,1521253
13806708,4,1521253
13807922,7,1521253
13809133,5,1521253
13810346,8,1521253
13811559,5,1521253
13812772,3,1521253
13813984,6,1521253
13815197,5,1521253
13816410,5,1521253
13823686,10,1521253
13824899,6,1528190
13826111,4,1528190
13827324,7,1528190
13828537,6,1528190
13829749,3,1528190
13830962,8,1528190
13832174,4,1528190
13833387,6,1528190
13834599,8,1528190
13835812,6,1525158
13837025,8,1525158
13838238,6,1525158
13839450,5,1525158
13840662,8,1525158
13841875,7,1525158
13843088,8,1525158
13844301,7,1525158
13845513,7,1525158
13846726,8,1528293
13847938,4,1528293
13849151,7,1528293
13850364,6,1528293
13851576,8,1528293
13852789,6,1528293
13854001,6,1528293
13855214,7,1528293
13856426,8,1528293
13857639,6,1524490
13858851,4,1524490
13860064,5,1524490
13861277,3,1524490
13862489,5,1524490
13863702,5,1524490
13864914,7,1524490
13866127,6,1524490
13867339,4,1524490
13868553,7,1524593
13869765,5,1524593
13870977,4,1524593
13872190,8,1524593
13873403,4,1524593
13874615,6,1524593
13875828,8,1524593
13877041,10,1524593
13878253,6,1524593
13879466,4,1512362
13880679,2,1512362
13881891,5,1512362
13883103,10,1512362
13884316,8,1512362
13885529,6,1512362
13886741,10,1512362
13887954,5,1512362
13889167,5,1512362
13890380,6,1505065
13891592,4,1505065
13892804,9,1505065
13894018,5,1505065
13895230,7,1505065
13896442,4,1505065
13897655,9,1505065
13898868,8,1505065
13900080,7,1505065
13907356,4,1505065
13908569,9,1505065
13909781,4,1505065
13910994,4,1505065
13912207,7,1501518
13913419,4,1501518
13914632,10,1501518
13915845,8,1501518
13917058,7,1501518
13918270,7,1501518
13919482,7,1501518
13920695,5,1501518
13921907,5,1501518
13923121,9,1494940
13924333,4,1477981
13925545,5,1477981
13926758,5,1477981
13927971,5,1477981
13929184,6,1477981
13930396,7,1477981
13931609,4,1477981
13932822,1,1477981
13934035,4,1477981
13935247,7,1470889
13936460,4,1470889
13937673,5,1470889
13938886,5,1470889
13940098,1,1470889
13941311,2,1470889
13942524,4,1470889
13943736,7,1470889
13944949,5,1470889
13946162,2,1445605
13947374,4,1445605
13948587,4,1445605
13949800,3,1445605
13951012,2,1445605
13952224,3,1445605
13953437,8,1445605
13954650,5,1445605
13955862,6,1445605
13957075,4,1493462
13958288,5,1427926
13959500,5,1427926
13960713,5,1427926
13961926,3,1427926
13963139,4,1427926
13964352,6,1427926
13965564,6,1427926
13966777,4,1427926
13967990,4,1432449
13969203,3,1432449
13970415,6,1432449
13971627,4,1432449
13972840,6,1432449
13974053,5,1432449
13975265,4,1432449
13976478,3,1432449
13977691,4,1432449
13978903,5,1432528
13980117,3,1426128
13981329,2,1426128
13982542,3,1426128
13983755,8,1426128
13992243,6,1426128
13993457,8,1426128
13994669,7,1426128
13995881,5,1426128
13997094,3,1426128
13998307,5,1426128
13999519,4,1426796
14000732,7,1426796
14001944,5,1426796
14003157,6,1426796
14004370,6,1426796
14005582,7,1426796
14006795,6,1426796
14008008,7,1426796
14009221,5,1426796
14010433,6,1419961
14011646,5,1419961
14012858,6,1419961
14014071,8,1419961
14015283,7,1419961
14016496,10,1419961
14017709,5,1419961
14018921,6,1419961
14020134,4,1419961
14021347,9,1419961
14022560,8,1420372
14023772,4,1420372
14024984,5,1420372
14026198,7,1420372
14027410,3,1420372
14028622,7,1420372
14029835,10,1420372
14031047,7,1420372
14032261,5,1420372
14033474,4,1420886
14034685,4,1420886
14035899,5,1420886
14037111,7,1420886
14038323,5,1420886
14039536,4,1420886
14040748,6,1420886
14041961,6,1420886
14043174,9,1420886
14044387,7,1422068
14045600,2,1422068
14046811,5,1422068
14048025,11,1422068
14049237,9,1422068
14050449,8,1422068
14051663,7,1422068
14052875,6,1422068
14054087,9,1422068
14055301,7,1421554
14056513,2,1421554
14057725,8,1421554
14058938,6,1421554
14060151,6,1421554
14061364,7,1421554
14062576,5,1421554
14063789,7,1421554
14065002,9,1421554
14066214,6,1422016
14067427,7,1422016
14068640,9,1422016
14077129,5,1417597
14078341,3,1417597
14079553,7,1417597
14080766,3,1417597
14081979,7,1417597
14083191,7,1417597
14084405,7,1417597
14085617,8,1417597
14086830,10,1417597
14088042,7,1421245
14089254,2,1421245
14090467,6,1421245
14091680,8,1421245
14092892,7,1421245
14094106,9,1421245
14095318,9,1421245
14096531,8,1421245
14097743,6,1421245
14098956,10,1417956
14100168,6,1417956
14101382,6,1417956
14102594,7,1417956
14103806,9,1417956
14105019,7,1417956
14106231,9,1417956
14107445,7,1417956
14108657,9,1417956
14109870,7,1418162
14111083,2,1416261
14112295,6,1416261
14113508,4,1416261
14114720,5,1416261
14115933,5,1416261
14117146,4,1416261
14118359,3,1416261
14119571,2,1416261
14120784,0,1416261
14121996,4,1422068
14123209,5,1422068
14124421,4,1422068
14125634,4,1422068
14126847,0,1422068
14128059,3,1422068
14129272,4,1422068
14130485,3,1422068
14131697,4,1422068
14132910,6,1423250
14134123,5,1423250
14135336,4,1423250
14136548,4,1423250
14137761,5,1423250
14138973,2,1423250
14140186,7,1423250
14141399,3,1423250
14142612,3,1423250
14143824,6,1425408
14145037,7,1425408
14146250,5,1425408
14147463,3,1425408
14148674,3,1425408
14149887,5,1425408
14151099,4,1425408
14152312,7,1425408
14153525,2,1425408
14162013,11,1425408
14163226,4,1425408
14164438,7,1408140
14165651,5,1408225
14166863,4,1389537
14168076,2,1389537
14169289,3,1389537
14170501,3,1389537
14171714,3,1389537
14172927,4,1389537
14174140,4,1389537
14175352,5,1389537
14176565,4,1389567
14177777,4,1411327
14178990,5,1411327
14180203,5,1411327
14181416,5,1411327
14182628,6,1411327
14183841,7,1411327
14185054,4,1411327
14186266,3,1411327
14187478,1,1411327
14188691,4,1411327
14189904,5,1411327
14191116,4,1411327
14192329,6,1411327
14193542,7,1411327
14194755,5,1411327
14195967,8,1411327
14197179,5,1411327
14198392,4,1411327
14199606,4,1411327
14200818,7,1411327
14202030,6,1411327
14203243,8,1411327
14204456,6,1411327
14205669,7,1411327
14206881,4,1411327
14208094,7,1411327
14209306,9,1402231
14210519,3,1402231
14211732,12,1402231
14212945,4,1402231
14214156,7,1402231
14215370,6,1402231
14216583,7,1402231
14217794,8,1402231
14219007,4,1402231
14220220,8,1135510
14221432,8,1135510
14222645,7,1135510
14223858,6,1135510
14225070,5,1135510
14226283,7,1135510
14227495,6,1135510
14228708,9,1135510
14229922,9,1135510
14231133,8,1404183
14232347,5,1404183
14233559,9,1404183
14234772,5,1404183
14235984,7,1404183
14237196,8,1404183
14238409,4,1404183
14245685,13,1404183
14246899,6,1404183
14248110,6,1404183
14249323,6,1404183
14250535,5,1404183
14251748,7,1404183
14252961,7,1404132
14254174,4,1404132
14255386,4,1404132
14256598,10,1404132
14257811,7,1404132
14259024,7,1404132
14260237,8,1404132
14261449,4,1404132
14262662,7,1404132
14263874,6,1403670
14265087,5,1403670
14266299,5,1403670
14267512,4,1403670
14268725,7,1403670
14269938,7,1403670
14271150,7,1403670
14272363,5,1403670
14273576,5,1403670
14274789,3,1405211
14276001,2,1405211
14277214,7,1405211
14278426,11,1405211
14279638,7,1405211
14280851,10,1405211
14282063,10,1405211
14283277,8,1405211
14284489,5,1405211
14285702,5,1402076
14286914,3,1402076
14288127,6,1402076
14289339,4,1402076
14290552,8,1402076
14291765,4,1402076
14292977,6,1402076
14294189,7,1402076
14295402,5,1402076
14296615,7,1403207
14297827,3,1403207
14299040,8,1403207
14300253,7,1403207
14301465,6,1403207
14302678,7,1403207
14303890,7,1403207
14305103,5,1403207
14306315,5,1403207
14307528,8,1405879
14308741,8,1404389
14309954,4,1404389
14311166,4,1404389
14312378,4,1404389
14313592,4,1404389
14314804,3,1404389
14316017,5,1404389
14317230,8,1404389
14318442,6,1404389
14319655,3,1389640
14320867,2,1389640
14322079,6,1389640
14330569,10,1389640
14331781,7,1389640
14332994,6,1389640
14334206,5,1389640
14335419,3,1389640
14336631,6,1389640
14337845,9,1389640
14339056,4,1389640
14340270,6,1383678
14341482,4,1385117
14342694,4,1385117
14343907,4,1385117
14345120,4,1385117
14346332,4,1385117
14347545,8,1385117
14348759,4,1385117
14349971,5,1385117
14351183,4,1385117
14352397,4,1377705
14353608,5,1443241
14354821,3,1443241
14356034,4,1443241
14357247,5,1443241
14358459,6,1443241
14359671,5,1443241
14360884,5,1443241
14362098,3,1443241
14363310,3,1443268
14364522,6,1381828
14365735,6,1381828
14366947,4,1381828
14368160,4,1381828
14369374,4,1381828
14370586,4,1381828
14371799,2,1381828
14373011,4,1381828
14374223,5,1381838
14375436,8,1384398
14376649,3,1384398
14377861,4,1384398
14379074,1,1384398
14380286,5,1384398
14381499,1,1384398
14382712,4,1384398
14383925,3,1384398
14385137,5,1384398
14386349,4,1384398
14387562,5,1384398
14388775,3,1384398
14389987,6,1384398
14391201,5,1384398
14392414,4,1384398
14393626,7,1384398
14394839,9,1383576
14396051,6,1383576
14397263,4,1383576
14398476,7,1383576
14399689,4,1383576
14400901,6,1383576
14402114,7,1383576
14403327,8,1383576
14404540,5,1383576
14405752,4,1383576
14406964,6,1383576
14414240,13,1383576
14415453,8,1383576
14416666,5,1383576
14417878,8,1380081
14419091,3,1380081
14420304,6,1380081
14421517,3,1380081
14422729,9,1380081
14423942,9,1380081
14425154,6,1380081
14426367,6,1380081
14427580,7,1380081
14428792,5,1373965
14430006,4,1373965
14431218,7,1373965
14432430,13,1373965
14433644,6,1373965
14434856,5,1373965
14436068,5,1373965
14437282,8,1373965
14438494,5,1373965
14439707,7,1360090
14440919,4,1360090
14442132,5,1360090
14443344,7,1360090
14444557,9,1360090
14445770,6,1360090
14446983,7,1360090
14448195,5,1360090
14449408,4,1360090
14450621,8,1350891
14451834,5,1350891
14453046,6,1350891
14454259,5,1350891
14455472,3,1350891
14456684,6,1350891
14457897,7,1350891
14459110,7,1350891
14460322,4,1350891
14461534,6,1350120
14462747,5,1350120
14463959,6,1350120
14465172,7,1350120
14466385,7,1350120
14467598,7,1350120
14468811,4,1350120
14470023,4,1350120
14471235,8,1350120
14472448,5,1355413
14473661,3,1355413
14474874,8,1355413
14476086,6,1355413
14477298,7,1355413
14478511,4,1355413
14479724,6,1355413
14480937,4,1355413
14482150,7,1355413
14483362,4,1373400
14484575,5,1373400
14485787,7,1373400
14487000,6,1373400
14488213,8,1373400
14489425,8,1373400
14490637,4,1373400
14499126,7,1373400
14500338,7,1373400
14501552,6,1373400
14502764,5,1373400
14503977,7,1373400
14505190,9,1398479
14506402,3,1398428
14507615,4,1398428
14508827,4,1398428
14510039,6,1398428
14511252,6,1398428
14512464,0,1398428
14513678,4,1398428
14514890,4,1398428
14516103,0,1398428
14517315,5,1388047
14518528,3,1388047
14519741,6,1388047
14520953,4,1388047
14522166,5,1388047
14523378,5,1388047
14524591,5,1388047
14525804,4,1388047
14527017,4,1388047
14528229,5,1411148
14529442,4,1542220
14530654,4,1542220
14531867,6,1542220
14533079,3,1542220
14534292,3,1542220
14535505,4,1542220
14536717,4,1542220
14537930,6,1542220
14539143,4,1571807
14540355,6,1375199
14541568,7,1375199
14542780,6,1375199
14543994,4,1375199
14545205,4,1375199
14546418,6,1375199
14547631,5,1375199
14548843,5,1375199
14550056,1,1375079
14551268,5,1370471
14552481,4,1370471
14553693,3,1370471
14554906,2,1370471
14556119,4,1370471
14557332,6,1370471
14558544,6,1370471
14559757,5,1370471
14560969,4,1370547
14562181,4,1349555
14563394,4,1349555
14564607,4,1349555
14565819,5,1349555
14567032,6,1349555
14568245,5,1349555
14569457,3,1349555
14570669,4,1349555
14571882,4,1349598
14573095,3,1349598
14574307,6,1349598
14575520,8,1374942
14582795,4,1374942
14584008,7,1374942
14585221,6,1374942
14586433,9,1374942
14587646,4,1374942
14588859,6,1374942
14590071,7,1374942
14591284,3,1374942
14592497,5,1374942
14593709,7,1653123
14594922,5,1653123
14596134,7,1653123
14597347,8,1653123
14598559,6,1653123
14599772,4,1653123
14600984,8,1653123
14602197,8,1653123
14603410,6,1653123
14604622,8,1367953
14605835,5,1367953
14607048,10,1367953
14608261,7,1367953
14609473,5,1367953
14610686,6,1367953
14611897,6,1367953
14613110,4,1367953
14614323,5,1367953
14615536,6,1376124
14616748,5,1376124
14617960,10,1376124
14619174,7,1376124
14620386,6,1376124
14621598,6,1376124
14622811,8,1376124
14624023,6,1376124
14625237,7,1376124
14626448,5,1376175
14627662,4,1376175
14628874,5,1376175
14630087,8,1376175
14631299,7,1376175
14632512,8,1376175
14633724,6,1376175
14634937,7,1376175
14636150,6,1376175
14637362,7,1381674
14638575,4,1381674
14639788,6,1381674
14641001,6,1381674
14642213,7,1381674
14643425,4,1381674
14644638,6,1381674
14645851,9,1381674
14647063,7,1381674
14648277,9,1376535
14649489,4,1376535
14650702,6,1376535
14651914,9,1376535
14653128,7,1376535
14654340,8,1376535
14655553,7,1376535
14656765,3,1376535
14657978,6,1376535
14659190,5,1376535
14666467,6,1376535
14667679,6,1376535
14668892,6,1376535
14670106,5,1378025
14671317,4,1378025
14672530,8,1378025
14673743,8,1378025
14674955,9,1378025
14676168,8,1378025
14677381,5,1378025
14678594,3,1378025
14679807,2,1378025
14681019,4,1384963
14682232,8,1384963
14683444,11,1384963
14684657,5,1384963
14685870,9,1384963
14687082,5,1384963
14688295,8,1384963
14689508,4,1384963
14690720,4,1384963
14691933,5,1387070
14693146,4,1392723
14694359,6,1392723
14695571,5,1392723
14696784,4,1392723
14697996,5,1392723
14699209,3,1392723
14700422,3,1392723
14701635,3,1392723
14702847,3,1392723
14704061,6,1398119
14705272,4,1398119
14706485,2,1398119
14707698,4,1398119
14708911,3,1398119
14710124,3,1398119
14711336,4,1398119
14712549,6,1398119
14713762,4,1398119
14714974,3,1400997
14716187,6,1400997
14717399,5,1400997
14718612,3,1400997
14719825,5,1400997
14721038,5,1400997
14722250,4,1400997
14723462,4,1400997
14724675,4,1400997
14725888,3,1401049
14727101,2,1401049
14728313,4,1401049
14729526,4,1401049
14730739,9,1401049
14731951,3,1401049
14733163,5,1401049
14734376,5,1401049
14735589,2,1401049
14736802,4,1395961
14738014,3,1395961
14739226,4,1395961
14740440,7,1395961
14741651,3,1395961
14742864,8,1395961
14750176,6,1395961
14751351,3,1395961
14752564,5,1395961
14753776,8,1395961
14754989,7,1395961
14756202,5,1395961
14757414,6,1398376
14758626,4,1398412
14759838,3,1394060
14761051,5,1394060
14762263,5,1394060
14763475,3,1394060
14764688,2,1394060
14765900,3,1394060
14767113,5,1394060
14768325,2,1394060
14769538,7,1394060
14770750,3,1394060
14771963,5,1394060
14773175,8,1394060
14774387,9,1394060
14775600,11,1394060
14776812,7,1394060
14778025,6,1394060
14779238,5,1396475
14780450,4,1396475
14781662,5,1396475
14782875,3,1396475
14784087,6,1396475
14785300,7,1396475
14786512,7,1396475
14787725,6,1396475
14788938,5,1396475
14790150,6,1396475
14791362,11,1392621
14792575,3,1392621
14793788,6,1392621
14795000,6,1392621
14796213,5,1392621
14797425,8,1392621
14798637,8,1392621
14799850,7,1392621
14801062,3,1392621
14802274,6,1388458
14803487,3,1388458
14804700,8,1388458
14805912,6,1388458
14807124,4,1388458
14808337,5,1388458
14809549,9,1388458
14810762,7,1388458
14811974,7,1388458
14813187,7,1381777
14814399,4,1381777
14815611,7,1381777
14816824,4,1381777
14818037,7,1381777
14819250,5,1381777
14820462,7,1381777
14821674,3,1381777
14822886,11,1381777
14824099,5,1380492
14825311,4,1380492
14826524,7,1380492
14833799,5,1380492
14835011,5,1364664
14836224,4,1364664
14837436,9,1364664
14838649,7,1364664
14839862,5,1364664
14841074,4,1364664
14842287,8,1364664
14843499,8,1364664
14844712,8,1364664
14845924,7,1347859
14847137,4,1347859
14848349,4,1347859
14849561,7,1347859
14850774,3,1347859
14851987,7,1347859
14853199,8,1347859
14854412,8,1347859
14855624,7,1347859
14856836,5,1341743
14858050,5,1341743
14859262,6,1341743
14860474,2,1341743
14861687,7,1341743
14862899,8,1341743
14864111,6,1341743
14865325,6,1341743
14866536,5,1341743
14867750,6,1357931
14868962,4,1357931
14870174,7,1357931
14871387,6,1357931
14872599,7,1357931
14873811,4,1357931
14875025,6,1357931
14876236,6,1357931
14877449,9,1357931
14878661,7,1383884
14879874,4,1376021
14881087,4,1376021
14882300,5,1376021
14883512,5,1376021
14884724,7,1376021
14885938,6,1376021
14887150,5,1376021
14888362,3,1376021
14889575,5,1376021
14890786,3,1368107
14891999,4,1368107
14893212,3,1368107
14894424,7,1368107
14895636,3,1368107
14896849,5,1368107
14898062,5,1368107
14899274,5,1368107
14900486,3,1368107
14901699,2,1368107
14902911,3,1368107
14904124,4,1368107
14905337,5,1368107
14906549,6,1368107
14907761,4,1368107
14908974,6,1368107
14910186,6,1368107
14918673,11,1368107
14919886,8,1368107
14921099,7,1368107
14922311,5,1380081
14923524,4,1439245
14924737,5,1373709
14925948,4,1373709
14927162,5,1373709
14928373,2,1373709
14929587,5,1373709
14930798,2,1373709
14932011,4,1373709
14933224,4,1373709
14934436,5,1373870
14935649,3,1375918
14936861,2,1375918
14938074,3,1375918
14939286,4,1375918
14940499,6,1375918
14941711,7,1375918
14942924,6,1375918
14944137,4,1375918
14945349,4,1375835
14946562,3,1367387
14947773,5,1367387
14948986,5,1367387
14950199,7,1367387
14951412,4,1367387
14952624,5,1367387
14953837,5,1367387
14955049,3,1367387
14956261,2,1367387
14957474,4,1367387
14958687,6,1367387
14959899,5,1367387
14961111,9,1367387
14962325,9,1367387
14963536,9,1367387
14964750,6,1367387
14965962,4,1377974
14967174,4,1377974
14968387,4,1377974
14969599,9,1377974
14970812,6,1377974
14972025,7,1377974
14973238,5,1377974
14974450,4,1377974
14975663,4,1377974
14976876,6,1377974
14978089,6,1376021
14979302,4,1376021
14980514,7,1376021
14981727,6,1376021
14982939,9,1376021
14984151,3,1376021
14985365,8,1376021
14986577,6,1376021
14987789,5,1376021
14989003,8,1374634
14990215,7,1374634
14991427,9,1374634
14992640,7,1374634
14993854,5,1374634
14995066,9,1374634
15002341,6,1374634
15003554,6,1374634
15004767,6,1374634
15005979,7,1374634
15007192,4,1374634
15008405,9,1374634
15009617,5,1374634
15010830,6,1375764
15012043,9,1375764
15013255,8,1375764
15014468,6,1375764
15015681,7,1375764
15016893,7,1375764
15018106,6,1375764
15019319,8,1375764
15020532,6,1375764
15021744,6,1373965
15022956,5,1373965
15024170,6,1373965
15025382,8,1373965
15026595,3,1373965
15027807,6,1373965
15029021,5,1373965
15030232,5,1373965
15031445,6,1373965
15032658,4,1376124
15033870,4,1376124
15035083,8,1376124
15036295,7,1376124
15037509,4,1376124
15038721,7,1376124
15039934,8,1376124
15041146,8,1376124
15042359,6,1376124
15043571,6,1376843
15044784,3,1376843
15045998,5,1376843
15047210,5,1376843
15048422,7,1376843
15049635,7,1376843
15050847,8,1376843
15052061,4,1376843
15053273,3,1376843
15054485,6,1375096
15055698,5,1375096
15056911,8,1375096
15058123,7,1375096
15059337,6,1375096
15060548,8,1375096
15061762,3,1375096
15062974,6,1375096
15064187,9,1375096
15065400,9,1374274
15066612,4,1376175
15067824,5,1376175
15069037,9,1376175
15070249,5,1376175
15071462,3,1376175
15072675,3,1376175
15073887,2,1376175
15075100,3,1376175
15076313,4,1376175
15077526,5,1376792
15078738,4,1376792
15087226,3,1376792
15088439,6,1374839
15089652,6,1374839
15090864,4,1374839
15092077,4,1374839
15093290,4,1374839
15094502,3,1374839
15095715,4,1374839
15096927,6,1374839
15098140,5,1374839
15099353,3,1312644
15100565,3,1378180
15101778,3,1378180
15102991,4,1378180
15104204,6,1378180
15105416,4,1378180
15106629,3,1378180
15107841,2,1378180
15109055,2,1378180
15110267,3,1440684
15111479,1,1375148
15112692,4,1375148
15113905,6,1375148
15115118,5,1375148
15116330,3,1375148
15117542,5,1375148
15118755,4,1375148
15119968,3,1375148
15121181,4,1375094
15122394,3,1374582
15123607,4,1374582
15124819,5,1374582
15126031,6,1374582
15127245,4,1374582
15128457,2,1374582
15129669,5,1374582
15130882,3,1374582
15132095,3,1374697
15133308,4,1378025
15134520,4,1378025
15135732,7,1378025
15136946,4,1378025
15138158,4,1378025
15139370,4,1378025
15140583,3,1378025
15141796,4,1378025
15143009,4,1377859
15144221,4,1374531
15145433,5,1374531
15146646,2,1374531
15147858,4,1374531
15149071,5,1374531
15150284,4,1374531
15151497,4,1374531
15152709,2,1374531
15153921,4,1374531
15155134,4,1374531
15156347,7,1374531
15157559,7,1374531
15158772,5,1374531
15159984,7,1374531
15161197,8,1374531
15162409,6,1374531
15163622,6,1374531
15172110,7,1374531
15173323,8,1374531
15174535,6,1374531
15175748,6,1376689
15176961,5,1376689
15178173,10,1376689
15179386,5,1376689
15180599,5,1376689
15181811,6,1376689
15183024,9,1376689
15184237,5,1376689
15185449,6,1376689
15186663,8,1379259
15187874,4,1379259
15189087,5,1379259
15190300,4,1379259
15191513,9,1379259
15192725,10,1379259
15193939,5,1379259
15195151,4,1379259
15196363,6,1379259
15197577,7,1376227
15198789,2,1376227
15200002,6,1376227
15201214,4,1376227
15202426,8,1376227
15203639,10,1376227
15204852,8,1376227
15206065,7,1376227
15207278,9,1376227
15208490,4,1375148
15209702,2,1375148
15210915,4,1375148
15212128,6,1375148
15213341,8,1375148
15214553,7,1375148
15215766,5,1375148
15216978,9,1375148
15218191,5,1375148
15219405,6,1377923
15220616,5,1377923
15221829,8,1377923
15223042,6,1377923
15224255,6,1377923
15225467,6,1377923
15226681,9,1377923
15227893,8,1377923
15229105,4,1377923
15230318,8,1374325
15231530,4,1374325
15232743,7,1374325
15233956,8,1374325
15235168,9,1374325
15236381,9,1374325
15237594,6,1374325
15238806,7,1374325
15240020,5,1374325
15241231,4,1372527
15242444,4,1372527
15243657,4,1372527
15244870,6,1372527
15246082,6,1372527
15247295,7,1372527
15248507,8,1372527
15255784,5,1372527
15256996,7,1372527
15258209,7,1372527
15259422,6,1372527
15260634,5,1372527
15261847,7,1372527
15263059,9,1375816
15264272,6,1380492
15265485,4,1380492
15266697,2,1380492
15267909,2,1380492
15269122,6,1380492
15270335,7,1380492
15271547,8,1380492
15272760,5,1380492
15273972,4,1380492
15275185,4,1376946
15276398,3,1376946
15277611,6,1376946
15278823,3,1376946
15280035,8,1376946
15281248,4,1376946
15282460,3,1376946
15283673,7,1376946
15284885,5,1376946
15286098,2,1376946
15287311,3,1376946
15288524,2,1376946
15289736,6,1376946
15290948,3,1376946
15292162,4,1376946
15293373,7,1376946
15294586,4,1376946
15295799,3,1376946
15297011,6,1439656
15298224,4,1374120
15299437,7,1374120
15300649,5,1374120
15301861,4,1374120
15303074,3,1374120
15304287,2,1374120
15305499,6,1374120
15306712,5,1374120
15307925,5,1375148
15309137,6,1375148
15310349,5,1375148
15311563,4,1375148
15312776,0,1375148
15313987,3,1375148
15315200,5,1375148
15316413,5,1375148
15317625,5,1375148
15318838,3,1375162
15320051,5,1379002
15321263,4,1379002
15322476,3,1379002
15323688,3,1379002
15324901,4,1379002
15326113,5,1379002
15327326,4,1379002
15328539,7,1379002
15329751,5,1379044
15330964,2,1376740
15332177,6,1376740
15340664,3,1376740
15341877,1,1376740
15343090,7,1376740
15344303,2,1376740
15345516,5,1376740
15346727,4,1376740
15347941,3,1376740
15349153,5,1376740
15350365,6,1376740
15351579,4,1376740
15352791,3,1376740
15354003,4,1376740
15355215,8,1376740
15356429,10,1376740
15357641,4,1376740
15358854,6,1376740
15360066,5,1376740
15361279,5,1376740
15362492,4,1378693
15363704,6,1378693
15364916,10,1378693
15366130,6,1378693
15367342,8,1378693
15368555,8,1378693
15369767,6,1378693
15370979,11,1378693
15372193,7,1378693
15373405,6,1377563
15374617,3,1377563
15375830,4,1377563
15377043,7,1377563
15378255,4,1377563
15379467,6,1377563
15380680,7,1377563
15381893,6,1377563
15383106,9,1377563
15384318,6,1377666
15385530,6,1377666
15386743,6,1377666
15387955,8,1377666
15389168,6,1377666
15390380,6,1377666
15391594,8,1377666
15392806,4,1377666
15394018,6,1377666
15395231,7,1376638
15396444,3,1376638
15397656,5,1376638
15398869,4,1376638
15400082,5,1376638
15401294,7,1376638
15402507,6,1376638
15403720,4,1376638
15404932,5,1376638
15406144,7,1377871
15407357,4,1377871
15408571,7,1377871
15409782,5,1377871
15410995,3,1377871
15412208,9,1377871
15413420,10,1377871
15414633,6,1377871
15415846,7,1377871
15417058,10,1377871
15424334,5,1377871
15425546,5,1377871
15426759,6,1377871
15427971,9,1375918
15429184,6,1375918
15430397,4,1375918
15431609,9,1375918
15432821,4,1375918
15434034,7,1375918
15435247,9,1375918
15436460,8,1375918
15437672,8,1375918
15438884,6,1374171
15440097,1,1374171
15441310,6,1374171
15442522,6,1374171
15443735,11,1374171
15444947,10,1374171
15446159,4,1374171
15447373,6,1374171
15448585,8,1374171
15449798,8,1376124
15451010,5,1375610
15452222,4,1375610
15453435,3,1375610
15454647,2,1375610
15455860,4,1375610
15457073,4,1375610
15458285,5,1375610
15459498,2,1375610
15460710,2,1375610
15461923,5,1373092
15463135,5,1373092
15464349,4,1373092
15465561,4,1373092
15466773,3,1373092
15467986,3,1373092
15469198,4,1373092
15470412,5,1373092
15471623,5,1373092
15472836,4,1380441
15474048,1,1380441
15475261,5,1380441
15476473,3,1380441
15477687,3,1380441
15478899,5,1380441
15480111,6,1380441
15481324,3,1380441
15482537,6,1380441
15483749,5,1437549
15484962,5,1372013
15486175,5,1372013
15487387,4,1372013
15488599,5,1372013
15489812,5,1372013
15491024,6,1372013
15492238,9,1372013
15493450,5,1372013
15494663,3,1312335
15495875,2,1377871
15497087,3,1377871
15498300,4,1377871
15499513,3,1377871
15500725,5,1377871
15509213,5,1377871
15510426,8,1377871
15511638,9,1377871
15512851,7,1377871
15514063,7,1377871
15515275,4,1372475
15516488,4,1372593
15517701,5,1376689
15518914,4,1376689
15520126,3,1376689
15521338,5,1376689
15522551,5,1376689
15523764,5,1376689
15524977,3,1376689
15526188,3,1376689
15527401,3,1376689
15528614,4,1376689
15529827,5,1376689
15531039,9,1376689
15532251,7,1376689
15533464,7,1376689
15534676,6,1376689
15535889,8,1376689
15537102,6,1376689
15538314,3,1376689
15539526,3,1376689
15540740,10,1376689
15541952,8,1376689
15543164,7,1376689
15544378,7,1376689
15545590,7,1376689
15546802,5,1376689
15548015,5,1376689
15549227,5,1374736
15550440,6,1374736
15551652,3,1374736
15552865,8,1374736
15554078,7,1374736
15555290,6,1374736
15556502,7,1374736
15557715,6,1374736
15558928,7,1374736
15560140,8,1376124
15561353,5,1376124
15562566,8,1376124
15563778,5,1376124
15564991,8,1376124
15566203,8,1376124
15567416,6,1376124
15568628,8,1376124
15569841,5,1376124
15571054,3,1376278
15572266,3,1376278
15573479,6,1376278
15574692,9,1376278
15575904,8,1376278
15577117,6,1376278
15578330,8,1376278
15579542,7,1376278
15580755,6,1376278
15581967,5,1374582
15583180,5,1374582
15584393,4,1374582
15585605,4,1374068
15594093,1,1374068
15595305,8,1374068
15596518,8,1374068
15597731,8,1374068
15598943,3,1374068
15600156,5,1374068
15601368,7,1374068
15602581,8,1374068
15603793,3,1376432
15605007,2,1376432
15606219,8,1376432
15607431,12,1376432
15608645,7,1376432
15609857,10,1376432
15611070,6,1376432
15612282,9,1376432
15613494,5,1376432
15614707,6,1374993
15615920,5,1374993
15617132,5,1374993
15618346,5,1374993
15619557,8,1374993
15620770,7,1374993
15621982,7,1374993
15623195,7,1374993
15624408,6,1374993
15625621,6,1377100
15626834,4,1377100
15628046,6,1377100
15629259,7,1377100
15630472,8,1377100
15631684,9,1377100
15632897,5,1377100
15634109,5,1377100
15635322,4,1377100
15636534,7,1374993
15637746,4,1374993
15638959,3,1374993
15640172,7,1374993
15641384,6,1374993
15642597,4,1374993
15643809,7,1374993
15645022,10,1374993
15646235,3,1374993
15647447,5,1377409
15648660,4,1376946
15649872,3,1376946
15651085,4,1376946
15652297,4,1376946
15653511,3,1376946
15654723,5,1376946
15655935,5,1376946
15657148,3,1376946
15658360,4,1376946
15659573,4,1376278
15660786,3,1376278
15661998,2,1376278
15663211,4,1376278
15664424,5,1376278
15665636,3,1376278
15666849,4,1376278
15668062,4,1376278
15669275,0,1376278
15670487,5,1376278
15678975,7,1376278
15680188,5,1376021
15681400,7,1311564
15682614,6,1377100
15683826,5,1377100
15685039,6,1377100
15686251,3,1377100
15687463,3,1377100
15688677,4,1377100
15689889,4,1377100
15691101,4,1377100
15692314,4,1377100
15693527,4,1377100
15694740,8,1377100
15695952,5,1377100
15697165,5,1377100
15698377,4,1377100
15699591,2,1377100
15700802,3,1377100
15702015,3,1377100
15703228,9,1377148
15704441,4,1376124
15705654,5,1376124
15706866,3,1376124
15708079,4,1376124
15709291,4,1376124
15710503,3,1376124
15711716,4,1376124
15712930,5,1376124
15714141,5,1376070
15715354,6,1375302
15716567,5,1375302
15717779,5,1375302
15718992,4,1375302
15720204,4,1375302
15721417,3,1375302
15722630,5,1375302
15723842,4,1375302
15725055,4,1375302
15726267,4,1375302
15727480,5,1375302
15728693,6,1375302
15729905,5,1375302
15731119,8,1375302
15732330,7,1375302
15733544,6,1375302
15734756,7,1376381
15735969,5,1376381
15737181,5,1376381
15738394,6,1376381
15739606,9,1376381
15740819,5,1376381
15742031,4,1376381
15743244,3,1376381
15744457,5,1376381
15745669,10,1376381
15746881,9,1377871
15748094,4,1377871
15749307,6,1377871
15750519,4,1377871
15751733,9,1377871
15752944,6,1377871
15754157,9,1377871
15755370,9,1377871
15762645,4,1377871
15763858,6,1377871
15765070,6,1377871
15766283,9,1377871
15767495,7,1377871
15768708,7,1376381
15769920,3,1376381
15771132,6,1376381
15772346,7,1376381
15773558,7,1376381
15774771,6,1376381
15775984,7,1376381
15777195,5,1376381
15778408,7,1376381
15779621,7,1375867
15780834,5,1375867
15782046,6,1375867
15783259,6,1375867
15784471,3,1375867
15785684,4,1375867
15786897,4,1375867
15788109,7,1375867
15789322,7,1375867
15790534,8,1377203
15791747,3,1377203
15792959,7,1377203
15794172,7,1377203
15795384,6,1377203
15796597,7,1377203
15797810,5,1377203
15799022,7,1377203
15800235,8,1377203
15801448,6,1374325
15802660,5,1374325
15803873,9,1374325
15805086,5,1374325
15806298,8,1374325
15807511,9,1374325
15808724,8,1374325
15809936,10,1374325
15811148,8,1374325
15812361,3,1375302
15813574,6,1375302
15814786,5,1375302
15815999,8,1375302
15817211,9,1375302
15818424,7,1375302
15819636,6,1375302
15820849,8,1375302
15822062,2,1375302
15823275,6,1378025
15824487,4,1378025
15825699,7,1378025
15826912,3,1378025
15828126,6,1378025
15829337,9,1378025
15830550,7,1378025
15831763,4,1378025
15832975,6,1378025
15834189,8,1376792
15835401,4,1373965
15836614,2,1373965
15837826,0,1373965
15839038,-1,1373965
15846314,-2,1373965
15847526,6,1373965
15848739,10,1373965
15849952,7,1373965
15851165,4,1373965
15852377,8,1373965
15853590,12,1373965
15854802,9,1373965
15856015,8,1373965
15857227,4,1378282
15858440,4,1378282
15859652,5,1378282
15860865,3,1378282
15862078,3,1378282
15863291,3,1378282
15864503,3,1378282
15865715,4,1378282
15866928,4,1378282
15868141,5,1377923
15869354,3,1377923
15870566,4,1377923
15871779,5,1377923
15872991,3,1377923
15874204,4,1377923
15875417,5,1377923
15876630,5,1377923
15877842,2,1377923
15879055,3,1441403
15880267,5,1375867
15881479,4,1375867
15882692,3,1375867
15883905,1,1375867
15885118,4,1375867
15886330,4,1375867
15887543,7,1375867
15888755,3,1375867
15889968,4,1375906
15891180,3,1372578
15892393,1,1372578
15893606,0,1372578
15894818,3,1372578
15896031,4,1372578
15897244,6,1372578
15898456,3,1372578
15899669,3,1372578
15900882,3,1372652
15902094,3,1378796
15903307,4,1378796
15904520,6,1378796
15905732,9,1378796
15906944,5,1378796
15908157,5,1378796
15909369,4,1378796
15910583,4,1378796
15911794,3,1378796
15913007,2,1378796
15914220,6,1378796
15915432,6,1378796
15916645,6,1378796
15917857,11,1378796
15919070,7,1378796
15920283,8,1378796
15921495,4,1379002
15922708,6,1379002
15931195,9,1379002
15932408,4,1379002
15933621,4,1378745
15934833,4,1378745
15936046,8,1378745
15937258,7,1378745
15938470,4,1378745
15939683,9,1378745
15940896,4,1378745
15942109,8,1378745
15943321,7,1378745
15944534,6,1376124
15945746,5,1376124
15946958,5,1376124
15948171,7,1376124
15949383,5,1376124
15950597,6,1376124
15951809,7,1376124
15953022,7,1376124
15954234,5,1376124
15955446,5,1377255
15956659,5,1377255
15957872,7,1377255
15959085,7,1377255
15960297,8,1377255
15961510,8,1377255
15962722,5,1377255
15963935,7,1377255
15965147,6,1377255
15966359,4,1376278
15967573,8,1376278
15968785,8,1376278
15969998,7,1376278
15971210,5,1376278
15972422,8,1376278
15973635,7,1376278
15974847,7,1376278
15976060,9,1376278
15977273,6,1374788
15978485,3,1374788
15979698,5,1374788
15980910,6,1374788
15982122,7,1374788
15983335,4,1374788
15984547,4,1374788
15985760,4,1374788
15986973,6,1374788
15988185,8,1378899
15989399,7,1378899
15990610,8,1378899
15991823,8,1378899
15993035,9,1378899
15994248,7,1378899
15995461,6,1378899
15996674,5,1378899
15997886,7,1378899
15999098,7,1376330
16000311,5,1376330
16001523,4,1376330
16002736,9,1376330
16003949,6,1376330
16005162,6,1376330
16006374,6,1376330
16007587,4,1376330
16016075,4,1376330
16017288,8,1376330
16018501,5,1376330
16019713,3,1376330
16020926,7,1372938
16022138,7,1372938
16023351,4,1372938
16024564,8,1372938
16025776,6,1372938
16026989,7,1372938
16028202,3,1372938
16029414,5,1372938
16030627,6,1372938
16031839,7,1378539
16033052,6,1375199
16034264,5,1375199
16035477,1,1375199
16036690,2,1375199
16037902,4,1375199
16039115,4,1375199
16040327,4,1375199
16041540,6,1375199
16042754,3,1375199
16043965,3,1380955
16045178,4,1380955
16046390,4,1380955
16047604,5,1380955
16048816,7,1380955
16050029,4,1380955
16051241,4,1380955
16052453,1,1380955
16053666,7,1380955
16054878,5,1439656
16056091,3,1374120
16057304,3,1374120
16058517,3,1374120
16059729,7,1374120
16060942,6,1374120
16062154,4,1374120
16063366,5,1374120
16064580,3,1374120
16065792,2,1375507
16067004,5,1375507
16068217,4,1375507
16069430,8,1375507
16070642,4,1375507
16071855,3,1375507
16073067,4,1375507
16074281,3,1375507
16075492,2,1375507
16076705,4,1375711
16077918,4,1375199
16079131,3,1375199
16080344,4,1375199
16081556,6,1375199
16082769,5,1375199
16083981,5,1375199
16085194,6,1375199
16086407,3,1375199
16087620,2,1375146
16088832,3,1374890
16090046,7,1374890
16091258,4,1374890
16092471,7,1374890
16100961,7,1374890
16102174,7,1374890
16103386,5,1374890
16104599,6,1374890
16105811,8,1374890
16107025,8,1374890
16108238,5,1376021
16109450,4,1376021
16110663,6,1376021
16111875,8,1376021
16113088,4,1376021
16114301,5,1376021
16115513,3,1376021
16116726,5,1376021
16117939,6,1376021
16119152,7,1375610
16120365,6,1375610
16121578,6,1375610
16122791,5,1375610
16124003,6,1375610
16125216,4,1375610
16126429,7,1375610
16127641,5,1375610
16128855,6,1375610
16130067,5,1375610
16131280,6,1378539
16132493,4,1378539
16133706,7,1378539
16134919,7,1378539
16136131,4,1378539
16137344,7,1378539
16138557,7,1378539
16139770,6,1378539
16140983,6,1378539
16142196,6,1375456
16143408,5,1375456
16144622,6,1375456
16145835,8,1375456
16147047,8,1375456
16148259,4,1375456
16149473,7,1375456
16150686,5,1375456
16151900,7,1375456
16153111,7,1376124
16154324,3,1376124
16155537,8,1376124
16156749,8,1376124
16157963,6,1376124
16159175,6,1376124
16160388,7,1376124
16161601,7,1376124
16162814,6,1376124
16164026,7,1377871
16165238,4,1377871
16166452,4,1377871
16167664,5,1377871
16168876,8,1377871
16170090,7,1377871
16171302,7,1377871
16172515,8,1377871
16173727,9,1377871
16174940,5,1374993
16176153,2,1374993
16177365,9,1374993
16184642,5,1374993
16185855,5,1375764
16187067,3,1375764
16188281,5,1375764
16189493,6,1375764
16190705,8,1375764
16191919,10,1375764
16193131,8,1375764
16194344,6,1375764
16195557,7,1375764
16196769,4,1375867
16197982,4,1375867
16199195,7,1375867
16200408,7,1375867
16201621,6,1375867
16202834,8,1375867
16204046,6,1375867
16205259,8,1375867
16206472,7,1375867
16207684,5,1377203
16208896,5,1377203
16210110,4,1377203
16211323,9,1377203
16212536,8,1377203
16213748,6,1377203
16214962,6,1377203
16216174,3,1377203
16217387,7,1377203
16218599,9,1376021
16219812,5,1375148
16221025,4,1375148
16222238,7,1375148
16223450,4,1375148
16224663,3,1375148
16225876,5,1375148
16227089,3,1375148
16228301,2,1375148
16229514,4,1375148
16230726,5,1376278
16231939,4,1376278
16233153,7,1376278
16234365,6,1376278
16235578,4,1376278
16236790,3,1376278
16238003,2,1376278
16239216,4,1376278
16240428,8,1376278
16241641,5,1378025
16242854,4,1378025
16244067,4,1378025
16245280,3,1378025
16246492,2,1378025
16247705,3,1378025
16248919,5,1378025
16250131,4,1378025
16251344,4,1378025
16252556,2,1437446
16253769,4,1371910
16254982,5,1371910
16256196,4,1371910
16257408,5,1371910
16258620,4,1371910
16259834,4,1371910
16261046,7,1371910
16268323,2,1371910
16269537,4,1371910
16270749,7,1371910
16271961,6,1371910
16273174,6,1380698
16274387,5,1380764
16275600,4,1371036
16276813,4,1371036
16278026,6,1371036
16279239,5,1371036
16280451,2,1371036
16281665,4,1371036
16282877,3,1371036
16284090,2,1371036
16285303,3,1370948
16286515,4,1361220
16287728,7,1361220
16288941,6,1361220
16290154,5,1361220
16291366,5,1361220
16292580,2,1361220
16293793,-1,1361220
16295005,3,1361220
16296218,3,1361332
16297430,7,1361332
16298643,7,1361332
16299857,9,1361332
16301069,7,1361332
16302282,8,1361332
16303494,5,1361332
16304707,5,1361332
16305920,5,1363636
16307133,4,1363636
16308346,3,1363636
16309559,8,1363636
16310771,5,1363636
16311984,7,1363636
16313197,9,1363636
16314409,5,1363636
16315622,3,1363636
16316835,5,1363636
16318049,6,1358857
16319260,6,1358857
16320473,8,1358857
16321687,6,1358857
16322899,8,1358857
16324112,5,1358857
16325324,6,1358857
16326537,3,1358857
16327750,7,1358857
16328964,6,1356904
16330176,4,1356904
16331389,9,1356904
16332602,8,1356904
16333815,4,1356904
16335027,6,1356904
16336241,5,1356904
16337453,7,1356904
16338666,4,1356904
16339878,7,1356287
16341091,3,1356287
16342304,5,1356287
16343517,7,1356287
16344729,4,1356287
16353219,6,1356287
16354432,9,1356287
16355645,7,1356287
16356857,7,1356287
16358070,5,1356287
16359283,7,1356287
16360496,6,1356287
16361708,8,1364355
16362922,6,1364355
16364134,7,1364355
16365347,7,1364355
16366559,7,1364355
16367772,8,1364355
16368985,5,1364355
16370198,4,1364355
16371411,10,1364355
16372624,6,1372115
16373837,4,1372115
16375049,5,1372115
16376262,5,1372115
16377475,6,1372115
16378688,7,1372115
16379899,6,1372115
16381113,8,1372115
16382325,7,1372115
16383538,6,1378591
16384751,3,1378591
16385964,6,1378591
16387177,6,1378591
16388390,7,1378591
16389602,5,1378591
16390815,8,1378591
16392027,5,1378591
16393241,7,1378591
16394453,7,1383781
16395666,4,1383781
16396878,9,1383781
16398091,7,1383781
16399304,5,1383781
16400517,5,1383781
16401730,10,1383781
16402943,7,1383781
16404155,5,1383781
16405369,5,1379516
16406581,5,1379516
16407794,4,1379516
16409007,5,1379516
16410219,5,1379516
16411432,10,1379516
16412645,6,1379516
16413858,7,1379516
16415071,5,1379516
16416283,8,1381572
16417496,4,1380184
16418709,5,1380184
16419922,6,1380184
16421135,4,1380184
16422347,4,1380184
16423560,4,1380184
16424773,3,1380184
16425986,4,1380184
16427199,4,1380184
16428411,4,1383216
16429624,7,1383216
16438114,4,1383216
16439327,4,1384758
16440540,6,1384758
16441753,5,1384758
16442965,4,1384758
16444178,5,1384758
16445391,2,1384758
16446604,5,1384758
16447817,6,1384758
16449030,4,1384758
16450242,4,1385837
16451454,1,1385837
16452668,1,1385837
16453881,3,1385837
16455093,4,1385837
16456306,5,1385837
16457519,3,1385837
16458731,8,1385837
16459944,2,1385837
16461158,6,1382085
16462370,4,1382085
16463583,3,1382085
16464796,3,1382085
16466009,3,1382085
16467222,5,1382085
16468434,6,1382085
16469647,6,1382085
16470861,5,1382085
16472072,3,1381982
16473285,3,1381726
16474499,2,1381726
16475711,6,1381726
16476924,3,1381726
16478137,3,1381726
16479349,4,1381726
16480562,4,1381726
16481775,3,1381726
16482988,3,1381837
16484202,5,1384141
16485414,5,1384141
16486627,4,1384141
16487840,5,1384141
16489053,5,1384141
16490266,4,1384141
16491478,5,1384141
16492691,4,1384141
16493904,3,1384141
16495117,4,1384141
16496330,8,1384141
16497542,7,1384141
16498755,6,1384141
16499968,5,1384141
16501182,6,1384141
16502395,9,1384141
16503607,8,1384141
16504820,4,1384141
16506032,7,1384141
16507246,3,1384141
16508458,3,1384141
16509671,4,1384141
16510884,7,1384141
16512098,7,1384141
16513310,8,1384141
16514523,7,1384141
16521800,7,1384141
16523013,5,1384141
16524226,7,1384141
16525438,6,1384141
16526652,3,1383987
16527865,5,1383987
16529077,5,1383987
16530290,5,1383987
16531503,10,1383987
16532716,9,1383987
16533928,6,1383987
16535141,5,1383987
16536354,6,1383987
16537567,7,1382599
16538779,4,1382599
16539993,10,1382599
16541206,8,1382599
16542418,7,1382599
16543632,4,1382599
16544844,3,1382599
16546056,4,1382599
16547270,6,1382599
16548483,4,1380492
16549695,3,1380492
16550908,5,1380492
16552122,6,1380492
16553334,6,1380492
16554547,6,1380492
16555759,5,1380492
16556973,9,1380492
16558185,6,1380492
16559398,3,1384193
16560611,4,1384193
16561824,5,1384193
16563037,8,1384193
16564250,7,1384193
16565463,6,1384193
16566675,6,1384193
16567888,5,1384193
16569101,7,1384193
16570314,6,1384295
16571526,4,1384295
16572740,10,1384295
16573952,5,1384295
16575165,5,1384295
16576378,6,1384295
16577591,7,1384295
16578804,7,1384295
16580017,5,1384295
16581230,5,1383370
16582442,4,1383370
16583655,5,1383370
16584868,6,1383370
16586081,8,1383370
16587294,7,1383370
16588506,4,1383370
16589719,6,1383370
16590933,7,1383370
16592146,9,1383062
16593358,6,1383062
16594571,8,1383062
16595784,3,1383062
16596996,4,1383062
16598209,5,1383062
16605487,9,1383062
16606699,8,1383062
16607913,5,1383062
16609125,4,1383062
16610338,4,1383062
16611550,7,1383062
16612764,7,1383062
16613976,8,1384655
16615189,5,1381572
16616402,4,1381572
16617615,9,1381572
16618827,5,1381572
16620041,9,1381572
16621254,3,1381572
16622466,4,1381572
16623679,3,1381572
16624892,2,1381572
16626105,3,1387173
16627318,5,1387173
16628531,3,1387173
16629744,5,1387173
16630956,3,1387173
16632169,4,1387173
16633382,6,1387173
16634596,7,1387173
16635809,4,1387173
16637022,3,1387173
16638234,7,1387173
16639447,1,1387173
16640661,3,1387173
16641873,6,1387173
16643086,4,1387173
16644299,4,1387173
16645512,4,1387173
16646725,4,1387173
16647938,5,1386299
16649150,6,1386299
16650364,5,1386299
16651577,3,1386299
16652789,4,1386299
16654002,5,1386299
16655214,4,1386299
16656427,8,1386299
16657640,4,1386299
16658853,8,1384347
16660066,4,1384347
16661279,0,1384347
16662492,0,1384347
16663705,3,1384347
16664918,5,1384347
16666130,3,1384347
16667343,2,1384347
16668555,3,1384347
16669769,5,1384255
16670981,3,1387327
16672194,7,1387327
16673407,4,1387327
16674620,5,1387327
16675832,3,1387327
16677046,4,1387327
16678258,5,1387327
16679471,3,1387327
16680684,5,1387313
16681896,6,1383473
16689176,7,1383473
16690386,5,1383473
16691599,13,1383526
16692813,9,1384038
16694024,5,1384038
16695238,5,1384038
16696450,5,1384038
16697663,4,1384038
16698876,4,1384038
16700088,5,1384038
16701301,2,1384038
16702514,4,1384038
16703727,5,1384038
16704940,9,1384038
16706153,5,1384038
16707366,5,1384038
16708578,6,1384038
16709791,5,1384038
16711004,6,1384038
16712216,8,1384038
16713430,8,1380749
16714642,4,1380749
16715855,5,1380749
16717068,5,1380749
16718281,7,1380749
16719494,7,1380749
16720706,7,1380749
16721919,5,1380749
16723133,6,1380749
16724345,8,1383421
16725557,3,1383421
16726771,6,1383421
16727983,5,1383421
16729196,6,1383421
16730409,6,1383421
16731622,5,1383421
16732834,4,1383421
16734047,6,1383421
16735260,6,1383010
16736472,4,1383010
16737686,9,1383010
16738900,6,1383010
16740111,7,1383010
16741323,4,1383010
16742537,5,1383010
16743749,6,1383010
16744962,4,1383010
16746175,4,1378334
16747387,4,1378334
16748601,7,1378334
16749814,4,1378334
16751026,5,1378334
16752239,7,1378334
16753451,5,1378334
16754664,6,1378334
16755877,5,1378334
16757090,5,1382085
16758303,4,1382085
16759515,5,1382085
16760729,6,1382085
16761941,8,1382085
16763154,7,1382085
16764367,7,1382085
16765579,6,1382085
16774069,3,1382085
16775282,7,1382085
16776494,4,1382085
16777707,5,1382085
16778920,9,1383987
16780133,3,1383987
16781346,8,1383987
16782558,7,1383987
16783771,6,1383987
16784984,7,1383987
16786198,5,1383987
16787410,6,1383987
16788623,9,1383987
16789836,6,1382908
16791048,4,1382908
16792261,7,1382908
16793474,7,1382908
16794686,7,1382908
16795899,7,1382908
16797113,4,1382908
16798326,8,1382908
16799538,6,1382908
16800750,4,1386197
16801963,4,1386197
16803177,8,1386197
16804390,3,1386197
16805602,5,1386197
16806815,8,1386197
16808027,7,1386197
16809241,6,1386197
16810452,6,1386197
16811666,7,1382702
16812878,5,1383319
16814091,3,1383319
16815304,5,1383319
16816517,5,1383319
16817729,7,1383319
16818942,4,1383319
16820154,7,1383319
16821367,4,1383319
16822580,4,1383319
16823792,3,1380235
16825006,3,1380235
16826219,4,1380235
16827431,7,1380235
16828644,2,1380235
16829857,5,1380235
16831070,5,1380235
16832282,5,1380235
16833495,3,1380235
16834707,4,1380235
16835920,3,1380235
16837133,4,1380235
16838346,7,1380235
16839558,2,1380235
16840772,3,1380235
16841984,6,1380235
16843198,4,1380235
16844409,5,1380235
16845622,4,1384295
16846835,4,1384295
16848049,3,1384295
16849261,2,1384295
16850474,8,1384295
16858963,7,1384295
16860176,6,1384295
16861389,7,1384295
16862601,3,1384295
16863814,6,1384295
16865027,7,1384295
16866239,6,1380287
16867452,2,1380297
16868666,4,1383113
16869879,5,1383113
16871091,5,1383113
16872303,4,1383113
16873517,4,1383113
16874729,5,1383113
16875942,4,1383113
16877155,3,1383113
16878367,4,1382938
16879580,5,1377306
16880793,4,1377306
16882006,2,1377306
16883218,3,1377306
16884432,6,1377306
16885645,5,1377306
16886857,4,1377306
16888070,5,1377306
16889282,3,1377306
16890496,3,1377306
16891708,8,1377306
16892922,9,1377306
16894134,6,1377306
16895347,6,1377306
16896559,7,1377306
16897772,3,1377306
16898986,7,1383730
16900198,4,1383730
16901411,5,1383730
16902625,7,1383730
16903837,5,1383730
16905050,9,1383730
16906263,7,1383730
16907476,5,1383730
16908688,7,1383730
16909901,8,1383730
16911114,5,1381263
16912327,5,1381263
16913539,8,1381263
16914753,6,1381263
16915966,7,1381263
16917178,7,1381263
16918391,5,1381263
16919603,7,1381263
16920816,7,1381263
16922029,9,1382959
16923241,8,1382959
16924454,4,1382959
16925668,8,1382959
16926880,6,1382959
16928093,4,1382959
16929306,7,1382959
16930518,6,1382959
16931731,10,1382959
16932944,6,1383678
16934156,4,1383678
16935368,12,1383678
16942645,4,1383678
16943858,8,1384244
16945070,4,1384244
16946283,8,1384244
16947495,6,1384244
16948708,8,1384244
16949921,3,1384244
16951134,8,1384244
16952347,10,1384244
16953560,9,1384244
16954772,5,1381314
16955985,3,1381314
16957198,5,1381314
16958411,6,1381314
16959622,8,1381314
16960836,6,1381314
16962049,6,1381314
16963260,6,1381314
16964473,7,1381314
16965687,7,1383524
16966899,3,1383524
16968112,6,1383524
16969325,5,1383524
16970537,9,1383524
16971750,7,1383524
16972963,10,1383524
16974175,7,1383524
16975389,6,1383524
16976601,7,1382188
16977814,1,1382188
16979027,10,1382188
16980239,5,1382188
16981453,6,1382188
16982664,3,1382188
16983877,6,1382188
16985091,6,1382188
16986303,6,1382188
16987515,9,1383833
16988728,6,1383833
16989942,5,1383833
16991154,4,1383833
16992367,7,1383833
16993579,9,1383833
16994792,5,1383833
16996004,6,1383833
16997218,4,1383833
16998431,7,1385117
16999643,6,1385117
17000856,6,1385117
17002068,4,1385117
17003282,8,1385117
17004495,5,1385117
17005707,5,1385117
17006920,6,1385117
17008132,7,1385117
17009346,9,1387070
17010558,5,1383319
17011771,3,1383319
17012983,5,1383319
17014196,6,1383319
17015409,7,1383319
17016621,4,1383319
17017835,4,1383319
17019047,7,1383319
17026323,2,1383319
17027537,3,1383319
17028749,7,1383319
17029962,7,1383319
17031175,10,1382599
17032387,4,1385323
17033601,4,1385323
17034814,4,1385323
17036026,4,1385323
17037238,3,1385323
17038451,3,1385323
17039664,4,1385323
17040877,3,1385323
17042090,2,1385323
17043302,5,1381520
17044516,4,1381520
17045728,4,1381520
17046941,4,1381520
17048154,0,1381520
17049367,4,1381520
17050580,6,1381520
17051792,3,1381520
17053004,4,1381520
17054217,3,1381520
17055430,6,1381520
17056643,3,1381520
17057855,6,1381520
17059069,5,1381520
17060281,5,1381520
17061494,2,1381520
17062707,3,1381520
17063919,6,1381520
17065132,4,1381514
17066344,5,1379978
17067557,5,1379978
17068770,-1,1379978
17069983,4,1379978
17071196,5,1379978
17072409,2,1379978
17073621,5,1379978
17074834,3,1379978
17076047,3,1379912
17077260,-2,1389640
17078472,3,1389640
17079686,2,1389640
17080899,4,1389640
17082111,4,1389640
17083324,3,1389640
17084536,6,1389640
17085749,3,1389640
17086962,5,1389640
17088175,6,1389640
17089388,7,1389640
17090601,7,1389640
17091814,5,1389640
17093026,7,1389640
17094239,8,1389640
17095451,6,1389640
17096664,8,1382291
17097878,3,1382291
17099090,5,1382291
17100303,7,1382291
17101516,7,1382291
17102728,3,1382291
17111217,5,1382291
17112430,8,1382291
17113643,6,1382291
17114856,6,1382291
17116069,7,1382291
17117282,7,1382291
17118494,7,1382291
17119706,9,1382342
17120919,2,1382342
17122132,3,1382342
17123344,7,1382342
17124557,6,1382342
17125770,4,1382342
17126983,9,1382342
17128195,8,1382342
17129409,5,1382342
17130621,7,1383627
17131834,3,1383627
17133046,9,1383627
17134259,2,1383627
17135472,3,1383627
17136684,6,1383627
17137897,7,1383627
17139110,8,1383627
17140322,8,1383627
17141535,6,1383576
17142747,5,1383576
17143960,5,1383576
17145173,7,1383576
17146386,4,1383576
17147598,7,1383576
17148812,5,1383576
17150024,7,1383576
17151236,5,1383576
17152449,8,1383113
17153662,3,1383113
17154874,5,1383113
17156087,9,1383113
17157301,6,1383113
17158513,7,1383113
17159725,8,1383113
17160938,4,1383113
17162151,7,1383113
17163363,6,1383730
17164577,4,1383730
17165789,5,1383730
17167002,8,1383730
17168215,6,1383730
17169428,7,1383730
17170640,7,1383730
17171853,9,1383730
17173066,7,1383730
17174278,11,1381674
17175492,3,1381674
17176704,5,1381674
17177917,7,1381674
17179130,5,1381674
17180342,9,1381674
17181556,10,1381674
17182768,4,1381674
17183981,6,1381674
17185194,6,1384501
17186406,6,1384501
17187618,5,1384501
17196107,4,1382188
17197320,5,1384244
17198533,4,1384244
17199745,3,1384244
17200958,6,1384244
17202171,6,1384244
17203383,6,1384244
17204596,4,1384244
17205810,-1,1384244
17207022,4,1384244
17208234,5,1383524
17209447,3,1383524
17210661,4,1383524
17211872,4,1383524
17213086,4,1383524
17214299,3,1383524
17215511,4,1383524
17216723,5,1383524
17217936,6,1383524
17219150,4,1385426
17220362,4,1385426
17221575,4,1385426
17222787,5,1385426
17224000,3,1385426
17225213,5,1385426
17226426,8,1385426
17227638,5,1385426
17228851,4,1385426
17230065,4,1386813
17231278,5,1386813
17232490,3,1386813
17233702,3,1386813
17234915,6,1386813
17236129,3,1386813
17237341,5,1386813
17238553,3,1386813
17239766,5,1386813
17240979,4,1384552
17242192,5,1384552
17243405,2,1384552
17244617,4,1384552
17245831,5,1384552
17247043,6,1384552
17248256,3,1384552
17249468,4,1384552
17250681,2,1384552
17251895,3,1384648
17253107,3,1382856
17254319,5,1382856
17255532,4,1382856
17256745,3,1382856
17257958,5,1382856
17259171,4,1382856
17260383,5,1382856
17261595,4,1382856
17262809,3,1382810
17264022,3,1384090
17265233,6,1384090
17266447,9,1384090
17267659,5,1384090
17268872,4,1384090
17270084,2,1384090
17271297,4,1384090
17272510,4,1384090
17280999,11,1384090
17282211,6,1384090
17283424,5,1386711
17284637,3,1386711
17285850,3,1386711
17287062,5,1386711
17288275,6,1386711
17289487,7,1386711
17290700,6,1386711
17291914,5,1386711
17293126,8,1386711
17294339,6,1386711
17295552,7,1380698
17296764,5,1380698
17297976,7,1380698
17299190,7,1380698
17300402,6,1380698
17301615,7,1380698
17302827,8,1380698
17304041,9,1380698
17305253,7,1380698
17306466,6,1383678
17307679,5,1383678
17308891,6,1383678
17310104,7,1383678
17311316,9,1383678
17312529,7,1383678
17313742,9,1383678
17314955,6,1383678
17316167,6,1383678
17317380,6,1384398
17318593,3,1384398
17319806,6,1384398
17321018,8,1384398
17322231,5,1384398
17323444,6,1384398
17324656,7,1384398
17325870,7,1384398
17327082,6,1384398
17328295,3,1386556
17329508,3,1386556
17330720,5,1386556
17331933,10,1386556
17333146,6,1386556
17334359,8,1386556
17335572,4,1386556
17336785,5,1386556
17337996,5,1386556
17339210,9,1379721
17340422,5,1379721
17341635,6,1379721
17342847,9,1379721
17344061,7,1379721
17345274,9,1379721
17346486,6,1379721
17347698,6,1379721
17348911,5,1379721
17350124,7,1381058
17351337,5,1381058
17352549,6,1381058
17353762,4,1381058
17354975,5,1381058
17356188,6,1381058
17357401,5,1381058
17364677,11,1381058
17365890,9,1381058
17367103,5,1381058
17368316,8,1381058
17369529,7,1381058
17370741,7,1381058
17371955,5,1385323
17373167,4,1385323
17374379,8,1385323
17375593,8,1385323
17376805,3,1385323
17378018,4,1385323
17379231,3,1385323
17380444,7,1385323
17381656,5,1385323
17382869,8,1384861
17384082,4,1384861
17385295,6,1384861
17386507,6,1384861
17387720,4,1384861
17388932,5,1384861
17390145,10,1384861
17391358,7,1384861
17392571,7,1384861
17393784,6,1384141
17394996,3,1378282
17396209,4,1378282
17397422,4,1378282
17398635,3,1378282
17399847,2,1378282
17401059,3,1378282
17402272,5,1378282
17403486,4,1378282
17404697,5,1378282
17405911,6,1379259
17407123,4,1379259
17408336,2,1379259
17409549,2,1379259
17410761,6,1379259
17411974,4,1379259
17413186,4,1379259
17414399,2,1379259
17415613,5,1379259
17416824,4,1382599
17418038,5,1382599
17419251,3,1382599
17420463,5,1382599
17421676,4,1382599
17422888,6,1382599
17424102,3,1382599
17425314,4,1382599
17426526,4,1382599
17427739,8,1389074
17428952,2,1389074
17430165,5,1389074
17431378,3,1389074
17432591,4,1389074
17433804,3,1389074
17435016,5,1389074
17436229,5,1389074
17437441,4,1389074
17438654,4,1381212
17439868,6,1381212
17441080,8,1381212
17449569,7,1381006
17450783,14,1381006
17451995,4,1381006
17453207,5,1381006
17454420,3,1381006
17455633,4,1381006
17456846,2,1381006
17458059,2,1381006
17459271,3,1381006
17460485,3,1381024
17461697,6,1385888
17462910,6,1385888
17464123,3,1385888
17465336,4,1385888
17466548,4,1385888
17467762,4,1385888
17468974,5,1385888
17470187,4,1385888
17471400,3,1385888
17472612,4,1385888
17473826,4,1385888
17475038,6,1385888
17476251,6,1385888
17477464,6,1385888
17478677,4,1385888
17479889,7,1385888
17481102,9,1385888
17482314,5,1385888
17483527,6,1385888
17484740,9,1385888
17485953,5,1385888
17487166,7,1385888
17488378,6,1385888
17489591,7,1385888
17490804,9,1385888
17492017,8,1385888
17493230,9,1383113
17494442,4,1383113
17495655,3,1383113
17496868,7,1383113
17498081,6,1383113
17499294,4,1383113
17500506,6,1383113
17501719,6,1383113
17502932,7,1383113
17504145,7,1380030
17505357,5,1380030
17506570,9,1380030
17507784,5,1380030
17508996,5,1380030
17510208,8,1380030
17511421,8,1380030
17512634,8,1380030
17513847,6,1380030
17515059,1,1381623
17516272,4,1381623
17517485,8,1381623
17518698,11,1381623
17519911,7,1381623
17521124,6,1381623
17522337,9,1381623
17523549,6,1381623
17524762,6,1381623
17525975,6,1381623
17533251,13,1381623
17534464,6,1381623
17535677,3,1381623
17536889,5,1386453
17538102,4,1386453
17539315,8,1386453
17540528,6,1386453
17541740,12,1386453
17542953,7,1386453
17544166,5,1386453
17545378,4,1386453
17546591,6,1386453
17547804,9,1381880
17549016,3,1381880
17550230,6,1381880
17551443,8,1381880
17552654,7,1381880
17553867,5,1381880
17555081,8,1381880
17556293,5,1381880
17557506,6,1381880
17558718,6,1383319
17559931,5,1383319
17561144,7,1383319
17562357,10,1383319
17563569,6,1383319
17564782,5,1383319
17565995,4,1383319
17567208,7,1383319
17568421,6,1383319
17569633,11,1383678
17570846,5,1383678
17572059,9,1383678
17573271,6,1383678
17574485,7,1383678
17575697,5,1383678
17576910,6,1383678
17578122,7,1383678
17579335,5,1383678
17580547,8,1382188
17581760,4,1382188
17582973,5,1382188
17584186,4,1382188
17585399,4,1382188
17586612,7,1382188
17587824,3,1382188
17589036,7,1382188
17590250,7,1382188
17591462,4,1385323
17592675,6,1382034
17593887,3,1382034
17595100,3,1382034
17596314,6,1382034
17597525,6,1382034
17598738,8,1382034
17599952,4,1382034
17601165,5,1382034
17602376,4,1382034
17603590,3,1385271
17604803,5,1385271
17606015,5,1385271
17607228,7,1385271
17608440,4,1385271
17609653,6,1385271
17618142,6,1385271
17619355,7,1385271
17620567,6,1385271
17621780,4,1385271
17622993,8,1385271
17624206,9,1380287
17625418,3,1384141
17626631,5,1384141
17627844,5,1384141
17629057,3,1384141
17630270,4,1384141
17631482,4,1384141
17632694,5,1384141
17633907,2,1384141
17635121,3,1384141
17636332,5,1385888
17637545,4,1385888
17638758,4,1385888
17639971,3,1385888
17641184,5,1385888
17642396,4,1385888
17643609,3,1385888
17644822,6,1385888
17646035,7,1385888
17647247,5,1385896
17648460,2,1387944
17649673,4,1387944
17650886,4,1387944
17652098,4,1387944
17653311,4,1387944
17654524,3,1387944
17655737,10,1387944
17656950,5,1387944
17658161,4,1387982
17659374,3,1384398
17660587,4,1384398
17661799,4,1384398
17663013,4,1384398
17664225,4,1384398
17665437,7,1384398
17666650,4,1384398
17667863,4,1384398
17669076,4,1384398
17670288,5,1384398
17671501,6,1384398
17672714,7,1384398
17673926,4,1384398
17675139,6,1384398
17676352,8,1384398
17677565,4,1384398
17678777,7,1383781
17679990,3,1383781
17681203,3,1383781
17682416,6,1383781
17683628,7,1383781
17684842,5,1383781
17686054,6,1383781
17687267,7,1383781
17688480,6,1383781
17689692,7,1383781
17690906,11,1381777
17692118,7,1381777
17693331,4,1381777
17694543,4,1381417
17701820,10,1381417
17703032,4,1381417
17704246,10,1381417
17705458,5,1381417
17706671,10,1381417
17707884,5,1381417
17709096,8,1381417
17710309,6,1381417
17711523,6,1381417
17712735,11,1377974
17713947,6,1377974
17715161,7,1377974
17716374,6,1377974
17717585,7,1377974
17718799,8,1377974
17720011,7,1377974
17721224,9,1377974
17722437,9,1377974
17723649,5,1375353
17724862,3,1375353
17726075,7,1375353
17727288,9,1375353
17728501,6,1375353
17729713,6,1375353
17730926,5,1375353
17732139,7,1375353
17733351,5,1375353
17734565,8,1373606
17735777,6,1373606
17736990,8,1373606
17738203,8,1373606
17739416,5,1373606
17740628,5,1373606
17741841,9,1373606
17743053,7,1373606
17744267,5,1373606
17745480,6,1371601
17746692,4,1371601
17747904,4,1371601
17749118,7,1371601
17750330,5,1371601
17751543,8,1371601
17752756,5,1371601
17753968,6,1371601
17755182,8,1371601
17756394,7,1376792
17757607,5,1376792
17758820,6,1376792
17760032,8,1376792
17761245,6,1376792
17762458,6,1376792
17763671,7,1376792
17764883,8,1376792
17766097,5,1376792
17767310,10,1371088
17768522,6,1371088
17769735,10,1371088
17770947,6,1371088
17772161,7,1371088
17773373,4,1371088
17774586,8,1371088
17775799,7,1371088
17777012,8,1371088
17778224,4,1371088
17785501,9,1371088
17786714,6,1371088
17787927,5,1371088
17789140,7,1366411
17790352,4,1361375
17791565,5,1361375
17792778,4,1361375
17793991,4,1361375
17795204,3,1361375
17796416,2,1361375
17797629,3,1361375
17798843,2,1361375
17800055,4,1361375
17801268,4,1356081
17802480,3,1356081
17803693,3,1356081
17804906,3,1356081
17806119,3,1356081
17807332,3,1356081
17808544,2,1356081
17809757,4,1356081
17810970,4,1356081
17812183,6,1354385
17813397,6,1354385
17814609,4,1354385
17815822,5,1354385
17817035,7,1354385
17818247,7,1354385
17819461,4,1354385
17820673,5,1354385
17821885,3,1354385
17823098,2,1349092
17824312,8,1349092
17825524,4,1349092
17826737,7,1349092
17827950,4,1349092
17829162,4,1349092
17830375,3,1349092
17831588,2,1349092
17832801,0,1349092
17834014,4,1349092
17835227,5,1349092
17836439,4,1349092
17837652,1,1349092
17838866,4,1349092
17840078,1,1349092
17841292,4,1349092
17842504,4,1349092
17843716,4,1349092
17844930,5,1349110
17846143,5,1340150
17847355,5,1340150
17848568,4,1340150
17849781,3,1340150
17850994,4,1340150
17852207,5,1340150
17853419,4,1340150
17854633,5,1340150
17855846,4,1340103
17857058,6,1341127
17858271,3,1341127
17859483,4,1341127
17860697,4,1341127
17861909,6,1341127
17869186,4,1341127
17870399,5,1341127
17871612,7,1341127
17872824,3,1341127
17874038,11,1341127
17875250,3,1341127
17876463,6,1344621
17877675,5,1344621
17878888,5,1344621
17880101,7,1344621
17881314,8,1344621
17882527,6,1344621
17883739,12,1344621
17884953,6,1344621
17886165,9,1344621
17887377,6,1344621
17888590,7,1343748
17889804,4,1343748
17891016,8,1343748
17892228,8,1343748
17893442,4,1343748
17894654,6,1343748
17895867,8,1343748
17897080,7,1343748
17898293,7,1343748
17899506,7,1340510
17900718,6,1340510
17901931,7,1340510
17903145,8,1340510
17904357,5,1340510
17905570,6,1340510
17906782,6,1340510
17907995,7,1340510
17909208,6,1340510
17910421,3,1340150
17911634,3,1340150
17912847,6,1340150
17914059,4,1340150
17915272,8,1340150
17916485,4,1340150
17917697,6,1340150
17918910,6,1340150
17920123,4,1340150
17921337,5,1340253
17922549,5,1340253
17923761,6,1340253
17924974,5,1340253
17926187,8,1340253
17927400,6,1340253
17928613,9,1340253
17929826,8,1340253
17931039,7,1340253
17932252,8,1338146
17933464,3,1338146
17934678,7,1338146
17935890,10,1338146
17937103,6,1338146
17938316,2,1338146
17939529,6,1338146
17940741,8,1338146
17941954,8,1338146
17943167,8,1338197
17944380,3,1338197
17945592,5,1338197
17954082,6,1338403
17955295,5,1338403
17956508,7,1338403
17957720,7,1338403
17958934,9,1338403
17960146,6,1338403
17961359,6,1338403
17962572,8,1338403
17963785,4,1338403
17964997,8,1339379
17966211,4,1339379
17967423,5,1339379
17968635,6,1339379
17969849,9,1339379
17971061,8,1339379
17972274,5,1339379
17973487,3,1339379
17974700,5,1339379
17975912,4,1339019
17977126,6,1336347
17978338,4,1336347
17979551,4,1336347
17980764,4,1336347
17981977,6,1336347
17983189,6,1336347
17984403,3,1336347
17985615,4,1336347
17986828,3,1336347
17988040,5,1343182
17989253,2,1343182
17990465,2,1343182
17991679,2,1343182
17992891,7,1343182
17994103,3,1343182
17995316,5,1343182
17996529,3,1343182
17997743,4,1343182
17998955,6,1335936
18000167,6,1335936
18001380,7,1335936
18002593,6,1335936
18003805,3,1335936
18005018,5,1335936
18006231,9,1335936
18007444,5,1335936
18008657,5,1335936
18009869,2,1342257
18011082,2,1342257
18012296,4,1342257
18013508,4,1342257
18014721,5,1342257
18015934,4,1342257
18017147,6,1342257
18018359,3,1342257
18019572,4,1342257
18020785,5,1341024
18021998,3,1341024
18023211,5,1341024
18024423,4,1341024
18025636,4,1341024
18026849,5,1341024
18028062,4,1341024
18029275,4,1341024
18030487,7,1341024
18038977,6,1341024
18040190,7,1341024
18041402,8,1342668
18042615,6,1342700
18043827,5,1337580
18045041,8,1337580
18046253,3,1337580
18047465,2,1337580
18048679,4,1337580
18049891,6,1337580
18051104,3,1337580
18052316,4,1337580
18053529,5,1337378
18054742,4,1338146
18055955,4,1338146
18057168,3,1338146
18058380,5,1338146
18059594,2,1338146
18060807,3,1338146
18062019,3,1338146
18063232,8,1338146
18064444,4,1338146
18065658,3,1338146
18066870,6,1338146
18068083,3,1338146
18069296,7,1338146
18070508,4,1338146
18071721,6,1338146
18072934,8,1338146
18074147,8,1336758
18075359,2,1336758
18076572,4,1336758
18077785,7,1336758
18078998,10,1336758
18080210,11,1336758
18081423,6,1336758
18082635,6,1336758
18083849,9,1336758
18085061,6,1336758
18086274,7,1336347
18087486,3,1336347
18088699,6,1336347
18089912,5,1336347
18091125,3,1336347
18092338,9,1336347
18093550,4,1336347
18094763,6,1336347
18095976,8,1336347
18097189,9,1339174
18098402,1,1339174
18099615,4,1339174
18100828,8,1339174
18102041,18,1339174
18103253,7,1339174
18104466,9,1339174
18105678,14,1339174
18106892,15,1339174
18108105,9,1338711
18109317,3,1338711
18110530,5,1338711
18111742,6,1338711
18112955,7,1338711
18114168,2,1338711
18115380,-2,1338711
18122657,2,1338711
18123870,8,1338711
18125083,8,1338711
18126295,14,1338711
18127508,6,1338711
18128721,17,1338711
18129934,6,1336810
18131146,-39,1336810
18132359,-27,1336810
18133572,7,1336810
18134785,18,1336810
18135997,19,1336810
18137210,26,1336810
18138423,20,1336810
18139635,7,1336810
18140847,-4,1341949
18142060,-13,1341949
18143273,-4,1341949
18144486,2,1341949
18145699,14,1341949
18146911,23,1341949
18148125,25,1341949
18149337,15,1341949
18150550,3,1341949
18151763,-6,1338660
18152975,-18,1338660
18154188,-5,1338660
18155401,8,1338660
18156614,21,1338660
18157827,25,1338660
18159039,20,1338660
18160252,4,1338660
18161465,-6,1338660
18162678,-8,1343696
18163891,-11,1343696
18165103,1,1343696
18166316,21,1343696
18167529,35,1343696
18168741,25,1343696
18169955,17,1343696
18171167,5,1343696
18172380,-8,1343696
18173593,-13,1339225
18174805,0,1341229
18176018,9,1341229
18177230,17,1341229
18178443,15,1341229
18179656,14,1341229
18180869,-8,1341229
18182082,-7,1341229
18183294,-12,1341229
18184507,-7,1341229
18185720,9,1338711
18186933,15,1338711
18188145,12,1338711
18189359,6,1338711
18190571,20,1338711
18191784,6,1338711
18192997,-34,1338711
18194210,-35,1338711
18195422,-10,1338711
18196636,2,1345032
18197848,36,1345032
18199061,-9,1345032
18206341,15,1345032
18207550,24,1345032
18208763,14,1345032
18209977,10,1345032
18211189,6,1345032
18212402,6,1345032
18213614,4,1345032
18214827,3,1345032
18216041,3,1345032
18217253,7,1341178
18218465,12,1341640
18219679,12,1341640
18220891,9,1341640
18222104,3,1341640
18223317,-3,1341640
18224529,-11,1341640
18225742,3,1341640
18226955,10,1341640
18228169,11,1341640
18229381,1,1341478
18230594,6,1339174
18231806,4,1339174
18233019,3,1339174
18234232,5,1339174
18235445,5,1339174
18236658,4,1339174
18237871,4,1339174
18239083,4,1339174
18240296,5,1339329
18241509,5,1339585
18242721,3,1339585
18243934,2,1339585
18245147,4,1339585
18246360,4,1339585
18247573,2,1339585
18248786,3,1339585
18249998,3,1339585
18251212,5,1339585
18252424,5,1339585
18253637,6,1339585
18254850,7,1339585
18256063,6,1339585
18257275,8,1339585
18258488,4,1339585
18259701,6,1339585
18260914,7,1339585
18262127,5,1339585
18263340,6,1339585
18264552,6,1339585
18265765,7,1339585
18266977,4,1339585
18268190,4,1339585
18269403,3,1339585
18270616,8,1339585
18271828,7,1339585
18273042,10,1341127
18274254,8,1341127
18275468,9,1341127
18276680,9,1341127
18277892,2,1341127
18279106,3,1341127
18280318,2,1341127
18281531,7,1341127
18282744,-4,1341127
18291233,3,1341127
18292447,6,1341127
18293659,9,1341127
18294872,11,1342411
18296084,2,1342411
18297298,7,1342411
18298510,7,1342411
18299723,11,1342411
18300936,8,1342411
18302149,7,1342411
18303362,12,1342411
18304574,11,1342411
18305788,4,1344261
18307001,5,1344261
18308213,9,1344261
18309426,4,1344261
18310639,3,1344261
18311851,5,1344261
18313064,6,1344261
18314278,9,1344261
18315490,7,1344261
18316703,7,1340869
18317916,6,1340869
18319128,7,1340869
18320342,9,1340869
18321554,6,1340869
18322767,4,1340869
18323980,7,1340869
18325193,8,1340869
18326406,7,1340869
18327618,6,1340715
18328831,5,1340715
18330044,9,1340715
18331256,6,1340715
18332469,2,1340715
18333682,7,1340715
18334895,7,1340715
18336107,5,1340715
18337320,4,1340715
18338533,7,1341692
18339746,6,1341692
18340959,7,1341692
18342171,5,1341692
18343385,9,1341692
18344597,8,1341692
18345810,6,1341692
18347023,5,1341692
18348236,5,1341692
18349449,5,1344210
18350662,6,1344210
18351874,7,1344210
18353087,5,1344210
18354300,6,1344210
18355513,7,1344210
18356725,6,1344210
18357939,5,1344210
18359151,5,1344210
18360364,3,1342411
18361577,3,1342411
18362789,2,1342411
18364003,4,1342411
18365215,6,1342411
18366429,14,1342411
18367641,9,1342411
18376130,8,1342411
18377343,8,1342411
18378556,3,1342411
18379769,2,1342411
18380981,7,1342411
18382194,6,1342000
18383407,5,1343080
18384620,8,1343080
18385833,5,1343080
18387045,5,1343080
18388258,3,1343080
18389471,2,1343080
18390684,2,1343080
18391896,4,1343080
18393109,5,1343080
18394322,5,1342617
18395535,9,1342617
18396748,3,1342617
18397960,2,1342617
18399174,-8,1342617
18400387,-16,1342617
18401600,-3,1342617
18402813,10,1342617
18404025,15,1342617
18405238,20,1343234
18406450,14,1343234
18407663,4,1343234
18408876,-2,1343234
18410089,-7,1343234
18411302,-6,1343234
18412515,1,1343234
18413727,9,1343234
18414941,16,1343234
18416153,16,1340356
18417366,9,1340356
18418579,-5,1340356
18419791,-6,1340356
18421004,-9,1340356
18422217,0,1340356
18423430,11,1340356
18424643,12,1340356
18425856,10,1340356
18427068,5,1340306
18428281,2,1340818
18429494,-1,1340818
18430708,0,1340818
18431921,-3,1340818
18433132,5,1340818
18434346,10,1340818
18435558,10,1340818
18436771,8,1340818
18437985,4,1340779
18439197,3,1344107
18440409,-3,1344107
18441622,-4,1344107
18442835,-2,1344107
18444048,8,1344107
18445260,10,1344107
18446474,10,1344107
18447687,9,1344107
18448899,4,1344107
18450113,-1,1344107
18451326,0,1344107
18452538,8,1344107
18459814,3,1344107
18461027,-1,1344107
18462241,1,1344107
18463453,4,1344107
18464666,6,1344107
18465878,9,1344107
18467091,11,1344107
18468304,12,1344107
18469517,6,1344107
18470729,6,1340818
18471942,4,1340818
18473155,6,1340818
18474369,10,1340818
18475581,7,1340818
18476794,7,1340818
18478006,10,1340818
18479219,9,1340818
18480431,11,1340818
18481645,8,1340869
18482857,3,1340869
18484070,4,1340869
18485283,4,1340869
18486496,2,1340869
18487708,6,1340869
18488921,6,1340869
18490134,9,1340869
18491347,4,1340869
18492560,5,1342154
18493772,0,1342154
18494984,4,1342154
18496198,5,1342154
18497410,-3,1342154
18498623,2,1342154
18499836,-14,1342154
18501049,9,1342154
18502262,16,1342154
18503474,28,1340613
18504686,25,1340613
18505900,18,1340613
18507113,3,1340613
18508326,-7,1340613
18509538,-11,1340613
18510750,-18,1340613
18511963,-3,1340613
18513176,20,1340613
18514389,22,1343234
18515602,20,1343234
18516814,9,1343234
18518027,1,1343234
18519239,-9,1343234
18520453,-7,1343234
18521666,3,1343234
18522878,13,1343234
18524091,18,1343234
18525303,23,1336244
18526516,12,1336244
18527729,11,1336244
18528942,0,1336244
18530155,-1,1336244
18531367,0,1336244
18532580,2,1336244
18533793,7,1336244
18535006,13,1336244
18536219,1,1336244
18543495,8,1336244
18544708,15,1336244
18545921,15,1336244
18547134,14,1342360
18548346,4,1342360
18549559,5,1342360
18550772,2,1342360
18551986,1,1342360
18553198,0,1342360
18554411,9,1342360
18555623,15,1342360
18556836,13,1342360
18558049,10,1341897
18559263,3,1341897
18560476,1,1341897
18561688,1,1341897
18562900,3,1341897
18564114,9,1341897
18565326,16,1341897
18566539,17,1341897
18567752,11,1341897
18568964,8,1344364
18570178,0,1339688
18571391,-3,1339688
18572603,-1,1339688
18573816,5,1339688
18575029,8,1339688
18576242,6,1339688
18577455,4,1339688
18578668,3,1339688
18579880,0,1339688
18581092,-4,1341383
18582305,0,1341383
18583519,8,1341383
18584731,5,1341383
18585944,3,1341383
18587156,7,1341383
18588369,5,1341383
18589582,4,1341383
18590794,0,1341383
18592007,5,1341383
18593220,6,1341383
18594433,8,1341383
18595645,4,1341383
18596858,4,1341383
18598071,2,1341383
18599284,3,1341383
18600497,4,1341383
18601710,6,1341383
18602923,5,1339842
18604135,5,1339842
18605348,3,1339842
18606561,4,1339842
18607774,2,1339842
18608987,4,1339842
18610200,5,1339842
18611412,7,1339842
18612626,5,1339842
18613838,5,1340715
18615051,5,1340715
18616264,2,1340715
18617476,4,1340715
18618689,4,1340715
18619902,6,1340715
18627181,5,1340715
18628391,2,1340715
18629604,6,1340715
18630817,7,1340715
18632031,8,1340715
18633243,6,1340715
18634456,7,1343850
18635669,3,1343852
18636881,5,1344364
18638094,3,1344364
18639308,4,1344364
18640520,4,1344364
18641733,7,1344364
18642946,2,1344364
18644159,5,1344364
18645371,4,1344364
18646584,5,1344364
18647797,0,1344364
18649010,2,1344364
18650222,3,1344364
18651436,5,1344364
18652648,6,1344364
18653861,9,1344364
18655074,8,1344364
18656287,6,1342874
18657500,6,1342874
18658712,8,1342874
18659926,7,1342874
18661138,6,1342874
18662351,4,1342874
18663564,5,1342874
18664776,1,1342874
18665989,5,1342874
18667202,5,1342874
18668415,6,1342360
18669628,4,1342360
18670841,6,1342360
18672054,9,1342360
18673266,10,1342360
18674479,10,1342360
18675691,9,1342360
18676904,5,1342360
18678117,4,1342360
18679330,8,1341024
18680543,4,1341024
18681756,6,1341024
18682969,7,1341024
18684182,8,1341024
18685395,9,1341024
18686608,9,1341024
18687821,9,1341024
18689033,7,1341024
18690246,7,1344107
18691459,2,1344107
18692671,5,1344107
18693885,4,1344107
18695097,6,1344107
18696309,10,1344107
18697522,9,1344107
18698735,12,1344107
18699949,8,1344107
18701161,9,1339791
18702374,5,1339791
18703587,10,1339791
18712076,6,1341795
18713290,4,1341795
18714502,6,1341795
18715715,7,1341795
18716929,5,1341795
18718141,8,1341795
18719354,9,1341795
18720566,7,1341795
18721779,8,1341795
18722992,9,1339842
18724205,3,1339842
18725418,7,1339842
18726631,4,1339842
18727844,7,1339842
18729056,4,1339842
18730269,7,1339842
18731482,7,1339842
18732694,8,1339842
18733907,8,1342617
18735121,3,1342617
18736333,4,1342617
18737546,7,1342617
18738758,5,1342617
18739971,9,1342617
18741185,8,1342617
18742397,7,1342617
18743609,6,1342617
18744823,6,1337889
18746035,5,1337889
18747248,5,1337889
18748461,7,1337889
18749674,12,1337889
18750886,10,1337889
18752099,7,1337889
18753313,4,1337889
18754525,6,1337889
18755737,11,1343336
18756950,5,1343336
18758163,8,1343336
18759377,9,1343336
18760589,5,1343336
18761802,4,1343336
18763015,4,1343336
18764227,2,1343336
18765441,3,1343336
18766653,7,1344929
18767866,5,1342822
18769079,6,1342822
18770291,5,1342822
18771504,6,1342822
18772718,7,1342822
18773930,5,1342822
18775143,3,1342822
18776356,-1,1342822
18777569,1,1342822
18778781,3,1342411
18779994,4,1342411
18781207,8,1342411
18782420,9,1342411
18783632,7,1342411
18784846,0,1342411
18786059,-2,1342411
18787271,-5,1342411
18788484,2,1342411
18796974,3,1342411
18798187,1,1342411
18799400,4,1340869
18800613,6,1341332
18801826,14,1341332
18803038,13,1341332
18804252,6,1341332
18805464,0,1341332
18806677,-7,1341332
18807890,-12,1341332
18809103,-10,1341332
18810316,1,1341332
18811528,9,1342000
18812741,23,1342000
18813955,24,1342000
18815167,15,1342000
18816380,3,1342000
18817593,-8,1342000
18818806,-14,1342000
18820019,-8,1342000
18821231,4,1342000
18822444,15,1342075
18823658,22,1334651
18824869,19,1334651
18826083,11,1334651
18827296,-2,1334651
18828508,-10,1334651
18829721,-11,1334651
18830934,-1,1334651
18832147,6,1334651
18833360,16,1334720
18834573,16,1339328
18835786,10,1339328
18836999,5,1339328
18838211,-1,1339328
18839424,-7,1339328
18840638,-6,1339328
18841850,2,1339328
18843063,9,1339328
18844275,16,1339328
18845489,12,1339328
18846701,10,1339328
18847913,3,1339328
18849126,-2,1339328
18850340,-7,1339328
18851552,1,1339328
18852765,8,1339328
18853977,18,1338403
18855191,16,1338403
18856404,12,1338403
18857617,7,1338403
18858830,3,1338403
18860041,-1,1338403
18861254,-2,1338403
18862468,4,1338403
18863681,13,1338403
18864893,16,1338403
18866106,15,1338917
18867318,7,1338917
18868532,7,1338917
18869744,2,1338917
18870958,1,1338917
18872169,-2,1338917
18873382,2,1338917
18880659,-3,1338917
18881872,1,1338917
18883085,7,1338917
18884297,8,1338917
18885510,11,1338917
18886723,12,1338917
18887936,13,1343645
18889149,8,1343645
18890362,7,1343645
18891574,6,1343645
18892787,5,1343645
18893999,5,1343645
18895213,6,1343645
18896425,12,1343645
18897638,12,1343645
18898851,11,1345649
18900063,-1,1345649
18901277,4,1345649
18902490,6,1345649
18903702,5,1345649
18904915,10,1345649
18906127,8,1345649
18907340,7,1345649
18908553,9,1345649
18909766,4,1339122
18910979,2,1339122
18912191,7,1339122
18913405,2,1339122
18914617,7,1339122
18915830,8,1339122
18917043,9,1339122
18918255,7,1339122
18919468,7,1339122
18920681,6,1343593
18921894,2,1343593
18923106,2,1343593
18924319,8,1343593
18925533,8,1343593
18926745,9,1343593
18927958,9,1343593
18929170,7,1343593
18930383,2,1343593
18931596,4,1343542
18932809,0,1343542
18934022,4,1343542
18935235,7,1343542
18936448,6,1343542
18937660,7,1343542
18938873,4,1343542
18940086,6,1343542
18941298,6,1343542
18942512,5,1338608
18943724,3,1338608
18944937,8,1338608
18946150,7,1338608
18947363,8,1338608
18948576,5,1338608
18949788,5,1338608
18951001,4,1338608
18952214,5,1338608
18953427,13,1344570
18954640,4,1344570
18955852,7,1344570
18957065,3,1340818
18964341,-6,1340818
18965555,-11,1340818
18966767,1,1340818
18967981,11,1340818
18969194,22,1340818
18970406,20,1340818
18971619,16,1340818
18972832,2,1340818
18974044,-1,1340818
18975258,-7,1343490
18976471,-8,1338968
18977683,3,1338968
18978896,13,1338968
18980109,17,1338968
18981322,15,1338968
18982534,10,1338968
18983747,3,1338968
18984960,-5,1338968
18986173,-10,1338968
18987385,-5,1345084
18988599,2,1345084
18989811,5,1345084
18991024,13,1345084
18992238,14,1345084
18993450,9,1345084
18994663,4,1345084
18995876,2,1345084
18997088,-3,1345084
18998302,1,1340150
18999514,2,1340150
19000727,9,1340150
19001940,9,1340150
19003152,9,1340150
19004366,9,1340150
19005578,4,1340150
19006791,1,1340150
19008003,0,1340150
19009217,3,1341178
19010429,6,1341178
19011643,3,1341178
19012855,7,1341178
19014068,5,1341178
19015281,4,1341178
19016494,4,1341178
19017707,5,1341178
19018919,3,1341178
19020132,2,1340971
19021344,4,1340459
19022557,5,1340459
19023770,6,1340459
19024983,8,1340459
19026196,6,1340459
19027408,5,1340459
19028622,2,1340459
19029834,2,1340459
19031047,2,1340559
19032259,3,1339791
19033472,5,1339791
19034686,7,1339791
19035899,6,1339791
19037110,5,1339791
19038324,3,1339791
19039536,5,1339791
19040749,5,1339791
19049238,2,1339791
19050451,7,1339791
19051664,5,1344570
19052877,4,1344570
19054089,1,1344570
19055302,5,1344570
19056515,9,1344570
19057727,10,1344570
19058941,7,1344570
19060154,8,1344570
19061366,5,1344570
19062579,8,1344570
19063791,4,1344775
19065004,2,1344775
19066217,7,1344775
19067431,7,1344775
19068642,9,1344775
19069855,9,1344775
19071069,11,1344775
19072282,6,1344775
19073495,5,1344775
19074707,2,1342103
19075919,0,1342103
19077133,7,1342103
19078346,10,1342103
19079558,9,1342103
19080771,9,1342103
19081984,12,1342103
19083196,4,1342103
19084409,6,1342103
19085622,7,1344929
19086835,3,1344929
19088048,5,1344929
19089260,5,1344929
19090473,10,1344929
19091686,10,1344929
19092899,6,1344929
19094111,1,1344929
19095324,4,1344929
19096537,4,1341640
19097750,4,1341640
19098963,11,1341640
19100175,10,1341640
19101389,7,1341640
19102601,4,1341640
19103814,4,1341640
19105026,5,1341640
19106239,7,1341640
19107452,5,1338762
19108665,2,1338762
19109877,6,1338762
19111090,6,1338762
19112303,8,1338762
19113515,6,1338762
19114728,11,1338762
19115942,11,1338762
19117154,7,1338762
19118367,6,1344004
19119580,4,1344004
19120793,3,1344004
19122006,6,1344004
19123218,7,1344004
19124432,12,1344004
19125644,-3,1344004
19134134,7,1344004
19135347,9,1344004
19136560,12,1344004
19137772,13,1344004
19138985,17,1344004
19140198,9,1342925
19141410,5,1342925
19142623,3,1342925
19143837,3,1342925
19145049,5,1342925
19146261,5,1342925
19147474,9,1342925
19148687,13,1342925
19149899,11,1342925
19151113,7,1340972
19152326,-1,1340972
19153539,3,1340972
19154751,3,1340972
19155965,4,1340972
19157177,8,1340972
19158389,9,1340972
19159602,8,1340972
19160816,10,1340972
19162029,7,1343593
19163241,5,1342103
19164453,2,1342103
19165667,2,1342103
19166879,2,1342103
19168093,3,1342103
19169305,7,1342103
19170517,7,1342103
19171731,8,1342103
19172943,3,1342103
19174157,2,1342360
19175369,2,1342360
19176581,3,1342360
19177794,4,1342360
19179007,5,1342360
19180220,6,1342360
19181433,9,1342360
19182646,7,1342360
19183858,4,1342360
19185071,4,1340715
19186284,2,1340715
19187497,-1,1340715
19188709,3,1340715
19189923,6,1340715
19191136,6,1340715
19192348,6,1340715
19193560,4,1340715
19194773,2,1340715
19195986,5,1341640
19197199,1,1341640
19198411,3,1341640
19199625,5,1341640
19200837,5,1341640
19202051,3,1341640
19203264,5,1341640
19204476,3,1341640
19205689,0,1341640
19206902,-1,1341640
19208115,3,1341640
19209327,4,1341640
19210540,6,1339328
19219030,12,1339328
19220243,5,1339328
19221455,3,1339328
19222668,4,1339328
19223881,4,1339328
19225094,2,1339328
19226307,5,1339328
19227520,6,1339328
19228733,8,1339286
19229946,4,1341846
19231158,4,1341846
19232371,4,1341846
19233584,5,1341846
19234797,6,1341846
19236010,3,1341846
19237222,0,1341846
19238435,7,1341846
19239648,5,1341846
19240860,3,1341846
19242074,6,1341846
19243286,6,1341846
19244499,8,1341846
19245712,5,1341846
19246924,6,1341846
19248137,5,1341846
19249350,7,1343131
19250563,5,1343131
19251776,3,1343131
19252988,10,1343131
19254202,8,1343131
19255414,6,1343131
19256627,6,1343131
19257840,5,1343131
19259052,5,1343131
19260265,9,1343131
19261478,8,1344467
19262691,7,1344467
19263903,11,1344467
19265116,6,1344467
19266329,6,1344467
19267542,4,1344467
19268754,6,1344467
19269967,5,1344467
19271180,8,1344467
19272393,6,1341692
19273606,4,1341692
19274819,9,1341692
19276031,6,1341692
19277244,6,1341692
19278457,5,1341692
19279670,3,1341692
19280882,8,1341692
19282095,6,1341692
19283308,9,1342771
19284521,5,1342771
19285734,10,1342771
19286947,7,1342771
19288160,7,1342771
19289372,3,1342771
19290586,5,1342771
19291798,7,1342771
19293011,4,1342771
19294223,8,1343285
19295436,6,1343285
19303926,5,1343285
19305139,6,1339996
19306352,4,1339996
19307565,5,1339996
19308777,6,1339996
19309990,6,1339996
19311202,3,1339996
19312416,5,1339996
19313628,5,1339996
19314841,10,1339996
19316054,7,1343131
19317266,3,1343131
19318480,7,1343131
19319692,5,1343131
19320904,6,1343131
19322117,6,1343131
19323330,9,1343131
19324543,4,1343131
19325755,3,1343131
19326968,4,1342617
19328181,5,1342617
19329394,7,1342617
19330606,7,1342617
19331820,8,1342617
19333032,8,1342617
19334244,4,1342617
19335457,5,1342617
19336670,9,1342617
19337883,10,1340818
19339095,7,1340818
19340308,7,1340818
19341521,7,1340818
19342734,9,1340818
19343947,7,1340818
19345159,7,1340818
19346373,7,1340818
19347585,10,1340818
19348797,7,1342463
19350010,5,1343285
19351223,6,1343285
19352436,10,1343285
19353649,4,1343285
19354861,6,1343285
19356074,2,1343285
19357287,6,1343285
19358500,4,1343285
19359712,5,1343285
19360926,4,1342257
19362138,6,1342257
19363350,4,1342257
19364564,3,1342257
19365777,4,1342257
19366989,6,1342257
19368201,7,1342257
19369414,4,1342257
19370628,4,1342257
19371840,4,1346882
19373052,6,1346882
19374265,2,1346882
19375478,1,1346882
19376691,4,1346882
19377903,2,1346882
19379116,6,1346882
19380329,4,1346882
19388819,6,1346882
19390031,6,1346882
19391244,8,1346882
19392457,9,1337426
19393670,5,1344056
19394882,4,1344056
19396095,1,1344056
19397308,4,1344056
19398520,6,1344056
19399733,8,1344056
19400946,6,1344056
19402159,4,1344056
19403372,4,1344056
19404585,5,1344056
19405797,4,1344056
19407010,6,1344056
19408222,3,1344056
19409435,7,1344056
19410648,4,1344056
19411861,1,1344056
19413074,4,1344056
19414286,4,1344056
19415499,4,1344160
19416712,2,1344416
19417924,6,1344416
19419138,7,1344416
19420351,5,1344416
19421563,6,1344416
19422776,3,1344416
19423988,4,1344416
19425201,2,1344416
19426414,3,1344410
19427627,3,1342874
19428840,5,1342874
19430053,7,1342874
19431266,5,1342874
19432477,4,1342874
19433691,5,1342874
19434903,6,1342874
19436117,8,1342874
19437329,4,1342874
19438542,6,1342874
19439755,5,1342874
19440967,5,1342874
19442180,6,1342874
19443393,9,1342874
19444606,9,1342874
19445819,8,1342874
19447031,7,1340253
19448244,5,1340253
19449457,2,1340253
19450670,5,1340253
19451882,5,1340253
19453095,5,1340253
19454309,8,1340253
19455521,10,1340253
19456734,13,1340253
19457947,8,1340253
19459159,2,1342566
19460372,-2,1342566
19461585,1,1342566
19462798,1,1342566
19464010,6,1342566
19465223,6,1342566
19472500,5,1342566
19473712,4,1342566
19474926,-1,1342566
19476138,0,1342566
19477351,3,1342566
19478564,4,1342566
19479777,11,1342566
19480990,24,1343336
19482202,21,1343336
19483416,16,1343336
19484628,8,1343336
19485841,-2,1343336
19487054,-10,1343336
19488267,-3,1343336
19489480,5,1343336
19490692,19,1343336
19491905,29,1339019
19493118,26,1339019
19494330,16,1339019
19495543,1,1339019
19496756,-12,1339019
19497968,-13,1339019
19499182,-3,1339019
19500394,9,1339019
19501607,25,1339019
19502820,29,1339842
19504032,19,1339842
19505246,7,1339842
19506459,-6,1339842
19507671,-11,1339842
19508884,-11,1339842
19510097,-2,1339842
19511310,13,1339842
19512522,22,1339842
19513735,28,1333521
19514949,17,1333521
19516161,9,1333521
19517373,-4,1333521
19518586,-11,1333521
19519799,-8,1333521
19521012,2,1333521
19522225,13,1333521
19523437,23,1333521
19524650,24,1342463
19525863,13,1342463
19527076,3,1342463
19528289,-4,1342463
19529502,-9,1342463
19530714,-2,1342463
19531927,2,1342463
19533140,18,1342463
19534353,21,1342463
19535566,20,1339019
19536778,7,1339019
19537992,2,1339019
19539204,-4,1339019
19540417,-6,1339019
19541630,1,1339019
19542843,11,1339019
19544055,15,1339019
19545269,21,1339019
19546482,14,1343799
19547694,4,1340510
19548907,18,1340510
19556184,19,1340510
19557396,8,1340510
19558609,8,1340510
19559823,1,1340510
19561035,-2,1340510
19562248,1,1340510
19563461,4,1340510
19564673,12,1340510
19565886,17,1340510
19567099,13,1340510
19568312,7,1340459
19569525,0,1341640
19570738,1,1341640
19571951,-4,1341640
19573163,2,1341640
19574376,6,1341640
19575589,11,1341640
19576802,8,1341640
19578015,5,1341640
19579227,4,1341640
19580440,2,1342206
19581653,-1,1342206
19582866,-1,1342206
19584078,2,1342206
19585292,8,1342206
19586505,9,1342206
19587717,7,1342206
19588930,4,1342206
19590143,2,1342206
19591355,0,1341281
19592568,2,1341281
19593781,4,1341281
19594993,6,1341281
19596207,6,1341281
19597419,6,1341281
19598632,4,1341281
19599846,2,1341281
19601058,2,1341281
19602271,2,1341184
19603483,3,1342720
19604696,4,1342720
19605910,5,1342720
19607122,5,1342720
19608335,5,1342720
19609548,6,1342720
19610761,2,1342720
19611974,3,1342720
19613186,3,1342974
19614399,4,1342206
19615613,3,1342206
19616825,7,1342206
19618038,9,1342206
19619250,5,1342206
19620463,5,1342206
19621677,4,1342206
19622890,3,1342206
19624102,3,1341998
19625315,6,1341486
19626527,3,1341486
19627740,9,1341486
19628954,6,1341486
19630167,4,1341486
19631379,5,1341486
19632592,6,1341486
19641082,5,1341486
19642294,6,1341486
19643507,6,1341486
19644720,9,1341486
19645933,8,1340099
19647146,5,1340099
19648358,8,1340099
19649572,11,1340099
19650785,3,1340099
19651997,5,1340099
19653209,4,1340099
19654422,6,1340099
19655635,6,1340099
19656849,9,1341795
19658061,5,1341795
19659273,8,1341795
19660486,5,1341795
19661699,6,1341795
19662913,2,1341795
19664125,4,1341795
19665338,5,1341795
19666551,9,1341795
19667764,8,1342668
19668976,5,1342668
19670190,5,1342668
19671402,3,1342668
19672615,7,1342668
19673828,6,1342668
19675040,5,1342668
19676254,8,1342668
19677466,7,1342668
19678679,8,1343234
19679892,4,1343234
19681104,6,1343234
19682318,5,1343234
19683530,6,1343234
19684743,5,1343234
19685956,4,1343234
19687168,7,1343234
19688382,3,1343234
19689595,5,1339996
19690808,5,1339996
19692020,4,1339996
19693233,4,1339996
19694446,7,1339996
19695658,8,1339996
19696871,9,1339996
19698084,7,1339996
19699298,8,1339996
19700510,6,1335679
19701722,0,1335679
19702935,5,1335679
19704148,7,1335679
19705361,8,1335679
19706573,6,1335679
19707786,8,1335679
19708999,7,1335679
19710213,7,1335679
19711425,5,1340869
19712638,4,1340869
19713850,10,1340869
19715063,8,1340869
19716276,8,1340869
19717489,6,1340869
19724765,4,1340869
19725979,8,1340869
19727191,8,1340869
19728404,5,1340869
19729617,7,1340869
19730830,4,1340869
19732043,7,1340869
19733255,9,1342977
19734468,-1,1342977
19735681,4,1342977
19736893,1,1342977
19738106,6,1342977
19739319,10,1342977
19740532,11,1342977
19741745,10,1342977
19742958,9,1342977
19744171,8,1337786
19745383,3,1341795
19746596,1,1341795
19747809,3,1341795
19749022,6,1341795
19750235,10,1341795
19751447,7,1341795
19752660,7,1341795
19753872,6,1341795
19755086,4,1341795
19756298,2,1344518
19757511,-3,1344518
19758724,3,1344518
19759937,3,1344518
19761150,4,1344518
19762362,9,1344518
19763575,4,1344518
19764787,-1,1344518
19766000,-3,1344518
19767213,-5,1338248
19768426,2,1338248
19769638,3,1338248
19770851,8,1338248
19772065,10,1338248
19773277,14,1338248
19774490,10,1338248
19775702,3,1338248
19776915,-2,1338248
19778129,-1,1342566
19779341,3,1342566
19780554,6,1342566
19781767,10,1342566
19782980,11,1342566
19784193,8,1342566
19785405,4,1342566
19786618,0,1342566
19787831,0,1342566
19789043,-1,1336398
19790257,2,1336398
19791470,2,1336398
19792682,8,1336398
19793895,10,1336398
19795108,7,1336398
19796321,5,1336398
19797533,4,1336398
19798747,-2,1336398
19799959,-2,1336474
19801172,5,1342874
19809661,3,1342874
19810874,0,1342919
19812087,5,1341127
19813300,6,1341127
19814513,4,1341127
19815726,4,1341127
19816939,3,1341127
19818151,2,1341127
19819364,1,1341127
19820577,4,1341127
19821790,0,1341127
19823003,5,1341127
19824215,9,1341127
19825429,11,1341127
19826641,7,1341127
19827854,8,1341127
19829067,5,1341127
19830279,4,1341127
19831492,5,1341127
19832705,4,1341127
19833918,6,1341127
19835131,6,1341127
19836343,11,1341127
19837556,9,1341127
19838769,6,1341127
19839982,4,1341127
19841194,6,1341127
19842407,5,1341127
19843621,2,1340561
19844833,4,1340561
19846046,9,1340561
19847258,7,1340561
19848472,4,1340561
19849684,2,1340561
19850897,7,1340561
19852110,6,1340561
19853323,7,1340561
19854536,8,1342720
19855747,4,1342720
19856960,7,1342720
19858174,9,1342720
19859386,6,1342720
19860599,7,1342720
19861812,4,1342720
19863024,7,1342720
19864237,6,1342720
19865450,6,1344364
19866663,5,1344364
19867875,7,1344364
19869088,5,1344364
19870301,6,1344364
19871513,6,1344364
19872726,3,1344364
19873939,5,1344364
19875152,7,1344364
19876364,6,1339739
19877577,2,1339739
19878790,2,1339739
19880003,8,1339739
19881215,7,1339739
19882428,8,1339739
19883641,6,1339739
19884854,8,1339739
19886066,8,1339739
19893346,2,1339739
19894555,7,1339739
19895769,6,1339739
19896980,5,1339739
19898194,4,1340459
19899406,3,1340459
19900619,4,1340459
19901831,3,1340459
19903045,7,1340459
19904258,9,1340459
19905470,7,1340459
19906683,6,1340459
19907895,7,1340459
19909108,4,1341486
19910321,4,1341486
19911533,9,1341486
19912746,5,1341486
19913959,6,1341486
19915172,7,1341486
19916385,5,1341486
19917598,8,1341486
19918810,9,1341486
19920023,6,1339585
19921237,9,1339585
19922448,6,1339585
19923662,6,1339585
19924874,5,1339585
19926087,7,1339585
19927299,6,1339585
19928513,5,1339585
19929725,4,1339585
19930938,5,1340561
19932151,2,1340561
19933363,5,1340561
19934576,7,1340561
19935789,5,1340561
19937002,5,1340561
19938214,8,1340561
19939427,9,1340561
19940640,4,1340561
19941852,7,1342051
19943065,3,1346317
19944278,4,1346317
19945491,3,1346317
19946704,7,1346317
19947917,3,1346317
19949130,6,1346317
19950343,6,1346317
19951555,6,1346317
19952768,5,1346317
19953982,4,1343182
19955194,5,1343182
19956406,4,1343182
19957619,3,1343182
19958833,3,1343182
19960045,9,1343182
19961259,5,1343182
19962471,2,1343182
19963684,3,1343182
19964896,4,1343182
19966110,3,1343182
19967322,2,1343182
19968535,5,1343182
19969748,3,1343182
19978238,5,1343182
19979450,2,1343182
19980664,3,1343182
19981876,3,1343182
19983089,5,1343182
19984302,9,1343182
19985514,9,1340356
19986727,6,1342514
19987941,1,1342514
19989154,2,1342514
19990366,2,1342514
19991579,4,1342514
19992792,0,1342514
19994004,4,1342514
19995218,7,1342514
19996430,6,1342514
19997643,5,1342660
19998857,3,1340356
20000069,4,1340356
20001282,5,1340356
20002495,3,1340356
20003707,3,1340356
20004920,5,1340356
20006134,5,1340356
20007346,3,1340356
20008559,3,1340201
20009772,5,1340201
20010984,3,1340201
20012198,3,1340201
20013410,3,1340201
20014623,4,1340201
20015837,1,1340201
20017050,6,1340201
20018262,9,1340201
20019474,5,1340201
20020688,6,1340201
20021900,4,1340201
20023113,3,1340201
20024326,4,1340201
20025539,7,1340201
20026751,6,1340201
20027964,11,1340201
20029178,8,1344518
20030391,4,1344518
20031603,6,1344518
20032816,3,1344518
20034029,7,1344518
20035242,5,1344518
20036454,5,1344518
20037668,3,1344518
20038880,8,1344518
20040093,5,1344518
20041306,6,1337683
20042519,8,1337683
20043731,12,1337683
20044944,7,1337683
20046157,5,1337683
20047370,2,1337683
20048583,1,1337683
20049795,-10,1337683
20051009,-3,1337683
20052222,4,1344107
20053434,14,1344107
20054646,-4,1344107
20063137,6,1340818
20064349,15,1340818
20065562,25,1340818
20066774,19,1340818
20067987,11,1340818
20069200,2,1340818
20070413,-8,1340818
20071625,-10,1340818
20072839,-1,1340818
20074051,9,1337324
20075264,15,1337324
20076477,19,1337324
20077689,19,1337324
20078902,13,1337324
20080115,4,1337324
20081328,1,1337324
20082541,-1,1337324
20083753,-1,1337324
20084967,0,1339533
20086179,3,1339533
20087392,6,1339533
20088605,13,1339533
20089818,12,1339533
20091031,13,1339533
20092243,10,1339533
20093457,8,1339533
20094669,7,1339533
20095881,6,1341075
20097094,-3,1341075
20098307,5,1341075
20099521,4,1341075
20100733,13,1341075
20101946,6,1341075
20103158,12,1341075
20104371,6,1341075
20105584,9,1341075
20106797,7,1342617
20108010,6,1342617
20109223,4,1342617
20110436,5,1342617
20111648,4,1342617
20112861,4,1342617
20114074,2,1342617
20115287,5,1342617
20116500,4,1342617
20117712,9,1337786
20118925,6,1337786
20120138,9,1337786
20121350,8,1337786
20122564,4,1337786
20123776,3,1337786
20124989,2,1337786
20126202,6,1337786
20127414,9,1337786
20128627,8,1342257
20129840,5,1342257
20131054,6,1342257
20132266,6,1342257
20133479,5,1342257
20134691,6,1342257
20135904,7,1342257
20137118,4,1342257
20138330,7,1342257
20139542,7,1342257
20146819,12,1342257
20148032,7,1342257
20149245,7,1342257
20150457,6,1343131
20151671,4,1340767
20152884,3,1340767
20154096,3,1340767
20155309,3,1340767
20156521,3,1340767
20157735,7,1340767
20158947,7,1340767
20160160,4,1340767
20161372,5,1340767
20162585,3,1340767
20163798,4,1340767
20165011,7,1340767
20166223,6,1340767
20167436,6,1340767
20168649,5,1340767
20169862,5,1340767
20171074,4,1340767
20172287,5,1340767
20173500,7,1343131
20174712,4,1343131
20175926,5,1343131
20177138,4,1343131
20178351,6,1343131
20179564,5,1343131
20180777,4,1343131
20181989,6,1343131
20183202,5,1343131
20184414,6,1340407
20185627,6,1340407
20186841,5,1340407
20188054,5,1340407
20189266,4,1340407
20190479,4,1340407
20191692,3,1340407
20192904,4,1340407
20194118,4,1340407
20195330,5,1340264
20196543,7,1343080
20197756,5,1343080
20198968,6,1343080
20200181,2,1343080
20201394,4,1343080
20202607,5,1343080
20203820,5,1343080
20205032,8,1343080
20206245,5,1343080
20207459,4,1343080
20208671,3,1343080
20209884,3,1343080
20211096,5,1343080
20212309,5,1343080
20213522,6,1343080
20214735,9,1343080
20215948,5,1343080
20217161,6,1343080
20218373,4,1343080
20219586,4,1343080
20220800,7,1343080
20222012,7,1343080
20223224,5,1343080
20230501,7,1343080
20231714,8,1343080
20232927,7,1343080
20234139,12,1343080
20235353,10,1343080
20236565,11,1343080
20237778,6,1343080
20238991,7,1339276
20240203,4,1339276
20241417,5,1339276
20242629,6,1339276
20243842,7,1339276
20245055,9,1339276
20246267,9,1339276
20247480,8,1339276
20248693,5,1339276
20249906,6,1337170
20251119,2,1337170
20252331,4,1337170
20253544,6,1337170
20254757,5,1337170
20255970,9,1337170
20257183,9,1337170
20258396,5,1337170
20259609,5,1337170
20260822,3,1341075
20262034,6,1341075
20263247,8,1341075
20264460,4,1341075
20265672,7,1341075
20266886,7,1341075
20268098,7,1341075
20269311,7,1341075
20270525,7,1341075
20271737,8,1343593
20272950,4,1343593
20274163,5,1343593
20275375,5,1343593
20276588,3,1343593
20277801,4,1343593
20279014,3,1343593
20280227,2,1343593
20281439,-2,1343593
20282653,-2,1341383
20283866,0,1341383
20285078,14,1341383
20286291,24,1341383
20287504,25,1341383
20288716,19,1341383
20289930,10,1341383
20291142,2,1341383
20292355,-7,1341383
20293567,-5,1342309
20294780,-2,1342309
20295994,12,1342309
20297206,21,1342309
20298419,19,1342309
20299632,13,1342309
20300845,4,1342309
20302058,-2,1342309
20303270,-5,1342309
20304483,1,1337272
20305697,3,1337272
20306909,1,1337272
20314185,1,1337272
20315398,-3,1340304
20316612,5,1340304
20317824,13,1340304
20319037,15,1340304
20320250,12,1340304
20321462,8,1340304
20322675,2,1340304
20323888,1,1340304
20325100,1,1340304
20326314,3,1338660
20327526,7,1338660
20328739,15,1338660
20329952,10,1338660
20331164,7,1338660
20332378,6,1338660
20333590,3,1338660
20334804,3,1338660
20336016,4,1338660
20337228,7,1339225
20338441,9,1340356
20339654,4,1340356
20340868,6,1340356
20342080,2,1340356
20343293,2,1340356
20344506,-1,1340356
20345718,1,1340356
20346931,3,1340356
20348144,5,1340356
20349356,5,1333932
20350570,6,1333932
20351782,5,1333932
20352995,5,1333932
20354208,3,1333932
20355421,2,1333932
20356634,-1,1333932
20357846,4,1333932
20359059,5,1333932
20360273,4,1337324
20361486,5,1337324
20362698,4,1337324
20363911,3,1337324
20365124,2,1337324
20366337,3,1337324
20367549,3,1337324
20368762,3,1337324
20369975,5,1337324
20371188,6,1337015
20372401,4,1337015
20373614,3,1337015
20374826,3,1337015
20376039,5,1337015
20377253,3,1337015
20378464,3,1337015
20379677,4,1337015
20380890,7,1337015
20382103,5,1341178
20383316,4,1341178
20384529,5,1341178
20385742,4,1341178
20386955,4,1341178
20388168,4,1341178
20389381,3,1341178
20390594,7,1341178
20399083,5,1341178
20400297,9,1341178
20401510,10,1341178
20402722,5,1340767
20403935,3,1340918
20405148,5,1340150
20406361,6,1340150
20407574,4,1340150
20408787,3,1340150
20409999,3,1340150
20411212,5,1340150
20412425,4,1340150
20413639,3,1340150
20414851,5,1340150
20416063,5,1340150
20417276,9,1340150
20418489,7,1340150
20419702,8,1340150
20420915,8,1340150
20422128,8,1340150
20423341,4,1340150
20424554,5,1337632
20425766,4,1337632
20426980,3,1337632
20428192,5,1337632
20429405,7,1337632
20430617,8,1337632
20431831,4,1337632
20433043,7,1337632
20434256,6,1337632
20435469,8,1337632
20436682,7,1336142
20437896,4,1336142
20439108,6,1336142
20440321,6,1336142
20441534,9,1336142
20442746,7,1336142
20443959,6,1336142
20445172,6,1336142
20446385,6,1336142
20447598,3,1334189
20448811,3,1334189
20450024,6,1334189
20451236,9,1334189
20452450,6,1334189
20453663,7,1334189
20454875,6,1334189
20456088,7,1334189
20457302,5,1334189
20458514,3,1339585
20459728,5,1339585
20460940,5,1339585
20462152,9,1339585
20463366,10,1339585
20464578,6,1339585
20465792,5,1339585
20467005,6,1339585
20468218,4,1339585
20469431,7,1340613
20470644,5,1340613
20471856,10,1340613
20473070,5,1340613
20474282,8,1340613
20475495,4,1340613
20482772,5,1340613
20483985,7,1340613
20485197,5,1340613
20486409,5,1340613
20487622,5,1340613
20488834,8,1340613
20490047,7,1340613
20491260,8,1340715
20492472,4,1340715
20493686,8,1340715
20494900,8,1340715
20496111,3,1340715
20497323,7,1340715
20498536,5,1340715
20499748,9,1340715
20500961,7,1340715
20502174,6,1338146
20503386,2,1338146
20504599,6,1338146
20505811,6,1338146
20507024,7,1338146
20508236,8,1338146
20509449,7,1338146
20510662,8,1338146
20511874,10,1338146
20513087,5,1340253
20514299,6,1340253
20515512,6,1340253
20516725,6,1340253
20517938,5,1340253
20519149,5,1340253
20520362,6,1340253
20521575,8,1340253
20522788,6,1340253
20524000,7,1336296
20525213,2,1336296
20526425,9,1336296
20527638,10,1336296
20528851,10,1336296
20530063,6,1336296
20531276,6,1336296
20532489,5,1336296
20533701,5,1336296
20534914,5,1338660
20536127,5,1332441
20537339,5,1332441
20538551,5,1332441
20539764,5,1332441
20540976,5,1332441
20542189,7,1332441
20543403,6,1332441
20544615,3,1332441
20545827,4,1332441
20547040,5,1334857
20548252,3,1334857
20549465,4,1334857
20550678,4,1334857
20551890,3,1334857
20553103,5,1334857
20554316,3,1334857
20555528,3,1334857
20556741,4,1334857
20557954,5,1337838
20559167,3,1337838
20567655,3,1337838
20568868,2,1335473
20570080,5,1335473
20571293,4,1335473
20572505,4,1335473
20573718,3,1335473
20574931,5,1335473
20576144,5,1335473
20577356,5,1335473
20578570,4,1335473
20579781,4,1335473
20580994,6,1335473
20582206,4,1335473
20583420,4,1335473
20584631,5,1335473
20585845,6,1335473
20587058,3,1335473
20588269,-1,1335473
20589482,5,1335473
20590695,4,1335317
20591907,4,1334805
20593120,3,1334805
20594332,5,1334805
20595545,6,1334805
20596758,5,1334805
20597971,3,1334805
20599183,6,1334805
20600397,4,1334805
20601609,6,1335016
20602822,3,1336296
20604034,7,1336296
20605247,5,1336296
20606459,3,1336296
20607673,3,1336296
20608885,4,1336296
20610098,3,1336296
20611311,3,1336296
20612524,6,1336296
20613736,8,1336296
20614949,7,1336296
20616162,7,1336296
20617374,3,1336296
20618587,6,1336296
20619800,5,1336296
20621013,5,1336296
20622226,7,1332698
20623439,6,1332698
20624652,2,1332698
20625864,5,1332698
20627078,3,1332698
20628291,8,1332698
20629503,6,1332698
20630716,6,1332698
20631930,5,1332698
20633142,7,1332698
20634355,7,1336244
20635568,4,1336244
20636780,4,1336244
20637993,5,1336244
20639206,3,1336244
20640419,5,1336244
20641631,7,1336244
20642845,7,1336244
20644057,8,1336244
20651334,2,1336244
20652547,6,1336244
20653760,6,1336244
20654973,6,1336244
20656186,7,1335268
20657398,5,1335268
20658612,6,1335268
20659825,8,1335268
20661038,8,1335268
20662250,7,1335268
20663463,6,1335268
20664676,6,1335268
20665888,7,1335268
20667102,3,1332390
20668314,5,1332390
20669527,7,1332390
20670741,10,1332390
20671953,6,1332390
20673166,8,1332390
20674379,3,1332390
20675591,4,1332390
20676804,3,1332390
20678018,6,1334291
20679230,8,1334291
20680443,7,1334291
20681656,4,1334291
20682868,8,1334291
20684082,6,1334291
20685295,6,1334291
20686507,6,1334291
20687720,7,1334291
20688933,7,1335319
20690146,3,1335319
20691358,4,1335319
20692571,5,1335319
20693785,7,1335319
20694997,5,1335319
20696210,4,1335319
20697422,7,1335319
20698635,5,1335319
20699848,7,1332184
20701060,3,1332184
20702274,4,1332184
20703486,4,1332184
20704699,8,1332184
20705912,7,1332184
20707124,7,1332184
20708337,4,1332184
20709550,8,1332184
20710762,6,1338506
20711975,5,1338506
20713188,7,1338506
20714401,7,1338506
20715613,5,1338506
20716827,5,1338506
20718039,10,1338506
20719252,6,1338506
20720465,5,1338506
20721678,6,1335936
20722891,4,1337683
20724103,5,1337683
20725316,4,1337683
20726528,3,1337683
20727741,0,1337683
20736231,4,1337683
20737445,6,1337683
20738657,4,1337683
20739870,5,1337683
20741083,4,1337683
20742295,6,1337683
20743508,6,1332390
20744721,7,1336810
20745934,3,1336810
20747147,4,1336810
20748359,5,1336810
20749572,6,1336810
20750785,5,1336810
20751998,4,1336810
20753211,3,1336810
20754423,4,1336810
20755636,4,1332544
20756848,4,1332544
20758062,3,1332544
20759275,5,1332544
20760487,2,1332544
20761700,4,1332544
20762913,5,1332544
20764126,4,1332544
20765338,5,1332544
20766551,3,1333058
20767764,1,1333058
20768976,3,1333058
20770189,6,1333058
20771403,3,1333058
20772615,4,1333058
20773828,5,1333058
20775040,6,1333058
20776253,3,1333058
20777467,1,1333058
20778679,3,1333058
20779891,5,1333058
20781104,5,1333058
20782317,4,1333058
20783530,5,1333058
20784743,4,1333058
20785955,5,1333058
20787168,4,1333058
20788381,4,1333116
20789594,2,1334908
20790807,4,1334908
20792019,4,1334908
20793232,8,1334908
20794444,6,1334908
20795658,5,1334908
20796870,2,1334908
20798083,4,1334908
20799296,3,1334818
20800509,4,1338146
20801722,4,1338146
20802935,4,1338146
20804147,3,1338146
20805360,5,1338146
20806574,3,1338146
20807786,4,1338146
20808999,5,1338146
20810212,5,1338146
20811424,5,1338146
20812637,6,1335011
20821127,4,1335011
20822340,6,1335011
20823553,7,1335011
20824765,4,1335011
20825978,7,1335011
20827191,8,1335011
20828404,6,1335011
20829616,10,1335011
20830829,8,1335011
20832042,10,1336398
20833255,4,1336398
20834468,6,1336398
20835681,9,1336398
20836893,8,1336398
20838106,6,1336398
20839319,5,1336398
20840532,5,1336398
20841745,6,1336398
20842958,3,1333829
20844171,5,1333829
20845383,7,1333829
20846597,7,1333829
20847809,4,1333829
20849022,7,1333829
20850235,7,1333829
20851448,7,1333829
20852660,8,1333829
20853873,6,1336450
20855086,3,1336450
20856299,5,1336450
20857512,6,1336450
20858724,10,1336450
20859937,8,1336450
20861149,7,1336450
20862362,8,1336450
20863576,7,1336450
20864788,3,1333983
20866001,6,1333983
20867214,7,1333983
20868426,5,1333983
20869640,2,1333983
20870852,6,1333983
20872065,6,1333983
20873278,7,1333983
20874490,4,1333983
20875703,7,1337015
20876917,4,1337015
20878129,6,1337015
20879342,7,1337015
20880555,7,1337015
20881767,6,1337015
20882980,10,1337015
20884193,6,1337015
20885406,5,1337015
20886619,7,1334959
20887831,4,1334959
20889045,7,1334959
20890257,5,1334959
20891470,5,1334959
20892683,7,1334959
20893895,5,1334959
20895108,7,1334959
20896320,6,1334959
20897533,6,1334959
20904810,10,1334959
20906023,6,1334959
20907235,8,1334959
20908448,6,1333778
20909662,4,1333778
20910874,6,1333778
20912086,7,1333778
20913299,7,1333778
20914512,5,1333778
20915724,5,1333778
20916938,7,1333778
20918150,6,1333778
20919363,4,1339019
20920576,4,1335319
20921789,4,1335319
20923002,5,1335319
20924214,3,1335319
20925426,6,1335319
20926639,3,1335319
20927853,4,1335319
20929065,5,1335319
20930277,3,1335319
20931491,4,1333675
20932703,3,1333675
20933916,5,1333675
20935128,3,1333675
20936342,5,1333675
20937554,3,1333675
20938767,4,1333675
20939979,4,1333675
20941193,4,1333675
20942405,4,1337426
20943618,5,1337426
20944830,1,1337426
20946043,5,1337426
20947256,0,1337426
20948469,3,1337426
20949682,5,1337426
20950895,4,1337426
20952107,5,1337426
20953319,4,1329358
20954532,3,1329358
20955745,3,1329358
20956957,2,1329358
20958171,3,1329358
20959384,5,1329358
20960597,6,1329358
20961809,4,1329358
20963021,5,1329358
20964234,7,1335114
20965447,5,1335114
20966660,5,1335114
20967872,7,1335114
20969085,4,1335114
20970298,5,1335114
20971511,3,1335114
20972724,4,1335114
20973936,5,1335114
20975149,3,1335156
20976361,1,1332596
20977575,3,1332596
20978788,5,1332596
20980000,5,1332596
20981212,5,1332596
20989701,17,1332596
20990915,6,1332596
20992127,9,1332596
20993340,7,1332596
20994553,9,1332596
20995765,7,1329512
20996978,5,1329555
20998191,6,1327251
20999404,4,1327251
21000616,3,1327251
21001830,3,1327251
21003042,5,1327251
21004255,3,1327251
21005468,3,1327251
21006680,5,1327251
21007894,3,1327251
21009106,4,1327251
21010319,8,1327251
21011532,6,1327251
21012745,4,1327251
21013958,7,1327251
21015170,8,1327251
21016383,9,1327251
21017595,6,1337118
21018808,3,1337118
21020022,5,1337118
21021234,6,1337118
21022446,6,1337118
21023659,9,1337118
21024872,7,1337118
21026085,4,1337118
21027298,5,1337118
21028510,2,1337118
21029723,8,1335936
21030935,3,1335936
21032148,4,1335936
21033362,8,1335936
21034574,7,1335936
21035787,7,1335936
21036999,8,1335936
21038213,6,1335936
21039425,8,1335936
21040637,6,1336501
21041850,4,1336501
21043063,6,1336501
21044276,8,1336501
21045489,5,1336501
21046702,5,1336501
21047914,5,1336501
21049127,7,1336501
21050339,8,1336501
21051553,7,1335679
21052765,6,1335679
21053978,6,1335679
21055191,4,1335679
21056404,6,1335679
21057616,7,1335679
21058828,7,1335679
21060041,6,1335679
21061254,6,1335679
21062467,4,1333572
21063680,4,1333572
21064892,9,1333572
21066105,5,1335165
21073381,9,1335108
21074594,3,1335108
21075807,4,1335108
21077019,8,1335108
21078232,3,1335108
21079445,8,1335108
21080657,8,1335108
21081870,8,1335108
21083083,9,1335108
21084295,6,1333572
21085509,0,1333572
21086721,9,1333572
21087934,9,1333572
21089147,7,1333572
21090359,4,1333572
21091572,4,1333572
21092785,4,1333572
21093998,8,1333572
21095211,6,1333572
21096423,4,1333572
21097636,6,1333572
21098849,4,1333572
21100062,8,1333572
21101274,9,1333572
21102487,6,1333572
21103699,6,1333572
21104912,6,1333572
21106125,5,1332698
21107338,4,1332698
21108551,11,1332698
21109764,5,1332698
21110976,7,1332698
21112189,7,1332698
21113402,7,1332698
21114615,5,1332698
21115827,8,1332698
21117040,10,1334959
21118254,2,1336707
21119466,3,1336707
21120679,4,1336707
21121891,3,1336707
21123104,4,1336707
21124317,2,1336707
21125529,6,1336707
21126742,6,1336707
21127955,6,1336707
21129168,6,1335371
21130381,5,1335371
21131594,7,1335371
21132807,4,1335371
21134019,3,1335371
21135232,9,1335371
21136444,5,1335371
21137657,3,1335371
21138870,5,1335371
21140083,4,1332647
21141296,4,1332647
21142509,5,1332647
21143721,3,1332647
21144934,4,1332647
21146146,5,1332647
21147359,4,1332647
21148572,5,1332647
21149784,4,1332647
21157176,6,1332647
21158273,8,1332647
21159486,5,1332647
21160698,7,1337889
21161912,3,1334446
21163124,4,1334446
21164337,3,1334446
21165549,2,1334446
21166762,3,1334446
21167975,4,1334446
21169188,3,1334446
21170401,4,1334446
21171613,4,1334446
21172826,4,1334447
21174038,7,1334703
21175251,4,1334703
21176463,4,1334703
21177677,1,1334703
21178890,4,1334703
21180102,4,1334703
21181314,5,1334703
21182527,5,1334703
21183740,7,1334744
21184953,5,1331928
21186166,4,1331928
21187378,3,1331928
21188591,3,1331928
21189803,5,1331928
21191016,2,1331928
21192230,4,1331928
21193442,5,1331928
21194655,3,1331928
21195867,4,1331928
21197081,6,1331928
21198293,6,1331928
21199505,4,1331928
21200718,9,1331928
21201931,5,1331928
21203144,4,1331928
21204356,6,1335114
21205570,3,1335114
21206782,5,1335114
21207995,4,1335114
21209207,7,1335114
21210420,6,1335114
21211633,6,1335114
21212846,8,1335114
21214058,6,1335114
21215271,5,1335114
21216484,4,1335473
21217696,6,1335473
21218909,8,1335473
21220122,8,1335473
21221335,6,1335473
21222547,9,1335473
21223760,7,1335473
21224973,7,1335473
21226186,7,1335473
21227399,6,1331516
21228612,3,1331516
21229824,6,1331516
21231037,7,1331516
21232250,7,1331516
21233462,4,1331516
21240739,11,1331516
21241952,6,1331516
21243164,8,1331516
21244377,10,1331516
21245589,7,1331516
21246803,9,1331516
21248015,9,1331516
21249228,6,1335114
21250441,4,1335114
21251654,6,1335114
21252866,9,1335114
21254079,5,1335114
21255292,6,1335114
21256505,4,1335114
21257717,7,1335114
21258930,5,1335114
21260143,8,1336861
21261356,5,1336861
21262568,5,1336861
21263781,3,1336861
21264995,6,1336861
21266207,6,1336861
21267420,8,1336861
21268633,8,1336861
21269846,6,1336861
21271058,6,1335987
21272271,3,1335987
21273484,4,1335987
21274696,8,1335987
21275910,6,1335987
21277122,6,1335987
21278335,7,1335987
21279547,6,1335987
21280760,6,1335987
21281974,8,1333880
21283186,6,1333880
21284399,6,1333880
21285611,6,1333880
21286824,7,1333880
21288038,6,1333880
21289250,10,1333880
21290464,4,1333880
21291676,7,1333880
21292888,5,1332030
21294101,5,1332030
21295314,8,1332030
21296527,7,1332030
21297740,11,1332030
21298952,5,1332030
21300166,5,1332030
21301378,7,1332030
21302590,9,1332030
21303804,6,1334497
21305016,5,1334497
21306228,4,1334497
21307441,7,1334497
21308654,5,1334497
21309867,9,1334497
21311079,5,1334497
21312293,7,1334497
21313505,5,1334497
21314718,7,1334600
21315930,3,1335833
21317143,7,1335833
21325632,2,1335833
21326845,5,1334240
21328058,5,1334240
21329270,1,1334240
21330483,4,1334240
21331696,6,1334240
21332908,5,1334240
21334122,4,1334240
21335334,4,1334240
21336547,3,1334240
21337759,3,1334703
21338972,6,1334703
21340185,5,1334703
21341398,4,1334703
21342611,2,1334703
21343823,6,1334703
21345036,7,1334703
21346249,5,1334703
21347461,4,1334703
21348674,4,1339379
21349888,6,1339379
21351100,5,1339379
21352313,6,1339379
21353526,4,1339379
21354739,11,1339379
21355951,4,1339379
21357163,4,1339379
21358377,5,1339379
21359590,6,1332236
21360803,3,1332236
21362015,2,1332236
21363227,5,1332236
21364440,3,1332236
21365653,5,1332236
21366865,4,1332236
21368078,4,1332236
21369291,4,1332236
21370505,5,1332224
21371717,3,1329152
21372930,2,1329152
21374143,4,1329152
21375355,7,1329152
21376568,4,1329152
21377781,4,1329152
21378994,5,1329152
21380206,4,1329152
21381419,2,1329366
21382632,4,1331414
21383844,8,1331414
21385057,3,1331414
21386270,2,1331414
21387482,4,1331414
21388695,5,1331414
21389908,4,1331414
21391120,2,1331414
21392333,3,1331414
21393546,3,1331414
21394759,5,1331414
21395972,9,1331414
21397185,7,1331414
21398398,7,1331414
21399610,5,1331414
21400823,9,1331414
21402036,6,1331414
21409312,1,1331414
21410525,5,1331414
21411738,13,1331414
21412950,8,1331414
21414163,6,1332955
21415376,5,1332955
21416589,6,1332955
21417801,6,1332955
21419015,8,1332955
21420227,8,1332955
21421441,9,1332955
21422653,4,1332955
21423866,5,1332955
21425079,5,1334291
21426292,5,1334291
21427505,7,1334291
21428717,5,1334291
21429930,6,1334291
21431142,7,1334291
21432355,6,1334291
21433568,8,1334291
21434781,5,1334291
21435994,8,1333932
21437206,4,1333932
21438419,8,1333932
21439631,8,1333932
21440845,9,1333932
21442058,5,1333932
21443270,7,1333932
21444483,5,1333932
21445696,8,1333932
21446908,7,1331054
21448121,5,1331054
21449334,6,1331054
21450547,7,1331054
21451760,5,1331054
21452972,9,1331054
21454185,7,1331054
21455398,4,1331054
21456611,6,1331054
21457824,8,1334754
21459036,0,1334754
21460249,6,1334754
21461463,8,1334754
21462675,7,1334754
21463887,6,1334754
21465100,4,1334754
21466313,7,1334754
21467526,7,1334754
21468738,10,1335062
21469951,4,1335062
21471164,7,1335062
21472377,10,1335062
21473589,7,1335062
21474802,8,1335062
21476015,6,1335062
21477228,7,1335062
21478441,6,1335062
21479654,7,1334600
21480866,4,1334600
21482079,4,1334600
21483292,5,1334600
21484505,5,1334600
21485717,5,1334600
21494206,3,1334600
21495420,7,1334600
21496632,6,1334600
21497845,6,1334600
21499058,6,1334600
21500270,6,1334600
21501483,5,1334240
21502695,5,1334240
21503908,4,1334240
21505122,9,1334240
21506334,10,1334240
21507547,7,1334240
21508759,5,1334240
21509972,8,1334240
21511185,7,1334240
21512398,7,1333726
21513610,3,1333367
21514823,3,1333367
21516035,5,1333367
21517248,3,1333367
21518460,3,1333367
21519674,5,1333367
21520886,4,1333367
21522099,4,1333367
21523311,4,1333367
21524524,5,1333572
21525736,8,1333572
21526950,5,1333572
21528162,4,1333572
21529375,4,1333572
21530588,4,1333572
21531800,5,1333572
21533012,7,1333572
21534225,5,1333572
21535438,5,1338814
21536651,3,1338814
21537863,4,1338814
21539076,3,1338814
21540289,5,1338814
21541502,4,1338814
21542714,5,1338814
21543927,5,1338814
21545139,5,1338814
21546352,3,1337015
21547564,5,1337015
21548777,6,1337015
21549990,4,1337015
21551203,2,1337015
21552415,3,1337015
21553628,3,1337015
21554842,3,1337015
21556054,5,1337015
21557267,5,1337015
21558479,3,1337015
21559692,7,1337015
21560905,3,1337015
21562118,4,1337015
21563330,5,1337015
21564543,2,1337015
21565755,2,1337015
21566968,4,1337015
21568181,5,1336878
21569393,5,1327662
21570606,7,1327662
21579095,2,1327638
21580308,3,1335062
21581521,4,1335062
21582733,8,1335062
21583946,5,1335062
21585159,2,1335062
21586371,4,1335062
21587585,3,1335062
21588797,5,1335062
21590010,5,1335062
21591223,6,1335062
21592436,11,1335062
21593648,5,1335062
21594861,5,1335062
21596074,5,1335062
21597286,7,1335062
21598498,5,1335062
21599711,8,1333469
21600924,5,1333469
21602137,6,1333469
21603350,7,1333469
21604563,5,1333469
21605775,7,1333469
21606988,4,1333469
21608201,5,1333469
21609413,6,1333469
21610626,9,1333469
21611839,8,1333007
21613051,4,1333007
21614264,5,1333007
21615477,5,1333007
21616689,6,1333007
21617902,7,1333007
21619115,5,1333007
21620328,6,1333007
21621541,7,1333007
21622753,5,1334446
21623966,6,1334446
21625179,5,1334446
21626391,9,1334446
21627605,9,1334446
21628818,8,1334446
21630030,5,1334446
21631243,8,1334446
21632456,7,1334446
21633669,8,1334908
21634881,4,1334908
21636094,4,1334908
21637307,5,1334908
21638520,7,1334908
21639732,10,1334908
21640945,5,1334908
21642157,6,1334908
21643370,5,1334908
21644583,6,1337426
21645797,6,1337426
21647008,7,1337426
21648222,6,1337426
21649435,10,1337426
21650646,7,1337426
21651859,6,1337426
21653072,7,1337426
21654285,5,1337426
21655498,4,1337426
21662775,3,1337426
21663988,6,1337426
21665200,6,1337426
21666413,8,1331670
21667625,4,1331670
21668839,6,1331670
21670051,6,1331670
21671264,8,1331670
21672477,6,1331670
21673689,6,1331670
21674902,6,1331670
21676115,7,1331670
21677328,7,1336450
21678540,7,1336450
21679754,4,1336450
21680967,4,1336450
21682179,7,1336450
21683392,5,1336450
21684604,5,1336450
21685817,6,1336450
21687030,5,1336450
21688243,5,1338351
21689456,3,1338351
21690669,10,1338351
21691881,8,1338351
21693094,5,1338351
21694307,7,1338351
21695519,8,1338351
21696732,12,1338351
21697946,7,1338351
21699158,7,1335114
21700370,4,1336090
21701583,4,1336090
21702796,4,1336090
21704009,6,1336090
21705221,3,1336090
21706434,6,1336090
21707648,6,1336090
21708860,4,1336090
21710072,3,1336090
21711285,5,1333418
21712499,5,1333418
21713711,3,1333418
21714924,3,1333418
21716137,5,1333418
21717349,3,1333418
21718562,4,1333418
21719774,4,1333418
21720987,4,1333418
21722200,4,1336193
21723413,4,1336193
21724626,3,1336193
21725838,1,1336193
21727051,6,1336193
21728264,4,1336193
21729478,3,1336193
21730689,4,1336193
21731902,4,1336193
21733115,4,1329152
21734329,5,1329152
21735541,8,1329152
21736754,5,1329152
21737966,5,1329152
21739179,4,1329152
21747668,9,1329152
21748882,7,1329152
21750094,7,1329152
21751307,9,1329152
21752520,9,1329152
21753732,10,1331516
21754945,4,1331533
21756158,5,1335885
21757370,2,1335885
21758583,3,1335885
21759796,3,1335885
21761009,4,1335885
21762222,4,1335885
21763434,8,1335885
21764646,3,1335885
21765859,4,1335929
21767072,4,1334137
21768284,2,1334137
21769498,4,1334137
21770710,5,1334137
21771923,4,1334137
21773135,3,1334137
21774348,7,1334137
21775560,5,1334137
21776773,1,1334137
21777986,5,1334137
21779199,7,1334137
21780412,3,1334137
21781624,6,1334137
21782837,6,1334137
21784050,8,1334137
21785262,6,1334137
21786475,7,1334137
21787688,4,1334137
21788899,4,1334137
21790113,6,1334137
21791326,8,1334137
21792538,6,1334137
21793751,7,1334137
21794964,5,1334137
21796177,6,1334137
21797390,7,1334137
21798602,6,1334651
21799815,5,1334651
21801027,6,1334651
21802241,7,1334651
21803454,6,1334651
21804665,10,1334651
21805878,8,1334651
21807091,6,1334651
21808305,4,1334651
21809516,5,1335987
21810729,5,1335987
21811942,7,1335987
21813155,8,1335987
21814367,8,1335987
21815581,4,1335987
21816794,4,1335987
21818006,6,1335987
21819219,8,1335987
21820432,9,1332904
21821644,5,1332904
21822856,8,1332904
21824069,6,1335114
21831346,5,1335114
21832559,0,1335114
21833772,10,1335114
21834985,3,1335114
21836197,3,1335114
21837410,7,1335114
21838622,4,1335114
21839835,3,1335114
21841048,4,1335114
21842262,4,1335114
21843473,3,1335114
21844687,7,1335114
21845899,5,1335114
21847113,6,1335114
21848326,8,1335114
21849538,8,1335114
21850750,8,1335114
21851963,6,1335114
21853176,4,1334600
21854388,3,1334600
21855601,6,1334600
21856814,7,1334600
21858027,8,1334600
21859239,5,1334600
21860452,6,1334600
21861666,9,1334600
21862878,9,1334600
21864091,6,1334446
21865303,3,1334446
21866516,7,1334446
21867728,9,1334446
21868941,6,1334446
21870154,8,1334446
21871367,7,1334446
21872579,8,1334446
21873792,4,1334446
21875006,6,1333418
21876218,5,1333418
21877430,7,1333418
21878643,6,1333418
21879856,5,1333418
21881070,4,1333418
21882282,5,1333418
21883494,5,1333418
21884708,5,1333418
21885920,7,1332853
21887133,4,1332853
21888346,6,1332853
21889558,8,1332853
21890772,5,1332853
21891984,8,1332853
21893197,7,1332853
21894410,4,1332853
21895622,4,1332853
21896835,8,1333521
21898048,3,1332236
21899260,5,1332236
21900474,4,1332236
21901687,4,1332236
21902899,4,1332236
21904112,4,1332236
21905325,4,1332236
21906537,7,1332236
21907750,5,1332236
21916240,2,1332236
21917453,9,1332236
21918666,6,1331414
21919879,4,1331414
21921091,4,1331414
21922305,4,1331414
21923517,2,1331414
21924730,7,1331414
21925943,5,1331414
21927155,4,1331414
21928368,5,1331414
21929582,3,1331414
21930793,3,1326891
21932007,3,1326891
21933219,5,1326891
21934432,6,1326891
21935645,4,1326891
21936858,2,1326891
21938071,4,1326891
21939283,4,1326891
21940497,3,1326891
21941709,4,1332750
21942922,3,1332750
21944135,4,1332750
21945348,3,1332750
21946561,4,1332750
21947774,3,1332750
21948986,3,1332750
21950198,3,1332750
21951411,3,1332750
21952624,4,1332881
21953838,3,1326737
21955050,5,1326737
21956263,5,1326737
21957476,3,1326737
21958688,4,1326737
21959901,4,1326737
21961114,4,1326737
21962327,5,1326737
21963539,6,1326662
21964753,5,1334086
21965965,6,1334086
21967177,5,1334086
21968390,5,1334086
21969604,3,1334086
21970816,5,1334086
21972029,7,1334086
21973241,4,1334086
21974454,-1,1334086
21975667,2,1334086
21976880,5,1334086
21978093,7,1334086
21979306,7,1334086
21980518,9,1334086
21981731,9,1334086
21982943,5,1334086
21984157,7,1334086
21985369,4,1334086
21986582,4,1334086
21987795,2,1334086
21989007,8,1334086
21990221,9,1334086
21991433,9,1334086
21992645,8,1334086
22001135,8,1334086
22002348,8,1334086
22003561,5,1334086
22004773,4,1334086
22005987,5,1334086
22007199,8,1331979
22008412,6,1331979
22009625,6,1331979
22010838,4,1331979
22012050,2,1331979
22013263,6,1331979
22014476,7,1331979
22015689,6,1331979
22016902,9,1331979
22018115,5,1335011
22019327,4,1335011
22020541,8,1335011
22021753,5,1335011
22022966,11,1335011
22024179,8,1335011
22025392,5,1335011
22026604,5,1335011
22027817,4,1335011
22029031,5,1333675
22030243,6,1333675
22031457,4,1333675
22032670,7,1333675
22033882,7,1333675
22035095,7,1333675
22036308,6,1333675
22037521,7,1333675
22038734,8,1333675
22039947,8,1333212
22041159,0,1333212
22042372,4,1333212
22043586,9,1333212
22044798,9,1333212
22046011,7,1333212
22047224,9,1333212
22048437,6,1333212
22049650,6,1333212
22050862,6,1337015
22052075,3,1337015
22053288,5,1337015
22054501,7,1337015
22055714,6,1337015
22056927,8,1337015
22058141,6,1337015
22059354,8,1337015
22060566,5,1337015
22061778,7,1331362
22062991,6,1331362
22064204,9,1331362
22065417,4,1331362
22066630,8,1331362
22067843,8,1331362
22069056,9,1331362
22070268,6,1331362
22071481,4,1331362
22072694,8,1333880
22073907,5,1333880
22075120,6,1333880
22076333,9,1333880
22077545,6,1327765
22084822,4,1327765
22086035,8,1327765
22087249,5,1327765
22088461,6,1327765
22089674,8,1327765
22090887,10,1327765
22092099,4,1327765
22093312,7,1327765
22094525,8,1335628
22095738,6,1334291
22096951,4,1334291
22098163,4,1334291
22099376,4,1334291
22100590,5,1334291
22101803,3,1334291
22103015,5,1334291
22104227,2,1334291
22105440,3,1334291
22106654,5,1332955
22107866,3,1332955
22109079,4,1332955
22110292,5,1332955
22111505,2,1332955
22112718,4,1332955
22113930,5,1332955
22115143,3,1332955
22116356,6,1332955
22117569,4,1332955
22118782,4,1332955
22119994,2,1332955
22121207,6,1332955
22122420,6,1332955
22123633,5,1332955
22124846,3,1332955
22126059,-1,1332955
22127271,2,1332955
22128485,0,1333778
22129698,4,1333778
22130910,5,1333778
22132123,2,1333778
22133336,3,1333778
22134549,5,1333778
22135761,6,1333778
22136975,4,1333778
22138187,4,1333778
22139400,3,1333367
22140614,4,1333367
22141826,4,1333367
22143039,6,1333367
22144252,5,1333367
22145465,4,1333367
22146678,2,1333367
22147891,4,1333367
22149103,4,1333367
22150316,2,1333406
22151528,5,1330078
22152741,5,1330078
22153955,7,1330078
22155167,5,1330078
22156380,4,1330078
22157593,4,1330078
22158806,3,1330078
22160019,6,1330078
22161232,6,1330078
22169721,5,1330078
22170935,7,1331722
22172147,4,1331722
22173360,4,1331722
22174573,4,1331722
22175786,5,1331722
22176999,4,1331722
22178212,8,1331722
22179425,9,1331722
22180637,8,1331722
22181850,8,1332338
22183063,4,1332338
22184276,4,1332338
22185489,6,1332338
22186702,8,1332338
22187914,9,1332338
22189127,3,1332338
22190340,7,1332338
22191553,6,1332338
22192766,5,1332338
22193979,9,1331773
22195192,5,1331773
22196404,6,1331773
22197618,5,1331773
22198831,3,1331773
22200043,9,1331773
22201257,7,1331773
22202470,8,1331773
22203681,4,1331773
22204895,7,1332338
22206107,3,1332338
22207320,5,1332338
22208533,5,1332338
22209746,9,1332338
22210959,6,1332338
22212171,5,1332338
22213384,7,1332338
22214597,7,1332338
22215810,4,1333932
22217022,5,1333932
22218235,4,1333932
22219448,6,1333932
22220661,7,1333932
22221873,6,1333932
22223087,6,1333932
22224299,7,1333932
22225513,7,1333932
22226725,6,1331825
22227938,3,1331825
22229151,6,1331825
22230363,8,1331825
22231576,9,1331825
22232789,4,1331825
22234002,5,1331825
22235215,6,1331825
22236427,9,1331825
22237641,5,1336964
22238853,4,1336964
22240066,5,1336964
22241279,6,1336964
22242492,6,1336964
22243704,8,1336964
22244917,8,1336964
22246130,7,1336964
22253407,8,1336964
22254620,5,1336964
22255834,6,1336964
22257046,8,1336964
22258259,5,1336964
22259471,6,1333726
22260684,5,1333726
22261899,6,1333726
22263110,8,1333726
22264323,6,1333726
22265536,5,1333726
22266748,6,1333726
22267962,7,1333726
22269175,5,1333726
22270387,2,1334549
22271600,4,1334549
22272813,7,1334549
22274026,5,1334549
22275239,6,1334549
22276451,5,1334549
22277664,5,1334549
22278877,6,1334549
22280090,9,1334549
22281303,5,1332082
22282516,5,1332082
22283728,9,1332082
22284942,8,1332082
22286154,7,1332082
22287367,4,1332082
22288579,7,1332082
22289792,6,1332082
22291006,7,1332082
22292218,6,1335114
22293431,8,1333726
22294644,6,1333726
22295857,4,1333726
22297070,2,1333726
22298282,4,1333726
22299496,4,1333726
22300708,5,1333726
22301921,4,1333726
22303134,5,1333726
22304347,3,1333212
22305560,5,1333212
22306773,4,1333212
22307986,6,1333212
22309198,8,1333212
22310411,4,1333212
22311625,4,1333212
22312837,2,1333212
22314050,3,1333212
22315263,5,1333212
22316476,3,1333212
22317688,2,1333212
22318901,5,1333212
22320114,5,1333212
22321327,4,1333212
22322540,6,1333212
22323753,5,1333212
22324965,4,1333212
22326179,4,1341229
22327391,4,1341229
22328605,4,1341229
22329817,4,1341298
22337176,8,1341298
22338308,9,1341298
22339521,7,1341298
22340733,9,1341298
22341946,7,1341298
22343159,7,1341298
22344372,6,1341298
22345585,8,1341298
22346797,5,1332338
22348010,5,1332293
22349224,8,1333829
22350436,7,1333829
22351650,4,1333829
22352862,4,1333829
22354075,3,1333829
22355288,3,1333829
22356501,4,1333829
22357713,4,1333829
22358926,6,1333928
22360139,5,1332904
22361352,2,1332904
22362564,5,1332904
22363778,5,1332904
22364991,5,1332904
22366204,0,1332904
22367416,6,1332904
22368629,4,1332904
22369842,5,1332904
22371055,4,1332904
22372269,6,1332904
22373481,5,1332904
22374693,8,1332904
22375907,6,1332904
22377119,7,1332904
22378333,7,1332904
22379545,7,1331722
22380759,4,1331722
22381971,6,1331722
22383184,7,1331722
22384397,5,1331722
22385610,5,1331722
22386823,5,1331722
22388035,8,1331722
22389249,7,1331722
22390462,4,1331722
22391674,6,1332750
22392887,4,1332750
22394100,4,1332750
22395313,7,1332750
22396526,5,1332750
22397739,10,1332750
22398953,5,1332750
22400165,5,1332750
22401378,3,1332750
22402591,7,1331619
22403804,3,1331619
22405016,6,1331619
22406230,5,1331619
22407442,4,1331619
22408656,4,1331619
22409868,6,1331619
22411081,7,1331619
22412294,8,1331619
22413507,7,1331619
22420784,0,1331619
22421997,8,1331619
22423210,7,1331619
22424423,5,1334497
22425635,5,1334497
22426848,6,1334497
22428060,6,1334497
22429274,6,1334497
22430487,5,1334497
22431699,7,1334497
22432912,8,1334497
22434124,9,1334497
22435337,8,1338300
22436550,5,1338300
22437763,4,1338300
22438976,5,1338300
22440188,6,1338300
22441401,6,1338300
22442614,5,1338300
22443826,5,1338300
22445039,6,1338300
22446251,7,1335062
22447464,4,1335062
22448678,7,1335062
22449890,6,1335062
22451103,6,1335062
22452315,7,1335062
22453528,6,1335062
22454741,11,1335062
22455953,5,1335062
22457166,6,1332287
22458379,4,1332287
22459592,3,1332287
22460805,9,1332287
22462017,6,1332287
22463230,5,1332287
22464443,9,1332287
22465655,8,1332287
22466868,8,1332287
22468081,6,1332184
22469294,2,1332184
22470506,4,1332184
22471718,8,1332184
22472931,7,1332184
22474145,8,1332184
22475358,8,1332184
22476570,8,1332184
22477783,4,1332184
22478995,6,1333315
22480208,5,1333315
22481421,7,1333315
22482634,7,1333315
22483847,7,1333315
22485060,5,1333315
22486272,5,1333315
22487486,5,1333315
22488698,3,1333315
22489911,5,1334343
22491124,4,1332493
22492337,5,1332493
22493550,5,1332493
22494763,3,1332493
22495976,3,1332493
22497189,4,1332493
22505679,13,1332493
22506892,9,1332493
22508105,6,1332493
22509318,8,1332493
22510530,6,1332493
22511744,6,1330797
22512957,6,1330797
22514169,3,1330797
22515382,4,1330797
22516595,3,1330797
22517808,4,1330797
22519021,4,1330797
22520234,7,1330797
22521446,5,1330797
22522660,3,1330797
22523873,4,1333469
22525085,2,1333469
22526298,5,1333469
22527511,2,1333469
22528724,4,1333469
22529937,5,1333469
22531150,4,1333469
22532363,3,1333469
22533575,2,1333469
22534788,4,1334035
22536001,3,1334035
22537215,5,1334035
22538427,5,1334035
22539640,3,1334035
22540853,2,1334035
22542065,5,1334035
22543279,6,1334035
22544492,3,1334035
22545705,4,1334035
22546918,0,1334291
22548130,4,1334291
22549343,3,1334291
22550556,4,1334291
22551769,3,1334291
22552982,4,1334291
22554194,4,1334291
22555407,4,1334291
22556621,5,1334379
22557834,6,1330283
22559046,4,1330283
22560260,3,1330283
22561473,3,1330283
22562686,4,1330283
22563899,3,1330283
22565111,4,1330283
22566324,4,1330283
22567536,6,1330283
22568749,4,1330283
22569963,6,1330283
22571175,8,1330283
22572389,6,1330283
22573601,10,1330283
22574814,6,1330283
22576027,7,1330283
22577240,8,1338762
22578452,4,1338762
22579666,4,1338762
22580878,7,1338762
22582091,2,1334240
22589369,9,1333572
22590581,2,1333572
22591794,5,1333572
22593007,5,1333572
22594219,4,1333572
22595432,9,1333572
22596645,5,1333572
22597858,4,1333572
22599071,4,1333572
22600283,4,1333572
22601496,5,1333572
22602709,6,1333572
22603922,8,1333572
22605134,9,1333572
22606347,7,1333572
22607561,9,1333572
22608773,5,1333572
22609986,6,1333572
22611199,7,1328227
22612411,4,1328227
22613624,10,1328227
22614837,9,1328227
22616050,7,1328227
22617263,5,1328227
22618475,5,1328227
22619688,6,1328227
22620901,7,1328227
22622114,6,1332904
22623327,4,1332904
22624539,6,1332904
22625752,5,1332904
22626966,5,1332904
22628178,7,1332904
22629391,7,1332904
22630604,4,1332904
22631816,6,1332904
22633030,5,1334805
22634242,7,1334805
22635455,7,1334805
22636668,7,1334805
22637881,6,1334805
22639094,7,1334805
22640307,8,1334805
22641519,6,1334805
22642732,10,1334805
22643945,5,1335217
22645158,4,1335217
22646371,3,1335217
22647584,6,1335217
22648797,7,1335217
22650010,7,1335217
22651223,4,1335217
22652436,10,1335217
22653649,10,1335217
22654862,6,1336039
22656075,3,1336039
22657287,6,1336039
22658501,8,1336039
22659713,4,1336039
22660926,5,1336039
22662139,7,1336039
22663352,4,1336039
22664565,8,1336039
22665778,4,1336039
22673176,3,1336039
22674268,6,1336039
22675481,5,1336039
22676694,6,1334651
22677908,4,1334651
22679120,10,1334651
22680333,11,1334651
22681546,6,1334651
22682758,5,1334651
22683971,6,1334651
22685183,6,1334651
22686397,8,1334651
22687609,6,1333418
22688822,5,1334446
22690035,6,1334446
22691247,4,1334446
22692460,3,1334446
22693673,3,1334446
22694886,3,1334446
22696098,2,1334446
22697311,3,1334446
22698524,3,1334446
22699736,10,1329820
22700948,5,1329820
22702162,5,1329820
22703374,2,1329820
22704587,4,1329820
22705800,1,1329820
22707012,6,1329820
22708226,3,1329820
22709438,5,1329820
22710651,5,1329820
22711863,1,1329820
22713075,4,1329820
22714289,5,1329820
22715502,5,1329820
22716713,5,1329820
22717926,4,1329820
22719139,4,1329820
22720352,3,1329820
22721564,6,1332236
22722776,7,1332236
22723989,8,1332236
22725201,5,1332236
22726414,3,1332236
22727627,0,1332236
22728840,2,1332236
22730053,6,1332236
22731264,4,1332236
22732477,2,1333572
22733689,2,1333572
22734902,2,1333572
22736115,4,1333572
22737327,5,1333572
22738540,6,1333572
22739753,7,1333572
22740965,3,1333572
22742178,3,1333572
22743390,5,1333520
22744603,4,1333264
22745815,5,1333264
22747028,4,1333264
22748240,4,1333264
22749453,8,1333264
22757941,6,1333264
22759153,8,1333264
22760366,7,1333264
22761578,6,1333264
22762790,6,1333264
22764003,5,1335319
22765216,2,1335319
22766428,7,1335319
22767641,8,1335319
22768854,4,1335319
22770066,5,1335319
22771278,7,1335319
22772490,5,1335319
22773704,8,1335319
22774916,6,1335268
22776129,6,1335268
22777341,4,1335268
22778553,4,1335268
22779766,5,1335268
22780978,8,1335268
22782191,7,1335268
22783403,7,1335268
22784616,5,1335268
22785828,7,1335268
22787041,7,1332904
22788253,5,1332904
22789466,5,1332904
22790678,5,1332904
22791891,4,1332904
22793104,6,1332904
22794317,7,1332904
22795530,9,1332904
22796742,8,1332904
22797954,8,1334703
22799167,6,1334703
22800379,7,1334703
22801593,6,1334703
22802806,9,1334703
22804018,4,1334703
22805231,5,1334703
22806444,5,1334703
22807656,10,1334703
22808869,8,1335833
22810082,5,1335833
22811294,7,1335833
22812507,3,1335833
22813719,6,1335833
22814932,6,1335833
22816146,6,1335833
22817358,7,1335833
22818570,8,1335833
22819783,3,1335268
22820996,3,1335268
22822208,5,1335268
22823421,6,1335268
22824634,7,1335268
22825847,7,1335268
22827059,6,1335268
22828271,7,1335268
22829484,7,1335268
22830697,6,1334908
22831910,5,1334908
22833122,6,1334908
22834334,3,1334703
22841610,-4,1334703
22842823,14,1334703
22844036,8,1334703
22845248,8,1334703
22846461,8,1334703
22847674,6,1334703
22848886,6,1334703
22850099,4,1334703
22851311,9,1334703
22852524,9,1334959
22853736,7,1334959
22854950,4,1334959
22856161,7,1334959
22857374,8,1334959
22858587,10,1334959
22859799,7,1334959
22861013,6,1334959
22862225,4,1334959
22863437,7,1336707
22864651,4,1336707
22865863,7,1336707
22867075,7,1336707
22868289,9,1336707
22869501,8,1336707
22870714,4,1336707
22871926,4,1336707
22873139,6,1336707
22874351,7,1334754
22875564,6,1330643
22876777,4,1330643
22877989,5,1330643
22879202,3,1330643
22880415,3,1330643
22881628,4,1330643
22882841,4,1330643
22884053,5,1330643
22885266,2,1330643
22886479,6,1336142
22887691,5,1336142
22888903,5,1336142
22890116,4,1336142
22891329,3,1336142
22892541,8,1336142
22893754,5,1336142
22894967,5,1336142
22896180,7,1336142
22897392,5,1333315
22898605,3,1333315
22899818,1,1333315
22901030,4,1333315
22902242,6,1333315
22903456,4,1333315
22904668,3,1333315
22905880,5,1333315
22907093,2,1333315
22908306,3,1333007
22909519,3,1333007
22910732,10,1333007
22911945,6,1333007
22913156,5,1333007
22914369,4,1333007
22915583,3,1333007
22916794,-1,1333007
22918007,9,1333007
22925283,3,1333007
22926495,2,1333007
22927708,7,1333007
22928921,5,1337170
22930134,4,1337307
22931346,7,1332955
22932559,3,1332955
22933772,5,1332955
22934984,4,1332955
22936197,4,1332955
22937410,5,1332955
22938623,4,1332955
22939835,4,1332955
22941048,7,1332859
22942260,4,1334651
22943473,2,1334651
22944685,4,1334651
22945900,4,1334651
22947111,5,1334651
22948324,5,1334651
22949536,5,1334651
22950749,3,1334651
22951961,5,1334660
22953175,4,1336964
22954387,5,1336964
22955600,4,1336964
22956812,4,1336964
22958026,3,1336964
22959237,7,1336964
22960451,4,1336964
22961663,4,1336964
22962875,6,1336964
22964088,4,1336964
22965302,5,1336964
22966513,4,1336964
22967726,7,1336964
22968939,6,1336964
22970151,10,1336964
22971364,6,1336964
22972577,6,1334240
22973789,3,1334240
22975002,4,1334240
22976215,8,1334240
22977428,9,1334240
22978640,5,1334240
22979852,5,1334240
22981066,6,1334240
22982278,9,1334240
22983490,9,1334240
22984703,7,1334754
22985916,3,1334754
22987128,6,1334754
22988341,6,1334754
22989554,7,1334754
22990766,8,1334754
22991979,6,1334754
22993192,5,1334754
22994405,4,1334754
22995617,6,1333829
22996829,4,1333829
22998043,8,1333829
22999255,7,1333829
23000468,5,1333829
23001680,8,1333829
23010169,4,1333829
23011382,6,1333829
23012594,8,1333829
23013807,6,1333829
23015020,5,1333829
23016232,6,1333829
23017445,5,1334035
23018658,5,1334035
23019871,7,1334035
23021083,5,1334035
23022296,3,1334035
23023509,5,1334035
23024722,6,1334035
23025935,7,1334035
23027147,7,1334035
23028361,4,1333007
23029573,3,1333007
23030786,4,1333007
23031998,3,1333007
23033210,8,1333007
23034423,10,1333007
23035637,6,1333007
23036848,5,1333007
23038062,7,1333007
23039274,10,1331876
23040487,5,1331876
23041700,5,1331876
23042912,7,1331876
23044125,4,1331876
23045338,6,1331876
23046550,7,1331876
23047763,8,1331876
23048976,10,1331876
23050188,9,1337580
23051401,4,1337580
23052614,4,1337580
23053826,6,1337580
23055039,8,1337580
23056252,7,1337580
23057465,6,1337580
23058678,7,1337580
23059890,7,1337580
23061102,9,1336244
23062315,5,1336244
23063527,6,1336244
23064740,10,1336244
23065953,4,1336244
23067166,6,1336244
23068378,7,1336244
23069590,9,1336244
23070803,5,1336244
23072016,7,1330488
23073228,6,1333829
23074441,5,1333829
23075654,5,1333829
23076867,4,1333829
23078079,3,1333829
23079292,4,1333829
23080504,3,1333829
23081717,4,1333829
23082930,3,1333829
23084142,4,1336604
23085355,4,1336604
23086567,5,1336604
23095055,6,1336604
23096268,1,1336604
23097481,2,1336604
23098693,4,1336604
23099906,4,1336604
23101119,4,1336604
23102332,4,1336604
23103544,7,1336604
23104756,2,1336604
23105970,3,1336810
23107183,4,1336810
23108395,4,1336810
23109607,3,1336810
23110820,2,1336810
23112033,5,1336810
23113246,4,1336810
23114458,6,1336810
23115671,1,1336810
23116883,3,1331928
23118097,4,1331928
23119309,4,1331928
23120521,5,1331928
23121734,9,1331928
23122947,4,1331928
23124159,5,1331928
23125372,2,1331928
23126584,3,1331928
23127797,5,1331941
23129010,7,1335525
23130223,3,1335525
23131435,8,1335525
23132648,4,1335525
23133860,5,1335525
23135073,4,1335525
23136285,7,1335525
23137498,4,1335525
23138711,2,1335352
23139924,3,1330488
23141137,3,1330488
23142349,6,1330488
23143562,4,1330488
23144775,2,1330488
23145987,5,1330488
23147199,6,1330488
23148412,5,1330488
23149624,1,1330488
23150837,3,1330488
23152050,8,1330488
23153263,7,1330488
23154476,5,1330488
23155688,6,1330488
23156900,8,1330488
23158113,6,1330488
23159326,8,1334394
23160539,6,1334394
23161752,3,1334394
23162964,7,1334394
23164177,8,1334394
23165390,6,1334394
23166602,8,1334394
23167814,3,1334394
23169027,4,1334394
23170240,5,1334394
23171452,4,1334394
23178729,8,1334394
23179942,5,1334394
23181154,7,1334394
23182367,5,1334857
23183580,2,1334857
23184792,7,1334857
23186005,5,1334857
23187218,6,1334857
23188430,7,1334857
23189643,5,1334857
23190855,5,1334857
23192068,7,1334857
23193281,6,1337632
23194494,3,1337632
23195706,5,1337632
23196919,5,1337632
23198132,5,1337632
23199344,7,1337632
23200557,7,1337632
23201770,4,1337632
23202983,8,1337632
23204195,5,1337632
23205408,4,1337632
23206621,8,1337632
23207833,7,1337632
23209046,7,1337632
23210259,6,1337632
23211472,3,1337632
23212684,6,1337632
23213897,4,1337632
23215110,5,1335987
23216323,5,1335987
23217534,7,1335987
23218747,5,1335987
23219960,6,1335987
23221172,8,1335987
23222386,7,1335987
23223599,8,1335987
23224810,4,1335987
23226023,6,1334908
23227236,7,1334908
23228449,6,1334908
23229661,7,1334908
23230874,6,1334908
23232087,7,1334908
23233299,4,1334908
23234513,8,1334908
23235725,5,1334908
23236938,8,1334137
23238150,5,1334137
23239363,7,1334137
23240576,8,1334137
23241788,3,1334137
23243001,7,1334137
23244214,7,1334137
23245426,9,1334137
23246639,5,1334137
23247851,8,1333212
23249064,2,1333212
23250277,8,1333212
23251490,5,1333212
23252702,7,1333212
23253915,8,1333212
23255127,4,1333212
23262404,8,1333212
23263617,7,1333212
23264829,6,1333212
23266042,10,1333212
23267255,7,1333212
23268468,3,1333212
23269680,6,1335165
23270892,4,1336193
23272106,2,1336193
23273317,7,1336193
23274530,6,1336193
23275744,4,1336193
23276957,3,1336193
23278168,2,1336193
23279381,4,1336193
23280594,4,1336193
23281806,3,1336604
23283019,2,1336604
23284232,9,1336604
23285445,7,1336604
23286657,4,1336604
23287871,5,1336604
23289083,5,1336604
23290296,3,1336604
23291509,3,1336604
23292722,3,1339379
23293935,5,1339379
23295147,5,1339379
23296360,3,1339379
23297573,6,1339379
23298786,5,1339379
23299999,4,1339379
23301212,4,1339379
23302424,6,1339379
23303637,3,1329307
23304850,3,1329307
23306063,4,1329307
23307276,4,1329307
23308489,4,1329307
23309701,8,1329307
23310914,4,1329307
23312127,3,1329307
23313340,4,1329307
23314553,5,1334754
23315765,6,1334754
23316979,4,1334754
23318191,3,1334754
23319404,5,1334754
23320618,4,1334754
23321830,-1,1334754
23323043,8,1334754
23324255,6,1334754
23325469,4,1334701
23326682,3,1334189
23327895,4,1334189
23329107,3,1334189
23330320,4,1334189
23331533,7,1334189
23332746,4,1334189
23333958,5,1334189
23335170,5,1334189
23336383,2,1334243
23337596,5,1335011
23338809,4,1335011
23346176,7,1335011
23347298,7,1335011
23348510,-2,1335011
23349723,7,1335011
23350937,5,1335011
23352149,3,1335011
23353361,1,1335011
23354574,6,1335011
23355787,3,1335011
23357000,4,1335011
23358212,6,1335011
23359425,6,1335011
23360638,4,1335011
23361850,6,1335011
23363063,6,1335011
23364276,6,1335011
23365489,6,1335011
23366701,9,1335011
23367914,8,1335011
23369127,6,1338248
23370340,5,1338248
23371552,6,1338248
23372765,5,1338248
23373978,8,1338248
23375190,7,1338248
23376403,8,1338248
23377615,5,1338248
23378829,3,1338248
23380041,7,1334394
23381253,4,1334394
23382466,8,1334394
23383679,8,1334394
23384891,8,1334394
23386104,7,1334394
23387318,5,1334394
23388530,8,1334394
23389742,9,1334394
23390955,4,1335782
23392168,3,1335782
23393381,4,1335782
23394593,5,1335782
23395806,5,1335782
23397019,8,1335782
23398232,9,1335782
23399445,6,1335782
23400657,5,1335782
23401870,6,1335679
23403083,4,1335679
23404295,6,1335679
23405508,7,1335679
23406721,5,1335679
23407934,5,1335679
23409147,5,1335679
23410359,6,1335679
23411572,12,1335679
23412784,4,1336244
23413998,5,1336244
23415210,5,1336244
23416423,9,1336244
23417635,10,1336244
23418849,6,1336244
23420061,5,1336244
23421274,7,1336244
23422487,6,1336244
23429763,2,1336244
23430976,6,1336244
23432189,8,1336244
23433402,10,1336244
23434614,8,1331465
23435827,4,1331465
23437040,9,1331465
23438253,5,1331465
23439466,8,1331465
23440679,8,1331465
23441891,7,1331465
23443103,7,1331465
23444316,7,1331465
23445529,7,1333418
23446741,7,1333418
23447954,4,1333418
23449167,8,1333418
23450379,4,1333418
23451592,7,1333418
23452805,4,1333418
23454018,8,1333418
23455230,11,1333418
23456443,5,1333264
23457656,5,1334908
23458868,4,1334908
23460081,3,1334908
23461293,5,1334908
23462507,4,1334908
23463719,4,1334908
23464931,4,1334908
23466144,4,1334908
23467357,4,1334908
23468570,5,1335422
23469782,6,1335422
23470995,6,1335422
23472207,8,1335422
23473420,4,1335422
23474633,3,1335422
23475846,5,1335422
23477058,4,1335422
23478270,4,1335422
23479483,3,1328330
23480696,3,1328330
23481909,4,1328330
23483121,3,1328330
23484334,6,1328330
23485547,5,1328330
23486759,3,1328330
23487972,6,1328330
23489185,6,1328330
23490397,4,1334651
23491609,4,1334651
23492823,5,1334651
23494035,4,1334651
23495248,3,1334651
23496460,2,1334651
23497673,7,1334651
23498886,6,1334651
23500099,6,1334651
23501311,5,1333675
23502523,5,1333675
23503736,9,1333675
23504949,3,1333675
23506161,10,1333675
23514651,7,1333675
23515863,7,1333675
23517075,5,1333675
23518288,6,1333675
23519501,6,1333675
23520713,9,1333675
23521927,5,1340561
23523140,3,1340491
23524352,2,1335371
23525565,4,1335371
23526778,3,1335371
23527990,5,1335371
23529202,4,1335371
23530415,5,1335371
23531627,4,1335371
23532840,4,1335371
23534053,5,1335315
23535265,5,1335315
23536478,6,1335315
23537691,3,1335315
23538903,4,1335315
23540116,8,1335315
23541328,6,1335315
23542541,7,1335315
23543754,8,1334035
23544966,2,1334035
23546179,5,1334035
23547392,5,1334035
23548605,8,1334035
23549817,7,1334035
23551030,5,1334035
23552242,5,1334035
23553454,4,1334035
23554667,6,1334035
23555880,7,1335371
23557092,1,1335371
23558306,5,1335371
23559518,5,1335371
23560731,5,1335371
23561943,6,1335371
23563155,7,1335371
23564368,8,1335371
23565581,8,1335371
23566794,6,1335062
23568006,4,1335062
23569219,8,1335062
23570431,12,1335062
23571644,8,1335062
23572856,6,1335062
23574070,7,1335062
23575282,4,1335062
23576494,6,1335062
23577707,9,1331979
23578920,4,1331979
23580132,6,1331979
23581346,5,1331979
23582558,5,1331979
23583771,4,1331979
23584984,8,1331979
23586196,6,1331979
23587408,8,1331979
23588621,9,1335525
23589834,4,1335525
23591046,7,1335525
23598323,3,1335525
23599536,6,1333829
23600748,5,1333829
23601962,9,1333829
23603174,7,1333829
23604387,4,1333829
23605600,6,1333829
23606812,8,1333829
23608025,7,1333829
23609237,6,1333829
23610450,5,1336090
23611663,5,1336090
23612876,5,1336090
23614088,6,1336090
23615302,7,1336090
23616514,10,1336090
23617727,7,1336090
23618940,6,1336090
23620152,4,1336090
23621365,8,1335525
23622578,6,1335525
23623791,6,1335525
23625003,5,1335525
23626215,8,1335525
23627429,10,1335525
23628641,8,1335525
23629854,7,1335525
23631066,7,1335525
23632279,4,1340972
23633492,5,1340972
23634705,8,1340972
23635918,8,1340972
23637129,6,1340972
23638343,7,1340972
23639555,5,1340972
23640768,4,1340972
23641980,8,1340972
23643193,10,1334754
23644406,5,1334754
23645618,5,1334754
23646832,3,1334754
23648044,8,1334754
23649257,5,1334754
23650470,4,1334754
23651682,10,1334754
23652895,8,1334754
23654107,7,1333932
23655320,4,1334754
23656532,6,1334754
23657745,5,1334754
23658958,5,1334754
23660171,5,1334754
23661383,3,1334754
23662596,5,1334754
23663809,4,1334754
23665022,6,1334754
23666235,10,1330694
23667447,4,1330694
23668660,1,1330694
23669872,6,1330694
23671085,4,1330694
23672298,5,1330694
23673511,5,1330694
23674723,8,1330694
23683212,6,1330694
23684425,5,1330694
23685637,5,1330694
23686850,6,1337375
23688063,5,1332287
23689275,1,1332287
23690488,2,1332287
23691700,3,1332287
23692914,4,1332287
23694126,5,1332287
23695339,4,1332287
23696551,3,1332287
23697764,3,1332287
23698977,4,1335062
23700189,4,1335062
23701402,2,1335062
23702615,6,1335062
23703828,4,1335062
23705040,4,1335062
23706253,4,1335062
23707465,4,1335062
23708679,4,1335062
23709891,3,1335258
23711104,4,1332698
23712316,3,1332698
23713529,7,1332698
23714742,4,1332698
23715955,4,1332698
23717167,6,1332698
23718380,4,1332698
23719593,4,1332698
23720806,0,1332700
23722018,6,1333212
23723230,9,1333212
23724443,5,1333212
23725656,3,1333212
23726868,3,1333212
23728081,3,1333212
23729294,3,1333212
23730507,3,1333212
23731719,4,1333212
23732931,4,1333212
23734144,8,1333212
23735357,6,1333212
23736569,7,1333212
23737781,5,1333212
23738994,8,1333212
23740207,6,1333212
23741419,6,1328073
23742632,4,1328073
23743845,3,1328073
23745057,7,1328073
23746270,7,1328073
23747482,3,1328073
23748696,6,1328073
23749908,5,1328073
23751120,4,1328073
23752333,7,1328073
23753546,8,1336604
23754759,3,1336604
23755971,7,1336604
23757184,4,1336604
23758397,5,1336604
23759609,6,1336604
23768098,5,1336604
23769310,7,1336604
23770523,7,1336604
23771736,11,1336604
23772948,5,1336604
23774160,9,1336604
23775374,6,1335987
23776586,6,1335987
23777799,5,1335987
23779011,7,1335987
23780225,5,1335987
23781437,11,1335987
23782649,11,1335987
23783862,9,1335987
23785074,7,1335987
23786287,5,1335473
23787500,2,1335473
23788713,7,1335473
23789925,7,1335473
23791137,7,1335473
23792350,5,1335473
23793563,8,1335473
23794776,7,1335473
23795988,8,1335473
23797202,5,1334446
23798414,2,1334446
23799627,6,1334446
23800839,6,1334446
23802053,7,1334446
23803265,9,1334446
23804478,7,1334446
23805690,7,1334446
23806903,5,1334446
23808115,3,1333161
23809328,4,1333161
23810541,6,1333161
23811754,6,1333161
23812967,5,1333161
23814179,7,1333161
23815392,4,1333161
23816605,4,1333161
23817818,7,1333161
23819030,7,1335114
23820242,3,1335114
23821456,5,1335114
23822668,6,1335114
23823880,6,1335114
23825094,7,1335114
23826306,9,1335114
23827519,6,1335114
23828731,12,1335114
23829944,4,1336707
23831156,4,1336707
23832370,8,1336707
23833582,7,1336707
23834794,3,1336707
23836007,8,1336707
23837221,5,1336707
23838432,8,1336707
23839645,9,1336707
23840858,8,1332493
23842071,4,1336758
23843284,2,1336758
23844496,2,1336758
23852985,8,1333829
23854197,8,1333829
23855411,7,1333829
23856623,4,1333829
23857836,3,1333829
23859048,4,1333829
23860261,4,1333829
23861474,5,1333829
23862687,4,1333829
23863899,3,1337324
23865111,5,1337324
23866325,3,1337324
23867537,5,1337324
23868750,6,1337324
23869962,4,1337324
23871176,4,1337324
23872387,5,1337324
23873601,3,1337324
23874813,2,1332133
23876026,6,1332133
23877239,7,1332133
23878451,3,1332133
23879664,2,1332133
23880877,3,1332133
23882089,3,1332133
23883301,5,1332133
23884515,3,1332133
23885727,6,1335011
23886939,3,1335011
23888152,3,1335011
23889365,3,1335011
23890578,4,1335011
23891790,5,1335011
23893003,9,1335011
23894216,4,1335011
23895429,7,1335011
23896641,5,1334807
23897854,6,1335319
23899066,3,1335319
23900279,6,1335319
23901491,5,1335319
23902704,2,1335319
23903917,3,1335319
23905130,5,1335319
23906343,8,1335319
23907555,3,1335358
23908768,2,1332030
23909981,3,1332030
23911193,4,1332030
23912405,5,1332030
23913618,5,1332030
23914831,5,1332030
23916043,5,1332030
23917256,3,1332030
23918468,2,1332048
23919681,5,1336656
23920893,5,1336656
23922106,3,1336656
23923319,3,1336656
23924532,5,1336656
23925744,6,1336656
23926957,5,1336656
23928170,4,1336656
23929382,5,1336656
23937870,4,1336656
23939082,5,1336656
23940295,6,1335319
23941508,4,1335319
23942720,8,1335319
23943934,8,1335319
23945146,7,1335319
23946358,7,1335319
23947571,9,1335319
23948783,8,1335319
23949997,6,1335319
23951210,5,1337838
23952422,4,1337838
23953635,5,1337838
23954847,9,1337838
23956060,6,1337838
23957272,8,1337838
23958485,3,1337838
23959698,6,1337838
23960911,4,1337838
23962123,9,1332698
23963336,5,1332698
23964549,5,1332698
23965761,5,1332698
23966974,5,1332698
23968186,6,1332698
23969399,5,1332698
23970612,5,1332698
23971824,7,1332698
23973036,6,1334549
23974249,4,1334549
23975461,5,1334549
23976675,8,1334549
23977887,5,1334549
23979099,8,1334549
23980312,6,1334549
23981525,6,1334549
23982738,12,1334549
23983950,8,1333161
23985162,5,1333161
23986375,8,1333161
23987587,6,1333161
23988800,4,1333161
23990012,6,1333161
23991225,6,1333161
23992438,9,1333161
23993650,6,1333161
23994863,7,1330591
23996075,3,1330591
23997288,5,1330591
23998501,6,1330591
23999714,6,1330591
24000926,8,1330591
24002138,4,1330591
24003351,5,1330591
24004564,7,1330591
24005777,4,1333109
24006990,7,1333109
24008202,9,1333109
24009415,6,1333109
24010627,7,1333109
24011839,5,1333109
24013051,7,1333109
24014264,3,1333109
24021540,12,1333109
24022752,5,1333109
24023965,6,1333109
24025178,6,1333109
24026390,5,1333109
24027603,6,1332904
24028816,2,1332904
24030029,6,1332904
24031240,6,1332904
24032453,5,1332904
24033666,8,1332904
24034879,10,1332904
24036091,7,1332904
24037304,7,1332904
24038516,5,1333469
24039729,5,1333932
24040941,4,1333932
24042154,7,1333932
24043366,4,1333932
24044580,4,1333932
24045793,5,1333932
24047004,3,1333932
24048217,3,1333932
24049430,6,1333932
24050642,5,1342154
24051855,6,1342154
24053067,4,1342154
24054280,2,1342154
24055493,2,1342154
24056705,4,1342154
24057917,6,1342154
24059130,5,1342154
24060343,5,1342154
24061555,3,1336398
24062768,4,1336398
24063981,5,1336398
24065193,6,1336398
24066406,4,1336398
24067619,4,1336398
24068831,3,1336398
24070044,6,1336398
24071256,5,1336398
24072469,4,1333161
24073681,3,1333161
24074894,3,1333161
24076107,3,1333161
24077320,4,1333161
24078532,6,1333161
24079745,6,1333161
24080958,5,1333161
24082170,2,1333161
24083382,4,1334137
24084595,4,1334137
24085807,4,1334137
24087021,5,1334137
24088233,9,1334137
24089446,2,1334137
24090659,3,1334137
24091870,3,1334137
24093083,5,1334137
24094296,5,1334219
24095509,3,1328587
24096721,2,1328587
24097933,2,1328587
24105210,9,1328587
24106422,7,1328587
24107634,8,1328587
24108847,8,1328587
24110060,6,1328587
24111272,8,1328587
24112485,5,1328587
24113697,7,1328587
24114910,8,1336964
24116123,5,1336964
24117336,1,1336964
24118548,5,1336964
24119761,4,1336964
24120973,4,1336964
24122186,5,1336964
24123399,7,1336964
24124612,5,1336964
24125823,6,1333367
24127036,5,1333367
24128249,3,1333367
24129461,8,1333367
24130674,8,1333367
24131886,7,1333367
24133099,7,1333367
24134311,4,1333367
24135525,6,1333367
24136737,9,1333367
24137950,7,1335525
24139162,5,1335525
24140375,5,1335525
24141587,5,1335525
24142800,6,1335525
24144013,7,1335525
24145225,6,1335525
24146437,11,1335525
24147651,7,1335525
24148863,7,1334086
24150075,4,1334086
24151288,7,1334086
24152501,10,1334086
24153713,8,1334086
24154926,6,1334086
24156139,8,1334086
24157351,7,1334086
24158563,9,1334086
24159776,5,1338094
24160989,5,1338094
24162202,4,1338094
24163414,7,1338094
24164627,3,1338094
24165839,6,1338094
24167052,6,1338094
24168264,7,1338094
24169477,3,1338094
24170690,4,1338248
24171903,5,1338248
24173115,9,1338248
24174328,5,1338248
24175541,5,1338248
24176753,5,1338248
24177966,7,1338248
24179179,7,1338248
24180391,4,1338248
24181604,8,1338248
24190093,4,1338248
24191305,7,1338248
24192517,6,1336347
24193730,6,1336347
24194942,9,1336347
24196155,7,1336347
24197367,6,1336347
24198580,5,1336347
24199793,4,1336347
24201005,5,1336347
24202218,8,1336347
24203430,10,1333572
24204643,4,1333572
24205856,7,1333572
24207068,5,1333572
24208280,7,1333572
24209493,6,1333572
24210706,9,1333572
24211918,5,1333572
24213131,3,1333572
24214344,5,1337015
24215556,4,1337015
24216768,6,1337015
24217981,5,1337015
24219194,9,1337015
24220406,3,1337015
24221619,4,1337015
24222831,8,1337015
24224044,10,1337015
24225256,8,1335576
24226468,3,1334291
24227682,1,1334291
24228894,4,1334291
24230107,4,1334291
24231319,2,1334291
24232531,6,1334291
24233744,4,1334291
24234957,3,1334291
24236169,4,1334291
24237381,3,1335319
24238595,3,1335319
24239807,4,1335319
24241019,4,1335319
24242232,5,1335319
24243445,5,1335319
24244657,4,1335319
24245869,4,1335319
24247082,3,1335319
24248294,4,1334137
24249507,3,1334137
24250720,3,1334137
24251933,4,1334137
24253145,7,1334137
24254357,5,1334137
24255570,5,1334137
24256782,4,1334137
24257995,3,1334137
24259207,6,1334497
24260420,6,1334497
24261633,4,1334497
24262846,5,1334497
24264058,5,1334497
24265270,5,1334497
24266483,5,1334497
24274971,5,1334497
24276183,7,1334497
24277397,7,1334497
24278609,4,1334497
24279822,5,1336758
24281034,5,1336701
24282246,6,1335165
24283459,5,1335165
24284671,2,1335165
24285884,4,1335165
24287097,2,1335165
24288310,3,1335165
24289522,3,1335165
24290734,9,1335165
24291947,6,1335281
24293160,5,1338865
24294372,3,1338865
24295584,3,1338865
24296797,3,1338865
24298009,5,1338865
24299223,6,1338865
24300435,7,1338865
24301647,0,1338865
24302860,2,1338865
24304072,3,1338865
24305284,9,1338865
24306497,5,1338865
24307710,7,1338865
24308922,5,1338865
24310134,6,1338865
24311347,8,1338865
24312559,7,1338865
24313772,2,1338865
24314984,4,1338865
24316198,8,1338865
24317409,6,1338865
24318622,8,1338865
24319835,7,1338865
24321047,9,1338865
24322260,7,1338865
24323473,3,1338865
24324685,8,1334651
24325899,6,1334651
24327111,9,1334651
24328323,7,1334651
24329535,6,1334651
24330748,7,1334651
24331960,6,1334651
24333174,8,1334651
24334386,6,1334651
24335598,8,1329923
24336812,0,1329923
24338024,10,1329923
24339236,9,1329923
24340449,4,1329923
24341662,7,1329923
24342874,6,1329923
24344087,8,1329923
24345299,7,1329923
24346513,6,1336656
24347725,6,1336656
24348938,7,1336656
24350150,7,1336656
24351362,8,1334447
24358638,-2,1334703
24359851,6,1334703
24361063,5,1334703
24362276,4,1334703
24363489,3,1334703
24364700,5,1334703
24365914,2,1334703
24367126,5,1334703
24368338,6,1334703
24369551,5,1334703
24370763,5,1334703
24371976,6,1334703
24373189,6,1334703
24374402,6,1334703
24375614,5,1334703
24376827,7,1334703
24378039,7,1334703
24379252,6,1335885
24380464,3,1335885
24381678,8,1335885
24382890,9,1335885
24384103,8,1335885
24385315,11,1335885
24386528,7,1335885
24387740,7,1335885
24388953,5,1335885
24390166,6,1333264
24391378,5,1333264
24392590,5,1333264
24393803,5,1333264
24395016,6,1333264
24396229,6,1333264
24397441,6,1333264
24398653,5,1333264
24399866,7,1333264
24401079,5,1334240
24402291,3,1334240
24403503,3,1334240
24404716,6,1334240
24405929,7,1334240
24407142,8,1334240
24408354,4,1334240
24409567,7,1334240
24410780,6,1334240
24411992,8,1334549
24413204,5,1334549
24414417,6,1334549
24415630,6,1334549
24416843,6,1334549
24418055,9,1334549
24419267,6,1334549
24420481,8,1334549
24421693,5,1334549
24422906,9,1335011
24424118,2,1332801
24425331,3,1332801
24426543,6,1332801
24427756,4,1332801
24428968,5,1332801
24430181,5,1332801
24431393,5,1332801
24432607,4,1332801
24433818,5,1332801
24435031,7,1332801
24442307,2,1332801
24443519,6,1332801
24444733,8,1337580
24445945,4,1334549
24447158,4,1334549
24448370,4,1334549
24449583,4,1334549
24450795,6,1334549
24452008,5,1334549
24453220,4,1334549
24454433,9,1334549
24455646,3,1334549
24456858,5,1334959
24458071,5,1334959
24459284,4,1334959
24460497,4,1334959
24461709,3,1334959
24462922,4,1334959
24464134,5,1334959
24465347,4,1334959
24466559,4,1334959
24467772,0,1334796
24468984,3,1332236
24470197,4,1332236
24471410,6,1332236
24472623,6,1332236
24473835,6,1332236
24475047,3,1332236
24476260,5,1332236
24477473,3,1332236
24478686,5,1332245
24479899,5,1334805
24481111,4,1334805
24482323,4,1334805
24483536,6,1334805
24484749,2,1334805
24485962,6,1334805
24487174,5,1334805
24488387,3,1334805
24489599,4,1335014
24490812,2,1335782
24492025,5,1335782
24493238,8,1335782
24494450,4,1335782
24495663,5,1335782
24496875,4,1335782
24498088,3,1335782
24499300,2,1335782
24500513,5,1335782
24501726,4,1335782
24502939,6,1335782
24504151,6,1335782
24505364,7,1335782
24506576,9,1335782
24507789,9,1335782
24509001,8,1335782
24510214,8,1333983
24511427,5,1333983
24512639,4,1333983
24513852,7,1333983
24515065,7,1333983
24516278,10,1333983
24517490,7,1333983
24518702,6,1333983
24527190,5,1333983
24528403,4,1333983
24529615,4,1333983
24530829,6,1333983
24532041,9,1333983
24533254,6,1332236
24534466,5,1332236
24535679,6,1332236
24536891,9,1332236
24538104,6,1332236
24539317,6,1332236
24540529,7,1332236
24541742,8,1332236
24542954,3,1332236
24544167,7,1338094
24545379,5,1338094
24546592,9,1338094
24547804,7,1338094
24549017,3,1338094
24550230,5,1338094
24551442,6,1338094
24552655,8,1338094
24553868,9,1338094
24555081,6,1333058
24556293,6,1333058
24557506,5,1333058
24558718,8,1333058
24559931,6,1333058
24561144,5,1333058
24562357,5,1333058
24563569,7,1333058
24564781,9,1333058
24565994,7,1336193
24567207,5,1336193
24568419,8,1336193
24569632,5,1336193
24570845,6,1336193
24572057,8,1336193
24573269,6,1336193
24574482,5,1336193
24575695,5,1336193
24576907,7,1334291
24578120,4,1334291
24579332,9,1334291
24580545,8,1334291
24581758,8,1334291
24582970,7,1334291
24584183,7,1334291
24585396,6,1334291
24586608,7,1334291
24587820,8,1337324
24589034,5,1337324
24590246,6,1337324
24591458,7,1337324
24592671,6,1337324
24593883,7,1337324
24595096,5,1337324
24596308,7,1337324
24597521,5,1337324
24598734,10,1334703
24599947,5,1334703
24601159,5,1334703
24602371,7,1334703
24603584,7,1334703
24612072,4,1334703
24613285,4,1334703
24614497,5,1334703
24615709,11,1334703
24616923,10,1334703
24618135,12,1334703
24619347,6,1334703
24620561,8,1335165
24621773,5,1335217
24622986,5,1335217
24624198,7,1335217
24625411,4,1335217
24626623,4,1335217
24627836,2,1335217
24629049,3,1335217
24630262,3,1335217
24631474,5,1335217
24632687,4,1335217
24633899,4,1335217
24635112,3,1335217
24636325,-1,1335217
24637537,6,1335217
24638750,6,1335217
24639963,5,1335217
24641175,3,1335217
24642388,2,1335217
24643601,2,1332030
24644814,4,1332030
24646026,7,1332030
24647239,8,1332030
24648451,3,1332030
24649664,3,1332030
24650876,3,1332030
24652090,5,1332030
24653302,6,1332030
24654515,7,1338506
24655727,4,1338506
24656940,4,1338506
24658152,4,1338506
24659365,3,1338506
24660579,5,1338506
24661790,4,1338506
24663003,5,1338506
24664216,7,1338506
24665429,5,1338424
24666642,4,1330488
24667854,6,1330488
24669066,5,1330488
24670279,3,1330488
24671491,2,1330488
24672704,5,1330488
24673917,3,1330488
24675130,7,1330488
24676343,5,1330655
24677555,3,1333983
24678768,5,1333983
24679981,4,1333983
24681193,4,1333983
24682405,8,1333983
24683618,4,1333983
24684831,5,1333983
24686043,4,1333983
24687255,3,1333983
24688468,5,1333983
24696957,8,1329769
24698169,4,1329769
24699381,6,1329769
24700594,5,1329769
24701807,5,1329769
24703020,5,1329769
24704232,8,1329769
24705445,8,1329769
24706657,6,1329769
24707870,6,1329769
24709083,4,1336398
24710295,4,1336398
24711508,8,1336398
24712721,6,1336398
24713933,6,1336398
24715146,5,1336398
24716359,6,1336398
24717571,6,1336398
24718784,7,1336398
24719996,10,1335217
24721209,4,1335217
24722421,4,1335217
24723634,5,1335217
24724847,8,1335217
24726059,6,1335217
24727272,9,1335217
24728485,7,1335217
24729697,6,1335217
24730910,6,1335679
24732122,4,1335679
24733335,10,1335679
24734547,7,1335679
24735760,5,1335679
24736972,5,1335679
24738185,6,1335679
24739398,7,1335679
24740610,7,1335679
24741823,9,1334703
24743035,4,1334703
24744248,3,1334703
24745461,4,1334703
24746674,6,1334703
24747886,8,1334703
24749099,7,1334703
24750311,6,1334703
24751524,8,1334703
24752737,9,1332596
24753950,5,1332596
24755162,8,1332596
24756375,8,1332596
24757588,7,1332596
24758800,6,1332596
24760013,5,1332596
24761226,6,1332596
24762438,10,1332596
24763651,9,1334600
24764864,3,1334600
24766077,6,1334600
24767290,5,1334600
24768503,5,1334600
24769715,9,1334600
24770928,7,1334600
24772140,9,1334600
24773352,4,1334600
24780628,3,1334600
24781842,7,1334600
24783054,8,1334600
24784267,10,1334600
24785480,7,1334446
24786692,3,1334446
24787904,5,1334446
24789117,8,1334446
24790330,6,1334446
24791542,7,1334446
24792755,6,1334446
24793968,5,1334446
24795180,4,1334446
24796394,3,1331208
24797607,6,1337426
24798818,4,1337426
24800031,5,1337426
24801245,3,1337426
24802456,4,1337426
24803669,1,1337426
24804882,4,1337426
24806095,5,1337426
24807308,3,1337426
24808520,4,1333726
24809733,6,1333726
24810946,4,1333726
24812159,4,1333726
24813371,3,1333726
24814584,3,1333726
24815797,0,1333726
24817009,6,1333726
24818222,6,1333726
24819435,7,1332544
24820648,4,1332544
24821860,3,1332544
24823072,3,1332544
24824285,5,1332544
24825499,4,1332544
24826710,4,1332544
24827923,4,1332544
24829136,4,1332544
24830349,3,1333829
24831561,3,1333829
24832774,4,1333829
24833987,7,1333829
24835199,5,1333829
24836412,4,1333829
24837625,3,1333829
24838837,2,1333829
24840051,3,1333829
24841263,4,1334343
24842476,3,1334343
24843688,4,1334343
24844901,5,1334343
24846114,5,1334343
24847326,4,1334343
24848539,6,1334343
24849752,6,1334343
24850964,5,1334343
24852178,4,1334453
24853391,3,1336501
24854603,3,1336501
24855816,3,1336501
24857028,9,1336501
24864304,2,1336501
24865516,4,1336501
24866730,8,1336501
24867942,5,1336501
24869155,5,1336501
24870367,6,1336501
24871580,8,1336501
24872792,4,1334805
24874006,5,1334803
24875218,4,1334291
24876431,7,1334291
24877644,5,1334291
24878855,5,1334291
24880069,5,1334291
24881281,4,1334291
24882494,4,1334291
24883706,3,1334291
24884919,3,1334291
24886131,4,1334291
24887344,5,1334291
24888557,7,1334291
24889769,3,1334291
24890982,6,1334291
24892195,7,1334291
24893408,8,1334291
24894620,6,1334600
24895833,4,1334600
24897046,4,1334600
24898258,7,1334600
24899471,6,1334600
24900683,8,1334600
24901896,7,1334600
24903109,7,1334600
24904322,6,1334600
24905534,9,1334600
24906747,8,1333058
24907961,4,1333058
24909172,8,1333058
24910386,5,1333058
24911599,7,1333058
24912810,4,1333058
24914023,8,1333058
24915237,7,1333058
24916449,5,1333058
24917661,5,1335987
24918874,4,1335987
24920087,6,1335987
24921300,7,1335987
24922513,6,1335987
24923725,8,1335987
24924938,5,1335987
24926150,5,1335987
24927363,6,1335987
24928576,6,1338403
24929788,3,1338403
24931000,5,1338403
24932214,8,1338403
24933426,9,1338403
24934638,9,1338403
24935851,8,1338403
24937064,10,1338403
24938276,7,1338403
24939489,7,1334189
24940702,4,1334189
24949191,6,1334189
24950403,7,1335679
24951617,5,1335679
24952828,7,1335679
24954042,9,1335679
24955254,5,1335679
24956468,5,1335679
24957680,7,1335679
24958892,7,1335679
24960105,7,1335679
24961317,9,1331311
24962531,6,1331311
24963743,7,1331311
24964955,4,1331311
24966168,6,1331311
24967381,5,1331311
24968594,7,1331311
24969806,5,1331311
24971019,5,1331311
24972231,5,1334805
24973444,5,1334805
24974656,4,1334805
24975869,6,1334805
24977082,4,1334805
24978295,7,1334805
24979507,7,1334805
24980720,8,1334805
24981932,6,1334805
24983145,5,1332338
24984357,2,1332338
24985570,4,1332338
24986782,4,1332338
24987995,8,1332338
24989208,5,1332338
24990421,6,1332338
24991633,7,1332338
24992846,6,1332338
24994058,7,1333418
24995271,0,1331002
24996483,4,1331002
24997696,2,1331002
24998909,6,1331002
25000122,5,1331002
25001334,3,1331002
25002547,6,1331002
25003759,5,1331002
25004972,2,1331002
25006185,5,1331722
25007397,6,1331722
25008609,5,1331722
25009822,5,1331722
25011035,6,1331722
25012248,5,1331722
25013460,4,1331722
25014672,3,1331722
25015885,3,1331722
25017098,4,1331722
25018311,5,1331722
25019524,3,1331722
25020736,11,1331722
25021949,5,1331722
25023161,5,1331722
25024373,6,1331722
25025586,5,1331722
25034074,4,1331722
25035287,9,1331722
25036499,7,1331722
25037712,8,1328536
25038925,6,1333675
25040138,5,1333675
25041351,5,1333675
25042563,5,1333675
25043775,4,1333675
25044988,4,1333675
25046201,3,1333675
25047414,3,1333675
25048627,4,1333675
25049840,3,1333525
25051051,3,1334549
25052264,3,1334549
25053477,3,1334549
25054690,6,1334549
25055902,6,1334549
25057115,3,1334549
25058327,3,1334549
25059540,5,1334549
25060752,3,1334758
25061966,6,1335782
25063179,4,1335782
25064390,4,1335782
25065603,5,1335782
25066816,4,1335782
25068029,1,1335782
25069241,4,1335782
25070453,4,1335782
25071666,5,1335782
25072878,4,1335782
25074091,6,1335782
25075304,6,1335782
25076517,5,1335782
25077729,8,1335782
25078942,8,1335782
25080154,6,1335782
25081367,7,1331773
25082579,4,1331773
25083792,4,1331773
25085004,6,1331773
25086217,7,1331773
25087429,10,1331773
25088642,9,1331773
25089855,9,1331773
25091067,3,1331773
25092280,5,1331773
25093492,5,1332441
25094705,5,1332441
25095917,6,1332441
25097131,7,1332441
25098343,6,1332441
25099555,6,1332441
25100769,4,1332441
25101981,9,1332441
25103194,6,1332441
25104406,9,1329615
25105618,5,1329615
25106832,6,1329615
25108044,9,1329615
25109256,4,1329615
25110469,8,1329615
25117744,8,1329615
25118958,10,1329615
25120169,5,1329615
25121382,8,1329615
25122595,6,1329615
25123807,4,1329615
25125020,5,1329615
25126232,7,1333058
25127446,4,1333058
25128658,7,1333058
25129871,7,1333058
25131083,6,1333058
25132295,7,1333058
25133508,6,1333058
25134720,6,1333058
25135933,7,1333058
25137146,7,1332647
25138359,4,1332647
25139571,8,1332647
25140783,5,1332647
25141996,7,1332647
25143209,5,1332647
25144422,9,1332647
25145634,8,1332647
25146847,6,1332647
25148059,7,1331928
25149273,4,1331928
25150484,3,1331928
25151698,11,1331928
25152910,8,1331928
25154123,9,1331928
25155335,4,1331928
25156548,5,1331928
25157761,8,1331928
25158973,9,1331928
25160186,6,1331928
25161399,6,1331928
25162612,6,1331928
25163825,5,1331928
25165037,6,1331928
25166250,7,1331928
25167463,5,1331928
25168675,7,1331928
25169887,7,1332750
25171100,3,1332750
25172314,6,1332750
25173526,5,1332750
25174738,13,1332750
25175951,5,1332750
25177164,6,1332750
25178376,8,1332750
25179589,7,1332750
25180802,4,1331105
25182014,4,1333675
25183227,3,1333675
25184440,5,1333675
25185653,5,1333675
25186866,4,1333675
25188078,4,1333675
25189291,5,1333675
25190503,2,1333675
25191716,4,1333675
25192929,3,1331311
25194141,4,1331311
25202630,0,1331311
25203843,7,1335217
25205055,4,1335217
25206268,1,1335217
25207480,3,1335217
25208694,4,1335217
25209906,3,1335217
25211119,6,1335217
25212332,5,1335217
25213544,4,1335217
25214757,3,1329923
25215970,4,1329923
25217183,3,1329923
25218395,4,1329923
25219607,7,1329923
25220820,4,1329923
25222034,4,1329923
25223246,5,1329923
25224458,2,1329923
25225671,5,1336707
25226884,5,1336707
25228096,2,1336707
25229309,4,1336707
25230522,6,1336707
25231734,8,1336707
25232947,6,1336707
25234160,4,1336707
25235372,2,1336707
25236586,5,1336693
25237798,4,1333109
25239011,7,1333109
25240223,5,1333109
25241436,7,1333109
25242648,5,1333109
25243861,1,1333109
25245074,3,1333109
25246286,4,1333109
25247499,4,1333098
25248712,3,1330026
25249924,4,1330026
25251138,4,1330026
25252350,3,1330026
25253562,5,1330026
25254775,2,1330026
25255988,5,1330026
25257201,4,1330026
25258413,4,1330028
25259626,3,1330540
25260838,4,1330540
25262051,5,1330540
25263264,4,1330540
25264477,3,1330540
25265689,5,1330540
25266902,5,1330540
25268115,6,1330540
25269328,2,1330540
25270540,5,1330540
25271753,4,1330540
25272965,8,1330540
25274179,9,1330540
25275391,5,1330540
25276604,9,1330540
25277816,5,1330540
25279029,8,1330540
25286305,1,1330540
25287518,3,1330540
25288730,7,1330540
25289943,7,1330540
25291155,5,1335371
25292368,4,1335371
25293581,6,1335371
25294794,6,1335371
25296006,8,1335371
25297219,7,1335371
25298431,10,1335371
25299645,6,1335371
25300857,6,1335371
25302070,6,1330591
25303282,5,1330591
25304494,6,1330591
25305707,4,1330591
25306920,4,1330591
25308132,7,1330591
25309346,8,1330591
25310558,11,1330591
25311771,5,1330591
25312983,4,1334394
25314195,6,1334394
25315408,8,1334394
25316621,6,1334394
25317835,7,1334394
25319047,8,1334394
25320259,5,1334394
25321472,3,1334394
25322685,7,1334394
25323899,7,1331619
25325110,6,1331619
25326323,10,1331619
25327536,5,1331619
25328748,5,1331619
25329961,6,1331619
25331174,6,1331619
25332387,6,1331619
25333599,5,1331619
25334812,4,1332853
25336025,4,1332853
25337238,7,1332853
25338450,5,1332853
25339663,7,1332853
25340876,9,1332853
25342089,6,1332853
25343302,5,1332853
25344514,8,1332853
25345726,9,1329563
25346939,4,1329563
25348152,4,1329563
25349365,3,1329563
25350577,6,1329563
25351790,5,1329563
25353003,7,1329563
25354215,7,1329563
25355429,11,1329563
25356641,8,1336604
25357854,2,1336604
25359067,5,1336604
25360279,8,1336604
25361492,11,1336604
25362704,5,1336604
25371194,6,1336604
25372406,6,1336604
25373618,9,1336604
25374831,8,1336604
25376044,8,1336604
25377257,8,1336604
25378469,7,1334035
25379682,4,1334343
25380894,4,1334343
25382107,3,1334343
25383320,4,1334343
25384532,6,1334343
25385745,7,1334343
25386958,8,1334343
25388171,5,1334343
25389384,5,1334343
25390596,4,1339328
25391809,4,1339328
25393022,5,1339328
25394234,8,1339328
25395446,4,1339328
25396659,4,1339328
25397872,3,1339328
25399084,5,1339328
25400297,4,1339328
25401510,5,1339328
25402722,6,1339328
25403935,6,1339328
25405149,6,1339328
25406361,3,1339328
25407574,5,1339328
25408786,0,1339328
25409999,4,1339328
25411212,3,1339328
25412424,4,1338351
25413637,4,1338351
25414850,3,1338351
25416063,3,1338351
25417276,5,1338351
25418488,2,1338351
25419702,5,1338351
25420914,4,1338351
25422127,3,1338351
25423339,3,1333418
25424552,4,1333418
25425764,2,1333418
25426977,6,1333418
25428191,4,1333418
25429403,3,1333418
25430615,4,1333418
25431828,3,1333418
25433041,4,1333418
25434254,2,1333256
25435467,4,1331208
25436679,4,1331208
25437891,4,1331208
25439105,5,1331208
25440317,3,1331208
25441530,4,1331208
25442742,4,1331208
25443955,1,1331208
25445168,4,1331369
25446380,3,1333161
25447593,8,1333161
25456082,2,1333161
25457294,4,1333161
25458507,5,1333161
25459720,7,1333161
25460933,7,1333161
25462146,9,1333161
25463358,4,1333161
25464571,7,1333161
25465783,4,1334035
25466996,5,1334035
25468209,6,1334035
25469422,8,1334035
25470635,5,1334035
25471847,7,1334035
25473060,5,1334035
25474272,3,1334035
25475485,5,1334035
25476698,5,1334035
25477911,6,1334805
25479124,5,1334805
25480337,5,1334805
25481548,10,1334805
25482762,6,1334805
25483975,9,1334805
25485187,6,1334805
25486400,3,1334805
25487613,5,1334805
25488825,4,1332133
25490038,6,1332133
25491250,9,1332133
25492464,8,1332133
25493677,9,1332133
25494888,6,1332133
25496102,4,1332133
25497314,8,1332133
25498527,7,1332133
25499740,13,1335576
25500953,5,1335576
25502166,10,1335576
25503378,8,1335576
25504590,7,1335576
25505803,7,1335576
25507017,6,1335576
25508229,6,1335576
25509442,6,1335576
25510654,8,1329923
25511867,6,1329923
25513080,8,1329923
25514292,7,1329923
25515505,3,1329923
25516718,7,1329923
25517931,5,1329923
25519143,8,1329923
25520357,6,1329923
25521569,11,1334240
25522782,3,1334240
25523994,5,1334240
25525207,7,1334240
25526419,7,1334240
25527633,7,1334240
25528845,5,1334240
25530058,6,1334240
25531270,8,1334240
25532483,7,1334240
25539759,4,1334240
25540971,7,1334240
25542185,7,1334240
25543398,7,1334086
25544611,3,1334086
25545823,8,1334086
25547035,9,1334086
25548249,6,1334086
25549461,6,1334086
25550674,6,1334086
25551886,8,1334086
25553099,5,1334086
25554312,8,1334446
25555525,6,1334446
25556737,12,1334446
25557950,8,1334446
25559163,7,1334446
25560376,6,1334446
25561588,8,1334446
25562801,9,1334446
25564014,7,1334446
25565227,6,1333264
25566440,6,1333264
25567652,4,1333264
25568865,5,1333264
25570078,5,1333264
25571291,6,1333264
25572504,5,1333264
25573716,4,1333264
25574930,10,1333264
25576142,7,1328690
25577355,5,1335217
25578567,4,1335217
25579780,3,1335217
25580993,2,1335217
25582207,4,1335217
25583419,4,1335217
25584632,3,1335217
25585845,5,1335217
25587058,3,1335217
25588271,5,1334086
25589483,4,1334086
25590697,4,1334086
25591909,6,1334086
25593122,4,1334086
25594334,5,1334086
25595547,4,1334086
25596760,4,1334086
25597972,5,1334086
25599186,4,1330591
25600398,4,1330591
25601611,5,1330591
25602825,4,1330591
25604037,8,1330591
25605249,7,1330591
25606462,5,1330591
25607675,5,1330591
25608888,4,1330591
25610101,3,1332955
25611313,4,1332955
25612526,2,1332955
25613739,8,1332955
25614952,6,1332955
25616165,4,1332955
25624655,3,1332955
25625868,5,1332955
25627080,4,1332955
25628294,7,1332955
25629507,8,1332955
25630719,6,1334240
25631933,6,1334128
25633145,4,1331568
25634358,2,1331568
25635571,6,1331568
25636784,4,1331568
25637997,5,1331568
25639210,4,1331568
25640422,5,1331568
25641635,5,1331568
25642847,6,1331612
25644060,5,1329820
25645273,4,1329820
25646487,3,1329820
25647699,5,1329820
25648912,3,1329820
25650125,4,1329820
25651338,5,1329820
25652550,6,1329820
25653763,5,1329820
25654976,3,1329820
25656189,7,1329820
25657402,7,1329820
25658614,5,1329820
25659828,8,1329820
25661041,6,1329820
25662253,5,1329820
25663466,7,1334086
25664679,5,1334086
25665891,5,1334086
25667105,4,1334086
25668317,7,1334086
25669529,5,1334086
25670742,9,1334086
25671955,8,1334086
25673168,5,1334086
25674380,5,1334086
25675593,5,1333726
25676807,4,1333726
25678019,4,1333726
25679233,6,1333726
25680445,6,1333726
25681658,4,1333726
25682870,7,1333726
25684083,7,1333726
25685297,9,1333726
25686509,8,1336039
25687722,5,1336039
25688935,7,1336039
25690148,6,1336039
25691361,8,1336039
25692573,6,1336039
25693786,9,1336039
25694999,5,1336039
25696212,7,1336039
25697425,7,1337529
25698638,3,1337529
25699850,7,1337529
25701063,12,1333521
25708341,4,1333525
25709553,0,1334549
25710766,12,1334549
25711979,6,1334549
25713192,4,1334549
25714404,6,1334549
25715617,4,1334549
25716830,0,1334549
25718042,4,1334549
25719255,4,1334549
25720468,2,1334549
25721681,6,1334549
25722894,7,1334549
25724107,7,1334549
25725319,6,1334549
25726532,6,1334549
25727745,8,1334549
25728958,8,1334549
25730171,8,1330591
25731384,3,1330591
25732597,8,1330591
25733809,4,1330591
25735022,8,1330591
25736235,7,1330591
25737447,7,1330591
25738661,8,1330591
25739873,7,1330591
25741086,7,1332030
25742298,4,1332030
25743511,6,1332030
25744724,5,1332030
25745936,7,1332030
25747150,7,1332030
25748363,7,1332030
25749575,4,1332030
25750788,8,1332030
25752001,7,1334446
25753214,6,1334446
25754426,9,1334446
25755639,8,1334446
25756852,6,1334446
25758065,6,1334446
25759278,9,1334446
25760490,3,1334446
25761703,8,1334446
25762916,7,1340201
25764128,5,1340201
25765342,8,1340201
25766554,9,1340201
25767767,5,1340201
25768980,6,1340201
25770193,7,1340201
25771406,7,1340201
25772618,6,1340201
25773832,6,1337067
25775045,5,1333315
25776257,5,1333315
25777470,2,1333315
25778683,4,1333315
25779895,5,1333315
25781108,5,1333315
25782321,4,1333315
25783534,5,1333315
25784747,6,1333315
25793237,4,1333315
25794449,5,1333315
25795662,6,1338968
25796874,6,1339533
25798087,2,1339533
25799300,4,1339533
25800514,5,1339533
25801726,6,1339533
25802939,4,1339533
25804151,5,1339533
25805365,7,1339533
25806577,7,1339533
25807790,4,1338248
25809003,5,1338248
25810216,4,1338248
25811428,6,1338248
25812641,4,1338248
25813854,4,1338248
25815067,3,1338248
25816280,3,1338248
25817492,3,1338248
25818705,4,1333315
25819918,3,1333315
25821131,3,1333315
25822344,5,1333315
25823556,5,1333315
25824769,3,1333315
25825982,5,1333315
25827195,4,1333315
25828408,7,1333315
25829620,4,1333325
25830834,6,1335885
25832046,6,1335885
25833259,5,1335885
25834471,3,1335885
25835684,4,1335885
25836897,5,1335885
25838110,4,1335885
25839322,5,1335885
25840535,8,1335985
25841749,6,1335217
25842962,6,1335217
25844174,6,1335217
25845387,3,1335217
25846600,3,1335217
25847813,4,1335217
25849026,4,1335217
25850237,5,1335217
25851450,3,1335217
25852663,3,1335217
25853876,6,1335217
25855090,7,1335217
25856302,3,1335217
25857515,8,1335217
25858728,8,1335217
25859940,7,1335217
25861154,8,1339431
25862366,3,1339431
25863579,5,1339431
25864792,6,1339431
25866005,7,1339431
25867217,7,1339431
25868430,6,1339431
25869643,5,1339431
25878133,7,1339431
25879346,5,1339431
25880558,8,1339431
25881771,3,1339431
25882984,7,1339431
25884197,6,1337015
25885409,4,1337015
25886622,5,1337015
25887835,12,1337015
25889047,10,1337015
25890260,5,1337015
25891473,3,1337015
25892686,5,1337015
25893899,4,1337015
25895111,7,1339225
25896325,3,1339225
25897537,6,1339225
25898750,7,1339225
25899963,7,1339225
25901175,4,1339225
25902388,7,1339225
25903601,6,1339225
25904813,7,1339225
25906026,7,1339019
25907239,6,1339019
25908451,5,1339019
25909665,7,1339019
25910877,7,1339019
25912090,5,1339019
25913303,5,1339019
25914515,5,1339019
25915728,6,1339019
25916942,7,1337015
25918154,6,1337015
25919367,7,1337015
25920579,5,1337015
25921792,5,1337015
25923006,8,1337015
25924218,8,1337015
25925431,9,1337015
25926643,8,1337015
25927856,8,1338968
25929069,4,1338968
25930282,8,1338968
25931494,5,1338968
25932707,8,1338968
25933921,7,1338968
25935133,5,1338968
25936346,5,1338968
25937558,5,1338968
25938771,5,1336244
25939984,5,1336244
25941197,5,1336244
25942409,6,1336244
25943623,8,1336244
25944835,6,1336244
25946048,7,1336244
25947261,8,1336244
25948474,6,1336244
25949687,6,1336142
25950899,5,1336142
25952111,7,1336142
25953325,3,1336142
25954537,8,1335473
25961814,5,1335473
25963027,4,1335473
25964239,4,1335473
25965453,7,1335473
25966664,6,1335473
25967878,6,1335473
25969090,6,1335473
25970303,8,1335473
25971516,6,1339431
25972729,7,1339174
25973942,6,1339174
25975154,3,1339174
25976367,3,1339174
25977580,4,1339174
25978793,0,1339174
25980005,4,1339174
25981219,5,1339174
25982431,7,1339174
25983643,5,1338660
25984857,4,1338660
25986070,4,1338660
25987282,4,1338660
25988495,5,1338660
25989708,4,1338660
25990920,5,1338660
25992134,4,1338660
25993346,5,1338660
25994559,4,1338814
25995772,3,1338814
25996985,3,1338814
25998198,5,1338814
25999410,2,1338814
26000623,5,1338814
26001836,4,1338814
26003048,4,1338814
26004261,3,1338814
26005474,-1,1339174
26006687,5,1339174
26007900,6,1339174
26009112,4,1339174
26010326,6,1339174
26011538,6,1339174
26012751,5,1339174
26013964,4,1339174
26015176,3,1339174
26016390,3,1339174
26017603,4,1339174
26018815,4,1339174
26020028,3,1339174
26021241,5,1339174
26022453,5,1339174
26023666,4,1339174
26024879,5,1339174
26026093,4,1339174
26027305,5,1339204
26028517,1,1333572
26029730,6,1333572
26030943,6,1333572
26032156,3,1333572
26033369,3,1333572
26034582,2,1333572
26035794,4,1333572
26037007,4,1333572
26038220,6,1333572
26046709,10,1333572
26047921,8,1336656
26049134,3,1336656
26050347,6,1336656
26051560,8,1336656
26052772,5,1336656
26053986,10,1336656
26055198,5,1336656
26056411,7,1336656
26057624,6,1336656
26058837,10,1337940
26060050,5,1337940
26061263,5,1337940
26062475,5,1337940
26063688,8,1337940
26064900,8,1337940
26066114,6,1337940
26067326,6,1337940
26068539,9,1337940
26069752,8,1337940
26070965,8,1338248
26072178,6,1338248
26073391,6,1338248
26074603,8,1338248
26075816,6,1338248
26077029,6,1338248
26078242,4,1338248
26079454,6,1338248
26080667,4,1338248
26081880,6,1339225
26083093,3,1339225
26084305,7,1339225
26085518,7,1339225
26086731,12,1339225
26087944,7,1339225
26089156,8,1339225
26090370,8,1339225
26091582,6,1339225
26092795,5,1338146
26094007,5,1338146
26095220,6,1338146
26096433,8,1338146
26097646,6,1338146
26098859,7,1338146
26100071,5,1338146
26101285,7,1338146
26102497,8,1338146
26103710,7,1342000
26104922,5,1342000
26106135,5,1342000
26107348,7,1342000
26108561,6,1342000
26109773,5,1342000
26110987,7,1342000
26112199,5,1342000
26113412,6,1342000
26114624,6,1338865
26115837,1,1338865
26117050,7,1338865
26118262,6,1338865
26119476,7,1338865
26120688,6,1338865
26121900,10,1338865
26123113,3,1338865
26130389,8,1338865
26131602,9,1338865
26132815,9,1338865
26134027,5,1338865
26135239,6,1338865
26136453,6,1338351
26137665,3,1338351
26138878,6,1338351
26140090,5,1338351
26141303,4,1338351
26142516,5,1338351
26143728,5,1338351
26144941,8,1338351
26146154,6,1338351
26147366,8,1339842
26148578,4,1339842
26149791,5,1339842
26151003,6,1339842
26152216,9,1339842
26153429,9,1339842
26154641,6,1339842
26155854,6,1339842
26157067,8,1339842
26158279,6,1337940
26159492,3,1337067
26160704,3,1337067
26161917,3,1337067
26163129,4,1337067
26164343,5,1337067
26165555,4,1337067
26166767,5,1337067
26167979,4,1337067
26169192,4,1337067
26170405,5,1338351
26171617,4,1338351
26172830,3,1338351
26174042,6,1338351
26175255,4,1338351
26176467,5,1338351
26177680,4,1338351
26178893,5,1338351
26180106,5,1338351
26181319,4,1338814
26182531,6,1338814
26183743,7,1338814
26184956,5,1338814
26186168,4,1338814
26187381,7,1338814
26188594,2,1338814
26189806,4,1338814
26191019,5,1338814
26192231,10,1340664
26193444,7,1340664
26194656,3,1340664
26195869,4,1340664
26197081,3,1340664
26198294,4,1340664
26199507,4,1340664
26200719,5,1340664
26201931,5,1340664
26203145,3,1337478
26204357,3,1337478
26205570,6,1337478
26206782,4,1337478
26214176,4,1337478
26215270,1,1337478
26216482,6,1337478
26217695,7,1337478
26218907,5,1337478
26220120,8,1337478
26221332,7,1337478
26222545,5,1337478
26223758,4,1338814
26224970,5,1338708
26226183,7,1337940
26227396,3,1337940
26228608,6,1337940
26229821,5,1337940
26231034,8,1337940
26232246,6,1337940
26233459,4,1337940
26234671,4,1337940
26235884,4,1337940
26237096,3,1337940
26238310,7,1337940
26239522,6,1337940
26240734,11,1337940
26241947,8,1337940
26243159,8,1337940
26244373,5,1337940
26245585,8,1337940
26246798,4,1337940
26248010,4,1337940
26249222,8,1337940
26250435,8,1337940
26251647,4,1337940
26252860,4,1337940
26254072,5,1337940
26255285,6,1337940
26256497,8,1337940
26257710,6,1333109
26258922,5,1333109
26260136,8,1333109
26261348,8,1333109
26262560,10,1333109
26263773,7,1333109
26264985,5,1333109
26266198,6,1333109
26267411,7,1333109
26268622,5,1337838
26269835,6,1337838
26271047,8,1337838
26272261,6,1337838
26273472,7,1337838
26274686,4,1337838
26275900,8,1337838
26277111,8,1337838
26278323,9,1337838
26279535,6,1339122
26280748,5,1339122
26281960,4,1339122
26283173,6,1339122
26284386,6,1339122
26285598,5,1339122
26286811,4,1339122
26288023,8,1339122
26289235,6,1339122
26290448,5,1339122
26297724,7,1339122
26298936,9,1339122
26300148,7,1339122
26301361,2,1339122
26302574,2,1339122
26303786,6,1339122
26304999,9,1339122
26306211,10,1339122
26307424,4,1339122
26308637,5,1339122
26309849,9,1339122
26311062,9,1339122
26312274,7,1339533
26313486,5,1339533
26314699,7,1339533
26315911,6,1339533
26317123,6,1339533
26318337,7,1339533
26319549,6,1339533
26320761,5,1339533
26321973,7,1339533
26323186,7,1336142
26324398,4,1336142
26325611,6,1336142
26326823,4,1336142
26328036,8,1336142
26329249,5,1336142
26330462,5,1336142
26331674,5,1336142
26332886,4,1336142
26334099,7,1338248
26335311,3,1338248
26336523,6,1338248
26337736,13,1338248
26338948,5,1338248
26340161,6,1338248
26341374,6,1338248
26342586,8,1338248
26343798,5,1338248
26345011,8,1337118
26346224,4,1337118
26347436,10,1337118
26348649,7,1337118
26349862,9,1337118
26351074,7,1337118
26352287,5,1337118
26353500,5,1337118
26354712,7,1337118
26355924,3,1339122
26357137,5,1338968
26358349,3,1338968
26359562,4,1338968
26360774,3,1338968
26361987,5,1338968
26363200,6,1338968
26364413,4,1338968
26365625,3,1338968
26366837,1,1338968
26368050,4,1342771
26369262,4,1342771
26370475,2,1342771
26371688,4,1342771
26372899,6,1342771
26374112,4,1342771
26382600,4,1342771
26383812,6,1342771
26385025,8,1342771
26386238,6,1342771
26387450,6,1342771
26388662,5,1339431
26389875,3,1336296
26391087,5,1336296
26392300,0,1336296
26393513,6,1336296
26394725,4,1336296
26395938,5,1336296
26397151,5,1336296
26398363,5,1336296
26399576,5,1336296
26400788,4,1336296
26402001,4,1336296
26403213,4,1336296
26404426,5,1336296
26405639,3,1336296
26406851,6,1336296
26408063,4,1336296
26409276,3,1336296
26410489,3,1336296
26411701,4,1336209
26412914,4,1340561
26414126,3,1340561
26415339,5,1340561
26416552,4,1340561
26417764,3,1340561
26418976,3,1340561
26420189,5,1340561
26421402,3,1340561
26422614,4,1340654
26423827,2,1337838
26425039,8,1337838
26426252,5,1337838
26427464,4,1337838
26428678,6,1337838
26429889,6,1337838
26431102,2,1337838
26432314,3,1337838
26433528,2,1337838
26434739,6,1337838
26435952,7,1337838
26437165,9,1337838
26438378,4,1337838
26439590,6,1337838
26440802,8,1337838
26442015,6,1337838
26443227,7,1333880
26444440,5,1333880
26445652,2,1333880
26446866,4,1333880
26448078,8,1333880
26449290,8,1333880
26450503,7,1333880
26451716,10,1333880
26452928,6,1333880
26454140,7,1333880
26455354,5,1335217
26456566,3,1335217
26457778,4,1335217
26458991,7,1342617
26466266,11,1342617
26467478,17,1342617
26468691,3,1342617
26469903,2,1342617
26471116,4,1342617
26472329,4,1342617
26473542,6,1342617
26474754,5,1342617
26475967,3,1342617
26477179,4,1342617
26478391,5,1342617
26479605,5,1342617
26480816,7,1342617
26482029,6,1342617
26483242,6,1342617
26484454,5,1342617
26485667,9,1342617
26486880,6,1342617
26488093,6,1339791
26489305,5,1339791
26490517,7,1339791
26491730,8,1339791
26492943,6,1339791
26494155,10,1339791
26495367,6,1339791
26496580,6,1339791
26497792,2,1339791
26499005,6,1337735
26500217,5,1337735
26501430,9,1337735
26502642,5,1337735
26503855,8,1337735
26505067,5,1337735
26506280,6,1337735
26507492,5,1337735
26508705,9,1337735
26509918,6,1337580
26511130,3,1337580
26512342,6,1337580
26513555,6,1337580
26514767,6,1337580
26515980,10,1337580
26517193,8,1337580
26518404,2,1337580
26519617,4,1337580
26520829,5,1341229
26522042,7,1341229
26523255,6,1341229
26524467,6,1341229
26525680,4,1341229
26526892,6,1341229
26528105,7,1341229
26529317,5,1341229
26530529,7,1341229
26531742,8,1336810
26532955,3,1336810
26534167,4,1336810
26535379,6,1336810
26536592,7,1336810
26537804,9,1336810
26539017,6,1336810
26540230,7,1336810
26541442,4,1336810
26542654,8,1336810
26551142,8,1336810
26552354,7,1336810
26553566,6,1336193
26554779,4,1340869
26555992,5,1340869
26557204,2,1340869
26558417,7,1340869
26559629,6,1340869
26560842,3,1340869
26562055,5,1340869
26563267,6,1340869
26564480,3,1340869
26565692,3,1334446
26566905,4,1334446
26568118,3,1334446
26569330,5,1334446
26570543,5,1334446
26571756,4,1334446
26572968,4,1334446
26574180,5,1334446
26575393,4,1334446
26576607,5,1344827
26577818,5,1344827
26579031,4,1344827
26580244,6,1344827
26581456,4,1344827
26582670,4,1344827
26583881,5,1344827
26585094,3,1344827
26586306,5,1344827
26587520,3,1342206
26588732,9,1342206
26589944,5,1342206
26591157,5,1342206
26592369,5,1342206
26593582,2,1342206
26594796,4,1342206
26596008,4,1342206
26597220,5,1342206
26598433,6,1342204
26599646,4,1341692
26600858,3,1341692
26602071,3,1341692
26603283,6,1341692
26604496,5,1341692
26605709,5,1341692
26606922,4,1341692
26608134,2,1341692
26609347,4,1341472
26610559,5,1337632
26611771,6,1337632
26612984,3,1337632
26614197,4,1337632
26615409,3,1337632
26616622,3,1337632
26617835,6,1337632
26619047,6,1337632
26620260,6,1337632
26621473,4,1337632
26622685,6,1337632
26623899,6,1337632
26625110,8,1337632
26626323,8,1337632
26627536,4,1337632
26634811,5,1337632
26636024,3,1337632
26637236,5,1337632
26638449,5,1337632
26639662,5,1337632
26640874,10,1337632
26642087,6,1340407
26643299,4,1340407
26644512,5,1340407
26645725,8,1340407
26646938,9,1340407
26648150,4,1340407
26649362,6,1340407
26650575,7,1340407
26651788,5,1340407
26653001,7,1339276
26654213,3,1339276
26655426,8,1339276
26656638,7,1339276
26657851,4,1339276
26659063,2,1339276
26660276,4,1339276
26661489,7,1339276
26662701,5,1339276
26663915,5,1340047
26665127,4,1340047
26666339,8,1340047
26667552,7,1340047
26668764,3,1340047
26669977,6,1340047
26671189,5,1340047
26672402,5,1340047
26673615,7,1340047
26674827,7,1336861
26676040,6,1336861
26677252,7,1336861
26678465,5,1336861
26679679,5,1336861
26680891,5,1336861
26682103,8,1336861
26683316,7,1336861
26684529,6,1336861
26685741,8,1337426
26686954,3,1337426
26688166,3,1337426
26689379,6,1337426
26690591,7,1337426
26691804,5,1337426
26693017,2,1337426
26694230,7,1337426
26695442,5,1337426
26696655,7,1340099
26697867,4,1340099
26699081,7,1340099
26700292,7,1340099
26701505,6,1340099
26702718,8,1340099
26703930,9,1340099
26705143,10,1340099
26706355,7,1340099
26707569,7,1340201
26708781,2,1340201
26709994,6,1340201
26711206,5,1337889
26718482,5,1337889
26719694,5,1337889
26720907,8,1337889
26722120,3,1337889
26723332,5,1337889
26724545,7,1337889
26725757,4,1337889
26726970,8,1337889
26728182,8,1337889
26729395,4,1339328
26730608,3,1335165
26731820,4,1335165
26733034,6,1335165
26734245,5,1335165
26735458,5,1335165
26736671,5,1335165
26737883,6,1335165
26739096,4,1335165
26740309,5,1335165
26741521,6,1339945
26742734,8,1339945
26743946,3,1339945
26745160,4,1339945
26746371,4,1339945
26747585,4,1339945
26748798,5,1339945
26750009,5,1339945
26751222,5,1339945
26752435,6,1335371
26753648,5,1335371
26754860,4,1335371
26756073,4,1335371
26757285,6,1335371
26758498,2,1335371
26759711,3,1335371
26760923,3,1335371
26762136,5,1335371
26763349,6,1335936
26764561,7,1335936
26765774,3,1335936
26766987,3,1335936
26768199,5,1335936
26769412,4,1335936
26770625,5,1335936
26771837,5,1335936
26773050,4,1335936
26774262,3,1340459
26775475,3,1340459
26776688,4,1340459
26777900,4,1340459
26779113,5,1340459
26780326,3,1340459
26781539,6,1340459
26782752,3,1340459
26783964,4,1340459
26785177,6,1340535
26786390,4,1333623
26787602,3,1333623
26788815,4,1333623
26790028,3,1333623
26791240,6,1333623
26792452,4,1333623
26793666,3,1333623
26794878,6,1333623
26802176,3,1333623
26803367,5,1333623
26804579,7,1333623
26805791,8,1342154
26807004,5,1342184
26808217,4,1342184
26809429,9,1342184
26810642,4,1342184
26811855,6,1342184
26813067,5,1342184
26814280,5,1342184
26815492,6,1342184
26816705,6,1336296
26817918,5,1336296
26819131,5,1336296
26820343,13,1336296
26821556,9,1336296
26822768,4,1336296
26823980,7,1336296
26825194,7,1336296
26826406,5,1336296
26827619,8,1336296
26828831,7,1338711
26830044,7,1338711
26831257,3,1338711
26832470,4,1338711
26833682,9,1338711
26834895,5,1338711
26836107,6,1338711
26837321,7,1338711
26838533,5,1338711
26839746,7,1338660
26840958,3,1338660
26842171,8,1338660
26843383,9,1338660
26844596,6,1338660
26845809,4,1338660
26847021,8,1338660
26848234,7,1338660
26849447,8,1338660
26850660,8,1340510
26851872,7,1340510
26853085,6,1340510
26854298,5,1340510
26855510,6,1340510
26856723,7,1340510
26857935,8,1340510
26859149,7,1340510
26860360,7,1340510
26861573,4,1341075
26862786,2,1341075
26863998,6,1341075
26865211,10,1341075
26866424,7,1341075
26867636,7,1341075
26868849,4,1341075
26870061,8,1341075
26871274,7,1341075
26872486,6,1338865
26873698,4,1338865
26874911,6,1338865
26876124,6,1338865
26877337,6,1338865
26878549,6,1338865
26885824,9,1338865
26887038,10,1338865
26888250,4,1338865
26889462,7,1338865
26890675,4,1338865
26891888,5,1338865
26893101,8,1338865
26894313,6,1339276
26895525,5,1339276
26896739,10,1339276
26897950,5,1339276
26899163,6,1339276
26900376,10,1339276
26901588,8,1339276
26902801,6,1339276
26904014,5,1339276
26905226,7,1341640
26906439,6,1341640
26907652,7,1341640
26908864,8,1341640
26910077,7,1341640
26911289,10,1341640
26912502,7,1341640
26913714,6,1341640
26914926,10,1341640
26916139,7,1334600
26917352,4,1334600
26918564,6,1334600
26919777,4,1334600
26920990,6,1334600
26922202,11,1334600
26923414,7,1334600
26924627,6,1334600
26925840,6,1334600
26927052,6,1339328
26928264,3,1339071
26929477,5,1339071
26930689,5,1339071
26931902,3,1339071
26933114,2,1339071
26934327,2,1339071
26935539,7,1339071
26936752,4,1339071
26937965,5,1339071
26939177,4,1333521
26940389,3,1333521
26941603,4,1333521
26942815,3,1333521
26944028,3,1333521
26945240,7,1333521
26946452,2,1333521
26947665,4,1333521
26948877,5,1333521
26950090,5,1334754
26951302,5,1334754
26952515,5,1334754
26953727,6,1334754
26954940,5,1334754
26956153,3,1334754
26957365,4,1334754
26958578,5,1334754
26959790,3,1334754
26961003,4,1342257
26962216,3,1342257
26970704,13,1342257
26971916,2,1337940
26973129,3,1337940
26974342,5,1337940
26975554,7,1337940
26976767,5,1337940
26977979,2,1337940
26979192,3,1337940
26980404,3,1337940
26981617,4,1337940
26982830,6,1337941
26984042,6,1338197
26985255,3,1338197
26986467,4,1338197
26987681,6,1338197
26988893,4,1338197
26990106,3,1338197
26991318,4,1338197
26992530,3,1338197
26993743,5,1338237
26994955,4,1335165
26996169,4,1335165
26997380,2,1335165
26998593,2,1335165
26999806,3,1335165
27001018,4,1335165
27002231,8,1335165
27003444,6,1335165
27004656,6,1335165
27005868,4,1335165
27007081,5,1335165
27008293,6,1335165
27009506,8,1335165
27010718,5,1335165
27011931,3,1335165
27013143,7,1335165
27014357,6,1339431
27015569,5,1339431
27016782,4,1339431
27017994,9,1339431
27019206,6,1339431
27020420,6,1339431
27021632,4,1339431
27022844,6,1339431
27024056,7,1339431
27025270,8,1339431
27026482,7,1338865
27027694,-1,1338865
27028907,7,1338865
27030119,7,1338865
27031332,7,1338865
27032545,4,1338865
27033757,5,1338865
27034969,6,1338865
27036182,6,1338865
27037395,5,1337992
27038607,6,1337992
27039820,9,1337992
27041032,8,1337992
27042245,6,1337992
27043457,5,1337992
27044670,7,1337992
27045882,6,1337992
27047095,6,1337992
27054370,6,1337992
27055583,6,1337992
27056795,4,1337992
27058007,6,1337992
27059220,6,1338043
27060433,6,1338043
27061645,9,1338043
27062858,9,1338043
27064070,5,1338043
27065283,5,1338043
27066495,6,1338043
27067708,8,1338043
27068921,6,1338043
27070133,7,1338608
27071346,5,1338608
27072558,4,1338608
27073771,6,1338608
27074983,7,1338608
27076195,6,1338608
27077408,5,1338608
27078621,4,1338608
27079833,7,1338608
27081046,8,1340407
27082259,5,1340407
27083470,8,1340407
27084683,8,1340407
27085896,5,1340407
27087109,6,1340407
27088321,7,1340407
27089533,6,1340407
27090746,7,1340407
27091958,7,1338094
27093171,5,1338094
27094383,6,1338094
27095596,7,1338094
27096808,7,1338094
27098021,7,1338094
27099234,5,1338094
27100446,7,1338094
27101658,4,1338094
27102871,6,1337170
27104083,4,1337170
27105296,8,1337170
27106509,6,1337170
27107721,5,1337170
27108934,4,1337170
27110147,8,1337170
27111359,8,1337170
27112571,8,1337170
27113784,4,1339636
27114997,4,1336810
27116209,3,1336810
27117422,3,1336810
27118634,3,1336810
27119847,3,1336810
27121059,3,1336810
27122272,-2,1336810
27123484,4,1336810
27124697,5,1336810
27125910,5,1331773
27127122,5,1331773
27128336,2,1331773
27129548,3,1331773
27130760,13,1331773
27138176,3,1331773
27139248,7,1331773
27140461,3,1331773
27141673,9,1331773
27142886,6,1331773
27144098,7,1331773
27145310,8,1331773
27146523,9,1338917
27147735,9,1336090
27148948,3,1336090
27150161,4,1336090
27151373,6,1336090
27152586,4,1336090
27153799,5,1336090
27155011,5,1336090
27156223,6,1336090
27157436,6,1336090
27158648,4,1345906
27159861,4,1345906
27161074,1,1345906
27162286,6,1345906
27163499,6,1345906
27164711,3,1345906
27165924,2,1345906
27167136,3,1345906
27168349,4,1345906
27169561,4,1345859
27170774,4,1333315
27171987,5,1333315
27173199,6,1333315
27174412,4,1333315
27175624,-1,1333315
27176837,2,1333315
27178050,5,1333315
27179262,4,1333315
27180475,6,1333328
27181688,3,1336656
27182899,5,1336656
27184113,4,1336656
27185325,6,1336656
27186538,6,1336656
27187750,4,1336656
27188962,4,1336656
27190175,4,1336656
27191387,7,1336656
27192600,3,1336656
27193812,7,1336656
27195025,8,1336656
27196238,8,1336656
27197450,6,1336656
27198662,7,1336656
27199875,8,1336656
27201087,8,1340150
27202300,3,1340150
27203512,5,1340150
27204725,6,1340150
27205938,7,1340150
27207150,10,1340150
27208363,8,1340150
27209575,5,1340150
27210788,4,1340150
27212000,8,1340150
27213212,5,1338968
27214425,6,1338968
27222913,3,1338968
27224125,7,1335833
27225337,6,1335833
27226551,9,1335833
27227763,7,1335833
27228975,6,1335833
27230187,5,1335833
27231401,8,1335833
27232613,8,1335833
27233825,9,1335833
27235038,13,1335730
27236250,5,1335730
27237462,5,1335730
27238675,6,1335730
27239888,8,1335730
27241101,6,1335730
27242312,6,1335730
27243525,8,1335730
27244738,8,1335730
27245950,8,1337786
27247163,5,1337786
27248375,9,1337786
27249588,10,1337786
27250800,4,1337786
27252013,7,1337786
27253226,7,1337786
27254438,7,1337786
27255650,8,1337786
27256864,10,1339791
27258076,2,1339791
27259289,7,1339791
27260501,5,1339791
27261714,5,1339791
27262926,6,1339791
27264138,7,1339791
27265351,7,1339791
27266563,6,1339791
27267776,3,1337889
27268988,4,1337889
27270201,9,1337889
27271414,5,1337889
27272626,6,1337889
27273839,10,1337889
27275051,6,1337889
27276264,8,1337889
27277476,7,1337889
27278689,8,1336450
27279902,6,1336450
27281113,6,1336450
27282326,8,1336450
27283538,7,1336450
27284751,3,1336450
27285963,7,1336450
27287176,8,1336450
27288388,6,1336450
27289601,5,1341127
27290813,2,1341127
27292026,6,1341127
27293239,6,1341127
27294451,5,1341127
27295665,6,1341127
27296877,9,1341127
27298089,3,1341127
27299301,5,1341127
27306577,7,1341127
27307789,6,1341127
27309002,6,1341127
27310215,6,1341127
27311428,7,1335782
27312640,3,1337118
27313853,5,1337118
27315065,2,1337118
27316277,4,1337118
27317490,2,1337118
27318702,5,1337118
27319915,6,1337118
27321127,1,1337118
27322340,5,1337118
27323553,6,1338968
27324765,3,1338968
27325978,6,1338968
27327189,4,1338968
27328402,6,1338968
27329615,7,1338968
27330827,-1,1338968
27332040,7,1338968
27333252,4,1338968
27334464,4,1339174
27335677,4,1339174
27336890,3,1339174
27338102,3,1339174
27339314,2,1339174
27340527,4,1339174
27341739,8,1339174
27342952,8,1339174
27344165,5,1339174
27345377,3,1345392
27346590,2,1345392
27347802,2,1345392
27349015,6,1345392
27350227,7,1345392
27351440,5,1345392
27352653,5,1345392
27353865,4,1345392
27355077,3,1345392
27356290,5,1345518
27357503,4,1337838
27358715,2,1337838
27359928,4,1337838
27361141,5,1337838
27362353,4,1337838
27363566,5,1337838
27364779,3,1337838
27365991,3,1337838
27367203,5,1337816
27368416,2,1332184
27369628,4,1332184
27370841,5,1332184
27372053,4,1332184
27373265,3,1332184
27374479,2,1332184
27375691,4,1332184
27376903,4,1332184
27378116,4,1332006
27379329,6,1339174
27380541,5,1339174
27381753,4,1339174
27382966,5,1339174
27390240,15,1339174
27391453,8,1339174
27392666,8,1339174
27393878,6,1339174
27395090,5,1339174
27396303,5,1339174
27397515,9,1339174
27398728,9,1339174
27399940,5,1339379
27401153,5,1339379
27402366,4,1339379
27403578,5,1339379
27404790,4,1339379
27406003,4,1339379
27407215,7,1339379
27408427,8,1339379
27409640,7,1339379
27410852,7,1338557
27412065,3,1338557
27413278,8,1338557
27414490,4,1338557
27415703,8,1338557
27416915,8,1338557
27418127,6,1338557
27419340,5,1338557
27420553,8,1338557
27421765,7,1336142
27422978,4,1336142
27424190,7,1336142
27425403,5,1336142
27426615,5,1336142
27427828,5,1336142
27429041,10,1336142
27430253,10,1336142
27431465,5,1336142
27432678,6,1338300
27433890,6,1338300
27435103,6,1338300
27436315,9,1338300
27437528,6,1338300
27438741,10,1338300
27439953,4,1338300
27441166,9,1338300
27442378,9,1338300
27443591,9,1336656
27444803,5,1336656
27446016,5,1336656
27447229,4,1336656
27448441,9,1336656
27449654,7,1336656
27450866,8,1336656
27452079,8,1336656
27453291,6,1336656
27454504,6,1337375
27455716,3,1337375
27456929,6,1337375
27458142,11,1337375
27459354,6,1337375
27460566,8,1337375
27461779,3,1337375
27462991,7,1337375
27464204,6,1337375
27465417,5,1335730
27466629,9,1335730
27475117,6,1335730
27476329,9,1337272
27477541,5,1337272
27478755,6,1337272
27479967,4,1337272
27481179,4,1337272
27482392,6,1337272
27483605,7,1337272
27484818,8,1337272
27486029,7,1337272
27487242,7,1339945
27488455,2,1339945
27489667,7,1339945
27490880,5,1339945
27492092,6,1339945
27493306,8,1339945
27494518,9,1339945
27495730,9,1339945
27496943,7,1339945
27498155,8,1339122
27499368,5,1336707
27500581,6,1336707
27501793,3,1336707
27503006,5,1336707
27504218,3,1336707
27505431,7,1336707
27506643,5,1336707
27507857,6,1336707
27509069,5,1336707
27510281,4,1334959
27511494,4,1334959
27512706,4,1334959
27513919,6,1334959
27515132,6,1334959
27516344,6,1334959
27517557,4,1334959
27518769,4,1334959
27519982,4,1334959
27521195,6,1331568
27522407,4,1331568
27523620,4,1331568
27524832,4,1331568
27526046,6,1331568
27527258,4,1331568
27528471,4,1331568
27529683,4,1331568
27530896,5,1331568
27532109,4,1340818
27533321,5,1340818
27534534,4,1340818
27535746,5,1340818
27536959,5,1340818
27538172,4,1340818
27539384,3,1340818
27540597,5,1340818
27541810,6,1340818
27543023,5,1340818
27544235,5,1340818
27545448,2,1340818
27546660,4,1340818
27547873,3,1340818
27549086,3,1340818
27550299,1,1340818
27551511,4,1340818
27559999,7,1340818
27561211,6,1340818
27562424,8,1340818
27563636,7,1335525
27564849,2,1335526
27566062,3,1335782
27567274,2,1335782
27568487,3,1335782
27569699,3,1335782
27570911,5,1335782
27572125,4,1335782
27573337,4,1335782
27574549,5,1335782
27575762,6,1335782
27576974,5,1335782
27578187,7,1335782
27579400,4,1335782
27580612,5,1335782
27581825,8,1335782
27583037,9,1335782
27584250,6,1335782
27585462,6,1338146
27586675,7,1338146
27587887,4,1338146
27589101,4,1338146
27590312,6,1338146
27591525,7,1338146
27592738,10,1338146
27593950,6,1338146
27595163,7,1338146
27596375,6,1338146
27597589,8,1337838
27598800,4,1337838
27600014,7,1337838
27601226,7,1337838
27602438,5,1337838
27603651,5,1337838
27604864,4,1337838
27606076,4,1337838
27607289,6,1337838
27608502,6,1338351
27609713,6,1338351
27610926,6,1338351
27612138,9,1338351
27613351,8,1338351
27614563,8,1338351
27615776,7,1338351
27616988,9,1338351
27618200,7,1338351
27619413,6,1338248
27620625,3,1338248
27621838,6,1338248
27623049,8,1338248
27624262,6,1338248
27625474,4,1338248
27626687,9,1338248
27627899,6,1338248
27629111,7,1338248
27630324,9,1338351
27631536,6,1338351
27632748,7,1338351
27633961,7,1338351
27635174,5,1338351
27636386,4,1338351
27643661,6,1338351
27644874,8,1338351
27646086,5,1338351
27647299,6,1338351
27648511,5,1338351
27649724,8,1338351
27650936,9,1338351
27652148,9,1334446
27653361,5,1334446
27654573,6,1334446
27655786,3,1334446
27656998,6,1334446
27658211,7,1334446
27659423,5,1334446
27660636,6,1334446
27661849,6,1334446
27663060,4,1335833
27664273,4,1335833
27665486,7,1335833
27666698,6,1335833
27667911,8,1335833
27669123,5,1335833
27670335,7,1335833
27671548,8,1335833
27672761,8,1335833
27673974,7,1336758
27675186,5,1336758
27676398,4,1336758
27677610,5,1336758
27678823,7,1336758
27680035,9,1336758
27681248,4,1336758
27682460,7,1336758
27683674,5,1336758
27684886,6,1337015
27686099,4,1336553
27687311,3,1336553
27688524,4,1336553
27689736,10,1336553
27690948,5,1336553
27692162,4,1336553
27693374,6,1336553
27694586,5,1336553
27695799,5,1336553
27697011,3,1334549
27698224,2,1334549
27699437,7,1334549
27700649,3,1334549
27701862,4,1334549
27703074,3,1334549
27704287,3,1334549
27705499,3,1334549
27706712,2,1334549
27707925,3,1334549
27709137,4,1334549
27710351,4,1334549
27711563,6,1334549
27712776,3,1334549
27713988,5,1334549
27715201,5,1334549
27716414,5,1334549
27717626,6,1334549
27718839,4,1337992
27720051,7,1337992
27727327,1,1337992
27728540,1,1337992
27729753,18,1335576
27730966,5,1335576
27732178,4,1335576
27733390,4,1335576
27734603,4,1335576
27735816,3,1335576
27737029,4,1335576
27738241,5,1335576
27739453,5,1335576
27740666,2,1335679
27741879,4,1335679
27743091,2,1335679
27744304,4,1335679
27745516,4,1335679
27746729,5,1335679
27747942,5,1335679
27749154,3,1335679
27750367,3,1335679
27751580,4,1335735
27752793,5,1337015
27754004,4,1337015
27755217,5,1337015
27756430,7,1337015
27757642,5,1337015
27758855,4,1337015
27760067,1,1337015
27761280,5,1337015
27762493,-1,1337015
27763705,5,1337015
27764918,6,1337015
27766130,7,1337015
27767343,8,1337015
27768556,7,1337015
27769768,3,1337015
27770981,6,1337015
27772194,8,1338917
27773406,5,1338917
27774619,3,1338917
27775831,8,1338917
27777044,5,1338917
27778256,6,1338917
27779469,5,1338917
27780682,7,1338917
27781894,7,1338917
27783107,6,1338917
27784319,10,1332082
27785532,6,1332082
27786745,7,1332082
27787957,7,1332082
27789169,7,1332082
27790382,5,1332082
27791595,5,1332082
27792807,7,1332082
27794021,8,1332082
27795232,8,1336347
27796445,6,1336347
27797658,7,1336347
27798870,7,1336347
27800083,5,1336347
27801295,9,1336347
27802508,9,1336347
27803720,5,1336347
27812209,3,1336347
27813421,5,1336347
27814634,7,1336347
27815847,6,1336347
27817059,7,1338506
27818271,4,1338506
27819484,4,1338506
27820696,9,1338506
27821909,6,1338506
27823122,5,1338506
27824334,6,1338506
27825546,6,1338506
27826759,5,1338506
27827971,7,1338403
27829185,6,1338403
27830398,7,1338403
27831609,6,1338403
27832822,9,1338403
27834035,7,1338403
27835247,6,1338403
27836460,8,1338403
27837673,8,1338403
27838885,8,1335576
27840098,4,1335576
27841310,5,1335576
27842523,6,1335576
27843736,8,1335576
27844948,8,1335576
27846160,9,1335576
27847374,4,1335576
27848586,6,1335576
27849799,6,1338094
27851011,4,1338094
27852223,7,1338094
27853436,9,1338094
27854649,7,1338094
27855861,6,1338094
27857074,4,1338094
27858286,6,1338094
27859499,7,1338094
27860712,5,1335371
27861924,6,1335371
27863136,7,1335371
27864350,8,1335371
27865561,4,1335371
27866774,5,1335371
27867987,8,1335371
27869199,5,1335371
27870412,6,1335371
27871625,7,1334137
27872837,4,1335217
27874050,6,1335217
27875263,5,1335217
27876475,3,1335217
27877688,3,1335217
27878899,4,1335217
27880113,5,1335217
27881326,4,1335217
27882538,6,1335217
27883750,4,1333572
27884963,5,1333572
27886175,5,1333572
27887388,4,1333572
27888601,4,1333572
27897089,4,1333572
27898301,7,1333572
27899514,5,1333572
27900726,10,1333572
27901939,4,1333572
27903151,5,1333572
27904364,6,1335628
27905577,2,1337838
27906789,3,1337838
27908002,6,1337838
27909214,4,1337838
27910427,7,1337838
27911639,4,1337838
27912851,5,1337838
27914064,4,1337838
27915276,3,1337838
27916489,3,1333315
27917701,4,1333315
27918914,5,1333315
27920126,4,1333315
27921339,5,1333315
27922552,5,1333315
27923764,4,1333315
27924976,6,1333315
27926189,4,1333315
27927401,5,1333372
27928614,4,1334908
27929827,4,1334908
27931039,4,1334908
27932251,5,1334908
27933464,3,1334908
27934676,4,1334908
27935889,4,1334908
27937102,3,1334908
27938314,4,1334858
27939527,4,1335114
27940739,8,1335114
27941951,3,1335114
27943164,5,1335114
27944376,6,1335114
27945588,6,1335114
27946801,3,1335114
27948014,5,1335114
27949226,4,1335058
27950439,4,1335058
27951651,5,1335058
27952864,6,1335058
27954076,8,1335058
27955289,7,1335058
27956501,5,1335058
27957714,5,1335058
27958926,6,1333778
27960139,7,1333778
27961351,3,1333778
27962564,6,1333778
27963776,4,1333778
27964989,7,1333778
27966202,5,1333778
27967413,6,1333778
27968626,8,1333778
27969839,8,1333778
27971051,8,1337683
27972263,5,1337683
27973476,8,1337683
27980751,5,1337683
27981964,3,1335885
27983177,4,1335885
27984390,7,1335885
27985602,5,1335885
27986814,7,1335885
27988027,8,1335885
27989239,7,1335885
27990452,8,1335885
27991665,5,1335885
27992877,6,1336142
27994089,2,1336142
27995302,8,1336142
27996514,7,1336142
27997727,6,1336142
27998939,7,1336142
28000152,6,1336142
28001365,8,1336142
28002577,10,1336142
28003789,5,1332904
28005002,5,1332904
28006214,5,1332904
28007427,9,1332904
28008639,7,1332904
28009852,6,1332904
28011065,8,1332904
28012277,6,1332904
28013489,6,1332904
28014702,5,1338146
28015914,2,1338146
28017127,5,1338146
28018339,6,1338146
28019552,9,1338146
28020764,4,1338146
28021977,8,1338146
28023190,5,1338146
28024402,6,1338146
28025614,5,1335833
28026827,5,1335833
28028039,9,1335833
28029251,8,1335833
28030465,5,1335833
28031676,4,1335833
28032889,4,1335833
28034101,4,1335833
28035314,2,1335833
28036527,6,1333521
28037739,10,1333521
28038951,8,1333521
28040165,7,1333521
28041376,5,1333521
28042589,7,1333521
28043802,8,1333521
28045015,5,1333521
28046227,7,1333521
28047439,9,1337375
28048652,4,1337375
28049865,6,1337375
28051078,3,1337375
28052290,7,1337375
28053502,5,1337375
28054715,6,1337375
28055927,7,1337375
28057140,4,1337375
28064415,9,1337375
28065628,10,1337375
28066840,5,1337375
28068054,5,1337375
28069266,5,1337838
28070479,0,1331876
28071691,4,1331876
28072903,3,1331876
28074116,4,1331876
28075328,1,1331876
28076541,4,1331876
28077754,4,1331876
28078966,3,1331876
28080179,4,1331876
28081392,4,1338814
28082604,4,1338814
28083816,3,1338814
28085028,3,1338814
28086241,3,1338814
28087454,1,1338814
28088666,3,1338814
28089879,3,1338814
28091091,3,1338814
28092304,2,1334497
28093516,5,1334497
28094729,6,1334497
28095942,6,1334497
28097154,4,1334497
28098366,4,1334497
28099579,4,1334497
28100792,5,1334497
28102004,5,1334497
28103216,4,1335833
28104429,7,1335833
28105641,4,1335833
28106854,2,1335833
28108066,3,1335833
28109279,2,1335833
28110491,4,1335833
28111704,3,1335833
28112916,2,1335833
28114129,4,1335833
28115342,6,1335833
28116554,4,1335833
28117767,5,1335833
28118979,6,1335833
28120192,5,1335833
28121404,4,1335833
28122617,4,1335833
28123829,4,1335833
28125042,6,1335882
28126253,5,1335114
28127466,4,1335114
28128679,3,1335114
28129891,5,1335114
28131103,7,1335114
28132316,5,1335114
28133529,5,1335114
28134741,6,1335114
28135954,2,1335274
28137166,5,1336810
28138378,3,1336810
28139591,5,1336810
28140803,4,1336810
28148176,7,1336810
28149291,6,1336810
28150503,5,1336810
28151716,9,1336810
28152928,7,1336810
28154140,8,1336810
28155353,6,1336810
28156566,7,1338248
28157778,5,1338248
28158991,5,1338248
28160203,8,1338248
28161416,6,1338248
28162628,7,1338248
28163841,6,1338248
28165054,7,1338248
28166266,7,1338248
28167479,4,1338248
28168691,8,1334394
28169905,5,1334394
28171117,5,1334394
28172330,6,1334394
28173542,8,1334394
28174755,6,1334394
28175967,8,1334394
28177180,10,1334394
28178392,6,1334394
28179605,7,1335319
28180818,5,1335319
28182031,8,1335319
28183243,7,1335319
28184456,7,1335319
28185668,6,1335319
28186881,3,1335319
28188094,5,1335319
28189306,7,1335319
28190519,4,1336501
28191731,7,1336501
28192945,9,1336501
28194157,4,1336501
28195370,8,1336501
28196582,8,1336501
28197795,5,1336501
28199007,7,1336501
28200220,7,1336501
28201433,10,1338351
28202646,2,1338351
28203859,8,1338351
28205071,6,1338351
28206283,7,1338351
28207497,5,1338351
28208709,5,1338351
28209922,5,1338351
28211134,7,1338351
28212347,6,1336090
28213559,4,1336090
28214772,4,1336090
28215985,11,1336090
28217198,7,1336090
28218410,7,1336090
28219623,5,1336090
28220836,5,1336090
28222049,4,1336090
28223262,6,1333829
28224474,4,1333829
28232962,5,1333829
28234175,7,1335833
28235388,2,1335833
28236600,6,1335833
28237814,8,1335833
28239025,5,1335833
28240238,8,1335833
28241451,7,1335833
28242664,7,1335833
28243876,7,1335833
28245089,7,1334703
28246301,4,1334703
28247515,5,1334703
28248727,6,1334703
28249940,7,1334703
28251152,4,1334703
28252365,6,1334703
28253578,7,1334703
28254790,9,1334703
28256003,9,1335422
28257215,5,1334754
28258428,7,1334754
28259641,5,1334754
28260853,4,1334754
28262066,5,1334754
28263279,5,1334754
28264492,3,1334754
28265704,2,1334754
28266917,4,1334754
28268130,5,1339688
28269343,6,1339688
28270555,4,1339688
28271768,5,1339688
28272980,3,1339688
28274193,4,1339688
28275406,3,1339688
28276619,4,1339688
28277831,2,1339688
28279045,7,1339688
28280256,4,1339688
28281470,4,1339688
28282682,5,1339688
28283894,5,1339688
28285107,5,1339688
28286320,1,1339688
28287532,4,1339688
28288745,5,1339688
28289958,7,1333572
28291171,5,1333572
28292384,4,1333572
28293596,5,1333572
28294808,3,1333572
28296022,4,1333572
28297233,8,1333572
28298446,3,1333572
28299659,5,1333572
28300872,3,1334189
28302085,4,1334189
28303297,5,1334189
28304510,3,1334189
28305722,7,1334189
28306935,4,1334189
28308147,3,1334189
28309360,5,1334189
28317849,7,1334189
28319062,8,1334189
28320274,8,1334189
28321486,6,1332904
28322699,3,1332794
28323912,3,1331002
28325125,5,1331002
28326337,5,1331002
28327550,4,1331002
28328763,5,1331002
28329975,4,1331002
28331188,5,1331002
28332401,3,1331002
28333614,4,1331002
28334826,4,1331002
28336039,9,1331002
28337251,5,1331002
28338464,5,1331002
28339677,7,1331002
28340889,4,1331002
28342103,8,1331002
28343315,6,1333212
28344528,4,1333212
28345740,7,1333212
28346953,6,1333212
28348165,7,1333212
28349378,8,1333212
28350590,7,1333212
28351803,5,1333212
28353016,7,1333212
28354229,5,1333212
28355442,6,1332287
28356654,5,1332287
28357867,6,1332287
28359079,5,1332287
28360292,6,1332287
28361504,5,1332287
28362717,4,1332287
28363929,6,1332287
28365142,6,1332287
28366355,10,1329872
28367568,4,1329872
28368780,5,1329872
28369993,7,1329872
28371206,6,1329872
28372418,6,1329872
28373631,6,1329872
28374844,6,1329872
28376056,4,1329872
28377270,7,1337632
28378482,5,1337632
28379695,5,1337632
28380908,5,1337632
28382120,6,1337632
28383332,4,1337632
28384545,7,1337632
28385758,4,1337632
28386971,6,1337632
28388184,7,1333572
28389396,4,1333572
28390609,6,1333572
28391822,5,1333572
28393034,9,1333572
28394247,4,1333572
28401523,10,1333572
28402736,9,1333572
28403949,9,1333572
28405161,7,1333572
28406374,7,1333572
28407586,4,1333572
28408799,5,1333572
28410011,5,1331465
28411224,4,1331465
28412437,8,1331465
28413650,5,1331465
28414862,7,1331465
28416075,6,1331465
28417287,7,1331465
28418500,7,1331465
28419713,4,1331465
28420926,5,1331414
28422139,4,1331414
28423351,7,1331414
28424564,5,1331414
28425776,4,1331414
28426990,6,1331414
28428202,10,1331414
28429414,7,1331414
28430627,9,1331414
28431840,9,1334394
28433052,6,1334394
28434265,7,1334394
28435478,5,1334394
28436691,7,1334394
28437904,6,1334394
28439116,4,1334394
28440329,7,1334394
28441542,6,1334394
28442754,7,1333315
28443967,2,1333315
28445180,6,1333315
28446392,6,1333315
28447606,6,1333315
28448819,9,1333315
28450030,7,1333315
28451243,9,1333315
28452457,5,1333315
28453668,4,1334035
28454882,5,1333726
28456094,3,1333726
28457307,3,1333726
28458520,3,1333726
28459732,9,1333726
28460945,3,1333726
28462158,5,1333726
28463370,3,1333726
28464583,4,1333726
28465796,3,1335217
28467009,4,1335217
28468222,4,1335217
28469434,9,1335217
28470647,5,1335217
28471859,6,1335217
28473073,3,1335217
28474285,4,1335217
28475497,5,1335217
28476711,5,1335730
28477923,1,1335730
28485203,5,1335730
28486412,5,1335730
28487628,5,1334240
28488837,18,1334240
28490050,6,1334240
28491262,5,1334240
28492475,2,1334240
28493688,5,1334240
28494901,3,1334240
28496114,4,1334240
28497327,2,1334240
28498539,5,1334240
28499751,5,1334240
28500964,5,1334240
28502177,2,1334240
28503389,4,1334240
28504602,6,1334240
28505815,7,1334240
28507028,3,1334240
28508241,6,1334240
28509453,3,1334129
28510666,3,1331825
28511879,4,1331825
28513091,3,1331825
28514304,3,1331825
28515517,3,1331825
28516729,7,1331825
28517942,5,1331825
28519155,3,1331825
28520367,4,1331821
28521580,5,1330797
28522792,3,1330797
28524005,3,1330797
28525218,2,1330797
28526430,7,1330797
28527643,6,1330797
28528856,4,1330797
28530068,3,1330797
28531281,4,1330797
28532494,3,1330797
28533706,5,1330797
28534919,5,1330797
28536132,5,1330797
28537345,7,1330797
28538557,8,1330797
28539770,5,1330797
28540983,5,1330797
28542196,5,1330797
28543408,4,1330797
28544621,7,1330797
28545834,5,1330797
28547046,4,1330797
28548259,8,1330797
28549472,3,1330797
28550684,7,1330797
28551897,4,1330797
28553110,6,1333675
28554323,5,1333675
28555535,5,1333675
28556748,8,1333675
28557960,5,1333675
28559173,7,1333675
28560386,7,1333675
28561598,4,1333675
28570087,5,1333675
28571300,6,1333675
28572513,8,1333675
28573725,6,1333675
28574938,4,1330951
28576151,5,1330951
28577363,8,1330951
28578576,8,1330951
28579788,4,1330951
28581001,5,1330951
28582214,4,1330951
28583426,9,1330951
28584639,7,1330951
28585851,7,1325504
28587064,4,1325504
28588277,4,1325504
28589490,3,1325504
28590702,5,1325504
28591915,8,1325504
28593127,7,1325504
28594341,7,1325504
28595552,5,1325504
28596765,4,1334857
28597978,4,1334857
28599191,7,1334857
28600403,8,1334857
28601616,8,1334857
28602828,4,1334857
28604042,8,1334857
28605254,8,1334857
28606466,8,1334857
28607680,8,1329923
28608891,7,1329923
28610104,5,1329923
28611317,7,1329923
28612529,7,1329923
28613742,9,1329923
28614955,7,1329923
28616167,5,1329923
28617381,6,1329923
28618593,4,1333778
28619806,4,1333778
28621018,9,1333778
28622231,8,1333778
28623444,6,1333778
28624656,11,1333778
28625868,7,1333778
28627082,5,1333778
28628294,7,1333778
28629507,5,1333623
28630719,4,1333623
28631932,5,1333623
28633145,5,1333623
28634358,7,1333623
28635570,4,1333623
28636783,5,1333623
28637995,8,1333623
28639208,8,1333623
28640421,6,1334446
28641634,5,1331979
28642846,6,1331979
28644058,6,1331979
28645271,4,1331979
28646484,4,1331979
28654974,9,1331979
28656186,6,1331979
28657399,6,1331979
28658612,7,1331979
28659825,6,1331979
28661038,9,1331979
28662250,6,1331105
28663462,3,1330129
28664675,5,1330129
28665888,4,1330129
28667100,2,1330129
28668313,3,1330129
28669527,1,1330129
28670739,9,1330129
28671952,2,1330129
28673165,5,1330129
28674377,4,1330694
28675590,4,1330694
28676803,4,1330694
28678015,3,1330694
28679228,4,1330694
28680440,4,1330694
28681653,3,1330694
28682866,3,1330694
28684079,4,1330694
28685292,4,1330334
28686505,5,1330334
28687716,5,1330334
28688929,4,1330334
28690142,6,1330334
28691355,4,1330334
28692567,2,1330334
28693781,4,1330334
28694993,4,1330334
28696205,4,1330392
28697418,4,1332184
28698631,4,1332184
28699844,4,1332184
28701056,4,1332184
28702269,3,1332184
28703482,-2,1332184
28704695,4,1332184
28705907,4,1332184
28707120,6,1332164
28708332,4,1340356
28709546,5,1340356
28710758,4,1340356
28711971,4,1340356
28713183,5,1340356
28714397,5,1340356
28715608,5,1340356
28716821,4,1340356
28718034,5,1340356
28719247,5,1340356
28720460,8,1340356
28721672,6,1340356
28722885,7,1340356
28724098,5,1340356
28725311,7,1340356
28726523,8,1340356
28727736,9,1340356
28728948,6,1340356
28730161,5,1340356
28731374,8,1340356
28738650,3,1340356
28739862,5,1335011
28741075,2,1335011
28742288,7,1335011
28743501,8,1335011
28744713,8,1335011
28745927,6,1335011
28747139,5,1335011
28748351,6,1335011
28749564,9,1335011
28750777,5,1333264
28751990,3,1333264
28753202,5,1333264
28754415,6,1333264
28755627,7,1333264
28756841,7,1333264
28758053,7,1333264
28759266,2,1333264
28760478,7,1333264
28761691,4,1334137
28762903,6,1334137
28764116,5,1334137
28765329,7,1334137
28766542,6,1334137
28767754,4,1334137
28768967,9,1334137
28770179,6,1334137
28771392,6,1334137
28772605,6,1331979
28773817,4,1331979
28775030,9,1331979
28776243,6,1331979
28777455,6,1331979
28778669,8,1331979
28779881,7,1331979
28781094,5,1331979
28782307,4,1331979
28783519,7,1333778
28784733,9,1333778
28785944,4,1333778
28787157,2,1333778
28788370,5,1333778
28789583,8,1333778
28790795,8,1333778
28792009,7,1333778
28793221,7,1333778
28794433,9,1334600
28795646,4,1334600
28796859,7,1334600
28798071,5,1334600
28799285,5,1334600
28800497,7,1334600
28801710,4,1334600
28802923,7,1334600
28804135,6,1334600
28805348,5,1336553
28806560,5,1336553
28807774,6,1336553
28808986,9,1336553
28810199,6,1336553
28811412,6,1336553
28812624,9,1336553
28813837,6,1336553
28815049,10,1336553
28822326,3,1336553
28823538,5,1336553
28824751,6,1336553
28825964,6,1336553
28827176,6,1335782
28828389,5,1335782
28829602,5,1335782
28830815,5,1335782
28832027,5,1335782
28833241,7,1335782
28834453,5,1335782
28835666,7,1335782
28836878,7,1335782
28838091,6,1337118
28839304,3,1332853
28840517,5,1332853
28841729,7,1332853
28842942,6,1332853
28844155,5,1332853
28845367,5,1332853
28846580,3,1332853
28847793,2,1332853
28849006,3,1332853
28850218,5,1331773
28851431,6,1331773
28852644,3,1331773
28853857,3,1331773
28855069,3,1331773
28856281,5,1331773
28857494,0,1331773
28858707,6,1331773
28859920,4,1331773
28861133,2,1328484
28862346,5,1328484
28863558,5,1328484
28864771,4,1328484
28865984,5,1328484
28867196,4,1328484
28868409,3,1328484
28869622,4,1328484
28870835,5,1328484
28872047,4,1338814
28873260,5,1338814
28874473,3,1338814
28875685,3,1338814
28876900,4,1338814
28878111,4,1338814
28879324,5,1338814
28880536,5,1338814
28881749,4,1338814
28882962,6,1334343
28884175,5,1334343
28885387,4,1334343
28886600,4,1334343
28887813,3,1334343
28889026,5,1334343
28890239,3,1334343
28891451,3,1334343
28892664,4,1334343
28893877,6,1334453
28895089,4,1336501
28896301,5,1336501
28897515,4,1336501
28898727,6,1336501
28907216,5,1336501
28908429,7,1336501
28909641,11,1336501
28910854,5,1336501
28912067,5,1336501
28913280,7,1336501
28914492,6,1331722
28915705,4,1331722
28916918,3,1331722
28918131,7,1331722
28919343,10,1331722
28920556,6,1331722
28921768,7,1331722
28922982,8,1331722
28924194,6,1331722
28925407,5,1338865
28926619,3,1338865
28927833,4,1338865
28929045,11,1338865
28930258,6,1338865
28931470,6,1338865
28932683,4,1338865
28933896,6,1338865
28935109,8,1338865
28936321,8,1338865
28937534,5,1335011
28938746,5,1335011
28939959,6,1335011
28941172,6,1335011
28942384,6,1335011
28943598,7,1335011
28944810,9,1335011
28946023,4,1335011
28947235,6,1335011
28948448,7,1334857
28949662,3,1334857
28950874,8,1334857
28952086,8,1334857
28953299,9,1334857
28954512,4,1334857
28955725,6,1334857
28956937,6,1334857
28958150,7,1334857
28959363,7,1335936
28960576,3,1335936
28961788,5,1335936
28963001,3,1335936
28964214,7,1335936
28965427,10,1335936
28966639,6,1335936
28967851,4,1335936
28969064,2,1335936
28970277,7,1335319
28971489,0,1335319
28972702,6,1335319
28973915,8,1335319
28975128,6,1335319
28976340,6,1335319
28977554,5,1335319
28978766,3,1335319
28979979,6,1335319
28981191,7,1333161
28982404,6,1333161
28983617,9,1333161
28992106,5,1333880
28993318,5,1333880
28994531,11,1333880
28995744,8,1333880
28996956,6,1333880
28998169,5,1333880
28999382,9,1333880
29000595,8,1333880
29001808,8,1333880
29003020,7,1333007
29004233,9,1333007
29005446,7,1333007
29006659,6,1333007
29007872,8,1333007
29009085,7,1333007
29010297,6,1333007
29011510,6,1333007
29012722,7,1333007
29013935,8,1335525
29015149,5,1335525
29016361,4,1335525
29017573,6,1335525
29018786,8,1335525
29019999,7,1335525
29021212,3,1335525
29022425,7,1335525
29023637,4,1335525
29024850,8,1333675
29026063,5,1331002
29027276,5,1331002
29028489,2,1331002
29029701,7,1331002
29030914,5,1331002
29032126,3,1331002
29033340,4,1331002
29034552,4,1331002
29035765,2,1331002
29036978,5,1331722
29038191,5,1331722
29039403,5,1331722
29040616,4,1331722
29041829,6,1331722
29043041,7,1331722
29044253,5,1331722
29045467,4,1331722
29046680,3,1331722
29047892,4,1328176
29049104,3,1328176
29050317,3,1328176
29051530,4,1328176
29052743,8,1328176
29053956,3,1328176
29055168,3,1328176
29056381,3,1328176
29057594,-1,1328176
29058806,2,1328536
29060019,1,1328536
29061233,7,1328536
29062445,3,1328536
29063658,3,1328536
29064871,4,1328536
29066083,-2,1328536
29067296,4,1328536
29068509,3,1328536
29076998,10,1328536
29078211,7,1328536
29079424,6,1330334
29080636,4,1330334
29081849,5,1330334
29083062,3,1330334
29084274,3,1330334
29085487,3,1330334
29086700,4,1330334
29087913,8,1330334
29089126,8,1330334
29090338,5,1330334
29091551,3,1330351
29092763,6,1321135
29093977,5,1321135
29095189,5,1321135
29096401,5,1321135
29097614,4,1321135
29098827,3,1321135
29100040,3,1321135
29101252,4,1321135
29102465,2,1320974
29103678,6,1332750
29104891,6,1332750
29106103,2,1332750
29107316,1,1332750
29108529,4,1332750
29109742,9,1332750
29110954,5,1332750
29112167,4,1332750
29113380,3,1332750
29114592,2,1332750
29115804,6,1332750
29117018,8,1332750
29118230,6,1332750
29119443,9,1332750
29120655,6,1332750
29121868,6,1332750
29123082,7,1332236
29124294,6,1332236
29125507,4,1332236
29126719,3,1332236
29127932,6,1332236
29129144,6,1332236
29130358,5,1332236
29131570,8,1332236
29132783,5,1332236
29133995,4,1332236
29135209,7,1330129
29136421,5,1330129
29137633,9,1330129
29138847,7,1330129
29140059,6,1330129
29141272,5,1330129
29142485,7,1330129
29143698,3,1330129
29144911,7,1330129
29146123,7,1331054
29147335,3,1331054
29148549,5,1331054
29149761,7,1331054
29150974,3,1331054
29152187,7,1331054
29153399,3,1331054
29160676,11,1331054
29161888,3,1331054
29163101,5,1331054
29164314,6,1331054
29165527,7,1331054
29166739,11,1331054
29167951,6,1332030
29169165,3,1332030
29170378,3,1332030
29171589,4,1332030
29172802,3,1332030
29174015,6,1332030
29175228,5,1332030
29176441,8,1332030
29177653,6,1332030
29178866,6,1330951
29180078,2,1330951
29181291,7,1330951
29182504,8,1330951
29183716,7,1330951
29184929,5,1330951
29186142,7,1330951
29187355,6,1330951
29188567,6,1330951
29189780,7,1252477
29190993,3,1252477
29192205,7,1252477
29193418,6,1252477
29194631,8,1252477
29195844,8,1252477
29197057,7,1252477
29198270,8,1252477
29199482,6,1252477
29200695,6,1327662
29201908,3,1327662
29203120,5,1327662
29204334,7,1327662
29205547,7,1327662
29206759,7,1327662
29207972,7,1327662
29209185,6,1327662
29210398,6,1327662
29211610,5,1334035
29212823,2,1334035
29214035,8,1334035
29215248,8,1334035
29216461,6,1334035
29217674,4,1334035
29218887,7,1334035
29220099,4,1334035
29221312,8,1334035
29222525,4,1328536
29223738,9,1332338
29224951,8,1332338
29226163,5,1332338
29227376,5,1332338
29228589,6,1332338
29229802,4,1332338
29231015,3,1332338
29232227,6,1332338
29233440,6,1332338
29234653,4,1325863
29235866,6,1325863
29237078,8,1325863
29245569,10,1325863
29246781,10,1325863
29247993,6,1325863
29249206,7,1325863
29250418,7,1325863
29251631,5,1325863
29252844,8,1325863
29254057,5,1325863
29255270,5,774487
29256483,0,777468
29257695,7,777468
29258908,5,777468
29260120,5,777468
29261333,5,777468
29262546,5,777468
29263760,5,777468
29264972,4,777468
29266185,6,777468
29267398,6,769336
29268611,6,834872
29269823,5,834872
29271036,6,834872
29272248,3,834872
29273461,3,834872
29274674,2,834872
29275887,4,834872
29277099,3,834872
29278312,5,834817
29279525,4,1026561
29280737,9,1026561
29281950,5,1026561
29283163,6,1026561
29284375,4,1026561
29285589,2,1026561
29286801,4,1026561
29288014,3,1026561
29289226,5,1026720
29290439,5,835488
29291651,2,835488
29292865,1,835488
29294077,5,835488
29295290,6,835488
29296503,2,835488
29297715,4,835488
29298928,5,835488
29300142,4,835488
29301354,5,835488
29302567,7,835488
29303780,4,835488
29304992,6,835488
29306206,5,835488
29307418,5,835488
29308631,8,835488
29309844,7,835488
29311056,4,835488
29312269,2,835488
29313482,7,835488
29314695,5,835488
29315908,6,835488
29317121,3,835488
29318334,7,835488
29319547,6,835488
29320759,6,835488
29321972,7,835488
29329249,13,835488
29330462,9,835488
29331675,9,835488
29332887,7,775053
29334100,3,775053
29335312,7,775053
29336525,6,775053
29337738,9,775053
29338951,6,775053
29340164,8,775053
29341377,10,775053
29342589,10,775053
29343802,5,771198
29345015,6,771198
29346228,7,771198
29347440,9,771198
29348654,6,771198
29349866,8,771198
29351079,5,771198
29352292,4,771198
29353505,7,771198
29354717,8,770067
29355930,2,770067
29357142,8,770067
29358355,9,770067
29359569,10,770067
29360782,5,770067
29361994,6,770067
29363207,7,770067
29364419,6,770067
29365632,7,770427
29366845,3,770427
29368058,8,770427
29369271,5,770427
29370484,5,770427
29371696,5,770427
29372909,8,770427
29374121,8,770427
29375334,9,770427
29376547,6,773870
29377760,5,773870
29378973,4,773870
29380186,5,773870
29381399,7,773870
29382612,8,773870
29383825,7,773870
29385037,7,773870
29386250,6,773870
29387462,5,773408
29388675,5,773408
29389888,2,773408
29391102,5,773408
29392314,8,773408
29393526,6,773408
29394740,13,773408
29395952,6,773408
29397164,8,773408
29398378,7,771558
29399590,3,771558
29400803,5,771558
29402015,6,771558
29403229,6,771558
29404441,7,771558
29405654,10,771558
29414143,8,771558
29415356,8,771558
29416569,6,771558
29417781,6,771558
29418994,3,771558
29420207,5,770581
29421420,5,774024
29422632,4,774024
29423846,4,774024
29425058,4,774024
29426271,1,774024
29427483,4,774024
29428696,4,774024
29429910,4,774024
29431122,5,774024
29432335,4,770479
29433547,2,770479
29434760,4,770479
29435973,4,770479
29437186,4,770479
29438398,4,770479
29439611,7,770479
29440824,4,770479
29442036,6,770479
29443249,4,770479
29444463,4,770479
29445675,6,770479
29446887,4,770479
29448100,4,770479
29449313,5,770479
29450526,4,770479
29451738,5,770479
29452951,4,770479
29454165,4,768166
29455377,5,768166
29456590,4,768166
29457803,2,768166
29459015,5,768166
29460227,6,768166
29461441,5,768166
29462653,5,768166
29463866,5,768166
29465078,3,773870
29466292,5,773870
29467504,4,773870
29468716,5,773870
29469929,5,773870
29471142,2,773870
29472355,2,773870
29473567,5,773870
29474779,3,773870
29475993,4,773742
29477205,6,766830
29478417,5,766830
29479630,5,766830
29480843,5,766830
29482056,5,766830
29483268,6,766830
29484481,5,766830
29485693,4,766830
29486906,5,766864
29488119,5,776080
29489332,6,776080
29490544,8,775969
29499033,11,773665
29500247,4,773665
29501459,3,773665
29502672,4,773665
29503884,6,773665
29505097,6,773665
29506310,5,773665
29507522,5,773665
29508735,7,773665
29509948,8,773665
29511160,10,773665
29512373,5,773665
29513585,7,773665
29514799,5,773665
29516011,5,773665
29517224,5,773665
29518437,12,773665
29519649,6,770119
29520862,0,770119
29522075,4,770119
29523287,5,770119
29524500,5,770119
29525713,7,770119
29526925,7,770119
29528139,5,770119
29529351,8,770119
29530564,6,772534
29531776,3,772534
29532990,6,772534
29534202,6,772534
29535415,4,772534
29536627,9,772534
29537840,6,772534
29539053,5,772534
29540266,7,772534
29541479,6,776337
29542691,4,776337
29543903,6,776337
29545116,3,776337
29546329,10,776337
29547542,7,776337
29548754,5,776337
29549967,6,776337
29551180,5,776337
29552393,6,775412
29553605,2,775412
29554818,8,775412
29556031,10,775412
29557243,6,775412
29558457,8,775412
29559669,7,775412
29560882,9,775412
29562095,7,775412
29563307,8,770684
29564520,3,770684
29565732,11,770684
29566945,8,770684
29568158,7,770684
29569371,7,770684
29570584,5,770684
29571796,5,770684
29573008,7,770684
29574222,5,773716
29575434,6,773716
29583923,4,773716
29585136,6,769811
29586349,6,769811
29587561,9,769811
29588774,5,769811
29589987,4,769811
29591199,5,769811
29592413,5,769811
29593625,6,769811
29594838,5,769811
29596051,6,773614
29597263,3,773614
29598476,5,773614
29599688,7,773614
29600901,6,773614
29602114,5,773614
29603327,7,773614
29604539,7,773614
29605752,5,773614
29606965,3,772688
29608178,3,772688
29609390,8,772688
29610603,8,772688
29611816,7,772688
29613028,4,772688
29614241,3,772688
29615454,5,772688
29616667,5,772688
29617879,8,772072
29619092,6,771095
29620305,6,771095
29621517,5,771095
29622730,8,771095
29623943,3,771095
29625155,5,771095
29626368,3,771095
29627581,3,771095
29628793,-2,771095
29630006,4,774384
29631219,4,774384
29632431,7,774384
29633645,7,774384
29634857,6,774384
29636070,2,774384
29637283,3,774384
29638495,4,774384
29639708,6,774384
29640921,5,768783
29642133,5,768783
29643346,3,768783
29644559,4,768783
29645772,5,768783
29646984,5,768783
29648197,6,768783
29649410,4,768783
29650623,3,768783
29651836,3,773922
29653048,5,773922
29654262,5,773922
29655474,4,773922
29656686,3,773922
29657900,5,773922
29659113,3,773922
29660325,3,773922
29668815,9,773922
29670027,9,773922
29671240,6,773922
29672453,4,768115
29673666,4,768030
29674878,5,772894
29676091,4,772894
29677303,6,772894
29678516,7,772894
29679729,5,772894
29680942,5,772894
29682154,6,772894
29683368,5,772894
29684581,4,772956
29685792,4,775772
29687006,4,775772
29688218,7,775772
29689431,7,775772
29690644,4,775772
29691857,6,775772
29693070,1,775772
29694282,5,775772
29695495,3,775772
29696708,6,775772
29697921,7,775772
29699134,6,775772
29700346,8,775772
29701559,6,775772
29702771,4,775772
29703984,8,775772
29705198,9,771763
29706410,6,771763
29707623,6,771763
29708836,6,771763
29710048,8,771763
29711260,6,771763
29712473,5,771763
29713687,3,771763
29714899,5,771763
29716112,5,771763
29717324,8,773562
29718537,9,773562
29719750,7,773562
29720962,7,773562
29722175,6,773562
29723388,6,773562
29724600,8,773562
29725813,7,773562
29727026,8,773562
29728239,5,769348
29729452,3,769348
29730665,6,769348
29731877,6,769348
29733090,6,769348
29734303,9,769348
29735516,7,769348
29736728,7,769348
29737941,6,769348
29739154,4,770633
29740366,3,770633
29741580,7,770633
29742792,6,770633
29744004,6,770633
29745217,3,770633
29752493,6,770633
29753706,7,770633
29754919,8,770633
29756132,7,770633
29757345,8,770633
29758558,5,770633
29759770,6,770633
29760983,7,775926
29762196,3,775926
29763408,6,775926
29764621,5,775926
29765834,6,775926
29767047,7,775926
29768259,6,775926
29769472,4,775926
29770686,6,775926
29771900,3,772380
29773111,3,772380
29774323,6,772380
29775536,5,772380
29776749,6,772380
29777961,7,772380
29779174,5,772380
29780387,6,772380
29781601,5,772380
29782813,4,769297
29784026,5,769297
29785238,6,769297
29786452,6,769297
29787664,8,769297
29788877,5,769297
29790090,7,769297
29791303,6,769297
29792516,9,769297
29793728,9,768320
29794940,4,768320
29796154,8,768320
29797366,7,768320
29798579,9,768320
29799791,5,768320
29801005,8,768320
29802218,6,768320
29803431,10,768320
29804642,8,771404
29805855,8,774693
29807069,5,774693
29808281,3,774693
29809494,4,774693
29810707,4,774693
29811919,4,774693
29813132,4,774693
29814344,5,774693
29815557,4,774693
29816770,3,769451
29817983,3,769451
29819196,5,769451
29820408,4,769451
29821621,5,769451
29822834,4,769451
29824047,6,769451
29825260,4,769451
29826472,2,769451
29827686,6,776132
29828900,7,776132
29836176,5,776132
29837387,3,776132
29838600,14,770684
29839812,12,770684
29841026,7,770684
29842238,8,770684
29843451,3,770684
29844664,3,770684
29845876,4,770684
29847089,4,770684
29848301,3,770684
29849515,5,771815
29850727,2,771815
29851940,3,771815
29853153,2,771815
29854366,3,771815
29855578,3,771815
29856791,4,771815
29858003,5,771815
29859216,4,771815
29860429,7,771767
29861642,3,772791
29862854,3,772791
29864066,3,772791
29865279,3,772791
29866493,4,772791
29867704,5,772791
29868918,4,772791
29870130,3,772791
29871343,4,772700
29872555,5,775772
29873768,6,775772
29874980,5,775772
29876193,4,775772
29877406,5,775772
29878619,5,775772
29879831,5,775772
29881045,4,775772
29882257,3,775855
29883470,0,770479
29884683,4,770479
29885895,6,770479
29887108,3,770479
29888321,3,770479
29889534,6,770479
29890746,5,770479
29891959,5,770479
29893172,4,770479
29894385,2,770479
29895598,7,770479
29896811,7,770479
29898023,8,770479
29899236,7,770479
29900449,7,770479
29901662,7,770479
29902874,3,771661
29904087,2,771661
29905300,6,771661
29906513,9,771661
29907726,6,771661
29908939,4,771661
29910151,4,771661
29911365,5,771661
29912577,5,771661
29919855,8,771661
29921067,4,771661
29922280,6,771661
29923493,6,771661
29924705,7,771661
29925918,3,775207
29927131,4,775207
29928344,10,775207
29929557,5,775207
29930770,4,775207
29931983,5,775207
29933195,7,775207
29934408,7,775207
29935621,10,775207
29936834,8,775823
29938047,5,775823
29939259,6,775823
29940473,6,775823
29941686,10,775823
29942900,7,775823
29944111,7,775823
29945323,6,775823
29946536,7,775823
29947749,5,776851
29948962,5,776851
29950175,8,776851
29951387,8,776851
29952601,9,776851
29953814,7,776851
29955026,6,776851
29956239,8,776851
29957451,6,776851
29958665,5,776594
29959877,4,776594
29961090,7,776594
29962303,6,776594
29963516,7,776594
29964728,10,776594
29965942,7,776594
29967154,7,776594
29968367,8,776594
29969579,8,773922
29970792,5,773922
29972005,4,773922
29973218,6,773922
29974430,7,773922
29975644,5,773922
29976856,6,773922
29978068,6,773922
29979282,5,773922
29980494,5,776389
29981707,4,776389
29982920,10,776389
29984133,8,776389
29985346,9,776389
29986558,5,776389
29987770,4,776389
29988983,6,776389
29990196,7,776389
29991409,8,776132
29992622,3,776132
29993835,8,776132
29995048,7,776132
29996261,6,777519
30003538,16,777519
30004750,5,777519
30005963,8,777519
30007177,6,777519
30008390,7,777519
30009602,6,777519
30010815,6,777519
30012027,9,777519
30013241,7,776183
30014453,4,777108
30015667,5,777108
30016879,3,777108
30018092,3,777108
30019305,8,777108
30020517,6,777108
30021730,8,777108
30022943,5,777108
30024156,5,777108
30025368,4,781373
30026581,6,781373
30027794,4,781373
30029007,5,781373
30030220,5,781373
30031433,8,781373
30032646,4,781373
30033858,4,781373
30035071,4,781373
30036284,5,776697
30037497,3,776697
30038710,3,776697
30039923,4,776697
30041135,4,776697
30042348,5,776697
30043561,4,776697
30044774,5,776697
30045987,2,776697
30047200,5,780603
30048412,2,780603
30049625,4,780603
30050838,3,780603
30052051,4,780603
30053264,4,780603
30054476,4,780603
30055689,5,780603
30056903,5,780603
30058115,5,780696
30059329,4,778136
30060541,4,778136
30061754,4,778136
30062966,4,778136
30064179,6,778136
30065392,6,778136
30066605,4,778136
30067818,4,778136
30069031,6,778127
30070243,5,775823
30071457,5,775823
30072670,2,775823
30073881,5,775823
30075094,2,775823
30076308,4,775823
30077520,3,775823
30078733,9,775823
30079946,3,775823
30087224,9,775823
30088436,12,775823
30089648,6,776183
30090861,4,776183
30092074,3,776183
30093287,6,776183
30094501,7,776183
30095713,5,776183
30096925,6,776183
30098139,6,776183
30099351,6,776183
30100564,9,776183
30101777,4,778444
30102990,4,778444
30104203,6,778444
30105416,5,778444
30106628,5,778444
30107841,8,778444
30109054,6,778444
30110267,7,778444
30111479,6,778444
30112692,8,776389
30113906,5,776389
30115119,6,776389
30116331,4,776389
30117544,6,776389
30118757,5,776389
30119970,6,776389
30121182,7,776389
30122395,4,776389
30123609,7,778958
30124821,0,778958
30126035,8,778958
30127247,8,778958
30128460,5,778958
30129673,8,778958
30130886,6,778958
30132099,6,778958
30133312,5,778958
30134525,8,774127
30135737,10,774127
30136950,7,774127
30138164,6,774127
30139376,6,774127
30140589,5,774127
30141802,6,774127
30143015,9,774127
30144227,8,774127
30145441,6,776645
30146654,4,776645
30147866,6,776645
30149079,3,776645
30150292,6,776645
30151505,8,776645
30152718,6,776645
30153931,9,776645
30155143,5,776645
30156357,5,775566
30157569,3,775566
30158783,3,775566
30159995,5,775566
30161208,7,775566
30162421,8,775566
30163633,6,775566
30172123,8,775566
30173337,6,775566
30174550,6,775566
30175762,5,775566
30176975,4,775566
30178189,4,779729
30179401,7,779729
30180614,7,779729
30181827,6,779729
30183040,10,779729
30184252,9,779729
30185465,7,779729
30186678,8,779729
30187891,7,779729
30189104,5,778547
30190316,2,778547
30191529,9,778547
30192742,8,778547
30193955,8,778547
30195168,7,778547
30196380,4,778547
30197593,6,778547
30198806,7,778547
30200019,7,779780
30201232,9,776491
30202445,3,776491
30203658,4,776491
30204871,3,776491
30206083,4,776491
30207296,4,776491
30208509,6,776491
30209722,5,776491
30210934,5,776491
30212147,4,779472
30213360,6,779472
30214573,5,779472
30215786,3,779472
30216998,5,779472
30218211,5,779472
30219424,6,779472
30220637,4,779472
30221850,2,779472
30223063,1,776337
30224275,4,776337
30225489,3,776337
30226701,2,776337
30227914,4,776337
30229127,4,776337
30230340,6,776337
30231552,4,776337
30232765,5,776337
30233978,5,779010
30235191,4,779010
30236403,3,779010
30237616,4,779010
30238828,6,779010
30240042,6,779010
30241255,5,779010
30242467,-1,779010
30243680,3,779010
30244892,5,777365
30246106,4,777365
30247318,3,777365
30248531,2,777930
30257021,13,777930
30258233,11,777930
30259446,4,777930
30260659,2,777930
30261872,6,777930
30263085,4,777930
30264297,5,777930
30265511,6,777930
30266723,4,777914
30267936,3,773562
30269148,6,773562
30270361,5,773562
30271574,2,773562
30272788,5,773562
30274001,6,773562
30275212,5,773562
30276425,10,773562
30277638,5,773578
30278851,6,777930
30280064,3,777930
30281276,3,777930
30282490,8,777930
30283703,12,777930
30284915,22,777930
30286128,11,777930
30287341,4,777930
30288554,3,777930
30289767,3,777930
30290979,5,777930
30292193,8,777930
30293405,7,777930
30294618,8,777930
30295831,5,777930
30297043,10,777930
30298257,8,777930
30299468,6,777159
30300682,5,777159
30301894,5,777159
30303107,5,777159
30304319,6,777159
30305533,6,777159
30306745,8,777159
30307957,8,777159
30309170,4,777159
30310383,4,778342
30311595,3,778342
30312808,4,778342
30314021,7,778342
30315233,5,778342
30316446,8,778342
30317659,6,778342
30318872,6,778342
30320084,6,778342
30321298,5,779061
30322511,3,779061
30323723,6,779061
30324935,5,779061
30326149,3,779061
30327361,6,779061
30328574,6,779061
30329786,7,779061
30330999,3,779061
30332212,6,775772
30333425,8,775772
30341914,3,775772
30343127,5,778136
30344340,4,778136
30345553,8,778136
30346765,7,778136
30347978,6,778136
30349191,10,778136
30350404,6,778136
30351616,8,778136
30352829,5,778136
30354042,9,777108
30355255,4,777108
30356468,6,777108
30357681,4,777108
30358893,6,777108
30360106,5,777108
30361319,6,777108
30362532,8,777108
30363745,7,777108
30364958,7,781528
30366170,4,781528
30367384,7,781528
30368597,8,781528
30369810,6,781528
30371022,6,781528
30372235,8,781528
30373448,6,781528
30374661,5,781528
30375873,5,775566
30377086,3,775566
30378299,5,775566
30379513,6,775566
30380725,7,775566
30381938,9,775566
30383151,6,775566
30384363,8,775566
30385576,9,775566
30386789,4,778701
30388002,4,778701
30389215,5,778701
30390428,8,778701
30391641,9,778701
30392854,8,778701
30394066,5,778701
30395279,5,778701
30396492,5,778701
30397704,4,775566
30398918,4,778393
30400131,1,778393
30401343,4,778393
30402556,3,778393
30403770,3,778393
30404982,4,778393
30406194,5,778393
30407407,4,778393
30408621,3,778393
30409834,5,776080
30411046,6,776080
30412259,3,776080
30413473,3,776080
30414685,5,776080
30415897,5,776080
30417111,4,776080
30418323,6,776080
30426813,9,776080
30428027,6,776080
30429239,10,776080
30430452,5,780808
30431666,4,779010
30432879,3,779010
30434091,3,779010
30435304,4,779010
30436517,1,779010
30437730,6,779010
30438943,3,779010
30440155,2,779010
30441369,5,779010
30442582,4,772380
30443795,0,772380
30445007,5,772380
30446220,4,772380
30447433,7,772380
30448645,6,772380
30449859,4,772380
30451071,5,772380
30452285,4,772380
30453498,4,772451
30454710,5,777571
30455923,5,777571
30457136,3,777571
30458349,5,777571
30459562,3,777571
30460775,4,777571
30461987,4,777571
30463201,4,777571
30464413,4,777489
30465627,4,783121
30466839,4,783121
30468052,3,783121
30469265,4,783121
30470477,4,783121
30471691,4,783121
30472903,5,783121
30474116,3,783121
30475329,4,783121
30476542,6,783121
30477755,7,783121
30478968,6,783121
30480180,10,783121
30481394,6,783121
30482606,4,783121
30483820,3,783121
30485032,9,778804
30486245,5,778804
30487458,3,778804
30488671,9,778804
30489883,6,778804
30491096,7,778804
30492309,5,778804
30493522,6,778804
30494734,9,778804
30495947,6,778804
30497160,4,781836
30498373,4,781836
30499586,6,781836
30500799,8,781836
30502012,8,781836
30503224,1,781836
30510501,7,781836
30511714,6,781836
30512927,7,781836
30514140,5,781836
30515353,6,781836
30516566,7,781836
30517778,6,781836
30518991,4,778290
30520204,6,778290
30521417,5,778290
30522630,5,778290
30523843,7,778290
30525055,6,778290
30526269,5,778290
30527481,5,778290
30528694,7,778290
30529907,7,776337
30531119,4,776337
30532332,10,776337
30533546,7,776337
30534758,2,776337
30535971,5,776337
30537184,10,776337
30538396,5,776337
30539609,9,776337
30540822,7,779883
30542035,5,779883
30543249,7,779883
30544461,6,779883
30545674,8,779883
30546886,5,779883
30548099,12,779883
30549313,3,779883
30550525,5,779883
30551738,14,774744
30552951,2,774744
30554165,22,774744
30555377,5,774744
30556590,7,774744
30557803,5,774744
30559016,6,774744
30560228,9,774744
30561442,7,774744
30562654,5,775823
30563868,4,775823
30565080,7,775823
30566294,14,775823
30567507,4,775823
30568719,3,775823
30569932,-2,775823
30571145,7,775823
30572358,10,775823
30573570,6,781990
30574784,6,781990
30575997,2,781990
30577210,4,781990
30578422,5,781990
30579635,9,781990
30580849,7,781990
30582062,8,781990
30583274,-1,781990
30584486,11,783223
30585700,3,783223
30586912,4,783223
30594190,5,783223
30595403,3,777673
30596615,4,778084
30597829,4,778084
30599042,8,778084
30600255,3,778084
30601468,3,778084
30602680,7,778084
30603894,6,778084
30605106,0,778084
30606319,3,778084
30607532,3,780860
30608745,3,780860
30609958,3,780860
30611171,4,780860
30612384,3,780860
30613597,4,780860
30614810,3,780860
30616023,3,780860
30617236,6,780860
30618448,2,775875
30619661,5,775875
30620875,4,775875
30622087,3,775875
30623300,3,775875
30624514,3,775875
30625727,4,775875
30626939,4,775875
30628152,4,775875
30629365,3,781733
30630578,6,781733
30631791,-1,781733
30633003,1,781733
30634217,4,781733
30635429,6,781733
30636642,3,781733
30637855,6,781733
30639068,3,781733
30640281,5,778701
30641494,4,778701
30642707,5,778701
30643920,6,778701
30645132,3,778701
30646346,4,778701
30647558,4,778701
30648771,1,778701
30649984,2,778701
30651196,5,778553
30652409,5,780089
30653622,4,780089
30654835,2,780089
30656048,3,780089
30657261,4,780089
30658473,3,780089
30659687,3,780089
30660900,4,780089
30662112,5,780286
30663325,5,777982
30664538,7,777982
30665751,5,777982
30666963,5,777982
30668177,5,777982
30669390,3,777982
30670602,6,777982
30679093,7,777982
30680306,8,777982
30681518,5,777982
30682731,10,782761
30683945,7,782761
30685157,3,782761
30686370,4,782761
30687583,5,782761
30688795,6,782761
30690009,7,782761
30691222,6,782761
30692434,8,782761
30693648,7,782761
30694860,9,783018
30696073,4,783018
30697286,4,783018
30698499,7,783018
30699712,6,783018
30700925,7,783018
30702138,10,783018
30703351,8,783018
30704563,6,783018
30705777,3,780243
30706990,3,780243
30708202,5,780243
30709415,6,780243
30710628,7,780243
30711841,6,780243
30713054,4,780243
30714266,4,780243
30715479,6,780243
30716692,8,781322
30717906,4,781322
30719118,6,781322
30720331,6,781322
30721544,9,781322
30722757,8,781322
30723969,8,781322
30725183,7,781322
30726396,6,781322
30727609,6,779010
30728822,6,779010
30730034,9,779010
30731247,9,779010
30732461,7,779010
30733673,5,779010
30734886,5,779010
30736099,3,779010
30737311,3,779010
30738525,4,784663
30739738,7,784663
30740951,5,784663
30742163,5,784663
30743376,8,784663
30744589,8,784663
30745803,6,784663
30747015,8,784663
30748228,6,784663
30749441,3,779832
30750654,4,779832
30751867,6,779832
30753079,7,779832
30754292,4,779832
30755505,5,779832
30762783,8,779832
30763996,7,779832
30765209,5,779832
30766422,5,779832
30767634,7,779832
30768847,8,779832
30770060,3,779832
30771274,7,781168
30772487,3,781168
30773699,7,781168
30774913,7,781168
30776125,6,781168
30777338,6,781168
30778551,5,781168
30779764,2,781168
30780977,8,781168
30782190,7,784149
30783403,6,784149
30784615,6,784149
30785829,7,784149
30787042,8,784149
30788254,9,784149
30789467,5,784149
30790680,4,784149
30791892,6,784149
30793106,5,783635
30794319,5,788774
30795531,7,788774
30796744,4,788774
30797957,4,788774
30799171,4,788774
30800383,5,788774
30801596,4,788774
30802809,4,788774
30804021,2,788774
30805235,7,789545
30806448,5,789545
30807661,4,789545
30808874,3,789545
30810087,4,789545
30811300,6,789545
30812513,3,789545
30813726,1,789545
30814938,4,789545
30816151,3,789545
30817364,6,789545
30818577,4,789545
30819790,4,789545
30821002,5,789545
30822216,3,789545
30823428,6,789545
30824641,6,789545
30825854,4,789545
30827067,4,850918
30828280,3,785382
30829492,3,785382
30830706,5,785382
30831919,3,785382
30833131,4,785382
30834344,5,785382
30835557,3,785382
30836769,-1,785382
30837982,2,723135
30839195,4,788671
30847685,9,788671
30848899,1,788716
30850111,3,786924
30851324,2,786924
30852536,6,786924
30853749,4,786924
30854962,3,786924
30856174,2,786924
30857387,3,786924
30858600,4,786924
30859813,4,786879
30861026,5,788671
30862239,6,788671
30863452,3,788671
30864664,4,788671
30865877,3,788671
30867090,4,788671
30868304,6,788671
30869516,4,788671
30870729,5,788671
30871942,3,788671
30873155,5,788671
30874367,4,788671
30875581,10,788671
30876794,5,788671
30878006,5,788671
30879219,9,788671
30880432,10,786821
30881644,4,786821
30882857,7,786821
30884069,6,786821
30885282,5,786821
30886495,7,786821
30887708,8,786821
30888921,7,786821
30890133,8,786821
30891347,6,786821
30892560,6,785228
30893772,4,785228
30894986,4,785228
30896198,5,785228
30897411,6,785228
30898624,8,785228
30899837,5,785228
30901049,5,785228
30902262,6,785228
30903474,2,789339
30904688,3,789339
30905900,6,789339
30907113,7,789339
30908326,7,789339
30909538,4,789339
30910751,5,789339
30911964,8,789339
30913178,9,789339
30914390,2,786615
30915603,4,786615
30916816,5,786615
30918029,4,786615
30919242,6,786615
30920454,4,786615
30921668,7,786615
30922880,7,786615
30924093,7,786615
30931370,6,786615
30932583,5,786615
30933796,6,786615
30935010,7,786615
30936222,7,785279
30937434,6,785279
30938647,7,785279
30939860,5,785279
30941074,8,785279
30942286,9,785279
30943499,7,785279
30944711,4,785279
30945925,8,785279
30947137,5,793348
30948349,3,793348
30949562,7,793348
30950776,6,793348
30951988,7,793348
30953201,5,793348
30954414,7,793348
30955626,6,793348
30956839,6,793348
30958052,7,786461
30959265,5,786461
30960478,6,786461
30961691,9,786461
30962904,10,786461
30964117,5,786461
30965329,4,786461
30966542,5,786461
30967756,2,786461
30968968,9,792628
30970181,3,792628
30971395,6,792628
30972607,7,792628
30973820,5,792628
30975033,6,792628
30976246,8,792628
30977459,7,792628
30978672,5,792628
30979884,7,792525
30981098,4,792525
30982311,6,792525
30983524,6,792525
30984736,7,792525
30985949,8,792525
30987162,7,792525
30988375,8,792525
30989588,7,792525
30990800,8,794067
30992014,5,787284
30993227,4,787284
30994439,4,787284
30995653,2,787284
30996865,4,787284
30998078,5,787284
30999292,5,787284
31000505,4,787284
31001717,3,787284
31002930,3,790881
31004143,4,790881
31005355,4,790881
31006568,5,790881
31007781,7,790881
31015176,4,790881
31016271,6,790881
31017484,9,790881
31018697,7,790881
31019910,10,790881
31021123,8,790881
31022335,6,790881
31023548,6,790110
31024762,4,793913
31025974,4,793913
31027187,4,793913
31028400,3,793913
31029612,2,793913
31030826,2,793913
31032038,7,793913
31033252,3,793913
31034464,4,793913
31035677,4,790316
31036890,2,790316
31038103,4,790316
31039316,4,790316
31040528,4,790316
31041741,4,790316
31042954,4,790316
31044166,5,790316
31045379,2,790316
31046592,2,790477
31047805,0,792525
31049018,5,792525
31050230,5,792525
31051443,3,792525
31052657,3,792525
31053869,4,792525
31055082,2,792525
31056295,4,792525
31057508,3,792472
31058721,3,791960
31059934,4,791960
31061147,3,791960
31062359,3,791960
31063572,5,791960
31064786,3,791960
31065998,4,791960
31067210,3,791960
31068423,4,791960
31069636,2,791960
31070849,7,791960
31072062,6,791960
31073275,9,791960
31074487,8,791960
31075700,7,791960
31076914,5,791960
31078126,7,793296
31079339,3,793296
31080551,6,793296
31081764,8,793296
31082978,10,793296
31084190,7,793296
31085403,4,793296
31086616,5,793296
31087829,5,793296
31089042,9,793296
31090254,7,792423
31091467,8,792423
31099957,7,792423
31101170,3,794273
31102383,4,794273
31103596,7,794273
31104809,7,794273
31106022,6,794273
31107235,6,794273
31108448,6,794273
31109660,4,794273
31110873,5,794273
31112086,7,795712
31113299,4,795712
31114512,5,795712
31115724,5,795712
31116938,7,795712
31118151,7,795712
31119363,8,795712
31120576,7,795712
31121790,6,795712
31123001,7,795866
31124215,5,795866
31125428,11,795866
31126640,7,795866
31127854,8,795866
31129066,6,795866
31130279,5,795866
31131491,7,795866
31132704,7,795866
31133918,7,793964
31135130,4,793964
31136343,7,793964
31137556,7,793964
31138769,5,793964
31139981,5,793964
31141195,9,793964
31142408,7,793964
31143620,7,793964
31144834,5,790727
31146046,3,790727
31147259,5,790727
31148472,6,790727
31149684,4,790727
31150899,6,790727
31152111,6,790727
31153323,6,790727
31154537,6,790727
31155749,7,795917
31156962,3,795917
31158175,5,795917
31159388,5,795917
31160601,6,795917
31161812,5,795917
31163026,4,795917
31164238,8,795917
31165451,3,795917
31166664,6,794170
31167876,4,794170
31169089,6,794170
31170302,4,794170
31171514,7,794170
31172727,7,794170
31173939,5,794170
31175152,6,794170
31176365,12,794170
31183641,3,794170
31184854,6,794170
31186066,5,794170
31187279,6,794170
31188491,6,793399
31189704,4,792731
31190917,4,792731
31192130,4,792731
31193343,4,792731
31194555,3,792731
31195768,4,792731
31196981,3,792731
31198193,5,792731
31199405,5,792731
31200618,5,790727
31201831,3,790727
31203043,7,790727
31204256,4,790727
31205469,4,790727
31206682,5,790727
31207894,4,790727
31209107,4,790727
31210320,3,790727
31211532,5,795095
31212745,5,795095
31213957,4,795095
31215169,4,795095
31216382,5,795095
31217595,6,795095
31218807,5,795095
31220020,4,795095
31221233,6,795095
31222446,4,791549
31223659,2,791549
31224870,6,791549
31226083,5,791549
31227296,5,791549
31228509,5,791549
31229721,4,791549
31230934,4,791549
31232147,5,791549
31233359,3,791463
31234572,4,796071
31235785,-2,796071
31236998,3,796071
31238209,2,796071
31239423,4,796071
31240635,4,796071
31241847,4,796071
31243060,3,796071
31244274,0,796121
31245485,2,795609
31246698,4,795609
31247911,4,795609
31249123,5,795609
31250336,5,795609
31251549,3,795609
31252762,3,795609
31253974,2,795609
31255187,4,795410
31256399,7,797202
31257612,3,797202
31258825,3,797202
31260037,8,797202
31267313,2,797202
31268526,5,797202
31269739,9,797202
31270951,8,797202
31272164,6,797202
31273377,5,797202
31274589,9,797202
31275801,4,793605
31277015,3,793605
31278227,5,793605
31279439,6,793605
31280652,5,793605
31281865,8,793605
31283078,7,793605
31284290,8,793605
31285503,5,793605
31286716,7,793605
31287928,7,795403
31289141,3,795403
31290354,8,795403
31291567,8,795403
31292779,4,795403
31293992,7,795403
31295204,8,795403
31296417,5,795403
31297630,5,795403
31298843,9,794273
31300055,4,794273
31301267,5,794273
31302481,6,794273
31303693,5,794273
31304906,6,794273
31306118,7,794273
31307331,4,794273
31308543,7,794273
31309756,5,795815
31310969,4,795815
31312182,7,795815
31313394,5,795815
31314606,6,795815
31315819,3,795815
31317032,5,795815
31318244,5,795815
31319457,3,795815
31320670,7,796174
31321882,6,796174
31323095,7,796174
31324307,5,796174
31325520,8,796174
31326733,10,796174
31327946,5,796174
31329157,5,796174
31330371,5,796174
31331583,8,792834
31332796,1,792834
31334009,7,792834
31335221,6,792834
31336434,9,792834
31337647,5,792834
31338859,7,792834
31340071,4,792834
31341285,9,792834
31342497,8,796637
31343710,6,796637
31352198,2,796637
31353411,5,794170
31354624,3,794170
31355837,6,794170
31357050,8,794170
31358262,9,794170
31359474,5,794170
31360687,9,794170
31361900,9,794170
31363113,5,794170
31364326,7,796585
31365538,5,796585
31366750,5,796585
31367963,5,796585
31369175,5,796585
31370388,7,796585
31371601,5,796585
31372814,5,796585
31374026,5,796585
31375238,4,792423
31376451,3,797819
31377664,3,797819
31378876,4,797819
31380089,4,797819
31381301,3,797819
31382515,3,797819
31383727,4,797819
31384939,4,797819
31386152,3,797819
31387365,2,795198
31388578,4,795198
31389791,3,795198
31391002,5,795198
31392215,5,795198
31393427,6,795198
31394640,2,795198
31395853,3,795198
31397066,4,795198
31398279,4,792268
31399491,3,792268
31400703,4,792268
31401916,4,792268
31403129,3,792268
31404341,4,792268
31405555,6,792268
31406766,6,792268
31407979,7,792268
31409192,3,793091
31410405,0,793091
31411617,2,793091
31412830,2,793091
31414042,5,793091
31415255,6,793091
31416468,3,793091
31417680,2,793091
31418893,3,793091
31420106,2,792423
31421318,5,792423
31422531,3,792423
31423743,3,792423
31424956,2,792423
31426168,2,792423
31427381,3,792423
31428594,7,792423
31437082,3,792423
31438295,5,792423
31439507,4,792423
31440720,6,794581
31441932,3,794428
31443146,8,794684
31444357,4,794684
31445570,3,794684
31446783,2,794684
31447995,3,794684
31449208,4,794684
31450420,3,794684
31451632,2,794684
31452845,4,794684
31454057,2,794684
31455270,8,794684
31456482,6,794684
31457695,5,794684
31458907,6,794684
31460121,6,794684
31461333,6,794684
31462545,7,796020
31463758,3,796020
31464971,6,796020
31466182,6,796020
31467396,3,796020
31468608,8,796020
31469820,5,796020
31471033,7,796020
31472246,7,796020
31473458,6,796020
31474670,2,797048
31475883,5,797048
31477096,7,797048
31478308,5,797048
31479521,9,797048
31480733,10,797048
31481946,8,797048
31483159,7,797048
31484371,6,797048
31485583,6,792577
31486796,-1,792577
31488008,8,792577
31489222,8,792577
31490433,9,792577
31491646,8,792577
31492859,8,792577
31494071,3,792577
31495284,7,792577
31496496,7,795815
31497709,3,795815
31498921,7,795815
31500134,6,795815
31501346,9,795815
31502559,7,795815
31503771,2,795815
31504983,7,795815
31506197,7,795815
31507409,4,794992
31508621,2,794992
31509834,4,794992
31511046,6,794992
31512259,6,794992
31513471,10,794992
31520747,9,794992
31521959,7,794992
31523171,6,794992
31524383,7,794992
31525597,3,794992
31526808,2,794992
31528022,6,794992
31529234,7,795095
31530446,4,795095
31531658,6,795095
31532871,6,795095
31534084,8,795095
31535296,5,795095
31536509,5,795095
31537721,7,795095
31538934,8,795095
31540146,5,793553
31541359,4,793553
31542571,6,793553
31543784,8,793553
31544997,5,793553
31546210,7,793553
31547421,9,793553
31548634,7,793553
31549846,6,793553
31551059,7,798538
31552271,2,798538
31553483,4,798538
31554697,7,798538
31555908,7,798538
31557121,7,798538
31558334,6,798538
31559546,6,798538
31560759,4,798538
31561971,8,792268
31563183,4,797254
31564395,5,797254
31565608,4,797254
31566821,5,797254
31568034,6,797254
31569245,5,797254
31570458,4,797254
31571670,4,797254
31572883,3,797254
31574095,2,791395
31575308,2,791395
31576520,4,791395
31577733,6,791395
31578946,5,791395
31580158,4,791395
31581370,4,791395
31582583,4,791395
31583796,4,791395
31585007,3,791395
31586220,2,791395
31587433,4,791395
31588645,4,791395
31589858,3,791395
31591069,4,791395
31592282,3,791395
31593495,4,791395
31594707,5,791395
31595920,4,795969
31597132,5,795969
31605620,1,795969
31606833,11,795301
31608046,7,795301
31609258,4,795301
31610471,2,795301
31611683,4,795301
31612895,3,795301
31614108,3,795301
31615321,5,795301
31616534,6,795301
31617745,3,795351
31618958,5,795095
31620171,2,795095
31621383,4,795095
31622596,3,795095
31623808,4,795095
31625022,3,795095
31626233,6,795095
31627447,3,795095
31628659,4,794959
31629871,4,799823
31631084,4,799823
31632296,5,799823
31633510,3,799823
31634721,5,799823
31635934,3,799823
31637147,4,799823
31638359,2,799823
31639572,4,799823
31640784,4,799823
31641996,7,799823
31643210,6,799823
31644422,7,799823
31645634,6,799823
31646847,7,799823
31648060,7,799823
31649272,7,799104
31650485,2,799104
31651698,4,799104
31652911,6,799104
31654123,8,799104
31655336,8,799104
31656549,7,799104
31657761,6,799104
31658974,8,799104
31660187,7,799104
31661400,7,795352
31662612,4,795352
31663824,5,795352
31665037,10,795352
31666249,4,795352
31667462,3,795352
31668675,7,795352
31669887,6,795352
31671101,3,795352
31672313,11,794735
31673526,4,794735
31674738,10,794735
31675951,7,794735
31677163,7,794735
31678376,7,794735
31679589,7,794735
31680801,4,794735
31682014,6,794735
31689290,5,794735
31690502,4,794735
31691715,6,794735
31692928,7,794735
31694140,8,794221
31695353,4,794221
31696566,6,794221
31697779,3,794221
31698991,6,794221
31700204,8,794221
31701417,9,794221
31702629,5,794221
31703841,6,794221
31705054,6,797664
31706266,4,797664
31707479,8,797664
31708692,8,797664
31709904,4,797664
31711117,6,797664
31712330,8,797664
31713542,6,797664
31714755,7,797664
31715967,10,795866
31717180,5,795866
31718392,5,795866
31719605,10,795866
31720817,8,795866
31722030,4,795866
31723243,8,795866
31724456,6,795866
31725668,6,795866
31726881,6,795198
31728093,4,795198
31729306,4,795198
31730518,7,795198
31731731,10,795198
31732943,7,795198
31734156,6,795198
31735369,5,795198
31736581,7,795198
31737794,5,793553
31739006,2,793553
31740219,6,793553
31741432,8,793553
31742644,6,793553
31743856,8,793553
31745068,6,793553
31746282,8,793553
31747494,5,793553
31748707,8,797202
31749919,4,794838
31751132,7,794838
31752344,2,794838
31753557,3,794838
31754769,5,794838
31755982,4,794838
31757195,5,794838
31758407,3,794838
31759620,4,794838
31760832,4,797562
31762046,4,797562
31763258,3,797562
31764471,3,797562
31765684,8,797562
31774173,8,797562
31775385,5,797562
31776598,8,797562
31777810,5,797562
31779023,7,797562
31780235,9,797562
31781448,5,793707
31782661,2,798024
31783873,4,798024
31785086,2,798024
31786299,5,798024
31787512,6,798024
31788724,5,798024
31789937,4,798024
31791150,4,798024
31792362,5,798024
31793575,3,790213
31794788,4,790213
31796000,4,790213
31797212,3,790213
31798425,6,790213
31799638,4,790213
31800850,3,790213
31802063,4,790213
31803276,4,790213
31804488,4,790190
31805701,5,797870
31806914,4,797870
31808126,4,797870
31809340,5,797870
31810552,5,797870
31811764,3,797870
31812977,4,797870
31814189,5,797870
31815402,5,797876
31816615,5,799412
31817828,1,799412
31819040,7,799412
31820252,4,799412
31821465,3,799412
31822677,3,799412
31823890,3,799412
31825103,4,799412
31826315,5,799412
31827528,4,799412
31828741,10,799412
31829953,6,799412
31831165,6,799412
31832378,5,799412
31833590,4,799412
31834803,3,799412
31836015,6,799052
31837228,6,799052
31838441,5,799052
31839653,5,799052
31840866,6,799052
31842079,6,799052
31843291,6,799052
31844503,6,799052
31845716,6,799052
31846928,4,799052
31848142,6,798076
31849354,3,798076
31850566,6,798076
31857841,10,798076
31859054,5,791754
31860266,6,791754
31861479,5,791754
31862691,7,791754
31863904,5,791754
31865117,6,791754
31866330,7,791754
31867542,8,791754
31868754,4,791754
31869967,8,794735
31871179,4,794735
31872392,7,794735
31873605,4,794735
31874816,5,794735
31876030,6,794735
31877242,6,794735
31878454,5,794735
31879666,3,794735
31880879,4,795455
31882092,4,795455
31883305,7,795455
31884517,6,795455
31885730,8,795455
31886942,7,795455
31888154,8,795455
31889367,6,795455
31890579,6,795455
31891792,4,799360
31893005,3,799360
31894218,7,799360
31895430,10,799360
31896642,9,799360
31897855,6,799360
31899067,5,799360
31900281,5,799360
31901493,5,799360
31902705,6,796637
31903918,4,796637
31905130,5,796637
31906343,6,796637
31907555,8,796637
31908768,7,796637
31909980,8,796637
31911193,9,796637
31912406,4,796637
31913617,7,797408
31914830,6,797408
31916043,11,797408
31917255,5,797408
31918468,2,797408
31919680,7,797408
31920894,9,797408
31922106,6,797408
31923318,6,797408
31924530,5,795301
31925743,3,795301
31926956,6,795301
31928168,8,795301
31929381,9,795301
31930594,6,795301
31931806,4,795301
31933018,7,795301
31934231,4,795301
31941507,7,795301
31942719,8,795301
31943931,8,795301
31945144,9,795301
31946356,8,796688
31947570,4,796842
31948782,5,796842
31949994,5,796842
31951207,6,796842
31952420,6,796842
31953633,4,796842
31954844,5,796842
31956058,3,796842
31957270,4,796842
31958482,2,797254
31959695,5,797254
31960907,4,797254
31962120,4,797254
31963332,3,797254
31964545,5,797254
31965758,3,797254
31966971,5,797254
31968183,4,797254
31969395,3,793964
31970608,2,793964
31971820,5,793964
31973034,6,793964
31974245,5,793964
31975458,3,793964
31976670,-1,793964
31977883,4,793964
31979096,3,793964
31980308,2,796894
31981521,4,796894
31982733,10,796894
31983946,3,796894
31985159,5,796894
31986371,-1,796894
31987584,4,796894
31988796,3,796894
31990009,6,796894
31991221,4,796677
31992434,5,793605
31993646,4,793605
31994859,4,793605
31996071,3,793605
31997284,4,793605
31998497,2,793605
31999709,4,793605
32000922,3,793605
32002134,3,793853
32003347,6,791549
32004559,4,791549
32005773,2,791549
32006984,3,791549
32008197,4,791549
32009410,3,791549
32010622,6,791549
32011835,3,791549
32013047,4,791549
32014260,4,791549
32015472,6,791549
32016685,7,791549
32017899,5,791549
32025176,7,791549
32026385,5,791549
32027598,6,791549
32028810,6,791549
32030023,5,791549
32031235,7,791549
32032448,6,791549
32033660,6,791549
32034874,7,796739
32036086,3,796739
32037299,4,796739
32038511,8,796739
32039723,9,796739
32040936,5,796739
32042149,4,796739
32043362,7,796739
32044574,8,796739
32045786,6,797459
32046999,5,797459
32048211,6,797459
32049423,6,797459
32050637,7,797459
32051849,7,797459
32053062,7,797459
32054274,6,797459
32055486,7,797459
32056699,3,797356
32057912,2,797356
32059124,4,797356
32060337,8,797356
32061549,6,797356
32062762,4,797356
32063974,5,797356
32065187,6,797356
32066400,8,797356
32067612,10,797922
32068824,4,797922
32070036,9,797922
32071250,8,797922
32072462,5,797922
32073674,4,797922
32074887,5,797922
32076099,6,797922
32077312,8,797922
32078525,6,797048
32079737,6,797048
32080950,6,797048
32082162,6,797048
32083374,5,797048
32084587,4,797048
32085799,7,797048
32087012,7,797048
32088225,8,797048
32089437,9,794324
32090650,5,794324
32091863,6,794324
32093075,7,794324
32094287,10,794324
32095500,6,794324
32096713,7,794324
32097926,6,794324
32099137,8,794324
32100350,7,800902
32101563,7,800902
32110051,6,800902
32111264,8,796996
32112476,3,796996
32113689,7,796996
32114902,7,796996
32116114,6,796996
32117326,8,796996
32118539,6,796996
32119752,5,796996
32120964,8,796996
32122177,8,797202
32123389,5,795352
32124602,3,795352
32125815,4,795352
32127027,5,795352
32128239,2,795352
32129451,1,795352
32130664,2,795352
32131876,6,795352
32133089,3,795352
32134302,5,795301
32135514,4,795301
32136726,4,795301
32137939,3,795301
32139151,5,795301
32140365,3,795301
32141576,3,795301
32142789,1,795301
32144002,4,795301
32145214,4,795815
32146427,4,795815
32147639,5,795815
32148851,2,795815
32150065,4,795815
32151276,5,795815
32152489,3,795815
32153701,3,795815
32154914,5,795815
32156127,4,797664
32157339,1,797664
32158552,4,797664
32159764,5,797664
32160976,3,797664
32162189,5,797664
32163401,3,797664
32164614,5,797664
32165827,4,797664
32167039,5,796277
32168251,4,796277
32169464,5,796277
32170677,4,796277
32171889,5,796277
32173102,3,796277
32174314,2,796277
32175527,3,796277
32176739,6,796277
32177952,3,796386
32179165,2,798178
32180377,1,798178
32181590,3,798178
32182802,3,798178
32184014,4,798178
32185227,5,798178
32186440,5,798178
32194927,4,798178
32196140,7,798178
32197352,5,798178
32198565,6,796791
32199777,3,796791
32200990,5,796791
32202202,6,796791
32203415,6,796791
32204627,4,796791
32205841,6,796791
32207053,5,796791
32208265,8,796791
32209477,7,796791
32210690,4,796791
32211903,6,796791
32213115,7,796791
32214328,5,796791
32215541,7,796791
32216753,5,796791
32217966,6,796791
32219177,5,796791
32220390,4,796791
32221603,8,797459
32222815,3,797459
32224028,8,797459
32225240,9,797459
32226453,9,797459
32227666,4,797459
32228879,6,797459
32230091,6,797459
32231304,6,797459
32232516,6,797151
32233728,6,797151
32234942,7,797151
32236154,5,797151
32237366,5,797151
32238580,8,797151
32239791,5,797151
32241005,6,797151
32242216,5,797151
32243429,8,796945
32244642,3,796945
32245855,7,796945
32247067,8,796945
32248280,8,796945
32249492,5,796945
32250705,3,796945
32251917,4,796945
32253130,5,796945
32254343,8,794067
32255556,5,794067
32256768,5,794067
32257981,7,794067
32259193,7,794067
32260406,5,794067
32261618,7,794067
32262831,5,794067
32264043,5,794067
32265256,6,796483
32266468,3,796483
32267681,5,796483
32268894,7,796483
32270106,7,796483
32271318,7,796483
32278593,4,796483
32279806,4,796483
32281019,4,796483
32282231,4,796483
32283444,11,796483
32284656,9,796483
32285869,5,796483
32287082,5,792988
32288294,4,792988
32289506,5,792988
32290719,5,792988
32291931,3,792988
32293144,5,792988
32294357,6,792988
32295569,7,792988
32296781,4,792988
32297994,6,798590
32299207,6,798590
32300419,4,798590
32301632,3,798590
32302844,7,798590
32304057,6,798590
32305270,4,798590
32306482,7,798590
32307695,5,798590
32308907,4,800080
32310119,3,800080
32311332,7,800080
32312545,7,800080
32313758,4,800080
32314969,3,800080
32316182,6,800080
32317395,8,800080
32318608,10,800080
32319820,5,797305
32321032,3,793348
32322244,4,793348
32323457,3,793348
32324670,4,793348
32325882,4,793348
32327095,3,793348
32328307,4,793348
32329520,3,793348
32330732,8,793348
32331945,4,795146
32333156,6,795146
32334369,5,795146
32335582,0,795146
32336794,0,795146
32338007,4,795146
32339219,3,795146
32340432,6,795146
32341644,4,795146
32342857,3,796534
32344068,2,796534
32345281,4,796534
32346493,5,796534
32347706,0,796534
32348919,4,796534
32350131,4,796534
32351343,5,796534
32352556,2,796534
32353769,2,797254
32354981,7,797254
32362256,14,797254
32363468,14,797254
32364681,-1,795146
32365894,6,795146
32367106,3,795146
32368318,4,795146
32369531,6,795146
32370743,5,795146
32371956,3,795146
32373168,2,795146
32374381,4,795146
32375594,4,795160
32376806,4,784920
32378018,4,784920
32379231,2,784920
32380444,4,784920
32381656,4,784920
32382868,5,784920
32384081,3,784920
32385294,3,784920
32386507,2,785112
32387718,3,785112
32388931,7,785112
32390143,6,785112
32391356,5,785112
32392568,7,785112
32393781,7,785112
32394993,7,785112
32396206,7,795352
32397419,5,795352
32398631,5,795352
32399844,7,795352
32401056,8,795352
32402269,6,795352
32403481,4,795352
32404694,6,795352
32405906,7,795352
32407119,4,795352
32408331,5,791138
32409544,3,791138
32410757,4,791138
32411969,5,791138
32413182,8,791138
32414394,5,791138
32415606,5,791138
32416819,4,791138
32418031,6,791138
32419245,7,796945
32420456,3,796945
32421669,6,796945
32422882,10,796945
32424094,7,796945
32425307,4,796945
32426520,6,796945
32427732,8,796945
32428945,8,796945
32430158,5,795506
32431369,4,795506
32432582,6,795506
32433794,5,795506
32435007,6,795506
32436220,5,795506
32437433,9,795506
32438645,4,795506
32447133,4,795506
32448345,6,795506
32449557,6,795506
32450770,4,795506
32451983,6,795866
32453196,3,795866
32454408,7,795866
32455621,8,795866
32456834,9,795866
32458045,8,795866
32459258,4,795866
32460470,7,795866
32461683,6,795866
32462896,6,793296
32464108,4,793296
32465321,7,793296
32466534,5,793296
32467746,6,793296
32468959,7,793296
32470171,5,793296
32471384,7,793296
32472597,7,793296
32473809,6,796277
32475022,4,796277
32476234,7,796277
32477446,9,796277
32478659,4,796277
32479872,8,796277
32481085,5,796277
32482297,6,796277
32483510,4,796277
32484722,7,795043
32485935,3,795043
32487147,7,795043
32488360,3,795043
32489572,6,795043
32490785,8,795043
32491998,7,795043
32493210,3,795043
32494422,7,795043
32495635,8,796483
32496847,5,796483
32498061,5,796483
32499272,9,796483
32500485,3,796483
32501698,8,796483
32502910,5,796483
32504124,6,796483
32505335,6,796483
32506549,8,792834
32507760,5,793759
32508974,4,793759
32510186,5,793759
32511398,7,793759
32512611,4,793759
32513823,4,793759
32515037,4,793759
32516248,3,793759
32517461,3,793759
32518674,1,796585
32519887,4,796585
32521099,4,796585
32522312,5,796585
32523524,5,796585
32532011,7,796585
32533224,4,796585
32534437,7,796585
32535649,8,796585
32536862,6,796585
32538074,4,796585
32539287,4,798590
32540499,3,792782
32541712,4,792782
32542925,6,792782
32544138,5,792782
32545350,5,792782
32546563,3,792782
32547776,3,792782
32548987,5,792782
32550200,4,792782
32551413,4,792782
32552626,3,792782
32553838,2,792782
32555051,3,792782
32556263,4,792782
32557476,2,792782
32558689,2,792782
32559901,1,792782
32561114,2,792782
32562326,4,792695
32563539,6,796791
32564752,5,796791
32565964,3,796791
32567177,2,796791
32568389,4,796791
32569602,3,796791
32570815,5,796791
32572027,4,796791
32573240,4,796728
32574452,5,793656
32575665,2,793656
32576878,4,793656
32578090,4,793656
32579302,3,793656
32580515,3,793656
32581727,3,793656
32582941,5,793656
32584152,4,793656
32585365,3,793656
32586578,10,793656
32587790,6,793656
32589003,8,793656
32590215,8,793656
32591428,10,793656
32592640,8,793656
32593854,7,791086
32595066,3,791086
32596279,3,791086
32597491,5,791086
32598704,8,791086
32599916,6,791086
32601128,4,791086
32602341,9,791086
32603555,6,791086
32604767,8,791086
32605980,7,792936
32607192,4,792936
32608404,5,792936
32615680,13,792936
32616892,5,793605
32618104,5,793605
32619318,5,793605
32620530,7,793605
32621743,8,793605
32622956,7,793605
32624168,6,793605
32625380,7,793605
32626593,8,793605
32627805,8,795969
32629018,5,795969
32630231,6,795969
32631444,5,795969
32632656,4,795969
32633868,4,795969
32635081,8,795969
32636293,6,795969
32637506,8,795969
32638719,6,792063
32639931,4,792063
32641144,6,792063
32642357,6,792063
32643569,8,792063
32644781,5,792063
32645994,6,792063
32647207,10,792063
32648419,7,792063
32649632,5,793810
32650844,5,793810
32652057,6,793810
32653270,5,793810
32654483,7,793810
32655695,6,793810
32656907,8,793810
32658120,6,793810
32659333,3,793810
32660546,7,798744
32661758,5,798744
32662971,7,798744
32664184,10,798744
32665396,6,798744
32666609,6,798744
32667822,5,798744
32669033,7,798744
32670246,7,798744
32671458,5,794941
32672672,4,794941
32673884,7,794941
32675096,5,794941
32676310,7,794941
32677521,6,794941
32678734,8,794941
32679947,7,794941
32681159,6,794941
32682372,3,796020
32683585,3,796020
32684798,9,796020
32686010,5,796020
32687223,6,796020
32688435,7,796020
32689648,6,796020
32690860,5,796020
32692073,7,796020
32699349,4,796020
32700561,6,796020
32701774,4,796020
32702987,4,796020
32704199,8,796225
32705411,4,794170
32706624,5,794170
32707837,5,794170
32709050,4,794170
32710262,4,794170
32711475,3,794170
32712688,4,794170
32713899,4,794170
32715113,3,794170
32716325,3,794067
32717538,6,794067
32718750,3,794067
32719963,3,794067
32721175,4,794067
32722388,4,794067
32723601,4,794067
32724814,4,794067
32726026,4,794067
32727239,6,795403
32728451,4,795403
32729664,5,795403
32730876,3,795403
32732090,3,795403
32733302,4,795403
32734515,3,795403
32735727,4,795403
32736940,5,795403
32738152,5,797613
32739365,2,797613
32740578,4,797613
32741791,3,797613
32743003,5,797613
32744216,1,797613
32745429,6,797613
32746642,2,797613
32747854,4,797613
32749067,3,797554
32750280,5,795506
32751493,3,795506
32752706,2,795506
32753919,5,795506
32755131,4,795506
32756344,3,795506
32757557,4,795506
32758769,5,795506
32759983,3,795452
32761196,6,794684
32762408,7,794684
32763621,4,794684
32764834,4,794684
32766047,2,794684
32767259,4,794684
32768472,3,794684
32769685,4,794684
32770899,2,794684
32772110,2,794684
32773323,5,794684
32774536,5,794684
32775749,5,794684
32784238,3,794684
32785452,4,794684
32786665,7,794684
32787877,9,794684
32789090,4,794684
32790303,7,794684
32791515,6,794684
32792728,9,795506
32793942,4,795506
32795154,6,795506
32796367,8,795506
32797580,7,795506
32798792,6,795506
32800006,6,795506
32801219,6,795506
32802432,9,795506
32803644,8,793348
32804857,5,793348
32806069,6,793348
32807282,8,793348
32808495,4,793348
32809708,7,793348
32810921,8,793348
32812133,8,793348
32813347,4,793348
32814560,9,795506
32815772,4,795506
32816985,6,795506
32818197,7,795506
32819410,8,795506
32820623,6,795506
32821837,9,795506
32823049,8,795506
32824261,6,795506
32825474,7,794016
32826687,4,794016
32827899,8,794016
32829113,7,794016
32830326,8,794016
32831538,6,794016
32832751,9,794016
32833964,5,794016
32835177,6,794016
32836390,6,792166
32837602,6,792166
32838815,7,792166
32840028,7,792166
32841240,6,792166
32842454,6,792166
32843667,8,792166
32844879,6,792166
32846092,5,792166
32847305,8,793296
32848517,5,793296
32849730,9,793296
32850943,6,793296
32852156,5,793296
32853368,6,793296
32854581,7,793296
32855794,7,793296
32857007,7,793296
32858219,4,792268
32859432,6,792268
32860645,5,792268
32869135,4,789699
32870347,4,789699
32871561,10,789699
32872773,7,789699
32873986,6,789699
32875199,8,789699
32876411,5,789699
32877625,7,789699
32878837,8,789699
32880050,8,794016
32881263,4,791806
32882475,4,791806
32883688,4,791806
32884901,5,791806
32886114,6,791806
32887327,5,791806
32888540,4,791806
32889752,4,791806
32890966,5,791806
32892178,2,795095
32893391,4,795095
32894604,4,795095
32895817,-1,795095
32897030,5,795095
32898242,4,795095
32899454,2,795095
32900668,4,795095
32901880,6,795095
32903093,4,789288
32904305,3,789288
32905519,6,789288
32906732,7,789288
32907945,6,789288
32909156,6,789288
32910369,5,789288
32911582,1,789288
32912796,3,789288
32914008,6,796945
32915220,6,796945
32916433,6,796945
32917646,6,796945
32918859,4,796945
32920072,2,796945
32921284,5,796945
32922497,5,796945
32923710,4,796945
32924923,3,787489
32926136,3,787489
32927348,3,787489
32928561,2,787489
32929773,4,787489
32930986,5,787489
32932199,3,787489
32933412,2,787489
32934624,2,787489
32935837,4,787674
32937050,6,795866
32938263,3,795866
32939476,3,795866
32940688,4,795866
32941901,3,795866
32943114,3,795866
32944326,4,795866
32945539,4,795866
32954029,6,795866
32955242,8,795866
32956454,5,793450
32957667,5,793400
32958880,3,793656
32960093,3,793656
32961305,3,793656
32962519,2,793656
32963731,6,793656
32964943,5,793656
32966156,5,793656
32967369,4,793656
32968582,2,793656
32969794,3,793656
32971007,7,793656
32972221,9,793656
32973433,8,793656
32974646,10,793656
32975858,7,793656
32977071,4,793656
32978284,9,793656
32979497,8,792782
32980710,6,792782
32981922,5,792782
32983135,7,792782
32984348,8,792782
32985561,7,792782
32986774,4,792782
32987987,4,792782
32989199,5,792782
32990412,5,794067
32991624,6,794067
32992838,6,794067
32994051,7,794067
32995263,5,794067
32996476,4,794067
32997688,6,794067
32998902,8,794067
33000115,6,794067
33001327,5,793862
33002540,8,793862
33003752,3,793862
33004965,5,793862
33006178,6,793862
33007391,7,793862
33008603,8,793862
33009816,5,793862
33011029,6,793862
33012242,7,792423
33013455,3,792423
33014668,7,792423
33015880,5,792423
33017092,6,792423
33018305,7,792423
33019518,5,792423
33020730,9,792423
33021943,7,792423
33023157,4,792063
33024369,3,792063
33025582,5,792063
33026795,7,792063
33028007,6,792063
33029220,6,792063
33030433,7,792063
33037711,13,792063
33038924,7,792063
33040136,7,792063
33041350,7,792063
33042562,4,792063
33043774,5,792063
33044987,5,798178
33046200,3,798178
33047414,6,798178
33048626,5,798178
33049839,7,798178
33051052,6,798178
33052264,7,798178
33053477,7,798178
33054690,5,798178
33055903,8,794941
33057116,5,794941
33058329,8,794941
33059543,8,794941
33060755,7,794941
33061968,5,794941
33063180,6,794941
33064394,6,794941
33065606,5,794941
33066819,8,795249
33068032,4,795249
33069245,6,795249
33070458,7,795249
33071671,5,795249
33072883,5,795249
33074097,10,795249
33075309,7,795249
33076522,5,795249
33077734,11,791600
33078947,3,795043
33080161,5,795043
33081373,1,795043
33082586,2,795043
33083799,5,795043
33085011,5,795043
33086224,3,795043
33087437,5,795043
33088649,4,795043
33089862,3,794375
33091075,3,794375
33092288,4,794375
33093500,4,794375
33094714,3,794375
33095926,4,794375
33097139,2,794375
33098352,4,794375
33099564,4,794375
33100777,-1,794375
33101990,5,794375
33103203,3,794375
33104415,2,794375
33105628,5,794375
33106842,4,794375
33108054,3,794375
33109267,3,794375
33110480,3,794375
33111692,5,793553
33112905,3,793553
33114118,8,793553
33122607,1,794838
33123820,16,794838
33125033,7,794838
33126245,5,794838
33127459,3,794838
33128671,5,794838
33129885,4,794838
33131097,3,794838
33132310,3,794838
33133522,3,794873
33134735,9,790521
33135948,5,790521
33137160,3,790521
33138373,4,790521
33139587,3,790521
33140800,4,790521
33142012,4,790521
33143225,3,790521
33144438,5,790404
33145650,4,800388
33146864,3,800388
33148076,4,800388
33149288,6,800388
33150502,2,800388
33151715,6,800388
33152927,4,800388
33154140,3,800388
33155352,3,800388
33156566,4,800388
33157778,7,800388
33158991,5,800388
33160204,6,800388
33161417,5,800388
33162629,5,800388
33163843,7,800388
33165055,4,794016
33166268,5,794016
33167480,6,794016
33168693,5,794016
33169907,4,794016
33171119,4,794016
33172332,6,794016
33173545,6,794016
33174757,7,794016
33175970,6,794016
33177183,4,795866
33178395,6,795866
33179609,7,795866
33180821,7,795866
33182034,6,795866
33183247,6,795866
33184460,6,795866
33185672,6,795866
33186886,7,795866
33188098,5,791600
33189311,4,791600
33190523,5,791600
33191736,11,791600
33192950,5,791600
33194162,7,791600
33195375,7,791600
33196587,8,791600
33197800,7,791600
33199013,6,791600
33206289,3,791600
33207502,3,791600
33208715,5,791600
33209928,7,792577
33211140,4,792577
33212353,5,792577
33213566,6,792577
33214778,5,792577
33215991,6,792577
33217204,2,792577
33218417,6,792577
33219629,4,792577
33220843,4,791754
33222055,5,791754
33223268,4,791754
33224481,6,791754
33225693,6,791754
33226907,4,791754
33228119,7,791754
33229332,10,791754
33230545,8,791754
33231757,7,793194
33232971,5,793194
33234183,6,793194
33235396,5,793194
33236609,7,793194
33237822,7,793194
33239034,6,793194
33240247,9,793194
33241460,5,793194
33242673,6,789391
33243886,6,789391
33245098,5,789391
33246311,8,789391
33247525,5,789391
33248737,11,789391
33249949,7,789391
33251163,5,789391
33252375,3,789391
33253588,5,798024
33254801,5,798024
33256014,7,798024
33257227,8,798024
33258440,6,798024
33259652,8,798024
33260865,6,798024
33262078,5,798024
33263291,4,798024
33264504,6,792166
33265717,5,792166
33266930,5,792166
33268142,7,792166
33269355,8,792166
33270567,5,792166
33271780,7,792166
33272994,5,792166
33274206,7,792166
33275418,4,795917
33276631,3,793245
33277844,3,793245
33279056,5,793245
33280269,4,793245
33281482,-1,793245
33282695,7,793245
33291185,6,793245
33292397,7,793245
33293609,5,793245
33294823,9,793245
33296035,10,793245
33297247,5,796225
33298460,3,790007
33299674,3,790007
33300886,3,790007
33302099,3,790007
33303312,4,790007
33304524,3,790007
33305737,6,790007
33306950,4,790007
33308162,4,790007
33309375,4,797562
33310588,4,797562
33311800,3,797562
33313014,2,797562
33314226,5,797562
33315439,3,797562
33316652,0,797562
33317865,5,797562
33319077,3,797562
33320290,3,795352
33321503,4,795352
33322716,4,795352
33323928,5,795352
33325141,5,795352
33326354,5,795352
33327566,5,795352
33328779,4,795352
33329992,4,795352
33331204,4,795312
33332417,4,798384
33333630,3,798384
33334843,3,798384
33336056,2,798384
33337268,2,798384
33338482,3,798384
33339694,4,798384
33340907,2,798384
33342119,2,798309
33343332,3,791909
33344545,3,791909
33345758,4,791909
33346971,5,791909
33348183,5,791909
33349397,4,791909
33350609,7,791909
33351822,5,791909
33353034,3,791909
33354247,4,791909
33355461,6,791909
33356673,8,791909
33357885,6,791909
33359098,4,791909
33360312,5,791909
33361524,6,791909
33362736,9,794684
33363950,3,794684
33365163,3,794684
33366375,5,794684
33367588,7,795866
33376078,3,795866
33377291,7,795866
33378504,6,795866
33379716,6,795866
33380930,5,795866
33382142,9,795866
33383355,6,795866
33384567,6,795866
33385781,7,796071
33386994,3,796071
33388206,4,796071
33389420,8,796071
33390632,6,796071
33391845,8,796071
33393058,6,796071
33394270,5,796071
33395483,8,796071
33396696,9,791549
33397909,5,791549
33399122,7,791549
33400335,10,791549
33401548,7,791549
33402760,3,791549
33403973,7,791549
33405186,5,791549
33406398,5,791549
33407612,7,795557
33408823,5,795557
33410037,6,795557
33411250,5,795557
33412463,5,795557
33413675,7,795557
33414887,6,795557
33416100,8,795557
33417313,7,795557
33418526,11,793039
33419739,8,793039
33420951,6,793039
33422165,6,793039
33423377,7,793039
33424590,8,793039
33425802,6,793039
33427015,7,793039
33428228,6,793039
33429441,6,795095
33430654,4,795095
33431866,5,795095
33433079,6,795095
33434291,6,795095
33435505,6,795095
33436717,8,795095
33437930,8,795095
33439142,6,795095
33440355,7,790624
33441568,4,790624
33442781,5,790624
33443994,6,790624
33445207,4,790624
33446420,7,790624
33447632,7,790624
33448844,7,790624
33450058,3,790624
33451270,6,793039
33452483,4,793039
33460973,7,793039
33462185,7,790830
33463398,5,793348
33464611,6,793348
33465823,3,793348
33467036,5,793348
33468249,4,793348
33469461,3,793348
33470674,3,793348
33471887,5,793348
33473100,4,793348
33474313,4,789082
33475525,5,789082
33476738,6,789082
33477951,3,789082
33479164,4,789082
33480378,4,789082
33481590,3,789082
33482803,3,789082
33484015,3,789082
33485228,3,794221
33486441,4,794221
33487653,3,794221
33488867,6,794221
33490079,4,794221
33491292,5,794221
33492505,4,794221
33493717,5,794221
33494931,3,794221
33496143,4,792063
33497356,3,792063
33498569,3,792063
33499781,2,792063
33500994,4,792063
33502207,4,792063
33503420,4,792063
33504632,4,792063
33505846,3,792063
33507058,2,795146
33508271,2,795146
33509483,3,795146
33510696,4,795146
33511909,4,795146
33513122,2,795146
33514335,1,795146
33515547,5,795146
33516760,3,795146
33517972,4,795309
33519186,3,797613
33520398,5,797613
33521611,5,797613
33522824,3,797613
33524036,6,797613
33525249,5,797613
33526462,4,797613
33527675,3,797613
33528888,3,797685
33530101,4,789493
33531313,2,789493
33532526,2,789493
33533740,7,789493
33534952,3,789493
33536165,4,789493
33537378,4,789493
33545867,7,789493
33547080,5,789493
33548293,5,789493
33549505,6,794889
33550718,4,794889
33551931,5,794889
33553144,5,794889
33554357,7,794889
33555569,6,794889
33556782,4,794889
33557995,7,794889
33559207,5,794889
33560421,7,794889
33561633,7,792988
33562846,5,792988
33564059,9,792988
33565271,8,792988
33566485,3,792988
33567697,6,792988
33568910,8,792988
33570122,7,792988
33571335,6,792988
33572547,6,791395
33573760,4,791395
33574973,7,791395
33576185,9,791395
33577399,5,791395
33578612,7,791395
33579823,8,791395
33581036,8,791395
33582249,8,791395
33583462,7,791395
33584675,4,791395
33585887,7,791395
33587100,4,791395
33588313,4,791395
33589526,8,791395
33590738,10,791395
33591951,6,791395
33593163,7,791395
33594377,4,793707
33595589,4,793707
33596801,5,793707
33598014,9,793707
33599227,5,793707
33600440,6,793707
33601652,5,793707
33602865,6,793707
33604078,6,793707
33605290,8,789802
33606503,4,789802
33607715,7,789802
33608928,8,789802
33610141,10,789802
33611354,8,789802
33612566,6,789802
33613779,5,789802
33614991,7,789802
33616204,6,796020
33617417,2,796020
33618630,8,796020
33619842,7,796020
33621055,5,796020
33622267,6,796020
33629544,12,796020
33630756,9,796020
33631969,6,796020
33633182,7,796020
33634394,7,796020
33635608,4,796020
33636820,6,796020
33638033,7,796020
33639245,4,796020
33640458,6,796020
33641671,8,796020
33642883,7,796020
33644096,6,796020
33645308,8,796020
33646521,5,796020
33647733,10,796020
33648946,4,793348
33650159,2,793348
33651371,7,793348
33652584,6,793348
33653797,7,793348
33655009,7,793348
33656222,5,793348
33657434,9,793348
33658648,6,793348
33659860,7,795917
33661073,4,788774
33662285,4,788774
33663498,3,788774
33664710,5,788774
33665923,4,788774
33667137,3,788774
33668349,5,788774
33669562,3,788774
33670774,2,788774
33671987,3,796842
33673199,4,796842
33674412,3,796842
33675624,4,796842
33676837,5,796842
33678050,4,796842
33679262,5,796842
33680475,3,796842
33681688,3,796842
33682899,3,789288
33684113,2,789288
33685326,4,789288
33686539,7,789288
33687751,3,789288
33688963,3,789288
33690177,5,789288
33691389,5,789288
33692602,4,789288
33693815,4,792782
33695027,5,792782
33696239,2,792782
33697452,3,792782
33698665,2,792782
33699877,2,792782
33701090,3,792782
33702303,5,792782
33703516,4,792782
33704728,6,793759
33705941,4,793759
33713218,8,793759
33714430,7,793759
33715643,6,793656
33716856,14,793656
33718069,4,793656
33719281,5,793656
33720494,3,793656
33721706,4,793656
33722919,4,793656
33724132,2,793656
33725344,4,793656
33726558,5,793737
33727770,4,787849
33728982,3,787849
33730196,0,787849
33731408,4,787849
33732620,2,787849
33733834,4,787849
33735046,5,787849
33736259,2,787849
33737471,4,787849
33738684,4,787849
33739896,6,787849
33741110,5,787849
33742321,8,787849
33743534,4,787849
33744747,7,787849
33745959,7,787849
33747172,10,790881
33748385,5,790881
33749597,2,790881
33750811,5,790881
33752022,4,790881
33753235,7,790881
33754448,7,790881
33755661,8,790881
33756873,10,790881
33758086,6,790881
33759298,3,792320
33760512,4,792320
33761724,7,792320
33762937,5,792320
33764149,6,792320
33765362,7,792320
33766574,9,792320
33767787,9,792320
33769000,5,792320
33770213,5,790110
33771425,5,790110
33772638,6,790110
33773850,8,790110
33775063,5,790110
33776276,6,790110
33777489,9,790110
33778701,5,790110
33779914,6,790110
33781126,7,792320
33782339,5,792320
33783552,5,792320
33784764,8,792320
33785978,6,792320
33787190,6,792320
33788403,6,792320
33789615,6,792320
33798104,5,792320
33799316,6,792320
33800530,3,792320
33801742,8,792320
33802955,6,794735
33804168,4,794735
33805381,7,794735
33806593,9,794735
33807806,7,794735
33809018,5,794735
33810231,6,794735
33811445,6,794735
33812657,5,794735
33813870,5,791909
33815082,3,791909
33816295,9,791909
33817507,6,791909
33818721,5,791909
33819934,6,791909
33821146,6,791909
33822359,7,791909
33823572,7,791909
33824785,2,793348
33825996,3,793348
33827210,8,793348
33828423,7,793348
33829634,5,793348
33830847,5,793348
33832060,8,793348
33833272,4,793348
33834485,5,793348
33835698,6,791446
33836911,3,791446
33838123,6,791446
33839336,6,791446
33840549,6,791446
33841761,7,791446
33842974,8,791446
33844187,8,791446
33845400,5,791446
33846612,9,794170
33847825,3,790881
33849038,5,790881
33850251,3,790881
33851463,2,790881
33852675,2,790881
33853888,5,790881
33855101,4,790881
33856314,4,790881
33857527,3,790881
33858739,7,796945
33859952,3,796945
33861165,6,796945
33862377,8,796945
33863591,4,796945
33864804,3,796945
33866016,5,796945
33867229,2,796945
33868441,4,796945
33869654,4,788774
33870867,4,788774
33872079,4,788774
33873292,4,788774
33874505,6,788774
33882994,8,788774
33884207,6,788774
33885419,6,788774
33886632,7,788774
33887845,5,788774
33889058,8,788774
33890270,6,797048
33891483,3,790213
33892695,5,790213
33893909,3,790213
33895122,2,790213
33896334,4,790213
33897547,4,790213
33898760,4,790213
33899972,7,790213
33901185,5,790213
33902397,5,790123
33903611,3,793707
33904823,5,793707
33906036,6,793707
33907248,3,793707
33908461,1,793707
33909674,2,793707
33910887,4,793707
33912099,1,793707
33913313,5,793692
33914525,5,789596
33915738,7,789596
33916951,2,789596
33918163,2,789596
33919376,3,789596
33920589,5,789596
33921802,3,789596
33923015,2,789596
33924227,6,789596
33925440,6,789596
33926653,5,789596
33927865,5,789596
33929079,5,789596
33930291,7,789596
33931504,5,789596
33932716,7,789596
33933930,5,789596
33935142,3,789596
33936355,5,789596
33937567,4,789596
33938780,4,789596
33939994,6,789596
33941206,6,789596
33942418,7,789596
33943632,8,789596
33944844,7,789596
33946056,6,790264
33947269,4,790264
33948482,5,790264
33949694,8,790264
33950907,8,790264
33952121,8,790264
33953333,8,790264
33954546,9,790264
33955758,6,790264
33956971,5,795403
33958184,2,795403
33959396,5,795403
33966672,6,795403
33967885,10,788260
33969098,3,788260
33970311,7,788260
33971524,8,788260
33972736,12,788260
33973949,7,788260
33975162,5,788260
33976374,6,788260
33977586,7,788260
33978799,7,791498
33980012,3,791498
33981225,8,791498
33982438,11,791498
33983650,6,791498
33984863,5,791498
33986075,6,791498
33987288,5,791498
33988501,8,791498
33989713,9,792320
33990926,5,792320
33992139,5,792320
33993352,9,792320
33994565,8,792320
33995777,4,792320
33996990,8,792320
33998203,7,792320
33999416,5,792320
34000628,7,796431
34001841,4,796431
34003054,6,796431
34004267,4,796431
34005479,7,796431
34006692,8,796431
34007904,10,796431
34009118,6,796431
34010330,6,796431
34011543,5,794530
34012756,4,794530
34013968,7,794530
34015182,7,794530
34016394,6,794530
34017607,4,794530
34018820,6,794530
34020032,6,794530
34021246,6,794530
34022458,6,789031
34023671,4,789031
34024884,6,789031
34026097,5,789031
34027310,6,789031
34028522,6,789031
34029734,8,789031
34030947,6,789031
34032160,5,789031
34033373,3,793502
34034586,3,793502
34035799,5,793502
34037011,7,793502
34038225,7,793502
34039437,10,793502
34040649,4,793502
34041862,9,793502
34043075,5,793502
34050353,2,793502
34051564,7,793502
34052777,6,793502
34053990,6,793502
34055203,6,793862
34056415,4,792063
34057628,4,792063
34058841,4,792063
34060054,4,792063
34061267,4,792063
34062479,3,792063
34063692,4,792063
34064905,4,792063
34066118,2,792063
34067330,3,795249
34068543,5,795249
34069756,3,795249
34070968,6,795249
34072182,4,795249
34073394,2,795249
34074607,5,795249
34075820,4,795249
34077032,5,795249
34078245,5,789750
34079458,5,789750
34080671,2,789750
34081883,3,789750
34083096,4,789750
34084310,3,789750
34085522,5,789750
34086734,7,789750
34087947,3,789750
34089160,4,790573
34090372,4,790573
34091585,6,790573
34092798,4,790573
34094011,3,790573
34095224,4,790573
34096436,6,790573
34097649,6,790573
34098861,4,790573
34100075,4,790627
34101287,5,791395
34102501,4,791395
34103712,4,791395
34104926,5,791395
34106138,5,791395
34107351,4,791395
34108564,4,791395
34109776,5,791395
34110990,0,791451
34112201,4,792731
34113415,5,792731
34114628,4,792731
34115840,4,792731
34117053,4,792731
34118266,4,792731
34119478,4,792731
34120691,4,792731
34121903,4,792731
34123116,3,792731
34124329,6,792731
34125542,5,792731
34126754,5,792731
34135243,6,792731
34136457,4,792731
34137669,7,792731
34138881,5,792731
34140095,7,792731
34141308,5,792731
34142520,5,792731
34143732,10,794684
34144946,2,794684
34146158,6,794684
34147371,8,794684
34148584,8,794684
34149797,4,794684
34151008,7,794684
34152222,5,794684
34153434,10,794684
34154647,6,789391
34155859,5,789391
34157072,8,789391
34158285,6,789391
34159498,5,789391
34160710,6,789391
34161923,5,789391
34163136,6,789391
34164349,9,789391
34165561,8,795095
34166774,3,795095
34167986,7,795095
34169199,4,795095
34170412,6,795095
34171625,6,795095
34172838,7,795095
34174050,6,795095
34175262,9,795095
34176476,5,787592
34177688,3,787592
34178900,8,787592
34180113,8,787592
34181326,6,787592
34182538,7,787592
34183751,8,787592
34184964,4,787592
34186177,7,787592
34187390,7,796380
34188603,5,796380
34189815,8,796380
34191028,6,796380
34192241,7,796380
34193453,8,796380
34194667,6,796380
34195879,5,796380
34197091,5,796380
34198304,6,794992
34199517,3,794992
34200729,9,794992
34201942,6,794992
34203155,4,794992
34204367,9,794992
34205580,5,794992
34206793,6,794992
34208006,6,794992
34209218,6,794478
34210431,2,794478
34211643,6,794478
34220132,7,792166
34221346,3,792166
34222558,2,792166
34223771,4,792166
34224984,7,792166
34226196,7,792166
34227409,5,792166
34228622,8,792166
34229835,6,792166
34231048,8,792525
34232260,4,797151
34233473,2,797151
34234686,4,797151
34235900,4,797151
34237111,3,797151
34238324,4,797151
34239537,5,797151
34240749,3,797151
34241962,4,797151
34243175,5,791241
34244387,4,791241
34245601,3,791241
34246813,3,791241
34248026,5,791241
34249239,4,791241
34250451,4,791241
34251664,4,791241
34252876,4,791241
34254089,3,791857
34255302,2,791857
34256515,4,791857
34257728,3,791857
34258940,4,791857
34260153,3,791857
34261366,2,791857
34262578,3,791857
34263792,4,791857
34265004,4,792834
34266216,3,792834
34267429,6,792834
34268642,3,792834
34269854,4,792834
34271067,3,792834
34272281,3,792834
34273492,3,792834
34274706,2,792834
34275918,3,795146
34277131,2,795146
34278343,5,795146
34279556,3,795146
34280770,5,795146
34281982,3,795146
34283194,6,795146
34284407,3,795146
34285620,5,795146
34286833,3,795388
34288046,7,791292
34289257,3,791292
34290471,2,791292
34291683,3,791292
34292896,5,791292
34294108,3,791292
34295322,3,791292
34296534,5,791292
34305023,8,791292
34306236,8,791292
34307449,5,794221
34308661,4,794221
34309874,2,794221
34311087,6,794221
34312300,9,794221
34313513,7,794221
34314725,7,794221
34315939,4,794221
34317151,6,794221
34318364,5,794221
34319577,4,794221
34320790,3,794221
34322003,7,794221
34323215,6,794221
34324428,9,794221
34325641,6,794221
34326854,7,794221
34328066,8,794221
34329279,7,794221
34330492,4,794478
34331705,4,794478
34332918,3,794478
34334130,7,794478
34335343,6,794478
34336556,5,794478
34337768,5,794478
34338981,5,794478
34340194,6,794478
34341406,8,790470
34342619,4,790470
34343832,5,790470
34345044,7,790470
34346257,5,790470
34347470,5,790470
34348683,8,790470
34349895,9,790470
34351108,5,790470
34352320,5,795198
34353533,5,795198
34354746,4,795198
34355959,7,795198
34357171,5,795198
34358385,4,795198
34359597,6,795198
34360809,4,795198
34362022,5,795198
34363235,7,790161
34364448,4,790161
34365661,5,790161
34366873,4,790161
34368086,6,790161
34369299,6,790161
34370512,8,790161
34371724,9,790161
34372937,10,790161
34374150,8,791446
34375363,2,791446
34376575,9,791446
34377788,4,791446
34379000,6,791446
34380213,7,791446
34381426,4,791446
34388702,15,791446
34389915,5,791446
34391127,6,791446
34392340,10,791446
34393553,7,791446
34394765,6,791446
34395978,6,799155
34397191,5,799155
34398403,9,799155
34399617,6,799155
34400829,7,799155
34402042,9,799155
34403255,4,799155
34404468,4,799155
34405681,8,799155
34406893,6,790675
34408106,4,790675
34409318,4,790675
34410531,10,790675
34411744,9,790675
34412957,7,790675
34414169,5,790675
34415382,6,790675
34416594,8,790675
34417807,6,790059
34419020,3,790059
34420233,7,790059
34421445,4,790059
34422658,8,790059
34423871,7,790059
34425083,7,790059
34426296,7,790059
34427509,5,790059
34428722,5,792782
34429934,3,791806
34431147,4,791806
34432360,3,791806
34433572,3,791806
34434785,4,791806
34435998,5,791806
34437210,5,791806
34438423,6,791806
34439636,5,791806
34440849,1,790059
34442062,3,790059
34443275,2,790059
34444487,3,790059
34445700,5,790059
34446913,4,790059
34448126,2,790059
34449338,3,790059
34450550,3,790059
34451763,6,791189
34452976,5,791189
34454189,4,791189
34455401,5,791189
34456615,4,791189
34457827,3,791189
34459040,4,791189
34460252,4,791189
34461465,2,791189
34462678,3,792680
34463891,4,792680
34465103,8,792680
34473592,5,794221
34474804,17,794221
34476018,5,794221
34477230,4,794221
34478443,5,794221
34479656,4,794221
34480868,3,794221
34482081,4,794221
34483293,3,794221
34484506,3,794268
34485719,4,792988
34486931,2,792988
34488145,4,792988
34489357,5,792988
34490570,5,792988
34491782,4,792988
34492995,2,792988
34494207,5,792988
34495420,3,792980
34496633,3,790932
34497846,3,790932
34499058,4,790932
34500271,4,790932
34501483,3,790932
34502696,5,790932
34503908,5,790932
34505122,4,790932
34506334,4,790932
34507547,4,790932
34508759,8,790932
34509973,7,790932
34511185,7,790932
34512398,4,790932
34513610,4,790932
34514823,8,790932
34516036,9,794016
34517248,4,794016
34518461,2,794016
34519674,7,794016
34520887,4,794016
34522099,5,794016
34523313,8,794016
34524525,7,794016
34525738,12,794016
34526951,4,794016
34528163,5,792936
34529376,3,792936
34530589,5,792936
34531802,8,792936
34533014,5,792936
34534227,7,792936
34535440,12,792936
34536652,7,792936
34537865,7,792936
34539078,4,790984
34540290,4,790984
34541503,5,790984
34542715,4,790984
34543928,5,790984
34545142,7,790984
34546354,7,790984
34547566,6,790984
34548779,4,790984
34549992,7,790984
34557268,7,790984
34558481,5,790984
34559693,8,790984
34560906,7,794324
34562119,4,794324
34563331,7,794324
34564544,5,794324
34565757,6,794324
34566970,6,794324
34568182,8,794324
34569395,4,794324
34570607,8,794324
34571820,8,788517
34573033,5,788517
34574246,6,788517
34575458,8,788517
34576671,7,788517
34577884,6,788517
34579097,4,788517
34580310,6,788517
34581522,5,788517
34582735,12,797459
34583947,4,797459
34585161,4,797459
34586373,8,797459
34587586,8,797459
34588799,6,797459
34590011,7,797459
34591224,5,797459
34592437,7,797459
34593649,8,789391
34594862,3,789391
34596075,6,789391
34597287,3,789391
34598500,6,789391
34599712,5,789391
34600925,3,789391
34602138,6,789391
34603350,4,789391
34604564,8,795712
34605776,3,795712
34606989,8,795712
34608201,6,795712
34609414,5,795712
34610626,8,795712
34611840,7,795712
34613052,6,795712
34614265,10,795712
34615477,3,788055
34616690,5,796174
34617903,5,796174
34619115,1,796174
34620328,3,796174
34621541,5,796174
34622753,4,796174
34623966,7,796174
34625178,4,796174
34626392,3,796174
34627604,6,794581
34628816,5,794581
34630028,3,794581
34631241,4,794581
34632454,4,794581
34633667,11,794581
34642155,8,794581
34643368,8,794581
34644580,6,794581
34645793,7,794581
34647006,6,794581
34648218,7,795301
34649431,5,791806
34650644,4,791806
34651857,4,791806
34653069,5,791806
34654282,3,791806
34655494,4,791806
34656707,1,791806
34657920,2,791806
34659132,2,791806
34660346,5,793810
34661558,4,793810
34662770,4,793810
34663983,5,793810
34665196,3,793810
34666409,5,793810
34667621,5,793810
34668834,2,793810
34670047,5,793810
34671259,3,793849
34672473,2,790521
34673684,3,790521
34674897,4,790521
34676110,4,790521
34677323,2,790521
34678535,6,790521
34679748,3,790521
34680962,3,790521
34682174,6,790429
34683387,3,793245
34684600,4,793245
34685813,4,793245
34687025,4,793245
34688238,6,793245
34689450,3,793245
34690663,4,793245
34691876,5,793245
34693089,3,793186
34694301,4,793186
34695514,8,793186
34696727,9,793186
34697940,6,793186
34699153,5,793186
34700366,6,793186
34701578,5,793186
34702791,4,791138
34704004,4,791138
34705216,1,791138
34706429,7,791138
34707643,7,791138
34708855,6,791138
34710067,5,791138
34711280,7,791138
34712493,5,791138
34713706,7,791138
34714919,8,795043
34716131,3,795043
34717344,6,795043
34718557,8,794375
34725835,10,794375
34727047,3,794375
34728259,7,794375
34729472,6,794375
34730684,9,794375
34731899,9,794375
34733111,7,794375
34734323,6,794375
34735535,6,794375
34736749,4,791035
34737962,6,791035
34739174,9,791035
34740387,9,791035
34741599,7,791035
34742812,5,791035
34744024,4,791035
34745237,6,791035
34746450,6,791035
34747663,7,793348
34748875,3,793348
34750089,3,793348
34751301,4,793348
34752514,6,793348
34753726,5,793348
34754939,7,793348
34756153,6,793348
34757366,6,793348
34758577,4,793450
34759791,4,793450
34761003,6,793450
34762216,8,793450
34763429,9,793450
34764641,7,793450
34765854,7,793450
34767067,6,793450
34768279,7,793450
34769492,9,793759
34770705,3,793759
34771918,3,793759
34773130,6,793759
34774343,7,793759
34775555,7,793759
34776768,5,793759
34777982,5,793759
34779194,8,793759
34780407,4,792012
34781620,4,792012
34782832,9,792012
34784044,8,792012
34785258,7,792012
34786470,6,792012
34787683,10,792012
34788895,6,792012
34790108,6,792012
34791321,8,794633
34792534,6,794633
34793747,6,794633
34794959,8,794633
34796172,6,794633
34797385,6,794633
34798597,5,794633
34799810,5,794633
34801023,4,794633
34802236,6,794633
34809512,11,794633
34810725,8,794633
34811938,6,794633
34813150,2,796328
34814363,2,790059
34815576,4,790059
34816788,3,790059
34818002,5,790059
34819215,4,790059
34820427,5,790059
34821640,0,790059
34822853,4,790059
34824065,4,790059
34825278,4,792577
34826491,4,792577
34827704,4,792577
34828917,4,792577
34830129,4,792577
34831342,5,792577
34832554,5,792577
34833767,4,792577
34834980,3,792577
34836193,6,790161
34837406,2,790161
34838619,3,790161
34839831,4,790161
34841045,5,790161
34842257,2,790161
34843470,1,790161
34844683,3,790161
34845895,3,790161
34847108,5,799206
34848321,3,799206
34849533,5,799206
34850746,3,799206
34851959,4,799206
34853172,4,799206
34854385,3,799206
34855598,4,799206
34856810,4,799206
34858023,4,791498
34859236,8,791498
34860448,4,791498
34861661,3,791498
34862874,2,791498
34864087,1,791498
34865300,4,791498
34866512,3,791498
34867725,3,791498
34868938,4,791528
34870150,4,799720
34871363,4,799720
34872576,3,799720
34873789,3,799720
34875002,4,799720
34876213,4,799720
34877426,6,799720
34878639,4,799720
34879852,3,799582
34881065,4,790110
34882278,5,790110
34883490,2,790110
34884703,4,790110
34885916,4,790110
34893193,8,790110
34894405,6,790110
34895618,6,790110
34896831,6,790110
34898043,6,790110
34899257,6,790110
34900469,6,795609
34901682,3,795609
34902894,4,795609
34904107,8,795609
34905320,5,795609
34906533,8,795609
34907746,4,795609
34908959,6,795609
34910171,5,795609
34911385,5,795609
34912597,5,789750
34913809,4,789750
34915022,7,789750
34916235,7,789750
34917448,8,789750
34918660,5,789750
34919874,6,789750
34921086,8,789750
34922299,4,789750
34923512,7,796431
34924724,4,796431
34925938,7,796431
34927151,5,796431
34928363,7,796431
34929575,7,796431
34930788,8,796431
34932001,8,796431
34933214,8,796431
34934427,8,792474
34935639,5,792474
34936852,6,792474
34938066,6,792474
34939278,5,792474
34940491,6,792474
34941704,7,792474
34942916,5,792474
34944130,5,792474
34945342,7,792217
34946555,5,792217
34947768,9,792217
34948980,5,792217
34950194,5,792217
34951406,6,792217
34952618,7,792217
34953832,6,792217
34955044,8,792217
34956257,7,792782
34957470,2,792782
34958683,8,792782
34959895,7,792782
34961108,7,792782
34962321,8,792782
34963534,7,792782
34964746,6,792782
34965959,5,792782
34967172,10,794530
34968385,4,794530
34969597,8,794530
34978087,2,793450
34979300,3,793450
34980513,5,793450
34981725,8,793450
34982938,4,793450
34984151,4,793450
34985363,5,793450
34986576,5,793450
34987788,5,793450
34989002,5,794119
34990214,4,794119
34991426,9,794119
34992639,8,794119
34993852,7,794119
34995065,4,794119
34996278,7,794119
34997490,6,794119
34998702,9,794119
34999915,5,791138
35001128,4,794838
35002341,5,794838
35003553,4,794838
35004766,3,794838
35005978,4,794838
35007191,3,794838
35008403,4,794838
35009616,4,794838
35010830,4,794838
35012042,5,794889
35013255,3,794889
35014467,3,794889
35015680,3,794889
35016892,6,794889
35018105,4,794889
35019318,6,794889
35020530,5,794889
35021743,4,794889
35022956,6,792320
35024168,3,792320
35025381,3,792320
35026595,4,792320
35027807,4,792320
35029020,4,792320
35030232,8,792320
35031445,4,792320
35032658,2,792320
35033871,4,797305
35035083,5,797305
35036296,4,797305
35037509,5,797305
35038722,4,797305
35039934,5,797305
35041147,3,797305
35042360,3,797305
35043573,3,797305
35044785,5,791703
35045998,6,791703
35047211,3,791703
35048423,5,791703
35049637,3,791703
35050848,2,791703
35052062,-1,791703
35053274,4,791703
35054487,5,791703
35062975,6,791703
35064189,8,791703
35065401,5,797202
35066614,6,797328
35067826,4,789904
35069039,7,789904
35070251,4,789904
35071464,2,789904
35072677,3,789904
35073889,5,789904
35075102,4,789904
35076315,4,789904
35077528,5,789769
35078740,6,794889
35079953,3,794889
35081166,4,794889
35082379,4,794889
35083591,3,794889
35084804,5,794889
35086017,2,794889
35087229,4,794889
35088441,5,794889
35089654,3,794889
35090867,5,794889
35092079,6,794889
35093292,7,794889
35094506,3,794889
35095718,4,794889
35096930,7,794889
35098143,10,794889
35099356,7,787952
35100568,2,787952
35101781,4,787952
35102994,4,787952
35104206,5,787952
35105419,6,787952
35106631,6,787952
35107844,8,787952
35109057,5,787952
35110270,4,796791
35111482,3,796791
35112695,7,796791
35113907,7,796791
35115120,5,796791
35116333,8,796791
35117545,9,796791
35118758,4,796791
35119971,8,796791
35121184,9,791549
35122396,2,791549
35123608,6,791549
35124822,8,791549
35126033,8,791549
35127246,6,791549
35128459,6,791549
35129672,5,791549
35130884,8,791549
35132097,6,799052
35133310,4,799052
35134522,9,799052
35135734,10,799052
35136947,5,799052
35138160,5,799052
35139372,9,799052
35146648,6,799052
35147861,6,799052
35149074,7,799052
35150287,8,799052
35151500,6,799052
35152712,8,799052
35153925,8,795146
35155138,3,795146
35156350,8,795146
35157563,8,795146
35158775,4,795146
35159988,6,795146
35161201,8,795146
35162414,5,795146
35163626,7,795146
35164839,4,788620
35166052,3,788620
35167265,3,788620
35168477,4,788620
35169689,10,788620
35170903,7,788620
35172115,4,788620
35173327,4,788620
35174540,8,788620
35175753,5,790932
35176966,3,790932
35178178,5,790932
35179391,3,790932
35180604,8,790932
35181816,7,790932
35183030,8,790932
35184242,5,790932
35185455,7,790932
35186667,4,790007
35187880,2,790007
35189093,4,790007
35190306,8,790007
35191518,6,790007
35192731,9,790007
35193944,6,790007
35195157,3,790007
35196370,6,790007
35197582,7,794375
35198795,2,790932
35200007,5,790932
35201220,3,790932
35202433,8,790932
35203646,5,790932
35204858,5,790932
35206071,5,790932
35207285,3,790932
35208496,3,790932
35209709,3,796380
35210922,3,796380
35212135,3,796380
35213347,3,796380
35214560,5,796380
35215773,-2,796380
35216985,2,796380
35218198,4,796380
35219410,3,796380
35220623,4,792166
35221836,3,792166
35223049,8,792166
35230324,2,792166
35231537,2,792834
35232750,17,792834
35233962,4,792834
35235175,5,792834
35236388,3,792834
35237601,4,792834
35238814,5,792834
35240026,3,792834
35241238,5,792834
35242451,2,790624
35243664,3,790624
35244876,4,790624
35246089,3,790624
35247301,4,790624
35248514,3,790624
35249727,5,790624
35250939,3,790624
35252152,1,790624
35253365,3,790604
35254578,5,799052
35255790,2,799052
35257002,4,799052
35258215,6,799052
35259427,7,799052
35260640,4,799052
35261853,4,799052
35263066,4,799052
35264278,3,799177
35265490,2,791241
35266703,2,791241
35267916,3,791241
35269128,4,791241
35270341,6,791241
35271554,4,791241
35272766,2,791241
35273979,5,791241
35275192,3,791241
35276404,3,791241
35277617,6,791241
35278830,4,791241
35280042,7,791241
35281255,6,791241
35282468,5,791241
35283681,7,791241
35284893,5,797254
35286106,6,797254
35287318,3,797254
35288532,6,797254
35289744,7,797254
35290957,6,797254
35292170,6,797254
35293382,7,797254
35294595,5,797254
35295807,7,797254
35297020,6,793656
35298234,6,793656
35299446,7,793656
35300658,6,793656
35301871,6,793656
35303083,6,793656
35304297,7,793656
35305509,6,793656
35306722,2,793656
35315211,5,793656
35316424,7,793656
35317636,8,793656
35318848,7,792525
35320062,4,792525
35321274,5,792525
35322486,6,792525
35323700,5,792525
35324912,4,792525
35326124,5,792525
35327338,8,792525
35328550,8,792525
35329763,5,788825
35330976,2,788825
35332188,6,788825
35333401,7,788825
35334614,8,788825
35335827,7,788825
35337039,8,788825
35338252,7,788825
35339465,8,788825
35340678,10,798178
35341891,5,798178
35343103,5,798178
35344315,8,798178
35345528,5,798178
35346741,10,798178
35347953,6,798178
35349166,10,798178
35350379,8,798178
35351591,7,788465
35352805,3,788465
35354018,7,788465
35355230,5,788465
35356443,8,788465
35357655,8,788465
35358868,4,788465
35360082,6,788465
35361294,6,788465
35362506,7,795917
35363720,5,795917
35364932,4,795917
35366144,6,795917
35367358,8,795917
35368570,7,795917
35369783,8,795917
35370995,8,795917
35372208,7,795917
35373421,7,788877
35374634,5,788877
35375847,8,788877
35377059,5,788877
35378271,5,788877
35379485,7,788877
35380697,3,788877
35381910,7,788877
35383122,8,788877
35384335,9,797562
35385548,5,790624
35386760,4,790624
35387974,4,790624
35389186,3,790624
35390398,3,790624
35391611,6,790624
35400101,6,790624
35401313,6,790624
35402525,7,790624
35403738,11,790624
35404950,7,790624
35406163,6,796894
35407376,4,789185
35408589,3,789185
35409802,5,789185
35411014,4,789185
35412227,4,789185
35413439,4,789185
35414652,4,789185
35415864,3,789185
35417077,4,789185
35418289,3,800954
35419502,3,800954
35420714,3,800954
35421927,4,800954
35423141,3,800954
35424352,3,800954
35425566,3,800954
35426778,3,800954
35427990,3,800954
35429203,4,793553
35430416,3,793553
35431628,4,793553
35432841,3,793553
35434053,4,793553
35435265,5,793553
35436478,4,793553
35437691,6,793553
35438903,3,793553
35440116,3,793390
35441328,2,790830
35442542,4,790830
35443753,-1,790830
35444966,5,790830
35446179,5,790830
35447391,3,790830
35448604,3,790830
35449816,5,790830
35451029,4,790882
35452241,3,791138
35453454,2,791138
35454667,3,791138
35455879,5,791138
35457092,3,791138
35458305,4,791138
35459517,6,791138
35460729,6,791138
35461942,6,791138
35463154,4,791138
35464367,5,791138
35465579,7,791138
35466792,7,791138
35468004,7,791138
35469218,6,791138
35470429,9,791138
35471642,6,791138
35472855,4,791138
35474067,3,791138
35475280,6,791138
35476492,6,789956
35483767,2,789956
35484980,14,789956
35486192,8,789956
35487405,5,789956
35488617,5,789956
35489830,5,789956
35491043,6,789956
35492255,6,789956
35493467,5,789956
35494680,7,792731
35495893,3,792731
35497106,6,792731
35498318,8,792731
35499530,8,792731
35500743,10,792731
35501956,5,792731
35503168,5,792731
35504381,6,792731
35505594,7,791909
35506806,4,791909
35508019,8,791909
35509231,5,791909
35510444,7,791909
35511656,5,791909
35512870,4,791909
35514082,8,791909
35515294,8,791909
35516507,7,792885
35517719,3,792885
35518933,7,792885
35520145,7,792885
35521358,7,792885
35522570,7,792885
35523783,6,792885
35524995,8,792885
35526209,8,792885
35527421,5,789699
35528633,5,789699
35529847,6,789699
35531059,3,789699
35532271,7,789699
35533485,6,789699
35534697,6,789699
35535910,9,789699
35537122,7,789699
35538335,8,790675
35539548,4,790675
35540761,5,790675
35541973,6,790675
35543186,7,790675
35544398,7,790675
35545611,5,790675
35546823,4,790675
35548037,9,790675
35549249,6,789185
35550461,2,789185
35551674,5,789185
35552886,5,789185
35554099,6,789185
35555313,6,789185
35556524,8,789185
35557738,9,789185
35558950,6,789185
35560162,6,789185
35567439,11,789185
35568651,6,789185
35569864,10,789185
35571077,6,790778
35572289,6,789236
35573501,6,789236
35574714,4,789236
35575927,3,789236
35577139,3,789236
35578352,5,789236
35579565,2,789236
35580777,5,789236
35581990,5,789236
35583203,4,795249
35584416,5,795249
35585628,4,795249
35586841,3,795249
35588053,4,795249
35589266,3,795249
35590478,3,795249
35591691,5,795249
35592903,5,795249
35594116,4,786512
35595329,4,786512
35596542,4,786512
35597754,5,786512
35598967,5,786512
35600179,5,786512
35601392,4,786512
35602605,2,786512
35603817,2,786512
35605030,4,793502
35606243,5,793502
35607456,2,793502
35608668,4,793502
35609881,5,793502
35611094,3,793502
35612306,3,793502
35613518,7,793502
35614731,8,793502
35615944,4,849942
35617156,3,784406
35618369,3,784406
35619583,3,784406
35620794,1,784406
35622007,3,784406
35623220,3,784406
35624433,5,784406
35625646,1,784406
35626858,3,784455
35628071,1,797767
35629283,6,797767
35630496,4,797767
35631708,3,797767
35632921,3,797767
35634133,4,797767
35635347,4,797767
35636559,5,797767
35637772,3,797748
35638985,3,792628
35640196,3,792628
35641410,4,792628
35642622,3,792628
35643835,5,792628
35651176,10,792628
35652323,7,792628
35653536,6,792628
35654749,8,792628
35655962,4,792628
35657174,5,792628
35658387,6,798692
35659600,4,798692
35660812,4,798692
35662025,6,798692
35663238,6,798692
35664450,6,798692
35665663,5,798692
35666875,6,798692
35668088,5,798692
35669301,7,798692
35670513,8,790367
35671726,4,790367
35672939,6,790367
35674151,4,790367
35675364,8,790367
35676577,8,790367
35677789,5,790367
35679002,5,790367
35680215,7,790367
35681428,7,794838
35682640,5,794838
35683852,7,794838
35685066,4,794838
35686278,8,794838
35687491,5,794838
35688703,8,794838
35689916,8,794838
35691128,7,794838
35692342,10,792628
35693554,2,792628
35694767,6,792628
35695979,8,792628
35697193,7,792628
35698404,6,792628
35699617,7,792628
35700830,7,792628
35702043,9,792628
35703255,5,794530
35704467,3,794530
35705680,9,794530
35706893,7,794530
35708106,5,794530
35709318,5,794530
35710531,5,794530
35711744,9,794530
35712956,6,794530
35714168,8,789647
35715381,3,789647
35716594,7,789647
35717806,8,789647
35719019,4,789647
35720231,4,789647
35721444,7,789647
35722657,7,789647
35723869,6,789647
35725082,6,795403
35726294,3,795403
35727507,6,795403
35734783,7,795403
35735996,5,788003
35737208,5,788003
35738420,8,788003
35739633,6,788003
35740846,7,788003
35742058,6,788003
35743271,5,788003
35744484,5,788003
35745696,5,788003
35746909,7,792423
35748122,4,792423
35749334,5,792423
35750547,6,792423
35751759,8,792423
35752972,6,792423
35754185,6,792423
35755397,7,792423
35756610,7,792423
35757823,7,790161
35759035,7,790161
35760248,7,790161
35761461,6,790161
35762674,6,790161
35763886,9,790161
35765099,7,790161
35766311,9,790161
35767525,5,790161
35768737,9,796123
35769950,5,792680
35771162,4,792680
35772375,4,792680
35773588,5,792680
35774800,1,792680
35776014,5,792680
35777226,3,792680
35778439,5,792680
35779652,3,792680
35780864,4,792474
35782076,4,792474
35783290,4,792474
35784502,2,792474
35785715,4,792474
35786927,1,792474
35788141,4,792474
35789352,4,792474
35790566,3,792474
35791779,4,789442
35792991,4,789442
35794203,4,789442
35795417,4,789442
35796630,3,789442
35797842,2,789442
35799055,3,789442
35800267,3,789442
35801480,4,789442
35802692,3,791960
35803905,3,791960
35805118,2,791960
35806330,2,791960
35807543,5,791960
35808756,5,791960
35809969,5,791960
35811181,3,791960
35819671,8,791960
35820883,4,791960
35822096,9,791960
35823309,6,792577
35824521,5,792828
35825733,7,791292
35826947,4,791292
35828159,5,791292
35829372,4,791292
35830585,4,791292
35831798,3,791292
35833010,2,791292
35834222,3,791292
35835435,5,791131
35836649,5,789339
35837860,5,789339
35839074,4,789339
35840286,4,789339
35841498,4,789339
35842711,5,789339
35843924,5,789339
35845136,4,789339
35846349,4,789339
35847561,0,789339
35848775,3,789339
35849987,5,789339
35851199,7,789339
35852412,7,789339
35853625,5,789339
35854837,5,789339
35856049,9,793553
35857261,3,793553
35858474,4,793553
35859686,6,793553
35860899,7,793553
35862112,6,793553
35863324,6,793553
35864537,5,793553
35865749,4,793553
35866961,8,793553
35868174,6,791241
35869387,4,791241
35870599,6,791241
35871812,4,791241
35873024,5,791241
35874237,6,791241
35875450,6,791241
35876662,6,791241
35877875,6,791241
35879087,4,789802
35880299,3,789802
35881512,6,789802
35882725,6,789802
35883938,4,789802
35885149,7,789802
35886362,7,789802
35887575,9,789802
35888787,4,789802
35890000,4,792525
35891212,4,792525
35892425,6,792525
35893637,7,792525
35894850,8,792525
35896063,12,792525
35903341,3,792525
35904550,6,792525
35905763,4,792525
35906975,8,792525
35908187,4,792525
35909400,7,792525
35910612,5,792525
35911825,6,795557
35913038,6,795557
35914250,6,795557
35915462,5,795557
35916676,9,795557
35917888,7,795557
35919101,6,795557
35920312,6,795557
35921525,7,795557
35922737,9,791189
35923950,6,791189
35925162,6,791189
35926375,5,791189
35927588,5,791189
35928800,6,791189
35930013,5,791189
35931226,5,791189
35932437,8,791189
35933651,8,793039
35934862,3,793039
35936075,5,793039
35937287,9,793039
35938500,6,793039
35939713,6,793039
35940925,4,793039
35942138,7,793039
35943350,6,793039
35944562,6,787026
35945775,1,787026
35946988,7,787026
35948201,5,787026
35949413,5,787026
35950625,6,787026
35951838,7,787026
35953051,9,787026
35954263,7,787026
35955475,4,795198
35956688,3,790059
35957900,2,790059
35959113,2,790059
35960326,4,790059
35961538,7,790059
35962750,4,790059
35963963,3,790059
35965175,3,790059
35966388,4,790059
35967601,5,792371
35968813,3,792371
35970026,4,792371
35971238,5,792371
35972451,2,792371
35973664,4,792371
35974876,2,792371
35976089,4,792371
35977301,4,792371
35978514,5,792371
35979726,3,792371
35988213,7,792371
35989425,6,794221
35990638,3,794221
35991851,1,794221
35993063,3,794221
35994275,0,794221
35995488,4,794221
35996700,4,794221
35997913,4,794221
35999126,3,794221
36000338,6,793039
36001551,5,793039
36002762,4,793039
36003975,5,793039
36005188,4,793039
36006400,2,793039
36007612,3,793039
36008825,3,793039
36010038,7,793039
36011250,4,792845
36012462,3,795917
36013675,2,795917
36014887,4,795917
36016100,3,795917
36017312,5,795917
36018525,3,795917
36019737,5,795917
36020950,4,795917
36022162,5,795993
36023375,3,788825
36024587,5,788825
36025800,3,788825
36027012,2,788825
36028226,6,788825
36029438,5,788825
36030650,5,788825
36031862,5,788825
36033075,3,788825
36034288,3,788825
36035500,6,788825
36036712,7,788825
36037925,5,788825
36039138,6,788825
36040350,6,788825
36041563,5,788825
36042776,4,790007
36043988,1,790007
36045202,3,790007
36046414,7,790007
36047626,6,790007
36048840,7,790007
36050052,5,790007
36051264,9,790007
36052477,6,790007
36053689,9,790007
36054902,8,790932
36056115,2,790932
36057327,5,790932
36058539,9,790932
36059752,7,790932
36060965,6,790932
36062178,5,790932
36063390,7,790932
36064602,6,790932
36073090,4,790932
36074303,8,790932
36075516,7,790932
36076728,10,790264
36077941,3,790264
36079154,5,790264
36080366,5,790264
36081578,6,790264
36082791,4,790264
36084003,4,790264
36085217,8,790264
36086428,10,790264
36087641,9,791909
36088854,4,791909
36090067,5,791909
36091279,6,791909
36092491,8,791909
36093704,9,791909
36094916,5,791909
36096129,7,791909
36097342,7,791909
36098554,7,792525
36099766,4,792525
36100979,5,792525
36102191,7,792525
36103404,7,792525
36104616,6,792525
36105828,6,792525
36107042,10,792525
36108254,4,792525
36109466,4,791035
36110679,4,791035
36111891,5,791035
36113103,6,791035
36114317,9,791035
36115528,6,791035
36116741,10,791035
36117953,8,791035
36119166,8,791035
36120378,7,791703
36121590,3,791703
36122804,5,791703
36124016,7,791703
36125228,10,791703
36126440,8,791703
36127653,5,791703
36128866,5,791703
36130078,5,791703
36131291,6,791086
36132503,4,791086
36133716,5,791086
36134928,6,791086
36136140,7,791086
36137353,6,791086
36138565,9,791086
36139778,5,791086
36140990,7,791086
36142203,6,789288
36143415,4,785485
36144628,5,785485
36145840,5,785485
36147053,3,785485
36148265,5,785485
36149478,7,785485
36157965,3,785485
36159178,4,785485
36160390,7,785485
36161602,5,785485
36162815,6,785485
36164027,5,794067
36165240,4,794067
36166453,4,794067
36167665,4,794067
36168877,4,794067
36170090,3,794067
36171302,4,794067
36172515,4,794067
36173727,3,794067
36174940,3,794067
36176153,5,793245
36177364,4,793245
36178578,3,793245
36179790,4,793245
36181002,4,793245
36182214,5,793245
36183428,6,793245
36184639,3,793245
36185852,3,793245
36187064,-1,786770
36188277,2,786770
36189489,4,786770
36190702,5,786770
36191915,4,786770
36193127,5,786770
36194339,3,786770
36195552,4,786770
36196764,5,786770
36197977,4,786807
36199189,5,796791
36200402,4,796791
36201615,3,796791
36202827,5,796791
36204039,6,796791
36205252,4,796791
36206464,3,796791
36207677,3,796791
36208889,5,796857
36210102,4,787129
36211314,4,787129
36212527,6,787129
36213739,8,787129
36214951,3,787129
36216163,3,787129
36217376,4,787129
36218588,5,787129
36219801,4,787129
36221013,4,787129
36222226,7,787129
36223439,9,787129
36224650,7,787129
36225863,5,787129
36227075,6,787129
36228288,8,787129
36229501,6,792988
36230713,5,792988
36231925,6,792988
36233138,8,792988
36234350,7,791446
36241625,1,791506
36242838,9,793810
36244050,4,793810
36245262,4,793810
36246475,3,793810
36247687,3,793810
36248900,4,793810
36250112,3,793810
36251325,4,793810
36252536,7,793810
36253749,5,793810
36254962,5,793810
36256174,7,793810
36257387,5,793810
36258599,6,793810
36259811,5,793810
36261025,5,793810
36262236,10,793810
36263449,4,787541
36264662,4,787541
36265874,8,787541
36267087,6,787541
36268299,6,787541
36269511,5,787541
36270724,6,787541
36271937,6,787541
36273149,4,787541
36274362,7,793245
36275574,3,793245
36276786,6,793245
36277999,7,793245
36279211,4,793245
36280424,10,793245
36281637,7,793245
36282848,7,793245
36284062,6,793245
36285274,6,792525
36286486,2,792525
36287699,5,792525
36288911,7,792525
36290123,7,792525
36291336,8,792525
36292549,7,792525
36293761,9,792525
36294974,8,792525
36296186,6,793862
36297398,3,793862
36298611,7,793862
36299823,6,793862
36301036,8,793862
36302248,7,793862
36303461,4,793862
36304674,6,793862
36305886,8,793862
36307099,5,790316
36308311,4,790316
36309523,8,790316
36310736,9,790316
36311948,7,790316
36313161,9,790316
36314374,4,790316
36315586,5,790316
36316798,5,790316
36318011,6,790316
36325285,5,790316
36326498,5,790316
36327711,4,790316
36328923,5,789802
36330135,4,794530
36331348,5,794530
36332561,5,794530
36333773,5,794530
36334986,4,794530
36336197,1,794530
36337410,4,794530
36338623,3,794530
36339835,3,794530
36341049,5,793296
36342260,3,793296
36343473,2,793296
36344685,4,793296
36345899,4,793296
36347110,7,793296
36348322,5,793296
36349535,6,793296
36350748,2,793296
36351960,4,793296
36353173,3,793296
36354385,3,793296
36355597,4,793296
36356810,4,793296
36358023,3,793296
36359235,7,793296
36360448,3,793296
36361660,4,793296
36362873,3,793810
36364086,3,793810
36365299,3,793810
36366510,2,793810
36367723,2,793810
36368935,4,793810
36370148,3,793810
36371360,3,793810
36372574,2,793810
36373786,1,848400
36374998,4,782864
36376210,4,782864
36377423,4,782864
36378636,3,782864
36379849,4,782864
36381061,3,782864
36382273,5,782864
36383486,4,782864
36384698,5,783060
36385911,4,794324
36387123,3,794324
36388336,6,794324
36389549,4,794324
36390761,4,794324
36391974,4,794324
36393186,4,794324
36394398,4,794324
36395611,3,794343
36396823,3,785639
36398036,8,785639
36399248,5,785639
36400461,3,785639
36401673,9,785639
36410161,5,785639
36411374,5,785639
36412586,9,785639
36413798,6,785639
36415011,8,785639
36416223,7,792628
36417436,7,792628
36418649,5,792628
36419862,7,792628
36421074,6,792628
36422286,9,792628
36423498,5,792628
36424711,4,792628
36425923,5,792628
36427136,5,792628
36428348,7,791754
36429562,3,791754
36430774,4,791754
36431986,7,791754
36433198,6,791754
36434411,6,791754
36435623,6,791754
36436836,7,791754
36438048,10,791754
36439261,7,793399
36440473,3,793399
36441687,6,793399
36442899,7,793399
36444111,4,793399
36445323,8,793399
36446536,7,793399
36447749,7,793399
36448961,8,793399
36450174,7,788568
36451386,3,788568
36452598,8,788568
36453811,5,788568
36455023,6,788568
36456236,4,788568
36457449,7,788568
36458662,7,788568
36459874,5,788568
36461086,6,792423
36462298,3,792423
36463511,6,792423
36464723,6,792423
36465936,6,792423
36467148,5,792423
36468360,5,792423
36469573,5,792423
36470786,5,792423
36471998,7,789699
36473210,6,789699
36474423,6,789699
36475636,8,789699
36476847,10,789699
36478060,5,789699
36479272,3,789699
36480485,6,789699
36481698,7,789699
36482910,5,794633
36484122,6,794633
36485335,10,794633
36486547,7,794633
36493823,4,790007
36495035,7,790007
36496247,6,790007
36497459,7,790007
36498673,7,790007
36499885,9,790007
36501097,4,790007
36502310,5,790007
36503522,7,790007
36504735,10,791909
36505947,4,791909
36507159,8,791909
36508372,4,791909
36509585,9,791909
36510797,4,791909
36512010,7,791909
36513222,7,791909
36514434,7,791909
36515647,6,790161
36516859,4,791754
36518072,4,791754
36519284,2,791754
36520497,4,791754
36521709,4,791754
36522922,5,791754
36524134,3,791754
36525347,4,791754
36526559,6,791754
36527772,5,793399
36528985,4,793399
36530197,3,793399
36531410,3,793399
36532622,2,793399
36533835,3,793399
36535047,5,793399
36536259,4,793399
36537472,1,793399
36538684,3,793399
36539897,4,793399
36541110,3,793399
36542322,5,793399
36543535,4,793399
36544746,3,793399
36545959,4,793399
36547172,2,793399
36548384,4,793399
36549597,3,850404
36550809,6,784868
36552021,4,784868
36553234,6,784868
36554446,2,784868
36555659,4,784868
36556871,4,784868
36558084,0,784868
36559296,3,784868
36560509,4,778753
36561721,3,778753
36562934,5,778753
36564147,5,778753
36565359,2,778753
36566572,4,778753
36567784,3,778753
36568996,4,778753
36570209,4,778753
36578696,13,778753
36579909,6,778753
36581120,7,788157
36582334,3,788083
36583546,5,795763
36584758,5,795763
36585971,5,795763
36587182,5,795763
36588395,3,795763
36589607,4,795763
36590820,5,795763
36592032,6,795763
36593244,4,795763
36594457,4,795763
36595669,4,795763
36596882,5,795763
36598095,6,795763
36599307,8,795763
36600520,7,795763
36601732,9,795763
36602944,3,791086
36604158,3,791086
36605370,4,791086
36606583,5,791086
36607795,5,791086
36609008,5,791086
36610221,6,791086
36611434,11,791086
36612646,8,791086
36613858,6,791086
36615071,5,786564
36616283,3,786564
36617496,4,786564
36618709,7,786564
36619921,8,786564
36621134,8,786564
36622347,7,786564
36623559,8,786564
36624771,4,786564
36625984,8,798435
36627197,7,798435
36628409,9,798435
36629622,5,798435
36630835,7,798435
36632047,7,798435
36633259,4,798435
36634472,6,798435
36635684,8,798435
36636899,4,787232
36638110,3,787232
36639322,8,787232
36640535,8,787232
36641748,5,787232
36642960,8,787232
36644172,7,787232
36645385,6,787232
36646598,7,787232
36647810,5,799309
36649023,4,799309
36650235,6,799309
36651447,5,799309
36652661,8,799309
36653873,7,799309
36655085,7,799309
36662360,4,799309
36663573,8,799309
36664786,7,799309
36665998,6,799309
36667210,4,799309
36668423,6,799309
36669635,6,791086
36670848,4,791086
36672060,4,791086
36673273,5,791086
36674485,7,791086
36675698,6,791086
36676910,7,791086
36678123,7,791086
36679335,7,791086
36680547,4,794581
36681760,6,794581
36682972,7,794581
36684185,6,794581
36685398,7,794581
36686610,8,794581
36687822,5,794581
36689035,8,794581
36690247,12,794581
36691461,7,779369
36692672,4,779369
36693886,8,779369
36695098,7,779369
36696310,5,779369
36697523,7,779369
36698736,11,779369
36699948,6,779369
36701160,7,779369
36702373,7,787078
36703586,5,789391
36704798,5,789391
36706010,6,789391
36707223,5,789391
36708436,6,789391
36709648,4,789391
36710860,3,789391
36712074,3,789391
36713286,5,789391
36714499,3,782710
36715710,2,782710
36716923,4,782710
36718135,3,782710
36719349,6,782710
36720561,4,782710
36721773,4,782710
36722986,2,782710
36724198,5,782710
36725411,2,785639
36726624,4,785639
36727835,3,785639
36729049,5,785639
36730260,4,785639
36731473,2,785639
36732686,3,785639
36733899,5,785639
36735110,4,785639
36736324,5,781271
36737536,4,781271
36738748,2,781271
36747236,1,786204
36748449,5,786204
36749662,2,786204
36750873,4,786204
36752086,7,786204
36753299,2,786204
36754511,5,786204
36755723,4,786204
36756937,5,786204
36758149,5,786408
36759361,3,799720
36760574,4,799720
36761787,5,799720
36762999,4,799720
36764211,4,799720
36765424,7,799720
36766637,3,799720
36767849,4,799720
36769062,3,799709
36770274,1,796637
36771487,3,796637
36772699,5,796637
36773912,2,796637
36775125,4,796637
36776337,5,796637
36777550,4,796637
36778762,5,796637
36779975,3,796637
36781188,3,796637
36782400,6,796637
36783613,7,796637
36784825,6,796637
36786037,10,796637
36787250,5,796637
36788462,6,796637
36789675,6,785382
36790888,2,785382
36792100,3,785382
36793313,5,785382
36794525,4,785382
36795738,12,785382
36796950,7,785382
36798163,6,785382
36799376,10,785382
36800589,6,785382
36801802,6,800131
36803014,4,800131
36804226,8,800131
36805439,7,800131
36806651,5,800131
36807864,5,800131
36809077,6,800131
36810290,4,800131
36811502,6,800131
36812715,8,792628
36813927,5,792628
36815140,7,792628
36816352,8,792628
36817565,7,792628
36818777,4,792628
36819990,3,792628
36821203,5,792628
36822416,6,792628
36823628,7,792628
36832117,5,792628
36833329,6,792628
36834541,7,794992
36835754,5,794992
36836967,5,794992
36838179,7,794992
36839392,5,794992
36840605,6,794992
36841816,6,794992
36843030,5,794992
36844242,8,794992
36845454,4,794016
36846667,3,794016
36847880,6,794016
36849093,4,794016
36850305,7,794016
36851517,8,794016
36852730,10,794016
36853942,4,794016
36855155,7,794016
36856367,7,786050
36857580,3,786050
36858792,5,786050
36860006,5,786050
36861217,5,786050
36862430,7,786050
36863643,7,786050
36864855,8,786050
36866068,6,786050
36867281,7,788723
36868492,3,788723
36869705,5,788723
36870918,6,788723
36872130,8,788723
36873343,7,788723
36874556,6,788723
36875768,4,788723
36876981,6,788723
36878194,7,780962
36879406,4,780962
36880618,5,780962
36881831,7,780962
36883043,8,780962
36884256,7,780962
36885469,4,780962
36886682,8,780962
36887894,7,780962
36889107,8,786924
36890319,4,785176
36891532,5,785176
36892744,4,785176
36893956,3,785176
36895170,4,785176
36896381,3,785176
36897594,3,785176
36898806,3,785176
36900019,3,785176
36901232,7,784560
36902444,5,784560
36903657,3,784560
36904869,4,784560
36906082,4,784560
36907294,3,784560
36908507,7,784560
36916995,6,784560
36918208,8,784560
36919421,6,784560
36920633,7,784560
36921846,7,782247
36923058,3,731872
36924271,4,797408
36925483,3,797408
36926696,5,797408
36927908,5,797408
36929121,6,797408
36930334,6,797408
36931546,3,797408
36932759,4,797408
36933971,4,797459
36935183,5,797459
36936396,5,797459
36937609,5,797459
36938821,4,797459
36940034,7,797459
36941247,4,797459
36942459,4,797459
36943671,5,797459
36944884,5,797668
36946097,-2,784868
36947310,3,784868
36948522,3,784868
36949735,6,784868
36950947,6,784868
36952160,3,784868
36953372,4,784868
36954586,2,784868
36955797,5,784793
36957010,5,778393
36958222,4,778393
36959436,7,778393
36960648,3,778393
36961860,3,778393
36963074,4,778393
36964286,4,778393
36965498,5,778393
36966711,2,778393
36967924,4,778393
36969136,5,778393
36970350,9,778393
36971561,6,778393
36972774,6,778393
36973987,4,778393
36975199,6,778393
36976412,4,788157
36977624,4,788157
36978837,3,788157
36980050,8,788157
36981263,5,788157
36982476,4,788157
36983688,6,788157
36984900,6,788157
36986113,6,788157
36987326,7,788157
36988539,6,780860
36989750,4,780860
36990963,6,780860
36992175,5,780860
36993388,7,721028
37000664,4,786564
37001877,2,786564
37003090,3,786564
37004301,4,786564
37005514,5,786564
37006727,4,786564
37007939,3,786564
37009152,3,786564
37010365,5,786564
37011578,3,786564
37012790,7,786564
37014002,5,786564
37015215,8,786564
37016428,7,786564
37017640,5,786564
37018853,6,786564
37020066,7,786564
37021278,5,794992
37022490,3,794992
37023704,3,794992
37024916,3,794992
37026128,4,794992
37027342,7,794992
37028554,8,794992
37029766,6,794992
37030979,8,794992
37032191,5,789442
37033404,1,789442
37034617,6,789442
37035829,8,789442
37037042,9,789442
37038254,7,789442
37039468,7,789442
37040680,5,789442
37041893,7,789442
37043106,6,789082
37044318,5,789082
37045530,6,789082
37046743,7,789082
37047956,7,789082
37049168,9,789082
37050381,6,789082
37051594,6,789082
37052806,7,789082
37054020,6,791703
37055231,6,791703
37056445,6,791703
37057657,8,791703
37058870,7,791703
37060082,5,791703
37061295,6,791703
37062508,4,791703
37063720,6,791703
37064933,5,799001
37066145,3,799001
37067358,4,799001
37068570,3,799001
37069783,4,799001
37070996,7,799001
37072208,10,799001
37073421,7,799001
37074634,5,799001
37075847,4,789853
37077059,8,789853
37084335,2,789853
37085548,6,789853
37086761,5,786204
37087974,4,801211
37089186,4,801211
37090398,4,801211
37091611,6,801211
37092823,5,801211
37094036,6,801211
37095250,6,801211
37096461,2,801211
37097674,3,801211
37098887,4,782555
37100100,2,782555
37101312,5,782555
37102525,3,782555
37103738,8,782555
37104950,4,782555
37106163,4,782555
37107376,6,782555
37108589,4,782555
37109801,4,733310
37111014,4,798846
37112227,1,798846
37113439,4,798846
37114652,6,798846
37115864,4,798846
37117077,4,798846
37118289,5,798846
37119503,3,798846
37120715,4,789904
37121927,6,789904
37123140,3,789904
37124352,5,789904
37125566,5,789904
37126778,3,789904
37127990,4,789904
37129203,5,789904
37130416,3,789904
37131628,3,789904
37132841,2,789904
37134054,4,789904
37135267,3,789904
37136479,3,789904
37137692,5,789904
37138905,3,789904
37140118,3,789904
37141330,5,789904
37142543,7,790000
37143756,5,801776
37144967,4,801776
37146180,3,801776
37147393,4,801776
37148606,3,801776
37149818,4,801776
37151031,5,801776
37152243,7,801776
37153456,4,801790
37154668,5,791806
37155881,3,791806
37157094,5,791806
37158307,5,791806
37159519,5,791806
37160731,4,791806
37169219,5,791806
37170432,9,791806
37171645,5,791806
37172857,7,791806
37174070,8,791806
37175283,5,796225
37176495,2,796225
37177708,5,796225
37178920,3,796225
37180133,6,796225
37181346,9,796225
37182558,9,796225
37183771,5,796225
37184984,7,796225
37186196,7,790984
37187409,6,790984
37188622,8,790984
37189834,6,790984
37191047,7,790984
37192259,6,790984
37193472,5,790984
37194685,6,790984
37195899,7,790984
37197110,7,795043
