timestamp_us,acceleration,capacitance
1513,10,0
2726,72,0
3938,104,0
5151,44,0
6363,-6,0
7576,-45,0
8789,-77,0
10000,-69,0
11213,-28,1776975
12425,20,1776975
13638,65,1776975
14851,84,1776975
16063,64,1776975
17276,-9,1776975
18488,-63,1776975
19701,-91,1776975
20913,-51,1776975
22126,5,1770038
23338,59,1770038
24550,90,1770038
25763,79,1770038
26975,32,1770038
28188,-35,1770038
29401,-53,1770038
30613,-43,1770038
31826,-4,1770038
33038,30,1776975
34250,47,1776975
35463,47,1776975
36676,34,1776975
37888,6,1776975
39100,-17,1776975
40313,-14,1776975
41525,1,1776975
42738,24,1776975
43950,29,1792650
45163,33,1792650
46376,29,1792650
47588,-1,1792650
48800,-20,1792650
50013,-19,1792650
51225,-6,1792650
52438,9,1792650
53651,28,1792650
54863,35,1788692
56075,34,1788692
57288,27,1788692
58500,10,1788692
59714,15,1788692
60926,51,1788692
62138,9,1788692
63350,-24,1788692
64563,-77,1788692
65775,-102,1794757
66988,-45,1776718
68200,26,1776718
69413,76,1776718
70625,102,1776718
71839,70,1776718
73050,13,1776718
74263,-41,1776718
75476,-90,1776718
76688,-87,1776718
77901,-51,1772813
79113,-101,1772813
86503,-121,1772813
87601,-78,1772813
88813,-1,1772813
90025,68,1772813
91238,107,1772813
92451,83,1772813
93663,25,1772813
94875,-46,1772813
96088,-79,1772813
97301,-67,1772813
98513,-12,1754209
99725,42,1704296
100938,74,1769832
102151,64,1769832
103363,26,1769832
104576,-21,1769832
105788,-51,1769832
107001,-44,1769832
108213,-1,1769832
109427,21,1769832
110638,37,1779185
111851,51,1779185
113064,125,1779185
114276,201,1779185
115489,148,1779185
116701,-7,1779185
117914,-164,1779185
119127,-246,1779185
120339,-201,1779185
121552,-79,1779156
122765,60,1743828
123978,149,1743828
125189,188,1743828
126402,153,1743828
127615,58,1743828
128827,-36,1743828
130040,-155,1743828
131252,-176,1743828
132465,-136,1743773
133678,-35,1701533
134890,70,1701533
136103,134,1701533
137316,136,1701533
138528,93,1701533
139741,0,1701533
140953,-75,1701533
142166,-123,1701533
143378,-105,1701533
144591,-55,1701533
145804,45,1701533
147017,131,1701533
148229,153,1701533
149441,73,1701533
150654,-40,1701533
151866,-121,1701533
153079,-143,1720856
154292,-70,1720856
155504,30,1720856
156717,105,1720856
157930,143,1720856
159142,103,1720856
160354,25,1720856
161567,-62,1720856
162779,102,1720856
170055,61,1720856
171268,38,1720856
172480,25,1720856
173693,-32,1720856
174905,-81,1720856
176117,-88,1746911
177331,-24,1746911
178543,46,1746911
179755,108,1746911
180968,98,1746911
182180,53,1746911
183394,-8,1746911
184605,-84,1746911
185818,-102,1746911
187031,-85,1757498
188244,-22,1757498
189456,35,1757498
190669,91,1757498
191881,97,1757498
193094,68,1757498
194307,0,1757498
195519,-46,1757498
196731,-65,1757498
197944,-55,1757292
199156,-25,1757292
200370,32,1757292
201582,67,1757292
202794,71,1757292
204007,45,1757292
205220,-22,1757292
206432,-41,1757292
207644,-58,1757292
208857,-32,1754672
210069,2,1754672
211282,37,1754672
212494,70,1754672
213707,60,1754672
214919,25,1754672
216132,-25,1754672
217344,-64,1754672
218558,-66,1754672
219769,-36,1759657
220982,8,1759657
222195,59,1759657
223407,105,1759657
224620,147,1759657
225832,77,1759657
227045,-23,1759657
228257,-143,1759657
229470,-187,1759657
230683,-104,1761095
231895,32,1761095
233108,111,1761095
234320,147,1761095
235533,113,1761095
236745,56,1761095
237958,-46,1761095
239171,-99,1761095
240383,-116,1761095
241596,-49,1747066
242808,24,1747066
244021,91,1747066
245234,105,1747066
246445,73,1746186
253721,127,1772042
254933,138,1772042
256146,66,1772042
257358,-53,1772042
258571,-171,1772042
259783,-235,1772042
260996,-183,1772042
262208,-55,1772042
263421,87,1772042
264634,190,1752410
265846,238,1752410
267059,146,1752410
268271,54,1752410
269484,-112,1752410
270696,-189,1752410
271909,-212,1752410
273122,-107,1752410
274335,13,1752410
275547,129,1604506
276760,194,1604506
277973,161,1604506
279185,63,1604506
280397,-47,1604506
281610,-136,1604506
282823,-167,1604506
284035,-118,1604506
285248,-7,1604506
286461,78,1586392
287674,141,1717464
288886,126,1717464
290098,34,1717464
291311,-23,1717464
292523,-92,1717464
293736,-84,1717464
294948,-49,1717464
296162,15,1717464
297373,60,1720702
298586,101,1720702
299798,105,1720702
301012,24,1720702
302225,-65,1720702
303436,72,1720702
304650,-46,1720702
305862,-37,1720702
307075,-60,1720702
308287,-3,1720702
309499,15,1720702
310712,28,1720702
311924,111,1720702
313138,69,1720702
314349,-18,1720702
315562,4,1720702
316775,-134,1720702
317987,-142,1720702
319199,-1,1720693
320412,37,1773429
321624,103,1773429
322837,242,1773429
324049,155,1773429
325263,-104,1773429
326475,-129,1773429
327688,-193,1773429
328900,-93,1773429
330113,-23,1773429
337501,-51,1773429
338600,-232,1773429
339813,-240,1753130
341025,-125,1753130
342238,32,1753130
343450,112,1753130
344663,127,1753130
345875,122,1753130
347088,96,1753130
348300,111,1753130
349513,112,1753130
350726,19,1752051
351938,-142,1752051
353151,-208,1752051
354363,-183,1752051
355576,-98,1752051
356788,48,1752051
358001,127,1752051
359214,230,1752051
360426,184,1752051
361639,120,1752051
362851,-59,1754209
364063,-183,1754209
365276,-254,1754209
366489,-198,1754209
367702,-45,1754209
368914,97,1754209
370127,189,1754209
371339,173,1754209
372552,181,1754209
373765,69,1753798
374977,-19,1753798
376189,-146,1753798
377402,-164,1753798
378615,-127,1753798
379827,-29,1753798
381040,75,1753798
382252,145,1753798
383465,220,1753798
384678,124,1736068
385890,2,1736068
387103,-107,1736068
388315,-167,1736068
389528,-171,1736068
390740,-98,1736068
391952,33,1736068
393166,114,1736068
394378,162,1736068
395590,188,1736633
396803,101,1736633
398016,-27,1736633
399228,-145,1736633
400441,-188,1736633
401654,-160,1736633
402866,-18,1736633
404079,86,1736633
405291,143,1736633
406504,152,1716950
407716,84,1716950
408929,28,1716950
410142,-47,1716950
411354,-97,1716950
412566,-133,1716950
413778,97,1716950
421053,7,1716950
422266,-97,1716950
423478,-150,1716950
424691,-129,1716950
425904,-41,1716950
427116,57,1716950
428328,131,1750560
429541,141,1750560
430754,96,1750560
431966,-29,1750560
433179,-101,1750560
434391,-134,1750560
435604,-64,1750560
436817,10,1750560
438029,80,1750560
439242,114,1748813
440454,84,1748813
441666,33,1748813
442879,-25,1748813
444091,-57,1748813
445304,-60,1748813
446516,-21,1748813
447729,26,1748813
448941,71,1748813
450154,84,1760273
451367,54,1787305
452579,12,1787305
453791,-29,1787305
455004,-52,1787305
456216,-63,1787305
457429,-46,1787305
458641,6,1787305
459854,48,1787305
461066,86,1787305
462279,110,1799125
463492,82,1799125
464704,61,1799125
465917,-54,1799125
467129,-101,1799125
468342,-145,1799125
469554,-117,1799125
470767,-49,1799125
471980,37,1799125
473192,147,1799125
474405,158,1799125
475617,127,1799125
476830,21,1799125
478042,-101,1799125
479255,-187,1799125
480467,-192,1799125
481680,-80,1799125
482893,37,1799125
484106,127,1817587
485318,161,1752051
486530,127,1752051
487743,57,1752051
488956,3,1752051
490169,-40,1752051
491380,-94,1752051
492593,-108,1752051
493806,-80,1752051
495018,-9,1744034
496231,54,1744034
497443,-131,1744034
505930,-79,1755340
507143,-12,1755340
508356,59,1755340
509568,107,1755340
510781,89,1755340
511993,39,1755340
513206,-2,1755340
514419,-26,1755340
515631,-73,1755340
516844,-67,1755280
518056,-26,1766800
519268,19,1766800
520481,96,1766800
521693,94,1766800
522906,51,1766800
524118,-29,1766800
525331,-63,1766800
526544,-84,1766800
527756,-51,1766800
528969,10,1766800
530181,77,1766800
531394,109,1766800
532607,82,1766800
533819,40,1766800
535032,-31,1766800
536244,-79,1766800
537456,-83,1784941
538669,-48,1784941
539881,2,1784941
541095,50,1784941
542306,83,1784941
543519,65,1784941
544732,28,1784941
545945,-29,1784941
547156,-69,1784941
548370,-76,1784941
549582,-40,1777592
550795,0,1777592
552007,46,1777592
553220,70,1777592
554432,54,1777592
555644,17,1777592
556858,-27,1777592
558070,-32,1777592
559282,-12,1777592
560495,11,1779288
561707,39,1779288
562920,62,1779288
564132,71,1779288
565345,39,1779288
566558,17,1779288
567770,-20,1779288
568983,-56,1779288
570195,-79,1779288
571408,-50,1784016
572620,-4,1784016
573834,43,1784016
575046,77,1784016
576258,76,1784016
577472,58,1784016
578684,38,1784016
579896,-13,1784016
581109,-70,1784016
582321,121,1784016
589596,81,1784016
590810,6,1784016
592022,-87,1784016
593235,-137,1779288
594447,-138,1779288
595659,-77,1779288
596872,16,1779288
598085,93,1779288
599297,143,1779288
600509,106,1779288
601723,12,1779288
602934,-64,1779288
604148,-93,1774252
605360,-35,1774252
606572,51,1774252
607785,93,1774252
608998,104,1774252
610210,63,1774252
611423,3,1774252
612635,-54,1774252
613848,-91,1774252
615060,-87,1758012
616273,-54,1758012
617485,22,1758012
618697,69,1758012
619910,104,1758012
621123,81,1758012
622336,12,1758012
623548,-37,1758012
624761,-78,1758012
625973,-72,1764128
627185,-50,1764128
628399,21,1764128
629611,71,1764128
630823,108,1764128
632036,94,1764128
633248,33,1764128
634462,-29,1764128
635673,-77,1764128
636886,-88,1759965
638098,-36,1760170
639312,5,1760170
640524,46,1760170
641737,59,1760170
642950,83,1760170
644162,26,1760170
645374,-16,1760170
646586,-58,1760170
647799,-69,1760170
649011,-52,1767211
650225,-5,1767211
651437,35,1767211
652650,52,1767211
653862,54,1767211
655074,38,1767211
656287,-3,1767211
657499,-28,1767211
658712,-44,1767211
659925,-46,1752205
661137,-29,1752205
662349,18,1752205
663562,51,1752205
664775,43,1752205
665987,46,1752205
674475,97,1752205
675688,126,1752205
676900,64,1752205
678112,-4,1752205
679325,-75,1752205
680538,-113,1781755
681750,-107,1829098
682963,-45,1763562
684175,27,1763562
685388,76,1763562
686600,111,1763562
687812,80,1763562
689025,20,1763562
690238,-39,1763562
691451,-88,1763562
692664,-86,1763536
693876,-54,1770192
695088,2,1770192
696301,54,1770192
697513,82,1770192
698726,80,1770192
699939,33,1770192
701151,-20,1770192
702364,-57,1770192
703576,-80,1769987
704788,-49,1701379
706002,-20,1701379
707214,38,1701379
708427,67,1701379
709639,74,1701379
710852,36,1701379
712065,7,1701379
713276,-30,1701379
714489,-47,1701379
715702,-40,1701379
716914,-13,1701379
718127,8,1701379
719340,41,1701379
720552,45,1701379
721764,39,1701379
722978,15,1701379
724190,-9,1701379
725402,-28,1701379
726615,-27,1701379
727827,-10,1701379
729040,9,1701379
730252,29,1701379
731465,37,1701379
732678,31,1701379
733890,14,1701379
735103,-7,1701379
736316,-19,1703897
737528,-23,1703897
738741,-5,1703897
739953,10,1703897
741166,23,1703897
742379,21,1703897
743591,22,1703897
744804,13,1703897
746017,2,1703897
747228,-4,1690998
748441,-8,1690998
749654,-2,1690998
750866,0,1695931
758142,-2,1695931
759354,-14,1695931
760566,-1,1695931
761779,5,1695931
762992,14,1695931
764204,17,1695931
765417,18,1695931
766629,14,1695931
767842,7,1695931
769055,2,1702715
770268,-2,1702715
771480,2,1702715
772692,7,1702715
773906,10,1702715
775117,10,1702715
776330,12,1702715
777543,10,1702715
778755,4,1702715
779968,2,1689456
781180,-4,1689456
782393,2,1689456
783606,4,1689456
784818,10,1689456
786031,12,1689456
787243,9,1689456
788456,9,1689456
789668,4,1689456
790881,4,1694287
792093,0,1694287
793305,5,1694287
794519,10,1694287
795731,9,1694287
796943,9,1694287
798156,7,1694287
799368,7,1694287
800581,1,1694287
801794,5,1622442
803006,5,1622442
804219,6,1622442
805431,11,1622442
806644,8,1622442
807856,9,1622442
809069,10,1622442
810282,3,1622442
811493,4,1622442
812707,-4,1643821
813919,7,1643821
815131,17,1643821
816344,9,1643821
817556,8,1643821
818770,2,1643821
819982,1,1643821
821194,10,1643821
822407,0,1643821
823619,-8,1628044
824831,5,1628044
826044,18,1628044
827256,3,1628044
828469,10,1628044
829681,9,1628044
830894,2,1628044
832107,7,1628044
833319,16,1628044
834531,3,1628044
841807,-2,1628044
843019,2,1628044
844232,2,1628044
845444,7,1668848
846657,5,1691203
847870,11,1691203
849082,8,1691203
850295,6,1691203
851507,1,1691203
852720,-1,1691203
853932,1,1691203
855146,2,1691203
856357,4,1691203
857570,8,1666382
858783,6,1666382
859995,9,1666382
861207,5,1666382
862420,-2,1666382
863633,-1,1666382
864845,2,1666382
866057,2,1666382
867270,4,1666382
868482,9,1675426
869695,9,1675426
870908,2,1675426
872120,-8,1675426
873332,-19,1675426
874545,-20,1675426
875758,7,1675426
876970,17,1675426
878182,30,1675426
879395,31,1675426
880607,34,1675426
881820,-9,1675426
883032,21,1675426
884245,19,1675426
885457,-46,1675426
886670,-46,1675426
887883,-24,1675426
889095,15,1675426
890308,38,1675341
891521,68,1721421
892733,63,1721421
893945,23,1721421
895158,-18,1721421
896371,-47,1721421
897583,-58,1721421
898795,-42,1721421
900008,6,1721421
901220,38,1721441
902433,49,1726561
903645,53,1726561
904858,19,1726561
906070,-23,1726561
907284,-34,1726561
908496,-32,1726561
909709,-9,1726561
910920,13,1726561
912133,37,1726561
913346,35,1726561
914558,18,1726561
915771,3,1726561
916983,-25,1726561
918196,36,1726561
925501,11,1726561
926684,-12,1726561
927897,-30,1726561
929109,-29,1726561
930321,-10,1726561
931534,15,1726561
932746,39,1726561
933959,50,1729079
935172,35,1729079
936384,12,1729079
937596,-10,1729079
938810,-25,1729079
940022,-29,1729079
941235,-16,1729079
942447,11,1729079
943659,33,1729079
944871,39,1722038
946084,31,1722038
947296,10,1722038
948509,-11,1722038
949721,-26,1722038
950934,-23,1722038
952147,-9,1722038
953359,18,1722038
954572,36,1722038
955785,53,1730415
956996,40,1730415
958209,14,1730415
959421,-15,1730415
960635,-38,1730415
961846,-37,1730415
963059,-19,1730415
964272,16,1730415
965484,38,1730415
966696,48,1734218
967909,39,1734218
969121,11,1734218
970333,-12,1734218
971546,-29,1734218
972758,-26,1734218
973971,-13,1734218
975184,12,1734218
976396,34,1734218
977608,43,1725892
978821,28,1725892
980034,9,1725892
981245,-4,1725892
982458,-23,1725892
983671,-19,1725892
984883,-12,1725892
986096,17,1725892
987308,23,1725892
988520,36,1717516
989733,17,1717516
990945,7,1717516
992158,-8,1717516
993371,-15,1717516
994583,-12,1717516
995795,0,1717516
997008,16,1717516
998221,28,1717516
999433,28,1710526
1000645,17,1710526
1001858,12,1710526
1009133,24,1710526
1010346,25,1699066
1011558,15,1699066
1012771,6,1699066
1013983,-6,1699066
1015196,-10,1699066
1016408,-8,1699066
1017621,5,1699066
1018833,15,1699066
1020046,24,1699066
1021259,20,1702355
1022470,7,1700505
1023684,-2,1700505
1024896,-9,1700505
1026108,-10,1700505
1027320,-3,1700505
1028533,5,1700505
1029746,14,1700505
1030958,14,1700505
1032171,12,1700505
1033384,6,1695212
1034596,-2,1695212
1035808,-8,1695212
1037021,-2,1695212
1038234,3,1695212
1039446,9,1695212
1040659,12,1695212
1041871,12,1695212
1043084,9,1695212
1044296,5,1695212
1045508,-1,1695212
1046721,0,1695212
1047933,1,1695212
1049146,-1,1695212
1050358,7,1695212
1051571,12,1695212
1052784,7,1695212
1053996,7,1695212
1055208,4,1692437
1056421,2,1692437
1057633,-1,1692437
1058846,1,1692437
1060058,8,1692437
1061271,7,1692437
1062484,6,1692437
1063696,7,1692437
1064908,1,1692437
1066121,0,1647766
1067333,4,1713302
1068546,5,1713302
1069759,5,1713302
1070971,5,1713302
1072184,5,1713302
1073396,3,1713302
1074609,6,1713302
1075822,5,1713302
1077034,2,1713398
1078247,0,1698038
1079459,4,1698038
1080672,5,1698038
1081884,8,1698038
1083097,5,1698038
1084310,5,1698038
1085522,-2,1698038
1094010,15,1698038
1095224,15,1698038
1096435,16,1698038
1097648,16,1710424
1098860,8,1710424
1100073,2,1710424
1101286,-7,1710424
1102498,-2,1710424
1103711,3,1710424
1104923,13,1710424
1106136,16,1710424
1107348,18,1710424
1108561,11,1697319
1109773,1,1697319
1110986,-10,1697319
1112199,-3,1697319
1113411,2,1697319
1114624,4,1697319
1115836,10,1697319
1117049,17,1697319
1118261,13,1697319
1119473,14,1697319
1120687,6,1705747
1121899,0,1705747
1123111,-4,1705747
1124324,0,1705747
1125536,6,1705747
1126749,13,1705747
1127961,17,1705747
1129174,15,1705747
1130387,7,1705747
1131599,3,1697576
1132811,-3,1697576
1134024,3,1697576
1135236,5,1697576
1136449,12,1697576
1137662,13,1697576
1138874,11,1697576
1140087,7,1697576
1141298,7,1697576
1142512,3,1707854
1143723,1,1707854
1144937,4,1707854
1146148,10,1707854
1147361,8,1707854
1148574,9,1707854
1149786,5,1707854
1150999,2,1707854
1152211,4,1707854
1153424,2,1702304
1154636,3,1702304
1155848,7,1702304
1157061,13,1702304
1158273,17,1702304
1159486,14,1702304
1160699,7,1702304
1161911,1,1702304
1163124,1,1702304
1164336,1,1703897
1165548,3,1703897
1166761,15,1703897
1167973,18,1703897
1169186,15,1703897
1170398,4,1703897
1177674,8,1703897
1178886,22,1703897
1180098,14,1703897
1181311,6,1703897
1182523,-4,1703897
1183736,1,1703897
1184948,5,1703897
1186161,5,1708471
1187373,2,1708471
1188586,11,1708471
1189798,11,1708471
1191010,12,1708471
1192222,11,1708471
1193435,4,1708471
1194648,-1,1708471
1195861,0,1708471
1197073,4,1703486
1198285,5,1703486
1199497,14,1703486
1200711,13,1703486
1201923,12,1703486
1203135,3,1703486
1204348,2,1703486
1205560,1,1703486
1206772,4,1703486
1207985,4,1698296
1209197,7,1712017
1210410,7,1712017
1211622,9,1712017
1212836,8,1712017
1214047,5,1712017
1215260,-1,1712017
1216473,-4,1712017
1217685,1,1712017
1218898,2,1712017
1220110,6,1695161
1221322,10,1695161
1222535,12,1695161
1223748,5,1695161
1224960,0,1695161
1226172,1,1695161
1227384,-3,1695161
1228597,3,1695161
1229810,3,1695161
1231023,3,1715100
1232235,5,1715100
1233447,7,1715100
1234659,-1,1715100
1235872,-1,1715100
1237084,-2,1715100
1238297,6,1715100
1239510,10,1715100
1240722,9,1715100
1241935,6,1769073
1243146,3,1703537
1244360,0,1703537
1245572,1,1703537
1246784,4,1703537
1247997,4,1703537
1249209,11,1703537
1250421,8,1703537
1251634,7,1703537
1252846,6,1647663
1254059,8,1713199
1262545,7,1713199
1263759,5,1713242
1264970,3,1710938
1266183,2,1710938
1267395,1,1710938
1268608,3,1710938
1269820,7,1710938
1271032,6,1710938
1272246,5,1710938
1273457,4,1710938
1274670,1,1710992
1275883,0,1711760
1277095,-1,1711760
1278308,3,1711760
1279520,7,1711760
1280732,7,1711760
1281945,5,1711760
1283157,3,1711760
1284370,4,1711760
1285582,1,1711760
1286795,-1,1711760
1288008,4,1711760
1289220,7,1711760
1290432,9,1711760
1291644,9,1711760
1292857,9,1711760
1294070,11,1711760
1295282,4,1714843
1296494,-3,1714843
1297707,4,1714843
1298919,4,1714843
1300131,7,1714843
1301344,7,1714843
1302556,10,1714843
1303769,9,1714843
1304982,5,1714843
1306194,5,1714843
1307406,1,1710167
1308618,1,1710167
1309831,3,1710167
1311043,7,1710167
1312256,10,1710167
1313468,8,1710167
1314681,6,1710167
1315893,3,1710167
1317106,1,1710167
1318319,4,1712993
1319531,2,1712993
1320743,6,1712993
1321956,7,1712993
1323168,9,1712993
1324381,15,1712993
1325594,23,1712993
1326805,22,1712993
1328019,16,1712993
1329230,12,1713713
1330443,-1,1713713
1331655,-5,1713713
1332868,-7,1713713
1334081,-8,1713713
1335293,7,1713713
1336505,17,1713713
1337719,22,1713713
1338930,6,1713713
1347417,13,1713713
1348630,21,1713713
1349843,19,1713713
1351056,14,1718492
1352268,0,1718492
1353480,2,1718492
1354692,1,1718492
1355905,1,1718492
1357117,2,1718492
1358329,11,1718492
1359542,15,1718492
1360755,12,1718492
1361967,9,1725122
1363179,0,1725122
1364392,0,1725122
1365604,0,1725122
1366817,3,1725122
1368029,10,1725122
1369241,14,1725122
1370454,13,1725122
1371666,11,1725122
1372879,11,1713918
1374091,2,1713918
1375304,1,1713918
1376516,9,1713918
1377730,12,1713918
1378941,12,1713918
1380154,10,1713918
1381366,6,1713918
1382579,1,1713918
1383791,1,1726561
1385004,2,1726561
1386217,7,1726561
1387429,10,1726561
1388642,10,1726561
1389854,9,1726561
1391067,8,1726561
1392280,4,1726561
1393492,5,1726561
1394704,10,1715563
1395918,10,1727537
1397129,7,1727537
1398342,0,1727537
1399555,1,1727537
1400767,1,1727537
1401980,1,1727537
1403192,4,1727537
1404405,7,1727537
1405617,14,1727537
1406830,9,1706826
1408042,5,1706826
1409254,-1,1706826
1410468,-3,1706826
1411680,0,1706826
1412892,3,1706826
1414105,7,1706826
1415317,11,1706826
1416529,13,1706826
1417742,7,1714329
1418954,4,1714329
1420168,0,1714329
1421380,1,1714329
1422592,1,1714329
1423804,7,1714329
1432291,20,1714329
1433503,19,1714329
1434716,10,1714329
1435929,3,1714329
1437141,-2,1714329
1438353,-5,1706775
1439566,-1,1709036
1440779,3,1709036
1441991,10,1709036
1443203,14,1709036
1444416,7,1709036
1445629,5,1709036
1446841,0,1709036
1448053,-2,1709036
1449265,-4,1709036
1450479,4,1708845
1451690,7,1698861
1452903,13,1698861
1454115,10,1698861
1455328,7,1698861
1456541,6,1698861
1457753,3,1698861
1458965,-2,1698861
1460178,3,1698861
1461391,2,1698997
1462602,6,1694133
1463815,7,1694133
1465027,11,1694133
1466240,7,1694133
1467452,3,1694133
1468665,-1,1694133
1469878,-3,1694133
1471090,3,1694133
1472303,4,1694133
1473516,7,1694133
1474728,12,1694133
1475940,11,1694133
1477152,7,1694133
1478365,7,1694133
1479577,3,1694133
1480790,1,1694133
1482003,4,1694133
1483215,5,1694133
1484427,8,1694133
1485640,9,1694133
1486853,11,1694133
1488065,10,1694133
1489278,4,1694133
1490490,3,1694133
1491702,2,1694133
1492916,6,1694133
1494127,9,1682775
1495340,4,1682775
1496552,7,1682775
1497765,5,1682775
1498977,7,1682775
1500190,7,1682775
1501403,4,1682775
1502615,8,1682775
1503827,10,1682775
1505040,7,1678253
1506252,4,1678253
1507465,5,1678253
1508677,4,1684985
1515953,-4,1684985
1517165,5,1684985
1518378,8,1684985
1519591,11,1684985
1520803,9,1684985
1522015,9,1684985
1523228,8,1684985
1524440,4,1684985
1525653,3,1684985
1526865,2,1687554
1528077,1,1687554
1529290,4,1687554
1530503,13,1687554
1531715,13,1687554
1532928,9,1687554
1534140,6,1687554
1535352,3,1687554
1536566,1,1687554
1537777,1,1691974
1538990,0,1691974
1540203,12,1691974
1541415,10,1691974
1542628,14,1691974
1543840,9,1691974
1545053,7,1691974
1546265,2,1691974
1547477,1,1691974
1548691,-1,1704308
1549903,-1,1704308
1551115,4,1704308
1552328,8,1704308
1553540,12,1704308
1554753,16,1704308
1555965,11,1704308
1557177,3,1704308
1558391,5,1704308
1559603,7,1703229
1560815,3,1703229
1562027,8,1703229
1563240,6,1703229
1564453,7,1703229
1565665,9,1703229
1566878,6,1703229
1568090,5,1703229
1569303,2,1703229
1570515,2,1730004
1571728,3,1730004
1572940,6,1730004
1574153,9,1730004
1575365,7,1730004
1576579,7,1730004
1577791,6,1730004
1579004,9,1730004
1580216,6,1730004
1581429,5,1736633
1582641,6,1747323
1583854,8,1747323
1585066,14,1747323
1586279,12,1747323
1587491,12,1747323
1588704,5,1747323
1589916,1,1747323
1591129,-4,1747323
1592341,11,1747323
1599616,1,1747323
1600828,-1,1747323
1602042,-3,1747323
1603253,1,1765618
1604467,4,1759811
1605679,10,1759811
1606891,14,1759811
1608104,8,1759811
1609316,3,1759811
1610528,1,1759811
1611742,-3,1759811
1612953,0,1759811
1614166,6,1759811
1615379,7,1766543
1616591,10,1766543
1617803,7,1766543
1619016,6,1766543
1620228,9,1766543
1621441,12,1766543
1622654,16,1766543
1623867,10,1766543
1625078,-2,1766543
1626291,-6,1756419
1627503,-13,1756419
1628716,-6,1756419
1629929,4,1756419
1631141,11,1756419
1632353,12,1756419
1633566,12,1756419
1634779,4,1756419
1635991,-4,1756419
1637203,-7,1756496
1638416,-4,1763408
1639628,2,1763408
1640841,11,1763408
1642053,16,1763408
1643267,13,1763408
1644479,7,1763408
1645691,4,1763408
1646904,-1,1763408
1648116,-5,1763400
1649328,5,1761352
1650541,15,1761352
1651754,23,1761352
1652967,9,1761352
1654179,-7,1761352
1655391,-16,1761352
1656604,-15,1761352
1657816,-7,1761352
1659028,13,1761403
1660241,21,1761403
1661453,27,1761403
1662666,13,1761403
1663879,0,1761403
1665091,-12,1761403
1666303,-10,1761403
1667516,1,1761403
1668729,12,1761147
1669941,17,1761147
1671153,18,1761147
1672367,20,1761147
1673579,9,1761147
1674791,3,1761147
1676003,17,1761147
1684491,-25,1761147
1685704,-51,1761147
1686917,-59,1761147
1688128,-35,1761147
1689341,-1,1761147
1690553,32,1761147
1691766,55,1770294
1692978,44,1770294
1694191,28,1770294
1695404,-4,1770294
1696616,-30,1770294
1697829,-44,1770294
1699041,-24,1770294
1700254,4,1770294
1701466,37,1770294
1702679,56,1735091
1703891,49,1735091
1705103,23,1735091
1706316,-4,1735091
1707528,-29,1735091
1708741,-40,1735091
1709953,-27,1735091
1711165,-2,1735091
1712378,25,1735091
1713591,39,1724916
1714803,37,1724916
1716016,27,1724916
1717228,1,1724916
1718440,-19,1724916
1719654,-22,1724916
1720865,-15,1724916
1722079,5,1724916
1723290,27,1724916
1724504,34,1702766
1725716,29,1702766
1726929,18,1702766
1728141,2,1702766
1729353,-14,1702766
1730566,-20,1702766
1731779,-14,1702766
1732991,6,1702766
1734204,24,1702766
1735416,31,1707032
1736629,22,1707032
1737841,15,1707032
1739053,1,1707032
1740266,-14,1707032
1741479,-12,1707032
1742691,1,1707032
1743903,13,1707032
1745116,21,1707032
1746328,26,1698604
1747541,18,1698604
1748754,13,1698604
1749966,-4,1698604
1751179,-9,1698604
1752391,-7,1698604
1753604,2,1698604
1754816,10,1698604
1756029,20,1698604
1757241,22,1711914
1758453,12,1711914
1759667,3,1711914
1760879,19,1711914
1768154,16,1709396
1769367,8,1709396
1770579,2,1709396
1771792,1,1709396
1773005,0,1709396
1774217,9,1709396
1775429,10,1709396
1776642,13,1709396
1777854,9,1709396
1779067,10,1715357
1780279,5,1722912
1781492,0,1722912
1782705,1,1722912
1783918,1,1722912
1785130,5,1722912
1786343,8,1722912
1787555,5,1722912
1788768,-3,1722912
1789981,-2,1722912
1791192,3,1712993
1792406,0,1712993
1793618,2,1712993
1794831,10,1712993
1796043,13,1712993
1797255,6,1712993
1798468,3,1712993
1799680,1,1712993
1800893,1,1712993
1802106,3,1734012
1803318,8,1734012
1804530,16,1734012
1805744,10,1734012
1806955,4,1734012
1808168,-3,1734012
1809381,-3,1734012
1810593,-3,1734012
1811806,1,1734012
1813018,8,1709704
1814231,10,1709704
1815444,10,1709704
1816657,6,1709704
1817869,5,1709704
1819081,-2,1709704
1820294,-2,1709704
1821506,-2,1709704
1822719,5,1709704
1823931,11,1727177
1825144,9,1727177
1826356,10,1727177
1827569,6,1727177
1828782,3,1727177
1829994,6,1727177
1831207,5,1727177
1832419,-1,1727177
1833632,3,1727177
1834845,4,1727142
1836057,7,1717670
1837270,5,1717670
1838482,4,1717670
1839694,0,1717670
1840908,3,1717670
1842120,-1,1717670
1843332,5,1717670
1844545,1,1717670
1853033,8,1717670
1854246,5,1717670
1855458,8,1725687
1856671,9,1725687
1857883,9,1725687
1859096,7,1725687
1860308,10,1725687
1861521,2,1725687
1862733,2,1725687
1863946,3,1725687
1865158,7,1725687
1866371,23,1720599
1867583,23,1720599
1868796,11,1720599
1870008,3,1720599
1871221,-3,1720599
1872433,-10,1720599
1873647,-9,1720599
1874858,1,1720599
1876071,10,1720599
1877284,25,1720599
1878496,21,1729438
1879709,9,1729438
1880922,7,1729438
1882134,-5,1729438
1883346,-6,1729438
1884559,0,1729438
1885771,9,1729438
1886984,14,1729438
1888196,20,1729438
1889410,14,1725790
1890621,5,1725790
1891834,2,1725790
1893047,-2,1725790
1894259,-5,1725790
1895471,1,1725790
1896684,4,1725790
1897896,13,1725790
1899109,13,1725790
1900321,12,1727229
1901534,5,1727229
1902746,2,1727229
1903959,2,1727229
1905172,2,1727229
1906384,4,1727229
1907598,10,1727229
1908809,11,1727229
1910023,13,1727229
1911235,10,1730466
1912448,3,1730466
1913660,1,1730466
1914872,-2,1730466
1916085,2,1730466
1917297,8,1730466
1918510,14,1730466
1919723,14,1730466
1920935,11,1730466
1922148,4,1728462
1923360,3,1728462
1924573,1,1728462
1925786,0,1728462
1926998,6,1728462
1928211,13,1728462
1929423,1,1728462
1936698,11,1728462
1937911,11,1728462
1939123,15,1728462
1940335,13,1728462
1941548,10,1728462
1942760,5,1728462
1943974,2,1730620
1945186,1,1730620
1946399,4,1730620
1947611,9,1730620
1948823,12,1730620
1950036,13,1730620
1951248,5,1730620
1952461,6,1730620
1953674,2,1730620
1954886,3,1738380
1956098,3,1738380
1957311,9,1738380
1958524,18,1738380
1959736,18,1738380
1960948,13,1738380
1962161,4,1738380
1963373,1,1738380
1964587,-2,1738380
1965799,-1,1727640
1967012,4,1736222
1968225,10,1736222
1969436,13,1736222
1970649,8,1736222
1971862,5,1736222
1973074,-6,1736222
1974287,1,1736222
1975500,-2,1736222
1976711,7,1736222
1977924,12,1725944
1979137,11,1725944
1980349,8,1725944
1981562,6,1725944
1982774,-1,1725944
1983987,-7,1725944
1985199,0,1725944
1986412,4,1725944
1987624,11,1725944
1988837,10,1725944
1990049,6,1725944
1991261,-1,1725944
1992474,-3,1725944
1993687,0,1725944
1994899,-3,1725944
1996112,3,1725944
1997324,9,1725944
1998537,10,1725944
1999749,14,1736993
2000962,6,1736993
2002174,-1,1736993
2003387,-3,1736993
2004600,-5,1736993
2005812,2,1736993
2007024,10,1736993
2008237,13,1736993
2009450,13,1736993
2010662,15,1738021
2011875,14,1738021
2013087,15,1738021
2020501,11,1738021
2021575,2,1738021
2022788,7,1738021
2024001,5,1738021
2025213,0,1738021
2026425,0,1738021
2027638,1,1738021
2028851,6,1738021
2030063,17,1738021
2031276,13,1748196
2032488,9,1748080
2033701,7,1744496
2034913,3,1744496
2036126,2,1744496
2037339,5,1744496
2038551,7,1744496
2039764,18,1744496
2040977,10,1744496
2042189,4,1744496
2043401,-2,1744496
2044614,-5,1744496
2045827,-1,1744496
2047039,1,1744496
2048252,9,1744496
2049464,16,1744496
2050677,17,1744496
2051889,13,1744496
2053102,5,1760016
2054314,-1,1760016
2055527,-3,1760016
2056741,2,1760016
2057952,12,1760016
2059166,15,1760016
2060377,13,1760016
2061590,8,1760016
2062802,4,1760016
2064015,3,1760016
2065228,2,1746757
2066440,0,1746757
2067653,7,1746757
2068866,12,1746757
2070078,13,1746757
2071291,9,1746757
2072503,7,1746757
2073716,3,1746757
2074928,4,1746757
2076141,4,1758012
2077353,2,1758012
2078567,9,1758012
2079779,9,1758012
2080992,9,1758012
2082204,9,1758012
2083417,4,1758012
2084630,1,1758012
2085842,5,1758012
2087055,8,1747785
2088267,7,1747785
2089480,10,1747785
2090692,10,1747785
2091906,8,1747785
2093117,5,1747785
2094330,11,1747785
2095543,7,1747785
2096755,6,1747785
2104032,13,1747785
2105244,9,1747785
2106456,4,1747785
2107669,3,1747785
2108882,4,1748350
2110094,1,1748350
2111307,6,1748350
2112520,9,1748350
2113732,10,1748350
2114946,10,1748350
2116157,6,1748350
2117370,4,1748350
2118583,6,1748350
2119795,4,1749841
2121008,4,1749841
2122220,8,1749841
2123433,7,1749841
2124645,8,1749841
2125858,8,1749841
2127070,5,1749841
2128283,5,1749841
2129495,3,1749841
2130708,4,1743468
2131920,5,1743468
2133133,11,1743468
2134346,9,1743468
2135558,8,1743468
2136770,3,1743468
2137984,-1,1743468
2139196,4,1743468
2140408,4,1743468
2141620,4,1739922
2142834,7,1739922
2144046,12,1739922
2145259,12,1739922
2146471,6,1739922
2147684,5,1739922
2148896,3,1739922
2150109,2,1739922
2151321,3,1739922
2152533,8,1741824
2153747,9,1745061
2154960,6,1745061
2156171,6,1745061
2157384,0,1745061
2158597,-1,1745061
2159809,-3,1745061
2161021,4,1745061
2162234,2,1745061
2163447,6,1745061
2164659,8,1750714
2165872,8,1750714
2167084,4,1750714
2168296,5,1750714
2169509,1,1750714
2170722,1,1750714
2171934,3,1750714
2173147,8,1750714
2174359,9,1750714
2175571,11,1737250
2176784,10,1737250
2177997,6,1737250
2179209,2,1737250
2180421,16,1737250
2188909,3,1737250
2190121,0,1737250
2191334,-6,1737250
2192547,0,1737250
2193760,5,1737250
2194972,14,1737250
2196184,17,1749070
2197397,13,1745935
2198609,7,1745935
2199822,3,1745935
2201034,-3,1745935
2202247,-7,1745935
2203459,1,1745935
2204672,5,1745935
2205884,8,1745935
2207096,10,1745935
2208309,10,1746075
2209522,3,1756059
2210734,-1,1756059
2211946,-1,1756059
2213159,1,1756059
2214372,5,1756059
2215584,8,1756059
2216797,9,1756059
2218009,10,1756059
2219222,7,1756075
2220434,-1,1746603
2221646,-2,1746603
2222859,2,1746603
2224072,7,1746603
2225284,8,1746603
2226497,8,1746603
2227710,8,1746603
2228922,2,1746603
2230134,-2,1746603
2231347,-2,1746603
2232560,3,1746603
2233772,7,1746603
2234984,13,1746603
2236197,11,1746603
2237410,14,1746603
2238622,10,1746603
2239834,5,1746603
2241046,1,1746603
2242259,1,1746603
2243472,4,1746603
2244684,7,1746603
2245896,10,1746603
2247109,9,1746603
2248322,8,1746603
2249535,6,1746603
2250746,5,1746603
2251959,3,1755083
2253172,6,1755083
2254384,10,1755083
2255597,9,1755083
2256810,12,1755083
2258022,16,1755083
2259235,17,1755083
2260447,10,1755083
2261659,5,1755083
2262872,-3,1759811
2264084,-4,1759811
2265297,3,1759811
2272571,6,1759811
2273784,-1,1756522
2274997,-3,1756522
2276209,6,1756522
2277421,9,1756522
2278635,13,1756522
2279847,13,1756522
2281059,17,1756522
2282271,8,1756522
2283484,5,1756522
2284696,1,1758475
2285909,1,1758475
2287121,1,1758475
2288333,2,1758475
2289546,9,1758475
2290758,14,1758475
2291970,12,1758475
2293183,8,1758475
2294395,4,1758475
2295608,2,1757601
2296820,4,1757601
2298033,2,1757601
2299245,11,1757601
2300457,13,1757601
2301670,16,1757601
2302883,10,1757601
2304095,3,1757601
2305307,2,1757601
2306520,1,1755494
2307732,-2,1755494
2308944,3,1755494
2310158,8,1755494
2311369,14,1755494
2312583,15,1755494
2313794,10,1755494
2315007,5,1755494
2316220,4,1755494
2317432,3,1755545
2318644,2,1755545
2319857,9,1755545
2321069,13,1755545
2322282,16,1755545
2323495,11,1755545
2324707,9,1755545
2325919,3,1755545
2327132,1,1755545
2328344,1,1758423
2329557,4,1758423
2330770,11,1758423
2331982,12,1758423
2333195,13,1758423
2334407,5,1758423
2335619,6,1758423
2336832,2,1758423
2338044,2,1758423
2339256,3,1757498
2340469,7,1756368
2341681,8,1756368
2342895,7,1756368
2344106,5,1756368
2345319,5,1756368
2346531,3,1756368
2347745,4,1756368
2348957,6,1756368
2357444,4,1756368
2358657,2,1756368
2359868,7,1756368
2361081,9,1766440
2362294,7,1756624
2363506,5,1756624
2364719,2,1756624
2365932,3,1756624
2367144,5,1756624
2368356,4,1756624
2369569,6,1756624
2370782,6,1756624
2371994,4,1756624
2373207,2,1761712
2374419,-1,1761712
2375632,3,1761712
2376845,5,1761712
2378057,8,1761712
2379269,5,1761712
2380483,8,1761712
2381694,7,1761712
2382908,2,1761712
2384120,-2,1751897
2385332,-1,1751897
2386545,1,1751897
2387758,9,1751897
2388970,10,1751897
2390182,8,1751897
2391395,4,1751897
2392607,3,1751897
2393819,-2,1751897
2395032,1,1751967
2396245,2,1757087
2397457,5,1757087
2398669,10,1757087
2399883,9,1757087
2401095,5,1757087
2402308,3,1757087
2403520,-2,1757087
2404732,1,1757087
2405945,-1,1757175
2407158,5,1753335
2408371,9,1753335
2409582,9,1753335
2410795,6,1753335
2412008,7,1753335
2413220,3,1753335
2414433,1,1753335
2415645,3,1753335
2416858,8,1753192
2418070,4,1756008
2419283,2,1756008
2420496,1,1756008
2421708,6,1756008
2422920,5,1756008
2424133,11,1756008
2425345,36,1756008
2426558,65,1756008
2427770,48,1756008
2428983,14,1756008
2430196,-22,1756008
2431408,-53,1756008
2432620,-64,1756008
2433833,26,1756008
2441108,-14,1756008
2442320,-34,1756008
2443534,-45,1756008
2444746,-27,1756008
2445958,3,1756008
2447171,34,1756008
2448384,50,1756008
2449596,52,1734732
2450808,23,1734732
2452021,-2,1734732
2453233,-24,1734732
2454446,-32,1734732
2455659,-24,1734732
2456871,-2,1734732
2458083,22,1734732
2459296,38,1734732
2460509,37,1710835
2461721,21,1710835
2462933,-1,1710835
2464145,-16,1710835
2465359,-17,1710835
2466571,-8,1710835
2467783,7,1710835
2468996,26,1710835
2470208,34,1710835
2471421,26,1719263
2472633,11,1719263
2473846,-2,1719263
2475059,-8,1719263
2476271,-14,1719263
2477483,-6,1719263
2478696,5,1719263
2479908,17,1719263
2481121,23,1719263
2482334,20,1708214
2483545,9,1708214
2484759,7,1708214
2485971,-2,1708214
2487183,-2,1708214
2488396,2,1708214
2489608,8,1708214
2490821,12,1708214
2492034,16,1708214
2493246,14,1720959
2494459,5,1720959
2495671,0,1720959
2496884,0,1720959
2498097,-3,1720959
2499309,3,1720959
2500522,10,1720959
2501734,12,1720959
2502947,16,1720959
2504159,14,1712428
2505372,5,1712428
2506584,4,1712428
2507797,1,1712428
2509009,1,1712428
2510224,3,1712428
2511435,7,1712428
2512647,14,1712428
2513860,8,1712428
2515073,10,1718954
2516286,5,1718954
2517497,10,1718954
2524773,5,1718954
2525986,7,1713713
2527199,4,1713713
2528411,4,1713713
2529623,7,1713713
2530836,15,1713713
2532049,11,1713713
2533261,10,1713713
2534473,6,1713713
2535686,2,1713713
2536898,0,1720856
2538111,-8,1727743
2539324,1,1727743
2540536,7,1727743
2541749,19,1727743
2542961,17,1727743
2544174,12,1727743
2545387,3,1727743
2546599,-3,1727743
2547811,-9,1727743
2549024,-3,1713918
2550236,3,1713918
2551449,4,1713918
2552662,15,1713918
2553874,16,1713918
2555087,10,1713918
2556300,7,1713918
2557512,2,1713918
2558726,-2,1713918
2559938,-5,1736530
2561151,-5,1736530
2562363,5,1736530
2563575,15,1736530
2564788,13,1736530
2566000,9,1736530
2567213,3,1736530
2568426,3,1736530
2569638,2,1736530
2570851,0,1717002
2572063,10,1717002
2573276,6,1717002
2574488,5,1717002
2575701,4,1717002
2576914,4,1717002
2578127,3,1717002
2579338,-1,1717002
2580551,3,1717002
2581764,4,1729952
2582976,3,1729952
2584189,6,1729952
2585402,3,1729952
2586614,6,1729952
2587827,4,1729952
2589039,7,1729952
2590252,4,1729952
2591464,4,1729952
2592677,2,1729798
2593890,6,1715974
2595102,3,1715974
2596315,4,1715974
2597528,4,1715974
2598740,4,1715974
2599953,6,1715974
2601165,9,1715974
2608501,18,1715974
2609653,21,1715974
2610866,17,1715974
2612078,5,1715974
2613290,-1,1728667
2614503,-13,1728667
2615716,-12,1728667
2616929,1,1728667
2618141,13,1728667
2619353,21,1728667
2620566,23,1728667
2621778,12,1728667
2622991,3,1728667
2624204,-3,1724659
2625416,-10,1724659
2626629,-7,1724659
2627842,5,1724659
2629054,17,1724659
2630267,20,1724659
2631479,16,1724659
2632692,13,1724659
2633904,2,1724659
2635117,0,1724659
2636329,-2,1724042
2637542,-3,1724042
2638754,7,1724042
2639967,9,1724042
2641180,11,1724042
2642393,13,1724042
2643605,10,1724042
2644818,6,1724042
2646030,1,1724042
2647243,2,1713096
2648455,-2,1713096
2649668,7,1713096
2650880,10,1713096
2652093,13,1713096
2653306,13,1713096
2654518,10,1713096
2655731,2,1713096
2656943,1,1713096
2658156,-2,1722244
2659369,3,1722244
2660582,10,1722244
2661794,9,1722244
2663007,16,1722244
2664220,12,1722244
2665432,8,1722244
2666645,7,1722244
2667857,0,1722244
2669070,1,1725070
2670282,-5,1725070
2671494,10,1725070
2672707,15,1725070
2673920,22,1725070
2675133,9,1725070
2676345,3,1725070
2677558,1,1725070
2678770,1,1725070
2679983,-3,1726252
2681195,-4,1726252
2682408,10,1726252
2683620,11,1726252
2684832,-6,1727537
2692108,-6,1727537
2693321,9,1727537
2694534,19,1727537
2695746,16,1727537
2696959,11,1727537
2698172,2,1727537
2699384,0,1727537
2700596,-2,1727537
2701810,1,1722758
2703022,3,1722758
2704235,10,1722758
2705447,15,1722758
2706660,17,1722758
2707872,9,1722758
2709086,5,1722758
2710298,5,1722758
2711510,2,1722758
2712723,6,1727897
2713936,4,1727897
2715148,10,1727897
2716361,12,1727897
2717574,9,1727897
2718787,8,1727897
2720000,5,1727897
2721212,5,1727897
2722425,2,1727897
2723638,3,1715871
2724850,2,1723323
2726062,8,1723323
2727276,8,1723323
2728488,9,1723323
2729701,8,1723323
2730914,3,1723323
2732126,-2,1723323
2733339,-3,1723323
2734551,1,1723323
2735763,2,1706775
2736976,5,1706775
2738189,9,1706775
2739401,11,1706775
2740614,13,1706775
2741827,6,1706775
2743039,2,1706775
2744252,-1,1706775
2745465,-7,1706775
2746677,-4,1725892
2747891,4,1725892
2749102,10,1725892
2750315,12,1725892
2751528,16,1725892
2752741,12,1725892
2753953,5,1725892
2755166,-3,1725892
2756379,-6,1725892
2757591,-7,1716385
2758804,0,1716385
2760016,5,1716385
2761229,11,1716385
2762442,12,1716385
2763654,7,1716385
2764868,6,1716385
2766079,-2,1716385
2767293,2,1716385
2768505,6,1716385
2776993,7,1716385
2778206,5,1720445
2779418,4,1720513
2780631,5,1724865
2781844,7,1724865
2783056,9,1724865
2784269,7,1724865
2785481,3,1724865
2786694,3,1724865
2787907,2,1724865
2789120,-2,1724865
2790332,0,1724793
2791544,6,1719417
2792757,12,1719417
2793969,10,1719417
2795182,9,1719417
2796395,5,1719417
2797607,6,1719417
2798820,2,1719417
2800032,1,1719417
2801244,1,1719417
2802457,3,1719417
2803669,7,1719417
2804882,5,1719417
2806095,7,1719417
2807308,11,1719417
2808520,11,1719417
2809733,12,1719417
2810944,15,1738432
2812158,5,1738432
2813369,4,1738432
2814583,1,1738432
2815795,2,1738432
2817007,1,1738432
2818220,7,1738432
2819432,9,1738432
2820645,12,1738432
2821858,10,1738432
2823070,6,1727485
2824283,2,1727485
2825495,1,1727485
2826708,-1,1727485
2827921,2,1727485
2829132,10,1727485
2830345,10,1727485
2831557,13,1727485
2832771,9,1727485
2833983,3,1725995
2835195,-1,1725995
2836408,0,1725995
2837620,4,1725995
2838833,3,1725995
2840046,10,1725995
2841259,14,1725995
2842471,16,1725995
2843684,17,1725995
2844896,10,1714587
2846109,1,1714587
2847321,-2,1714587
2848534,-4,1714587
2849747,0,1714587
2850959,3,1714587
2852172,12,1714587
2853384,0,1714587
2860660,-2,1714587
2861873,4,1714587
2863085,14,1714587
2864298,19,1714587
2865510,15,1714587
2866723,9,1708060
2867936,2,1708060
2869148,1,1708060
2870360,0,1708060
2871573,5,1708060
2872786,9,1708060
2873999,12,1708060
2875211,12,1708060
2876423,13,1708060
2877636,5,1713610
2878848,-1,1713610
2880061,3,1713610
2881273,-1,1713610
2882487,4,1713610
2883699,8,1713610
2884911,13,1713610
2886124,15,1713610
2887336,11,1713610
2888549,4,1706261
2889762,9,1706261
2890975,8,1706261
2892187,7,1706261
2893400,4,1706261
2894613,2,1706261
2895826,4,1706261
2897038,7,1706261
2898250,6,1706261
2899464,11,1717259
2900676,6,1717259
2901888,7,1717259
2903101,3,1717259
2904313,4,1717259
2905527,4,1717259
2906740,3,1717259
2907951,5,1717259
2909165,7,1717259
2910376,7,1697576
2911589,7,1707905
2912802,7,1707905
2914014,6,1707905
2915227,5,1707905
2916440,3,1707905
2917652,3,1707905
2918865,4,1707905
2920077,0,1707905
2921291,5,1707905
2922503,6,1697473
2923715,9,1697473
2924928,5,1697473
2926141,2,1697473
2927353,1,1697473
2928566,1,1697473
2929779,2,1697473
2930991,0,1697473
2932204,8,1697473
2933416,9,1704411
2934630,7,1704411
2935842,6,1704411
2937055,9,1711092
2945543,8,1711092
2946755,5,1711092
2947967,-2,1711092
2949181,-4,1711092
2950393,-2,1711092
2951605,2,1711092
2952818,5,1711092
2954030,11,1711092
2955243,9,1719160
2956456,8,1719160
2957668,7,1719160
2958880,23,1719160
2960093,10,1719160
2961305,2,1719160
2962518,-7,1719160
2963731,-12,1719160
2964944,-7,1719160
2966156,3,1719138
2967369,14,1740642
2968581,14,1740642
2969794,7,1740642
2971006,4,1740642
2972219,3,1740642
2973432,-4,1740642
2974644,-3,1740642
2975857,-2,1740642
2977069,6,1740667
2978282,15,1719931
2979494,14,1719931
2980707,12,1719931
2981920,5,1719931
2983132,2,1719931
2984344,-3,1719931
2985557,-2,1719931
2986770,2,1719931
2987982,6,1720043
2989195,11,1736171
2990407,6,1736171
2991620,4,1736171
2992833,2,1736171
2994045,6,1736171
2995258,6,1736171
2996471,5,1736171
2997683,3,1736171
2998896,8,1736171
3000109,0,1736171
3001320,3,1736171
3002534,0,1736171
3003745,0,1736171
3004958,3,1736171
3006171,13,1736171
3007384,12,1736171
3008596,17,1736171
3009809,4,1718800
3011021,-2,1718800
3012233,-1,1718800
3013446,-1,1718800
3014659,1,1718800
3015871,7,1718800
3017084,13,1718800
3018296,18,1718800
3019509,17,1718800
3020721,7,1736274
3021934,18,1736274
3030422,10,1736274
3031635,2,1725841
3032847,-6,1725841
3034060,-2,1725841
3035272,2,1725841
3036485,10,1725841
3037697,13,1725841
3038910,18,1725841
3040123,12,1725841
3041335,6,1725841
3042548,0,1731237
3043760,-6,1731237
3044972,1,1731237
3046185,7,1731237
3047398,14,1731237
3048611,17,1731237
3049822,14,1731237
3051035,9,1731237
3052248,4,1731237
3053460,1,1727794
3054673,0,1727794
3055885,4,1727794
3057097,7,1727794
3058310,13,1727794
3059522,15,1727794
3060735,13,1727794
3061947,7,1727794
3063161,2,1727794
3064372,1,1730980
3065585,3,1730980
3066798,2,1730980
3068011,12,1730980
3069225,15,1730980
3070436,13,1730980
3071648,10,1730980
3072860,4,1730980
3074073,2,1730980
3075285,0,1731700
3076499,-1,1731700
3077710,6,1731700
3078923,13,1731700
3080136,14,1731700
3081348,13,1731700
3082562,7,1731700
3083774,0,1731700
3084986,0,1731700
3086198,0,1726406
3087411,2,1726406
3088624,10,1726406
3089836,19,1726406
3091049,13,1726406
3092261,12,1726406
3093474,2,1726406
3094686,1,1726406
3095899,1,1726406
3097112,2,1731083
3098324,3,1731083
3099537,16,1731083
3100750,15,1731083
3101962,11,1731083
3103175,3,1731083
3104387,1,1731083
3105600,-4,1731083
3106812,10,1731083
3114087,1,1731083
3115300,-5,1731083
3116514,-1,1731083
3117726,3,1731083
3118938,11,1734269
3120151,8,1725122
3121363,16,1725122
3122576,5,1725122
3123788,-1,1725122
3125002,-6,1725122
3126214,-4,1725122
3127427,2,1725122
3128640,5,1725122
3129852,11,1725122
3131065,11,1733704
3132277,4,1733704
3133490,4,1733704
3134703,-3,1733704
3135916,-3,1733704
3137128,-2,1733704
3138341,0,1733704
3139553,3,1733704
3140766,5,1733704
3141979,6,1724967
3143192,2,1724967
3144404,-1,1724967
3145617,-5,1724967
3146830,-8,1724967
3148042,-5,1724967
3149255,1,1724967
3150468,9,1724967
3151680,14,1724967
3152893,25,1738689
3154105,40,1738689
3155319,54,1738689
3156530,47,1738689
3157744,7,1738689
3158956,-29,1738689
3160169,-59,1738689
3161381,-48,1738689
3162594,-22,1738689
3163807,18,1738687
3165019,45,1751999
3166232,51,1751999
3167444,31,1751999
3168657,-13,1751999
3169870,-39,1751999
3171082,-46,1751999
3172295,-22,1751999
3173508,8,1751999
3174720,31,1752023
3175933,41,1744599
3177145,32,1744599
3178358,12,1744599
3179570,-6,1744599
3180784,-12,1744599
3181996,-12,1744599
3183208,2,1744599
3184421,13,1744599
3185634,22,1744599
3186847,27,1744599
3188059,35,1744599
3189272,52,1744599
3190484,-32,1744599
3197760,17,1744599
3198973,46,1744599
3200186,62,1744599
3201399,41,1744599
3202611,-1,1744599
3203823,-40,1744599
3205036,-53,1744599
3206249,-34,1744599
3207462,-1,1766748
3208674,26,1766748
3209887,49,1766748
3211099,38,1766748
3212312,24,1766748
3213524,71,1766748
3214737,72,1766748
3215949,57,1766748
3217163,10,1766748
3218375,-56,1772915
3219587,-71,1772915
3220800,-58,1772915
3222013,-21,1772915
3223225,14,1772915
3224438,45,1772915
3225650,50,1772915
3226863,16,1772915
3228075,-14,1772915
3229288,-37,1769832
3230500,-52,1769832
3231713,-23,1769832
3232926,30,1769832
3234138,54,1769832
3235350,48,1769832
3236563,26,1769832
3237775,-13,1769832
3238988,-15,1769832
3240201,-8,1770346
3241412,10,1770346
3242626,27,1770346
3243837,37,1770346
3245051,17,1770346
3246263,-8,1770346
3247475,-33,1770346
3248688,-31,1770346
3249900,-11,1770346
3251112,10,1765155
3252325,22,1765155
3253538,39,1765155
3254750,39,1765155
3255962,23,1765155
3257175,11,1765155
3258387,-3,1765155
3259600,7,1765155
3260812,23,1765155
3262024,30,1773121
3263237,23,1773121
3264449,-19,1773121
3265662,-54,1773121
3266875,-72,1773121
3268087,-46,1773121
3269300,1,1773121
3270512,48,1773121
3271725,61,1773121
3272938,55,1771374
3274150,36,1771374
3281501,54,1771374
3282637,39,1771374
3283850,13,1769164
3285062,-9,1769164
3286275,-7,1769164
3287488,12,1769164
3288701,40,1769164
3289913,67,1769164
3291126,113,1769164
3292338,87,1769164
3293551,17,1769164
3294763,-38,1785969
3295977,-94,1795168
3297189,-57,1795168
3298401,-42,1795168
3299614,-2,1795168
3300826,59,1795168
3302039,70,1795168
3303252,47,1795168
3304464,30,1795168
3305677,34,1795168
3306890,-21,1785147
3308102,-167,1785147
3309314,-140,1785147
3310527,-79,1785147
3311740,3,1785147
3312952,76,1785147
3314165,166,1785147
3315377,124,1785147
3316590,5,1785147
3317803,-103,1756316
3319016,-134,1756316
3320228,-130,1756316
3321441,-25,1756316
3322654,61,1756316
3323866,125,1756316
3325078,131,1756316
3326291,84,1756316
3327504,-3,1756316
3328716,-59,1717606
3329928,-58,1783142
3331141,-72,1783142
3332354,-22,1783142
3333566,47,1783142
3334779,98,1783142
3335992,84,1783142
3337204,49,1783142
3338417,-16,1783142
3339630,-58,1800153
3340842,-56,1800153
3342055,-44,1800153
3343267,-2,1800153
3344481,49,1800153
3345692,70,1800153
3346906,66,1800153
3348117,21,1800153
3349330,-7,1800153
3350543,-57,1799985
3351756,-68,1796401
3352967,-38,1796401
3354180,9,1796401
3355393,45,1796401
3356605,59,1796401
3357818,32,1796401
3366306,30,1796401
3367518,19,1796401
3368731,11,1796401
3369943,-11,1796401
3371155,-1,1806731
3372369,-4,1806731
3373581,-36,1806731
3374794,-54,1806731
3376007,-56,1806731
3377219,-4,1806731
3378432,77,1806731
3379644,116,1806731
3380857,69,1806731
3382069,-22,1789361
3383282,-79,1789361
3384494,-99,1789361
3385707,-64,1789361
3386919,1,1789361
3388132,59,1789361
3389345,90,1789361
3390558,89,1789361
3391770,36,1789361
3392983,-35,1789361
3394195,-74,1762020
3395408,-74,1762020
3396620,-26,1762020
3397834,30,1762020
3399046,89,1762020
3400258,107,1762020
3401471,100,1762020
3402683,49,1762020
3403895,-18,1762020
3405108,-87,1783553
3406321,-112,1783553
3407534,-78,1783553
3408746,0,1783553
3409959,66,1783553
3411172,81,1783553
3412384,83,1783553
3413596,71,1783553
3414810,29,1783553
3416022,-35,1805395
3417235,-82,1805395
3418447,-96,1805395
3419659,-34,1805395
3420872,30,1805395
3422085,64,1805395
3423297,61,1805395
3424510,43,1805395
3425723,32,1805395
3426935,29,1806268
3428148,9,1806268
3429360,-7,1806268
3430573,-13,1806268
3431786,4,1806268
3432998,20,1806268
3434211,32,1806268
3435423,64,1806268
3436636,45,1806268
3437848,-9,1815930
3439060,-44,1815930
3440273,-78,1815930
3441485,-82,1815930
3442698,-44,1818345
3449973,-108,1818345
3451186,-122,1818345
3452399,-47,1818345
3453611,46,1818345
3454824,83,1818345
3456036,55,1818345
3457249,-44,1818345
3458462,-98,1818345
3459675,-113,1778620
3460887,-44,1778620
3462099,40,1778620
3463312,121,1778620
3464524,97,1778620
3465737,39,1778620
3466950,-50,1778620
3468163,-70,1778620
3469375,-55,1778620
3470587,-1,1776050
3471800,42,1776050
3473013,81,1776050
3474224,98,1776050
3475438,135,1776050
3476651,216,1776050
3477862,157,1776050
3479075,-16,1776050
3480288,-141,1776050
3481500,-183,1819013
3482713,-161,1819013
3483926,-74,1819013
3485139,19,1819013
3486350,85,1819013
3487563,108,1819013
3488775,95,1819013
3489989,27,1819013
3491201,-43,1819013
3492413,-98,1787202
3493626,-107,1781087
3494839,-62,1781087
3496051,5,1781087
3497263,68,1781087
3498476,91,1781087
3499688,86,1781087
3500902,43,1781087
3502114,-21,1781087
3503327,-52,1781087
3504538,-60,1709704
3505752,-37,1709704
3506963,-15,1709704
3508176,18,1709704
3509389,48,1709704
3510602,52,1709704
3511815,26,1709704
3513027,-11,1709704
3514239,-33,1709704
3515452,-49,1728719
3516665,-40,1728719
3517877,-6,1728719
3519089,21,1728719
3520303,52,1728719
3521515,48,1728719
3522727,34,1728719
3523940,-15,1728719
3525152,-45,1728719
3526364,50,1728719
3533640,25,1728719
3534852,9,1728719
3536066,-30,1721730
3537277,-62,1721730
3538490,-45,1721730
3539702,-2,1721730
3540916,34,1721730
3542128,67,1721730
3543340,75,1721730
3544553,24,1721730
3545765,-17,1721730
3546978,-53,1721730
3548190,-42,1721852
3549403,-17,1782012
3550616,23,1782012
3551829,41,1782012
3553041,63,1782012
3554253,52,1782012
3555467,12,1782012
3556679,-26,1782012
3557892,-51,1782012
3559104,-46,1781797
3560317,-11,1779237
3561529,26,1779237
3562742,34,1779237
3563954,38,1779237
3565167,33,1779237
3566380,13,1779237
3567592,-20,1779237
3568805,-36,1779237
3570017,-44,1779237
3571230,-26,1779237
3572443,7,1779237
3573655,35,1779237
3574868,52,1779237
3576081,51,1779237
3577293,21,1779237
3578505,-20,1779237
3579718,-24,1787459
3580931,-56,1787459
3582143,-57,1787459
3583356,-25,1787459
3584569,13,1787459
3585782,38,1787459
3586995,64,1787459
3588207,87,1787459
3589419,39,1787459
3590632,5,1787459
3591844,-23,1787870
3593057,-27,1787870
3594270,-1,1787870
3595482,8,1787870
3596695,-4,1787870
3597907,-27,1787870
3599120,-12,1787870
3600333,12,1787870
3601545,76,1787870
3602758,121,1805189
3603970,103,1805189
3605183,56,1805189
3606396,2,1805189
3607608,-63,1805189
3608821,-140,1805189
3610033,163,1805189
3618521,44,1805189
3619734,-14,1805189
3620946,-160,1805189
3622159,-187,1805189
3623371,-144,1805189
3624584,-25,1784787
3625797,107,1784787
3627009,146,1784787
3628221,135,1784787
3629434,56,1784787
3630647,-10,1784787
3631861,-44,1784787
3633073,-47,1784787
3634286,-54,1784787
3635498,24,1758269
3636710,50,1758269
3637923,-2,1758269
3639136,-39,1758269
3640348,-29,1758269
3641560,-7,1758269
3642774,44,1758269
3643986,57,1758269
3645199,46,1758269
3646411,33,1786997
3647624,-17,1786997
3648836,-44,1786997
3650049,-39,1786997
3651262,-3,1786997
3652474,19,1786997
3653687,48,1786997
3654899,63,1786997
3656111,48,1786997
3657324,30,1833403
3658536,26,1833403
3659750,58,1833403
3660962,81,1833403
3662175,57,1833403
3663387,-31,1833403
3664600,-67,1833403
3665812,-93,1833403
3667024,-84,1833403
3668237,-41,1848255
3669449,32,1848255
3670662,88,1848255
3671875,63,1848255
3673087,31,1848255
3674300,-21,1848255
3675512,-25,1848255
3676726,-41,1848255
3677938,-22,1848255
3679150,-32,1811459
3680363,-6,1783296
3681575,23,1783296
3682788,51,1783296
3684001,86,1783296
3685213,30,1783296
3686426,-23,1783296
3687639,-42,1783296
3688851,-38,1783296
3690063,-28,1783296
3691276,-21,1787768
3692489,-20,1787768
3693701,-20,1787768
3694914,-32,1810123
3703402,-46,1810123
3704614,-21,1810123
3705827,13,1810123
3707039,42,1810123
3708252,64,1810123
3709464,63,1810123
3710677,49,1810123
3711890,9,1810123
3713102,-18,1818859
3714315,-29,1818859
3715527,-16,1818859
3716740,3,1818859
3717953,-3,1818859
3719165,-2,1818859
3720379,8,1818859
3721590,2,1818859
3722803,-2,1818859
3724016,-3,1815056
3725228,-12,1815056
3726441,-5,1815056
3727653,8,1815056
3728866,16,1815056
3730079,17,1815056
3731292,25,1815056
3732504,6,1815056
3733716,-13,1815056
3734929,-24,1815142
3736143,-23,1810534
3737355,-12,1810534
3738567,10,1810534
3739780,33,1810534
3740993,37,1810534
3742205,21,1810534
3743417,-11,1810534
3744630,-23,1810534
3745842,7,1810654
3747055,47,1829086
3748268,63,1829086
3749480,70,1829086
3750693,31,1829086
3751906,-14,1829086
3753118,-56,1829086
3754330,-39,1829086
3755543,-50,1829086
3756756,-44,1829086
3757968,-16,1829086
3759180,32,1829086
3760393,69,1829086
3761606,72,1829086
3762819,26,1829086
3764031,-16,1829086
3765244,-38,1829086
3766456,10,1803082
3767669,-48,1803082
3768881,-55,1803082
3770094,-38,1803082
3771307,-44,1803082
3772519,-32,1803082
3773732,18,1803082
3774945,60,1803082
3776157,56,1803082
3777369,41,1803082
3778583,-1,1792855
3779795,77,1792855
3788283,68,1792855
3789495,104,1815621
3790708,53,1815621
3791921,-14,1815621
3793133,-95,1815621
3794345,-132,1815621
3795558,-131,1815621
3796771,-66,1815621
3797983,22,1815621
3799196,92,1815621
3800408,129,1834996
3801621,138,1834996
3802834,61,1834996
3804046,-53,1834996
3805259,-113,1834996
3806471,-131,1834996
3807683,-92,1834996
3808896,-4,1834996
3810109,85,1834996
3811321,140,1793934
3812534,133,1793934
3813746,74,1793934
3814959,-4,1793934
3816172,-98,1793934
3817384,-137,1793934
3818596,-109,1793934
3819809,-48,1793934
3821022,31,1793934
3822234,94,1774766
3823447,114,1774766
3824659,96,1774766
3825872,21,1774766
3827084,-33,1774766
3828297,-72,1774766
3829509,-69,1774766
3830722,-24,1774766
3831934,23,1774766
3833147,64,1773018
3834360,79,1773018
3835572,59,1773018
3836785,-1,1773018
3837998,-60,1773018
3839210,-82,1773018
3840423,-54,1773018
3841635,0,1773018
3842847,47,1773018
3844060,71,1777952
3845272,58,1777952
3846485,40,1777952
3847698,11,1777952
3848910,12,1777952
3850123,34,1777952
3851335,22,1777952
3852547,-27,1777952
3853760,-44,1777952
3854972,-35,1807193
3856184,-15,1807193
3857397,13,1807193
3858610,44,1807193
3859822,62,1807193
3861034,56,1807193
3862247,20,1807193
3863460,-12,1807193
3864672,121,1807193
3871948,113,1807193
3873160,76,1807193
3874372,3,1807193
3875585,-94,1807193
3876798,-165,1818962
3878010,-148,1809660
3879224,-31,1809660
3880435,48,1809660
3881648,112,1809660
3882861,93,1809660
3884073,45,1809660
3885285,38,1809660
3886498,-4,1809660
3887710,-12,1809660
3888923,-54,1827441
3890135,-39,1827441
3891348,20,1827441
3892561,31,1827441
3893774,63,1827441
3894986,11,1827441
3896198,-13,1827441
3897411,-74,1827441
3898623,-72,1827441
3899836,-56,1778659
3901048,-5,1844195
3902261,39,1844195
3903473,64,1844195
3904686,76,1844195
3905899,74,1844195
3907112,62,1844195
3908324,17,1844195
3909536,-14,1844195
3910749,-33,1856066
3911962,-29,1856066
3913174,53,1856066
3914386,81,1856066
3915600,118,1856066
3916811,39,1856066
3918024,-68,1856066
3919237,-161,1856066
3920450,-159,1856066
3921662,-51,1856096
3922875,136,1808992
3924088,139,1808992
3925300,91,1808992
3926513,-7,1808992
3927725,-126,1808992
3928938,-174,1808992
3930151,-147,1808992
3931363,-30,1808992
3932575,50,1809133
3933788,132,1750509
3935000,158,1750509
3936213,133,1750509
3937426,78,1750509
3938638,-7,1750509
3939851,-118,1750509
3941063,-164,1750509
3942276,-143,1750509
3943489,-60,1750509
3944701,53,1750509
3945914,150,1750509
3947127,170,1750509
3948339,-92,1750509
3955614,12,1750509
3956827,102,1750509
3958039,140,1750509
3959252,98,1750509
3960464,42,1750509
3961677,-34,1750509
3962889,-74,1750509
3964103,-78,1750509
3965314,-32,1772967
3966527,18,1772967
3967740,58,1772967
3968952,67,1772967
3970165,50,1772967
3971377,27,1772967
3972590,-12,1772967
3973802,-30,1772967
3975015,-27,1772967
3976227,-18,1795116
3977440,3,1795116
3978652,31,1795116
3979865,61,1795116
3981078,56,1795116
3982290,36,1795116
3983503,8,1795116
3984715,-7,1795116
3985927,-30,1795116
3987140,14,1824358
3988353,16,1824358
3989566,24,1824358
3990777,7,1824358
3991990,26,1824358
3993203,-12,1824358
3994416,-30,1824358
3995628,-34,1824358
3996840,-45,1824358
3998053,-56,1836178
3999266,-33,1836178
4000478,18,1836178
4001690,51,1836178
4002904,65,1836178
4004115,38,1836178
4005328,-26,1836178
4006540,-39,1836178
4007754,-70,1836178
4008966,-53,1818962
4010178,-9,1818962
4011391,55,1818962
4012604,79,1818962
4013816,79,1818962
4015029,59,1818962
4016242,12,1818962
4017453,-29,1818962
4018666,-58,1818962
4019879,-51,1820760
4021091,-15,1820760
4022304,36,1820760
4023517,64,1820760
4024729,82,1820760
4025941,92,1820760
4027154,80,1820760
4028366,60,1820760
4029579,33,1820760
4030792,-25,1834996
4032004,55,1834996
4040492,79,1834996
4041705,105,1835253
4042918,85,1835253
4044129,43,1835253
4045342,-53,1835253
4046555,-114,1835253
4047767,-119,1835253
4048980,-87,1835253
4050193,-10,1835253
4051406,67,1835253
4052617,105,1786637
4053830,98,1736633
4055043,78,1736633
4056255,20,1736633
4057468,-41,1736633
4058680,-99,1736633
4059893,-114,1736633
4061106,-71,1736633
4062319,11,1736633
4063531,72,1736633
4064744,86,1729490
4065956,72,1729490
4067169,43,1729490
4068381,5,1729490
4069593,-28,1729490
4070806,-57,1729490
4072018,-55,1729490
4073231,-35,1729490
4074443,9,1729490
4075656,46,1720291
4076869,57,1720291
4078081,58,1720291
4079293,36,1720291
4080506,-14,1720291
4081719,-45,1720291
4082932,-60,1720291
4084144,-43,1720291
4085356,2,1720291
4086568,44,1747991
4087781,46,1747991
4088994,32,1747991
4090206,7,1747991
4091419,-19,1747991
4092631,-28,1747991
4093844,-16,1747991
4095056,14,1747991
4096269,24,1747991
4097481,27,1746449
4098694,16,1746449
4099906,-4,1746449
4101119,-8,1746449
4102331,3,1746449
4103544,15,1746449
4104757,21,1746449
4105969,16,1746449
4107182,6,1746449
4108394,-1,1746660
4109606,0,1762020
4110819,5,1762020
4112031,6,1762020
4113244,13,1762020
4114456,9,1762020
4115669,4,1762020
4116882,3,1762020
4125369,3,1762020
4126582,0,1762020
4127794,-1,1762020
4129007,4,1747631
4130219,4,1747554
4131432,4,1754466
4132644,3,1754466
4133857,0,1754466
4135069,-3,1754466
4136282,-3,1754466
4137494,0,1754466
4138707,2,1754466
4139920,8,1754466
4141132,9,1754466
4142345,8,1754466
4143558,12,1754466
4144770,9,1754466
4145983,9,1754466
4147195,8,1754466
4148407,12,1754466
4149620,13,1754466
4150832,10,1754466
4152045,10,1731751
4153258,7,1731751
4154470,9,1731751
4155682,8,1731751
4156895,6,1731751
4158108,5,1731751
4159320,6,1731751
4160532,7,1731751
4161745,3,1731751
4162958,5,1732573
4164169,3,1732573
4165382,3,1732573
4166595,3,1732573
4167807,2,1732573
4169020,6,1732573
4170232,4,1732573
4171444,7,1732573
4172657,6,1732573
4173870,7,1724042
4175083,3,1724042
4176295,6,1724042
4177507,6,1724042
4178720,4,1724042
4179932,4,1724042
4181145,7,1724042
4182357,9,1724042
4183570,9,1724042
4184782,8,1734629
4185994,6,1734629
4187207,9,1734629
4188420,8,1734629
4189632,9,1734629
4190845,8,1734629
4192057,11,1734629
4193269,7,1734629
4194482,3,1734629
4195695,3,1726098
4196907,5,1726098
4198119,7,1726098
4199332,5,1726098
4200544,8,1726098
4201757,4,1726098
4209032,8,1726098
4210244,6,1726098
4211458,7,1726098
4212669,8,1726098
4213882,10,1726098
4215095,6,1726098
4216307,6,1726098
4217520,6,1728513
4218732,7,1728513
4219945,7,1728513
4221158,10,1728513
4222369,9,1728513
4223582,7,1728513
4224795,6,1728513
4226007,7,1728513
4227220,10,1728513
4228432,6,1729747
4229644,4,1729747
4230857,4,1729747
4232070,4,1729747
4233281,5,1729747
4234494,7,1729747
4235706,3,1729747
4236919,4,1729747
4238132,4,1729747
4239344,5,1729541
4240556,5,1729541
4241769,2,1729541
4242982,5,1729541
4244194,7,1729541
4245407,6,1729541
4246619,6,1729541
4247831,6,1729541
4249044,8,1729541
4250256,6,1726355
4251468,6,1734989
4252681,2,1734989
4253894,1,1734989
4255106,2,1734989
4256319,5,1734989
4257531,7,1734989
4258744,3,1734989
4259956,3,1734989
4261168,4,1734989
4262381,5,1715665
4263593,5,1715665
4264805,4,1715665
4266019,4,1715665
4267231,4,1715665
4268443,4,1715665
4269656,2,1715665
4270868,5,1715665
4272080,4,1715665
4273293,3,1736428
4274506,4,1736428
4275718,4,1736428
4276931,4,1736428
4278143,4,1736428
4279356,6,1736428
4280568,3,1736428
4281780,3,1736428
4282993,5,1736428
4284206,4,1712171
4285418,7,1712171
4293905,7,1712171
4295118,15,1712171
4296331,5,1712171
4297543,4,1712171
4298756,6,1712171
4299968,4,1712171
4301180,4,1712171
4302393,4,1712171
4303605,5,1712171
4304817,3,1712171
4306030,4,1712315
4307242,4,1682107
4308455,3,1682107
4309668,5,1682107
4310880,5,1682107
4312092,4,1682107
4313305,4,1682107
4314517,9,1682107
4315730,6,1682107
4316943,5,1682023
4318155,0,1700711
4319368,6,1700711
4320580,5,1700711
4321793,3,1700711
4323005,4,1700711
4324217,4,1700711
4325430,3,1700711
4326643,4,1700711
4327855,3,1700711
4329067,3,1700711
4330280,5,1700711
4331492,7,1700711
4332705,10,1700711
4333918,8,1700711
4335130,7,1700711
4336343,8,1700711
4337556,7,1678613
4338768,4,1678613
4339981,3,1678613
4341193,7,1678613
4342406,6,1678613
4343619,8,1678613
4344831,6,1678613
4346044,9,1678613
4347256,5,1678613
4348468,8,1678613
4349682,6,1689919
4350894,3,1689919
4352106,8,1689919
4353319,8,1689919
4354532,8,1689919
4355744,6,1689919
4356956,5,1689919
4358170,6,1689919
4359381,5,1689919
4360595,5,1680822
4361806,2,1680822
4363020,8,1680822
4364232,7,1680822
4365444,6,1680822
4366657,6,1680822
4367870,5,1680822
4369082,3,1680822
4370294,3,1680822
4377571,9,1680822
4378782,8,1680822
4379993,5,1680822
4381206,6,1680822
4382419,5,1677893
4383632,4,1677893
4384843,9,1677893
4386056,11,1677893
4387268,8,1677893
4388481,5,1677893
4389693,6,1677893
4390905,7,1677893
4392118,4,1677893
4393331,4,1671983
4394543,6,1671983
4395755,7,1671983
4396968,6,1671983
4398181,6,1671983
4399393,6,1671983
4400605,5,1671983
4401818,3,1671983
4403031,8,1671983
4404242,7,1675581
4405455,4,1675581
4406668,10,1675581
4407880,7,1675581
4409093,5,1675581
4410305,4,1675581
4411518,6,1675581
4412730,8,1675581
4413942,5,1675581
4415154,4,1673319
4416367,6,1673319
4417579,4,1673319
4418792,4,1673319
4420005,7,1673319
4421217,7,1673319
4422429,9,1673319
4423642,7,1673319
4424854,7,1673319
4426066,8,1662681
4427279,5,1662681
4428492,8,1662681
4429704,9,1662681
4430916,11,1662681
4432129,6,1662681
4433341,6,1662681
4434554,7,1662681
4435766,6,1662681
4436979,6,1665868
4438191,8,1666073
4439404,4,1666073
4440617,5,1666073
4441829,4,1666073
4443041,3,1666073
4444255,3,1666073
4445467,4,1666073
4446679,-1,1666073
4447892,3,1666073
4449105,5,1671521
4450317,5,1671521
4451529,5,1671521
4452742,4,1671521
4453955,6,1671521
4462443,8,1671521
4463655,5,1671521
4464868,6,1671521
4466080,5,1671521
4467292,4,1671521
4468506,8,1671521
4469718,5,1659495
4470931,5,1672651
4472143,5,1672651
4473356,5,1672651
4474568,4,1672651
4475780,3,1672651
4476993,0,1672651
4478205,3,1672651
4479418,4,1672651
4480630,0,1672651
4481844,4,1662887
4483055,6,1662887
4484268,5,1662887
4485481,4,1662887
4486693,3,1662887
4487906,4,1662887
4489118,3,1662887
4490331,3,1662887
4491543,3,1662887
4492757,6,1662901
4493968,4,1666741
4495182,5,1666741
4496394,4,1666741
4497606,3,1666741
4498819,2,1666741
4500032,4,1666741
4501244,3,1666741
4502456,5,1666741
4503669,5,1666653
4504881,4,1670493
4506094,4,1670493
4507307,4,1670493
4508519,5,1670493
4509731,3,1670493
4510944,3,1670493
4512157,3,1670493
4513369,6,1670493
4514581,4,1670493
4515794,4,1670493
4517007,6,1670493
4518219,10,1670493
4519432,9,1670493
4520644,7,1670493
4521856,7,1670493
4523069,7,1670493
4524281,5,1660985
4525494,3,1660985
4526707,4,1660985
4527919,7,1660985
4529132,5,1660985
4530344,8,1660985
4531556,6,1660985
4532770,6,1660985
4533981,3,1660985
4535195,6,1660985
4536407,6,1683546
4537619,3,1683546
4538832,7,1683546
4546107,5,1683546
4547320,5,1663555
4548532,5,1663555
4549744,8,1663555
4550957,7,1663555
4552170,6,1663555
4553382,7,1663555
4554595,6,1663555
4555807,6,1663555
4557020,7,1663555
4558232,7,1658570
4559445,5,1658570
4560657,5,1658570
4561870,7,1658570
4563082,5,1658570
4564295,5,1658570
4565508,4,1658570
4566720,7,1658570
4567932,5,1658570
4569145,8,1661140
4570357,5,1661140
4571570,5,1661140
4572783,4,1661140
4573996,8,1661140
4575208,9,1661140
4576420,8,1661140
4577633,8,1661140
4578846,6,1661140
4580058,10,1661499
4581271,4,1661499
4582483,5,1661499
4583696,8,1661499
4584908,6,1661499
4586120,4,1661499
4587332,9,1661499
4588545,7,1661499
4589758,10,1661499
4590970,7,1655641
4592183,4,1655641
4593395,4,1655641
4594608,7,1655641
4595821,4,1655641
4597033,6,1655641
4598246,6,1655641
4599457,7,1655641
4600671,9,1655641
4601882,7,1665713
4603095,5,1665713
4604308,5,1665713
4605520,7,1665713
4606732,7,1665713
4607945,6,1665713
4609157,7,1665713
4610370,7,1665713
4611582,7,1665713
4612795,6,1657388
4614008,4,1657388
4615220,7,1657388
4616432,7,1657388
4617645,6,1657388
4618857,5,1657388
4620070,5,1657388
4621283,6,1657388
4622495,10,1657388
4629770,7,1657388
4630983,5,1657388
4632195,7,1657388
4633408,3,1657388
4634620,5,1656103
4635832,6,1664994
4637045,3,1664994
4638258,4,1664994
4639471,3,1664994
4640683,4,1664994
4641896,5,1664994
4643109,0,1664994
4644320,3,1664994
4645533,4,1664994
4646746,3,1664994
4647958,1,1664994
4649171,4,1664994
4650383,3,1664994
4651595,4,1664994
4652808,2,1664994
4654020,5,1664994
4655233,5,1664994
4656446,3,1664994
4657659,4,1660214
4658871,5,1660214
4660083,4,1660214
4661296,4,1660214
4662508,2,1660214
4663722,6,1660214
4664933,4,1660214
4666146,5,1660214
4667359,6,1660214
4668571,5,1667666
4669784,4,1667666
4670996,3,1667666
4672208,2,1667666
4673421,4,1667666
4674633,3,1667666
4675846,6,1667666
4677059,7,1667666
4678271,4,1667666
4679484,5,1667637
4680696,6,1659701
4681908,3,1659701
4683121,3,1659701
4684334,4,1659701
4685546,4,1659701
4686759,6,1659701
4687971,5,1659701
4689184,5,1659701
4690396,3,1659679
4691609,3,1667615
4692821,2,1667615
4694033,3,1667615
4695247,3,1667615
4696458,4,1667615
4697671,5,1667615
4698884,5,1667615
4700096,4,1667615
4701309,4,1667615
4702521,5,1667615
4703733,8,1667615
4704946,6,1667615
4706158,5,1667615
4713501,10,1667615
4714646,8,1667615
4715859,7,1667615
4717071,7,1667615
4718284,6,1667615
4719496,6,1667615
4720710,4,1667615
4721922,4,1667615
4723134,3,1658159
4724347,6,1658159
4725559,6,1658159
4726771,7,1658159
4727984,7,1658159
4729197,7,1658159
4730409,5,1658159
4731621,7,1658159
4732834,5,1658159
4734046,7,1657234
4735259,4,1657234
4736471,4,1657234
4737684,6,1657234
4738896,8,1657234
4740109,5,1657234
4741322,3,1657234
4742535,4,1657234
4743748,6,1657234
4744959,6,1662733
4746172,7,1662733
4747385,10,1662733
4748597,6,1662733
4749809,7,1662733
4751022,8,1662733
4752235,4,1662733
4753448,8,1662733
4754659,7,1662733
4755873,7,1655949
4757084,5,1655949
4758297,10,1655949
4759510,6,1655949
4760722,7,1655949
4761935,8,1655949
4763148,7,1655949
4764359,9,1655949
4765572,7,1655949
4766785,7,1666741
4767997,2,1666741
4769210,6,1666741
4770423,4,1666741
4771635,9,1666741
4772847,6,1666741
4774060,13,1666741
4775272,7,1666741
4776485,5,1666741
4777698,6,1656257
4778910,3,1656257
4780122,5,1656257
4781335,6,1656257
4782547,5,1656257
4783760,10,1656257
4784972,8,1656257
4786185,6,1656257
4787397,7,1656257
4788610,9,1665868
4789823,4,1665868
4798310,11,1665868
4799522,6,1657491
4800735,5,1657491
4801947,6,1657491
4803160,6,1657491
4804372,6,1657491
4805585,7,1657491
4806797,4,1657491
4808009,7,1657491
4809224,6,1657491
4810434,7,1660934
4811648,5,1657439
4812860,5,1657439
4814072,4,1657439
4815285,5,1657439
4816497,5,1657439
4817710,6,1657439
4818923,5,1657439
4820136,5,1657439
4821348,6,1657439
4822560,8,1658519
4823773,4,1658519
4824986,6,1658519
4826197,5,1658519
4827410,4,1658519
4828622,3,1658519
4829835,5,1658519
4831047,6,1658519
4832260,4,1658519
4833472,3,1664017
4834685,6,1664017
4835898,4,1664017
4837109,4,1664017
4838322,5,1664017
4839534,5,1664017
4840747,5,1664017
4841959,3,1664017
4843172,3,1664017
4844384,3,1655332
4845597,4,1655332
4846809,3,1655332
4848021,4,1655332
4849235,4,1655332
4850446,6,1655332
4851659,3,1655332
4852871,5,1655332
4854084,5,1655332
4855297,2,1675683
4856509,3,1675683
4857721,6,1675683
4858934,6,1675683
4860146,5,1675683
4861358,7,1675683
4862571,5,1675683
4863784,3,1675683
4864996,4,1675683
4866208,4,1675701
4867421,5,1652917
4868633,5,1652917
4869846,4,1652917
4871058,7,1652917
4872271,5,1652917
4873484,4,1652917
4874696,7,1652917
4883184,5,1652917
4884396,5,1652917
4885609,7,1652917
4886821,6,1668488
4888033,5,1668488
4889246,4,1668488
4890458,5,1668488
4891670,6,1668488
4892883,6,1668488
4894095,5,1668488
4895308,7,1668488
4896520,6,1668488
4897733,7,1658878
4898945,3,1658878
4900157,5,1658878
4901370,7,1658878
4902583,6,1658878
4903795,6,1658878
4905008,7,1658878
4906220,5,1658878
4907432,7,1658878
4908645,7,1658878
4909858,7,1665353
4911070,6,1665353
4912282,7,1665353
4913494,5,1665353
4914707,5,1665353
4915919,8,1665353
4917131,7,1665353
4918344,7,1665353
4919556,8,1665353
4920769,7,1653123
4921982,4,1653123
4923194,6,1653123
4924406,5,1653123
4925618,7,1653123
4926831,6,1653123
4928043,8,1653123
4929256,7,1653123
4930468,7,1653123
4931681,6,1660369
4932894,4,1660369
4934105,3,1660369
4935318,7,1660369
4936530,9,1660369
4937743,5,1660369
4938955,5,1660369
4940168,7,1660369
4941380,7,1660369
4942592,6,1655178
4943805,4,1655178
4945017,6,1655178
4946231,6,1655178
4947442,7,1655178
4948655,7,1655178
4949867,5,1655178
4951080,4,1655178
4952292,7,1655178
4953504,4,1661808
4954717,5,1661808
4955930,5,1661808
4957141,5,1661808
4958354,8,1661808
4959566,2,1661808
4966841,12,1661808
4968053,11,1661808
4969265,7,1661808
4970478,3,1661808
4971691,5,1661808
4972903,9,1661808
4974115,5,1661808
4975328,6,1659803
4976540,4,1659803
4977752,10,1659803
4978966,6,1659803
4980177,8,1659803
4981391,7,1659803
4982603,9,1659803
4983815,3,1659803
4985027,6,1659803
4986240,9,1656977
4987452,5,1656977
4988664,6,1656977
4989877,7,1656977
4991090,4,1656977
4992302,4,1656977
4993515,8,1656977
4994727,5,1656977
4995939,7,1656977
4997152,7,1662116
4998364,9,1661859
4999577,6,1661859
5000789,3,1661859
5002001,4,1661859
5003214,3,1661859
5004426,6,1661859
5005639,5,1661859
5006852,3,1661859
5008064,6,1661859
5009276,3,1654664
5010488,4,1654664
5011701,5,1654664
5012913,7,1654664
5014126,3,1654664
5015339,4,1654664
5016551,5,1654664
5017764,8,1654664
5018976,3,1654664
5020188,4,1673628
5021401,3,1673628
5022614,5,1673628
5023825,3,1673628
5025038,4,1673628
5026251,5,1673628
5027463,3,1673628
5028676,6,1673628
5029888,4,1673628
5031100,4,1652711
5032312,4,1652711
5033525,4,1652711
5034737,3,1652711
5035950,4,1652711
5037162,6,1652711
5038374,6,1652711
5039587,4,1652711
5040800,3,1652711
5042013,4,1674450
5043224,5,1674450
5050501,5,1674450
5051712,3,1674450
5052924,14,1657645
5054137,10,1657645
5055350,5,1657645
5056562,6,1657645
5057775,5,1657645
5058987,4,1657645
5060199,4,1657645
5061412,3,1657645
5062624,6,1657645
5063837,3,1657790
5065049,4,1669054
5066262,2,1669054
5067475,3,1669054
5068687,2,1669054
5069899,3,1669054
5071111,4,1669054
5072324,3,1669054
5073537,4,1669054
5074750,5,1669054
5075962,4,1669054
5077175,9,1669054
5078387,6,1669054
5079600,8,1669054
5080812,7,1669054
5082025,7,1669054
5083237,6,1669054
5084449,5,1669054
5085662,5,1669054
5086874,5,1669054
5088086,6,1669054
5089299,6,1669054
5090512,8,1669054
5091724,6,1669054
5092937,3,1669054
5094149,3,1669054
5095361,5,1669054
5096574,7,1664634
5097786,4,1664634
5098998,5,1664634
5100212,3,1664634
5101423,5,1664634
5102636,7,1664634
5103849,6,1664634
5105061,10,1664634
5106274,4,1664634
5107485,5,1656052
5108698,4,1656052
5109910,6,1656052
5111123,8,1656052
5112336,7,1656052
5113548,6,1656052
5114761,9,1656052
5115973,7,1656052
5117186,7,1656052
5118398,5,1663298
5119610,4,1663298
5120823,5,1663298
5122036,4,1663298
5123248,6,1663298
5124460,6,1663298
5125674,7,1663298
5126885,5,1663298
5134161,4,1663298
5135373,7,1663298
5136586,3,1663298
5137797,6,1663298
5139011,5,1663298
5140222,10,1661088
5141435,4,1661088
5142647,7,1661088
5143860,4,1661088
5145073,9,1661088
5146285,7,1661088
5147497,8,1661088
5148710,8,1661088
5149922,8,1661088
5151135,4,1658107
5152347,4,1658107
5153560,8,1658107
5154772,6,1658107
5155984,6,1658107
5157197,9,1658107
5158410,5,1658107
5159621,6,1658107
5160834,7,1658107
5162047,6,1662373
5163259,4,1662373
5164472,7,1662373
5165684,7,1662373
5166896,6,1662373
5168109,4,1662373
5169321,11,1662373
5170533,6,1662373
5171746,3,1662373
5172958,3,1662270
5174172,5,1662270
5175384,4,1662270
5176596,6,1662270
5177808,9,1662270
5179021,6,1662270
5180233,7,1662270
5181445,5,1662270
5182658,10,1662270
5183871,7,1659392
5185083,4,1659752
5186295,4,1659752
5187509,5,1659752
5188720,6,1659752
5189933,5,1659752
5191145,5,1659752
5192359,5,1659752
5193570,5,1659752
5194783,3,1659752
5195995,4,1654048
5197208,4,1654048
5198420,3,1654048
5199633,2,1654048
5200846,6,1654048
5202058,8,1654048
5203271,6,1654048
5204483,6,1654048
5205695,4,1654048
5206908,4,1657285
5208120,5,1657285
5209334,4,1657285
5210546,4,1657285
5219033,8,1657285
5220246,7,1657285
5221458,5,1657285
5222670,5,1657285
5223883,6,1657285
5225095,5,1657285
5226308,9,1657285
5227520,6,1658159
5228733,6,1661294
5229945,4,1661294
5231157,3,1661294
5232370,6,1661294
5233582,4,1661294
5234795,3,1661294
5236008,4,1661294
5237221,3,1661294
5238433,3,1661294
5239645,4,1661422
5240858,2,1654510
5242070,3,1654510
5243283,2,1654510
5244496,4,1654510
5245708,3,1654510
5246920,4,1654510
5248133,3,1654510
5249345,5,1654510
5250558,6,1654306
5251771,3,1668386
5252984,3,1668386
5254196,4,1668386
5255408,3,1668386
5256620,2,1668386
5257834,3,1668386
5259046,4,1668386
5260258,6,1668386
5261471,5,1668579
5262684,5,1668579
5263895,5,1668579
5265108,5,1668579
5266320,7,1668579
5267534,7,1668579
5268746,8,1668579
5269958,7,1668579
5271171,6,1651427
5272383,2,1651427
5273595,5,1651427
5274808,6,1651427
5276021,8,1651427
5277233,6,1651427
5278445,5,1651427
5279658,3,1651427
5280871,5,1651427
5282083,7,1651427
5283296,7,1663658
5284508,8,1663658
5285721,5,1663658
5286933,5,1663658
5288145,9,1663658
5289358,6,1663658
5290570,7,1663658
5291783,6,1663658
5292996,9,1663658
5294208,5,1656052
5295420,7,1656052
5303908,4,1656052
5305120,8,1660574
5306332,6,1660574
5307545,6,1660574
5308757,10,1660574
5309969,6,1660574
5311183,5,1660574
5312395,7,1660574
5313607,7,1660574
5314819,3,1660574
5316032,7,1659444
5317245,3,1659444
5318457,7,1659444
5319669,4,1659444
5320882,10,1659444
5322095,3,1659444
5323307,4,1659444
5324519,3,1659444
5325732,7,1659444
5326944,8,1663144
5328157,4,1663144
5329369,7,1663144
5330581,7,1663144
5331794,4,1663144
5333006,10,1663144
5334219,6,1663144
5335432,4,1663144
5336644,5,1663144
5337857,4,1659701
5339069,4,1659701
5340282,11,1659701
5341495,8,1659701
5342707,7,1659701
5343919,6,1659701
5345132,6,1659701
5346344,9,1659701
5347557,4,1659701
5348769,7,1659803
5349982,4,1659803
5351194,3,1659803
5352407,4,1659803
5353620,8,1659803
5354832,7,1659803
5356045,8,1659803
5357257,8,1659803
5358469,7,1659803
5359682,5,1660985
5360894,6,1660985
5362107,8,1660985
5363320,10,1660985
5364532,7,1660985
5365744,8,1660985
5366957,5,1660985
5368170,4,1660985
5369382,6,1660985
5370595,9,1659238
5371807,5,1659238
5373020,8,1659238
5374232,5,1659238
5375444,6,1659238
5376656,6,1659238
5377869,5,1659238
5379082,5,1659238
5380294,2,1659238
5387571,11,1659238
5388782,6,1659238
5389993,5,1659238
5391207,5,1659238
5392419,8,1658724
5393630,3,1658570
5394844,5,1658570
5396055,6,1658570
5397268,5,1658570
5398481,4,1658570
5399693,2,1658570
5400906,3,1658570
5402118,2,1658570
5403331,5,1658570
5404543,3,1650193
5405756,9,1650193
5406968,5,1650193
5408181,5,1650193
5409393,2,1650193
5410607,3,1650193
5411818,4,1650193
5413031,6,1650193
5414244,5,1650193
5415456,4,1667564
5416668,1,1667564
5417881,6,1667564
5419094,5,1667564
5420307,4,1667564
5421519,4,1667564
5422731,5,1667564
5423944,3,1667564
5425156,4,1667564
5426369,5,1667564
5427581,5,1667564
5428794,3,1667564
5430006,0,1667564
5431218,3,1667564
5432431,4,1667564
5433644,3,1667564
5434857,4,1667564
5436069,5,1667564
5437281,3,1667374
5438494,2,1657902
5439706,4,1657902
5440919,4,1657902
5442132,4,1657902
5443344,5,1657902
5444556,9,1657902
5445770,4,1657902
5446981,4,1657902
5448194,4,1657956
5449407,5,1658724
5450620,3,1658724
5451833,3,1658724
5453044,3,1658724
5454257,4,1658724
5455469,5,1658724
5456682,5,1658724
5457895,3,1658724
5459108,2,1658724
5460320,3,1658724
5461532,6,1658724
5462745,5,1658724
5463957,5,1658724
5472445,8,1658724
5473658,5,1658724
5474870,5,1658724
5476083,7,1658724
5477295,8,1658724
5478508,5,1658724
5479720,5,1658724
5480933,5,1658724
5482145,5,1658724
5483358,9,1658724
5484571,6,1658724
5485783,7,1658724
5486996,4,1658724
5488208,7,1658724
5489421,3,1658724
5490633,8,1658724
5491846,7,1662835
5493058,7,1662835
5494271,8,1662835
5495484,6,1662835
5496696,5,1662835
5497908,7,1662835
5499121,8,1662835
5500334,6,1662835
5501546,6,1662835
5502759,10,1659135
5503971,3,1659135
5505184,6,1659135
5506396,9,1659135
5507609,5,1659135
5508821,6,1659135
5510033,5,1659135
5511246,7,1659135
5512458,6,1659135
5513671,7,1658775
5514883,5,1658775
5516097,3,1658775
5517309,5,1658775
5518522,5,1658775
5519734,5,1658775
5520946,5,1658775
5522159,4,1658775
5523371,8,1658775
5524584,6,1658467
5525796,4,1658467
5527009,7,1658467
5528222,6,1658467
5529435,5,1658467
5530646,7,1658467
5531859,9,1658467
5533072,4,1658467
5534284,5,1658467
5535497,6,1659495
5536709,4,1659495
5537922,7,1659495
5539134,5,1659495
5540347,6,1659495
5541560,7,1659495
5542772,8,1659495
5543985,8,1659495
5545198,6,1659495
5546411,7,1660831
5547622,5,1660831
5548835,5,1660831
5556110,5,1660831
5557323,6,1653688
5558536,5,1653688
5559748,6,1653688
5560960,6,1653688
5562174,7,1653688
5563385,7,1653688
5564599,9,1653688
5565811,4,1653688
5567024,8,1653688
5568236,7,1657902
5569448,3,1656874
5570661,6,1656874
5571873,5,1656874
5573086,4,1656874
5574299,4,1656874
5575512,5,1656874
5576724,5,1656874
5577936,4,1656874
5579149,5,1656874
5580361,5,1666330
5581574,4,1666330
5582786,0,1666330
5583999,5,1666330
5585212,2,1666330
5586425,2,1666330
5587638,3,1666330
5588850,5,1666330
5590062,7,1666330
5591275,5,1656977
5592488,2,1656977
5593700,4,1656977
5594912,4,1656977
5596125,4,1656977
5597338,4,1656977
5598550,3,1656977
5599763,5,1656977
5600976,6,1656977
5602188,6,1658313
5603401,2,1658313
5604614,4,1658313
5605827,4,1658313
5607039,5,1658313
5608251,5,1658313
5609464,3,1658313
5610677,4,1658313
5611889,4,1658313
5613101,6,1663812
5614314,5,1663812
5615527,6,1663812
5616739,4,1663812
5617952,5,1663812
5619165,5,1663812
5620378,3,1663812
5621589,6,1663812
5622802,5,1663812
5624016,4,1663949
5625227,4,1659341
5626440,3,1659341
5627652,4,1659341
5628865,7,1659341
5630077,4,1659341
5631291,4,1659341
5632503,5,1659341
5640992,7,1659341
5642204,5,1659341
5643416,6,1659341
5644629,8,1666176
5645842,5,1666176
5647054,6,1666176
5648266,8,1666176
5649479,5,1666176
5650692,6,1666176
5651904,4,1666176
5653116,5,1666176
5654330,7,1666176
5655542,7,1661705
5656754,7,1661705
5657966,4,1661705
5659179,7,1661705
5660392,4,1661705
5661604,8,1661705
5662816,6,1661705
5664029,8,1661705
5665241,6,1661705
5666454,5,1661705
5667667,5,1660677
5668879,3,1660677
5670091,7,1660677
5671304,7,1660677
5672516,6,1660677
5673730,6,1660677
5674941,6,1660677
5676154,4,1660677
5677367,9,1660677
5678579,7,1659701
5679791,3,1659701
5681003,4,1659701
5682216,7,1659701
5683429,7,1659701
5684642,4,1659701
5685854,8,1659701
5687067,9,1659701
5688279,6,1659701
5689491,3,1663555
5690704,3,1663555
5691917,8,1663555
5693130,8,1663555
5694341,7,1663555
5695555,6,1663555
5696767,7,1663555
5697979,5,1663555
5699192,5,1663555
5700404,6,1657491
5701617,4,1657491
5702829,6,1657491
5704042,7,1657491
5705255,6,1657491
5706467,8,1657491
5707680,4,1657491
5708892,7,1657491
5710105,4,1657491
5711317,6,1665816
5712529,5,1665816
5713742,5,1665816
5714955,6,1665816
5716167,8,1665816
5717379,9,1665816
5724654,2,1665816
5725867,4,1665816
5727080,3,1665816
5728292,9,1665816
5729504,10,1665816
5730718,7,1665816
5731930,6,1665816
5733143,5,1658621
5734355,3,1658621
5735568,8,1658621
5736780,7,1658621
5737992,8,1658621
5739205,4,1658621
5740417,5,1658621
5741631,7,1658621
5742842,6,1658621
5744055,12,1655949
5745268,4,1655949
5746480,8,1655949
5747693,4,1655949
5748905,6,1655949
5750118,6,1655949
5751331,9,1655949
5752543,7,1655949
5753756,9,1655949
5754968,6,1661756
5756181,5,1655230
5757393,4,1655230
5758606,3,1655230
5759819,3,1655230
5761031,3,1655230
5762244,5,1655230
5763456,3,1655230
5764668,5,1655230
5765881,6,1655230
5767094,3,1659341
5768307,2,1659341
5769519,3,1659341
5770731,6,1659341
5771944,4,1659341
5773157,5,1659341
5774370,3,1659341
5775582,3,1659341
5776795,0,1659341
5778007,4,1664017
5779219,4,1664017
5780432,3,1664017
5781645,4,1664017
5782857,3,1664017
5784070,3,1664017
5785282,3,1664017
5786494,3,1664017
5787707,7,1664017
5788920,2,1656720
5790133,4,1656720
5791345,5,1656720
5792557,7,1656720
5793770,5,1656720
5794983,4,1656720
5796195,4,1656720
5797408,3,1656720
5798620,5,1656720
5799833,3,1666382
5801045,8,1666382
5809534,7,1666382
5810746,4,1666403
5811958,4,1658467
5813171,3,1658467
5814383,3,1658467
5815595,5,1658467
5816808,2,1658467
5818021,5,1658467
5819233,4,1658467
5820446,4,1658467
5821658,4,1658398
5822872,5,1667358
5824084,4,1667358
5825296,3,1667358
5826509,5,1667358
5827721,5,1667358
5828935,3,1667358
5830146,3,1667358
5831359,6,1667358
5832572,3,1667358
5833784,3,1667358
5834998,6,1667358
5836210,4,1667358
5837422,6,1667358
5838635,8,1667358
5839847,8,1667358
5841060,9,1667358
5842272,6,1667358
5843486,3,1667358
5844697,4,1667358
5845910,6,1667358
5847123,5,1667358
5848335,4,1667358
5849548,6,1667358
5850761,11,1667358
5851973,4,1667358
5853186,8,1667358
5854399,4,1665611
5855611,3,1665611
5856823,6,1665611
5858036,7,1665611
5859248,9,1665611
5860461,6,1665611
5861673,8,1665611
5862887,5,1665611
5864099,4,1665611
5865312,6,1652197
5866524,4,1652197
5867737,4,1652197
5868949,5,1652197
5870161,8,1652197
5871375,5,1652197
5872587,8,1652197
5873799,8,1652197
5875012,5,1652197
5876224,7,1662835
5877437,5,1662835
5878649,7,1662835
5879862,8,1662835
5881074,6,1662835
5882287,3,1662835
5883500,5,1662835
5884712,4,1662835
5885924,7,1662835
5894412,4,1662835
5895624,7,1662835
5896838,4,1662835
5898050,8,1664377
5899263,7,1664377
5900474,9,1664377
5901687,4,1664377
5902899,10,1664377
5904112,5,1664377
5905324,5,1664377
5906537,6,1664377
5907750,8,1664377
5908962,6,1657183
5910175,4,1657183
5911387,7,1657183
5912600,6,1657183
5913812,2,1657183
5915025,6,1657183
5916237,7,1657183
5917450,7,1657183
5918663,6,1657183
5919875,7,1664429
5921087,5,1664429
5922300,7,1664429
5923513,6,1664429
5924726,6,1664429
5925938,3,1664429
5927150,5,1664429
5928362,8,1664429
5929575,8,1664429
5930787,7,1652351
5932000,3,1652351
5933213,6,1652351
5934426,6,1652351
5935638,8,1652351
5936851,7,1652351
5938063,13,1652351
5939276,9,1652351
5940488,9,1652351
5941701,4,1658981
5942914,4,1658981
5944126,6,1658981
5945338,8,1658981
5946551,7,1658981
5947764,8,1658981
5948976,5,1658981
5950189,7,1658981
5951402,5,1658981
5952615,5,1660214
5953826,2,1656155
5955039,2,1656155
5956252,3,1656155
5957464,5,1656155
5958677,3,1656155
5959889,4,1656155
5961102,5,1656155
5962315,3,1656155
5963527,5,1656155
5964740,4,1665456
5965952,4,1665456
5967165,5,1665456
5968377,4,1665456
5969590,5,1665456
5970803,5,1665456
5979291,4,1665456
5980504,5,1665456
5981716,9,1665456
5982929,4,1665456
5984141,3,1665456
5985353,7,1649062
5986566,6,1659135
5987779,3,1659135
5988992,3,1659135
5990203,5,1659135
5991416,2,1659135
5992629,5,1659135
5993842,4,1659135
5995053,7,1659135
5996267,4,1659135
5997479,3,1658992
5998692,1,1647984
5999904,1,1647984
6001116,6,1647984
6002329,5,1647984
6003541,3,1647984
6004754,8,1647984
6005966,5,1647984
6007179,5,1647984
6008392,4,1648002
6009604,5,1666690
6010817,3,1666690
6012029,3,1666690
6013242,3,1666690
6014454,4,1666690
6015667,5,1666690
6016880,6,1666690
6018092,4,1666690
6019304,4,1666687
6020517,4,1652351
6021729,4,1652351
6022942,5,1652351
6024155,4,1652351
6025367,5,1652351
6026579,5,1652351
6027791,3,1652351
6029004,4,1652351
6030216,4,1652351
6031430,4,1652351
6032641,7,1652351
6033854,5,1652351
6035067,8,1652351
6036279,7,1652351
6037491,4,1652351
6038704,5,1652351
6039917,7,1662373
6041129,5,1662373
6042341,4,1662373
6043554,7,1662373
6044766,8,1662373
6045980,8,1662373
6047192,7,1662373
6048404,5,1662373
6049617,6,1662373
6050830,5,1662373
6052042,8,1653277
6053255,5,1653277
6054467,7,1653277
6055679,7,1661756
6062954,1,1661756
6064167,7,1661756
6065379,6,1661756
6066592,7,1661756
6067805,7,1661756
6069017,4,1661756
6070230,6,1661756
6071442,6,1661756
6072654,7,1661756
6073867,8,1657131
6075080,5,1657131
6076292,7,1657131
6077505,4,1657131
6078717,6,1657131
6079930,8,1657131
6081142,5,1657131
6082355,6,1657131
6083568,7,1657131
6084780,5,1660214
6085992,4,1660214
6087205,7,1660214
6088417,4,1660214
6089630,9,1660214
6090843,9,1660214
6092055,10,1660214
6093268,7,1660214
6094480,7,1660214
6095693,8,1660163
6096906,4,1660163
6098118,6,1660163
6099330,7,1660163
6100543,6,1660163
6101755,9,1660163
6102968,9,1660163
6104180,7,1660163
6105393,6,1660163
6106606,4,1656206
6107818,3,1656206
6109031,7,1656206
6110243,7,1656206
6111455,7,1656206
6112668,9,1656206
6113881,9,1656206
6115093,6,1656206
6116306,7,1656206
6117518,8,1660882
6118730,5,1660882
6119943,2,1660882
6121155,4,1660882
6122368,7,1660882
6123580,7,1660882
6124793,6,1660882
6126005,6,1660882
6127218,9,1660882
6128430,5,1653585
6129642,5,1653585
6130855,6,1653585
6132068,8,1653585
6133280,4,1653585
6134494,7,1653585
6135706,7,1653585
6136918,7,1653585
6138131,7,1653585
6139343,8,1653585
6146618,3,1653585
6147831,3,1653585
6149043,6,1653585
6150256,4,1652660
6151468,4,1659289
6152681,4,1659289
6153894,3,1659289
6155106,4,1659289
6156319,3,1659289
6157531,5,1659289
6158744,5,1659289
6159955,4,1659289
6161169,4,1659289
6162381,4,1648446
6163593,5,1648446
6164806,2,1648446
6166018,6,1648446
6167231,5,1648446
6168443,4,1648446
6169656,3,1648446
6170869,4,1648446
6172080,4,1648446
6173294,5,1664685
6174505,4,1664685
6175718,2,1664685
6176931,3,1664685
6178143,3,1664685
6179356,5,1664685
6180568,6,1664685
6181780,4,1664685
6182993,3,1664685
6184206,7,1651170
6185419,4,1651170
6186630,3,1651170
6187844,5,1651170
6189055,6,1651170
6190268,5,1651170
6191480,4,1651170
6192693,3,1651170
6193906,5,1651170
6195118,5,1651159
6196331,5,1662167
6197543,2,1662167
6198756,7,1662167
6199969,5,1662167
6201181,3,1662167
6202393,4,1662167
6203606,4,1662167
6204818,1,1662167
6206031,3,1662115
6207244,6,1661859
6208456,4,1661859
6209669,5,1661859
6210881,5,1661859
6212094,4,1661859
6213307,5,1661859
6214519,6,1661859
6215731,5,1661859
6216944,5,1661859
6218156,5,1661859
6219368,8,1661859
6220580,8,1661859
6221794,6,1661859
6223005,11,1661859
6231494,5,1661859
6232705,5,1661859
6233918,6,1661859
6235130,7,1661859
6236343,3,1661859
6237555,5,1661859
6238768,6,1658210
6239980,3,1658210
6241193,5,1658210
6242405,4,1658210
6243618,7,1658210
6244830,7,1658210
6246043,8,1658210
6247254,8,1658210
6248468,7,1658210
6249680,7,1657388
6250893,3,1657388
6252105,5,1657388
6253317,7,1657388
6254530,7,1657388
6255742,7,1657388
6256955,7,1657388
6258168,11,1657388
6259379,6,1657388
6260592,8,1661910
6261804,3,1661910
6263017,6,1661910
6264229,5,1661910
6265442,5,1661910
6266654,8,1661910
6267867,7,1661910
6269080,2,1661910
6270292,7,1661910
6271505,6,1657080
6272717,3,1657080
6273930,7,1657080
6275142,9,1657080
6276354,7,1657080
6277567,8,1657080
6278779,6,1657080
6279991,7,1657080
6281204,7,1657080
6282416,6,1659135
6283630,4,1659135
6284841,5,1659135
6286055,9,1659135
6287266,7,1659135
6288479,7,1659135
6289691,8,1659135
6290904,7,1659135
6292116,5,1659135
6293328,6,1652917
6294541,4,1652917
6295754,8,1652917
6296966,4,1652917
6298178,8,1652917
6299391,6,1652917
6300603,6,1652917
6301816,7,1652917
6303028,7,1652917
6304241,8,1662887
6305454,5,1662887
6306665,3,1662887
6307878,6,1662887
6315153,8,1653534
6316365,5,1653534
6317578,8,1653534
6318790,4,1653534
6320003,4,1653534
6321216,9,1653534
6322428,6,1653534
6323640,6,1653534
6324853,8,1653534
6326065,10,1657028
6327277,4,1654972
6328490,3,1654972
6329702,2,1654972
6330916,3,1654972
6332128,2,1654972
6333340,5,1654972
6334552,4,1654972
6335766,3,1654972
6336977,3,1654972
6338190,4,1662990
6339403,4,1662990
6340615,2,1662990
6341828,4,1662990
6343040,3,1662990
6344252,2,1662990
6345466,6,1662990
6346677,6,1662990
6347891,2,1662990
6349102,3,1662990
6350315,5,1662990
6351527,5,1662990
6352740,6,1662990
6353953,6,1662990
6355165,4,1662990
6356378,3,1662990
6357590,5,1662990
6358803,4,1662990
6360015,4,1658878
6361228,5,1658878
6362440,3,1658878
6363652,5,1658878
6364866,4,1658878
6366077,3,1658878
6367290,5,1658878
6368503,4,1658878
6369714,3,1658878
6370927,4,1664994
6372140,4,1664994
6373352,5,1664994
6374564,5,1664994
6375776,3,1664994
6376989,2,1664994
6378201,4,1664994
6379414,4,1664994
6380626,4,1664994
6381839,4,1664960
6383051,8,1656000
6384264,4,1656000
6385476,2,1656000
6386689,3,1656000
6387901,4,1656000
6389114,4,1656000
6390325,3,1656000
6391538,4,1656000
6400025,13,1656000
6401237,5,1656000
6402450,2,1667358
6403662,5,1667358
6404875,5,1667358
6406087,5,1667358
6407300,7,1667358
6408512,7,1667358
6409724,8,1667358
6410937,6,1667358
6412149,6,1667358
6413361,10,1658107
6414574,4,1658107
6415787,4,1658107
6416998,6,1658107
6418211,5,1658107
6419424,6,1658107
6420636,9,1658107
6421848,9,1658107
6423061,9,1658107
6424273,9,1658107
6425486,9,1657080
6426699,5,1657080
6427911,5,1657080
6429123,2,1657080
6430336,5,1657080
6431548,6,1657080
6432760,11,1657080
6433973,6,1657080
6435186,9,1657080
6436398,8,1652968
6437610,4,1652968
6438823,6,1652968
6440035,7,1652968
6441248,6,1652968
6442460,6,1652968
6443672,8,1652968
6444884,6,1652968
6446097,5,1652968
6447309,7,1658621
6448522,5,1658621
6449734,6,1658621
6450948,6,1658621
6452159,6,1658621
6453372,5,1658621
6454584,9,1658621
6455797,8,1658621
6457009,7,1658621
6458222,7,1653277
6459434,6,1653277
6460646,8,1653277
6461859,8,1653277
6463071,5,1653277
6464284,4,1653277
6465496,8,1653277
6466708,6,1653277
6467921,9,1653277
6469133,7,1660523
6470346,4,1660523
6471559,7,1660523
6472771,4,1660523
6473983,7,1660523
6475195,6,1660523
6476408,8,1660523
6483683,6,1660523
6484896,5,1660523
6486108,7,1660523
6487321,5,1660523
6488533,6,1660523
6489745,8,1660523
6490957,7,1659341
6492170,4,1659341
6493382,6,1659341
6494595,6,1659341
6495807,6,1659341
6497020,6,1659341
6498232,6,1659341
6499444,7,1659341
6500656,6,1659341
6501870,7,1653380
6503081,4,1653380
6504294,8,1653380
6505507,7,1653380
6506718,7,1653380
6507931,7,1653380
6509143,7,1653380
6510356,7,1653380
6511568,6,1653380
6512780,5,1660009
6513993,4,1652454
6515205,5,1652454
6516418,2,1652454
6517630,3,1652454
6518842,4,1652454
6520055,8,1652454
6521268,5,1652454
6522480,5,1652454
6523692,4,1652454
6524904,4,1662064
6526117,4,1662064
6527329,5,1662064
6528541,3,1662064
6529755,6,1662064
6530966,4,1662064
6532179,4,1662064
6533391,5,1662064
6534604,6,1662064
6535816,2,1662064
6537028,4,1662064
6538241,2,1662064
6539453,4,1662064
6540665,4,1662064
6541878,4,1662064
6543090,4,1662064
6544303,4,1662064
6545516,3,1662064
6546727,3,1658775
6547940,5,1658775
6549152,3,1658775
6550365,5,1658775
6551577,4,1658775
6552789,4,1658775
6554002,5,1658775
6555214,5,1658775
6556427,4,1658775
6557640,3,1663606
6558852,3,1663606
6560064,4,1663606
6568552,3,1663678
6569765,7,1655486
6570977,5,1655486
6572189,3,1655486
6573402,2,1655486
6574614,5,1655486
6575827,4,1655486
6577039,5,1655486
6578252,5,1655486
6579464,4,1655479
6580677,0,1667255
6581890,5,1667255
6583102,4,1667255
6584315,6,1667255
6585527,4,1667255
6586739,4,1667255
6587952,-1,1667255
6589165,4,1667255
6590378,4,1667255
6591589,7,1667255
6592802,3,1667255
6594014,5,1667255
6595227,4,1667255
6596440,7,1667255
6597652,6,1667255
6598864,8,1667255
6600077,4,1658262
6601289,4,1658262
6602502,4,1658262
6603715,5,1658262
6604927,7,1658262
6606139,5,1658262
6607352,7,1658262
6608564,6,1658262
6609778,4,1658262
6610989,5,1658262
6612202,6,1656206
6613415,4,1656206
6614627,6,1656206
6615839,6,1656206
6617052,7,1656206
6618264,6,1656206
6619476,11,1656206
6620690,7,1656206
6621902,4,1656206
6623114,5,1657028
6624327,3,1657028
6625540,2,1657028
6626751,6,1657028
6627964,6,1657028
6629176,8,1657028
6630389,6,1657028
6631601,7,1657028
6632814,5,1657028
6634027,7,1661396
6635239,6,1661396
6636452,6,1661396
6637664,6,1661396
6638877,6,1661396
6640089,6,1661396
6641301,6,1661396
6642514,8,1661396
6643727,7,1661396
6644939,6,1661396
6653427,5,1661396
6654639,8,1661396
6655852,6,1658878
6657063,10,1658878
6658276,4,1658878
6659488,7,1658878
6660701,7,1658878
6661914,7,1658878
6663125,4,1658878
6664339,5,1658878
6665551,8,1658878
6666763,7,1656617
6667975,4,1656617
6669188,7,1656617
6670401,8,1656617
6671612,6,1656617
6672826,4,1656617
6674038,4,1656617
6675250,6,1656617
6676463,8,1656617
6677675,7,1662322
6678887,4,1662322
6680100,3,1662322
6681312,6,1662322
6682524,6,1662322
6683737,7,1662322
6684950,4,1662322
6686162,4,1662322
6687374,6,1662322
6688587,4,1654818
6689800,3,1654818
6691011,5,1654818
6692224,5,1654818
6693436,6,1654818
6694649,7,1654818
6695862,7,1654818
6697074,7,1654818
6698287,6,1654818
6699499,10,1661242
6700711,4,1652865
6701924,3,1652865
6703136,5,1652865
6704349,6,1652865
6705561,7,1652865
6706774,3,1652865
6707986,6,1652865
6709199,4,1652865
6710411,4,1652865
6711624,7,1657542
6712836,3,1657542
6714048,3,1657542
6715262,4,1657542
6716473,2,1657542
6717686,2,1657542
6718899,3,1657542
6720112,5,1657542
6721324,4,1657542
6722536,3,1658467
6723749,1,1658467
6724961,-1,1658467
6726174,5,1658467
6727386,3,1658467
6728598,3,1658467
6729811,4,1658467
6738298,7,1658467
6739510,6,1658467
6740724,9,1658467
6741935,6,1658467
6743148,8,1657491
6744360,7,1653174
6745573,4,1653174
6746785,4,1653174
6747997,4,1653174
6749210,3,1653174
6750422,4,1653174
6751635,3,1653174
6752847,3,1653174
6754060,11,1653174
6755272,5,1653068
6756485,5,1652300
6757697,3,1652300
6758910,3,1652300
6760122,4,1652300
6761335,3,1652300
6762547,6,1652300
6763760,8,1652300
6764972,2,1652300
6766185,3,1652438
6767397,4,1661654
6768610,4,1661654
6769822,4,1661654
6771034,4,1661654
6772247,4,1661654
6773460,6,1661654
6774672,5,1661654
6775885,4,1661654
6777097,5,1661654
6778310,6,1661654
6779523,10,1661654
6780735,5,1661654
6781948,9,1661654
6783160,6,1661654
6784372,8,1661654
6785585,7,1661654
6786797,8,1649731
6788010,4,1649731
6789224,6,1649731
6790435,7,1649731
6791647,6,1649731
6792860,7,1649731
6794072,8,1649731
6795285,6,1649731
6796497,7,1649731
6797710,9,1649731
6798923,7,1657028
6800136,6,1657028
6801347,5,1657028
6802560,7,1657028
6803773,8,1657028
6804985,8,1657028
6806197,8,1657028
6807409,9,1657028
6808622,8,1657028
6809835,4,1652814
6811047,6,1652814
6812260,8,1652814
6813472,8,1652814
6814684,7,1655486
6821959,3,1655486
6823172,6,1655486
6824384,3,1655486
6825597,4,1655486
6826809,4,1655486
6828021,4,1655486
6829235,4,1655486
6830446,4,1655486
6831659,5,1655486
6832872,5,1655486
6834084,6,1655486
6835296,6,1655486
6836509,7,1655486
6837721,7,1655486
6838934,5,1655486
6840146,6,1655486
6841358,7,1655486
6842571,7,1660934
6843784,4,1660934
6844996,6,1660934
6846208,6,1660934
6847421,5,1660934
6848634,5,1660934
6849846,8,1660934
6851059,12,1660934
6852271,5,1660934
6853483,7,1653380
6854695,4,1653380
6855908,7,1653380
6857120,8,1653380
6858334,7,1653380
6859545,6,1653380
6860758,8,1653380
6861970,6,1653380
6863183,7,1653380
6864395,4,1659341
6865608,3,1659341
6866821,5,1659341
6868033,5,1659341
6869246,7,1659341
6870457,9,1659341
6871670,6,1659341
6872882,6,1659341
6874095,4,1659341
6875308,8,1650964
6876520,5,1650964
6877732,4,1650964
6878945,5,1650964
6880157,7,1650964
6881369,7,1650964
6882583,7,1650964
6883794,4,1650964
6885007,7,1650964
6886220,6,1659495
6887432,4,1654099
6888644,5,1654099
6889857,5,1654099
6891069,4,1654099
6892282,5,1654099
6893494,4,1654099
6894707,3,1654099
6895919,4,1654099
6897132,3,1654099
6898344,8,1654099
6905619,3,1654099
6906831,4,1654099
6908044,6,1654407
6909256,3,1655898
6910469,6,1655898
6911681,3,1655898
6912894,5,1655898
6914107,3,1655898
6915319,4,1655898
6916532,4,1655898
6917744,4,1655898
6918956,5,1655898
6920169,3,1655075
6921381,5,1655075
6922594,4,1655075
6923806,2,1655075
6925020,4,1655075
6926232,5,1655075
6927444,1,1655075
6928657,4,1655075
6929869,3,1655075
6931081,3,1671572
6932295,4,1671572
6933506,5,1671572
6934719,6,1671572
6935931,5,1671572
6937144,3,1671572
6938356,4,1671572
6939569,3,1671572
6940782,3,1671572
6941995,7,1671478
6943206,3,1646390
6944419,3,1646390
6945631,3,1646390
6946844,1,1646390
6948056,6,1646390
6949269,3,1646390
6950482,4,1646390
6951693,2,1646390
6952906,4,1646580
6954118,4,1669876
6955331,4,1669876
6956543,4,1669876
6957756,6,1669876
6958968,5,1669876
6960180,4,1669876
6961393,2,1669876
6962605,5,1669876
6963818,5,1669876
6965030,4,1669876
6966243,6,1669876
6967455,4,1669876
6968668,10,1669876
6969880,4,1669876
6971092,7,1669876
6972305,5,1669876
6973517,4,1645671
6974730,4,1645671
6975942,2,1645671
6977154,8,1645671
6978367,9,1645671
6979580,6,1645671
6980792,5,1645671
6982004,5,1645671
6990492,5,1645671
6991704,7,1645671
6992917,6,1645671
6994129,8,1645671
6995341,7,1645671
6996554,4,1649165
6997767,4,1649165
6998979,9,1649165
7000192,9,1649165
7001404,6,1649165
7002616,7,1649165
7003828,4,1649165
7005042,8,1649165
7006254,6,1649165
7007466,7,1663555
7008679,3,1663555
7009891,4,1663555
7011104,5,1663555
7012316,4,1663555
7013529,9,1663555
7014741,6,1663555
7015953,9,1663555
7017166,8,1663555
7018379,7,1650861
7019591,6,1650861
7020804,7,1650861
7022017,6,1650861
7023229,5,1650861
7024441,5,1650861
7025654,7,1650861
7026866,5,1650861
7028079,6,1650861
7029291,6,1660060
7030503,6,1660060
7031716,4,1660060
7032929,8,1660060
7034141,5,1660060
7035353,8,1660060
7036566,6,1660060
7037778,5,1660060
7038991,6,1660060
7040203,7,1653277
7041416,5,1653277
7042628,9,1653277
7043840,11,1653277
7045053,9,1653277
7046265,6,1653277
7047478,5,1653277
7048691,7,1653277
7049903,9,1653277
7051115,5,1655281
7052328,5,1655281
7053541,5,1655281
7054753,8,1655281
7055965,6,1655281
7057177,6,1655281
7058391,6,1655281
7059603,5,1655281
7060815,4,1655281
7062028,7,1654870
7063240,5,1654870
7064452,10,1654870
7065664,8,1654870
7066877,4,1655846
7074152,9,1655846
7075365,5,1655846
7076577,8,1655846
7077790,5,1655846
7079002,7,1655846
7080215,5,1655846
7081427,8,1655846
7082640,8,1655846
7083853,7,1654562
7085064,8,1654972
7086278,5,1654972
7087490,4,1654972
7088703,5,1654972
7089915,5,1654972
7091127,4,1654972
7092340,5,1654972
7093552,7,1654972
7094765,7,1654972
7095977,5,1665302
7097189,3,1665302
7098402,3,1665302
7099614,3,1665302
7100828,5,1665302
7102039,6,1665302
7103252,3,1665302
7104464,3,1665302
7105677,2,1665302
7106890,5,1646956
7108102,4,1646956
7109315,3,1646956
7110528,5,1646956
7111740,4,1646956
7112952,4,1646956
7114165,4,1646956
7115378,6,1646956
7116589,5,1646956
7117802,3,1668129
7119015,4,1668129
7120228,8,1668129
7121440,4,1668129
7122652,5,1668129
7123865,6,1668129
7125077,3,1668129
7126290,4,1668129
7127503,4,1668129
7128715,4,1668351
7129928,3,1645311
7131141,4,1645311
7132352,4,1645311
7133565,8,1645311
7134778,5,1645311
7135990,4,1645311
7137202,5,1645311
7138416,4,1645311
7139628,3,1645220
7140841,3,1662116
7142053,6,1662116
7143265,7,1662116
7144479,6,1662116
7145690,5,1662116
7146904,5,1662116
7148116,4,1662116
7149328,3,1662116
7150540,6,1662116
7159028,12,1662116
7160239,8,1649885
7161452,2,1649885
7162664,5,1649885
7163877,8,1649885
7165090,5,1649885
7166302,5,1649885
7167515,7,1649885
7168727,6,1649885
7169939,5,1649885
7171151,8,1649885
7172364,8,1656155
7173577,4,1656155
7174789,5,1656155
7176002,5,1656155
7177214,6,1656155
7178427,8,1656155
7179639,9,1656155
7180852,9,1656155
7182064,9,1656155
7183276,6,1649474
7184488,3,1649474
7185701,6,1649474
7186913,9,1649474
7188125,6,1649474
7189339,8,1649474
7190551,5,1649474
7191763,6,1649474
7192976,7,1649474
7194189,8,1659187
7195401,4,1659187
7196614,5,1659187
7197826,5,1659187
7199039,6,1659187
7200251,10,1659187
7201463,9,1659187
7202676,8,1659187
7203888,7,1659187
7205101,4,1651889
7206313,4,1651889
7207527,7,1651889
7208740,6,1651889
7209952,3,1651889
7211164,6,1651889
7212376,8,1651889
7213589,10,1651889
7214802,8,1651889
7216014,5,1660626
7217227,2,1660626
7218440,6,1660626
7219652,7,1660626
7220865,4,1660626
7222077,4,1660626
7223289,6,1660626
7224502,7,1660626
7225714,7,1660626
7226927,7,1653431
7228139,4,1653431
7229352,7,1653431
7230564,7,1653431
7231777,4,1653431
7232989,7,1653431
7234202,7,1653431
7235414,6,1653431
7242689,10,1653431
7243902,9,1653431
7245114,5,1653431
7246326,5,1653431
7247539,9,1653431
7248751,8,1655435
7249963,6,1655435
7251176,7,1655435
7252388,8,1655435
7253601,10,1655435
7254814,2,1655435
7256026,8,1655435
7257239,6,1655435
7258451,8,1655435
7259664,6,1653482
7260876,4,1653482
7262089,5,1653482
7263302,7,1653482
7264513,5,1653482
7265727,7,1653482
7266939,9,1653482
7268152,8,1653482
7269364,7,1653482
7270576,5,1659855
7271789,4,1652968
7273001,3,1652968
7274214,5,1652968
7275427,4,1652968
7276639,4,1652968
7277852,3,1652968
7279064,8,1652968
7280277,4,1652968
7281489,6,1652968
7282702,5,1671058
7283915,3,1671058
7285126,4,1671058
7286339,6,1671058
7287551,5,1671058
7288764,6,1671058
7289977,3,1671058
7291189,5,1671058
7292402,2,1671058
7293614,3,1644694
7294827,5,1644694
7296039,6,1644694
7297252,5,1644694
7298465,6,1644694
7299677,4,1644694
7300890,7,1644694
7302102,4,1644694
7303315,3,1644694
7304527,3,1666330
7305739,6,1666330
7306952,6,1666330
7308165,3,1666330
7309378,6,1666330
7310589,6,1666330
7311802,4,1666330
7313014,5,1666330
7314227,4,1666330
7315440,5,1666528
7316652,4,1650656
7317864,5,1650656
7319077,3,1650656
7327563,4,1650656
7328775,6,1650656
7329988,9,1650656
7331201,8,1650656
7332413,6,1650656
7333626,7,1650656
7334837,5,1650656
7336051,4,1655178
7337263,5,1655060
7338475,4,1650964
7339687,4,1650964
7340900,6,1650964
7342113,4,1650964
7343324,6,1650964
7344537,3,1650964
7345749,4,1650964
7346962,2,1650964
7348174,2,1650964
7349387,5,1650964
7350599,7,1650964
7351811,6,1650964
7353024,8,1650964
7354236,8,1650964
7355450,3,1650964
7356662,8,1650964
7357874,7,1650964
7359087,7,1660934
7360300,2,1660934
7361512,4,1660934
7362724,5,1660934
7363937,6,1660934
7365149,10,1660934
7366361,9,1660934
7367575,6,1660934
7368786,7,1660934
7369999,6,1653174
7371211,2,1653174
7372424,8,1653174
7373636,6,1653174
7374848,5,1653174
7376061,12,1653174
7377273,7,1653174
7378486,5,1653174
7379698,6,1653174
7380911,7,1657593
7382124,4,1657593
7383335,7,1657593
7384548,4,1657593
7385760,8,1657593
7386973,6,1657593
7388186,3,1657593
7389398,6,1657593
7390611,7,1657593
7391822,6,1652968
7393035,5,1652968
7394247,8,1652968
7395460,5,1652968
7396672,6,1652968
7397884,7,1652968
7399097,3,1652968
7400309,6,1652968
7401522,5,1652968
7402734,7,1653585
7403947,4,1653585
7412434,4,1653585
7413646,7,1653585
7414859,6,1653585
7416071,5,1653585
7417283,5,1653585
7418496,3,1653585
7419708,5,1653585
7420921,5,1653585
7422132,8,1653585
7423345,8,1653585
7424557,7,1653945
7425769,5,1653945
7426982,5,1653945
7428195,4,1653945
7429407,6,1653945
7430619,7,1653945
7431832,3,1653945
7433045,7,1653945
7434256,6,1653945
7435469,7,1653842
7436681,5,1653842
7437894,10,1653842
7439106,6,1653842
7440319,7,1653842
7441531,6,1653842
7442743,8,1653842
7443955,8,1653842
7445168,9,1653842
7446380,5,1655486
7447593,3,1655486
7448805,3,1655486
7450018,3,1655486
7451231,7,1655486
7452443,7,1655486
7453655,5,1655486
7454867,7,1655486
7456080,4,1655486
7457292,7,1659238
7458504,4,1652300
7459717,5,1652300
7460930,4,1652300
7462141,5,1652300
7463355,3,1652300
7464566,5,1652300
7465779,3,1652300
7466992,5,1652300
7468204,5,1652300
7469416,3,1665353
7470629,4,1665353
7471841,3,1665353
7473053,7,1665353
7474265,3,1665353
7475479,4,1665353
7476690,4,1665353
7477903,4,1665353
7479115,4,1665353
7480328,5,1647726
7481540,4,1647726
7482752,6,1647726
7483965,0,1647726
7485178,6,1647726
7486390,5,1647726
7487602,3,1647726
7488815,7,1647726
7497301,7,1647726
7498514,6,1647726
7499727,7,1647726
7500939,9,1658313
7502151,5,1658249
7503364,7,1654921
7504576,3,1654921
7505789,2,1654921
7507001,4,1654921
7508213,2,1654921
7509426,4,1654921
7510639,4,1654921
7511851,5,1654921
7513063,7,1654798
7514275,4,1662990
7515488,4,1662990
7516700,8,1662990
7517912,5,1662990
7519125,1,1662990
7520337,6,1662990
7521549,4,1662990
7522762,5,1662990
7523974,3,1663041
7525187,4,1649217
7526400,2,1649217
7527612,6,1649217
7528824,5,1649217
7530037,3,1649217
7531249,4,1649217
7532461,4,1649217
7533674,3,1649217
7534887,-1,1649217
7536098,3,1649217
7537311,8,1649217
7538523,9,1649217
7539736,6,1649217
7540948,6,1649217
7542161,6,1649217
7543374,8,1649217
7544585,8,1649217
7545798,5,1661037
7547010,4,1661037
7548224,7,1661037
7549435,6,1661037
7550648,10,1661037
7551860,9,1661037
7553073,12,1661037
7554285,7,1661037
7555497,8,1661037
7556710,4,1653482
7557922,3,1653482
7559135,7,1653482
7560347,6,1653482
7561560,6,1653482
7562772,6,1653482
7563984,4,1653482
7565197,7,1653482
7566410,7,1653482
7567622,9,1658159
7568834,3,1658159
7570047,7,1658159
7571259,6,1658159
7572471,4,1658159
7573684,8,1658159
7580959,3,1658159
7582171,9,1658159
7583384,4,1658159
7584596,7,1658159
7585808,5,1658159
7587021,8,1658159
7588233,6,1658159
7589446,6,1652865
7590659,6,1652865
7591871,4,1652865
7593083,4,1652865
7594296,6,1652865
7595508,8,1652865
7596720,5,1652865
7597933,8,1652865
7599146,7,1652865
7600357,6,1652660
7601570,4,1652660
7602782,8,1652660
7603996,7,1652660
7605208,5,1652660
7606420,7,1652660
7607632,8,1652660
7608845,6,1652660
7610057,13,1652660
7611269,8,1655435
7612482,4,1655435
7613695,8,1655435
7614907,9,1655435
7616120,6,1655435
7617332,5,1655435
7618544,4,1655435
7619756,7,1655435
7620970,3,1655435
7622182,7,1655384
7623394,3,1655384
7624606,9,1655384
7625818,5,1655384
7627031,5,1655384
7628244,7,1655384
7629456,8,1655384
7630668,6,1655384
7631881,5,1655384
7633093,5,1654099
7634305,3,1654099
7635518,6,1654099
7636731,6,1654099
7637943,10,1654099
7639156,6,1654099
7640368,6,1654099
7641580,8,1654099
7642793,7,1654099
7644005,7,1652865
7645218,6,1653431
7646430,2,1653431
7647643,3,1653431
7648855,4,1653431
7650067,6,1653431
7651280,5,1653431
7652493,4,1653431
7653704,7,1653431
7654918,4,1653431
7656129,2,1660831
7657342,3,1660831
7664616,3,1660831
7665829,11,1660831
7667041,11,1655024
7668254,3,1655024
7669466,5,1655024
7670679,3,1655024
7671891,3,1655024
7673104,1,1655024
7674316,4,1655024
7675528,8,1655024
7676742,5,1655024
7677953,5,1657285
7679166,3,1657285
7680379,5,1657285
7681591,6,1657285
7682803,4,1657285
7684016,5,1657285
7685228,5,1657285
7686441,6,1657285
7687654,5,1657285
7688866,7,1657154
7690078,4,1649474
7691291,5,1649474
7692503,4,1649474
7693715,4,1649474
7694927,4,1649474
7696141,4,1649474
7697352,6,1649474
7698565,4,1649474
7699777,3,1649518
7700990,1,1661294
7702202,6,1661294
7703415,4,1661294
7704627,5,1661294
7705840,4,1661294
7707052,4,1661294
7708265,3,1661294
7709477,4,1661294
7710689,6,1661353
7711902,5,1649833
7713115,5,1649833
7714327,5,1649833
7715540,5,1649833
7716752,6,1649833
7717965,4,1649833
7719178,4,1649833
7720390,3,1649833
7721602,3,1649833
7722815,2,1649833
7724028,8,1649833
7725240,8,1649833
7726452,6,1649833
7727665,6,1649833
7728877,7,1649833
7730090,7,1649833
7731303,8,1649833
7732515,6,1661037
7733727,4,1661037
7734940,8,1661037
7736152,6,1661037
7737365,8,1661037
7738578,7,1661037
7739789,3,1661037
7741002,5,1661037
7749490,6,1661037
7750702,5,1661037
7751914,9,1661037
7753127,6,1661037
7754339,5,1658005
7755552,2,1658005
7756764,8,1658005
7757977,6,1658005
7759190,7,1658005
7760402,6,1658005
7761615,9,1658005
7762827,4,1658005
7764040,7,1658005
7765252,8,1649422
7766464,5,1649422
7767677,8,1649422
7768889,4,1649422
7770102,4,1649422
7771315,5,1649422
7772527,8,1649422
7773739,7,1649422
7774952,6,1649422
7776165,6,1654510
7777377,2,1654510
7778590,5,1654510
7779802,5,1654510
7781015,7,1654510
7782226,10,1654510
7783439,5,1654510
7784652,7,1654510
7785864,4,1654510
7787077,6,1654407
7788289,4,1654407
7789501,9,1654407
7790715,6,1654407
7791927,6,1654407
7793139,4,1654407
7794351,7,1654407
7795564,9,1654407
7796776,6,1654407
7797989,4,1654664
7799201,1,1654664
7800413,5,1654664
7801627,6,1654664
7802838,6,1654664
7804051,6,1654664
7805264,7,1654664
7806476,7,1654664
7807688,7,1654664
7808901,9,1657131
7810114,5,1657131
7811326,7,1657131
7812539,6,1657131
7813751,7,1657131
7814963,7,1657131
7816176,7,1657131
7817388,7,1657131
7818601,6,1657131
7819813,5,1654613
7821026,4,1654613
7822239,6,1654613
7823451,6,1654613
7824664,8,1654613
7825876,3,1654613
7833152,10,1654613
7834364,10,1654613
7835576,8,1654613
7836789,7,1654613
7838001,8,1654613
7839214,9,1654613
7840427,5,1654613
7841639,6,1654407
7842852,3,1659598
7844064,10,1659598
7845277,5,1659598
7846489,4,1659598
7847702,5,1659598
7848915,5,1659598
7850126,4,1659598
7851340,3,1659598
7852552,3,1659598
7853765,6,1645414
7854977,5,1645414
7856189,4,1645414
7857403,3,1645414
7858614,7,1645414
7859827,4,1645414
7861039,5,1645414
7862252,5,1645414
7863464,4,1645414
7864677,3,1659701
7865890,5,1659701
7867102,2,1659701
7868315,6,1659701
7869527,3,1659701
7870739,4,1659701
7871952,3,1659701
7873164,2,1659701
7874378,4,1659701
7875590,5,1647881
7876803,3,1647881
7878015,2,1647881
7879227,3,1647881
7880439,3,1647881
7881652,4,1647881
7882864,9,1647881
7884077,2,1647881
7885290,4,1647881
7886501,4,1647982
7887714,3,1661294
7888926,4,1661294
7890140,4,1661294
7891352,5,1661294
7892564,4,1661294
7893776,6,1661294
7894989,4,1661294
7896201,5,1661294
7897414,5,1661211
7898626,4,1652763
7899839,3,1652763
7901051,4,1652763
7902264,2,1652763
7903476,5,1652763
7904688,4,1652763
7905901,3,1652763
7907113,-1,1652763
7908326,5,1652763
7909538,8,1652763
7918025,14,1656257
7919238,5,1656257
7920451,5,1656257
7921663,7,1656257
7922875,5,1656257
7924087,2,1656257
7925300,8,1656257
7926512,6,1656257
7927726,6,1656257
7928938,5,1656257
7930150,6,1652865
7931363,6,1652865
7932575,7,1652865
7933787,8,1652865
7935001,7,1652865
7936213,7,1652865
7937425,6,1652865
7938637,7,1652865
7939850,7,1652865
7941062,9,1654716
7942275,4,1654716
7943487,7,1654716
7944700,5,1654716
7945912,6,1654716
7947125,8,1654716
7948337,10,1654716
7949550,5,1654716
7950762,9,1654716
7951974,6,1648754
7953187,5,1648754
7954400,5,1648754
7955612,4,1648754
7956824,5,1648754
7958037,4,1648754
7959250,3,1648754
7960462,6,1648754
7961675,7,1648754
7962887,7,1653431
7964100,6,1653431
7965312,8,1653431
7966525,6,1653431
7967737,8,1653431
7968949,8,1653431
7970162,8,1653431
7971374,7,1653431
7972587,7,1653431
7973799,8,1654921
7975012,5,1654921
7976224,8,1654921
7977436,7,1654921
7978648,6,1654921
7979860,6,1654921
7981073,6,1654921
7982285,5,1654921
7983497,8,1654921
7984710,5,1651992
7985921,4,1651992
7987134,5,1651992
7988347,5,1651992
7989559,6,1651992
7990771,8,1651992
7991983,7,1651992
7993195,7,1651992
7994407,6,1651992
8001681,4,1651992
8002894,8,1651992
8004105,7,1651992
8005317,10,1651992
8006530,8,1650759
8007743,5,1650759
8008954,5,1650759
8010166,8,1650759
8011379,9,1650759
8012591,6,1650759
8013804,6,1650759
8015016,7,1650759
8016227,7,1650759
8017440,4,1659598
8018652,4,1652095
8019864,5,1652095
8021077,3,1652095
8022290,4,1652095
8023501,5,1652095
8024714,6,1652095
8025926,4,1652095
8027138,4,1652095
8028351,1,1652095
8029563,4,1662527
8030776,4,1662527
8031987,4,1662527
8033200,4,1662527
8034413,2,1662527
8035625,2,1662527
8036837,5,1662527
8038049,4,1662527
8039262,5,1662527
8040475,5,1644797
8041686,4,1644797
8042900,3,1644797
8044111,0,1644797
8045324,2,1644797
8046536,4,1644797
8047749,6,1644797
8048961,5,1644797
8050173,4,1644797
8051385,2,1663401
8052597,3,1663401
8053809,2,1663401
8055022,4,1663401
8056235,2,1663401
8057446,4,1663401
8058659,4,1663401
8059872,5,1663401
8061084,6,1663401
8062296,6,1663401
8063508,-1,1663401
8064721,3,1663401
8065933,4,1663401
8067145,3,1663401
8068359,7,1663401
8069570,5,1663401
8070782,5,1663401
8071995,3,1663401
8073207,4,1663239
8074419,3,1661191
8075632,3,1661191
8076844,2,1661191
8078056,3,1661191
8086543,5,1661191
8087755,8,1661191
8088967,7,1661191
8090180,9,1661191
8091393,12,1661191
8092604,12,1661191
8093816,7,1650605
8095029,5,1650605
8096241,1,1650605
8097453,5,1650605
8098666,4,1650605
8099878,1,1650605
8101090,3,1650605
8102303,4,1650605
8103515,7,1650605
8104727,8,1650605
8105939,7,1653071
8107152,5,1653071
8108364,8,1653071
8109576,5,1653071
8110788,3,1653071
8112001,7,1653071
8113214,6,1653071
8114425,8,1653071
8115638,8,1653071
8116850,7,1645619
8118062,8,1645619
8119275,5,1645619
8120487,5,1645619
8121699,2,1645619
8122911,3,1645619
8124124,6,1645619
8125336,11,1645619
8126548,10,1645619
8127761,12,1654459
8128973,4,1654459
8130186,3,1654459
8131397,7,1654459
8132609,6,1654459
8133822,9,1654459
8135035,8,1654459
8136247,6,1654459
8137459,10,1654459
8138672,6,1644592
8139884,5,1644592
8141096,4,1644592
8142308,5,1644592
8143520,5,1644592
8144732,6,1644592
8145945,8,1644592
8147158,8,1644592
8148369,7,1644592
8149582,6,1647161
8150793,2,1647161
8152007,8,1647161
8153219,5,1647161
8154431,6,1647161
8155643,8,1647161
8156855,10,1647161
8158068,10,1647161
8159280,7,1647161
8160492,6,1648497
8161705,3,1648497
8162917,6,1648497
8171403,2,1651632
8172615,3,1651632
8173827,5,1651632
8175040,5,1651632
8176252,5,1651632
8177464,5,1651632
8178677,5,1651632
8179890,11,1651632
8181102,8,1651632
8182314,7,1650039
8183526,6,1650039
8184739,7,1650039
8185951,7,1650039
8187164,4,1650039
8188376,4,1650039
8189588,5,1650039
8190800,5,1650039
8192013,3,1650039
8193225,9,1652095
8194438,7,1652095
8195651,8,1652095
8196862,9,1652095
8198075,6,1652095
8199287,6,1652095
8200500,4,1652095
8201712,4,1652095
8202924,7,1652095
8204136,7,1650861
8205349,4,1647110
8206561,7,1647110
8207774,4,1647110
8208987,5,1647110
8210199,2,1647110
8211412,0,1647110
8212624,3,1647110
8213836,4,1647110
8215049,4,1647110
8216261,5,1660677
8217474,7,1660677
8218686,5,1660677
8219899,5,1660677
8221112,-2,1660677
8222324,4,1660677
8223536,4,1660677
8224749,5,1660677
8225961,5,1660677
8227174,5,1640994
8228387,4,1640994
8229599,3,1640994
8230811,-1,1640994
8232024,4,1640994
8233236,3,1640994
8234449,4,1640994
8235661,3,1640994
8236874,7,1640994
8238086,4,1661602
8239299,5,1661602
8240511,3,1661602
8241725,4,1661602
8242936,3,1661602
8244149,0,1661602
8245362,5,1661602
8246575,3,1661602
8247787,9,1661602
8256275,4,1661602
8257487,9,1661602
8258700,11,1640583
8259912,4,1640671
8261125,5,1650399
8262337,5,1650399
8263549,3,1650399
8264763,4,1650399
8265974,3,1650399
8267187,4,1650399
8268400,1,1650399
8269613,6,1650399
8270824,6,1650412
8272037,6,1640172
8273249,3,1640172
8274462,3,1640172
8275674,1,1640172
8276888,-2,1640172
8278099,6,1640172
8279312,7,1640172
8280524,7,1640172
8281737,5,1640172
8282949,5,1640172
8284162,7,1640172
8285374,4,1640172
8286587,4,1640172
8287799,4,1640172
8289012,7,1640172
8290225,6,1640172
8291437,11,1640172
8292649,5,1655949
8293862,4,1655949
8295075,4,1655949
8296287,3,1655949
8297499,6,1655949
8298712,7,1655949
8299924,9,1655949
8301137,7,1655949
8302349,10,1655949
8303561,8,1648806
8304774,3,1648806
8305987,5,1648806
8307200,1,1648806
8308412,5,1648806
8309624,8,1648806
8310837,8,1648806
8312050,7,1648806
8313262,7,1648806
8314474,5,1649525
8315687,2,1649525
8316899,5,1649525
8318112,5,1649525
8319325,5,1649525
8320538,6,1649525
8321750,8,1649525
8322963,4,1649525
8324175,2,1649525
8325388,7,1645260
8326600,1,1645260
8327813,7,1645260
8329026,4,1645260
8330238,7,1645260
8331451,6,1645260
8332663,7,1645260
8339938,4,1645260
8341151,8,1645260
8342363,8,1645260
8343576,6,1645260
8344789,4,1645260
8346001,3,1645260
8347214,6,1647315
8348427,2,1647315
8349639,7,1647315
8350852,7,1647315
8352064,9,1647315
8353276,6,1647315
8354490,8,1647315
8355702,6,1647315
8356914,8,1647315
8358127,10,1646133
8359340,4,1646133
8360552,7,1646133
8361765,9,1646133
8362977,5,1646133
8364189,8,1646133
8365401,6,1646133
8366615,7,1646133
8367827,6,1646133
8369040,5,1646287
8370252,4,1646287
8371464,7,1646287
8372677,6,1646287
8373890,5,1646287
8375102,6,1646287
8376315,5,1646287
8377527,7,1646287
8378740,9,1646287
8379952,5,1645979
8381165,3,1645979
8382377,4,1645979
8383590,8,1645979
8384802,3,1645979
8386014,6,1645979
8387228,7,1645979
8388440,7,1645979
8389652,4,1645979
8390865,5,1651324
8392077,4,1645414
8393290,5,1645414
8394503,4,1645414
8395715,3,1645414
8396928,5,1645414
8398140,1,1645414
8399353,1,1645414
8400565,7,1645414
8401777,2,1645414
8402991,5,1655486
8404202,4,1655486
8405415,6,1655486
8406628,4,1655486
8407840,2,1655486
8409052,5,1655486
8410265,3,1655486
8411478,4,1655486
8412690,5,1655486
8413904,5,1640223
8415116,1,1640223
8416328,5,1640223
8423603,5,1640223
8424816,16,1640223
8426028,11,1640223
8427241,6,1640223
8428453,5,1640223
8429666,5,1640223
8430878,6,1640223
8432091,4,1640223
8433304,4,1640223
8434516,5,1647418
8435728,5,1646236
8436941,3,1646236
8438154,4,1646236
8439367,4,1646236
8440578,3,1646236
8441791,2,1646236
8443004,4,1646236
8444216,4,1646236
8445428,4,1646236
8446641,5,1646265
8447853,4,1653945
8449066,7,1653945
8450279,4,1653945
8451491,4,1653945
8452703,3,1653945
8453915,4,1653945
8455127,3,1653945
8456340,4,1653945
8457553,6,1653770
8458765,3,1648394
8459977,3,1648394
8461189,3,1648394
8462402,3,1648394
8463614,4,1648394
8464826,5,1648394
8466039,7,1648394
8467252,4,1648394
8468464,4,1648394
8469676,2,1648394
8470888,7,1648394
8472102,5,1648394
8473313,7,1648394
8474526,7,1648394
8475738,6,1648394
8476951,7,1648394
8478163,7,1649062
8479376,5,1649062
8480588,3,1649062
8481801,6,1649062
8483013,4,1649062
8484225,6,1649062
8485438,7,1649062
8486650,6,1649062
8487863,8,1649062
8489075,6,1649062
8490288,5,1646647
8491500,4,1646647
8492713,5,1646647
8493925,8,1646647
8495137,5,1646647
8496350,7,1646647
8497562,5,1646647
8498774,5,1646647
8499987,11,1646647
8508475,7,1646647
8509687,5,1646647
8510899,6,1646647
8512111,3,1645568
8513324,3,1645568
8514536,8,1645568
8515749,9,1645568
8516962,6,1645568
8518174,9,1645568
8519387,4,1645568
8520599,4,1645568
8521811,4,1645568
8523024,6,1647675
8524236,3,1647675
8525448,8,1647675
8526661,8,1647675
8527874,9,1647675
8529086,7,1647675
8530298,9,1647675
8531510,7,1647675
8532723,5,1647675
8533935,4,1649062
8535147,3,1649062
8536360,8,1649062
8537572,9,1649062
8538785,5,1649062
8539997,7,1649062
8541210,8,1649062
8542422,8,1649062
8543635,7,1649062
8544847,6,1649782
8546060,7,1649782
8547272,7,1649782
8548484,7,1649782
8549697,8,1649782
8550909,12,1649782
8552122,8,1649782
8553334,7,1649782
8554547,8,1649782
8555759,8,1652043
8556971,5,1652043
8558184,7,1652043
8559396,6,1652043
8560609,9,1652043
8561822,4,1652043
8563034,9,1652043
8564247,6,1652043
8565459,8,1652043
8566671,8,1644746
8567884,3,1644746
8569096,3,1644746
8570309,6,1644746
8571521,10,1644746
8572734,4,1644746
8573946,7,1644746
8575159,6,1644746
8576371,5,1644746
8577584,3,1647161
8578796,5,1645722
8580009,4,1645722
8581221,3,1645722
8582433,4,1645722
8583646,5,1645722
8584859,4,1645722
8593345,9,1645722
8594559,8,1645722
8595770,6,1645722
8596983,7,1645722
8598196,5,1645722
8599408,8,1653791
8600620,5,1643769
8601833,5,1643769
8603045,3,1643769
8604257,4,1643769
8605470,2,1643769
8606682,5,1643769
8607896,5,1643769
8609107,5,1643769
8610320,4,1643769
8611532,4,1654356
8612745,6,1654356
8613958,6,1654356
8615169,5,1654356
8616382,2,1654356
8617595,2,1654356
8618807,3,1654356
8620019,3,1654356
8621232,5,1654356
8622444,5,1646287
8623657,4,1646287
8624869,6,1646287
8626081,5,1646287
8627294,4,1646287
8628506,6,1646287
8629718,5,1646287
8630932,1,1646287
8632144,3,1646287
8633356,4,1646096
8634568,4,1649936
8635780,3,1649936
8636993,3,1649936
8638206,3,1649936
8639419,2,1649936
8640630,3,1649936
8641843,4,1649936
8643055,9,1649936
8644268,3,1650067
8645480,-2,1643923
8646692,5,1643923
8647905,3,1643923
8649117,6,1643923
8650329,5,1643923
8651542,4,1643923
8652754,7,1643923
8653967,4,1643923
8655179,3,1643923
8656392,2,1643923
8657604,4,1643923
8658817,7,1643923
8660029,7,1643923
8661242,3,1643923
8662454,2,1643923
8663666,9,1643923
8664879,7,1652609
8666091,3,1652609
8667304,4,1652609
8668516,4,1652609
8669728,1,1643050
8677003,12,1643050
8678216,3,1643050
8679428,10,1643050
8680640,8,1643050
8681853,6,1643050
8683066,10,1643050
8684279,6,1643050
8685491,5,1643050
8686703,5,1643050
8687916,10,1646853
8689128,3,1646853
8690340,5,1646853
8691553,4,1646853
8692765,6,1646853
8693978,5,1646853
8695190,6,1646853
8696403,5,1646853
8697616,7,1646853
8698828,4,1644643
8700040,5,1644643
8701254,6,1644643
8702465,6,1644643
8703678,7,1644643
8704890,7,1644643
8706103,8,1644643
8707316,9,1644643
8708528,8,1644643
8709740,4,1643204
8710953,4,1643204
8712165,4,1643204
8713378,7,1643204
8714591,6,1643204
8715804,7,1643204
8717016,7,1643204
8718228,5,1643204
8719441,6,1643204
8720654,4,1645568
8721866,6,1645568
8723078,4,1645568
8724291,5,1645568
8725503,6,1645568
8726716,9,1645568
8727928,7,1645568
8729141,7,1645568
8730353,8,1645568
8731565,3,1647726
8732778,4,1647726
8733991,4,1647726
8735203,7,1647726
8736415,5,1647726
8737628,9,1647726
8738840,10,1647726
8740053,8,1647726
8741265,4,1647726
8742477,4,1650142
8743690,3,1650142
8744903,8,1650142
8746115,4,1650142
8747328,7,1650142
8748540,4,1650142
8749752,9,1650142
8750965,8,1650142
8752177,6,1650142
8753390,12,1650142
8760666,-1,1650142
8761877,0,1650142
8763091,4,1650142
8764302,8,1651118
8765516,4,1646493
8766728,5,1646493
8767940,3,1646493
8769152,4,1646493
8770366,7,1646493
8771577,5,1646493
8772790,4,1646493
8774003,5,1646493
8775215,3,1646493
8776428,6,1655898
8777640,6,1655898
8778853,6,1655898
8780065,9,1655898
8781277,1,1655898
8782490,1,1655898
8783703,2,1655898
8784915,7,1655898
8786128,7,1655898
8787340,7,1655898
8788552,9,1655898
8789765,8,1655898
8790978,2,1655898
8792189,-1,1655898
8793403,3,1655898
8794614,3,1655898
8795827,5,1655898
8797039,6,1655898
8798252,6,1655075
8799464,5,1655075
8800677,4,1655075
8801890,2,1655075
8803102,-1,1655075
8804314,2,1655075
8805527,4,1655075
8806740,8,1655075
8807952,5,1655075
8809165,5,1642587
8810378,8,1642587
8811589,4,1642587
8812802,2,1642587
8814014,2,1642587
8815227,3,1642587
8816439,3,1642587
8817652,6,1642587
8818865,6,1642587
8820077,7,1642713
8821289,5,1648857
8822502,3,1648857
8823714,2,1648857
8824927,2,1648857
8826139,-1,1648857
8827351,3,1648857
8828564,8,1648857
8829776,6,1648857
8830989,4,1648743
8832202,4,1645671
8833414,4,1645671
8834626,3,1645671
8835839,3,1645671
8837051,5,1645671
8845539,4,1645671
8846750,5,1645671
8847963,3,1645671
8849176,6,1645671
8850388,8,1645671
8851600,11,1645414
8852813,5,1645414
8854026,3,1645414
8855238,5,1645414
8856450,6,1645414
8857663,8,1645414
8858875,10,1645414
8860088,7,1645414
8861300,8,1645414
8862512,7,1645414
8863726,9,1646647
8864938,4,1646647
8866150,6,1646647
8867363,7,1646647
8868575,6,1646647
8869787,6,1646647
8870999,5,1646647
8872212,9,1646647
8873424,8,1646647
8874637,9,1645003
8875850,4,1645003
8877062,10,1645003
8878275,6,1645003
8879487,6,1645003
8880700,8,1645003
8881912,7,1645003
8883124,6,1645003
8884337,9,1645003
8885549,8,1642587
8886762,7,1642587
8887974,6,1642587
8889186,5,1642587
8890399,7,1642587
8891612,5,1642587
8892824,5,1642587
8894037,6,1642587
8895249,8,1642587
8896461,5,1642896
8897674,2,1642896
8898886,8,1642896
8900099,4,1642896
8901311,7,1642896
8902524,8,1642896
8903736,4,1642896
8904948,7,1642896
8906162,5,1642896
8907373,6,1644900
8908586,4,1644900
8909798,8,1644900
8911010,6,1644900
8912224,4,1644900
8913436,4,1644900
8914648,9,1644900
8915861,6,1644900
8917073,8,1644900
8918286,8,1613089
8919498,4,1613089
8920711,5,1613089
8921923,6,1641611
8930411,3,1641611
8931623,6,1641611
8932835,7,1641611
8934048,6,1641611
8935260,5,1641611
8936473,9,1641611
8937685,8,1641611
8938898,6,1641611
8940111,5,1640018
8941323,4,1640018
8942535,4,1640018
8943748,6,1640018
8944960,8,1640018
8946172,9,1640018
8947385,9,1640018
8948597,8,1640018
8949810,3,1640018
8951023,4,1619667
8952235,4,1621157
8953448,4,1621157
8954659,4,1621157
8955872,5,1621157
8957085,5,1621157
8958298,6,1621157
8959510,5,1621157
8960722,4,1621157
8961934,4,1621157
8963147,4,1635752
8964360,6,1635752
8965572,7,1635752
8966785,4,1635752
8967997,5,1635752
8969209,7,1635752
8970422,5,1635752
8971635,5,1635752
8972847,6,1635752
8974059,10,1635752
8975272,7,1635752
8976484,5,1635752
8977696,3,1635752
8978909,2,1635752
8980121,5,1635752
8981335,5,1635752
8982546,6,1635752
8983759,5,1635752
8984971,5,1635444
8986184,3,1635444
8987396,5,1635444
8988609,4,1635444
8989822,4,1635444
8991033,5,1635444
8992247,3,1635444
8993458,4,1635444
8994672,6,1635444
8995884,5,1629534
8997096,4,1629534
8998308,5,1629534
8999521,6,1629534
9000733,5,1629534
9001946,5,1629534
9003159,4,1629534
9004371,4,1629534
9005584,3,1629534
9006796,3,1629534
9015283,3,1629534
9016496,7,1632103
9017708,4,1632237
9018920,2,1626861
9020133,2,1626861
9021345,3,1626861
9022557,9,1626861
9023770,4,1626861
9024982,4,1626861
9026195,3,1626861
9027407,0,1626861
9028619,2,1626861
9029832,5,1626861
9031044,7,1626861
9032256,8,1626861
9033468,6,1626861
9034681,7,1626861
9035893,6,1626861
9037106,6,1626861
9038318,7,1627632
9039530,6,1627632
9040744,1,1627632
9041955,7,1627632
9043168,6,1627632
9044380,7,1627632
9045593,8,1627632
9046805,7,1627632
9048018,5,1627632
9049230,6,1627632
9050442,9,1622082
9051655,5,1622082
9052867,6,1622082
9054080,3,1622082
9055292,4,1622082
9056504,5,1622082
9057717,7,1622082
9058930,8,1622082
9060142,7,1622082
9061355,6,1629637
9062567,3,1629637
9063780,3,1629637
9064991,3,1629637
9066204,9,1629637
9067416,7,1629637
9068629,5,1629637
9069841,6,1629637
9071054,10,1629637
9072267,6,1625525
9073479,3,1625525
9074691,3,1625525
9075903,3,1625525
9077116,4,1625525
9078328,7,1625525
9079540,8,1625525
9080754,9,1625525
9081965,6,1625525
9083179,7,1621722
9084391,3,1621722
9085603,5,1621722
9086815,4,1621722
9088028,6,1621722
9089240,7,1621722
9090453,7,1621722
9091665,4,1621722
9098940,2,1621722
9100152,5,1621722
9101364,9,1621722
9102578,8,1621722
9103789,9,1621722
9105002,8,1626759
9106214,6,1626759
9107427,5,1626759
9108639,6,1626759
9109852,7,1626759
9111065,11,1626759
9112277,7,1626759
9113489,10,1626759
9114702,6,1626759
9115915,9,1629123
9117128,6,1629123
9118339,8,1629123
9119553,5,1629123
9120765,7,1629123
9121977,6,1629123
9123190,8,1629123
9124403,9,1629123
9125615,8,1629123
9126827,6,1624857
9128040,3,1624857
9129253,3,1624857
9130465,7,1624857
9131678,6,1624857
9132889,6,1624857
9134103,4,1624857
9135314,6,1624857
9136527,6,1624857
9137739,5,1631179
9138952,3,1626245
9140165,4,1626245
9141378,3,1626245
9142589,3,1626245
9143802,4,1626245
9145014,5,1626245
9146227,6,1626245
9147439,3,1626245
9148651,-1,1626245
9149864,6,1632720
9151076,5,1632720
9152290,5,1632720
9153501,4,1632720
9154714,4,1632720
9155927,4,1632720
9157139,4,1632720
9158351,4,1632720
9159563,9,1632720
9160776,3,1628558
9161988,4,1628558
9163201,4,1628558
9164413,2,1628558
9165625,5,1628558
9166837,4,1628558
9168050,4,1628558
9169263,4,1628558
9170475,6,1628558
9171688,6,1628404
9172900,4,1628404
9174113,5,1628404
9175324,7,1628404
9182599,7,1628404
9183812,14,1628404
9185025,7,1628404
9186237,8,1628404
9187449,5,1628404
9188662,5,1628404
9189874,6,1628404
9191087,4,1628404
9192299,8,1629688
9193512,4,1629530
9194724,4,1628506
9195937,5,1628506
9197149,4,1628506
9198362,5,1628506
9199574,4,1628506
9200786,3,1628506
9201999,3,1628506
9203212,5,1628506
9204424,4,1628449
9205636,5,1626913
9206849,2,1626913
9208061,8,1626913
9209275,2,1626913
9210487,4,1626913
9211700,4,1626913
9212912,4,1626913
9214124,5,1626913
9215336,5,1626913
9216549,7,1626913
9217762,7,1626913
9218974,5,1626913
9220187,5,1626913
9221400,5,1626913
9222612,7,1626913
9223825,8,1626913
9225037,8,1627119
9226249,4,1627119
9227462,4,1627119
9228674,8,1627119
9229887,6,1627119
9231099,3,1627119
9232312,8,1627119
9233524,7,1627119
9234736,4,1627119
9235950,8,1627119
9237162,7,1625423
9238374,5,1625423
9239587,7,1625423
9240799,5,1625423
9242012,6,1625423
9243224,5,1625423
9244436,4,1625423
9245649,9,1625423
9246862,6,1625423
9248074,9,1629791
9249286,5,1629791
9250499,4,1629791
9251712,5,1629791
9252924,8,1629791
9254136,8,1629791
9255349,7,1629791
9256562,7,1629791
9257773,5,1629791
9258986,7,1629791
9267474,7,1629791
9268686,8,1629791
9269898,4,1628455
9271111,6,1628455
9272323,5,1628455
9273536,7,1628455
9274749,8,1628455
9275961,11,1628455
9277174,7,1628455
9278385,6,1628455
9279598,7,1628455
9280811,5,1625320
9282023,4,1625320
9283235,5,1625320
9284448,4,1625320
9285660,6,1625320
9286872,4,1625320
9288085,4,1625320
9289297,9,1625320
9290510,7,1625320
9291722,8,1626913
9292936,2,1626913
9294147,5,1626913
9295360,6,1626913
9296572,9,1626913
9297784,7,1626913
9298997,5,1626913
9300210,3,1626913
9301422,7,1626913
9302634,7,1628660
9303847,5,1628660
9305059,12,1628660
9306271,7,1628660
9307483,5,1628660
9308696,4,1628660
9309908,4,1628660
9311121,6,1628660
9312334,5,1628660
9313545,9,1626193
9314758,6,1626193
9315971,8,1626193
9317183,6,1626193
9318395,10,1626193
9319608,6,1626193
9320820,6,1626193
9322033,7,1626193
9323245,9,1626193
9324457,4,1632206
9325669,3,1624703
9326882,6,1624703
9328094,4,1624703
9329307,4,1624703
9330519,4,1624703
9331731,5,1624703
9332944,4,1624703
9334156,2,1624703
9335369,4,1624703
9336581,4,1632977
9337793,4,1632977
9339006,3,1632977
9340218,4,1632977
9341431,6,1632977
9342643,6,1632977
9343856,6,1632977
9352344,8,1632977
9353556,7,1632977
9354768,7,1632977
9355981,6,1632977
9357193,7,1630613
9358406,1,1631898
9359618,3,1631898
9360831,3,1631898
9362043,5,1631898
9363256,6,1631898
9364468,5,1631898
9365681,3,1631898
9366894,6,1631898
9368106,4,1631898
9369318,5,1631333
9370531,5,1631333
9371744,5,1631333
9372956,4,1631333
9374169,5,1631333
9375380,3,1631333
9376593,6,1631333
9377806,4,1631333
9379018,3,1631333
9380231,6,1631471
9381443,4,1627119
9382656,5,1627119
9383868,6,1627119
9385081,5,1627119
9386293,2,1627119
9387506,3,1627119
9388719,4,1627119
9389931,2,1627119
9391143,-1,1627126
9392356,5,1629174
9393568,6,1629174
9394781,3,1629174
9395993,5,1629174
9397206,6,1629174
9398419,3,1629174
9399631,3,1629174
9400844,3,1629174
9402055,7,1629174
9403268,3,1629174
9404481,7,1629174
9405693,6,1629174
9406905,9,1629174
9408118,6,1629174
9409330,7,1629174
9410543,4,1629174
9411755,8,1629174
9412968,3,1629174
9414180,4,1629174
9415393,6,1629174
9416606,8,1629174
9417818,8,1629174
9419031,6,1629174
9420243,5,1629174
9421456,6,1629174
9422668,9,1629174
9423881,8,1628455
9425092,5,1628455
9426305,4,1628455
9427517,9,1628455
9428730,5,1626861
9436005,11,1626861
9437217,2,1626861
9438430,5,1626861
9439642,6,1626861
9440854,5,1626861
9442067,4,1626861
9443280,4,1626861
9444492,4,1626861
9445704,2,1626861
9446918,7,1626861
9448129,7,1626861
9449342,8,1626861
9450555,5,1626861
9451766,5,1626861
9452979,8,1626861
9454192,5,1626861
9455404,7,1626861
9456616,5,1621466
9457828,5,1621466
9459041,8,1621466
9460253,8,1621466
9461466,7,1621466
9462679,6,1621466
9463891,7,1621466
9465104,4,1621466
9466316,4,1621466
9467528,6,1631230
9468741,6,1631230
9469954,5,1631230
9471166,7,1631230
9472379,7,1631230
9473591,4,1631230
9474803,9,1631230
9476015,6,1631230
9477228,5,1631230
9478441,5,1622853
9479654,4,1622853
9480866,7,1622853
9482079,5,1622853
9483290,7,1622853
9484503,7,1622853
9485716,5,1622853
9486929,7,1622853
9488140,9,1622853
9489353,6,1629791
9490565,7,1629791
9491778,4,1629791
9492991,5,1629791
9494203,6,1629791
9495415,6,1629791
9496628,6,1629791
9497840,7,1629791
9499053,6,1629791
9500265,4,1625114
9501478,2,1625114
9502689,6,1625114
9503902,7,1625114
9505114,4,1625114
9506327,6,1625114
9507540,5,1625114
9508752,6,1625114
9509964,7,1625114
9511177,9,1630922
9512389,9,1630922
9519666,5,1630922
9520876,11,1630922
9522089,5,1628763
9523302,3,1627787
9524514,4,1627787
9525726,5,1627787
9526939,5,1627787
9528151,3,1627787
9529364,5,1627787
9530576,4,1627787
9531789,2,1627787
9533001,4,1627787
9534213,4,1621209
9535426,3,1621209
9536638,2,1621209
9537851,4,1621209
9539063,10,1621209
9540276,4,1621209
9541488,5,1621209
9542701,4,1621209
9543913,4,1621209
9545125,5,1625988
9546338,7,1625988
9547550,6,1625988
9548763,7,1625988
9549975,6,1625988
9551188,7,1625988
9552400,5,1625988
9553613,7,1625988
9554826,3,1625988
9556037,5,1633542
9557250,5,1633542
9558462,4,1633542
9559675,4,1633542
9560888,7,1633542
9562100,4,1633542
9563312,5,1633542
9564525,4,1633542
9565737,2,1633542
9566950,4,1633707
9568162,5,1622699
9569375,2,1622699
9570587,9,1622699
9571799,4,1622699
9573012,2,1622699
9574225,4,1622699
9575438,4,1622699
9576650,5,1622699
9577862,7,1622728
9579075,5,1630664
9580287,6,1630664
9581499,4,1630664
9582711,2,1630664
9583924,6,1630664
9585136,5,1630664
9586349,6,1630664
9587561,5,1630664
9588774,3,1630560
9589986,4,1616224
9591199,6,1616224
9592412,-2,1616224
9593623,4,1616224
9594836,3,1616224
9596049,3,1616224
9604536,7,1616224
9605748,8,1616224
9606960,7,1616224
9608174,6,1616224
9609385,7,1616224
9610598,6,1630664
9611810,4,1630664
9613023,7,1630664
9614235,6,1630664
9615447,7,1630664
9616660,6,1630664
9617872,9,1630664
9619086,9,1630664
9620297,7,1630664
9621510,3,1623932
9622722,4,1623932
9623935,5,1623932
9625147,5,1623932
9626359,12,1623932
9627572,10,1623932
9628784,7,1623932
9629996,7,1623932
9631209,5,1623932
9632421,4,1625680
9633633,3,1625680
9634846,9,1625680
9636058,10,1625680
9637271,8,1625680
9638483,8,1625680
9639695,5,1625680
9640907,5,1625680
9642120,6,1625680
9643332,8,1619513
9644544,4,1619513
9645756,8,1619513
9646969,3,1619513
9648181,11,1619513
9649393,8,1619513
9650605,9,1619513
9651818,4,1619513
9653031,7,1619513
9654242,8,1626502
9655455,4,1626502
9656667,7,1626502
9657880,5,1626502
9659092,7,1626502
9660304,9,1626502
9661517,5,1626502
9662730,5,1626502
9663942,6,1626502
9665154,6,1617097
9666366,5,1617097
9667579,6,1617097
9668791,6,1617097
9670003,7,1617097
9671216,7,1617097
9672428,6,1617097
9673640,4,1617097
9674852,5,1617097
9676065,9,1623470
9677278,5,1623470
9678490,6,1623470
9679703,6,1623470
9680914,6,1623470
9689401,4,1623470
9690613,6,1623470
9691826,6,1623470
9693038,6,1623470
9694250,3,1623470
9695462,8,1623470
9696675,5,1623470
9697887,8,1622956
9699100,5,1622956
9700311,7,1622956
9701524,10,1622956
9702736,6,1622956
9703948,4,1622956
9705161,8,1622956
9706373,3,1622956
9707586,7,1622956
9708797,6,1620797
9710010,4,1620643
9711224,5,1620643
9712434,5,1620643
9713647,4,1620643
9714859,5,1620643
9716071,3,1620643
9717284,4,1620643
9718496,7,1620643
9719708,9,1620643
9720920,6,1622596
9722133,3,1622596
9723345,2,1622596
9724557,5,1622596
9725770,3,1622596
9726982,2,1622596
9728195,5,1622596
9729407,4,1622596
9730619,5,1622596
9731831,5,1622750
9733043,4,1622750
9734256,5,1622750
9735468,4,1622750
9736681,5,1622750
9737893,3,1622750
9739106,1,1622750
9740317,4,1622750
9741530,6,1622750
9742742,6,1622339
9743955,4,1622339
9745167,4,1622339
9746379,5,1622339
9747591,5,1622339
9748804,3,1622339
9750016,5,1622339
9751229,6,1622339
9752442,1,1622339
9753654,3,1622340
9754867,7,1622596
9756078,5,1622596
9757291,5,1622596
9758503,5,1622596
9759716,5,1622596
9760928,3,1622596
9762141,8,1622596
9763352,5,1622596
9764565,8,1622696
9765777,6,1621928
9774263,-3,1621928
9775476,4,1621928
9776688,4,1621928
9777900,8,1621928
9779113,5,1621928
9780325,7,1621928
9781537,8,1621928
9782750,10,1621928
9783962,9,1621928
9785175,7,1621928
9786387,3,1621928
9787599,4,1621928
9788811,5,1621928
9790024,5,1621928
9791236,8,1621928
9792448,9,1621928
9793660,7,1621928
9794874,5,1621928
9796086,4,1621928
9797298,8,1626245
9798510,6,1626245
9799723,7,1626245
9800935,7,1626245
9802147,7,1626245
9803359,8,1626245
9804572,5,1626245
9805784,5,1626245
9806997,6,1626245
9808209,7,1623778
9809421,3,1623778
9810633,3,1623778
9811846,7,1623778
9813058,11,1623778
9814270,6,1623778
9815482,4,1623778
9816695,4,1623778
9817907,7,1623778
9819119,4,1621003
9820331,5,1621003
9821544,6,1621003
9822756,7,1621003
9823969,8,1621003
9825181,6,1621003
9826393,6,1621003
9827606,9,1621003
9828817,8,1621003
9830030,7,1623316
9831242,4,1623316
9832454,7,1623316
9833667,6,1623316
9834879,6,1623316
9836091,4,1623316
9837303,7,1623316
9838516,5,1623316
9839728,5,1623316
9840941,4,1621003
9842153,5,1621003
9843365,6,1621003
9844577,5,1621003
9845790,6,1621003
9847002,5,1621003
9848215,9,1621003
9849427,8,1621003
9850639,8,1621003
9857913,5,1621003
9859125,8,1621003
9860338,7,1621003
9861549,7,1621003
9862762,7,1625680
9863974,5,1625680
9865187,4,1625680
9866399,5,1625680
9867611,7,1625680
9868824,6,1625680
9870036,8,1625680
9871247,6,1625680
9872460,5,1625680
9873672,4,1623881
9874885,3,1623881
9876097,6,1623881
9877309,5,1623881
9878522,8,1623881
9879734,4,1623881
9880946,7,1623881
9882158,8,1623881
9883370,9,1623881
9884583,9,1622648
9885796,2,1620078
9887008,2,1620078
9888220,4,1620078
9889432,2,1620078
9890645,3,1620078
9891857,5,1620078
9893069,5,1620078
9894281,3,1620078
9895494,3,1620078
9896706,4,1626553
9897918,4,1626553
9899130,4,1626553
9900342,4,1626553
9901555,5,1626553
9902768,4,1626553
9903981,5,1626553
9905192,6,1626553
9906405,3,1626553
9907617,2,1619872
9908829,5,1619872
9910042,5,1619872
9911255,4,1619872
9912467,3,1619872
9913679,3,1619872
9914892,4,1619872
9916104,3,1619872
9917316,5,1619872
9918529,5,1632258
9919741,1,1632258
9920953,2,1632258
9922166,4,1632258
9923379,3,1632258
9924590,5,1632258
9925803,7,1632258
9927015,6,1632258
9928228,4,1632258
9929440,4,1622134
9930652,3,1622134
9931865,6,1622134
9933077,3,1622134
9934289,4,1622134
9941565,15,1622134
9942776,7,1622134
9943988,6,1622134
9945201,5,1622134
9946413,5,1622134
9947625,7,1622134
9948838,8,1622134
9950051,8,1622339
9951263,4,1622386
9952475,4,1621106
9953687,5,1621106
9954900,1,1621106
9956113,4,1621106
9957325,3,1621106
9958537,4,1621106
9959749,7,1621106
9960962,3,1621106
9962174,2,1621106
9963387,6,1621106
9964599,8,1621106
9965811,5,1621106
9967024,6,1621106
9968236,6,1621106
9969448,4,1621106
9970661,8,1621106
9971874,7,1621106
9973086,5,1621106
9974298,4,1621106
9975510,7,1621106
9976723,7,1621106
9977935,5,1621106
9979148,5,1621106
9980360,8,1621106
9981572,8,1621106
9982785,2,1621106
9983997,4,1621363
9985209,4,1621363
9986423,3,1621363
9987635,4,1621363
9988847,5,1621363
9990059,8,1621363
9991272,11,1621363
9992484,7,1621363
9993696,9,1621363
9994908,7,1621311
9996121,3,1621311
9997333,3,1621311
9998546,7,1621311
9999758,11,1621311
10000970,8,1621311
10002183,8,1621311
10003396,4,1621311
10004608,5,1621311
10005820,5,1624035
10007032,5,1624035
10008245,6,1624035
10009457,7,1624035
10010669,9,1624035
10011882,8,1624035
10013095,6,1624035
10014306,7,1624035
10015519,10,1624035
10016731,5,1622699
10017944,8,1622699
10026431,3,1622699
10027644,5,1527574
10028856,4,1527574
10030068,8,1527574
10031280,8,1527574
10032493,11,1527574
10033706,7,1527574
10034918,7,1527574
10036130,7,1527574
10037342,8,1527574
10038555,4,1583899
10039768,5,1583899
10040980,6,1583899
10042193,5,1583899
10043405,4,1583899
10044617,6,1583899
10045830,7,1583899
10047042,5,1583899
10048255,7,1583899
10049467,8,1605380
10050679,3,1605380
10051892,5,1605380
10053104,6,1605380
10054316,6,1605380
10055529,7,1605380
10056741,6,1605380
10057953,7,1605380
10059166,7,1605380
10060379,4,1578502
10061591,4,1578502
10062803,8,1578502
10064016,10,1578502
10065228,8,1578502
10066440,5,1578502
10067654,7,1578502
10068866,6,1578502
10070078,6,1578502
10071290,7,1579530
10072503,4,1580867
10073715,2,1580867
10074928,4,1580867
10076140,4,1580867
10077352,5,1580867
10078564,5,1580867
10079777,2,1580867
10080989,3,1580867
10082202,3,1580867
10083414,4,1578451
10084626,3,1578451
10085839,4,1578451
10087051,4,1578451
10088264,2,1578451
10089476,4,1578451
10090689,4,1578451
10091902,4,1578451
10093113,5,1578451
10094327,5,1578657
10095538,4,1578657
10096751,7,1578657
10097963,5,1578657
10099175,4,1578657
10100388,4,1578657
10101600,3,1578657
10102813,5,1578657
10111299,5,1578657
10112512,7,1578657
10113724,9,1578657
10114937,7,1578297
10116149,4,1634120
10117361,5,1568584
10118574,5,1568584
10119787,3,1568584
10120999,3,1568584
10122211,4,1568584
10123424,3,1568584
10124636,5,1568584
10125848,5,1568584
10127061,7,1568682
10128274,3,1553578
10129485,3,1553578
10130698,6,1553578
10131911,3,1553578
10133124,4,1553578
10134335,5,1553578
10135548,5,1553578
10136760,8,1553578
10137973,4,1553594
10139185,3,1544122
10140397,4,1544122
10141609,3,1544122
10142821,5,1544122
10144034,2,1544122
10145247,4,1544122
10146459,4,1544122
10147671,4,1544122
10148884,4,1544122
10150096,5,1544122
10151308,7,1544122
10152520,4,1544122
10153733,6,1544122
10154945,5,1544122
10156157,8,1544122
10157370,7,1544122
10158583,5,1544995
10159795,3,1544995
10161008,4,1544995
10162220,7,1544995
10163432,5,1544995
10164644,8,1544995
10165857,11,1544995
10167070,7,1544995
10168281,4,1544995
10169494,7,1544995
10170707,8,1538983
10171919,5,1538983
10173131,6,1538983
10174344,5,1538983
10175556,3,1538983
10176769,7,1538983
10177980,9,1538983
10179193,8,1538983
10180406,5,1538983
10181618,5,1533021
10182831,4,1533021
10184043,7,1533021
10185255,10,1533021
10186468,8,1533021
10187679,7,1533021
10194954,2,1533021
10196166,7,1533021
10197378,7,1533021
10198591,7,1533021
10199803,5,1533021
10201016,5,1533021
10202227,5,1533021
10203440,7,1515600
10204652,4,1515600
10205865,6,1515600
10207078,5,1515600
10208289,7,1515600
10209502,6,1515600
10210715,6,1515600
10211927,5,1515600
10213139,6,1515600
10214351,5,1516062
10215564,6,1516062
10216776,4,1516062
10217989,5,1516062
10219202,6,1516062
10220414,7,1516062
10221626,11,1516062
10222838,7,1516062
10224051,8,1516062
10225263,5,1513493
10226476,5,1513493
10227688,8,1513493
10228900,7,1513493
10230113,9,1513493
10231325,6,1513493
10232537,8,1513493
10233750,8,1513493
10234962,7,1513493
10236175,9,1513955
10237387,5,1513955
10238599,6,1513955
10239812,6,1513955
10241024,9,1513955
10242236,7,1513955
10243448,7,1513955
10244661,9,1513955
10245874,5,1513955
10247086,4,1510306
10248298,2,1510306
10249510,5,1510306
10250723,9,1510306
10251935,7,1510306
10253148,7,1510306
10254360,8,1510306
10255572,6,1510306
10256784,4,1510306
10257997,6,1516114
10259209,3,1510204
10260421,2,1510204
10261634,2,1510204
10262846,4,1510204
10264058,7,1510204
10265271,3,1510204
10266483,5,1510204
10267695,5,1510204
10268908,3,1510204
10270120,-1,1511540
10271332,7,1511540
10278606,4,1511540
10279819,14,1511540
10281031,9,1513647
10282243,2,1513647
10283457,3,1513647
10284668,3,1513647
10285880,4,1513647
10287093,4,1513647
10288305,4,1513647
10289518,6,1513647
10290730,4,1513647
10291943,4,1511643
10293155,4,1511643
10294368,4,1511643
10295580,5,1511643
10296793,4,1511643
10298004,5,1511643
10299217,5,1511643
10300429,4,1511643
10301641,6,1511643
10302855,3,1516679
10304066,5,1516679
10305279,3,1516679
10306491,3,1516679
10307704,3,1516679
10308916,4,1516679
10310128,7,1516679
10311340,1,1516679
10312553,6,1516679
10313765,5,1516763
10314978,4,1511643
10316190,5,1511643
10317402,3,1511643
10318614,5,1511643
10319827,2,1511643
10321039,4,1511643
10322252,4,1511643
10323464,5,1511643
10324677,5,1511495
10325889,3,1513287
10327101,5,1513287
10328313,6,1513287
10329526,5,1513287
10330739,4,1513287
10331950,3,1513287
10333163,4,1513287
10334375,5,1513287
10335587,4,1513287
10336800,4,1513287
10338013,6,1513287
10339224,8,1513287
10340437,7,1513287
10341649,4,1513287
10342862,5,1513287
10344074,5,1513287
10345286,4,1511899
10346499,3,1511899
10347711,2,1511899
10348923,6,1511899
10350135,7,1511899
10351348,8,1511899
10352560,4,1511899
10353773,6,1511899
10354984,8,1511899
10363471,8,1511899
10364684,5,1511899
10365896,7,1511899
10367108,4,1511899
10368320,5,1516473
10369533,3,1516473
10370745,6,1516473
10371958,7,1516473
10373171,9,1516473
10374383,8,1516473
10375595,6,1516473
10376808,4,1516473
10378020,6,1516473
10379232,5,1513544
10380444,2,1513544
10381657,4,1513544
10382870,6,1513544
10384082,6,1513544
10385295,5,1513544
10386507,7,1513544
10387719,8,1513544
10388931,6,1513544
10390143,7,1513852
10391356,5,1513852
10392568,6,1513852
10393780,7,1513852
10394993,9,1513852
10396206,7,1513852
10397418,6,1513852
10398630,6,1513852
10399843,7,1513852
10401055,10,1514366
10402267,6,1514366
10403480,7,1514366
10404692,7,1514366
10405904,9,1514366
10407116,5,1514366
10408329,7,1514366
10409542,6,1514366
10410754,9,1514366
10411966,5,1513081
10413179,4,1513081
10414391,6,1513081
10415604,7,1513081
10416815,6,1513081
10418028,5,1513081
10419240,6,1513081
10420452,4,1513081
10421665,7,1513081
10422877,7,1514520
10424089,5,1514520
10425302,10,1514520
10426515,6,1514520
10427727,7,1514520
10428939,5,1514520
10430151,6,1514520
10431364,8,1514520
10432576,6,1514520
10433788,4,1512670
10435001,4,1512670
10436214,9,1512670
10437426,7,1512670
10438638,9,1512670
10439850,5,1512670
10447124,1,1512670
10448336,5,1512670
10449549,5,1512670
10450762,7,1512670
10451974,8,1512670
10453186,9,1512670
10454399,3,1512670
10455611,8,1515651
10456822,3,1513081
10458035,4,1513081
10459247,5,1513081
10460460,3,1513081
10461672,5,1513081
10462884,5,1513081
10464096,3,1513081
10465309,4,1513081
10466521,4,1513081
10467734,5,1515343
10468946,2,1515343
10470159,4,1515343
10471371,5,1515343
10472583,3,1515343
10473795,3,1515343
10475008,3,1515343
10476220,5,1515343
10477432,5,1515343
10478645,4,1514932
10479857,3,1514932
10481069,4,1514932
10482281,7,1514932
10483494,4,1514932
10484706,3,1514932
10485918,3,1514932
10487131,4,1514932
10488343,5,1514932
10489556,7,1513338
10490768,3,1513338
10491980,3,1513338
10493192,3,1513338
10494406,3,1513338
10495617,5,1513338
10496830,3,1513338
10498042,3,1513338
10499254,2,1513338
10500467,3,1513443
10501679,3,1513955
10502892,5,1513955
10504104,4,1513955
10505316,5,1513955
10506529,4,1513955
10507741,4,1513955
10508953,4,1513955
10510166,5,1513955
10511378,6,1513761
10512590,4,1516833
10513803,4,1516833
10515015,4,1516833
10516228,5,1516833
10517440,4,1516833
10518652,2,1516833
10519865,6,1516833
10521077,4,1516833
10522289,5,1516833
10523502,5,1516833
10531989,8,1511026
10533201,3,1511026
10534413,3,1511026
10535625,4,1511026
10536838,6,1511026
10538050,9,1511026
10539263,5,1511026
10540475,10,1511026
10541687,3,1511026
10542899,5,1511026
10544112,4,1514264
10545324,7,1514264
10546536,4,1514264
10547750,6,1514264
10548961,8,1514264
10550173,7,1514264
10551386,6,1514264
10552599,8,1514264
10553811,2,1514264
10555024,6,1513338
10556236,4,1513338
10557448,6,1513338
10558660,7,1513338
10559873,3,1513338
10561086,7,1513338
10562297,4,1513338
10563510,6,1513338
10564723,8,1513338
10565935,10,1513081
10567147,4,1513081
10568360,8,1513081
10569572,5,1513081
10570784,7,1513081
10571997,8,1513081
10573209,7,1513081
10574421,8,1513081
10575633,8,1513081
10576846,6,1516216
10578058,10,1516216
10579271,8,1516216
10580483,5,1516216
10581696,7,1516216
10582908,8,1516216
10584120,4,1516216
10585333,10,1516216
10586545,6,1516216
10587758,7,1514264
10588970,5,1514264
10590183,6,1514264
10591395,6,1514264
10592607,5,1514264
10593820,7,1514264
10595032,7,1514264
10596245,11,1514264
10597457,7,1514264
10598669,8,1515291
10599882,3,1515291
10601094,4,1515291
10602307,6,1515291
10603520,8,1515291
10604732,9,1515291
10605944,7,1515291
10607157,9,1515291
10608369,8,1515291
10615644,2,1515291
10616856,4,1515291
10618069,10,1515291
10619281,5,1515291
10620493,6,1515908
10621705,5,1515908
10622918,7,1515908
10624131,6,1515908
10625343,5,1515908
10626555,5,1515908
10627768,8,1515908
10628980,7,1515908
10630193,7,1515908
10631405,6,1511437
10632617,3,1511899
10633830,5,1511899
10635042,7,1511899
10636255,4,1511899
10637467,5,1511899
10638680,5,1511899
10639892,4,1511899
10641104,4,1511899
10642317,5,1511899
10643529,5,1518786
10644742,6,1518786
10645954,4,1518786
10647166,6,1518786
10648379,4,1518786
10649591,6,1518786
10650804,2,1518786
10652016,5,1518786
10653229,3,1518786
10654442,3,1504859
10655653,4,1504859
10656866,7,1504859
10658078,5,1504859
10659291,6,1504859
10660503,5,1504859
10661716,4,1504859
10662928,2,1504859
10664140,4,1504859
10665354,5,1445798
10666565,5,1511334
10667778,3,1511334
10668990,5,1511334
10670203,5,1511334
10671416,3,1511334
10672627,4,1511334
10673840,5,1511334
10675053,6,1511334
10676265,4,1508610
10677478,4,1508610
10678689,5,1508610
10679902,5,1508610
10681114,3,1508610
10682327,5,1508610
10683539,4,1508610
10684752,2,1508610
10685964,6,1508610
10687176,4,1508753
10688389,3,1519505
10689601,6,1519505
10690814,3,1519505
10692026,8,1519505
10700513,6,1519505
10701726,5,1519505
10702938,10,1519505
10704151,4,1519505
10705363,6,1519505
10706576,7,1519505
10707788,4,1513338
10709000,5,1513338
10710213,6,1513338
10711425,7,1513338
10712637,6,1513338
10713850,5,1513338
10715062,9,1513338
10716275,3,1513338
10717488,7,1513338
10718700,6,1515343
10719913,4,1515343
10721124,1,1515343
10722337,7,1515343
10723549,6,1515343
10724762,7,1515343
10725974,8,1515343
10727186,6,1515343
10728399,8,1515343
10729611,8,1515343
10730823,9,1511848
10732036,5,1511848
10733248,6,1511848
10734460,5,1511848
10735673,8,1511848
10736885,7,1511848
10738098,5,1511848
10739310,10,1511848
10740523,5,1511848
10741735,5,1516319
10742947,5,1516319
10744160,6,1516319
10745372,4,1516319
10746584,5,1516319
10747798,7,1516319
10749009,5,1516319
10750221,7,1516319
10751434,5,1516319
10752647,8,1514880
10753859,7,1514880
10755071,10,1514880
10756284,5,1514880
10757496,3,1514880
10758710,6,1514880
10759922,7,1514880
10761133,7,1514880
10762346,6,1514880
10763559,8,1514366
10764771,3,1514366
10765983,6,1514366
10767196,7,1514366
10768409,8,1514366
10769620,7,1514366
10770833,6,1514366
10772046,13,1514366
10773258,10,1514366
10774470,9,1518477
10775682,6,1518477
10776895,8,1518477
10784170,8,1518477
10785382,5,1513133
10786595,3,1513133
10787807,4,1513133
10789020,6,1513133
10790232,5,1513133
10791444,8,1513133
10792656,9,1513133
10793869,7,1513133
10795082,3,1513133
10796294,5,1515754
10797506,5,1515754
10798719,3,1515754
10799931,6,1515754
10801143,7,1515754
10802356,9,1515754
10803568,8,1515754
10804781,9,1515754
10805994,5,1515754
10807206,3,1512722
10808418,2,1512722
10809631,4,1512722
10810843,9,1512722
10812056,9,1512722
10813268,6,1512722
10814480,10,1512722
10815693,4,1512722
10816905,3,1512722
10818117,4,1516268
10819330,3,1513647
10820542,5,1513647
10821755,6,1513647
10822968,4,1513647
10824180,4,1513647
10825393,4,1513647
10826605,5,1513647
10827817,3,1513647
10829030,3,1513647
10830243,3,1515034
10831455,1,1515034
10832667,6,1515034
10833880,2,1515034
10835092,4,1515034
10836305,4,1515034
10837517,7,1515034
10838729,6,1515034
10839942,6,1515034
10841155,3,1512516
10842367,3,1512516
10843580,3,1512516
10844791,4,1512516
10846005,5,1512516
10847217,4,1512516
10848430,4,1512516
10849642,4,1512516
10850854,1,1512516
10852066,5,1515651
10853279,5,1515651
10854491,4,1515651
10855703,6,1515651
10856916,5,1515651
10858128,2,1515651
10859341,4,1515651
10860553,7,1515651
10869040,10,1515651
10870252,8,1515651
10871465,6,1515651
10872677,5,1512516
10873890,4,1512533
10875102,2,1517141
10876315,5,1517141
10877526,4,1517141
10878739,6,1517141
10879951,2,1517141
10881163,5,1517141
10882376,5,1517141
10883588,5,1517141
10884800,2,1517299
10886013,5,1518323
10887225,5,1518323
10888437,5,1518323
10889650,5,1518323
10890862,7,1518323
10892074,4,1518323
10893287,3,1518323
10894499,5,1518323
10895711,5,1518323
10896924,5,1518323
10898136,5,1518323
10899348,4,1518323
10900561,8,1518323
10901773,3,1518323
10902985,6,1518323
10904197,6,1518323
10905410,6,1516062
10906622,5,1516062
10907834,3,1516062
10909048,6,1516062
10910259,8,1516062
10911472,9,1516062
10912684,6,1516062
10913897,4,1516062
10915108,6,1516062
10916321,9,1516062
10917534,7,1510615
10918746,5,1510615
10919958,6,1510615
10921170,6,1510615
10922383,6,1510615
10923596,7,1510615
10924807,9,1510615
10926020,6,1510615
10927232,9,1510615
10928444,5,1515497
10929657,4,1515497
10930869,6,1515497
10932082,6,1515497
10933294,6,1515497
10934507,7,1515497
10935719,6,1515497
10936931,8,1515497
10938144,6,1515497
10939356,8,1514469
10940569,5,1514469
10941781,3,1514469
10942994,5,1514469
10944206,5,1514469
10945418,6,1514469
10952693,9,1514469
10953905,5,1514469
10955118,9,1514469
10956330,6,1514469
10957542,9,1514469
10958754,9,1514469
10959966,8,1514469
10961178,9,1515600
10962391,3,1515600
10963603,4,1515600
10964815,6,1515600
10966028,6,1515600
10967240,7,1515600
10968453,5,1515600
10969665,6,1515600
10970877,5,1515600
10972089,5,1513904
10973302,3,1513904
10974515,2,1513904
10975727,8,1513904
10976939,8,1513904
10978151,5,1513904
10979363,7,1513904
10980576,8,1513904
10981788,7,1513904
10983001,4,1514623
10984213,3,1514623
10985425,4,1514623
10986637,7,1514623
10987850,7,1514623
10989063,8,1514623
10990275,8,1514623
10991487,6,1514623
10992700,7,1514623
10993912,6,1516370
10995124,4,1516370
10996336,9,1516370
10997549,8,1516370
10998762,9,1516370
10999974,6,1516370
11001187,7,1516370
11002399,5,1516370
11003611,8,1516370
11004823,9,1514366
11006036,5,1512773
11007248,2,1512773
11008460,4,1512773
11009672,4,1512773
11010885,5,1512773
11012097,4,1512773
11013310,3,1512773
11014522,3,1512773
11015735,5,1512773
11016947,6,1507737
11018160,4,1507737
11019372,3,1507737
11020584,3,1507737
11021796,2,1507737
11023009,3,1507737
11024221,4,1507737
11025435,4,1507737
11026646,4,1507737
11027859,5,1507737
11029071,4,1507737
11037558,5,1507737
11038771,4,1514058
11039983,5,1514058
11041195,5,1514058
11042408,5,1514058
11043620,5,1514058
11044833,2,1514058
11046045,5,1514058
11047258,5,1514058
11048469,5,1514058
11049683,4,1517296
11050894,5,1517296
11052107,3,1517296
11053319,4,1517296
11054532,7,1517296
11055745,5,1517296
11056956,2,1517296
11058170,5,1517296
11059381,5,1517296
11060594,6,1517229
11061806,6,1513133
11063019,7,1513133
11064231,3,1513133
11065444,4,1513133
11066657,5,1513133
11067869,4,1513133
11069081,4,1513133
11070293,3,1513133
11071506,3,1512989
11072718,3,1515805
11073931,4,1515805
11075143,3,1515805
11076356,2,1515805
11077568,3,1515805
11078780,2,1515805
11079993,4,1515805
11081205,5,1515805
11082418,4,1515805
11083630,4,1515805
11084843,6,1515805
11086055,7,1515805
11087267,5,1515805
11088479,3,1515805
11089692,5,1515805
11090904,7,1515805
11092116,5,1514932
11093329,5,1514932
11094541,5,1514932
11095754,11,1514932
11096966,10,1514932
11098179,6,1514932
11099391,6,1514932
11100604,6,1514932
11101816,7,1514932
11103029,8,1514932
11104240,7,1516370
11105453,4,1516370
11106665,7,1516370
11107877,6,1516370
11109091,4,1516370
11110303,8,1516370
11111515,9,1516370
11112727,7,1516370
11113939,6,1516370
11122427,3,1516370
11123640,5,1516370
11124852,8,1516370
11126065,10,1513647
11127276,5,1513647
11128489,6,1513647
11129702,5,1513647
11130914,7,1513647
11132126,5,1513647
11133339,7,1513647
11134551,5,1513647
11135764,11,1513647
11136976,7,1513544
11138188,5,1513544
11139401,5,1513544
11140614,5,1513544
11141825,5,1513544
11143039,6,1513544
11144251,9,1513544
11145463,4,1513544
11146675,6,1513544
11147888,7,1511694
11149100,4,1511694
11150312,6,1511694
11151525,5,1511694
11152737,6,1511694
11153950,8,1511694
11155162,8,1511694
11156374,8,1511694
11157587,7,1511694
11158799,5,1516833
11160012,5,1516833
11161224,8,1516833
11162436,7,1516833
11163650,3,1516833
11164861,9,1516833
11166074,6,1516833
11167286,6,1516833
11168499,7,1516833
11169711,8,1511180
11170923,3,1511180
11172136,4,1511180
11173348,8,1511180
11174560,5,1511180
11175773,7,1511180
11176986,6,1511180
11178198,5,1511180
11179410,7,1511180
11180623,6,1515600
11181835,3,1515600
11183048,8,1515600
11184260,7,1515600
11185472,8,1515600
11186684,7,1515600
11187897,6,1515600
11189109,6,1515600
11190321,9,1515600
11191534,6,1513390
11192747,4,1514109
11193958,5,1514109
11195172,4,1514109
11196383,2,1514109
11197596,5,1514109
11198808,3,1514109
11207296,5,1514109
11208508,9,1514109
11209720,5,1514109
11210933,8,1514109
11212146,10,1514109
11213357,7,1513852
11214570,6,1513852
11215782,3,1513852
11216994,3,1513852
11218207,3,1513852
11219420,1,1513852
11220632,5,1513852
11221845,5,1513852
11223057,7,1513852
11224270,4,1513852
11225481,5,1514264
11226694,5,1514264
11227906,4,1514264
11229119,4,1514264
11230331,3,1514264
11231544,4,1514264
11232756,7,1514264
11233968,4,1514264
11235181,6,1514264
11236393,4,1514212
11237606,0,1514212
11238819,3,1514212
11240031,3,1514212
11241243,6,1514212
11242455,5,1514212
11243669,4,1514212
11244881,3,1514212
11246093,5,1514212
11247305,4,1514067
11248517,3,1516627
11249729,4,1516627
11250942,4,1516627
11252155,6,1516627
11253367,7,1516627
11254579,4,1516627
11255792,2,1516627
11257004,3,1516627
11258216,3,1516710
11259428,4,1511334
11260641,4,1511334
11261854,4,1511334
11263065,9,1511334
11264278,4,1511334
11265490,3,1511334
11266702,3,1511334
11267915,3,1511334
11269127,2,1511334
11270340,4,1511334
11271552,6,1511334
11272764,7,1511334
11273977,8,1511334
11275190,7,1511334
11276402,5,1511334
11277614,7,1511334
11278827,6,1515240
11280039,4,1515240
11281251,4,1515240
11282464,6,1515240
11283676,6,1514880
11290950,-3,1514932
11292163,9,1515188
11293375,5,1515188
11294587,3,1515188
11295799,4,1515188
11297011,3,1515188
11298224,4,1515188
11299436,4,1515188
11300649,6,1515188
11301861,7,1515188
11303073,5,1515188
11304286,5,1515188
11305499,4,1515188
11306711,7,1515188
11307923,8,1515188
11309136,7,1515188
11310348,5,1515188
11311560,6,1515188
11312773,6,1513338
11313985,3,1513338
11315197,5,1513338
11316410,7,1513338
11317622,5,1513338
11318834,7,1513338
11320047,6,1513338
11321259,6,1513338
11322472,6,1513338
11323684,4,1514418
11324896,5,1514418
11326108,7,1514418
11327321,8,1514418
11328534,8,1514418
11329745,7,1514418
11330958,5,1514418
11332171,5,1514418
11333383,6,1514418
11334595,7,1513904
11335807,4,1513904
11337020,7,1513904
11338232,8,1513904
11339445,4,1513904
11340658,5,1513904
11341869,7,1513904
11343083,5,1513904
11344295,9,1513904
11345507,8,1513390
11346719,6,1513390
11347931,8,1513390
11349144,8,1513390
11350356,8,1513390
11351568,4,1513390
11352782,4,1513390
11353993,9,1513390
11355206,5,1513390
11356419,5,1510975
11357630,3,1510975
11358843,5,1510975
11360055,8,1510975
11361268,5,1510975
11362480,9,1510975
11363692,8,1510975
11364905,8,1510975
11366117,6,1510975
11367330,5,1510975
11374604,7,1510975
11375817,6,1510975
11377029,9,1510975
11378241,8,1512208
11379454,4,1514520
11380667,6,1514520
11381879,4,1514520
11383091,5,1514520
11384303,6,1514520
11385516,6,1514520
11386728,2,1514520
11387941,1,1514520
11389153,3,1514520
11390366,6,1512413
11391577,6,1512413
11392790,2,1512413
11394002,5,1512413
11395214,4,1512413
11396426,2,1512413
11397639,4,1512413
11398852,4,1512413
11400064,8,1512413
11401276,3,1512413
11402488,4,1512413
11403701,3,1512413
11404913,4,1512413
11406126,5,1512413
11407339,5,1512413
11408550,4,1512413
11409764,4,1512413
11410975,5,1512413
11412188,5,1516730
11413401,2,1516730
11414613,3,1516730
11415825,3,1516730
11417037,3,1516730
11418250,2,1516730
11419462,4,1516730
11420675,5,1516730
11421888,5,1516730
11423100,5,1518221
11424312,4,1518221
11425524,4,1518221
11426737,5,1518221
11427949,5,1518221
11429162,6,1518221
11430375,4,1518221
11431587,4,1518221
11432800,2,1518221
11434011,4,1518097
11435225,3,1512465
11436436,6,1512465
11437649,5,1512465
11438861,7,1512465
11440073,3,1512465
11441286,6,1512465
11442498,6,1512465
11443710,5,1512465
11444923,4,1512474
11446136,3,1514778
11447348,4,1514778
11448560,7,1514778
11449773,4,1514778
11450985,9,1514778
11459472,7,1514778
11460684,6,1514778
11461897,4,1514778
11463109,8,1514778
11464321,7,1514778
11465533,5,1515394
11466745,3,1515394
11467958,5,1515394
11469170,6,1515394
11470382,7,1515394
11471595,8,1515394
11472807,8,1515394
11474020,6,1515394
11475232,6,1515394
11476444,6,1515394
11477657,8,1517090
11478869,6,1517090
11480081,8,1517090
11481293,7,1517090
11482506,5,1517090
11483719,9,1517090
11484931,8,1517090
11486143,8,1517090
11487355,7,1517090
11488568,6,1514161
11489780,3,1514161
11490992,8,1514161
11492205,6,1514161
11493417,5,1514161
11494630,7,1514161
11495842,6,1514161
11497054,8,1514161
11498266,5,1514161
11499478,7,1517501
11500691,4,1517501
11501903,8,1517501
11503116,4,1517501
11504328,6,1517501
11505540,9,1517501
11506753,9,1517501
11507965,7,1517501
11509177,7,1517501
11510390,5,1513441
11511602,5,1513441
11512815,9,1513441
11514027,8,1513441
11515239,5,1513441
11516452,9,1513441
11517664,6,1513441
11518877,7,1513441
11520089,4,1513441
11521302,5,1520122
11522514,7,1520122
11523727,7,1520122
11524938,8,1520122
11526152,5,1520122
11527363,9,1520122
11528576,9,1520122
11529788,6,1520122
11531001,5,1520122
11532213,7,1516884
11533426,3,1516884
11534638,9,1516884
11535850,5,1516884
11543125,8,1516473
11544337,4,1516473
11545550,6,1516473
11546762,8,1516473
11547974,8,1516473
11549187,5,1516473
11550399,7,1516473
11551612,4,1516473
11552824,7,1516473
11554037,4,1514726
11555248,5,1514726
11556461,9,1514726
11557673,9,1514726
11558886,6,1514726
11560098,4,1514726
11561311,9,1514726
11562523,4,1514726
11563735,3,1514726
11564947,7,1510717
11566160,3,1512927
11567372,5,1512927
11568585,4,1512927
11569797,3,1512927
11571009,6,1512927
11572222,3,1512927
11573435,4,1512927
11574647,5,1512927
11575859,4,1512927
11577071,4,1512157
11578284,3,1512157
11579496,4,1512157
11580708,5,1512157
11581921,2,1512157
11583134,4,1512157
11584345,5,1512157
11585558,8,1512157
11586771,6,1512157
11587982,4,1512157
11589195,3,1512157
11590408,4,1512157
11591620,1,1512157
11592833,3,1512157
11594044,5,1512157
11595258,3,1512157
11596470,3,1512157
11597682,4,1512157
11598894,4,1514726
11600106,4,1514726
11601319,4,1514726
11602531,3,1514726
11603743,4,1514726
11604956,3,1514726
11606169,2,1514726
11607382,3,1514726
11608593,3,1514726
11609805,0,1520636
11611018,5,1520636
11612231,2,1520636
11613443,3,1520636
11614655,4,1520636
11615868,5,1520636
11617080,6,1520636
11618292,4,1520636
11619505,5,1520636
11627992,9,1520636
11629204,10,1520636
11630416,5,1507531
11631628,5,1507452
11632841,6,1513852
11634053,6,1513852
11635266,6,1513852
11636477,7,1513852
11637690,3,1513852
11638903,5,1513852
11640115,3,1513852
11641327,6,1513852
11642540,5,1513852
11643752,6,1513852
11644964,8,1513852
11646177,3,1513852
11647390,6,1513852
11648603,7,1513852
11649814,9,1513852
11651027,10,1513852
11652239,3,1513801
11653452,3,1513801
11654664,4,1513801
11655876,4,1513801
11657090,5,1513801
11658301,5,1513801
11659514,6,1513801
11660726,9,1513801
11661938,6,1513801
11663152,7,1513801
11664363,11,1514520
11665576,4,1514520
11666788,5,1514520
11668001,5,1514520
11669213,6,1514520
11670426,5,1514520
11671639,10,1514520
11672851,7,1514520
11674063,8,1514520
11675276,6,1518323
11676488,6,1518323
11677701,6,1518323
11678914,8,1518323
11680126,7,1518323
11681338,5,1518323
11682551,9,1518323
11683763,9,1518323
11684976,6,1518323
11686189,7,1513852
11687402,2,1513852
11688613,6,1513852
11689826,5,1513852
11691039,7,1513852
11692252,4,1513852
11693464,4,1513852
11694677,7,1513852
11695890,6,1513852
11697102,3,1516679
11698315,3,1516679
11699528,5,1516679
11700740,5,1516679
11701952,5,1516679
11703165,7,1516679
11704377,10,1516679
11711652,4,1516679
11712865,6,1516679
11714077,7,1516679
11715290,4,1516679
11716502,7,1516679
11717715,7,1516679
11718927,6,1518221
11720139,4,1518221
11721352,10,1518221
11722564,6,1518221
11723777,7,1518221
11724989,7,1518221
11726202,8,1518221
11727414,8,1518221
11728626,7,1518221
11729839,8,1510975
11731051,5,1510975
11732264,5,1510975
11733476,6,1510975
11734689,6,1510975
11735901,7,1510975
11737113,7,1510975
11738326,6,1510975
11739539,7,1510975
11740751,4,1514161
11741963,3,1514161
11743176,8,1514161
11744388,6,1514161
11745601,6,1514161
11746813,6,1514161
11748026,7,1514161
11749239,6,1514161
11750451,8,1514161
11751663,6,1511129
11752876,5,1514469
11754088,4,1514469
11755300,5,1514469
11756513,3,1514469
11757726,4,1514469
11758938,6,1514469
11760151,5,1514469
11761363,6,1514469
11762575,2,1514469
11763788,4,1513801
11765000,5,1513801
11766213,4,1513801
11767425,3,1513801
11768637,4,1513801
11769851,5,1513801
11771062,9,1513801
11772275,5,1513801
11773488,5,1513801
11774700,4,1511951
11775913,5,1511951
11777125,5,1511951
11778337,2,1511951
11779550,4,1511951
11780762,7,1511951
11781975,2,1511951
11783187,5,1511951
11784400,4,1511951
11785613,3,1513338
11786825,3,1513338
11788038,4,1513338
11796525,10,1513081
11797737,3,1513081
11798950,4,1513081
11800162,5,1513081
11801375,5,1513081
11802587,4,1513081
11803800,4,1513081
11805013,3,1513081
11806225,4,1513081
11807437,3,1513085
11808650,3,1514109
11809862,4,1514109
11811075,4,1514109
11812288,4,1514109
11813500,6,1514109
11814712,6,1514109
11815924,5,1514109
11817138,4,1514109
11818350,5,1514189
11819562,6,1508045
11820775,3,1508045
11821987,4,1508045
11823200,6,1508045
11824412,1,1508045
11825625,3,1508045
11826837,2,1508045
11828050,3,1508045
11829263,3,1508045
11830475,3,1508045
11831688,3,1508045
11832900,8,1508045
11834113,6,1508045
11835325,7,1508045
11836539,8,1508045
11837751,6,1508045
11838963,7,1517501
11840176,3,1517501
11841389,4,1517501
11842602,5,1517501
11843814,6,1517501
11845027,9,1517501
11846240,8,1517501
11847452,6,1517501
11848665,8,1517501
11849878,9,1517501
11851090,7,1514829
11852302,5,1514829
11853515,5,1514829
11854728,8,1514829
11855940,8,1514829
11857153,5,1514829
11858366,10,1514829
11859579,7,1514829
11860791,5,1514829
11862004,7,1515137
11863216,6,1515137
11864428,9,1515137
11865641,7,1515137
11866854,4,1515137
11868067,10,1515137
11869279,10,1515137
11870492,5,1515137
11871704,6,1515137
11872916,7,1515137
11881404,5,1515137
11882618,5,1515137
11883830,5,1515394
11885042,2,1515394
11886256,7,1515394
11887467,8,1515394
11888680,7,1515394
11889893,6,1515394
11891106,5,1515394
11892318,5,1515394
11893531,6,1515394
11894743,7,1514932
11895956,3,1514932
11897169,8,1514932
11898381,6,1514932
11899593,7,1514932
11900806,6,1514932
11902019,8,1514932
11903232,5,1514932
11904444,6,1514932
11905656,6,1514932
11906869,5,1514932
11908082,8,1514932
11909295,7,1514932
11910507,5,1514932
11911720,4,1514932
11912932,6,1514932
11914145,7,1514932
11915357,7,1514932
11916569,9,1514264
11917782,3,1514264
11918995,4,1514264
11920207,5,1514264
11921420,6,1514264
11922631,8,1514264
11923844,9,1514264
11925057,10,1514264
11926268,6,1514264
11927481,7,1508919
11928693,1,1508919
11929906,9,1508919
11931118,7,1508919
11932330,8,1508919
11933543,6,1508919
11934755,8,1508919
11935967,8,1508919
11937180,8,1508919
11938392,8,1516884
11939604,3,1515600
11940816,2,1515600
11942029,4,1515600
11943242,3,1515600
11944454,4,1515600
11945666,7,1515600
11946878,6,1515600
11948090,4,1515600
11949303,4,1515600
11950516,5,1516936
11951728,6,1516936
11952940,6,1516936
11954152,5,1516936
11955364,6,1516936
11956577,5,1516936
11957789,14,1516936
11966275,5,1516936
11967488,6,1516936
11968700,3,1516936
11969912,5,1516936
11971125,5,1508713
11972338,4,1516114
11973549,5,1516114
11974762,7,1516114
11975974,6,1516114
11977187,5,1516114
11978399,3,1516114
11979612,4,1516114
11980824,5,1516114
11982036,5,1516114
11983248,3,1514469
11984461,3,1514469
11985673,7,1514469
11986886,5,1514469
11988098,5,1514469
11989311,4,1514469
11990522,6,1514469
11991735,3,1514469
11992947,2,1514469
11994160,4,1514464
11995372,7,1513184
11996584,3,1513184
11997797,2,1513184
11999009,4,1513184
12000222,5,1513184
12001435,3,1513184
12002646,4,1513184
12003859,6,1513184
12005071,4,1513042
12006283,5,1516370
12007496,5,1516370
12008708,4,1516370
12009920,1,1516370
12011133,4,1516370
12012345,5,1516370
12013557,7,1516370
12014770,3,1516370
12015982,6,1516370
12017195,3,1516370
12018407,4,1516370
12019620,7,1516370
12020832,6,1516370
12022044,8,1516370
12023256,8,1516370
12024469,7,1516370
12025682,9,1516370
12026894,4,1516370
12028106,4,1516370
12029318,6,1516370
12030531,5,1516370
12031743,8,1516370
12032955,8,1516370
12034168,8,1516370
12035380,5,1516370
12036592,7,1516370
12037804,6,1516319
12039017,6,1516319
12040229,6,1516319
12041441,7,1516319
12042654,7,1515446
12049928,1,1515446
12051140,14,1515446
12052353,7,1515446
12053565,8,1515446
12054778,2,1515446
12055990,5,1515446
12057202,4,1515446
12058415,4,1515446
12059628,4,1515446
12060839,6,1515446
12062052,6,1515446
12063264,6,1515446
12064477,7,1515446
12065689,7,1515446
12066902,7,1515446
12068114,6,1515446
12069326,8,1515446
12070539,7,1515548
12071751,6,1515548
12072963,5,1515548
12074176,5,1515548
12075388,7,1515548
12076600,6,1515548
12077812,8,1515548
12079025,5,1515548
12080237,7,1515548
12081449,6,1513544
12082662,5,1513544
12083874,5,1513544
12085087,4,1513544
12086299,7,1513544
12087511,9,1513544
12088724,4,1513544
12089936,5,1513544
12091148,7,1513544
12092360,8,1514623
12093573,5,1514623
12094786,6,1514623
12095998,7,1514623
12097210,6,1514623
12098423,7,1514623
12099635,4,1514623
12100847,5,1514623
12102059,10,1514623
12103272,9,1515702
12104484,5,1515702
12105696,6,1515702
12106908,4,1515702
12108121,6,1515702
12109333,8,1515702
12110546,8,1515702
12111758,8,1515702
12112970,6,1515702
12114183,7,1515394
12115395,3,1515394
12116608,5,1515394
12117820,8,1515394
12119033,9,1515394
12120245,5,1515394
12121457,5,1515394
12122669,10,1515394
12123882,9,1515394
12125094,5,1513647
12126306,11,1513647
12133580,8,1513647
12134793,3,1513647
12136005,5,1514829
12137217,6,1512311
12138431,3,1512311
12139643,4,1512311
12140855,3,1512311
12142067,4,1512311
12143280,6,1512311
12144492,3,1512311
12145704,3,1512311
12146916,4,1512311
12148129,3,1519762
12149341,2,1519762
12150554,5,1519762
12151766,4,1519762
12152979,5,1519762
12154190,3,1519762
12155403,3,1519762
12156616,3,1519762
12157828,3,1519762
12159040,6,1515343
12160253,5,1515343
12161465,5,1515343
12162677,3,1515343
12163890,1,1515343
12165102,4,1515343
12166315,3,1515343
12167527,6,1515343
12168739,4,1515343
12169951,4,1514212
12171164,5,1514212
12172376,4,1514212
12173588,4,1514212
12174801,3,1514212
12176013,6,1514212
12177225,5,1514212
12178438,4,1514212
12179650,3,1514212
12180863,5,1514103
12182075,4,1512567
12183288,5,1512567
12184500,4,1512567
12185713,3,1512567
12186925,5,1512567
12188137,5,1512567
12189350,6,1512567
12190562,5,1512567
12191775,3,1512463
12192987,5,1511951
12194199,5,1511951
12195412,5,1511951
12196624,6,1511951
12197837,3,1511951
12199049,2,1511951
12200262,2,1511951
12201474,4,1511951
12202686,3,1511951
12203898,4,1511951
12205111,4,1511951
12206324,10,1511951
12207536,5,1511951
12208748,7,1511951
12209960,6,1511951
12218447,8,1511951
12219659,5,1511951
12220871,6,1511951
12222084,4,1511951
12223296,7,1511951
12224509,11,1511951
12225721,6,1511951
12226933,6,1511951
12228146,5,1511951
12229359,6,1511951
12230571,4,1511951
12231783,8,1511951
12232995,8,1511951
12234208,6,1511951
12235421,6,1516473
12236634,2,1516473
12237845,7,1516473
12239057,11,1516473
12240270,6,1516473
12241483,7,1516473
12242695,7,1516473
12243907,7,1516473
12245120,5,1516473
12246332,6,1516987
12247545,5,1516987
12248757,8,1516987
12249969,9,1516987
12251182,7,1516987
12252394,8,1516987
12253607,6,1516987
12254818,7,1516987
12256031,7,1516987
12257243,4,1514983
12258456,4,1514983
12259668,6,1514983
12260880,9,1514983
12262093,7,1514983
12263305,9,1514983
12264517,5,1514983
12265730,7,1514983
12266943,8,1514983
12268155,8,1512311
12269367,5,1512311
12270580,6,1512311
12271792,3,1512311
12273004,5,1512311
12274217,8,1512311
12275429,8,1512311
12276642,4,1512311
12277854,6,1512311
12279066,10,1514520
12280279,6,1514520
12281491,5,1514520
12282704,7,1514520
12283916,9,1514520
12285128,5,1514520
12286340,7,1514520
12287554,5,1514520
12288765,7,1514520
12289977,6,1513801
12291190,3,1513801
12292403,5,1513801
12293615,7,1513801
12294827,6,1513801
12302101,1,1513801
12303314,4,1513801
12304527,6,1513801
12305738,5,1513801
12306951,5,1513801
12308163,4,1513801
12309376,5,1513801
12310588,4,1513801
12311800,5,1511334
12313013,1,1513081
12314224,4,1513081
12315437,5,1513081
12316650,3,1513081
12317863,9,1513081
12319075,5,1513081
12320288,2,1513081
12321500,3,1513081
12322712,5,1513081
12323924,4,1514109
12325137,6,1514109
12326349,5,1514109
12327561,8,1514109
12328774,4,1514109
12329986,3,1514109
12331198,5,1514109
12332411,5,1514109
12333623,3,1514109
12334836,2,1509690
12336048,5,1509690
12337260,6,1509690
12338472,5,1509690
12339685,3,1509690
12340898,4,1509690
12342109,4,1509690
12343322,4,1509690
12344534,4,1509690
12345747,4,1512567
12346959,5,1512567
12348171,6,1512567
12349384,3,1512567
12350596,4,1512567
12351808,3,1512567
12353021,5,1512567
12354234,4,1512567
12355445,3,1512567
12356659,3,1514469
12357871,4,1514469
12359083,5,1514469
12360295,5,1514469
12361507,5,1514469
12362720,3,1514469
12363932,2,1514469
12365145,4,1514469
12366358,6,1514469
12367569,4,1514361
12368782,2,1513081
12369994,5,1513081
12371206,4,1513081
12372419,3,1513081
12373631,4,1513081
12374844,5,1513081
12376056,10,1513081
12377269,3,1513081
12378481,10,1513081
12386968,7,1513081
12388181,8,1503831
12389393,4,1503831
12390605,3,1503831
12391818,6,1503831
12393030,7,1503831
12394242,7,1503831
12395455,7,1503831
12396667,12,1503831
12397879,7,1503831
12399092,5,1503831
12400303,3,1503831
12401515,5,1503831
12402728,5,1503831
12403940,8,1503831
12405152,8,1503831
12406365,7,1503831
12407577,9,1503831
12408790,6,1503831
12410002,8,1503831
12411215,6,1512311
12412426,4,1512311
12413638,8,1512311
12414851,7,1512311
12416064,11,1512311
12417275,8,1512311
12418488,8,1512311
12419700,4,1512311
12420912,6,1512311
12422125,3,1512002
12423337,4,1512002
12424550,8,1512002
12425762,11,1512002
12426974,3,1512002
12428186,5,1512002
12429399,4,1512002
12430611,6,1512002
12431823,8,1512002
12433036,9,1510152
12434248,6,1510152
12435460,7,1510152
12436672,8,1510152
12437885,8,1510152
12439097,3,1510152
12440310,9,1510152
12441521,7,1510152
12442734,8,1510152
12443946,6,1513595
12445158,4,1513595
12446371,10,1513595
12447583,5,1513595
12448795,4,1513595
12450008,8,1513595
12451220,7,1513595
12452432,7,1513595
12453645,5,1513595
12454857,7,1512105
12456070,3,1512105
12457282,7,1512105
12458495,4,1512105
12459707,4,1512105
12460919,7,1512105
12462131,6,1512105
12463343,9,1512105
12470617,3,1512105
12471830,6,1512105
12473043,5,1512105
12474255,9,1512105
12475467,9,1512105
12476679,9,1516114
12477892,3,1516114
12479104,3,1516114
12480316,6,1516114
12481529,5,1516114
12482741,6,1516114
12483953,7,1516114
12485166,7,1516114
12486378,10,1516114
12487590,5,1509638
12488802,-1,1509638
12490015,7,1509638
12491227,8,1509638
12492439,6,1509638
12493652,7,1509638
12494865,11,1509638
12496077,4,1509638
12497289,5,1509638
12498501,2,1514880
12499714,3,1514726
12500926,5,1514726
12502139,2,1514726
12503351,4,1514726
12504563,6,1514726
12505775,4,1514726
12506987,4,1514726
12508200,3,1514726
12509412,2,1514726
12510625,3,1511797
12511837,5,1511797
12513049,4,1511797
12514261,4,1511797
12515474,1,1511797
12516687,2,1511797
12517899,6,1511797
12519111,3,1511797
12520323,2,1511797
12521535,3,1511488
12522748,3,1511488
12523960,4,1511488
12525172,4,1511488
12526385,2,1511488
12527597,2,1511488
12528810,2,1511488
12530022,5,1511488
12531234,4,1511488
12532447,6,1513441
12533659,5,1513441
12534871,5,1513441
12536083,0,1513441
12537296,6,1513441
12538509,4,1513441
12539720,5,1513441
12540933,4,1513441
12542145,1,1513441
12543357,3,1512825
12544569,2,1512825
12545782,3,1512825
12546994,11,1512718
12555480,11,1511694
12556692,5,1511694
12557905,3,1511694
12559117,5,1511694
12560329,5,1511694
12561542,4,1511694
12562754,9,1511694
12563966,6,1511694
12565179,4,1511693
12566391,4,1511437
12567604,3,1511437
12568816,3,1511437
12570028,4,1511437
12571240,2,1511437
12572453,5,1511437
12573666,5,1511437
12574878,5,1511437
12576090,4,1511437
12577303,5,1511437
12578515,5,1511437
12579727,6,1511437
12580939,5,1511437
12582152,5,1511437
12583364,7,1511437
12584576,6,1511437
12585788,5,1512619
12587001,2,1512619
12588213,4,1512619
12589425,7,1512619
12590638,8,1512619
12591850,9,1512619
12593063,10,1512619
12594275,7,1512619
12595487,6,1512619
12596699,5,1512619
12597912,6,1513133
12599124,4,1513133
12600336,6,1513133
12601548,5,1513133
12602761,9,1513133
12603974,6,1513133
12605186,6,1513133
12606398,7,1513133
12607611,7,1513133
12608822,5,1512362
12610035,4,1512362
12611247,7,1512362
12612460,7,1512362
12613672,9,1512362
12614884,8,1512362
12616097,2,1512362
12617308,6,1512362
12618521,8,1512362
12619733,8,1514829
12620945,6,1514829
12622158,6,1514829
12623370,7,1514829
12624583,5,1514829
12625796,6,1514829
12627007,9,1514829
12628220,6,1514829
12629432,5,1514829
12630644,4,1509741
12631857,4,1509741
12640343,7,1509741
12641555,6,1513287
12642768,4,1513287
12643980,6,1513287
12645193,7,1513287
12646404,7,1513287
12647617,7,1513287
12648829,7,1513287
12650042,6,1513287
12651254,5,1513287
12652466,5,1513338
12653678,4,1513338
12654891,7,1513338
12656103,6,1513338
12657316,9,1513338
12658528,4,1513338
12659740,8,1513338
12660953,6,1513338
12662166,7,1513338
12663377,5,1512773
12664589,3,1512773
12665802,6,1512773
12667014,7,1512773
12668226,7,1512773
12669439,5,1512773
12670652,7,1512773
12671863,10,1512773
12673076,5,1512773
12674288,7,1514264
12675500,4,1514264
12676712,7,1514264
12677925,6,1514264
12679137,3,1514264
12680349,6,1514264
12681561,8,1514264
12682774,4,1514264
12683986,4,1514264
12685198,6,1516011
12686411,3,1512979
12687623,4,1512979
12688836,3,1512979
12690048,3,1512979
12691260,4,1512979
12692472,6,1512979
12693685,4,1512979
12694896,4,1512979
12696109,3,1512979
12697321,5,1507942
12698534,6,1507942
12699746,5,1507942
12700958,4,1507942
12702171,2,1507942
12703382,4,1507942
12704595,4,1507942
12705807,3,1507942
12707020,3,1507942
12708232,5,1507942
12709444,4,1507942
12710657,5,1507942
12711869,6,1507942
12713081,4,1507942
12714293,3,1507942
12715506,3,1507942
12716718,6,1507942
12725204,3,1507942
12726416,5,1507942
12727628,9,1507942
12728840,11,1509330
12730053,6,1512311
12731266,5,1512311
12732477,7,1512311
12733690,6,1512311
12734902,5,1512311
12736114,4,1512311
12737327,4,1512311
12738539,4,1512311
12739751,4,1512311
12740964,5,1512226
12742175,5,1517090
12743388,3,1517090
12744600,1,1517090
12745812,2,1517090
12747025,4,1517090
12748237,5,1517090
12749449,4,1517090
12750662,3,1517090
12751874,3,1517067
12753086,5,1510923
12754298,7,1510923
12755511,3,1510923
12756723,3,1510923
12757936,2,1510923
12759148,4,1510923
12760360,4,1510923
12761572,6,1510923
12762785,5,1510923
12763998,4,1510923
12765210,8,1510923
12766422,4,1510923
12767634,6,1510923
12768846,8,1510923
12770059,9,1510923
12771271,8,1510923
12772483,7,1520122
12773696,3,1520122
12774908,5,1520122
12776120,5,1520122
12777332,9,1520122
12778546,8,1520122
12779757,8,1520122
12780970,8,1520122
12782182,9,1520122
12783395,7,1520122
12784607,7,1513647
12785819,3,1513647
12787032,6,1513647
12788243,6,1513647
12789455,7,1513647
12790668,8,1513647
12791881,8,1513647
12793093,6,1513647
12794305,6,1513647
12795517,5,1516114
12796729,3,1516114
12797942,9,1516114
12799154,6,1516114
12800366,8,1516114
12801578,3,1516114
12808852,9,1516114
12810065,11,1516114
12811276,7,1516114
12812489,7,1516114
12813702,5,1516114
12814914,7,1516114
12816126,4,1516114
12817338,7,1513852
12818550,3,1513852
12819763,7,1513852
12820975,7,1513852
12822188,7,1513852
12823400,6,1513852
12824612,6,1513852
12825825,8,1513852
12827037,9,1513852
12828249,6,1513287
12829461,4,1513287
12830673,5,1513287
12831886,6,1513287
12833099,6,1513287
12834310,9,1513287
12835523,7,1513287
12836735,6,1513287
12837947,4,1513287
12839159,6,1513698
12840372,4,1513698
12841584,6,1513698
12842796,4,1513698
12844009,6,1513698
12845222,7,1513698
12846433,5,1513698
12847645,5,1513698
12848858,7,1513698
12850070,7,1513647
12851283,0,1513647
12852495,4,1513647
12853707,7,1513647
12854919,7,1513647
12856132,7,1513647
12857344,6,1513647
12858556,4,1513647
12859768,6,1513647
12860982,7,1511848
12862194,3,1511848
12863406,6,1511848
12864618,7,1511848
12865830,7,1511848
12867043,6,1511848
12868256,6,1511848
12869468,6,1511848
12870680,8,1511848
12871892,7,1511180
12873105,3,1512619
12874317,5,1512619
12875529,3,1512619
12876742,4,1512619
12877954,5,1512619
12879167,5,1512619
12880379,3,1512619
12881591,5,1512619
12882804,0,1512619
12884016,5,1512567
12885228,7,1512567
12892506,5,1512567
12893716,6,1512567
12894929,15,1500182
12896141,11,1500182
12897353,5,1500182
12898567,4,1500182
12899778,4,1500182
12900991,5,1500182
12902203,3,1500182
12903416,2,1500182
12904629,4,1500182
12905841,5,1499463
12907053,7,1499463
12908266,0,1499463
12909479,-1,1499463
12910691,3,1499463
12911904,4,1499463
12913116,4,1499463
12914328,5,1499463
12915541,4,1499463
12916754,7,1495300
12917966,5,1495300
12919179,4,1495300
12920391,4,1495300
12921603,6,1495300
12922816,2,1495300
12924028,3,1495300
12925242,2,1495300
12926453,5,1495300
12927666,5,1495363
12928879,5,1498435
12930091,4,1498435
12931304,5,1498435
12932516,5,1498435
12933728,4,1498435
12934942,4,1498435
12936153,4,1498435
12937367,5,1498435
12938578,2,1498434
12939791,2,1498178
12941004,3,1498178
12942216,7,1498178
12943429,5,1498178
12944641,5,1498178
12945853,5,1498178
12947066,7,1498178
12948279,3,1498178
12949491,3,1498178
12950703,5,1498178
12951917,3,1498178
12953128,6,1498178
12954342,5,1498178
12955554,5,1498178
12956767,8,1498178
12957979,7,1498178
12959192,7,1499771
12960404,3,1499771
12961617,2,1499771
12962829,7,1499771
12964042,8,1499771
12965254,9,1499771
12966466,7,1499771
12967679,6,1499771
12968891,3,1499771
12976166,7,1499771
12977378,6,1499771
12978591,10,1499771
12979803,5,1499771
12981016,5,1499771
12982228,4,1496482
12983441,4,1496482
12984654,8,1496482
12985866,6,1496482
12987079,4,1496482
12988291,7,1496482
12989503,4,1496482
12990716,6,1496482
12991929,5,1496482
12993141,6,1499823
12994353,5,1499823
12995566,4,1499823
12996778,5,1499823
12997990,7,1499823
12999204,5,1499823
13000416,5,1499823
13001628,5,1499823
13002841,6,1499823
13004053,9,1495198
13005266,5,1495198
13006478,7,1495198
13007691,9,1495198
13008903,8,1495198
13010116,5,1495198
13011328,5,1495198
13012541,10,1495198
13013753,8,1495198
13014965,8,1499925
13016178,5,1499925
13017391,7,1499925
13018603,5,1499925
13019815,5,1499925
13021028,7,1499925
13022240,7,1499925
13023453,6,1499925
13024666,5,1499925
13025877,6,1494838
13027090,4,1494838
13028303,5,1494838
13029515,5,1494838
13030728,8,1494838
13031940,5,1494838
13033152,5,1494838
13034365,6,1494838
13035578,7,1494838
13036789,6,1499411
13038003,3,1499411
13039215,12,1499411
13040427,7,1499411
13041640,4,1499411
13042851,7,1499411
13044065,12,1499411
13045276,7,1499411
13046490,8,1499411
13047702,7,1499155
13048915,6,1499155
13050126,7,1499155
13051339,9,1499155
13052551,3,1498178
13059831,5,1498178
13061038,4,1498178
13062251,5,1498178
13063463,6,1498178
13064676,7,1498178
13065888,6,1498178
13067101,5,1498178
13068314,6,1498178
13069527,7,1497150
13070739,5,1498949
13071952,4,1498949
13073164,5,1498949
13074377,3,1498949
13075589,3,1498949
13076801,2,1498949
13078014,5,1498949
13079226,4,1498949
13080439,4,1498949
13081651,-1,1502238
13082864,8,1502238
13084076,4,1502238
13085289,3,1502238
13086502,5,1502238
13087713,3,1502238
13088927,3,1502238
13090139,0,1502238
13091351,3,1502238
13092563,5,1498075
13093777,4,1498075
13094988,1,1498075
13096201,4,1498075
13097413,3,1498075
13098626,5,1498075
13099839,6,1498075
13101051,5,1498075
13102264,2,1498075
13103476,4,1499617
13104688,6,1499617
13105902,3,1499617
13107113,0,1499617
13108327,4,1499617
13109538,5,1499617
13110752,6,1499617
13111963,4,1499617
13113176,2,1499617
13114389,5,1499441
13115601,4,1493553
13116813,2,1493553
13118026,5,1493553
13119239,6,1493553
13120451,5,1493553
13121663,6,1493553
13122876,5,1493553
13124088,3,1493553
13125300,4,1493718
13126513,5,1496534
13127725,5,1496534
13128938,3,1496534
13130151,5,1496534
13131363,9,1496534
13132575,4,1496534
13133787,2,1496534
13135000,4,1496534
13136212,5,1496534
13143501,8,1496534
13144700,4,1496534
13145911,5,1499000
13147124,4,1499000
13148336,7,1499000
13149549,8,1499000
13150761,10,1499000
13151973,8,1499000
13153187,6,1499000
13154399,4,1499000
13155611,5,1499000
13156823,4,1499000
13158036,6,1496482
13159249,6,1496482
13160461,4,1496482
13161673,6,1496482
13162886,8,1496482
13164098,3,1496482
13165311,8,1496482
13166523,9,1496482
13167735,5,1496482
13168948,5,1497973
13170160,4,1497973
13171373,5,1497973
13172586,6,1497973
13173798,5,1497973
13175010,4,1497973
13176224,5,1497973
13177436,4,1497973
13178648,8,1497973
13179860,10,1496379
13181072,5,1496379
13182284,8,1496379
13183497,8,1496379
13184710,7,1496379
13185922,9,1496379
13187134,5,1496379
13188347,7,1496379
13189559,6,1496379
13190771,6,1495557
13191984,5,1495557
13193197,9,1495557
13194409,6,1495557
13195621,4,1495557
13196834,6,1495557
13198046,4,1495557
13199259,7,1495557
13200471,6,1495557
13201684,7,1496636
13202896,4,1496636
13204108,3,1496636
13205320,3,1496636
13206534,6,1496636
13207746,9,1496636
13208958,4,1496636
13210170,9,1496636
13211383,7,1496636
13212595,5,1498897
13213807,3,1498897
13215020,7,1498897
13216233,9,1498897
13217445,6,1498897
13218658,6,1498897
13219870,5,1498897
13227145,7,1498897
13228358,6,1498897
13229569,7,1498897
13230782,6,1498897
13231995,6,1498897
13233207,6,1498897
13234420,6,1502186
13235632,4,1502186
13236845,3,1502186
13238057,11,1502186
13239270,6,1502186
13240482,5,1502186
13241694,6,1502186
13242906,2,1502186
13244119,5,1502186
13245331,9,1490366
13246544,4,1499514
13247757,8,1499514
13248968,4,1499514
13250181,7,1499514
13251393,4,1499514
13252606,4,1499514
13253819,3,1499514
13255031,4,1499514
13256244,5,1499514
13257455,5,1498127
13258668,3,1498127
13259880,4,1498127
13261093,0,1498127
13262306,3,1498127
13263518,5,1498127
13264730,5,1498127
13265942,4,1498127
13267155,-1,1498127
13268368,7,1504345
13269580,3,1504345
13270792,2,1504345
13272006,3,1504345
13273217,3,1504345
13274431,4,1504345
13275643,4,1504345
13276855,4,1504345
13278068,5,1504345
13279280,3,1499514
13280493,5,1499514
13281705,3,1499514
13282918,5,1499514
13284130,2,1499514
13285342,4,1499514
13286555,5,1499514
13287767,3,1499514
13288980,3,1499514
13290192,6,1499103
13291405,2,1499103
13292617,5,1499103
13293829,4,1499103
13295042,4,1499103
13296254,4,1499103
13297467,4,1499103
13298680,4,1499103
13299892,4,1499103
13301104,5,1498880
13302317,4,1494272
13303529,4,1494272
13312022,11,1494375
13313231,4,1494375
13314443,6,1494375
13315655,5,1494375
13316867,6,1494375
13318080,1,1494375
13319293,3,1494375
13320505,3,1494375
13321718,4,1494375
13322930,6,1494375
13324143,5,1494375
13325356,6,1494375
13326568,6,1494375
13327781,6,1494375
13328993,7,1494375
13330205,6,1494375
13331418,5,1494375
13332631,5,1494375
13333843,5,1494375
13335055,8,1494375
13336268,6,1494375
13337480,8,1494375
13338692,6,1494375
13339905,7,1494375
13341117,4,1494375
13342331,7,1494375
13343543,6,1494375
13344755,9,1495763
13345968,4,1495763
13347181,7,1495763
13348393,6,1495763
13349606,7,1495763
13350818,7,1495763
13352031,6,1495763
13353243,8,1495763
13354455,8,1495763
13355668,8,1498229
13356880,7,1498229
13358093,4,1498229
13359305,8,1498229
13360517,6,1498229
13361731,8,1498229
13362942,6,1498229
13364156,5,1498229
13365368,9,1498229
13366580,7,1498332
13367793,4,1498332
13369005,8,1498332
13370218,7,1498332
13371430,5,1498332
13372643,7,1498332
13373855,8,1498332
13375068,8,1498332
13376280,5,1498332
13377492,6,1499874
13378705,5,1499874
13379918,6,1499874
13381130,7,1499874
13382343,4,1499874
13383555,3,1499874
13384767,4,1499874
13385980,10,1499874
13387192,5,1499874
13388405,7,1499874
13395680,3,1499874
13396893,8,1499874
13398105,7,1499874
13399317,4,1496790
13400530,5,1496790
13401742,5,1496790
13402955,9,1496790
13404168,7,1496790
13405380,6,1496790
13406593,7,1496790
13407806,7,1496790
13409018,6,1496790
13410231,6,1498846
13411443,4,1498846
13412655,5,1498846
13413867,5,1498846
13415080,6,1498846
13416292,9,1498846
13417506,7,1498846
13418717,6,1498846
13419930,3,1498846
13421143,5,1498384
13422355,5,1498384
13423567,7,1498384
13424779,6,1498384
13425992,6,1498384
13427204,8,1498384
13428417,5,1498384
13429629,6,1498384
13430842,6,1498384
13432054,11,1498538
13433267,4,1498538
13434479,4,1498538
13435692,7,1498538
13436904,9,1498538
13438116,6,1498538
13439329,9,1498538
13440541,6,1498538
13441754,10,1498538
13442966,6,1496225
13444179,5,1499668
13445391,3,1499668
13446604,4,1499668
13447816,4,1499668
13449028,2,1499668
13450241,5,1499668
13451454,5,1499668
13452666,4,1499668
13453879,3,1499668
13455091,3,1498487
13456303,1,1498487
13457516,4,1498487
13458729,9,1498487
13459941,5,1498487
13461153,4,1498487
13462366,5,1498487
13463578,3,1498487
13464791,3,1498487
13466003,5,1497870
13467216,6,1497870
13468428,3,1497870
13469641,4,1497870
13470853,4,1497870
13472066,3,1497870
13480554,4,1497870
13481765,5,1497870
13482978,6,1497870
13484191,5,1497870
13485403,6,1497870
13486616,6,1499206
13487828,4,1499153
13489040,8,1498897
13490254,5,1498897
13491465,4,1498897
13492678,3,1498897
13493891,4,1498897
13495103,5,1498897
13496316,3,1498897
13497528,5,1498897
13498740,3,1498894
13499953,5,1497870
13501165,4,1497870
13502378,4,1497870
13503590,5,1497870
13504803,3,1497870
13506015,5,1497870
13507228,4,1497870
13508440,4,1497870
13509652,4,1497920
13510866,6,1497664
13512077,3,1497664
13513291,5,1497664
13514503,4,1497664
13515715,4,1497664
13516928,3,1497664
13518140,2,1497664
13519352,4,1497664
13520564,4,1497664
13521777,5,1497664
13522990,4,1497664
13524203,8,1497664
13525415,8,1497664
13526627,7,1497664
13527839,8,1497664
13529052,7,1497664
13530264,9,1497664
13531477,5,1499565
13532689,6,1499565
13533902,9,1499565
13535114,4,1499565
13536327,8,1499565
13537540,9,1499565
13538752,8,1499565
13539964,7,1499565
13541177,8,1499565
13542390,8,1495763
13543602,5,1495763
13544814,4,1495763
13546027,7,1495763
13547239,5,1495763
13548452,4,1495763
13549664,6,1495763
13550878,6,1495763
13552090,6,1495763
13553302,5,1499565
13554514,2,1499565
13555727,5,1499565
13556939,2,1497561
13565427,2,1497561
13566640,5,1497561
13567853,4,1497561
13569065,7,1497561
13570278,5,1497561
13571490,3,1497561
13572702,7,1497561
13573915,5,1497561
13575127,5,1499925
13576340,4,1499925
13577552,6,1499925
13578764,4,1499925
13579977,8,1499925
13581190,8,1499925
13582402,6,1499925
13583614,4,1499925
13584827,7,1499925
13586039,5,1498024
13587252,5,1498024
13588464,6,1498024
13589676,8,1498024
13590888,6,1498024
13592101,5,1498024
13593313,6,1498024
13594527,5,1498024
13595738,7,1498024
13596950,5,1498949
13598163,3,1498949
13599376,3,1498949
13600588,5,1498949
13601800,7,1498949
13603013,6,1498949
13604224,11,1498949
13605438,3,1498949
13606651,7,1498949
13607863,5,1495814
13609075,4,1495814
13610288,6,1495814
13611500,5,1495814
13612713,4,1495814
13613926,8,1495814
13615139,8,1495814
13616350,6,1495814
13617563,10,1495814
13618775,3,1496944
13619988,2,1496944
13621201,7,1496944
13622413,7,1496944
13623626,7,1496944
13624838,10,1496944
13626051,6,1496944
13627264,9,1496944
13628476,7,1496944
13629688,6,1501724
13630902,6,1493245
13632113,5,1493245
13633326,3,1493245
13634538,4,1493245
13635751,7,1493245
13636964,4,1493245
13638176,6,1493245
13639388,5,1493245
13640601,4,1493245
13641814,5,1493245
13650301,6,1493245
13651514,7,1499565
13652726,5,1496276
13653938,5,1496276
13655150,3,1496276
13656363,7,1496276
13657576,4,1496276
13658788,3,1496276
13660000,4,1496276
13661213,5,1496276
13662425,4,1496276
13663638,2,1499411
13664851,4,1499411
13666062,7,1499411
13667275,5,1499411
13668487,3,1499411
13669700,6,1499411
13670912,3,1499411
13672125,0,1499411
13673337,5,1499411
13674550,5,1499411
13675762,6,1499411
13676975,4,1499411
13678187,5,1499411
13679399,-1,1499411
13680612,5,1499411
13681824,3,1499411
13683037,3,1499411
13684250,3,1499411
13685462,3,1499612
13686674,3,1498332
13687886,5,1498332
13689099,4,1498332
13690312,4,1498332
13691524,3,1498332
13692737,4,1498332
13693949,4,1498332
13695162,0,1498332
13696374,5,1498217
13697586,6,1494889
13698799,2,1494889
13700011,4,1494889
13701225,4,1494889
13702436,5,1494889
13703650,5,1494889
13704862,4,1494889
13706074,4,1494889
13707287,4,1494889
13708499,5,1494889
13709712,7,1494889
13710924,5,1494889
13712136,5,1494889
13713349,8,1494889
13714561,6,1494889
13715774,6,1494889
13716986,9,1496739
13718198,4,1496739
13719411,5,1496739
13720623,6,1496739
13721836,6,1496739
13723049,6,1496739
13724261,5,1496739
13725473,8,1496739
13726685,10,1496739
13733960,3,1496739
13735172,6,1496739
13736385,4,1496739
13737597,8,1496739
13738809,6,1496739
13740022,7,1496020
13741235,5,1496020
13742447,8,1496020
13743659,6,1496020
13744871,5,1496020
13746084,7,1496020
13747296,6,1496020
13748508,8,1496020
13749720,3,1496020
13750932,5,1495968
13752145,6,1495968
13753357,7,1495968
13754570,9,1495968
13755782,8,1495968
13756995,5,1495968
13758207,9,1495968
13759420,5,1495968
13760631,7,1495968
13761844,9,1495146
13763056,6,1495146
13764268,6,1495146
13765481,5,1495146
13766693,8,1495146
13767906,6,1495146
13769119,7,1495146
13770330,7,1495146
13771543,6,1495146
13772756,9,1494786
13773968,5,1494786
13775180,6,1494786
13776393,6,1494786
13777606,5,1494786
13778818,6,1494786
13780031,8,1494786
13781243,8,1494786
13782455,9,1494786
13783668,7,1494786
13784880,6,1494786
13786092,5,1494786
13787304,4,1494786
13788517,4,1494786
13789729,8,1494786
13790941,5,1494786
13792154,4,1494786
13793367,7,1494786
13794578,6,1499052
13795791,4,1499052
13797004,5,1499052
13798216,6,1499052
13799428,7,1499052
13800640,7,1499052
13801853,6,1499052
13803066,11,1499052
13804277,5,1499052
13805490,7,1495249
13806703,5,1495249
13807915,6,1495249
13809127,7,1495249
13810339,7,1491614
13817614,3,1495454
13818826,11,1495454
13820038,8,1495454
13821251,2,1495454
13822463,5,1495454
13823676,4,1495454
13824889,4,1495454
13826100,5,1495454
13827313,4,1495454
13828525,5,1497716
13829738,3,1497716
13830950,4,1497716
13832162,1,1497716
13833375,4,1497716
13834587,5,1497716
13835800,5,1497716
13837012,3,1497716
13838225,4,1497716
13839436,6,1496842
13840649,3,1496842
13841861,5,1496842
13843073,5,1496842
13844286,4,1496842
13845498,6,1496842
13846710,5,1496842
13847923,5,1496842
13849135,2,1496842
13850347,2,1500028
13851560,3,1500028
13852772,3,1500028
13853984,3,1500028
13855197,5,1500028
13856410,4,1500028
13857621,3,1500028
13858834,3,1500028
13860046,3,1500028
13861259,4,1500028
13862471,4,1500028
13863684,2,1500028
13864896,5,1500028
13866108,5,1500028
13867321,4,1500028
13868533,4,1500028
13869745,7,1500028
13870957,5,1500028
13872170,3,1500062
13873383,2,1495198
13874595,4,1495198
13875807,4,1495198
13877020,5,1495198
13878232,6,1495198
13879444,4,1495198
13880656,5,1495198
13881869,4,1495198
13883081,3,1495247
13884294,5,1494735
13885506,3,1494735
13886718,3,1494735
13887931,4,1494735
13889143,7,1494735
13890356,9,1494735
13891568,6,1494735
13892780,4,1494735
13893993,10,1494735
13902480,7,1494735
13903692,8,1492731
13904904,0,1492731
13906116,1,1492731
13907328,8,1492731
13908542,5,1492731
13909754,10,1492731
13910965,11,1492731
13912179,8,1492731
13913391,7,1492731
13914603,5,1492731
13915815,5,1496174
13917027,4,1496174
13918240,6,1496174
13919452,9,1496174
13920664,8,1496174
13921877,7,1496174
13923089,5,1496174
13924301,4,1496174
13925514,3,1496174
13926726,6,1495146
13927939,4,1495146
13929151,7,1495146
13930364,9,1495146
13931576,8,1495146
13932787,9,1495146
13934000,9,1495146
13935213,6,1495146
13936425,6,1495146
13937637,4,1498075
13938850,4,1498075
13940062,11,1498075
13941274,7,1498075
13942486,7,1498075
13943699,4,1498075
13944911,4,1498075
13946123,5,1498075
13947335,7,1498075
13948548,7,1494735
13949760,7,1494735
13950972,8,1494735
13952184,5,1494735
13953397,5,1494735
13954609,10,1494735
13955821,8,1494735
13957034,6,1494735
13958246,7,1494735
13959458,8,1496482
13960671,7,1496482
13961883,10,1496482
13963095,6,1496482
13964307,7,1496482
13965520,4,1496482
13966732,6,1496482
13967944,5,1496482
13969157,7,1496482
13970369,8,1495660
13971581,7,1495660
13972794,4,1495660
13974007,7,1495660
13975219,7,1495660
13976430,6,1495660
13977643,4,1495660
13978855,5,1495660
13986129,4,1495660
13987341,4,1495660
13988553,4,1495660
13989766,8,1495660
13990979,8,1495660
13992191,9,1492217
13993403,3,1492217
13994615,3,1492217
13995828,7,1492217
13997041,8,1492217
13998252,4,1492217
13999464,4,1492217
14000678,5,1492217
14001890,5,1492217
14003102,6,1496020
14004314,6,1491497
14005526,3,1491497
14006739,3,1491497
14007950,2,1491497
14009163,1,1491497
14010375,4,1491497
14011588,7,1491497
14012800,6,1491497
14014013,7,1491497
14015225,5,1492217
14016437,2,1492217
14017649,4,1492217
14018862,4,1492217
14020074,3,1492217
14021287,4,1492217
14022498,5,1492217
14023711,5,1492217
14024923,4,1492217
14026135,3,1503728
14027347,5,1503728
14028560,7,1503728
14029773,4,1503728
14030985,1,1503728
14032197,6,1503728
14033410,9,1503728
14034621,5,1503728
14035834,1,1503728
14037046,0,1494067
14038259,3,1494067
14039471,1,1494067
14040684,2,1494067
14041896,3,1494067
14043108,3,1494067
14044320,6,1494067
14045533,5,1494067
14046745,7,1494067
14047957,7,1494067
14049169,4,1494067
14050382,3,1494067
14051594,4,1494067
14052807,4,1494067
14054019,4,1494067
14055231,7,1494067
14056444,6,1494067
14057656,4,1494067
14058868,4,1494202
14060080,3,1489082
14061294,4,1489082
14062505,6,1496379
14070995,4,1496379
14072205,0,1496379
14073417,4,1496379
14074629,4,1496379
14075841,8,1496379
14077053,12,1496379
14078266,6,1496379
14079479,4,1496379
14080690,3,1496379
14081903,2,1496379
14083115,3,1496379
14084328,5,1496379
14085540,8,1496379
14086753,11,1496379
14087965,4,1496379
14089177,6,1496379
14090390,5,1496379
14091603,6,1488362
14092814,1,1488362
14094027,4,1488362
14095240,6,1488362
14096452,9,1488362
14097664,8,1488362
14098876,9,1488362
14100089,6,1488362
14101301,5,1488362
14102514,-3,1496122
14103726,4,1496122
14104938,7,1496122
14106151,12,1496122
14107363,12,1496122
14108575,10,1496122
14109787,6,1496122
14111001,2,1496122
14112213,3,1496122
14113424,1,1496534
14114637,2,1496534
14115850,4,1496534
14117062,10,1496534
14118274,12,1496534
14119487,10,1496534
14120699,7,1496534
14121911,4,1496534
14123123,3,1496534
14124336,4,1492885
14125548,5,1492885
14126760,14,1492885
14127972,10,1492885
14129185,10,1492885
14130398,5,1492885
14131609,4,1492885
14132822,3,1492885
14134034,5,1492885
14135247,5,1496122
14136459,3,1496122
14137671,7,1496122
14138883,8,1496122
14140096,6,1496122
14141308,6,1496122
14142520,6,1496122
14143732,6,1496122
14144945,4,1496122
14146157,5,1493553
14147370,3,1493553
14154643,1,1493553
14155856,3,1493553
14157069,7,1493861
14158280,6,1493861
14159493,12,1493861
14160706,7,1493861
14161918,6,1493861
14163130,6,1493861
14164342,7,1493861
14165555,3,1493861
14166767,6,1493861
14167979,5,1472739
14169192,4,1472739
14170404,7,1472739
14171616,9,1472739
14172829,6,1472739
14174042,7,1472739
14175253,7,1472739
14176466,5,1472739
14177679,8,1472739
14178891,3,1470118
14180103,2,1470118
14181316,6,1470118
14182528,5,1470118
14183741,5,1470118
14184953,4,1470118
14186165,7,1470118
14187377,6,1470118
14188589,6,1470118
14189802,8,1460405
14191015,6,1460714
14192227,4,1460714
14193440,4,1460714
14194652,4,1460714
14195864,7,1460714
14197076,4,1460714
14198288,3,1460714
14199502,4,1460714
14200713,3,1460714
14201926,4,1461896
14203138,3,1461896
14204351,4,1461896
14205563,6,1461896
14206776,4,1461896
14207988,4,1461896
14209200,3,1461896
14210412,5,1461896
14211625,6,1461896
14212838,6,1459121
14214049,3,1459121
14215262,3,1459121
14216475,4,1459121
14217686,1,1459121
14218899,3,1459121
14220111,5,1459121
14221324,4,1459121
14222536,4,1459121
14223748,3,1462872
14224961,3,1462872
14226174,5,1462872
14227386,3,1462872
14228598,3,1462872
14229810,2,1462872
14231022,7,1462872
14239509,5,1462872
14240722,7,1462872
14241934,6,1462872
14243145,7,1462872
14244358,6,1461073
14245570,4,1461034
14246783,3,1464106
14247995,4,1464106
14249207,7,1464106
14250420,4,1464106
14251632,4,1464106
14252845,2,1464106
14254057,1,1464106
14255270,4,1464106
14256481,4,1464106
14257693,4,1464106
14258906,8,1464106
14260118,6,1464106
14261331,8,1464106
14262543,8,1464106
14263755,10,1464106
14264967,7,1464106
14266180,4,1464106
14267392,2,1464106
14268604,5,1464106
14269817,4,1464106
14271030,8,1464106
14272242,6,1464106
14273454,6,1464106
14274666,7,1464106
14275878,5,1464106
14277091,5,1464106
14278303,4,1466829
14279516,3,1466829
14280728,4,1466829
14281940,5,1466829
14283152,9,1466829
14284365,5,1466829
14285577,6,1466829
14286789,5,1466829
14288002,8,1466829
14289215,5,1460303
14290427,4,1460303
14291639,6,1460303
14292851,7,1460303
14294064,12,1460303
14295276,7,1460303
14296488,7,1460303
14297700,5,1460303
14298913,5,1460303
14300125,6,1461536
14301338,5,1461536
14302549,8,1461536
14303762,10,1461536
14304974,8,1461536
14306187,5,1461536
14307399,4,1461536
14308612,5,1461536
14309823,7,1461536
14311036,9,1463129
14312248,5,1463129
14313460,9,1463129
14314673,11,1463129
14315885,8,1462050
14323159,15,1462050
14324371,8,1462050
14325584,7,1462050
14326796,4,1462050
14328008,6,1462050
14329221,3,1462050
14330434,5,1462050
14331646,5,1462050
14332858,7,1463797
14334070,6,1463797
14335283,10,1463797
14336495,5,1463797
14337707,3,1463797
14338920,7,1463797
14340132,7,1463797
14341344,6,1463797
14342557,5,1463797
14343769,9,1461947
14344981,6,1461947
14346195,9,1461947
14347407,6,1461947
14348619,6,1461947
14349831,8,1461947
14351044,6,1461947
14352256,6,1461947
14353468,3,1461947
14354681,8,1465390
14355894,6,1465390
14357105,8,1465390
14358318,10,1465390
14359531,4,1465390
14360743,9,1465390
14361955,7,1465390
14363168,4,1465390
14364380,7,1465390
14365592,3,1460663
14366804,-1,1464979
14368017,7,1464979
14369230,6,1464979
14370441,8,1464979
14371654,4,1464979
14372866,9,1464979
14374079,2,1464979
14375291,-1,1464979
14376503,3,1464979
14377716,3,1461228
14378928,6,1461228
14380141,7,1461228
14381352,8,1461228
14382565,7,1461228
14383777,5,1461228
14384989,4,1461228
14386202,3,1461228
14387415,0,1461228
14388626,-2,1465185
14389839,5,1465185
14391051,8,1465185
14392264,8,1465185
14393476,6,1465185
14394688,5,1465185
14395902,5,1465185
14397113,4,1465185
14398325,1,1465185
14399538,6,1465185
14408025,10,1465185
14409236,7,1457168
14410449,3,1461639
14411662,0,1461639
14412874,4,1461639
14414086,5,1461639
14415299,4,1461639
14416510,7,1461639
14417723,1,1461639
14418936,4,1461639
14420147,2,1461639
14421360,7,1461530
14422572,5,1459994
14423784,0,1459994
14424996,5,1459994
14426209,3,1459994
14427421,5,1459994
14428633,4,1459994
14429846,1,1459994
14431058,7,1459994
14432271,7,1460113
14433482,5,1464465
14434695,5,1464465
14435908,4,1464465
14437119,0,1464465
14438332,2,1464465
14439544,2,1464465
14440756,6,1464465
14441969,4,1464465
14443181,6,1464465
14444393,6,1464465
14445605,6,1464465
14446818,5,1464465
14448031,7,1464465
14449243,6,1464465
14450455,3,1464465
14451667,7,1464465
14452879,6,1464465
14454092,2,1464465
14455304,3,1464465
14456517,7,1464465
14457729,7,1464465
14458941,5,1464465
14460153,5,1464465
14461366,8,1464465
14462579,6,1464465
14463791,5,1464465
14465003,6,1463386
14466215,3,1463386
14467427,6,1463386
14468640,5,1463386
14469852,6,1463386
14471065,11,1463386
14472277,10,1463386
14473489,7,1463386
14474702,5,1463386
14475914,5,1458401
14477126,2,1458401
14478338,4,1458401
14479551,8,1458401
14480764,6,1458401
14481976,8,1458401
14483188,7,1458401
14484400,7,1458401
14491674,3,1458401
14492887,8,1458401
14494099,5,1458401
14495311,6,1458401
14496524,4,1458401
14497735,4,1465082
14498948,4,1465082
14500160,8,1465082
14501372,5,1465082
14502584,4,1465082
14503798,5,1465082
14505009,3,1465082
14506221,7,1465082
14507434,9,1465082
14508647,6,1457784
14509859,6,1457784
14511071,5,1457784
14512283,5,1457784
14513496,6,1457784
14514708,6,1457784
14515920,8,1457784
14517132,4,1457784
14518345,5,1457784
14519557,9,1463540
14520770,4,1463540
14521981,4,1463540
14523195,7,1463540
14524406,5,1463540
14525619,5,1463540
14526831,5,1463540
14528043,8,1463540
14529256,6,1463540
14530468,5,1462667
14531680,4,1462667
14532893,6,1462667
14534105,7,1462667
14535318,7,1462667
14536530,7,1462667
14537742,2,1462667
14538955,8,1462667
14540168,6,1462667
14541380,7,1464260
14542592,5,1464260
14543804,9,1464260
14545016,8,1464260
14546229,7,1464260
14547441,7,1464260
14548654,7,1464260
14549867,9,1464260
14551079,7,1464260
14552291,6,1462821
14553503,3,1462153
14554716,4,1462153
14555928,5,1462153
14557140,4,1462153
14558353,5,1462153
14559565,4,1462153
14560777,1,1462153
14561990,0,1462153
14563203,5,1462153
14564415,2,1461331
14565627,7,1461331
14566839,5,1461331
14568052,5,1463746
14576539,7,1463746
14577751,8,1463746
14578964,5,1463746
14580176,-1,1463746
14581388,2,1463746
14582600,4,1463746
14583813,3,1463746
14585025,2,1463746
14586237,7,1465544
14587450,4,1465544
14588663,6,1465544
14589875,6,1465544
14591087,3,1465544
14592299,4,1465544
14593512,6,1465544
14594724,4,1465544
14595936,3,1465544
14597149,7,1460251
14598362,4,1460251
14599574,6,1460251
14600786,5,1460251
14601998,2,1460251
14603210,3,1460251
14604423,2,1460251
14605636,5,1460251
14606847,5,1460251
14608060,10,1460282
14609272,3,1468474
14610484,3,1468474
14611697,2,1468474
14612909,2,1468474
14614121,7,1468474
14615334,6,1468474
14616546,5,1468474
14617759,9,1468474
14618971,4,1468608
14620184,3,1463232
14621396,8,1463232
14622608,6,1463232
14623820,3,1463232
14625032,7,1463232
14626245,4,1463232
14627457,5,1463232
14628669,4,1463232
14629882,5,1463232
14631094,5,1463232
14632307,4,1463232
14633519,7,1463232
14634731,6,1463232
14635943,9,1463232
14637156,9,1463232
14638368,6,1463232
14639580,5,1466881
14640793,3,1466881
14642005,4,1466881
14643217,4,1466881
14644431,7,1466881
14645643,7,1466881
14646855,6,1466881
14648067,11,1466881
14649279,8,1466881
14650492,5,1466881
14651704,7,1460200
14652916,4,1460200
14661403,4,1460200
14662615,5,1464414
14663827,4,1464414
14665039,6,1464414
14666252,3,1464414
14667464,6,1464414
14668676,9,1464414
14669888,8,1464414
14671101,5,1464414
14672313,4,1464414
14673525,6,1460508
14674738,5,1460508
14675950,7,1460508
14677162,6,1460508
14678375,6,1460508
14679588,8,1460508
14680799,7,1460508
14682012,4,1460508
14683224,6,1460508
14684437,8,1461382
14685649,6,1461382
14686861,5,1461382
14688074,6,1461382
14689286,7,1461382
14690499,6,1461382
14691711,6,1461382
14692923,5,1461382
14694135,7,1461382
14695347,9,1464517
14696560,8,1464517
14697772,5,1464517
14698984,5,1464517
14700196,7,1464517
14701408,4,1464517
14702621,5,1464517
14703833,7,1464517
14705045,7,1464517
14706257,5,1464568
14707470,5,1464568
14708683,11,1464568
14709895,6,1464568
14711107,2,1464568
14712320,4,1464568
14713532,7,1464568
14714744,8,1464568
14715956,8,1464568
14717168,8,1465390
14718380,3,1465390
14719593,9,1465390
14720806,6,1465390
14722018,8,1465390
14723231,6,1465390
14724443,5,1465390
14725655,7,1465390
14726867,8,1465390
14728080,8,1461947
14729292,5,1461947
14730505,5,1461947
14731717,6,1461947
14732930,4,1461947
14734141,3,1461947
14735353,7,1461947
14736566,6,1461947
14737778,6,1461947
14745053,9,1461947
14746265,3,1461947
14747477,5,1461947
14748690,8,1461947
14749902,7,1462718
14751115,5,1461999
14752327,6,1461999
14753539,3,1461999
14754751,6,1461999
14755964,3,1461999
14757176,4,1461999
14758389,5,1461999
14759601,7,1461999
14760813,5,1461999
14762025,3,1461999
14763238,4,1461999
14764451,5,1461999
14765662,8,1461999
14766875,5,1461999
14768087,4,1461999
14769299,4,1461999
14770512,4,1461999
14771724,5,1461999
14772937,6,1462564
14774149,4,1462564
14775362,8,1462564
14776573,4,1462564
14777786,3,1462564
14778999,2,1462564
14780211,4,1462564
14781423,2,1462564
14782635,5,1462564
14783848,5,1464414
14785060,9,1464414
14786273,5,1464414
14787486,2,1464414
14788697,1,1464414
14789911,3,1464414
14791122,4,1464414
14792335,4,1464414
14793547,6,1464414
14794760,7,1464523
14795971,6,1466059
14797184,3,1466059
14798396,1,1466059
14799609,2,1466059
14800821,3,1466059
14802033,5,1466059
14803247,4,1466059
14804458,5,1466059
14805671,8,1465900
14806883,3,1464620
14808096,2,1464620
14809308,3,1464620
14810521,4,1464620
14811733,3,1464620
14812945,1,1464620
14814157,3,1464620
14815370,5,1464620
14816583,5,1464620
14817794,6,1464620
14819007,8,1464620
14820219,6,1464620
14821431,4,1464620
14828706,17,1464620
14829918,11,1464620
14831130,2,1464620
14832343,7,1464620
14833556,6,1464620
14834768,7,1464620
14835980,8,1464620
14837193,9,1464620
14838406,6,1462924
14839618,3,1462924
14840830,6,1462924
14842043,4,1462924
14843255,4,1462924
14844467,5,1462924
14845680,4,1462924
14846892,8,1462924
14848105,5,1462924
14849317,10,1462410
14850530,6,1462410
14851742,7,1462410
14852955,5,1462410
14854168,6,1462410
14855379,5,1462410
14856592,7,1462410
14857804,6,1462410
14859017,8,1462410
14860229,5,1463849
14861442,4,1463849
14862654,3,1463849
14863866,4,1463849
14865079,6,1463849
14866291,6,1463849
14867503,7,1463849
14868716,9,1463849
14869928,8,1463849
14871140,6,1458350
14872353,4,1458350
14873565,5,1458350
14874777,5,1458350
14875990,4,1458350
14877202,5,1458350
14878415,4,1458350
14879627,8,1458350
14880839,8,1458350
14882052,8,1464620
14883265,5,1464620
14884476,7,1464620
14885688,4,1464620
14886901,5,1464620
14888114,7,1464620
14889326,7,1464620
14890539,8,1464620
14891751,11,1464620
14892963,6,1463335
14894175,1,1463335
14895388,5,1463335
14896600,3,1463335
14897812,4,1463335
14899025,9,1463335
14900237,12,1463335
14901450,11,1463335
14902662,9,1463335
14903875,6,1464671
14905087,13,1464671
14912501,8,1464671
14913574,7,1464671
14914787,6,1463849
14915999,3,1463849
14917211,5,1463849
14918424,4,1463849
14919636,7,1463849
14920849,8,1463849
14922061,14,1463849
14923274,13,1463849
14924486,8,1463849
14925699,10,1463592
14926910,4,1459892
14928123,-1,1459892
14929336,3,1459892
14930547,4,1459892
14931761,8,1459892
14932972,8,1459892
14934185,6,1459892
14935398,4,1459892
14936610,4,1459892
14937822,2,1463335
14939035,4,1463335
14940247,3,1463335
14941460,3,1463335
14942672,5,1463335
14943885,7,1463335
14945097,5,1463335
14946309,4,1463335
14947521,3,1463335
14948734,5,1463335
14949946,5,1463335
14951159,3,1463335
14952371,4,1463335
14953583,4,1463335
14954796,3,1463335
14956009,3,1463335
14957221,7,1463335
14958433,2,1463335
14959646,5,1460251
14960858,7,1460251
14962071,4,1460251
14963284,6,1460251
14964496,6,1460251
14965708,4,1460251
14966920,5,1460251
14968133,5,1460251
14969345,3,1460251
14970557,4,1463643
14971770,4,1463643
14972983,5,1463643
14974195,5,1463643
14975407,5,1463643
14976619,6,1463643
14977833,4,1463643
14979045,2,1463643
14980257,4,1463643
14981470,3,1463720
14982682,3,1456808
14983895,1,1456808
14985108,2,1456808
14986320,4,1456808
14987532,5,1456808
14988744,2,1456808
14997231,4,1456808
14998444,6,1456808
14999657,11,1456808
15000868,11,1456808
15002082,7,1464671
15003293,4,1464671
15004505,2,1464671
15005718,1,1464671
15006931,-1,1464671
15008143,6,1464671
15009356,9,1464671
15010568,11,1464671
15011781,12,1464671
15012992,12,1463592
15014205,8,1463592
15015418,-1,1463592
15016630,2,1463592
15017843,2,1463592
15019055,9,1463592
15020267,10,1463592
15021480,11,1463592
15022692,4,1463592
15023905,6,1463592
15025117,4,1463489
15026329,0,1463489
15027542,3,1463489
15028754,5,1463489
15029967,6,1463489
15031179,10,1463489
15032392,14,1463489
15033604,11,1463489
15034817,5,1463489
15036029,3,1462358
15037242,1,1462358
15038455,4,1462358
15039667,7,1462358
15040879,9,1462358
15042092,8,1462358
15043304,12,1462358
15044517,9,1462358
15045730,6,1462358
15046942,3,1461742
15048155,-3,1461742
15049367,3,1461742
15050579,5,1461742
15051792,5,1461742
15053005,7,1461742
15054217,11,1461742
15055429,9,1461742
15056643,6,1461742
15057855,7,1461176
15059067,3,1461176
15060280,7,1461176
15061492,9,1461176
15062705,6,1461176
15063918,8,1461176
15065130,10,1461176
15066343,10,1461176
15067555,6,1461176
15068767,5,1461742
15069980,4,1461742
15071193,6,1461742
15072405,8,1461742
15073617,5,1464194
15080894,9,1460354
15082108,12,1460354
15083318,4,1460354
15084529,5,1460354
15085743,4,1460354
15086955,4,1460354
15088168,3,1460354
15089380,3,1460354
15090592,3,1460354
15091805,4,1460354
15093018,6,1460354
15094230,7,1460354
15095442,9,1460354
15096656,6,1460354
15097868,6,1460354
15099081,3,1460354
15100293,6,1460354
15101505,7,1464054
15102718,5,1464054
15103930,7,1464054
15105143,8,1464054
15106355,9,1464054
15107568,8,1464054
15108781,5,1464054
15109993,7,1464054
15111206,5,1464054
15112418,4,1463643
15113630,4,1462255
15114844,5,1462255
15116055,10,1462255
15117268,6,1462255
15118480,7,1462255
15119693,3,1462255
15120905,3,1462255
15122119,1,1462255
15123331,4,1462255
15124543,4,1459943
15125756,7,1459943
15126968,4,1459943
15128180,7,1459943
15129394,0,1459943
15130606,3,1459943
15131818,3,1459943
15133031,4,1459943
15134243,4,1459943
15135456,3,1462975
15136668,4,1462975
15137881,4,1462975
15139093,2,1462975
15140306,5,1462975
15141518,3,1462975
15142731,5,1462975
15143943,7,1462975
15145156,7,1462975
15146368,6,1464003
15147581,3,1464003
15148793,-2,1464003
15150006,3,1464003
15151218,6,1464003
15152431,6,1464003
15153643,7,1464003
15154856,7,1464003
15156068,4,1464003
15157281,8,1464003
15164556,12,1464003
15165768,10,1464003
15166981,5,1461073
15168193,-1,1461083
15169407,2,1463643
15170619,3,1463643
15171832,3,1463643
15173044,11,1463643
15174256,7,1463643
15175470,5,1463643
15176681,3,1463643
15177895,3,1463643
15179106,-1,1463747
15180319,1,1464003
15181531,4,1464003
15182745,7,1464003
15183956,5,1464003
15185169,8,1464003
15186382,5,1464003
15187594,4,1464003
15188807,3,1464003
15190019,3,1464003
15191232,2,1464003
15192444,6,1464003
15193656,8,1464003
15194869,9,1464003
15196082,10,1464003
15197294,8,1464003
15198507,6,1464003
15199719,4,1462821
15200932,3,1462821
15202144,-1,1462821
15203357,9,1462821
15204570,8,1462821
15205781,6,1462821
15206994,8,1462821
15208207,7,1462821
15209419,7,1462821
15210632,8,1462821
15211844,6,1459840
15213056,8,1459840
15214269,5,1459840
15215481,8,1459840
15216695,9,1459840
15217907,9,1459840
15219119,2,1459840
15220332,0,1459840
15221544,4,1459840
15222756,4,1461999
15223969,7,1461999
15225181,6,1461999
15226394,6,1461999
15227607,9,1461999
15228819,7,1461999
15230032,6,1461999
15231244,8,1461999
15232456,9,1461999
15233669,6,1467138
15234881,7,1467138
15236094,8,1467138
15237306,8,1467138
15238519,7,1467138
15239731,6,1467138
15240943,9,1467138
15249431,5,1467138
15250644,2,1467138
15251856,5,1467138
15253069,4,1467138
15254281,7,1467138
15255493,8,1460765
15256706,5,1460765
15257918,7,1460765
15259131,8,1460765
15260343,8,1460765
15261556,5,1460765
15262769,7,1460765
15263981,9,1460765
15265193,7,1460765
15266407,6,1461947
15267619,6,1461947
15268831,7,1461947
15270044,7,1461947
15271256,4,1461947
15272470,6,1461947
15273681,7,1461947
15274894,6,1461947
15276107,6,1461947
15277319,7,1464568
15278532,5,1464568
15279745,9,1464568
15280957,7,1464568
15282170,3,1464568
15283382,2,1464568
15284595,4,1464568
15285807,6,1464568
15287020,6,1464568
15288232,6,1462461
15289444,5,1462461
15290657,8,1462461
15291869,6,1462461
15293082,2,1462461
15294294,7,1462461
15295507,4,1462461
15296719,8,1462461
15297931,12,1462461
15299144,7,1463181
15300356,6,1464106
15301569,4,1464106
15302781,3,1464106
15303994,4,1464106
15305206,5,1464106
15306419,1,1464106
15307631,4,1464106
15308844,6,1464106
15310056,10,1464106
15311269,9,1461228
15312481,7,1461228
15313694,4,1461228
15314907,1,1461228
15316119,-2,1461228
15317331,4,1461228
15318544,4,1461228
15319757,10,1461228
15320969,7,1461228
15322182,7,1459635
15323394,2,1459635
15324606,3,1459635
15325819,13,1466778
15334307,13,1466778
15335519,6,1466778
15336732,2,1466778
15337945,-3,1466778
15339158,-5,1466778
15340369,4,1466778
15341582,7,1466778
15342795,6,1466778
15344008,16,1463386
15345220,11,1463386
15346432,1,1463386
15347645,-6,1463386
15348857,-5,1463386
15350070,-8,1463386
15351283,5,1463386
15352495,7,1463386
15353707,16,1463386
15354919,14,1463385
15356132,10,1463129
15357344,5,1463129
15358557,1,1463129
15359770,-3,1463129
15360982,-4,1463129
15362194,-1,1463129
15363407,2,1463129
15364619,10,1463129
15365833,10,1463165
15367044,13,1459069
15368258,5,1459069
15369470,1,1459069
15370682,-7,1459069
15371895,-6,1459069
15373107,2,1459069
15374320,6,1459069
15375532,11,1459069
15376745,15,1459074
15377958,11,1460354
15379170,3,1460354
15380383,2,1460354
15381595,2,1460354
15382807,-2,1460354
15384020,2,1460354
15385232,7,1460354
15386445,9,1460354
15387657,9,1460354
15388870,7,1460354
15390082,7,1460354
15391294,3,1460354
15392507,1,1460354
15393719,1,1460354
15394932,6,1460354
15396145,11,1460354
15397357,13,1460354
15398570,10,1461999
15399782,5,1461999
15400995,4,1461999
15402207,-1,1461999
15403420,-2,1461999
15404632,3,1461999
15405845,7,1461999
15407057,15,1461999
15408270,11,1461999
15409482,12,1459583
15410695,10,1459583
15419182,16,1459583
15420394,10,1460046
15421606,3,1460046
15422819,5,1460046
15424031,3,1460046
15425244,4,1460046
15426456,6,1460046
15427669,10,1460046
15428881,12,1460046
15430094,7,1460046
15431307,5,1462872
15432519,3,1462872
15433731,5,1462872
15434943,4,1462872
15436156,7,1462872
15437368,6,1462872
15438580,9,1462872
15439793,8,1462872
15441006,8,1462872
15442219,9,1461999
15443430,4,1461999
15444643,4,1461999
15445855,5,1461999
15447069,8,1461999
15448280,5,1461999
15449493,8,1461999
15450706,7,1461999
15451918,4,1461999
15453130,3,1461228
15454342,0,1461228
15455555,7,1461228
15456768,8,1461228
15457980,7,1461228
15459193,5,1461228
15460405,6,1461228
15461618,7,1461228
15462830,6,1461228
15464043,8,1460046
15465255,2,1460046
15466467,8,1460046
15467680,5,1460046
15468893,5,1460046
15470105,5,1460046
15471317,8,1460046
15472529,8,1460046
15473743,4,1460046
15474955,-1,1459480
15476168,-2,1459480
15477380,5,1459480
15478592,6,1459480
15479805,15,1459480
15481017,15,1459480
15482229,12,1459480
15483442,9,1459480
15484655,5,1459480
15485867,3,1464260
15487079,-1,1464260
15488292,5,1464260
15489504,8,1464260
15490716,13,1464260
15491930,11,1464260
15493141,13,1464260
15494354,7,1464260
15495566,7,1464260
15502841,17,1464260
15504053,10,1464260
15505266,6,1464260
15506479,5,1464260
15507691,1,1461022
15508904,2,1458710
15510116,3,1458710
15511328,5,1458710
15512541,7,1458710
15513753,10,1458710
15514965,6,1458710
15516178,4,1458710
15517390,4,1458710
15518603,4,1458710
15519815,3,1458555
15521028,2,1458555
15522240,3,1458555
15523453,9,1458555
15524666,8,1458555
15525878,4,1458555
15527090,4,1458555
15528303,4,1458555
15529516,4,1458555
15530728,3,1460457
15531941,5,1460457
15533154,5,1460457
15534365,7,1460457
15535578,5,1460457
15536791,3,1460457
15538003,3,1460457
15539216,3,1460457
15540428,4,1460457
15541641,5,1460412
15542853,2,1462204
15544065,7,1462204
15545279,6,1462204
15546491,5,1462204
15547703,7,1462204
15548916,4,1462204
15550129,4,1462204
15551341,4,1462204
15552553,5,1462209
15553766,4,1463489
15554979,3,1463489
15556190,8,1463489
15557404,5,1463489
15558615,5,1463489
15559828,5,1463489
15561041,4,1463489
15562254,4,1463489
15563465,5,1463389
15564679,4,1464157
15565891,3,1464157
15567103,3,1464157
15568316,4,1464157
15569529,7,1464157
15570741,3,1464157
15571953,2,1464157
15573165,4,1464157
15574378,3,1464157
15575590,3,1464157
15576803,7,1464157
15578015,11,1464157
15579229,4,1464157
15586506,5,1464157
15587715,6,1464157
15588928,7,1464157
15590140,6,1464157
15591353,7,1464157
15592566,5,1464157
15593778,8,1464157
15594991,8,1464157
15596203,8,1459789
15597415,4,1459789
15598628,10,1459789
15599841,7,1459789
15601053,7,1459789
15602265,6,1459789
15603477,5,1459789
15604691,5,1459789
15605903,7,1459789
15607115,3,1462050
15608327,3,1462050
15609540,9,1462050
15610753,10,1462050
15611965,6,1462050
15613177,7,1462050
15614390,6,1462050
15615602,7,1462050
15616815,6,1462050
15618027,6,1459789
15619240,8,1459789
15620452,8,1459789
15621665,6,1459789
15622877,5,1459789
15624090,2,1459789
15625303,6,1459789
15626515,5,1459789
15627727,8,1459789
15628940,8,1461896
15630152,6,1461896
15631365,12,1461896
15632577,10,1461896
15633790,7,1461896
15635003,4,1461896
15636215,5,1461896
15637427,4,1461896
15638640,6,1461896
15639852,5,1462410
15641065,7,1462410
15642277,5,1462410
15643489,5,1462410
15644703,6,1462410
15645915,8,1462410
15647127,7,1462410
15648340,8,1462410
15649552,7,1462410
15650764,6,1463900
15651977,5,1463900
15653190,6,1463900
15654403,7,1463900
15655615,7,1463900
15656827,7,1463900
15658040,4,1463900
15659252,6,1463900
15660464,7,1463900
15661677,6,1461176
15662890,6,1461176
15671377,3,1461176
15672590,3,1460251
15673803,-16,1460251
15675015,13,1460251
15676227,17,1460251
15677439,33,1460251
15678652,32,1460251
15679865,28,1460251
15681077,0,1460251
15682289,-13,1460251
15683502,-19,1462667
15684714,-10,1455009
15685927,3,1455009
15687139,22,1455009
15688352,35,1455009
15689564,32,1455009
15690777,14,1455009
15691989,-8,1455009
15693202,-21,1455009
15694415,-23,1455009
15695627,-14,1456500
15696840,3,1456500
15698052,15,1456500
15699264,21,1456500
15700477,25,1456500
15701689,17,1456500
15702902,11,1456500
15704114,-15,1456500
15705327,-23,1456500
15706539,-20,1454187
15707752,2,1454187
15708964,14,1454187
15710176,28,1454187
15711389,29,1454187
15712601,17,1454187
15713814,-2,1454187
15715026,-18,1454187
15716239,-20,1454187
15717452,-14,1461896
15718664,-1,1461896
15719877,14,1461896
15721088,24,1461896
15722301,26,1461896
15723513,13,1461896
15724726,-1,1461896
15725939,-15,1461896
15727151,-20,1461896
15728363,-7,1461896
15729575,4,1461896
15730788,20,1461896
15732001,27,1461896
15733213,22,1461896
15734426,7,1461896
15735639,-4,1461896
15736851,-16,1461896
15738063,-13,1461896
15739275,-7,1461879
15740488,6,1457271
15741701,18,1457271
15742914,23,1457271
15744125,14,1457271
15745339,5,1457271
15746550,-4,1457271
15747763,18,1457271
15756251,3,1457271
15757464,0,1457271
15758676,-7,1457271
15759888,-4,1459635
15761101,-1,1459635
15762313,14,1459635
15763525,16,1459635
15764738,16,1459635
15765950,11,1459635
15767163,6,1459635
15768375,2,1459635
15769588,0,1459635
15770801,2,1457116
15772013,5,1457116
15773224,9,1457116
15774438,14,1457116
15775651,13,1457116
15776863,11,1457116
15778076,2,1457116
15779288,1,1457116
15780500,2,1457116
15781713,4,1457116
15782925,5,1459686
15784138,6,1459686
15785350,12,1459686
15786563,13,1459686
15787776,4,1459686
15788987,5,1459686
15790200,3,1459686
15791412,4,1459686
15792625,5,1459686
15793838,11,1456500
15795050,11,1456500
15796263,13,1456500
15797475,11,1456500
15798688,4,1456500
15799901,2,1456500
15801113,1,1456500
15802325,1,1456500
15803538,7,1456500
15804751,7,1460971
15805963,10,1460971
15807176,11,1460971
15808388,7,1460971
15809601,6,1460971
15810814,4,1460971
15812026,3,1460971
15813238,6,1460971
15814450,8,1460971
15815663,9,1458915
15816876,9,1458915
15818088,7,1458915
15819300,5,1458915
15820513,2,1458915
15821726,2,1458915
15822938,3,1458915
15824150,7,1458915
15825363,8,1458915
15826575,9,1462513
15827787,5,1462513
15828999,8,1462513
15830212,5,1462513
15831425,4,1462513
15832637,11,1462513
15839912,5,1462513
15841124,6,1462513
15842336,3,1462513
15843550,2,1462513
15844762,5,1462513
15845974,5,1462513
15847187,8,1462513
15848399,9,1462872
15849611,11,1462872
15850823,7,1462872
15852037,4,1462872
15853248,4,1462872
15854461,4,1462872
15855673,5,1462872
15856886,6,1462872
15858098,8,1462872
15859311,14,1464363
15860523,7,1464363
15861735,5,1464363
15862948,7,1464363
15864160,6,1464363
15865373,3,1464363
15866586,6,1464363
15867797,6,1464363
15869011,9,1464363
15870222,10,1459635
15871435,7,1460919
15872647,4,1460919
15873859,6,1460919
15875072,3,1460919
15876285,3,1460919
15877497,4,1460919
15878710,7,1460919
15879922,4,1460919
15881134,4,1460919
15882347,3,1461279
15883559,6,1461279
15884772,3,1461279
15885984,2,1461279
15887197,3,1461279
15888409,-1,1461279
15889622,10,1461279
15890835,6,1461279
15892047,6,1461279
15893260,6,1461279
15894472,2,1461279
15895685,3,1461279
15896898,0,1461279
15898109,0,1461279
15899322,0,1461279
15900534,8,1461279
15901747,10,1461279
15902959,6,1461279
15904172,5,1460251
15905384,3,1460251
15906597,-5,1460251
15907810,1,1460251
15909022,2,1460251
15910235,4,1460251
15911447,8,1460251
15912659,5,1460251
15913872,11,1460251
15915084,3,1458042
15916296,9,1458042
15923571,17,1458042
15924783,13,1458042
15925996,2,1459275
15927208,6,1459275
15928421,1,1459275
15929633,4,1459275
15930846,4,1459275
15932058,11,1459275
15933271,5,1459275
15934483,6,1459275
15935695,6,1459275
15936908,4,1459342
15938120,4,1463438
15939332,3,1463438
15940545,3,1463438
15941757,7,1463438
15942970,5,1463438
15944182,6,1463438
15945395,6,1463438
15946607,5,1463438
15947820,5,1463438
15949033,4,1463438
15950245,5,1463438
15951457,7,1463438
15952670,8,1463438
15953883,8,1463438
15955095,7,1463438
15956308,11,1463438
15957520,8,1457682
15958733,5,1457682
15959945,1,1457682
15961157,5,1457682
15962371,5,1457682
15963583,7,1457682
15964795,6,1457682
15966008,9,1457682
15967220,7,1457682
15968432,5,1457682
15969646,4,1463181
15970858,3,1463181
15972070,3,1463181
15973283,7,1463181
15974495,9,1463181
15975707,7,1463181
15976920,7,1463181
15978132,6,1463181
15979345,5,1463181
15980557,5,1460457
15981770,3,1460457
15982982,5,1460457
15984195,6,1460457
15985407,9,1460457
15986620,10,1460457
15987833,7,1460457
15989045,6,1460457
15990258,6,1460457
15991469,7,1460817
15992682,1,1460817
15993894,5,1460817
15995107,5,1460817
15996320,6,1460817
15997532,7,1460817
15998744,6,1460817
15999956,8,1460817
16008444,5,1460817
16009656,4,1460817
16010869,5,1460817
16012082,2,1460817
16013294,7,1456962
16014506,6,1456962
16015719,10,1456962
16016931,7,1456962
16018144,5,1456962
16019356,8,1456962
16020569,7,1456962
16021782,7,1456962
16022995,8,1456962
16024207,5,1459943
16025419,2,1459943
16026632,6,1459943
16027844,5,1459943
16029056,11,1459943
16030269,7,1459943
16031481,4,1459943
16032694,5,1459943
16033906,3,1459943
16035119,5,1460303
16036331,5,1460303
16037544,7,1460303
16038757,8,1460303
16039969,8,1460303
16041181,7,1460303
16042394,8,1460303
16043607,6,1460303
16044819,7,1460303
16046031,6,1463540
16047244,4,1463540
16048456,3,1463540
16049669,6,1463540
16050881,8,1463540
16052094,4,1463540
16053306,5,1463540
16054519,5,1463540
16055731,6,1463540
16056943,8,1460046
16058156,5,1459018
16059368,7,1459018
16060581,3,1459018
16061793,5,1459018
16063007,4,1459018
16064218,6,1459018
16065431,5,1459018
16066643,3,1459018
16067856,4,1459018
16069068,5,1458144
16070281,5,1458144
16071494,5,1458144
16072705,4,1458144
16073919,4,1458144
16075131,3,1458144
16076344,4,1458144
16077555,7,1458144
16078769,4,1458144
16079980,3,1458144
16081193,3,1458144
16082405,6,1458144
16083618,3,1458144
16084831,4,1458144
16093318,7,1458144
16094530,3,1458144
16095743,5,1458144
16096955,7,1458144
16098167,3,1458144
16099380,7,1458144
16100592,9,1457887
16101805,3,1458247
16103017,3,1458247
16104230,4,1458247
16105443,4,1458247
16106655,6,1458247
16107868,5,1458247
16109080,3,1458247
16110292,5,1458247
16111505,4,1458247
16112718,4,1458286
16113930,5,1454958
16115142,1,1454958
16116355,4,1454958
16117568,4,1454958
16118780,4,1454958
16119993,3,1454958
16121206,4,1454958
16122418,4,1454958
16123630,3,1454959
16124844,4,1455215
16126055,10,1455215
16127268,5,1455215
16128481,3,1455215
16129693,4,1455215
16130906,4,1455215
16132118,5,1455215
16133331,4,1455215
16134544,5,1455215
16135756,8,1455215
16136969,6,1455215
16138181,6,1455215
16139393,7,1455215
16140606,7,1455215
16141819,7,1455215
16143031,4,1455215
16144244,9,1438718
16145456,4,1438718
16146669,3,1438718
16147881,4,1438718
16149094,8,1438718
16150307,7,1438718
16151519,8,1438718
16152732,6,1438718
16153944,8,1438718
16155157,7,1438718
16156369,9,1422376
16157582,5,1422376
16158794,4,1422376
16160007,8,1422376
16161220,7,1422376
16162432,6,1422376
16163645,7,1422376
16164858,7,1422376
16166070,5,1422376
16167283,6,1410607
16168496,3,1410607
16169708,5,1410607
16176983,5,1410607
16178196,8,1395704
16179408,5,1395704
16180620,5,1395704
16181832,4,1395704
16183045,5,1395704
16184258,7,1395704
16185470,8,1395704
16186682,8,1395704
16187895,6,1395704
16189107,6,1395447
16190320,6,1395447
16191532,3,1395447
16192745,6,1395447
16193958,10,1395447
16195170,6,1395447
16196383,4,1395447
16197595,7,1395447
16198808,6,1395447
16200021,10,1387019
16201233,5,1387019
16202445,5,1387019
16203658,8,1387019
16204870,8,1387019
16206083,5,1387019
16207296,7,1387019
16208508,8,1387019
16209720,6,1387019
16210933,7,1372167
16212145,5,1372167
16213358,9,1372167
16214571,7,1372167
16215783,9,1372167
16216996,10,1372167
16218208,5,1372167
16219420,4,1372167
16220633,8,1372167
16221846,8,1361734
16223058,7,1361734
16224271,9,1361734
16225483,12,1361734
16226695,4,1361734
16227908,8,1361734
16229120,3,1361734
16230332,7,1361734
16231545,5,1361734
16232757,8,1355208
16233970,6,1355208
16235183,8,1355208
16236395,7,1355208
16237607,7,1355208
16238819,3,1355208
16240032,5,1355208
16241244,3,1355208
16242457,3,1355208
16243669,9,1363173
16244882,4,1359781
16246094,6,1359781
16247307,4,1359781
16248519,3,1359781
16249732,4,1359781
16250944,4,1359781
16252156,4,1359781
16253369,5,1359781
16260644,1,1359781
16261856,8,1359781
16263069,8,1359781
16264281,5,1359781
16265494,8,1357315
16266706,4,1357006
16267919,4,1357006
16269131,4,1357006
16270344,4,1357006
16271556,5,1357006
16272769,3,1357006
16273981,4,1357006
16275194,3,1357006
16276406,4,1357006
16277619,2,1356287
16278832,3,1356287
16280043,5,1356287
16281256,4,1356287
16282469,7,1356287
16283681,4,1356287
16284893,3,1356287
16286107,5,1356287
16287318,4,1356287
16288531,3,1355927
16289744,2,1355927
16290956,1,1355927
16292168,5,1355927
16293381,4,1355927
16294593,6,1355927
16295806,4,1355927
16297018,4,1355927
16298231,4,1355927
16299444,2,1355794
16300656,4,1361426
16301868,4,1361426
16303081,2,1361426
16304293,4,1361426
16305506,3,1361426
16306719,5,1361426
16307930,5,1361426
16309143,5,1361426
16310356,4,1361463
16311568,4,1357623
16312781,3,1357623
16313993,3,1357623
16315206,4,1357623
16316419,4,1357623
16317631,3,1357623
16318844,4,1357623
16320056,6,1357623
16321268,5,1357623
16322481,5,1357623
16323694,4,1357623
16324906,6,1357623
16326119,4,1357623
16327331,8,1357623
16328543,7,1357623
16329756,8,1357623
16330968,8,1357623
16332181,4,1357623
16333393,3,1357623
16334606,5,1357623
16335819,5,1357623
16337031,8,1357623
16345519,5,1357623
16346731,8,1357623
16347943,7,1357623
16349156,7,1357623
16350369,6,1357623
16351581,5,1357623
16352794,3,1357623
16354006,4,1361940
16355218,4,1361940
16356431,4,1361940
16357644,5,1361940
16358856,7,1361940
16360069,9,1361940
16361281,5,1361940
16362493,5,1361940
16363706,5,1361940
16364918,5,1358343
16366131,4,1358343
16367343,9,1358343
16368556,6,1358343
16369768,7,1358343
16370980,5,1358343
16372193,7,1358343
16373405,4,1358343
16374618,7,1358343
16375830,4,1357623
16377043,5,1357623
16378256,7,1357623
16379468,7,1357623
16380680,4,1357623
16381892,7,1357623
16383105,7,1357623
16384317,4,1357623
16385531,9,1357623
16386743,5,1361786
16387955,5,1361786
16389168,9,1361786
16390380,4,1361786
16391592,5,1361786
16392805,5,1361786
16394017,4,1361786
16395229,5,1361786
16396442,7,1361786
16397654,8,1356647
16398868,6,1356647
16400080,8,1356647
16401292,5,1356647
16402504,11,1356647
16403717,6,1356647
16404930,8,1356647
16406141,7,1356647
16407355,5,1356647
16408567,1,1360809
16409779,3,1360809
16410991,6,1360809
16412204,7,1360809
16413417,6,1360809
16414630,8,1360809
16415841,10,1360809
16417055,11,1360809
16418267,5,1360809
16419479,6,1355979
16420691,3,1355979
16421904,3,1355979
16430391,6,1359730
16431603,4,1356544
16432817,3,1356544
16434029,4,1356544
16435241,3,1356544
16436453,4,1356544
16437666,3,1356544
16438879,3,1356544
16440091,4,1356544
16441303,4,1356544
16442516,3,1358137
16443729,4,1358137
16444941,7,1358137
16446154,4,1358137
16447365,7,1358137
16448578,4,1358137
16449790,0,1358137
16451003,5,1358137
16452216,7,1358137
16453428,4,1355568
16454640,5,1355568
16455853,2,1355568
16457065,6,1355568
16458277,5,1355568
16459490,4,1355568
16460702,4,1355568
16461915,5,1355568
16463127,5,1355568
16464340,6,1359113
16465552,5,1359113
16466765,5,1359113
16467977,5,1359113
16469189,2,1359113
16470401,2,1359113
16471614,4,1359113
16472827,3,1359113
16474039,3,1359113
16475252,4,1356338
16476464,6,1356338
16477676,4,1356338
16478889,3,1356338
16480101,5,1356338
16481314,4,1356338
16482526,4,1356338
16483739,4,1356338
16484951,5,1356338
16486163,5,1356496
16487376,5,1357520
16488588,4,1357520
16489801,2,1357520
16491013,5,1357520
16492224,4,1357520
16493437,3,1357520
16494650,4,1357520
16495863,9,1357520
16497075,4,1357362
16498288,3,1356338
16499500,8,1356338
16500712,4,1356338
16501925,5,1356338
16503137,6,1356338
16504350,5,1356338
16505562,6,1356338
16506775,8,1356338
16515262,6,1356338
16516473,8,1356338
16517686,7,1354180
16518899,2,1354180
16520111,3,1354180
16521324,4,1354180
16522536,5,1354180
16523749,8,1354180
16524961,9,1354180
16526174,5,1354180
16527385,5,1354180
16528598,7,1354180
16529810,6,1361323
16531023,4,1361323
16532235,7,1361323
16533447,8,1361323
16534660,5,1361323
16535872,9,1361323
16537085,9,1361323
16538297,5,1361323
16539510,7,1361323
16540723,5,1360604
16541934,0,1360604
16543147,7,1360604
16544359,7,1360604
16545572,7,1360604
16546785,5,1360604
16547996,6,1360604
16549209,4,1360604
16550421,5,1360604
16551634,4,1359936
16552846,4,1359936
16554059,9,1359936
16555271,6,1359936
16556484,9,1359936
16557697,2,1359936
16558909,8,1359936
16560121,5,1359936
16561333,5,1359936
16562547,4,1357623
16563759,6,1357623
16564971,6,1357623
16566184,6,1357623
16567396,5,1357623
16568608,5,1357623
16569820,5,1357623
16571033,6,1357623
16572245,6,1357623
16573458,8,1360809
16574671,6,1360809
16575882,9,1360809
16577095,7,1360809
16578308,5,1360809
16579520,7,1360809
16580732,8,1360809
16581945,7,1360809
16583157,5,1360809
16584369,7,1359011
16585582,4,1359011
16586794,5,1359011
16588007,7,1359011
16589220,6,1359011
16590432,8,1359011
16591644,4,1359011
16598920,4,1359011
16600132,6,1359011
16601344,7,1359011
16602556,6,1359011
16603770,6,1359011
16604981,7,1359011
16606195,8,1358394
16607407,0,1358394
16608618,5,1358394
16609831,7,1358394
16611044,6,1358394
16612256,7,1358394
16613468,7,1358394
16614681,6,1358394
16615893,7,1358394
16617106,5,1359422
16618318,5,1359422
16619531,5,1359422
16620743,3,1359422
16621956,9,1359422
16623168,8,1359422
16624381,7,1359422
16625593,7,1359422
16626806,4,1359422
16628019,7,1361015
16629231,4,1354745
16630443,4,1354745
16631655,5,1354745
16632869,6,1354745
16634080,4,1354745
16635293,6,1354745
16636505,3,1354745
16637718,4,1354745
16638931,8,1354745
16640143,4,1359062
16641356,4,1359062
16642568,5,1359062
16643780,3,1359062
16644993,4,1359062
16646206,4,1359062
16647418,4,1359062
16648630,2,1359062
16649842,5,1359062
16651055,9,1358291
16652268,5,1358291
16653480,4,1358291
16654693,6,1358291
16655905,5,1358291
16657119,1,1358291
16658331,4,1358291
16659543,5,1358291
16660756,7,1358291
16661968,4,1359319
16663180,4,1359319
16664393,3,1359319
16665605,2,1359319
16666818,3,1359319
16668030,4,1359319
16669243,5,1359319
16670456,4,1359319
16671668,3,1359319
16672881,3,1359308
16674093,2,1356236
16675306,7,1356236
16682580,9,1356236
16683793,17,1359165
16685005,5,1359165
16686219,6,1359165
16687431,5,1359165
16688643,4,1359165
16689855,6,1359165
16691067,3,1359165
16692280,5,1359165
16693493,4,1359165
16694705,5,1359302
16695918,5,1354694
16697130,4,1354694
16698342,5,1354694
16699554,5,1354694
16700767,4,1354694
16701980,4,1354694
16703192,4,1354694
16704404,5,1354694
16705617,1,1354694
16706829,3,1354694
16708042,6,1354694
16709255,7,1354694
16710467,5,1354694
16711680,7,1354694
16712892,4,1354694
16714105,4,1354694
16715317,5,1354694
16716530,5,1357829
16717742,4,1357829
16718954,9,1357829
16720167,7,1357829
16721379,10,1357829
16722592,6,1357829
16723804,5,1357829
16725017,7,1357829
16726230,3,1357829
16727442,7,1361220
16728654,5,1361220
16729867,9,1361220
16731080,6,1361220
16732292,8,1361220
16733504,7,1361220
16734717,8,1361220
16735930,8,1361220
16737142,5,1361220
16738354,7,1360655
16739567,6,1360655
16740779,5,1360655
16741992,7,1360655
16743205,8,1360655
16744416,8,1360655
16745629,7,1360655
16746842,10,1360655
16748054,9,1360655
16749267,5,1359730
16750479,3,1359730
16751692,4,1359730
16752905,6,1359730
16754116,5,1359730
16755329,6,1359730
16756541,9,1359730
16757754,9,1359730
16758966,6,1359730
16767454,5,1359730
16768667,6,1359730
16769879,7,1359730
16771091,6,1362248
16772304,4,1362248
16773516,3,1362248
16774729,7,1362248
16775941,6,1362248
16777154,6,1362248
16778367,9,1362248
16779579,6,1362248
16780791,7,1362248
16782004,9,1355927
16783216,7,1355927
16784428,6,1355927
16785641,5,1355927
16786853,6,1355927
16788066,10,1355927
16789279,7,1355927
16790490,7,1355927
16791703,7,1355927
16792916,8,1356852
16794128,4,1356852
16795340,10,1356852
16796553,7,1356852
16797766,6,1356852
16798978,6,1356852
16800191,10,1356852
16801404,4,1356852
16802615,8,1356852
16803828,11,1356904
16805040,6,1356904
16806253,5,1356904
16807465,7,1356904
16808678,8,1356904
16809891,6,1356904
16811103,7,1356904
16812315,7,1356904
16813528,6,1356904
16814741,3,1355002
16815953,3,1357777
16817165,5,1357777
16818378,4,1357777
16819590,5,1357777
16820803,3,1357777
16822016,4,1357777
16823228,3,1357777
16824440,4,1357777
16825653,6,1357777
16826865,6,1359422
16828078,3,1359422
16829291,4,1359422
16830503,6,1359422
16831716,7,1359422
16832928,3,1359422
16834141,5,1359422
16835353,5,1359422
16836565,3,1359422
16837778,4,1357623
16838990,5,1357623
16840203,5,1357623
16841416,3,1357623
16842629,4,1357623
16843841,6,1357623
16852328,9,1357623
16853541,7,1357623
16854754,10,1357623
16855965,6,1357623
16857179,8,1357623
16858391,4,1359781
16859603,3,1358240
16860815,2,1358240
16862028,5,1358240
16863241,4,1358240
16864453,5,1358240
16865666,3,1358240
16866878,2,1358240
16868090,5,1358240
16869303,6,1358240
16870516,3,1358179
16871728,4,1355619
16872940,5,1355619
16874153,4,1355619
16875365,4,1355619
16876578,5,1355619
16877790,0,1355619
16879002,5,1355619
16880215,2,1355619
16881428,3,1355524
16882640,4,1357572
16883853,6,1357572
16885065,4,1357572
16886277,4,1357572
16887490,5,1357572
16888703,4,1357572
16889916,6,1357572
16891128,4,1357572
16892340,5,1357572
16893553,6,1357572
16894766,6,1357572
16895977,6,1357572
16897191,4,1357572
16898403,6,1357572
16899615,11,1357572
16900828,5,1357572
16902041,3,1356595
16903253,2,1356595
16904465,3,1356595
16905677,3,1356595
16906890,6,1356595
16908103,4,1356595
16909315,6,1356595
16910528,7,1356595
16911740,6,1356595
16912952,6,1356595
16914166,6,1359627
16915377,5,1359627
16916590,5,1359627
16917803,6,1359627
16919015,8,1359627
16920227,10,1359627
16921440,6,1359627
16922652,6,1359627
16923865,10,1359627
16925077,7,1357366
16926290,6,1357366
16927502,6,1357366
16928715,4,1357623
16935989,3,1357623
16937202,2,1357623
16938415,8,1357623
16939626,9,1357623
16940839,11,1357623
16942051,9,1357623
16943264,3,1357623
16944476,7,1357623
16945689,7,1357623
16946901,8,1358651
16948114,2,1358651
16949326,8,1358651
16950539,5,1358651
16951751,10,1358651
16952963,6,1358651
16954176,7,1358651
16955389,8,1358651
16956601,7,1358651
16957814,6,1357829
16959026,4,1357829
16960239,8,1357829
16961451,6,1357829
16962664,10,1357829
16963876,6,1357829
16965089,5,1357829
16966301,6,1357829
16967514,6,1357829
16968726,8,1359216
16969939,2,1359216
16971151,9,1359216
16972363,10,1359216
16973576,7,1359216
16974789,5,1359216
16976000,6,1359216
16977213,6,1359216
16978426,8,1359216
16979639,7,1355619
16980851,4,1355619
16982063,13,1355619
16983276,11,1355619
16984488,5,1355619
16985700,7,1355619
16986912,5,1355619
16988125,4,1355619
16989338,5,1355619
16990551,6,1359833
16991763,7,1359833
16992975,7,1359833
16994188,7,1359833
16995400,7,1359833
16996613,6,1359833
16997826,8,1359833
16999038,5,1359833
17000251,5,1359833
17001463,6,1358445
17002676,5,1358805
17003888,3,1358805
17005100,0,1358805
17006312,5,1358805
17007524,6,1358805
17008737,5,1358805
17009949,4,1358805
17011161,4,1358805
17012374,7,1358805
17019648,4,1358805
17020861,5,1358805
17022073,5,1358805
17023286,6,1353974
17024499,2,1357674
17025711,4,1357674
17026923,3,1357674
17028136,3,1357674
17029348,5,1357674
17030560,6,1357674
17031773,4,1357674
17032985,5,1357674
17034198,7,1357674
17035411,2,1357366
17036622,6,1357366
17037836,5,1357366
17039047,5,1357366
17040260,4,1357366
17041472,5,1357366
17042685,6,1357366
17043898,3,1357366
17045110,3,1357366
17046323,3,1357674
17047534,4,1357674
17048748,7,1357674
17049959,0,1357674
17051172,2,1357674
17052384,3,1357674
17053596,4,1357674
17054809,3,1357674
17056021,5,1357674
17057235,5,1357582
17058446,5,1360398
17059659,3,1360398
17060871,4,1360398
17062084,5,1360398
17063296,4,1360398
17064509,5,1360398
17065720,6,1360398
17066933,4,1360398
17068145,5,1360446
17069358,5,1359422
17070570,2,1359422
17071782,3,1359422
17072995,3,1359422
17074208,6,1359422
17075420,5,1359422
17076632,4,1359422
17077845,5,1359422
17079057,8,1359422
17080270,5,1359422
17081482,5,1359422
17082695,7,1359422
17083908,7,1359422
17085119,7,1359422
17086332,6,1359422
17087544,6,1359422
17088757,10,1362865
17089969,8,1362865
17091182,7,1362865
17092395,7,1362865
17093607,7,1362865
17094819,6,1362865
17096031,4,1362865
17104519,9,1362865
17105730,9,1362865
17106943,6,1362865
17108156,7,1362865
17109367,7,1362865
17110580,7,1362865
17111793,3,1357469
17113005,4,1357469
17114217,7,1357469
17115429,7,1357469
17116643,7,1357469
17117854,7,1357469
17119067,12,1357469
17120280,10,1357469
17121492,8,1357469
17122704,6,1358137
17123916,3,1358137
17125129,4,1358137
17126341,5,1358137
17127554,3,1358137
17128766,8,1358137
17129978,5,1358137
17131191,6,1358137
17132404,4,1358137
17133616,10,1358599
17134828,4,1358599
17136041,4,1358599
17137253,7,1358599
17138466,5,1358599
17139678,8,1358599
17140890,7,1358599
17142102,3,1358599
17143315,6,1358599
17144528,9,1354231
17145740,5,1354231
17146953,6,1354231
17148164,9,1354231
17149377,7,1354231
17150589,6,1354231
17151802,5,1354231
17153014,7,1354231
17154227,6,1354231
17155439,6,1359062
17156651,2,1359062
17157864,6,1359062
17159076,5,1359062
17160290,7,1359062
17161501,7,1359062
17162714,6,1359062
17163927,8,1359062
17165139,11,1359062
17166352,7,1356955
17167564,5,1356955
17168776,8,1356955
17169989,7,1356955
17171202,9,1356955
17172414,7,1356955
17173627,5,1356955
17174839,8,1356955
17176052,7,1356955
17177264,9,1358188
17178476,5,1358188
17179690,9,1358188
17180901,10,1358188
17188177,8,1358445
17189390,4,1357006
17190601,4,1357006
17191814,3,1357006
17193026,6,1357006
17194239,4,1357006
17195452,5,1357006
17196664,4,1357006
17197876,3,1357006
17199089,5,1357006
17200301,5,1360090
17201514,3,1360090
17202726,5,1360090
17203940,6,1360090
17205152,4,1360090
17206364,7,1360090
17207576,5,1360090
17208789,4,1360090
17210002,5,1360090
17211214,8,1360090
17212426,4,1360090
17213639,4,1360090
17214851,3,1360090
17216063,7,1360090
17217276,3,1360090
17218489,5,1360090
17219701,3,1360090
17220913,6,1360090
17222127,3,1357418
17223338,5,1357418
17224551,3,1357418
17225763,6,1357418
17226976,4,1357418
17228188,4,1357418
17229401,2,1357418
17230613,5,1357418
17231825,2,1357418
17233038,5,1352998
17234251,7,1352998
17235463,4,1352998
17236676,2,1352998
17237888,3,1352998
17239100,-1,1352998
17240313,4,1352998
17241526,5,1352998
17242738,5,1352998
17243950,3,1353066
17245163,4,1357674
17246375,7,1357674
17247588,4,1357674
17248801,5,1357674
17250013,4,1357674
17251225,4,1357674
17252437,3,1357674
17253650,3,1357674
17254863,7,1357669
17256075,5,1356133
17257288,2,1356133
17258500,5,1356133
17259712,4,1356133
17260925,4,1356133
17262137,2,1356133
17263349,3,1356133
17264562,7,1356133
17273049,5,1356133
17274262,9,1356133
17275474,6,1359216
17276687,3,1359216
17277900,4,1359216
17279112,6,1359216
17280324,9,1359216
17281538,4,1359216
17282749,7,1359216
17283962,5,1359216
17285175,9,1359216
17286387,4,1359216
17287601,8,1358702
17288812,4,1358702
17290025,5,1358702
17291237,6,1358702
17292450,6,1358702
17293662,4,1358702
17294875,5,1358702
17296088,4,1358702
17297300,5,1358702
17298514,6,1358240
17299725,3,1358240
17300938,6,1358240
17302151,10,1358240
17303363,9,1358240
17304576,8,1358240
17305788,7,1358240
17307001,7,1358240
17308213,6,1358240
17309426,5,1356544
17310639,5,1356544
17311850,6,1356544
17313063,12,1356544
17314276,7,1356544
17315488,9,1356544
17316700,5,1356544
17317914,6,1356544
17319125,4,1356544
17320338,6,1355979
17321550,4,1355979
17322763,6,1355979
17323975,7,1355979
17325188,7,1355979
17326400,6,1355979
17327613,6,1355979
17328825,9,1355979
17330038,7,1355979
17331250,5,1358857
17332463,5,1358857
17333675,4,1358857
17334888,8,1358857
17336101,4,1358857
17337313,7,1358857
17338526,6,1358857
17339738,5,1358857
17340950,8,1358857
17342163,8,1357674
17343376,5,1357674
17344588,4,1357674
17345800,6,1357674
17347013,4,1357674
17348224,5,1357674
17349437,4,1357674
17356713,12,1357674
17357925,7,1357674
17359137,5,1357674
17360350,6,1357674
17361562,8,1357674
17362775,6,1357674
17363987,8,1354437
17365199,3,1354437
17366412,5,1354437
17367624,5,1354437
17368836,6,1354437
17370049,4,1354437
17371261,7,1354437
17372474,8,1354437
17373687,5,1354437
17374899,10,1353049
17376112,5,1356441
17377324,4,1356441
17378536,3,1356441
17379749,5,1356441
17380961,3,1356441
17382174,2,1356441
17383386,5,1356441
17384598,5,1356441
17385811,3,1356441
17387024,5,1357263
17388236,3,1357263
17389448,5,1357263
17390661,4,1357263
17391873,9,1357263
17393087,3,1357263
17394299,5,1357263
17395511,6,1357263
17396723,4,1357263
17397936,3,1359884
17399148,4,1359884
17400361,6,1359884
17401573,5,1359884
17402786,4,1359884
17403998,-1,1359884
17405211,4,1359884
17406423,3,1359884
17407635,7,1359884
17408848,5,1361015
17410060,8,1361015
17411273,3,1361015
17412486,5,1361015
17413697,6,1361015
17414911,6,1361015
17416123,2,1361015
17417336,6,1361015
17418548,3,1361015
17419761,7,1353358
17420973,3,1353358
17422185,4,1353358
17423398,3,1353358
17424610,2,1353358
17425822,5,1353358
17427035,4,1353358
17428248,5,1353358
17429460,5,1353358
17430673,3,1353252
17431886,2,1352484
17433098,6,1352484
17440501,3,1352484
17441585,1,1352484
17442798,3,1352484
17444009,9,1352484
17445221,5,1352484
17446434,7,1352484
17447647,6,1352484
17448859,6,1352484
17450072,9,1352484
17451284,5,1356955
17452497,4,1356955
17453709,4,1356955
17454922,4,1356955
17456134,5,1356955
17457347,6,1356955
17458559,9,1356955
17459771,4,1356955
17460983,5,1356955
17462196,7,1357931
17463408,4,1357931
17464621,4,1357931
17465834,6,1357931
17467046,4,1357931
17468259,9,1357931
17469471,7,1357931
17470684,4,1357931
17471896,6,1357931
17473108,8,1357931
17474321,5,1357983
17475533,4,1357983
17476746,6,1357983
17477958,7,1357983
17479170,7,1357983
17480383,5,1357983
17481596,6,1357983
17482809,7,1357983
17484021,7,1357983
17485233,6,1358343
17486445,7,1358343
17487658,4,1358343
17488871,5,1358343
17490083,6,1358343
17491296,8,1358343
17492508,7,1358343
17493720,6,1358343
17494933,9,1358343
17496146,6,1360244
17497358,7,1360244
17498571,5,1360244
17499783,7,1360244
17500995,7,1360244
17502208,6,1360244
17503420,5,1360244
17504632,7,1360244
17505845,5,1360244
17507057,12,1355927
17508269,7,1355927
17509482,5,1355927
17510694,7,1355927
17511907,5,1355927
17513120,6,1355927
17514332,5,1355927
17515544,6,1355927
17516757,5,1355927
17524032,10,1355927
17525244,9,1355927
17526457,6,1355927
17527669,6,1355927
17528882,8,1359165
17530095,5,1359165
17531307,8,1359165
17532520,5,1359165
17533732,4,1359165
17534944,7,1359165
17536157,6,1359165
17537370,7,1359165
17538582,5,1359165
17539794,5,1359011
17541007,4,1359011
17542220,7,1359011
17543432,8,1359011
17544644,9,1359011
17545858,6,1359011
17547070,6,1359011
17548282,6,1359011
17549494,8,1359011
17550707,7,1357674
17551920,4,1357674
17553132,7,1357674
17554344,7,1357674
17555556,7,1357674
17556770,9,1357674
17557982,7,1357674
17559194,6,1357674
17560407,4,1357674
17561619,5,1357366
17562831,3,1354283
17564044,3,1354283
17565256,3,1354283
17566469,5,1354283
17567681,4,1354283
17568893,3,1354283
17570107,3,1354283
17571318,6,1354283
17572531,3,1354283
17573743,3,1357931
17574955,4,1357931
17576169,4,1357931
17577380,4,1357931
17578593,5,1357931
17579805,3,1357931
17581018,4,1357931
17582231,6,1357931
17583443,3,1357931
17584656,4,1357469
17585868,5,1357469
17587080,4,1357469
17588293,6,1357469
17589506,4,1357469
17590718,5,1357469
17591931,4,1357469
17593143,4,1357469
17594356,4,1357469
17595568,2,1355568
17596780,3,1355568
17597993,4,1355568
17599205,4,1355568
17600418,8,1355568
17608906,5,1355568
17610118,5,1355568
17611331,8,1355568
17612543,8,1355568
17613755,8,1355568
17614968,8,1355568
17616180,9,1356904
17617393,5,1356956
17618605,4,1357212
17619818,5,1357212
17621030,4,1357212
17622242,6,1357212
17623455,6,1357212
17624668,5,1357212
17625880,6,1357212
17627092,4,1357212
17628305,5,1357226
17629518,5,1361066
17630730,4,1361066
17631943,4,1361066
17633155,3,1361066
17634368,5,1361066
17635580,3,1361066
17636793,4,1361066
17638005,5,1361066
17639217,3,1361066
17640430,3,1361066
17641643,6,1361066
17642855,6,1361066
17644067,9,1361066
17645280,7,1361066
17646492,5,1361066
17647705,5,1361066
17648918,6,1361066
17650131,4,1361066
17651342,6,1361066
17652555,6,1361066
17653767,7,1361066
17654980,8,1361066
17656192,7,1361066
17657406,7,1361066
17658617,6,1361066
17659830,6,1361066
17661043,7,1359781
17662255,4,1359781
17663468,6,1359781
17664680,9,1359781
17665892,7,1359781
17667105,4,1359781
17668317,5,1359781
17669531,5,1359781
17670742,7,1359781
17671955,5,1356595
17673167,5,1356595
17674380,7,1356595
17675592,3,1356595
17676805,7,1356595
17678018,5,1356595
17679230,9,1356595
17680442,8,1356595
17681655,9,1356595
17682867,6,1356287
17684080,4,1356287
17685292,4,1356287
17692566,13,1356287
17693779,10,1357418
17694991,4,1357418
17696204,5,1357418
17697416,7,1357418
17698628,4,1357418
17699841,6,1357418
17701053,7,1357418
17702265,5,1357418
17703478,8,1357418
17704691,7,1357109
17705903,4,1357109
17707115,3,1357109
17708327,6,1357109
17709540,9,1357109
17710753,8,1357109
17711965,8,1357109
17713177,3,1357109
17714389,7,1357109
17715603,7,1359525
17716814,4,1359525
17718027,7,1359525
17719240,8,1359525
17720452,5,1359525
17721664,9,1359525
17722877,6,1359525
17724090,5,1359525
17725302,7,1359525
17726514,6,1356750
17727727,3,1356750
17728939,5,1356750
17730152,5,1356750
17731364,6,1356750
17732578,6,1356750
17733790,4,1356750
17735002,7,1356750
17736215,7,1356750
17737427,8,1359730
17738639,6,1359730
17739852,6,1359730
17741064,9,1359730
17742277,7,1359730
17743489,10,1359730
17744702,4,1359730
17745915,5,1359730
17747126,5,1359730
17748339,7,1358086
17749552,4,1354539
17750764,3,1354539
17751976,5,1354539
17753189,2,1354539
17754401,2,1354539
17755614,3,1354539
17756826,5,1354539
17758038,6,1354539
17759251,4,1354539
17760463,3,1345957
17761676,5,1345957
17762888,4,1345957
17764100,6,1345957
17765313,5,1345957
17766525,4,1345957
17767738,3,1345957
17768950,4,1345957
17777437,5,1345957
17778649,7,1345957
17779862,7,1345957
17781075,4,1354642
17782287,6,1355054
17783499,3,1355054
17784712,2,1355054
17785924,4,1355054
17787136,4,1355054
17788349,4,1355054
17789561,8,1355054
17790774,4,1355054
17791987,4,1355054
17793198,4,1355979
17794411,3,1355979
17795623,3,1355979
17796836,3,1355979
17798048,5,1355979
17799260,4,1355979
17800473,4,1355979
17801685,3,1355979
17802897,5,1355979
17804111,5,1355928
17805323,4,1356184
17806535,3,1356184
17807748,3,1356184
17808960,4,1356184
17810172,2,1356184
17811384,3,1356184
17812597,4,1356184
17813809,3,1356184
17815022,5,1356037
17816235,4,1357829
17817447,4,1357829
17818659,3,1357829
17819871,5,1357829
17821084,4,1357829
17822296,5,1357829
17823508,4,1357829
17824721,5,1357829
17825933,5,1357829
17827146,3,1357829
17828359,7,1357829
17829571,7,1357829
17830783,6,1357829
17831995,5,1357829
17833208,8,1357829
17834420,5,1357829
17835632,7,1357829
17836845,6,1357829
17838057,10,1357829
17839269,5,1357829
17840482,4,1357829
17841695,8,1357829
17842907,9,1357829
17844119,6,1357829
17845332,9,1357829
17846544,4,1357829
17847757,12,1356236
17848970,5,1356236
17850182,6,1356236
17851393,6,1356236
17852606,9,1356236
17853818,5,1356236
17861093,4,1356236
17862305,6,1356236
17863518,6,1356236
17864730,6,1356236
17865942,8,1356236
17867154,7,1356236
17868367,8,1356236
17869579,5,1354848
17870792,4,1354848
17872005,4,1354848
17873217,8,1354848
17874428,8,1354848
17875641,7,1354848
17876853,8,1354848
17878066,9,1354848
17879278,9,1354848
17880490,6,1357418
17881702,4,1357418
17882915,7,1357418
17884127,6,1357418
17885340,5,1357418
17886552,5,1357418
17887764,10,1357418
17888977,5,1357418
17890189,6,1357418
17891402,4,1357212
17892614,5,1357212
17893827,6,1357212
17895039,7,1357212
17896251,6,1357212
17897464,6,1357212
17898676,6,1357212
17899889,6,1357212
17901101,7,1357212
17902314,8,1353615
17903526,4,1353615
17904739,6,1353615
17905951,9,1353615
17907164,8,1353615
17908376,9,1353615
17909588,8,1353615
17910801,9,1353615
17912013,6,1353615
17913225,6,1355670
17914438,5,1355670
17915651,7,1355670
17916863,8,1355670
17918076,5,1355670
17919288,8,1355670
17920500,7,1355670
17921713,6,1355670
17922925,9,1355670
17924137,3,1356133
17925351,3,1356133
17926563,4,1356133
17927775,4,1356133
17928987,5,1356133
17930200,9,1356133
17931412,8,1356133
17932625,8,1356133
17933837,4,1356133
17935050,5,1359833
17936263,4,1357880
17937475,7,1357880
17945962,5,1357880
17947175,4,1359165
17948387,2,1359165
17949599,4,1359165
17950811,3,1359165
17952024,5,1359165
17953236,6,1359165
17954449,6,1359165
17955662,6,1359165
17956874,5,1359165
17958086,4,1355413
17959299,3,1355413
17960511,2,1355413
17961723,3,1355413
17962936,4,1355413
17964148,5,1355413
17965360,9,1355413
17966573,8,1355413
17967785,4,1355413
17968997,3,1354694
17970210,4,1354694
17971423,3,1354694
17972635,4,1354694
17973847,4,1354694
17975060,11,1354694
17976272,2,1354694
17977485,5,1354694
17978697,4,1354694
17979909,5,1361889
17981122,4,1361889
17982335,4,1361889
17983547,3,1361889
17984760,6,1361889
17985971,6,1361889
17987184,5,1361889
17988396,6,1361889
17989609,5,1361889
17990821,2,1361767
17992034,4,1356647
17993246,4,1356647
17994459,4,1356647
17995672,5,1356647
17996884,5,1356647
17998097,3,1356647
17999309,5,1356647
18000521,4,1356647
18001734,3,1356601
18002946,4,1358137
18004159,5,1358137
18005371,3,1358137
18006583,4,1358137
18007796,3,1358137
18009008,6,1358137
18010221,4,1358137
18011433,3,1358137
18012646,4,1358228
18013859,6,1358228
18015071,9,1358228
18016282,8,1358228
18017495,7,1358228
18018708,6,1358228
18019920,5,1358228
18021132,5,1358228
18022345,5,1358228
18029619,3,1358228
18030832,5,1358228
18032044,6,1358228
18033257,8,1358228
18034469,6,1357726
18035681,4,1357726
18036894,8,1357726
18038106,5,1357726
18039319,5,1357726
18040531,6,1357726
18041744,7,1357726
18042956,7,1357726
18044169,9,1357726
18045382,9,1356955
18046594,3,1356955
18047806,3,1356955
18049019,7,1356955
18050231,7,1356955
18051444,8,1356955
18052656,7,1356955
18053869,6,1356955
18055081,7,1356955
18056294,5,1358445
18057506,4,1358445
18058719,8,1358445
18059931,9,1358445
18061144,7,1358445
18062356,5,1358445
18063569,5,1358445
18064781,3,1358445
18065993,5,1358445
18067206,8,1355413
18068418,3,1355413
18069631,7,1355413
18070843,6,1355413
18072056,9,1355413
18073268,8,1355413
18074481,10,1355413
18075693,9,1355413
18076906,2,1355413
18078118,5,1358137
18079331,4,1358137
18080543,7,1358137
18081755,9,1358137
18082967,8,1358137
18084180,8,1358137
18085393,7,1358137
18086606,6,1358137
18087818,6,1358137
18089030,8,1356750
18090243,5,1356750
18091455,4,1356750
18092667,6,1356750
18093880,6,1356750
18095093,11,1356750
18096305,8,1356750
18097518,7,1356750
18098729,3,1356750
18099942,6,1357006
18101155,2,1357006
18102367,8,1357006
18103580,11,1357006
18104792,6,1357006
18106004,5,1357006
18114491,4,1357006
18115704,8,1357006
18116916,8,1357006
18118128,9,1357006
18119342,8,1357006
18120553,8,1357006
18121766,8,1356595
18122979,6,1356595
18124191,7,1356595
18125403,7,1356595
18126616,7,1356595
18127828,6,1356595
18129041,7,1356595
18130253,7,1356595
18131465,8,1356595
18132678,6,1359576
18133891,4,1353615
18135103,5,1353615
18136316,3,1353615
18137527,4,1353615
18138741,2,1353615
18139952,5,1353615
18141165,3,1353615
18142377,4,1353615
18143590,4,1353615
18144803,3,1358548
18146015,4,1358548
18147228,4,1358548
18148440,4,1358548
18149652,3,1358548
18150865,7,1358548
18152077,4,1358548
18153289,5,1358548
18154503,4,1358548
18155714,3,1354797
18156927,3,1354797
18158139,4,1354797
18159352,5,1354797
18160565,8,1354797
18161777,5,1354797
18162989,4,1354797
18164202,2,1354797
18165414,1,1354797
18166627,4,1357623
18167839,2,1357623
18169052,5,1357623
18170264,4,1357623
18171477,5,1357623
18172689,4,1357623
18173901,3,1357623
18175114,4,1357623
18176327,7,1357623
18177539,4,1357820
18178752,5,1355516
18179964,8,1355516
18181177,4,1355516
18182390,3,1355516
18183601,2,1355516
18184815,3,1355516
18186027,5,1355516
18187240,1,1355516
18188453,8,1355368
18189664,6,1356904
18190877,5,1356904
18199364,10,1356901
18200576,3,1356133
18201789,3,1356133
18203002,4,1356133
18204213,7,1356133
18205426,2,1356133
18206638,2,1356133
18207851,4,1356133
18209063,8,1356133
18210276,7,1356133
18211488,5,1356133
18212700,5,1356133
18213913,7,1356133
18215125,4,1356133
18216338,7,1356133
18217551,7,1356133
18218763,7,1356133
18219975,6,1356133
18221188,7,1351662
18222400,2,1351662
18223613,7,1351662
18224826,8,1351662
18226038,6,1351662
18227250,5,1351662
18228462,7,1351662
18229675,6,1351662
18230887,7,1351662
18232100,5,1357777
18233312,5,1357777
18234525,8,1357777
18235737,7,1357777
18236949,4,1357777
18238162,7,1357777
18239375,8,1357777
18240587,11,1357777
18241800,5,1357777
18243012,6,1356338
18244225,2,1356338
18245437,7,1356338
18246650,7,1356338
18247862,6,1356338
18249075,8,1356338
18250287,7,1356338
18251501,7,1356338
18252712,9,1356338
18253925,7,1357418
18255137,4,1357418
18256350,6,1357418
18257563,8,1357418
18258775,3,1357418
18259987,7,1357418
18261200,7,1357418
18262412,5,1357418
18263624,7,1357418
18264838,5,1356390
18266049,3,1356390
18267262,7,1356390
18268475,6,1356390
18269687,5,1356390
18270899,6,1356390
18272112,6,1356390
18273324,9,1356390
18274537,9,1356390
18275749,8,1356390
18283025,13,1356390
18284238,9,1356390
18285450,7,1356390
18286662,5,1358599
18287874,5,1358599
18289088,4,1358599
18290300,4,1358599
18291512,7,1358599
18292726,5,1358599
18293938,4,1358599
18295149,6,1358599
18296362,7,1358599
18297575,4,1356390
18298787,4,1356390
18300000,6,1356390
18301212,5,1356390
18302425,5,1356390
18303638,8,1356390
18304849,8,1356390
18306063,10,1356390
18307274,5,1356390
18308487,7,1356492
18309700,6,1356492
18310913,8,1356492
18312125,4,1356492
18313338,8,1356492
18314551,5,1356492
18315762,5,1356492
18316975,8,1356492
18318188,8,1356492
18319400,4,1355824
18320613,5,1358394
18321825,5,1358394
18323037,4,1358394
18324250,5,1358394
18325462,7,1358394
18326674,5,1358394
18327887,6,1358394
18329099,4,1358394
18330312,5,1358394
18331525,4,1352895
18332737,5,1352895
18333949,4,1352895
18335162,3,1352895
18336374,2,1352895
18337587,4,1352895
18338800,-1,1352895
18340012,5,1352895
18341225,4,1352895
18342438,4,1357006
18343650,4,1357006
18344862,4,1357006
18346075,3,1357006
18347287,4,1357006
18348500,4,1357006
18349711,4,1357006
18350924,5,1357006
18352137,4,1357006
18353349,3,1358291
18354562,6,1358291
18355774,3,1358291
18356987,4,1358291
18358199,3,1358291
18359411,8,1358291
18367898,8,1358291
18369111,6,1358291
18370324,4,1358291
18371536,9,1358291
18372748,7,1358291
18373962,8,1358702
18375174,5,1358641
18376386,4,1356081
18377598,0,1356081
18378811,3,1356081
18380024,2,1356081
18381236,4,1356081
18382448,4,1356081
18383661,5,1356081
18384873,5,1356081
18386086,4,1356189
18387299,5,1357469
18388511,5,1357469
18389723,3,1357469
18390935,5,1357469
18392148,2,1357469
18393360,4,1357469
18394573,3,1357469
18395785,1,1357469
18396998,3,1357469
18398210,4,1357469
18399423,4,1357469
18400636,9,1357469
18401848,4,1357469
18403061,11,1357469
18404274,7,1357469
18405485,6,1357469
18406699,7,1353871
18407911,5,1353871
18409124,3,1353871
18410336,7,1353871
18411548,5,1353871
18412760,8,1353871
18413974,7,1353871
18415186,5,1353871
18416399,2,1353871
18417611,6,1353871
18418823,6,1354797
18420036,4,1354797
18421249,5,1354797
18422460,6,1354797
18423673,5,1354797
18424886,6,1354797
18426098,6,1354797
18427311,4,1354797
18428523,6,1354797
18429736,5,1356852
18430948,4,1356852
18432161,5,1356852
18433373,8,1356852
18434586,7,1356852
18435798,5,1356852
18437011,6,1356852
18438224,7,1356852
18439436,5,1356852
18440649,9,1355670
18441861,8,1355670
18443073,5,1355670
18444286,4,1357160
18451561,12,1356441
18452778,5,1356441
18453985,2,1356441
18455199,12,1356441
18456411,5,1356441
18457623,3,1356441
18458836,3,1356441
18460048,5,1356441
18461260,4,1356441
18462472,6,1356441
18463685,4,1356441
18464898,8,1356441
18466110,6,1356441
18467322,6,1356441
18468535,6,1356441
18469747,9,1356441
18470960,8,1356441
18472172,8,1356441
18473385,5,1355310
18474597,3,1355310
18475810,5,1355310
18477022,9,1355310
18478235,5,1355310
18479447,6,1355310
18480659,6,1355310
18481871,7,1355310
18483084,5,1355310
18484296,7,1355310
18485509,4,1355310
18486722,8,1355310
18487934,5,1355310
18489146,7,1355310
18490359,6,1355310
18491572,7,1355310
18492784,4,1355310
18493997,7,1355310
18495209,6,1358291
18496421,3,1358291
18497635,5,1358291
18498846,7,1358291
18500059,9,1358291
18501271,5,1358291
18502484,8,1358291
18503696,8,1358291
18504908,6,1358291
18506121,7,1356544
18507333,4,1358137
18508546,2,1358137
18509758,7,1358137
18510971,3,1358137
18512184,4,1358137
18513396,4,1358137
18514609,4,1358137
18515822,3,1358137
18517033,4,1358137
18518247,5,1351662
18519458,4,1351662
18520672,6,1351662
18521884,4,1351662
18523096,3,1351662
18524308,5,1351662
18525521,4,1351662
18526734,6,1351662
18527946,6,1351662
18536434,6,1351662
18537645,7,1351662
18538858,5,1357880
18540070,3,1356133
18541283,5,1356133
18542496,4,1356133
18543708,5,1356133
18544920,5,1356133
18546133,3,1356133
18547345,5,1356133
18548558,8,1356133
18549770,4,1356133
18550983,3,1356955
18552195,4,1356955
18553408,3,1356955
18554620,4,1356955
18555832,1,1356955
18557045,5,1356955
18558257,5,1356955
18559471,4,1356955
18560682,5,1356955
18561896,5,1356962
18563107,5,1358754
18564320,4,1358754
18565533,6,1358754
18566745,6,1358754
18567958,5,1358754
18569170,4,1358754
18570383,5,1358754
18571595,4,1358754
18572807,2,1358787
18574020,5,1353923
18575232,4,1353923
18576444,5,1353923
18577657,3,1353923
18578870,4,1353923
18580082,4,1353923
18581294,5,1353923
18582506,4,1353923
18583719,3,1353923
18584932,4,1353923
18586145,3,1353923
18587356,10,1353923
18588570,5,1353923
18589782,6,1353923
18590995,6,1353923
18592207,9,1353923
18593419,6,1362146
18594631,3,1362146
18595843,5,1362146
18597057,9,1362146
18598269,6,1362146
18599481,7,1362146
18600693,6,1362146
18601906,5,1362146
18603118,6,1362146
18604331,7,1362146
18605544,7,1355619
18606756,8,1355619
18607968,6,1355619
18609181,8,1355619
18610393,6,1355619
18611607,7,1355619
18612819,5,1355619
18620094,6,1355619
18621307,4,1355619
18622519,8,1355619
18623731,5,1355619
18624944,4,1355619
18626157,6,1355619
18627369,8,1355054
18628582,4,1355054
18629795,7,1355054
18631007,5,1355054
18632220,6,1355054
18633432,5,1355054
18634645,8,1355054
18635858,7,1355054
18637070,5,1355054
18638283,7,1355722
18639496,4,1355722
18640708,6,1355722
18641920,5,1355722
18643133,6,1355722
18644345,8,1355722
18645558,6,1355722
18646771,7,1355722
18647983,8,1355722
18649196,7,1354848
18650408,3,1354848
18651622,5,1354848
18652833,7,1354848
18654047,8,1354848
18655258,8,1354848
18656471,3,1354848
18657684,6,1354848
18658896,7,1354848
18660109,6,1358034
18661321,4,1358034
18662535,6,1358034
18663747,7,1358034
18664959,5,1358034
18666172,5,1358034
18667384,5,1358034
18668597,6,1358034
18669810,9,1358034
18671022,6,1356338
18672234,5,1356338
18673447,5,1356338
18674660,7,1356338
18675872,7,1356338
18677085,7,1356338
18678297,9,1356338
18679510,5,1356338
18680722,7,1356338
18681935,6,1352741
18683148,3,1352741
18684360,6,1352741
18685573,10,1352741
18686786,5,1352741
18687999,6,1352741
18689211,5,1352741
18690423,7,1352741
18691636,7,1352741
18692848,7,1359781
18694060,8,1358497
18695273,4,1358497
18696486,11,1358497
18704973,3,1358497
18706186,5,1358497
18707399,8,1358497
18708611,9,1358497
18709823,6,1358497
18711036,8,1358497
18712249,7,1358497
18713461,7,1358497
18714674,5,1356750
18715887,4,1355362
18717100,4,1355362
18718312,5,1355362
18719524,5,1355362
18720737,6,1355362
18721949,6,1355362
18723162,3,1355362
18724375,4,1355362
18725587,4,1355362
18726800,4,1358394
18728013,3,1358394
18729225,5,1358394
18730437,5,1358394
18731650,3,1358394
18732863,6,1358394
18734076,3,1358394
18735287,4,1358394
18736501,4,1358394
18737712,4,1353820
18738925,4,1353820
18740138,-1,1353820
18741351,3,1353820
18742563,5,1353820
18743776,3,1353820
18744988,3,1353820
18746200,4,1353820
18747413,4,1353820
18748625,5,1353828
18749838,4,1355876
18751050,5,1355876
18752263,4,1355876
18753475,1,1355876
18754688,5,1355876
18755900,4,1355876
18757113,5,1355876
18758326,3,1355876
18759537,4,1355798
18760751,5,1348630
18761963,4,1348630
18763175,6,1348630
18764387,4,1348630
18765599,1,1348630
18766812,4,1348630
18768025,5,1348630
18769237,5,1348630
18770449,3,1348630
18771662,4,1348630
18772874,4,1348630
18774087,5,1348630
18775300,5,1348630
18776512,7,1348630
18777724,9,1348630
18778937,6,1348630
18780149,5,1348630
18781362,8,1348630
18788636,1,1348630
18789850,3,1348630
18791062,12,1348630
18792275,7,1357006
18793486,5,1357006
18794699,6,1357006
18795911,5,1357006
18797124,8,1357006
18798337,8,1357006
18799550,8,1357006
18800762,8,1357006
18801974,4,1357006
18803187,8,1355619
18804399,5,1355619
18805612,6,1355619
18806824,7,1355619
18808037,3,1355619
18809249,7,1355619
18810461,8,1355619
18811674,6,1355619
18812887,7,1355619
18814099,3,1358343
18815312,4,1358343
18816524,5,1358343
18817736,5,1358343
18818950,5,1358343
18820162,7,1358343
18821374,8,1358343
18822587,7,1358343
18823799,4,1358343
18825012,4,1356544
18826225,3,1356544
18827437,6,1356544
18828650,5,1356544
18829862,4,1356544
18831075,7,1356544
18832287,9,1356544
18833499,6,1356544
18834712,8,1356544
18835925,5,1356081
18837138,5,1356081
18838350,6,1356081
18839562,8,1356081
18840775,7,1356081
18841987,6,1356081
18843200,9,1356081
18844412,6,1356081
18845625,5,1356081
18846838,5,1355002
18848050,5,1355002
18849263,11,1355002
18850475,9,1355002
18851688,3,1355002
18852900,4,1355002
18854113,5,1355002
18855325,5,1355002
18856538,6,1355002
18857751,8,1356236
18858963,4,1356236
18860176,7,1356236
18861388,6,1356236
18862601,10,1356236
18863814,8,1356236
18865026,6,1356236
18873514,7,1356236
18874727,6,1356236
18875939,6,1356236
18877151,5,1356236
18878364,7,1356236
18879577,6,1356852
18880789,0,1356852
18882002,5,1356852
18883215,7,1356852
18884427,7,1356852
18885639,9,1356852
18886852,5,1356852
18888064,7,1356852
18889276,4,1356852
18890490,6,1356801
18891702,3,1357469
18892915,4,1357469
18894127,2,1357469
18895340,5,1357469
18896552,5,1357469
18897765,7,1357469
18898977,3,1357469
18900189,5,1357469
18901402,3,1357469
18902615,3,1361220
18903827,5,1361220
18905039,4,1361220
18906253,7,1361220
18907465,4,1361220
18908677,4,1361220
18909890,5,1361220
18911103,4,1361220
18912315,5,1361220
18913527,4,1354694
18914740,4,1354694
18915953,2,1354694
18917165,3,1354694
18918378,5,1354694
18919590,5,1354694
18920803,6,1354694
18922014,5,1354694
18923227,5,1354694
18924440,3,1357366
18925653,3,1357366
18926865,6,1357366
18928077,4,1357366
18929290,4,1357366
18930503,5,1357366
18931715,4,1357366
18932928,4,1357366
18934141,1,1357366
18935352,4,1357413
18936565,7,1356133
18937777,4,1356133
18938991,4,1356133
18940203,6,1356133
18941415,2,1356133
18942628,4,1356133
18943841,5,1356133
18945053,5,1356133
18946265,2,1356195
18947479,2,1359011
18948691,6,1359011
18949903,8,1358902
18958391,5,1357366
18959604,3,1357366
18960817,3,1357366
18962028,4,1357366
18963241,6,1357366
18964455,5,1357366
18965667,4,1357366
18966879,5,1357366
18968091,4,1357366
18969304,5,1357366
18970516,6,1357366
18971729,7,1357366
18972941,8,1357366
18974153,6,1357366
18975366,8,1357366
18976579,7,1357366
18977791,5,1354899
18979004,7,1354899
18980216,5,1354899
18981429,6,1354899
18982642,4,1354899
18983854,6,1354899
18985066,9,1354899
18986279,9,1354899
18987492,6,1354899
18988704,5,1354899
18989917,10,1359319
18991130,1,1359319
18992343,7,1359319
18993555,4,1359319
18994767,8,1359319
18995980,8,1359319
18997192,10,1359319
18998405,5,1359319
18999617,6,1359319
19000830,6,1359113
19002043,4,1359113
19003255,5,1359113
19004467,8,1359113
19005680,8,1359113
19006892,9,1359113
19008105,6,1359113
19009317,5,1359113
19010530,6,1359113
19011743,3,1358188
19012955,4,1358188
19014168,8,1358188
19015380,6,1358188
19016593,7,1358188
19017806,8,1358188
19019018,7,1358188
19020231,8,1358188
19021443,7,1358188
19022656,7,1355876
19023868,5,1355876
19025080,5,1355876
19026293,5,1355876
19027506,6,1355876
19028719,9,1355876
19029932,7,1355876
19031143,6,1355876
19032356,9,1355876
19033568,8,1359987
19034781,11,1359987
19043269,6,1359987
19044481,6,1355927
19045694,4,1355927
19046907,5,1355927
19048119,4,1355927
19049331,6,1355927
19050544,7,1355927
19051756,8,1355927
19052969,7,1355927
19054182,7,1355927
19055394,8,1357366
19056606,4,1357366
19057819,8,1357366
19059031,5,1357366
19060244,6,1357366
19061456,7,1357366
19062669,8,1357366
19063882,8,1357366
19065094,7,1357366
19066306,7,1353820
19067519,5,1353820
19068731,7,1353820
19069944,8,1353820
19071156,6,1353820
19072369,7,1353820
19073581,4,1353820
19074794,4,1353820
19076007,6,1353820
19077219,8,1357160
19078431,4,1357469
19079643,5,1357469
19080856,4,1357469
19082069,6,1357469
19083281,4,1357469
19084494,6,1357469
19085707,4,1357469
19086918,4,1357469
19088131,6,1357469
19089344,5,1358445
19090556,6,1358445
19091769,3,1358445
19092981,6,1358445
19094193,6,1358445
19095407,1,1358445
19096618,4,1358445
19097831,4,1358445
19099043,3,1358445
19100256,4,1354180
19101468,4,1354180
19102681,4,1354180
19103893,4,1354180
19105106,5,1354180
19106318,3,1354180
19107531,4,1354180
19108744,4,1354180
19109956,5,1354180
19111169,4,1358188
19112381,4,1358188
19113593,5,1358188
19114806,4,1358188
19116019,5,1358188
19117231,4,1358188
19118443,5,1358188
19119656,7,1358188
19128143,8,1358188
19129356,7,1358188
19130569,8,1358188
19131782,6,1356133
19132994,2,1356225
19134206,3,1353409
19135419,2,1353409
19136631,5,1353409
19137844,3,1353409
19139056,8,1353409
19140270,3,1353409
19141481,5,1353409
19142694,4,1353409
19143906,4,1353420
19145119,5,1356492
19146332,3,1356492
19147544,4,1356492
19148757,7,1356492
19149969,4,1356492
19151182,5,1356492
19152394,4,1356492
19153606,4,1356492
19154819,4,1356492
19156032,3,1356492
19157244,6,1356492
19158456,7,1356492
19159669,7,1356492
19160882,8,1356492
19162094,4,1356492
19163306,7,1356492
19164519,6,1355773
19165731,5,1355773
19166944,7,1355773
19168157,7,1355773
19169369,6,1355773
19170581,9,1355773
19171794,4,1355773
19173007,7,1355773
19174219,9,1355773
19175431,8,1355773
19176644,5,1358240
19177856,5,1358240
19179068,8,1358240
19180281,7,1358240
19181493,5,1358240
19182706,6,1358240
19183919,7,1358240
19185131,6,1358240
19186343,8,1358240
19187556,7,1355310
19188768,4,1355310
19189981,7,1355310
19191193,6,1355310
19192405,6,1355310
19193618,8,1355310
19194830,5,1355310
19196043,7,1355310
19197256,6,1355310
19198468,8,1358599
19199680,5,1358599
19200893,5,1358599
19202105,7,1358599
19203318,5,1358599
19204530,2,1358599
19211805,2,1358599
19213018,6,1358599
19214230,5,1358599
19215442,6,1358599
19216655,5,1358599
19217868,8,1358599
19219080,5,1358599
19220292,6,1356492
19221505,5,1356492
19222718,6,1356492
19223930,5,1356492
19225142,7,1356492
19226356,8,1356492
19227568,10,1356492
19228780,6,1356492
19229992,8,1356492
19231205,7,1354385
19232417,5,1354385
19233630,9,1354385
19234842,8,1354385
19236055,8,1354385
19237267,9,1354385
19238480,7,1354385
19239692,3,1354385
19240905,8,1354385
19242117,6,1356184
19243331,3,1356184
19244543,7,1356184
19245755,9,1356184
19246967,8,1356184
19248180,7,1356184
19249393,5,1356184
19250605,4,1356184
19251818,7,1356184
19253030,6,1355259
19254243,5,1355259
19255455,4,1355259
19256668,6,1355259
19257881,4,1355259
19259094,7,1355259
19260306,9,1355259
19261519,7,1355259
19262731,8,1355259
19263943,7,1355208
19265156,4,1355362
19266369,5,1355362
19267581,4,1355362
19268793,4,1355362
19270006,4,1355362
19271218,5,1355362
19272431,4,1355362
19273644,4,1355362
19274857,6,1355362
19276069,4,1355413
19277282,5,1355413
19278494,2,1355413
19279706,5,1355413
19280919,4,1355413
19282131,0,1355413
19283344,4,1355413
19284556,6,1355413
19285769,6,1355413
19286981,4,1355413
19288194,8,1355413
19295501,9,1355413
19296682,7,1355413
19297895,15,1356801
19299107,3,1356801
19300319,4,1356801
19301531,7,1356801
19302744,4,1356801
19303957,2,1356801
19305169,3,1356801
19306382,2,1356801
19307594,4,1356801
19308807,3,1356081
19310019,5,1356081
19311232,5,1356081
19312444,5,1356081
19313657,4,1356081
19314869,7,1356081
19316082,5,1356081
19317295,3,1356081
19318506,3,1356081
19319719,5,1356135
19320932,5,1356647
19322144,-1,1356647
19323356,5,1356647
19324569,3,1356647
19325782,4,1356647
19326995,2,1356647
19328206,3,1356647
19329419,2,1356647
19330632,4,1356553
19331844,4,1359113
19333056,7,1359113
19334269,5,1359113
19335481,6,1359113
19336694,4,1359113
19337907,4,1359113
19339118,4,1359113
19340331,4,1359113
19341544,4,1359113
19342757,6,1359113
19343969,9,1359113
19345182,7,1359113
19346394,6,1359113
19347607,6,1359113
19348819,5,1359113
19350031,5,1359113
19351244,8,1358548
19352456,4,1358548
19353668,6,1358548
19354881,5,1358548
19356094,4,1358548
19357306,8,1358548
19358519,9,1358548
19359731,7,1358548
19360943,9,1358548
19362156,6,1358548
19363368,8,1354745
19364581,4,1354745
19365794,6,1354745
19367006,8,1354745
19368219,5,1354745
19369431,4,1354745
19370643,7,1354745
19371855,4,1354745
19379130,5,1354745
19380343,7,1354745
19381555,8,1354745
19382767,6,1354745
19383980,7,1354745
19385192,7,1355824
19386404,4,1355824
19387617,7,1355824
19388830,7,1355824
19390042,7,1355824
19391255,4,1355824
19392467,8,1355824
19393680,8,1355824
19394892,8,1355824
19396104,6,1357315
19397317,4,1357315
19398529,7,1357315
19399742,5,1357315
19400954,5,1357315
19402166,10,1357315
19403379,9,1357315
19404592,6,1357315
19405804,4,1357315
19407017,7,1355824
19408229,5,1355824
19409441,6,1355824
19410654,6,1355824
19411866,4,1355824
19413079,5,1355824
19414291,6,1355824
19415503,5,1355824
19416716,6,1355824
19417929,7,1356081
19419140,2,1356081
19420353,4,1356081
19421565,6,1356081
19422778,6,1356081
19423990,5,1356081
19425203,5,1356081
19426415,5,1356081
19427628,9,1356081
19428840,6,1356595
19430053,5,1356595
19431265,7,1356595
19432478,6,1356595
19433691,7,1356595
19434903,5,1356595
19436115,4,1356595
19437327,7,1356595
19438540,6,1356595
19439752,11,1357315
19440965,5,1357315
19442177,6,1357315
19443390,4,1357315
19444603,7,1357315
19445815,2,1357315
19447027,3,1357315
19448240,8,1357315
19449452,4,1357315
19450664,6,1359371
19451877,4,1357829
19453089,5,1357829
19454302,4,1357829
19455514,3,1357829
19464001,10,1357829
19465214,8,1357829
19466427,5,1357829
19467639,8,1357829
19468851,5,1357829
19470064,10,1357829
19471276,8,1357829
19472488,5,1355105
19473701,4,1354488
19474914,7,1354488
19476126,4,1354488
19477339,3,1354488
19478551,4,1354488
19479764,4,1354488
19480976,4,1354488
19482188,4,1354488
19483400,3,1354488
19484614,3,1359987
19485825,5,1359987
19487038,4,1359987
19488251,5,1359987
19489463,4,1359987
19490676,4,1359987
19491888,3,1359987
19493100,3,1359987
19494312,4,1359987
19495525,4,1355105
19496737,3,1355105
19497950,5,1355105
19499162,4,1355105
19500375,2,1355105
19501587,5,1355105
19502800,3,1355105
19504011,4,1355105
19505225,2,1355105
19506436,2,1355262
19507649,2,1356030
19508861,7,1356030
19510073,7,1356030
19511286,4,1356030
19512499,4,1356030
19513711,5,1356030
19514923,4,1356030
19516135,3,1356030
19517348,5,1355882
19518561,9,1357418
19519773,6,1357418
19520985,4,1357418
19522198,3,1357418
19523411,3,1357418
19524622,4,1357418
19525835,4,1357418
19527048,5,1357418
19528260,4,1357418
19529472,6,1357418
19530685,6,1357418
19531898,7,1357418
19533109,5,1357418
19534322,7,1357418
19535534,6,1357418
19536747,5,1357418
19537959,7,1359627
19539172,3,1359627
19540384,7,1359627
19547659,4,1359627
19548871,5,1359627
19550084,4,1356081
19551296,3,1356081
19552509,3,1356081
19553721,6,1356081
19554934,4,1356081
19556146,5,1356081
19557359,7,1356081
19558572,7,1356081
19559784,5,1356081
19560997,7,1356595
19562209,5,1356595
19563421,6,1356595
19564633,6,1356595
19565846,7,1356595
19567059,10,1356595
19568271,7,1356595
19569483,4,1356595
19570696,9,1356595
19571908,8,1354694
19573120,5,1354694
19574333,5,1354694
19575545,7,1354694
19576758,11,1354694
19577970,5,1354694
19579183,6,1354694
19580395,7,1354694
19581608,8,1354694
19582819,5,1363944
19584032,5,1363944
19585244,6,1363944
19586457,8,1363944
19587669,7,1363944
19588882,8,1363944
19590094,5,1363944
19591307,7,1363944
19592519,9,1363944
19593731,8,1356390
19594944,5,1356390
19596156,10,1356390
19597369,8,1356390
19598582,9,1356390
19599794,7,1356390
19601007,4,1356390
19602219,8,1356390
19603431,6,1356390
19604643,4,1356904
19605856,6,1356904
19607068,4,1356904
19608280,7,1356904
19609493,6,1356904
19610705,5,1356904
19611918,6,1356904
19613129,7,1356904
19614342,7,1356904
19615555,5,1357674
19616767,4,1357674
19617979,8,1357674
19619192,7,1357674
19620404,4,1357674
19621617,6,1357674
19622829,7,1357674
19624041,9,1357674
19632529,7,1357674
19633741,6,1357674
19634954,4,1357674
19636166,5,1357674
19637378,6,1356441
19638591,5,1356492
19639804,5,1356492
19641016,3,1356492
19642228,5,1356492
19643441,3,1356492
19644653,4,1356492
19645866,7,1356492
19647078,4,1356492
19648290,3,1356492
19649503,5,1358445
19650715,5,1358445
19651927,4,1358445
19653140,5,1358445
19654352,6,1358445
19655565,7,1358445
19656777,3,1358445
19657989,3,1358445
19659201,4,1358445
19660414,4,1356081
19661626,5,1356081
19662839,5,1356081
19664051,5,1356081
19665264,4,1356081
19666476,3,1356081
19667688,4,1356081
19668900,6,1356081
19670113,3,1356081
19671326,3,1352021
19672537,5,1352021
19673750,5,1352021
19674962,6,1352021
19676175,3,1352021
19677388,4,1352021
19678600,4,1352021
19679813,4,1352021
19681025,5,1352021
19682237,5,1354694
19683449,4,1354694
19684662,5,1354694
19685874,4,1354694
19687087,4,1354694
19688299,4,1354694
19689512,4,1354694
19690724,3,1354694
19691936,3,1354694
19693149,4,1354694
19694362,5,1354694
19695573,5,1354694
19696786,5,1354694
19697998,4,1354694
19699210,4,1354694
19700423,3,1354694
19701635,2,1354694
19702848,5,1354694
19704060,11,1354717
19705273,5,1347293
19706485,4,1347293
19707697,4,1347293
19708910,7,1347293
19717397,5,1347293
19718610,12,1347293
19719821,6,1347293
19721034,5,1347293
19722247,7,1347293
19723459,7,1347293
19724671,9,1357160
19725884,4,1357160
19727096,4,1357160
19728308,6,1357160
19729520,5,1357160
19730734,6,1357160
19731946,7,1357160
19733157,7,1357160
19734371,5,1357160
19735583,6,1357160
19736795,6,1355413
19738008,4,1355413
19739220,4,1355413
19740432,9,1355413
19741644,7,1355413
19742856,7,1355413
19744070,3,1355413
19745281,8,1355413
19746494,6,1355413
19747707,6,1356595
19748919,4,1356595
19750131,7,1356595
19751344,5,1356595
19752556,7,1356595
19753768,8,1356595
19754981,8,1356595
19756193,7,1356595
19757406,6,1356595
19758618,6,1358240
19759831,3,1358240
19761043,7,1358240
19762256,6,1358240
19763468,6,1358240
19764680,8,1358240
19765893,8,1358240
19767106,9,1358240
19768318,7,1358240
19769531,6,1354591
19770743,3,1354591
19771955,7,1354591
19773167,6,1354591
19774380,6,1354591
19775592,6,1354591
19776804,4,1354591
19778017,7,1354591
19779229,8,1354591
19780442,7,1358857
19781654,5,1358857
19782867,6,1358857
19784080,5,1358857
19785292,6,1358857
19786504,6,1358857
19787717,7,1358857
19788930,7,1358857
19790141,9,1358857
19791354,4,1355824
19792566,4,1355824
19793779,5,1355824
19801054,7,1355824
19802266,5,1356955
19803479,3,1356955
19804692,7,1356955
19805904,7,1356955
19807116,4,1356955
19808328,7,1356955
19809541,9,1356955
19810754,10,1356955
19811966,6,1356955
19813179,7,1353615
19814391,2,1353615
19815603,5,1353615
19816815,6,1353615
19818028,6,1353615
19819240,6,1353615
19820453,5,1353615
19821666,6,1353615
19822877,2,1353615
19824091,8,1354642
19825302,3,1356698
19826516,4,1356698
19827727,5,1356698
19828941,4,1356698
19830152,3,1356698
19831365,8,1356698
19832577,5,1356698
19833790,4,1356698
19835002,4,1356698
19836214,4,1353871
19837427,5,1353871
19838640,4,1353871
19839852,5,1353871
19841065,9,1353871
19842278,5,1353871
19843490,4,1353871
19844702,3,1353871
19845915,4,1353871
19847126,6,1356133
19848339,5,1356133
19849551,5,1356133
19850764,6,1356133
19851976,3,1356133
19853188,6,1356133
19854402,4,1356133
19855614,4,1356133
19856826,2,1356133
19858039,5,1357212
19859251,4,1357212
19860463,6,1357212
19861675,5,1357212
19862889,2,1357212
19864100,4,1357212
19865314,4,1357212
19866525,6,1357212
19867738,0,1357212
19868950,5,1356441
19870163,5,1356441
19871375,3,1356441
19872588,2,1356441
19873800,4,1356441
19875013,5,1356441
19876225,5,1356441
19877438,9,1356441
19885925,3,1356441
19887138,2,1356441
19888350,7,1356441
19889563,4,1354129
19890775,5,1354085
19891987,4,1356133
19893200,2,1356133
19894413,3,1356133
19895625,4,1356133
19896837,3,1356133
19898050,4,1356133
19899263,4,1356133
19900475,3,1356133
19901687,2,1356133
19902900,3,1356133
19904112,5,1356133
19905325,7,1356133
19906538,6,1356133
19907750,7,1356133
19908963,6,1356133
19910175,10,1356133
19911388,6,1355310
19912600,1,1355310
19913812,2,1355310
19915025,5,1355310
19916237,6,1355310
19917450,7,1355310
19918663,7,1355310
19919875,9,1355310
19921087,5,1355310
19922300,3,1355310
19923512,4,1354488
19924725,5,1354488
19925937,12,1354488
19927149,10,1354488
19928362,7,1354488
19929575,6,1354488
19930787,9,1354488
19932000,6,1354488
19933213,4,1354488
19934424,5,1352021
19935637,3,1352021
19936850,4,1352021
19938062,10,1352021
19939274,6,1352021
19940487,8,1352021
19941700,8,1352021
19942912,5,1352021
19944124,6,1352021
19945336,7,1355927
19946549,2,1355927
19947761,8,1355927
19948974,4,1355927
19950187,7,1355927
19951399,7,1355927
19952612,6,1355927
19953824,6,1355927
19955036,7,1355927
19956249,6,1358908
19957461,5,1358908
19958673,7,1358908
19959887,6,1358908
19961099,4,1358908
19962311,9,1358908
19969586,9,1358908
19970798,5,1358908
19972010,6,1358908
19973224,4,1358908
19974436,7,1358908
19975648,6,1358908
19976860,7,1358908
19978073,6,1356287
19979285,5,1356287
19980498,7,1356287
19981710,8,1356287
19982923,7,1356287
19984135,9,1356287
19985347,7,1356287
19986560,5,1356287
19987773,6,1356287
19988985,7,1357058
19990197,8,1357058
19991410,8,1357058
19992622,10,1357058
19993834,6,1357058
19995047,8,1357058
19996260,8,1357058
19997472,7,1357058
19998684,7,1357058
19999897,8,1353974
20001109,3,1353974
20002322,7,1353974
20003535,7,1353974
20004747,7,1353974
20005959,5,1353974
20007172,8,1353974
20008384,7,1353974
20009596,8,1353974
20010809,9,1355156
20012021,6,1353666
20013234,4,1353666
20014447,4,1353666
20015659,3,1353666
20016872,3,1353666
20018084,5,1353666
20019296,3,1353666
20020508,4,1353666
20021721,4,1353666
20022933,6,1353769
20024146,2,1353769
20025359,6,1353769
20026571,6,1353769
20027783,3,1353769
20028996,1,1353769
20030208,4,1353769
20031421,4,1353769
20032634,5,1353769
20033847,5,1358445
20035059,10,1358445
20036272,7,1358445
20037484,3,1358445
20038696,3,1358445
20039910,4,1358445
20041121,4,1358445
20042335,4,1358445
20043547,6,1358445
20044760,9,1356698
20045972,5,1356698
20054459,7,1356698
20055672,4,1358086
20056884,4,1358086
20058097,4,1358086
20059309,4,1358086
20060522,6,1358086
20061735,5,1358086
20062946,6,1358086
20064159,5,1358086
20065372,2,1358086
20066584,4,1358083
20067796,3,1357315
20069009,4,1357315
20070221,6,1357315
20071435,2,1357315
20072646,4,1357315
20073859,5,1357315
20075071,4,1357315
20076284,5,1357315
20077497,4,1357452
20078709,4,1352844
20079921,5,1352844
20081134,0,1352844
20082347,4,1352844
20083559,7,1352844
20084772,5,1352844
20085983,5,1352844
20087196,4,1352844
20088408,4,1352808
20089621,2,1356904
20090834,4,1356904
20092045,4,1356904
20093259,4,1356904
20094470,4,1356904
20095683,3,1356904
20096896,3,1356904
20098108,4,1356904
20099320,2,1356904
20100533,4,1356904
20101745,6,1356904
20102957,8,1356904
20104171,7,1356904
20105383,6,1356904
20106595,5,1356904
20107807,7,1356904
20109020,8,1356904
20110232,5,1354694
20111444,2,1354694
20112657,7,1354694
20113869,7,1354694
20115082,6,1354694
20116294,7,1354694
20117507,6,1354694
20118719,7,1354694
20119931,5,1354694
20121143,5,1357726
20122356,6,1357726
20123569,7,1357726
20124781,9,1357726
20125993,8,1357726
20127206,9,1357726
20128419,7,1357726
20129631,6,1357726
20130843,5,1357726
20138118,4,1357726
20139331,8,1357726
20140544,6,1357726
20141756,10,1357726
20142968,6,1357469
20144181,3,1357469
20145393,6,1357469
20146606,7,1357469
20147819,6,1357469
20149031,8,1357469
20150244,7,1357469
20151456,6,1357469
20152668,5,1357469
20153881,7,1352124
20155093,3,1352124
20156306,7,1352124
20157519,7,1352124
20158731,7,1352124
20159943,5,1352124
20161156,6,1352124
20162368,11,1352124
20163581,6,1352124
20164793,5,1356492
20166006,0,1356492
20167219,6,1356492
20168431,5,1356492
20169643,7,1356492
20170855,5,1356492
20172068,6,1356492
20173280,5,1356492
20174493,6,1356492
20175706,5,1353152
20176918,6,1353152
20178130,7,1353152
20179343,8,1353152
20180555,5,1353152
20181768,6,1353152
20182981,7,1353152
20184193,10,1353152
20185406,8,1353152
20186617,4,1355722
20187831,3,1355722
20189043,7,1355722
20190255,4,1355722
20191467,9,1355722
20192680,4,1355722
20193892,7,1355722
20195105,4,1355722
20196317,6,1355722
20197530,5,1358959
20198743,5,1358959
20199955,7,1358959
20201167,7,1358959
20202380,5,1358959
20203592,5,1358959
20204805,4,1358959
20206018,7,1358959
20207230,5,1358959
20208442,9,1355824
20209655,3,1355773
20210868,5,1355773
20212080,3,1355773
20213292,6,1355773
20214505,5,1355773
20222992,9,1355773
20224205,5,1355773
20225418,4,1355773
20226629,7,1355773
20227842,6,1355773
20229054,11,1355773
20230267,6,1352433
20231479,5,1355619
20232692,3,1355619
20233904,5,1355619
20235116,4,1355619
20236329,2,1355619
20237541,2,1355619
20238754,6,1355619
20239966,5,1355619
20241179,4,1355619
20242391,4,1360039
20243603,4,1360039
20244816,3,1360039
20246028,4,1360039
20247240,5,1360039
20248453,4,1360039
20249666,4,1360039
20250878,4,1360039
20252090,4,1360039
20253302,3,1360083
20254516,4,1358291
20255728,4,1358291
20256940,4,1358291
20258153,3,1358291
20259365,4,1358291
20260577,5,1358291
20261790,3,1358291
20263002,2,1358291
20264214,6,1358194
20265427,5,1359730
20266639,4,1359730
20267852,3,1359730
20269064,7,1359730
20270276,5,1359730
20271489,5,1359730
20272701,7,1359730
20273915,4,1359730
20275126,5,1359770
20276339,5,1356698
20277551,4,1356698
20278764,3,1356698
20279977,3,1356698
20281189,5,1356698
20282402,3,1356698
20283614,6,1356698
20284827,3,1356698
20286039,4,1356698
20287252,3,1356698
20288464,4,1356698
20289676,7,1356698
20290890,6,1356698
20292102,4,1356698
20293315,7,1356698
20294527,5,1356698
20295739,6,1356698
20296952,8,1354591
20298165,5,1354591
20299377,11,1354591
20306652,3,1354591
20307864,3,1357418
20309077,4,1357418
20310290,3,1357418
20311503,4,1357418
20312715,4,1357418
20313927,5,1357418
20315140,5,1357418
20316352,4,1357418
20317565,7,1357418
20318778,5,1354797
20319990,3,1354797
20321203,2,1354797
20322415,6,1354797
20323628,9,1354797
20324840,7,1354797
20326053,7,1354797
20327265,8,1354797
20328477,5,1354797
20329691,5,1356390
20330903,3,1356390
20332116,6,1356390
20333328,8,1356390
20334541,6,1356390
20335754,6,1356390
20336966,4,1356390
20338179,8,1356390
20339391,7,1356390
20340604,7,1357418
20341817,4,1357418
20343029,10,1357418
20344241,8,1357418
20345453,7,1357418
20346666,5,1357418
20347878,8,1357418
20349091,6,1357418
20350304,10,1357418
20351516,6,1354334
20352728,6,1354334
20353941,8,1354334
20355153,8,1354334
20356366,9,1354334
20357579,6,1354334
20358791,4,1354334
20360004,5,1354334
20361216,6,1354334
20362428,6,1357109
20363640,4,1357109
20364853,6,1357109
20366066,11,1357109
20367279,6,1357109
20368491,8,1357109
20369703,5,1357109
20370915,6,1357109
20372128,7,1357109
20373340,2,1355773
20374553,3,1355773
20375765,8,1355773
20376978,7,1355773
20378190,5,1355773
20379402,7,1355773
20380616,6,1355773
20381827,4,1355773
20383040,5,1355773
20391527,4,1355773
20392740,4,1355773
20393952,7,1355773
20395165,6,1359011
20396377,5,1356801
20397589,4,1356801
20398802,5,1356801
20400015,5,1356801
20401228,3,1356801
20402440,5,1356801
20403652,5,1356801
20404865,5,1356801
20406077,5,1356801
20407289,5,1358394
20408502,7,1358394
20409714,4,1358394
20410926,2,1358394
20412139,3,1358394
20413352,4,1358394
20414564,8,1358394
20415776,3,1358394
20416989,6,1358394
20418201,4,1349863
20419415,3,1349863
20420626,5,1349863
20421839,4,1349863
20423051,3,1349863
20424264,1,1349863
20425476,5,1349863
20426689,3,1349863
20427902,6,1349863
20429114,4,1359371
20430327,4,1359371
20431539,4,1359371
20432752,8,1359371
20433964,2,1359371
20435176,6,1359371
20436389,3,1359371
20437601,3,1359371
20438815,2,1359371
20440026,5,1356698
20441239,4,1356698
20442452,4,1356698
20443664,7,1356698
20444876,6,1356698
20446089,2,1356698
20447302,4,1356698
20448514,3,1356698
20449726,4,1356698
20450939,7,1356651
20452152,4,1357931
20453364,3,1357931
20454576,5,1357931
20455788,4,1357931
20457001,6,1357931
20458213,5,1357931
20459426,3,1357931
20460638,1,1357931
20461851,4,1358069
20463064,9,1353717
20464276,3,1353717
20465488,4,1353717
20466701,5,1353717
20467914,8,1353717
20476401,5,1353717
20477613,6,1353717
20478826,6,1353717
20480039,3,1353717
20481251,7,1353717
20482463,7,1358548
20483676,6,1358548
20484889,4,1358548
20486101,5,1358548
20487313,6,1358548
20488526,8,1358548
20489739,6,1358548
20490951,7,1358548
20492163,7,1358548
20493376,4,1358548
20494588,6,1356030
20495801,3,1356030
20497014,7,1356030
20498226,6,1356030
20499439,9,1356030
20500651,6,1356030
20501863,7,1356030
20503076,3,1356030
20504288,7,1356030
20505501,4,1357058
20506713,5,1357058
20507926,6,1357058
20509138,8,1357058
20510351,8,1357058
20511564,4,1357058
20512776,6,1357058
20513988,9,1357058
20515201,5,1357058
20516414,6,1357366
20517626,4,1357366
20518839,8,1357366
20520051,7,1357366
20521264,6,1357366
20522476,9,1357366
20523688,3,1357366
20524901,10,1357366
20526113,4,1357366
20527325,9,1355002
20528538,7,1355002
20529751,8,1355002
20530963,6,1355002
20532175,6,1355002
20533388,8,1355002
20534600,9,1355002
20535812,6,1355002
20537025,5,1355002
20538237,8,1356698
20539450,6,1356698
20540663,6,1356698
20541875,8,1356698
20543088,4,1356698
20544300,6,1356698
20545512,9,1356698
20546726,8,1356698
20547938,6,1356698
20549150,7,1355876
20550363,6,1355876
20551575,5,1355876
20552787,5,1355876
20560062,12,1356750
20561275,5,1356750
20562486,5,1356750
20563699,6,1356750
20564911,7,1356750
20566124,5,1356750
20567336,7,1356750
20568549,9,1356750
20569761,9,1356750
20570974,7,1352895
20572186,3,1352895
20573398,5,1352895
20574611,6,1352895
20575823,5,1352895
20577036,5,1352895
20578248,7,1352895
20579460,8,1352895
20580672,5,1352895
20581886,6,1352844
20583097,0,1356904
20584310,4,1356904
20585522,4,1356904
20586735,5,1356904
20587947,4,1356904
20589159,3,1356904
20590372,5,1356904
20591584,5,1356904
20592796,2,1356904
20594009,4,1353460
20595221,5,1353460
20596433,4,1353460
20597646,3,1353460
20598859,7,1353460
20600070,6,1353460
20601283,3,1353460
20602496,5,1353460
20603708,3,1353460
20604920,3,1353460
20606133,2,1353460
20607345,5,1353460
20608557,3,1353460
20609770,5,1353460
20610982,4,1353460
20612194,5,1353460
20613407,4,1353460
20614619,5,1353460
20615831,2,1353255
20617044,2,1353255
20618256,3,1353255
20619469,3,1353255
20620681,4,1353255
20621893,4,1353255
20623106,6,1353255
20624319,4,1353255
20625531,4,1353255
20626744,3,1356236
20627956,2,1356236
20629169,6,1356236
20630381,4,1356236
20631593,3,1356236
20632805,1,1356236
20634019,5,1356236
20635231,2,1356236
20636443,7,1356236
20644930,3,1356236
20646143,7,1356236
20647355,7,1354951
20648568,6,1354794
20649780,5,1354026
20650993,4,1354026
20652205,4,1354026
20653418,3,1354026
20654630,4,1354026
20655842,5,1354026
20657055,6,1354026
20658268,5,1354026
20659480,5,1354026
20660692,3,1354026
20661905,6,1354026
20663117,5,1354026
20664331,6,1354026
20665543,7,1354026
20666755,6,1354026
20667967,6,1354026
20669180,7,1350891
20670392,2,1350891
20671605,4,1350891
20672817,8,1350891
20674029,8,1350891
20675242,7,1350891
20676454,8,1350891
20677667,9,1350891
20678879,6,1350891
20680093,7,1350891
20681304,6,1359268
20682517,4,1359268
20683729,5,1359268
20684942,6,1359268
20686154,8,1359268
20687366,7,1359268
20688579,6,1359268
20689792,3,1359268
20691004,5,1359268
20692217,6,1358599
20693429,5,1358599
20694641,5,1358599
20695854,6,1358599
20697067,8,1358599
20698279,6,1358599
20699492,8,1358599
20700704,8,1358599
20701916,7,1358599
20703128,4,1356544
20704341,5,1356544
20705554,5,1356544
20706766,6,1356544
20707979,7,1356544
20709191,7,1356544
20710404,5,1356544
20711616,9,1356544
20712828,6,1356544
20714041,7,1358343
20715253,3,1358343
20716466,7,1358343
20717679,5,1358343
20718890,5,1358343
20720103,5,1358343
20721315,7,1358343
20728590,9,1358343
20729803,3,1358343
20731015,5,1358343
20732228,6,1358343
20733440,8,1358343
20734652,7,1358343
20735865,8,1355516
20737077,3,1355516
20738289,7,1355516
20739502,8,1355516
20740714,5,1355516
20741927,4,1355516
20743139,5,1355516
20744351,4,1355516
20745564,7,1355516
20746776,4,1357315
20747988,3,1357315
20749201,5,1357315
20750413,6,1357315
20751625,5,1357315
20752838,3,1357315
20754050,4,1357315
20755263,5,1357315
20756475,8,1357315
20757688,9,1355773
20758900,4,1355773
20760112,5,1355773
20761325,5,1355773
20762538,8,1355773
20763750,10,1355773
20764962,5,1355773
20766175,8,1355773
20767387,7,1355773
20768599,4,1352073
20769811,3,1355208
20771024,6,1355208
20772236,1,1355208
20773449,5,1355208
20774661,3,1355208
20775874,6,1355208
20777085,3,1355208
20778298,3,1355208
20779510,5,1355208
20780723,2,1353717
20781935,6,1353717
20783148,3,1353717
20784360,6,1353717
20785572,3,1353717
20786785,3,1353717
20787998,4,1353717
20789209,5,1353717
20790422,4,1353717
20791634,5,1353717
20792847,4,1353717
20794059,11,1353717
20795272,6,1353717
20796485,4,1353717
20797697,4,1353717
20798909,2,1353717
20800122,3,1353717
20801334,5,1353717
20802546,4,1354591
20803759,5,1354591
20804972,2,1354591
20813458,4,1355568
20814671,4,1355568
20815883,6,1355568
20817095,3,1355568
20818308,3,1355568
20819521,7,1355568
20820733,4,1355568
20821944,5,1355568
20823157,4,1355568
20824370,5,1355520
20825582,4,1356544
20826794,2,1356544
20828006,3,1356544
20829219,2,1356544
20830431,4,1356544
20831643,5,1356544
20832856,5,1356544
20834068,7,1356544
20835281,5,1356648
20836493,4,1356904
20837705,5,1356904
20838919,4,1356904
20840130,4,1356904
20841343,6,1356904
20842555,7,1356904
20843768,3,1356904
20844981,5,1356904
20846192,4,1356904
20847405,4,1356904
20848618,7,1356904
20849830,5,1356904
20851042,5,1356904
20852255,5,1356904
20853467,8,1356904
20854680,7,1356904
20855892,7,1356698
20857104,4,1356698
20858316,3,1356698
20859530,9,1356698
20860742,5,1356698
20861954,8,1356698
20863166,6,1356698
20864379,4,1356698
20865591,8,1356698
20866803,5,1356698
20868016,5,1357212
20869228,4,1357212
20870440,4,1357212
20871653,7,1357212
20872865,7,1357212
20874078,4,1357212
20875290,10,1357212
20876503,7,1357212
20877715,7,1357212
20878927,6,1359165
20880140,5,1359165
20881352,8,1359165
20882564,5,1359165
20883776,7,1359165
20884989,5,1359165
20886202,6,1359165
20887413,7,1359165
20888626,8,1359165
20889838,6,1359165
20897113,2,1359165
20898324,6,1359165
20899537,6,1359165
20900750,8,1358805
20901962,5,1358805
20903175,6,1358805
20904387,6,1358805
20905599,10,1358805
20906811,5,1358805
20908024,7,1358805
20909236,7,1358805
20910448,5,1358805
20911661,5,1354437
20912873,5,1354437
20914086,2,1354437
20915298,6,1354437
20916511,8,1354437
20917723,7,1354437
20918935,8,1354437
20920147,8,1354437
20921360,7,1354437
20922572,7,1358497
20923784,5,1358497
20924997,7,1358497
20926209,3,1358497
20927422,6,1358497
20928634,8,1358497
20929847,8,1358497
20931059,10,1358497
20932271,7,1358497
20933483,6,1352381
20934696,6,1352381
20935909,8,1352381
20937121,5,1352381
20938333,4,1352381
20939546,9,1352381
20940758,10,1352381
20941971,7,1352381
20943183,6,1352381
20944396,8,1356287
20945608,5,1356287
20946821,4,1356287
20948033,5,1356287
20949245,7,1356287
20950457,7,1356287
20951670,6,1356287
20952882,6,1356287
20954095,5,1356287
20955307,6,1354539
20956519,4,1358445
20957732,6,1358445
20958944,6,1358445
20960156,5,1358445
20961369,7,1358445
20962581,5,1358445
20963794,3,1358445
20965006,3,1358445
20966219,5,1358445
20967432,5,1355105
20968644,5,1355105
20969856,5,1355105
20971069,3,1355105
20972281,4,1355105
20973493,5,1355105
20981979,7,1355105
20983193,2,1355105
20984404,3,1355105
20985617,4,1355105
20986830,6,1355105
20988042,8,1354077
20989255,3,1355105
20990467,4,1355105
20991679,5,1355105
20992891,3,1355105
20994103,5,1355105
20995316,6,1355105
20996529,7,1355105
20997741,2,1355105
20998953,4,1355105
21000166,3,1354694
21001378,4,1354694
21002590,5,1354694
21003803,4,1354694
21005015,4,1354694
21006228,3,1354694
21007440,4,1354694
21008652,5,1354694
21009865,7,1354694
21011077,5,1354600
21012290,4,1357160
21013501,5,1357160
21014714,6,1357160
21015926,6,1357160
21017138,5,1357160
21018351,4,1357160
21019563,6,1357160
21020776,3,1357160
21021988,5,1357243
21023201,6,1351867
21024413,4,1351867
21025625,3,1351867
21026838,4,1351867
21028050,4,1351867
21029262,5,1351867
21030475,5,1351867
21031687,4,1351867
21032900,1,1351867
21034113,4,1351867
21035324,6,1351867
21036537,8,1351867
21037750,7,1351867
21038962,6,1351867
21040174,3,1351867
21041386,7,1351867
21042599,4,1355208
21043812,4,1355208
21045023,6,1355208
21046236,6,1355208
21047448,3,1355208
21048660,7,1355208
21049873,6,1355208
21051085,8,1355208
21052297,7,1355208
21053510,7,1355208
21054723,7,1354283
21055934,3,1354283
21057147,7,1354283
21058359,6,1356492
21065633,2,1354437
21066845,8,1354437
21068058,19,1354437
21069270,5,1354437
21070482,4,1354437
21071695,5,1354437
21072908,4,1354437
21074119,4,1354437
21075332,3,1354437
21076544,5,1354437
21077757,7,1354437
21078969,6,1354437
21080182,6,1354437
21081393,6,1354437
21082607,7,1354437
21083818,7,1354437
21085030,8,1354437
21086243,5,1354437
21087456,8,1357931
21088668,6,1357931
21089880,8,1357931
21091092,3,1357931
21092304,8,1357931
21093518,6,1357931
21094729,5,1357931
21095942,7,1357931
21097154,7,1357931
21098366,7,1357469
21099579,4,1357469
21100791,4,1357469
21102004,8,1357469
21103217,7,1357469
21104428,7,1357469
21105641,8,1357469
21106853,5,1357469
21108066,9,1357469
21109278,8,1351919
21110491,4,1351919
21111703,9,1351919
21112915,4,1351919
21114127,7,1351919
21115340,8,1351919
21116552,11,1351919
21117764,9,1351919
21118977,6,1351919
21120189,6,1356236
21121401,3,1356236
21122614,5,1356236
21123826,7,1356236
21125039,7,1356236
21126251,6,1356236
21127463,6,1356236
21128676,6,1356236
21129888,7,1356236
21131100,5,1354591
21132314,3,1354591
21133525,4,1354591
21134738,6,1354591
21135950,8,1354591
21137163,9,1354591
21138375,10,1354591
21139587,8,1354591
21140800,7,1354591
21142012,8,1354591
21150499,7,1354591
21151712,4,1354591
21152924,8,1354951
21154137,6,1358240
21155349,6,1358240
21156561,7,1358240
21157774,2,1358240
21158986,3,1358240
21160199,3,1358240
21161411,5,1358240
21162623,4,1358240
21163835,5,1358240
21165048,5,1358240
21166261,5,1358240
21167474,3,1358240
21168685,4,1358240
21169898,4,1358240
21171110,4,1358240
21172323,5,1358240
21173535,5,1358240
21174748,5,1358240
21175960,5,1354437
21177172,5,1354437
21178384,4,1354437
21179597,5,1354437
21180809,3,1354437
21182022,4,1354437
21183234,5,1354437
21184447,4,1354437
21185659,3,1354437
21186872,5,1354385
21188084,4,1354385
21189296,5,1354385
21190508,4,1354385
21191721,5,1354385
21192933,5,1354385
21194145,4,1354385
21195358,8,1354385
21196570,7,1354385
21197783,3,1354307
21198996,4,1360963
21200207,7,1360963
21201420,5,1360963
21202632,4,1360963
21203845,5,1360963
21205057,7,1360963
21206269,3,1360963
21207482,4,1360963
21208694,6,1361088
21209906,6,1353152
21211119,7,1353152
21212331,4,1353152
21213544,4,1353152
21214756,7,1353152
21215968,4,1353152
21217180,3,1353152
21218393,3,1353152
21219605,1,1353152
21220818,3,1353152
21222030,4,1353152
21223243,4,1353152
21224455,9,1353152
21225667,5,1353152
21226879,8,1353152
21234154,8,1353152
21235367,10,1353152
21236579,4,1353152
21237792,2,1353152
21239004,7,1353152
21240217,7,1353152
21241429,5,1358086
21242641,2,1358086
21243854,5,1358086
21245066,11,1358086
21246279,6,1358086
21247491,7,1358086
21248703,6,1358086
21249915,8,1358086
21251128,6,1358086
21252340,8,1355054
21253553,6,1355054
21254766,5,1355054
21255978,6,1355054
21257191,6,1355054
21258403,8,1355054
21259615,7,1355054
21260827,7,1355054
21262040,6,1355054
21263252,5,1356852
21264465,6,1356852
21265678,6,1356852
21266890,9,1356852
21268102,9,1356852
21269315,8,1356852
21270527,8,1356852
21271739,6,1356852
21272952,7,1356852
21274165,6,1356338
21275377,3,1356338
21276590,4,1356338
21277802,4,1356338
21279015,4,1356338
21280226,6,1356338
21281439,7,1356338
21282651,7,1356338
21283864,7,1356338
21285077,7,1357263
21286288,6,1357263
21287502,6,1357263
21288713,4,1357263
21289926,7,1357263
21291138,6,1357263
21292351,2,1357263
21293563,8,1357263
21294775,3,1357263
21295988,8,1354231
21297200,4,1354231
21298413,7,1354231
21299625,6,1354231
21300838,4,1354231
21302051,3,1354231
21303263,9,1354231
21304475,10,1354231
21305688,9,1354231
21306901,6,1355516
21308112,2,1355516
21309325,6,1355516
21310537,4,1356390
21317812,6,1356390
21319024,3,1356390
21320237,3,1356390
21321449,6,1356390
21322661,5,1356390
21323874,4,1356390
21325087,8,1356390
21326299,8,1356390
21327512,7,1356390
21328724,8,1357109
21329937,5,1357777
21331149,4,1357777
21332362,6,1357777
21333574,5,1357777
21334787,5,1357777
21335999,3,1357777
21337211,5,1357777
21338424,3,1357777
21339637,4,1357777
21340848,4,1357109
21342061,6,1357109
21343273,5,1357109
21344486,0,1357109
21345698,5,1357109
21346911,5,1357109
21348124,5,1357109
21349336,3,1357109
21350548,4,1357109
21351761,8,1357109
21352973,5,1357109
21354185,4,1357109
21355398,4,1357109
21356610,3,1357109
21357823,0,1357109
21359035,0,1357109
21360248,4,1357109
21361460,3,1357109
21362673,4,1353203
21363886,3,1353203
21365098,3,1353203
21366311,5,1353203
21367522,5,1353203
21368736,3,1353203
21369947,5,1353203
21371160,4,1353203
21372372,3,1353203
21373585,2,1353563
21374798,2,1353563
21376009,6,1353563
21377222,6,1353563
21378435,1,1353563
21379647,3,1353563
21380860,6,1353563
21382072,5,1353563
21383284,6,1353563
21384497,3,1353617
21385709,3,1354129
21386922,3,1354129
21388134,5,1354129
21389347,5,1354129
21390559,7,1354129
21391771,6,1354129
21392984,4,1354129
21394197,9,1354129
21401501,6,1354129
21402684,3,1354129
21403896,8,1354129
21405108,7,1356852
21406321,3,1356852
21407533,5,1356852
21408746,9,1356852
21409958,7,1356852
21411171,9,1356852
21412383,5,1356852
21413595,9,1356852
21414807,4,1356852
21416020,6,1352227
21417232,3,1352227
21418444,1,1352227
21419657,5,1352227
21420870,7,1352227
21422082,4,1352227
21423295,5,1352227
21424507,9,1352227
21425720,7,1352227
21426932,8,1352227
21428144,6,1356698
21429357,3,1356698
21430569,7,1356698
21431781,6,1356698
21432994,6,1356698
21434207,8,1356698
21435418,3,1356698
21436631,8,1356698
21437843,6,1356698
21439056,11,1354488
21440268,5,1354488
21441482,7,1354488
21442693,2,1354488
21443906,6,1354488
21445119,5,1354488
21446331,4,1354488
21447543,7,1354488
21448755,9,1354488
21449969,8,1354231
21451181,6,1354231
21452393,7,1354231
21453606,9,1354231
21454818,9,1354231
21456031,7,1354231
21457243,7,1354231
21458455,7,1354231
21459667,6,1354231
21460880,7,1357777
21462092,5,1357777
21463304,5,1357777
21464517,7,1357777
21465730,5,1357777
21466942,6,1357777
21468154,8,1357777
21469366,7,1357777
21470579,8,1357777
21471791,3,1356647
21473004,3,1356647
21474216,7,1356647
21475428,10,1356647
21476640,7,1356647
21477853,5,1356647
21485128,4,1356647
21486340,5,1356647
21487552,6,1356647
21488765,5,1356647
21489977,4,1356647
21491190,6,1356647
21492403,5,1356647
21493615,7,1352381
21494827,4,1352381
21496039,8,1352381
21497252,9,1352381
21498464,5,1352381
21499676,5,1352381
21500889,7,1352381
21502102,3,1352381
21503313,5,1352381
21504527,8,1355105
21505739,5,1355105
21506951,7,1355105
21508163,7,1355105
21509376,7,1355105
21510588,6,1355105
21511801,8,1355105
21513013,8,1355105
21514225,3,1355105
21515438,7,1354797
21516650,4,1354694
21517863,7,1354694
21519075,3,1354694
21520288,4,1354694
21521500,5,1354694
21522712,4,1354694
21523924,4,1354694
21525137,2,1354694
21526349,4,1354694
21527562,9,1349298
21528774,3,1349298
21529987,3,1349298
21531198,6,1349298
21532411,5,1349298
21533623,3,1349298
21534836,2,1349298
21536048,6,1349298
21537260,3,1349298
21538474,5,1349298
21539685,4,1349298
21540898,3,1349298
21542111,5,1349298
21543323,4,1349298
21544535,5,1349298
21545748,4,1349298
21546960,5,1349298
21548172,3,1349298
21549384,2,1354848
21550597,3,1354848
21551810,5,1354848
21553021,4,1354848
21554235,3,1354848
21555446,5,1354848
21556659,5,1354848
21557871,5,1354848
21559083,3,1354848
21560296,5,1355927
21561508,5,1355927
21569995,9,1355927
21571208,0,1355880
21572420,3,1356904
21573633,4,1356904
21574845,4,1356904
21576058,8,1356904
21577270,6,1356904
21578482,5,1356904
21579694,3,1356904
21580907,4,1356904
21582119,4,1356846
21583332,6,1355310
21584544,4,1355310
21585757,7,1355310
21586968,5,1355310
21588181,4,1355310
21589393,3,1355310
21590606,3,1355310
21591818,4,1355310
21593030,5,1355310
21594243,4,1355310
21595455,7,1355310
21596668,10,1355310
21597881,7,1355310
21599093,5,1355310
21600305,6,1355310
21601518,6,1355310
21602729,5,1354591
21603942,5,1354591
21605155,2,1354591
21606367,10,1354591
21607580,6,1354591
21608792,2,1354591
21610004,6,1354591
21611217,9,1354591
21612429,7,1354591
21613642,6,1354591
21614853,7,1356184
21616066,7,1356184
21617279,4,1356184
21618491,8,1356184
21619703,8,1356184
21620915,7,1356184
21622128,8,1356184
21623340,6,1356184
21624553,4,1356184
21625766,6,1357726
21626979,6,1357726
21628191,8,1357726
21629403,4,1357726
21630616,5,1357726
21631828,6,1357726
21633041,7,1357726
21634253,5,1357726
21635465,6,1357726
21636678,6,1354539
21637890,5,1354539
21639102,5,1354539
21640315,7,1354539
21641527,6,1354539
21642739,8,1354539
21643952,5,1354539
21645164,7,1354539
21646377,8,1354539
21653651,1,1354539
21654864,6,1354539
21656077,5,1354539
21657288,9,1354539
21658501,4,1357315
21659713,3,1357315
21660925,5,1357315
21662138,7,1357315
21663351,8,1357315
21664563,6,1357315
21665775,6,1357315
21666987,7,1357315
21668200,7,1357315
21669412,8,1357058
21670625,7,1357058
21671837,4,1357058
21673050,4,1357058
21674261,7,1357058
21675474,7,1357058
21676687,8,1357058
21677898,8,1357058
21679111,3,1357058
21680323,6,1355670
21681535,4,1355670
21682748,6,1355670
21683960,5,1355670
21685173,8,1355670
21686385,7,1355670
21687597,4,1355670
21688810,4,1355670
21690022,4,1355670
21691235,6,1357109
21692447,5,1357109
21693660,4,1357109
21694871,7,1357109
21696084,7,1357109
21697296,6,1357109
21698508,6,1357109
21699722,7,1357109
21700934,5,1357109
21702146,8,1353358
21703358,5,1358034
21704570,5,1358034
21705783,3,1358034
21706996,3,1358034
21708208,3,1358034
21709420,3,1358034
21710633,5,1358034
21711845,4,1358034
21713058,9,1358034
21714270,4,1353769
21715483,5,1353769
21716695,5,1353769
21717907,5,1353769
21719119,3,1353769
21720332,5,1353769
21721544,3,1353769
21722756,5,1353769
21723969,1,1353769
21725182,4,1353769
21726394,6,1353769
21727606,5,1353769
21728818,4,1353769
21730031,8,1353769
21738517,4,1353769
21739731,7,1353769
21740943,6,1353769
21742155,8,1353769
21743367,8,1353769
21744580,8,1353769
21745793,6,1360707
21747004,4,1351559
21748217,4,1351559
21749429,4,1351559
21750642,3,1351559
21751854,3,1351559
21753066,4,1351559
21754279,5,1351559
21755491,5,1351559
21756704,5,1351559
21757916,4,1351630
21759128,4,1356750
21760341,2,1356750
21761553,6,1356750
21762766,6,1356750
21763978,5,1356750
21765190,4,1356750
21766403,1,1356750
21767616,5,1356750
21768827,3,1356553
21770040,7,1345289
21771252,5,1345289
21772464,3,1345289
21773677,1,1345289
21774890,4,1345289
21776101,4,1345289
21777315,4,1345289
21778526,5,1345289
21779739,2,1345289
21780951,1,1345289
21782163,8,1345289
21783376,7,1345289
21784588,6,1345289
21785802,7,1345289
21787013,6,1345289
21788226,7,1345289
21789439,6,1355413
21790651,3,1355413
21791864,8,1355413
21793076,5,1355413
21794288,6,1355413
21795500,8,1355413
21796713,8,1355413
21797925,6,1355413
21799137,4,1355413
21800349,7,1355413
21801563,8,1358445
21802775,3,1358445
21803987,7,1358445
21805200,7,1358445
21806412,8,1358445
21807624,6,1358445
21808837,7,1358445
21810049,6,1358445
21811262,4,1358445
21812474,10,1355568
21813686,5,1355568
21814898,7,1355568
21822173,8,1355568
21823385,4,1354437
21824598,2,1354437
21825810,6,1354437
21827023,8,1354437
21828235,5,1354437
21829447,4,1354437
21830660,9,1354437
21831872,6,1354437
21833085,8,1354437
21834297,8,1354797
21835510,3,1354797
21836723,8,1354797
21837934,4,1354797
21839147,8,1354797
21840359,9,1354797
21841572,7,1354797
21842785,3,1354797
21843997,6,1354797
21845209,8,1355208
21846422,2,1355208
21847635,7,1355208
21848847,8,1355208
21850059,10,1355208
21851272,5,1355208
21852484,6,1355208
21853697,7,1355208
21854909,6,1355208
21856122,3,1353306
21857334,3,1353306
21858546,6,1353306
21859759,10,1353306
21860971,7,1353306
21862185,6,1353306
21863397,7,1353306
21864609,6,1353306
21865821,6,1353306
21867035,7,1357109
21868247,3,1357109
21869459,4,1357109
21870672,8,1357109
21871883,7,1357109
21873096,6,1357109
21874308,7,1357109
21875521,9,1357109
21876734,7,1357109
21877946,10,1355156
21879159,6,1355156
21880371,6,1355156
21881584,6,1355156
21882796,5,1355156
21884008,8,1355156
21885221,8,1355156
21886434,9,1355156
21887646,8,1355156
21888858,5,1354951
21890071,3,1355722
21891283,0,1355722
21892496,3,1355722
21893708,5,1355722
21894921,3,1355722
21896133,6,1355722
21897346,6,1355722
21898558,5,1355722
21907045,9,1355722
21908259,7,1355722
21909470,5,1355722
21910683,4,1358291
21911895,5,1358291
21913107,5,1358291
21914320,6,1358291
21915532,3,1358291
21916745,3,1358291
21917957,5,1358291
21919169,3,1358291
21920382,5,1358291
21921594,3,1358291
21922807,4,1356698
21924019,4,1356698
21925231,3,1356698
21926444,3,1356698
21927657,4,1356698
21928869,4,1356698
21930081,4,1356698
21931293,5,1356698
21932506,5,1356698
21933718,4,1356698
21934931,6,1356698
21936143,5,1356698
21937356,5,1356698
21938568,3,1356698
21939780,5,1356698
21940993,7,1356698
21942205,4,1356698
21943418,2,1356698
21944630,4,1356590
21945842,4,1355054
21947055,6,1355054
21948268,5,1355054
21949480,4,1355054
21950692,4,1355054
21951904,4,1355054
21953117,0,1355054
21954329,4,1355054
21955541,6,1355197
21956754,7,1352381
21957966,3,1352381
21959179,3,1352381
21960391,4,1352381
21961604,4,1352381
21962816,3,1352381
21964028,5,1352381
21965240,4,1352381
21966453,3,1352381
21967665,5,1352381
21968878,6,1352381
21970091,5,1352381
21971303,8,1352381
21972515,4,1352381
21973728,6,1352381
21974940,7,1352381
21976152,6,1354334
21977365,5,1354334
21978577,5,1354334
21979790,4,1354334
21981003,5,1354334
21982215,6,1354334
21983427,7,1354334
21990702,14,1354334
21991914,7,1354334
21993127,8,1354334
21994339,7,1354334
21995551,7,1354334
21996764,6,1354334
21997976,7,1354334
21999189,6,1356390
22000401,3,1356390
22001613,9,1356390
22002826,7,1356390
22004039,8,1356390
22005251,6,1356390
22006463,5,1356390
22007676,7,1356390
22008888,5,1356390
22010100,6,1355259
22011313,5,1355259
22012526,4,1355259
22013738,4,1355259
22014950,6,1355259
22016162,8,1355259
22017375,6,1355259
22018588,8,1355259
22019800,6,1355259
22021013,7,1353358
22022224,5,1353358
22023437,4,1353358
22024650,8,1353358
22025863,7,1353358
22027075,6,1353358
22028288,7,1353358
22029500,7,1353358
22030712,8,1353358
22031924,6,1354129
22033137,1,1354129
22034349,6,1354129
22035563,6,1354129
22036775,6,1354129
22037987,4,1354129
22039200,8,1354129
22040412,8,1354129
22041624,9,1354129
22042837,5,1353615
22044049,6,1353615
22045261,7,1353615
22046475,3,1353615
22047687,10,1353615
22048899,5,1353615
22050111,5,1353615
22051324,5,1353615
22052536,6,1353615
22053748,10,1355105
22054961,3,1355105
22056174,8,1355105
22057386,7,1355105
22058599,6,1355105
22059811,4,1355105
22061024,4,1355105
22062236,6,1355105
22063448,5,1355105
22064661,7,1353871
22065874,5,1353871
22067086,12,1353871
22074501,2,1353871
22075573,4,1353563
22076785,3,1357623
22077997,2,1357623
22079210,3,1357623
22080423,2,1357623
22081635,3,1357623
22082847,6,1357623
22084060,10,1357623
22085272,4,1357623
22086485,6,1357623
22087697,5,1354385
22088909,3,1354385
22090122,4,1354385
22091334,4,1354385
22092547,5,1354385
22093759,6,1354385
22094971,5,1354385
22096184,7,1354385
22097396,6,1354385
22098609,4,1357623
22099822,6,1357623
22101034,4,1357623
22102246,7,1357623
22103459,4,1357623
22104671,5,1357623
22105884,3,1357623
22107096,1,1357623
22108309,4,1357623
22109521,3,1355054
22110734,4,1355054
22111946,4,1355054
22113159,5,1355054
22114371,7,1355054
22115583,5,1355054
22116796,4,1355054
22118008,4,1355054
22119221,5,1355054
22120433,5,1356133
22121645,4,1356133
22122858,8,1356133
22124070,5,1356133
22125283,4,1356133
22126494,5,1356133
22127707,6,1356133
22128919,5,1356133
22130132,4,1356133
22131344,5,1356240
22132557,5,1357520
22133769,3,1357520
22134981,6,1357520
22136193,5,1357520
22137406,3,1357520
22138618,4,1357520
22139831,0,1357520
22141043,5,1357520
22142256,4,1357470
22143468,7,1357726
22144680,5,1357726
22145893,4,1357726
22147106,3,1357726
22148318,4,1357726
22149530,4,1357726
22150742,5,1357726
22159229,5,1357726
22160441,4,1357726
22161654,7,1357726
22162866,7,1355516
22164079,5,1355516
22165292,5,1355516
22166504,7,1355516
22167716,6,1355516
22168930,6,1355516
22170141,8,1355516
22171354,8,1355516
22172567,7,1355516
22173779,5,1355516
22174991,5,1354283
22176203,5,1354283
22177416,6,1354283
22178628,7,1354283
22179842,6,1354283
22181054,10,1354283
22182265,7,1354283
22183478,5,1354283
22184691,3,1354283
22185903,7,1356544
22187116,4,1356544
22188328,7,1356544
22189540,6,1356544
22190753,9,1356544
22191965,5,1356544
22193177,8,1356544
22194390,5,1356544
22195603,5,1356544
22196815,6,1355876
22198027,5,1355876
22199240,7,1355876
22200452,6,1355876
22201665,6,1355876
22202877,5,1355876
22204090,6,1355876
22205303,5,1355876
22206515,6,1355876
22207727,7,1358343
22208940,3,1358343
22210152,6,1358343
22211364,9,1358343
22212577,5,1358343
22213790,6,1358343
22215003,5,1358343
22216215,6,1358343
22217427,6,1358343
22218640,6,1353769
22219852,5,1353769
22221065,10,1353769
22222277,9,1353769
22223489,11,1353769
22224703,5,1353769
22225914,6,1353769
22227127,3,1353769
22228340,7,1353769
22229552,10,1359165
22230764,4,1359165
22231977,8,1359165
22233190,8,1359165
22234402,6,1359165
22235614,6,1359165
22242889,8,1359165
22244101,3,1359165
22245314,5,1359165
22246527,6,1359165
22247739,7,1359165
22248951,10,1359165
22250164,7,1359165
22251376,7,1357674
22252589,4,1357674
22253802,5,1357674
22255014,7,1357674
22256227,7,1357674
22257439,7,1357674
22258651,6,1357674
22259864,8,1357674
22261076,6,1357674
22262289,6,1355516
22263502,3,1352227
22264713,3,1352227
22265926,5,1352227
22267139,4,1352227
22268351,6,1352227
22269563,5,1352227
22270777,4,1352227
22271988,4,1352227
22273201,8,1352227
22274413,4,1352741
22275626,4,1352741
22276839,4,1352741
22278051,5,1352741
22279263,5,1352741
22280476,5,1352741
22281688,3,1352741
22282900,2,1352741
22284113,5,1352741
22285326,3,1355156
22286538,4,1355156
22287750,6,1355156
22288963,3,1355156
22290175,4,1355156
22291388,3,1355156
22292601,3,1355156
22293813,3,1355156
22295025,4,1355156
22296238,4,1359371
22297451,4,1359371
22298663,5,1359371
22299876,5,1359371
22301088,5,1359371
22302300,4,1359371
22303513,4,1359371
22304725,4,1359371
22305938,5,1359371
22307151,4,1349041
22308363,8,1349041
22309575,5,1349041
22310787,3,1349041
22312000,3,1349041
22313212,4,1349041
22314425,3,1349041
22315637,3,1349041
22316850,5,1349041
22318063,11,1348955
22319275,3,1353563
22326550,9,1353563
22327762,7,1353563
22328975,8,1353723
22330187,9,1355259
22331400,3,1355259
22332612,5,1355259
22333824,4,1355259
22335037,5,1355259
22336249,5,1355259
22337462,3,1355259
22338674,4,1355259
22339886,3,1355259
22341099,5,1355259
22342312,8,1355259
22343524,5,1355259
22344736,7,1355259
22345949,7,1355259
22347162,4,1355259
22348374,7,1355259
22349587,7,1353615
22350798,3,1353615
22352012,3,1353615
22353224,7,1353615
22354436,5,1353615
22355648,8,1353615
22356861,4,1353615
22358074,7,1353615
22359286,8,1353615
22360499,7,1353615
22361711,6,1355465
22362924,3,1355465
22364136,6,1355465
22365348,10,1355465
22366561,7,1355465
22367774,4,1355465
22368986,6,1355465
22370199,8,1355465
22371411,8,1355465
22372623,6,1354591
22373836,0,1354591
22375048,5,1354591
22376260,4,1354591
22377473,8,1354591
22378685,9,1354591
22379898,7,1354591
22381111,6,1354591
22382323,3,1354591
22383536,5,1355773
22384749,4,1355773
22385960,6,1355773
22387174,7,1355773
22388385,5,1355773
22389598,6,1355773
22390810,7,1355773
22392023,7,1355773
22393236,9,1355773
22394448,6,1355465
22395661,3,1355465
22396873,6,1355465
22398086,5,1355465
22399298,7,1355465
22400510,8,1355465
22401723,5,1355465
22402935,9,1355465
22411423,6,1355465
22412635,7,1355465
22413848,6,1355465
22415061,12,1355465
22416273,7,1353974
22417486,4,1353974
22418697,4,1353974
22419910,7,1353974
22421122,5,1353974
22422335,6,1353974
22423548,7,1353974
22424760,8,1353974
22425972,8,1353974
22427185,7,1359730
22428398,3,1359730
22429611,6,1359730
22430822,7,1359730
22432035,4,1359730
22433247,6,1359730
22434460,6,1359730
22435672,7,1359730
22436884,7,1359730
22438097,3,1354026
22439309,4,1354026
22440522,6,1354026
22441734,6,1354026
22442947,8,1354026
22444159,7,1354026
22445372,7,1354026
22446584,6,1354026
22447796,6,1354026
22449009,5,1357880
22450221,4,1356441
22451433,3,1356441
22452646,4,1356441
22453858,6,1356441
22455071,5,1356441
22456284,3,1356441
22457496,1,1356441
22458708,3,1356441
22459921,2,1356441
22461133,2,1357520
22462345,3,1357520
22463558,7,1357520
22464771,5,1357520
22465983,3,1357520
22467195,7,1357520
22468408,5,1357520
22469620,4,1357520
22470833,5,1357520
22472045,7,1354026
22473258,6,1354026
22474471,7,1354026
22475683,5,1354026
22476896,6,1354026
22478108,3,1354026
22479320,4,1354026
22480533,3,1354026
22481745,3,1354026
22482958,1,1353923
22484170,2,1353923
22485383,4,1353923
22486595,4,1353923
22487808,6,1353923
22496295,8,1353923
22497507,7,1353923
22498720,5,1353923
22499932,5,1353923
22501144,5,1353923
22502357,9,1353923
22503570,6,1352381
22504782,3,1352296
22505994,4,1356904
22507207,5,1356904
22508419,4,1356904
22509632,3,1356904
22510845,4,1356904
22512056,8,1356904
22513270,3,1356904
22514482,4,1356904
22515694,4,1356898
22516907,4,1355362
22518119,6,1355362
22519331,6,1355362
22520544,4,1355362
22521757,5,1355362
22522968,4,1355362
22524181,8,1355362
22525393,5,1355362
22526606,4,1355405
22527818,4,1355405
22529031,8,1355405
22530243,5,1355405
22531455,10,1355405
22532668,6,1355405
22533880,6,1355405
22535093,6,1355405
22536305,5,1353101
22537518,3,1353101
22538731,4,1353101
22539944,6,1353101
22541155,6,1353101
22542368,7,1353101
22543581,7,1353101
22544793,7,1353101
22546006,6,1353101
22547219,4,1353101
22548431,6,1356801
22549643,5,1356801
22550855,6,1356801
22552068,9,1356801
22553280,8,1356801
22554493,8,1356801
22555706,6,1356801
22556918,7,1356801
22558131,4,1356801
22559343,7,1355002
22560555,7,1355002
22561768,7,1355002
22562980,5,1355002
22564193,7,1355002
22565406,7,1355002
22566618,9,1355002
22567831,5,1355002
22569043,6,1355002
22570256,7,1353871
22571468,4,1353871
22572680,7,1353871
22579956,3,1353871
22581168,6,1353923
22582380,4,1353923
22583592,8,1353923
22584806,6,1353923
22586018,7,1353923
22587230,8,1353923
22588442,9,1353923
22589655,7,1353923
22590867,9,1353923
22592080,3,1355002
22593292,0,1355002
22594506,7,1355002
22595717,5,1355002
22596930,6,1355002
22598142,6,1355002
22599355,7,1355002
22600567,6,1355002
22601780,7,1355002
22602992,10,1353512
22604205,5,1353512
22605418,6,1353512
22606629,7,1353512
22607842,4,1353512
22609055,8,1353512
22610267,8,1353512
22611479,7,1353512
22612692,6,1353512
22613905,8,1354488
22615118,2,1354488
22616329,5,1354488
22617542,5,1354488
22618754,7,1354488
22619967,4,1354488
22621180,4,1354488
22622392,4,1354488
22623604,6,1354488
22624817,5,1354899
22626030,3,1354899
22627241,6,1354899
22628455,9,1354899
22629667,6,1354899
22630879,7,1354899
22632091,4,1354899
22633304,8,1354899
22634516,3,1354899
22635729,5,1352895
22636941,5,1352895
22638154,7,1352895
22639366,8,1352895
22640579,5,1352895
22641791,6,1352895
22643004,4,1352895
22644216,6,1352895
22645428,7,1352895
22646641,8,1358034
22647853,3,1354129
22649065,4,1354129
22650278,3,1354129
22651491,3,1354129
22652703,5,1354129
22653916,5,1354129
22655128,-1,1354129
22656341,7,1354129
22663616,4,1354129
22664828,2,1354129
22666041,8,1354129
22667253,6,1354129
22668466,7,1360501
22669679,5,1356492
22670891,4,1356492
22672104,2,1356492
22673316,4,1356492
22674529,3,1356492
22675741,4,1356492
22676954,2,1356492
22678167,3,1356492
22679379,6,1356492
22680591,3,1355927
22681804,3,1355927
22683016,5,1355927
22684229,3,1355927
22685442,4,1355927
22686654,3,1355927
22687867,6,1355927
22689079,3,1355927
22690292,4,1355927
22691504,4,1355927
22692716,4,1355927
22693929,4,1355927
22695142,4,1355927
22696354,6,1355927
22697567,3,1355927
22698779,0,1355927
22699992,4,1355927
22701204,3,1355927
22702417,5,1355868
22703629,6,1353820
22704842,6,1353820
22706054,8,1353820
22707267,4,1353820
22708480,5,1353820
22709692,5,1353820
22710905,4,1353820
22712117,0,1353820
22713330,4,1353730
22714542,4,1357058
22715755,7,1357058
22716967,5,1357058
22718180,4,1357058
22719393,5,1357058
22720605,4,1357058
22721818,6,1357058
22723030,4,1357058
22724243,4,1357058
22725455,2,1357058
22726668,5,1357058
22727881,7,1357058
22729093,5,1357058
22730306,6,1357058
22731518,8,1357058
22732731,7,1357058
22733943,5,1354488
22735156,1,1354488
22736368,3,1354488
22737581,6,1354488
22738794,6,1354488
22740006,9,1354488
22748494,5,1354488
22749707,7,1354488
22750919,6,1354488
22752132,6,1354488
22753344,8,1354488
22754557,5,1354488
22755770,6,1354488
22756982,6,1354283
22758194,4,1354283
22759407,8,1354283
22760619,5,1354283
22761832,5,1354283
22763044,5,1354283
22764257,6,1354283
22765469,6,1354283
22766683,8,1354283
22767895,9,1356184
22769107,4,1356184
22770320,4,1356184
22771532,7,1356184
22772744,3,1356184
22773957,5,1356184
22775170,7,1356184
22776382,7,1356184
22777595,8,1356184
22778807,7,1354591
22780020,4,1354591
22781232,4,1354591
22782445,6,1354591
22783657,5,1354591
22784870,5,1354591
22786082,4,1354591
22787295,8,1354591
22788508,8,1354591
22789720,6,1355619
22790933,5,1355619
22792146,3,1355619
22793358,5,1355619
22794571,6,1355619
22795783,7,1355619
22796996,7,1355619
22798208,8,1355619
22799420,8,1355619
22800633,6,1355670
22801846,6,1355670
22803059,15,1355670
22804270,7,1355670
22805484,6,1355670
22806696,5,1355670
22807908,7,1355670
22809121,6,1355670
22810333,7,1355670
22811546,6,1356801
22812759,7,1356801
22813971,7,1356801
22815184,7,1356801
22816396,8,1356801
22817609,8,1356801
22818821,6,1356801
22820034,4,1356801
22821246,8,1356801
22822458,6,1355824
22823671,5,1355824
22824883,6,1355824
22832158,9,1355824
22833371,9,1354848
22834583,4,1357674
22835796,2,1357674
22837008,3,1357674
22838220,7,1357674
22839433,4,1357674
22840645,5,1357674
22841858,4,1357674
22843070,4,1357674
22844283,5,1357674
22845496,3,1354437
22846707,4,1354437
22847920,4,1354437
22849133,-1,1354437
22850345,4,1354437
22851557,6,1354437
22852770,5,1354437
22853983,5,1354437
22855195,4,1354437
22856407,3,1360809
22857619,4,1360809
22858833,1,1360809
22860044,3,1360809
22861257,4,1360809
22862470,6,1360809
22863682,4,1360809
22864895,5,1360809
22866107,5,1360809
22867319,7,1356750
22868531,6,1356750
22869745,4,1356750
22870956,3,1356750
22872170,2,1356750
22873381,3,1356750
22874594,5,1356750
22875806,3,1356750
22877018,6,1356750
22878231,4,1355105
22879444,4,1355105
22880656,4,1355105
22881869,5,1355105
22883081,7,1355105
22884293,6,1355105
22885505,6,1355105
22886718,4,1355105
22887930,4,1355105
22889143,5,1355261
22890355,4,1355773
22891567,6,1355773
22892780,2,1355773
22893992,3,1355773
22895205,3,1355773
22896417,3,1355773
22897629,4,1355773
22898842,5,1355773
22900054,7,1355569
22901267,5,1356081
22902479,2,1356081
22903692,4,1356081
22904904,3,1356081
22906116,6,1356081
22907328,5,1356081
22908541,2,1356081
22917028,13,1356081
22918240,8,1356081
22919453,8,1356081
22920665,6,1356390
22921878,4,1356390
22923090,3,1356390
22924303,4,1356390
22925516,4,1356390
22926728,8,1356390
22927940,11,1356390
22929152,7,1356390
22930365,10,1356390
22931578,6,1356390
22932789,8,1355362
22934002,6,1355362
22935215,9,1355362
22936427,6,1355362
22937639,6,1355362
22938852,7,1355362
22940065,9,1355362
22941276,7,1355362
22942490,7,1355362
22943701,6,1357315
22944914,5,1357315
22946126,5,1357315
22947338,10,1357315
22948551,6,1357315
22949763,9,1357315
22950975,6,1357315
22952188,7,1357315
22953400,7,1357315
22954612,9,1355876
22955824,4,1355876
22957037,8,1355876
22958249,6,1355876
22959462,7,1355876
22960675,7,1355876
22961887,7,1355876
22963099,5,1355876
22964311,9,1355876
22965524,6,1359422
22966736,4,1359422
22967948,6,1359422
22969160,7,1359422
22970373,7,1359422
22971585,7,1359422
22972797,5,1359422
22974009,8,1359422
22975221,3,1359422
22976434,5,1351559
22977646,4,1351559
22978858,7,1351559
22980071,5,1351559
22981283,7,1351559
22982496,7,1351559
22983708,4,1351559
22984920,5,1351559
22986132,7,1351559
22987345,4,1358034
22988557,6,1358034
22989769,7,1358034
22990982,6,1358034
22992194,3,1358034
22993406,4,1358034
23000680,4,1358034
23001892,10,1358034
23003105,3,1358034
23004317,5,1358034
23005530,8,1358034
23006742,5,1358034
23007954,6,1358034
23009166,7,1358445
23010378,4,1358445
23011591,7,1358445
23012803,5,1358445
23014016,4,1358445
23015228,5,1358445
23016440,6,1358445
23017652,6,1358445
23018864,8,1358445
23020077,6,1354642
23021289,1,1355516
23022501,5,1355516
23023714,4,1355516
23024927,4,1355516
23026138,0,1355516
23027351,4,1355516
23028563,5,1355516
23029776,3,1355516
23030988,4,1355516
23032200,6,1357777
23033412,5,1357777
23034625,3,1357777
23035838,4,1357777
23037049,4,1357777
23038261,4,1357777
23039474,4,1357777
23040686,5,1357777
23041899,7,1357777
23043111,4,1359525
23044324,3,1359525
23045536,3,1359525
23046749,4,1359525
23047961,5,1359525
23049173,3,1359525
23050385,3,1359525
23051598,4,1359525
23052811,3,1359525
23054023,3,1359011
23055235,2,1359011
23056447,2,1359011
23057660,3,1359011
23058872,4,1359011
23060084,5,1359011
23061298,5,1359011
23062510,5,1359011
23063722,4,1359011
23064934,4,1355876
23066146,6,1355876
23067360,5,1355876
23068572,4,1355876
23069784,2,1355876
23070996,2,1355876
23072209,3,1355876
23073421,3,1355876
23074633,5,1355876
23075846,4,1355880
23077059,4,1356904
23085546,5,1356904
23086758,6,1357048
23087971,4,1354488
23089183,3,1354488
23090395,4,1354488
23091607,5,1354488
23092821,3,1354488
23094032,4,1354488
23095245,4,1354488
23096457,5,1354488
23097669,3,1354488
23098882,3,1354488
23100095,3,1354488
23101306,5,1354488
23102519,7,1354488
23103732,8,1354488
23104944,7,1354488
23106156,5,1354488
23107368,6,1360552
23108581,6,1360552
23109793,5,1360552
23111005,4,1360552
23112218,7,1360552
23113430,3,1360552
23114643,4,1360552
23115855,5,1360552
23117068,8,1360552
23118280,7,1360552
23119492,9,1358754
23120705,5,1358754
23121917,3,1358754
23123129,5,1358754
23124342,6,1358754
23125555,8,1358754
23126766,6,1358754
23127979,8,1358754
23129192,4,1358754
23130404,5,1357674
23131616,4,1357674
23132829,8,1357674
23134041,8,1357674
23135252,8,1357674
23136465,6,1357674
23137678,5,1357674
23138889,6,1357674
23140103,3,1357674
23141315,9,1356030
23142526,4,1356030
23143739,7,1356030
23144951,5,1356030
23146164,8,1356030
23147376,7,1356030
23148588,6,1356030
23149800,8,1356030
23151013,5,1356030
23152225,5,1358908
23153438,4,1358908
23154651,7,1358908
23155863,10,1358908
23157075,11,1358908
23158288,7,1358908
23159500,9,1358908
23160712,3,1358908
23161924,8,1358908
23170411,2,1358908
23171623,8,1358908
23172835,7,1358908
23174048,6,1359833
23175260,4,1359833
23176472,7,1359833
23177685,8,1359833
23178897,4,1359833
23180110,4,1359833
23181323,6,1359833
23182535,8,1359833
23183747,7,1359833
23184959,6,1358651
23186172,3,1358651
23187384,6,1358651
23188596,6,1358651
23189810,6,1358651
23191022,4,1358651
23192233,6,1358651
23193446,7,1358651
23194659,4,1358651
23195871,5,1356081
23197083,3,1356081
23198296,7,1356081
23199508,6,1356081
23200720,6,1356081
23201933,5,1356081
23203145,8,1356081
23204357,7,1356081
23205570,6,1356081
23206783,8,1357315
23207994,3,1353871
23209207,2,1353871
23210420,3,1353871
23211631,4,1353871
23212844,7,1353871
23214056,7,1353871
23215269,5,1353871
23216481,4,1353871
23217693,5,1353871
23218906,3,1348835
23220118,3,1348835
23221331,4,1348835
23222543,3,1348835
23223756,7,1348835
23224968,3,1348835
23226180,5,1348835
23227393,3,1348835
23228605,3,1348835
23229817,3,1358651
23231029,3,1358651
23232242,5,1358651
23233455,6,1358651
23234667,4,1358651
23235879,3,1358651
23237091,3,1358651
23238304,4,1358651
23239517,6,1358651
23240729,5,1360655
23241942,3,1360655
23243153,1,1360655
23244366,5,1360655
23245578,4,1360655
23246791,10,1360655
23255278,6,1360655
23256490,7,1360655
23257703,7,1360655
23258915,5,1360655
23260127,8,1360655
23261340,9,1355516
23262552,6,1355264
23263765,7,1356544
23264977,3,1356544
23266189,3,1356544
23267401,2,1356544
23268614,4,1356544
23269826,6,1356544
23271039,5,1356544
23272252,4,1356544
23273464,3,1356748
23274676,3,1356236
23275889,5,1356236
23277101,4,1356236
23278314,6,1356236
23279526,5,1356236
23280739,4,1356236
23281951,5,1356236
23283163,4,1356236
23284376,5,1356236
23285588,3,1356236
23286801,5,1356236
23288013,3,1356236
23289225,6,1356236
23290438,6,1356236
23291651,6,1356236
23292863,7,1356236
23294076,6,1352998
23295288,2,1352998
23296500,3,1352998
23297712,7,1352998
23298924,5,1352998
23300137,8,1352998
23301349,4,1352998
23302561,5,1352998
23303774,4,1352998
23304987,8,1352998
23306199,11,1355259
23307412,4,1355259
23308624,8,1355259
23309836,7,1355259
23311048,8,1355259
23312261,11,1355259
23313473,8,1355259
23314686,6,1355259
23315898,8,1355259
23317110,6,1352484
23318323,4,1352484
23319536,8,1352484
23320748,7,1352484
23321960,9,1352484
23323173,9,1352484
23324386,6,1352484
23325598,5,1352484
23326810,6,1352484
23328023,7,1357777
23329235,4,1357777
23330448,7,1357777
23331660,8,1350891
23338934,1,1350891
23340147,11,1350891
23341359,9,1350891
23342572,6,1350891
23343784,5,1350891
23344997,7,1350891
23346209,6,1350891
23347421,9,1350891
23348634,5,1350891
23349846,6,1357983
23351058,8,1357983
23352272,4,1357983
23353484,5,1357983
23354696,6,1357983
23355908,6,1357983
23357121,7,1357983
23358333,7,1357983
23359546,5,1357983
23360759,9,1357572
23361971,5,1357572
23363184,9,1357572
23364396,5,1357572
23365609,5,1357572
23366820,8,1357572
23368034,8,1357572
23369245,8,1357572
23370458,4,1357572
23371670,8,1357829
23372884,4,1357829
23374096,7,1357829
23375308,8,1357829
23376520,10,1357829
23377733,7,1357829
23378945,7,1357829
23380158,7,1357829
23381371,8,1357829
23382583,5,1354899
23383795,3,1354899
23385008,8,1354899
23386220,8,1354899
23387432,3,1354899
23388645,7,1354899
23389857,7,1354899
23391070,4,1354899
23392282,6,1354899
23393494,8,1357674
23394707,6,1357829
23395919,4,1357829
23397131,4,1357829
23398344,5,1357829
23399557,9,1357829
23400769,5,1357829
23401981,1,1357829
23403193,3,1357829
23404407,3,1357829
23405618,5,1358599
23406831,3,1358599
23408043,5,1358599
23409256,4,1358599
23410468,7,1358599
23411680,4,1358599
23412893,5,1358599
23414105,5,1358599
23415318,9,1358599
23422592,8,1358599
23423804,5,1358599
23425018,4,1358599
23426230,7,1357212
23427442,6,1354951
23428654,5,1354951
23429867,8,1354951
23431079,5,1354951
23432291,3,1354951
23433504,3,1354951
23434716,6,1354951
23435929,4,1354951
23437141,5,1354951
23438353,5,1354951
23439565,6,1354951
23440778,2,1354951
23441990,4,1354951
23443203,2,1354951
23444415,4,1354951
23445627,3,1354951
23446840,2,1354951
23448053,5,1354951
23449265,3,1354946
23450478,6,1353666
23451689,4,1353666
23452903,2,1353666
23454114,3,1353666
23455327,3,1353666
23456539,5,1353666
23457751,8,1353666
23458964,3,1353666
23460176,4,1353572
23461389,2,1355876
23462601,4,1355876
23463813,2,1355876
23465026,5,1355876
23466239,4,1355876
23467450,5,1355876
23468663,5,1355876
23469875,6,1355876
23471087,5,1355876
23472300,5,1355876
23473512,7,1355876
23474725,5,1355876
23475937,6,1355876
23477149,4,1355876
23478362,9,1355876
23479574,7,1355876
23480786,8,1354848
23481999,3,1354848
23483212,3,1354848
23484424,5,1354848
23485636,9,1354848
23486848,7,1354848
23488061,12,1354848
23489273,8,1354848
23490486,8,1354848
23491698,6,1354848
23492910,9,1357315
23494124,1,1357315
23495335,5,1357315
23496548,9,1357315
23497760,9,1357315
23498972,6,1357315
23507460,8,1357315
23508672,9,1357315
23509885,7,1357315
23511097,4,1357315
23512310,7,1357315
23513521,6,1357315
23514734,8,1357829
23515946,3,1357829
23517158,9,1357829
23518371,9,1357829
23519583,6,1357829
23520795,6,1357829
23522008,5,1357829
23523220,8,1357829
23524433,6,1357829
23525645,8,1352073
23526858,4,1352073
23528070,11,1352073
23529282,7,1352073
23530495,4,1352073
23531707,7,1352073
23532919,6,1352073
23534131,6,1352073
23535344,5,1352073
23536556,4,1355310
23537768,3,1355310
23538982,8,1355310
23540194,10,1355310
23541405,7,1355310
23542619,8,1355310
23543830,6,1355310
23545042,6,1355310
23546255,5,1355310
23547468,6,1357058
23548680,6,1357058
23549892,7,1357058
23551105,8,1357058
23552316,7,1357058
23553530,9,1357058
23554742,7,1357058
23555954,6,1357058
23557166,7,1357058
23558379,9,1355002
23559591,5,1355002
23560803,4,1355002
23562016,5,1355002
23563228,8,1355002
23564440,10,1355002
23565652,8,1355002
23566866,7,1355002
23568078,6,1355002
23569290,8,1355773
23570503,4,1355773
23571715,5,1355773
23572927,9,1355773
23574139,5,1355773
23575352,7,1355773
23576564,5,1355773
23577776,5,1355773
23578989,9,1355773
23580202,8,1356852
23581414,3,1358086
23582626,2,1358086
23583839,7,1358086
23592326,14,1354334
23593538,4,1354334
23594751,10,1354334
23595962,4,1354334
23597175,4,1354334
23598387,4,1354334
23599600,4,1354334
23600812,4,1354334
23602024,3,1354334
23603237,2,1362094
23604450,3,1362094
23605662,4,1362094
23606874,5,1362094
23608086,4,1362094
23609298,5,1362094
23610511,5,1362094
23611723,3,1362094
23612936,4,1362094
23614148,3,1358702
23615360,6,1358702
23616572,4,1358702
23617785,4,1358702
23618998,4,1358702
23620210,5,1358702
23621422,5,1358702
23622635,4,1358702
23623847,4,1358702
23625059,6,1358702
23626272,5,1358702
23627484,6,1358702
23628697,4,1358702
23629909,6,1358702
23631121,5,1358702
23632333,4,1358702
23633546,6,1358702
23634758,8,1358702
23635970,4,1358750
23637183,5,1357726
23638395,3,1357726
23639608,4,1357726
23640820,4,1357726
23642032,4,1357726
23643245,5,1357726
23644457,4,1357726
23645669,6,1357726
23646883,4,1357706
23648094,4,1352330
23649307,5,1352330
23650519,5,1352330
23651731,5,1352330
23652944,4,1352330
23654156,-1,1352330
23655368,5,1352330
23656581,2,1352330
23657793,3,1352330
23659005,4,1352330
23660218,5,1352330
23661431,6,1352330
23662643,7,1352330
23663855,7,1352330
23665068,7,1352330
23666280,6,1352330
23667492,9,1353460
23668705,8,1353460
23677192,9,1353460
23678404,8,1353460
23679616,8,1352792
23680828,6,1352792
23682041,8,1352792
23683253,5,1352792
23684465,7,1352792
23685678,8,1352792
23686890,9,1352792
23688103,6,1352792
23689315,4,1352792
23690528,7,1359833
23691740,5,1359833
23692952,9,1359833
23694165,9,1359833
23695376,6,1359833
23696590,5,1359833
23697802,7,1359833
23699014,7,1359833
23700226,7,1359833
23701438,6,1358240
23702651,3,1358240
23703863,5,1358240
23705076,4,1358240
23706288,10,1358240
23707500,6,1358240
23708712,5,1358240
23709926,6,1358240
23711137,9,1358240
23712350,6,1352381
23713562,5,1352381
23714775,5,1352381
23715987,7,1352381
23717199,5,1352381
23718412,2,1352381
23719624,5,1352381
23720837,5,1352381
23722049,8,1352381
23723262,8,1354848
23724473,5,1354848
23725686,7,1354848
23726898,8,1354848
23728111,4,1354848
23729323,6,1354848
23730536,4,1354848
23731748,6,1354848
23732960,10,1354848
23734172,7,1357674
23735385,4,1357674
23736598,7,1357674
23737810,7,1357674
23739022,7,1357674
23740234,6,1357674
23741446,6,1357674
23742659,7,1357674
23743871,6,1357674
23745084,4,1354437
23746295,5,1354437
23747508,4,1354437
23748720,10,1354437
23749932,8,1354437
23751145,4,1354437
23752357,5,1354437
23753569,3,1354437
23760844,10,1354437
23762056,10,1354437
23763268,6,1354437
23764480,7,1354437
23765692,8,1354437
23766905,5,1355516
23768117,2,1355568
23769330,5,1355568
23770542,4,1355568
23771755,7,1355568
23772966,5,1355568
23774179,4,1355568
23775391,4,1355568
23776604,3,1355568
23777817,2,1355568
23779028,5,1350223
23780241,3,1350223
23781454,5,1350223
23782666,5,1350223
23783878,6,1350223
23785090,5,1350223
23786303,5,1350223
23787515,4,1350223
23788727,7,1350223
23789939,3,1353666
23791152,4,1353666
23792364,6,1353666
23793576,5,1353666
23794789,5,1353666
23796002,3,1353666
23797213,5,1353666
23798427,4,1353666
23799638,5,1353666
23800850,4,1357931
23802063,11,1357931
23803275,4,1357931
23804488,4,1357931
23805700,8,1357931
23806912,6,1357931
23808125,4,1357931
23809337,5,1357931
23810549,6,1357931
23811762,7,1357931
23812973,4,1357931
23814186,4,1357931
23815399,4,1357931
23816611,5,1357931
23817823,3,1357931
23819035,7,1357931
23820248,2,1357931
23821460,4,1357931
23822672,6,1358025
23823884,3,1355465
23825097,1,1355465
23826309,3,1355465
23827521,6,1355465
23828734,4,1355465
23829946,4,1355465
23831158,6,1355465
23832371,7,1355465
23833583,3,1355349
23834796,5,1352021
23836008,6,1352021
23837220,5,1352021
23844501,7,1352021
23845706,7,1352021
23846919,2,1352021
23848131,3,1352021
23849343,6,1352021
23850556,5,1352021
23851769,6,1352021
23852981,10,1352021
23854193,7,1352021
23855406,6,1353152
23856617,3,1353152
23857830,5,1353152
23859042,5,1353152
23860255,8,1353152
23861467,5,1353152
23862679,7,1353152
23863891,8,1353152
23865104,5,1353152
23866316,9,1356390
23867528,4,1356390
23868741,4,1356390
23869952,10,1356390
23871165,8,1356390
23872377,7,1356390
23873589,7,1356390
23874802,6,1356390
23876015,4,1356390
23877226,7,1355568
23878439,3,1355568
23879651,10,1355568
23880863,8,1355568
23882076,4,1355568
23883288,5,1355568
23884500,5,1355568
23885712,5,1355568
23886925,6,1355568
23888137,7,1353152
23889350,5,1353152
23890562,6,1353152
23891774,6,1353152
23892987,7,1353152
23894199,4,1353152
23895411,4,1353152
23896623,5,1353152
23897835,3,1353152
23899048,7,1353049
23900260,6,1353049
23901473,6,1353049
23902685,7,1353049
23903897,8,1353049
23905109,3,1353049
23906321,5,1353049
23907534,6,1353049
23908746,7,1353049
23909959,6,1356030
23911171,4,1356030
23912383,4,1356030
23913596,7,1356030
23914808,5,1356030
23916021,7,1356030
23917232,6,1356030
23918445,8,1356030
23919657,6,1356030
23920869,6,1356030
23928144,5,1356030
23929356,9,1356030
23930568,5,1356030
23931780,5,1354899
23932992,5,1354899
23934205,6,1354899
23935417,5,1354899
23936629,8,1354899
23937842,9,1354899
23939054,7,1354899
23940266,5,1354899
23941478,6,1354899
23942690,7,1354283
23943903,4,1354283
23945115,7,1354283
23946328,7,1354283
23947540,6,1354283
23948752,9,1354283
23949964,3,1354283
23951176,8,1354283
23952389,7,1354283
23953601,8,1355670
23954813,1,1354488
23956025,3,1354488
23957238,4,1354488
23958451,5,1354488
23959662,6,1354488
23960875,4,1354488
23962087,3,1354488
23963300,4,1354488
23964511,5,1354488
23965724,5,1355722
23966936,5,1355722
23968149,4,1355722
23969360,4,1355722
23970573,5,1355722
23971786,3,1355722
23972997,5,1355722
23974210,2,1355722
23975422,3,1355722
23976634,4,1352895
23977847,7,1352895
23979059,7,1352895
23980272,5,1352895
23981484,4,1352895
23982696,3,1352895
23983908,4,1352895
23985120,4,1352895
23986333,6,1352895
23987545,4,1356081
23988758,7,1356081
23989970,3,1356081
23991182,4,1356081
23992395,3,1356081
23993607,5,1356081
23994820,4,1356081
23996031,5,1356081
23997244,4,1356081
23998457,2,1356275
23999668,5,1353203
24000880,3,1353203
24002093,5,1353203
24003305,6,1353203
24004518,4,1353203
24013004,13,1353203
24014216,6,1353203
24015428,9,1353203
24016640,7,1353203
24017853,5,1353203
24019065,10,1358137
24020277,4,1358137
24021489,5,1358137
24022702,5,1358137
24023914,9,1358137
24025127,7,1358137
24026338,5,1358137
24027551,7,1358137
24028763,9,1358137
24029975,7,1358137
24031188,4,1358137
24032400,1,1358137
24033612,9,1358137
24034826,7,1358137
24036038,7,1358137
24037250,8,1358137
24038462,7,1358137
24039675,8,1358137
24040887,8,1358137
24042100,5,1353769
24043312,2,1353769
24044524,7,1353769
24045736,7,1353769
24046949,7,1353769
24048161,6,1353769
24049374,6,1353769
24050586,4,1353769
24051798,7,1353769
24053010,5,1357109
24054225,2,1357109
24055435,7,1357109
24056648,5,1357109
24057860,4,1357109
24059072,5,1357109
24060284,5,1357109
24061497,8,1357109
24062710,7,1357109
24063922,6,1354642
24065134,4,1354642
24066347,9,1354642
24067559,7,1354642
24068771,6,1354642
24069983,7,1354642
24071196,8,1354642
24072409,6,1354642
24073620,8,1354642
24074833,5,1350274
24076045,4,1350274
24077257,7,1350274
24078470,6,1350274
24079682,6,1350274
24080894,7,1350274
24082107,6,1350274
24083319,5,1350274
24084532,4,1350274
24085744,8,1350428
24086956,5,1350428
24088168,7,1350428
24089381,9,1355979
24096655,1,1355916
24097867,0,1352844
24099080,12,1352844
24100292,5,1352844
24101505,4,1352844
24102716,7,1352844
24103929,3,1352844
24105141,5,1352844
24106354,3,1352844
24107566,3,1352844
24108778,3,1352844
24109991,7,1352844
24111204,9,1352844
24112416,5,1352844
24113628,5,1352844
24114841,11,1352844
24116053,6,1352844
24117266,6,1352844
24118477,6,1351353
24119690,4,1351353
24120903,7,1351353
24122114,5,1351353
24123327,7,1351353
24124540,7,1351353
24125752,7,1351353
24126964,4,1351353
24128176,7,1351353
24129389,6,1354745
24130601,2,1355670
24131814,4,1355670
24133026,3,1355670
24134239,5,1355670
24135450,2,1355670
24136663,4,1355670
24137875,5,1355670
24139087,3,1355670
24140300,4,1355670
24141513,4,1354539
24142725,3,1354539
24143937,4,1354539
24145149,4,1354539
24146361,6,1354539
24147574,4,1354539
24148786,4,1354539
24149999,4,1354539
24151211,4,1354539
24152424,3,1356030
24153636,4,1356030
24154848,5,1356030
24156060,9,1356030
24157273,6,1356030
24158486,8,1356030
24159697,6,1356030
24160911,5,1356030
24162122,5,1356030
24163335,4,1357006
24164548,5,1357006
24165760,6,1357006
24166973,4,1357006
24168185,7,1357006
24169397,4,1357006
24170609,1,1357006
24171821,4,1357006
24173034,7,1357006
24181520,5,1357006
24182733,6,1357006
24183945,6,1350017
24185158,5,1350129
24186370,4,1352689
24187582,4,1352689
24188795,2,1352689
24190007,4,1352689
24191219,3,1352689
24192432,0,1352689
24193644,1,1352689
24194856,3,1352689
24196068,2,1352684
24197281,2,1351148
24198493,3,1351148
24199705,4,1351148
24200918,4,1351148
24202130,5,1351148
24203343,6,1351148
24204555,7,1351148
24205768,3,1351148
24206979,3,1351148
24208192,5,1351148
24209404,4,1351148
24210616,8,1351148
24211829,8,1351148
24213041,7,1351148
24214253,7,1351148
24215466,6,1351148
24216679,7,1358034
24217891,4,1358034
24219103,3,1358034
24220315,8,1358034
24221527,10,1358034
24222740,6,1358034
24223952,7,1358034
24225165,7,1358034
24226376,5,1358034
24227589,9,1358034
24228802,4,1351096
24230014,5,1351096
24231226,8,1351096
24232438,9,1351096
24233651,6,1351096
24234863,6,1351096
24236075,3,1351096
24237287,7,1351096
24238500,7,1351096
24239712,6,1357829
24240925,3,1357829
24242137,4,1357829
24243349,5,1357829
24244562,7,1357829
24245774,8,1357829
24246986,5,1357829
24248199,5,1357829
24249411,6,1357829
24250624,5,1356595
24251836,4,1356595
24253048,7,1356595
24254260,5,1356595
24255473,5,1356595
24256685,3,1356595
24257897,6,1356595
24265172,6,1356595
24266384,7,1356595
24267596,7,1356595
24268808,5,1356595
24270021,8,1356595
24271233,7,1356595
24272445,7,1356081
24273658,5,1356081
24274870,9,1356081
24276083,5,1356081
24277295,4,1356081
24278507,7,1356081
24279720,7,1356081
24280932,8,1356081
24282144,8,1356081
24283356,7,1356750
24284569,3,1356750
24285782,3,1356750
24286993,7,1356750
24288206,9,1356750
24289419,4,1356750
24290631,8,1356750
24291843,7,1356750
24293055,10,1356750
24294267,7,1355773
24295480,5,1355773
24296692,8,1355773
24297905,8,1355773
24299117,6,1355773
24300329,8,1355773
24301541,4,1355773
24302754,9,1355773
24303966,6,1355773
24305179,9,1352227
24306391,3,1352227
24307603,7,1352227
24308816,7,1352227
24310028,7,1352227
24311240,7,1352227
24312452,5,1352227
24313664,6,1352227
24314877,9,1352227
24316090,7,1355208
24317302,5,1354848
24318514,6,1354848
24319726,5,1354848
24320938,3,1354848
24322151,3,1354848
24323363,7,1354848
24324575,3,1354848
24325788,3,1354848
24327000,2,1354848
24328212,4,1358086
24329424,3,1358086
24330637,4,1358086
24331849,6,1358086
24333061,7,1358086
24334273,5,1358086
24335486,3,1358086
24336698,3,1358086
24337910,5,1358086
24339123,-1,1358086
24340335,4,1358086
24341547,6,1358086
24350034,13,1356750
24351247,6,1356750
24352459,6,1356750
24353671,5,1356750
24354884,4,1356750
24356095,4,1356750
24357308,6,1356750
24358521,6,1356750
24359733,7,1356750
24360945,3,1351764
24362157,5,1351764
24363370,3,1351764
24364582,6,1351764
24365795,3,1351764
24367006,4,1351764
24368219,5,1351764
24369432,2,1351764
24370644,5,1351764
24371856,4,1351931
24373069,6,1355259
24374281,6,1355259
24375494,4,1355259
24376705,4,1355259
24377917,4,1355259
24379130,5,1355259
24380343,7,1355259
24381554,10,1355259
24382768,6,1355188
24383979,4,1350068
24385192,4,1350068
24386404,2,1350068
24387617,5,1350068
24388828,3,1350068
24390041,2,1350068
24391253,2,1350068
24392465,3,1350068
24393678,3,1350068
24394891,4,1350068
24396103,4,1350068
24397314,8,1350068
24398527,5,1350068
24399739,6,1350068
24400951,8,1350068
24402164,5,1350068
24403376,7,1355927
24404589,2,1355927
24405801,4,1355927
24407013,6,1355927
24408225,6,1355927
24409437,6,1355927
24410650,5,1355927
24411862,8,1355927
24413075,6,1355927
24414287,6,1355927
24415499,5,1355516
24416712,4,1355516
24417924,6,1355516
24419136,5,1355516
24420348,5,1355516
24421560,6,1355516
24422773,7,1355516
24423985,6,1355516
24425197,6,1355516
24426409,6,1355516
24433683,5,1355516
24434896,6,1355516
24436108,6,1355516
24437320,7,1355259
24438533,3,1355259
24439745,6,1355259
24440958,7,1355259
24442169,7,1355259
24443381,6,1355259
24444594,6,1355259
24445807,7,1355259
24447019,8,1355259
24448231,6,1354129
24449443,5,1354129
24450655,6,1354129
24451868,7,1354129
24453081,6,1354129
24454292,6,1354129
24455505,7,1354129
24456717,4,1354129
24457930,4,1354129
24459141,7,1357520
24460354,6,1357520
24461567,6,1357520
24462779,4,1357520
24463991,5,1357520
24465203,5,1357520
24466415,5,1357520
24467627,5,1357520
24468840,6,1357520
24470052,9,1351867
24471264,4,1351867
24472477,7,1351867
24473689,7,1351867
24474901,6,1351867
24476113,8,1351867
24477326,5,1351867
24478538,5,1351867
24479750,8,1351867
24480962,8,1357572
24482175,7,1357572
24483387,7,1357572
24484599,6,1357572
24485812,5,1357572
24487025,5,1357572
24488236,6,1357572
24489448,9,1357572
24490661,6,1357572
24491873,8,1352741
24493086,5,1352741
24494297,6,1352741
24495510,7,1352741
24496723,7,1352741
24497934,10,1352741
24499147,7,1352741
24500359,9,1352741
24501572,6,1352741
24502784,5,1354231
24503996,5,1351662
24505208,7,1351662
24506421,4,1351662
24507633,2,1351662
24508846,3,1351662
24510058,5,1351662
24518544,4,1351662
24519756,8,1351662
24520969,4,1351662
24522182,10,1351662
24523393,5,1351662
24524606,8,1349914
24525819,2,1355362
24527031,4,1355362
24528243,5,1355362
24529456,4,1355362
24530668,6,1355362
24531881,5,1355362
24533093,4,1355362
24534305,4,1355362
24535518,3,1355362
24536730,3,1352998
24537943,4,1352998
24539155,3,1352998
24540367,6,1352998
24541579,4,1352998
24542792,0,1352998
24544004,4,1352998
24545217,5,1352998
24546429,5,1352998
24547642,2,1348270
24548855,2,1348270
24550066,4,1348270
24551279,3,1348270
24552492,4,1348270
24553704,3,1348270
24554916,5,1348270
24556129,6,1348270
24557341,5,1348270
24558553,5,1348342
24559766,4,1353974
24560979,5,1353974
24562190,5,1353974
24563403,4,1353974
24564615,5,1353974
24565828,3,1353974
24567040,5,1353974
24568252,3,1353974
24569465,3,1353931
24570677,3,1355979
24571890,5,1355979
24573102,6,1355979
24574315,6,1355979
24575526,5,1355979
24576739,3,1355979
24577951,4,1355979
24579163,3,1355979
24580376,5,1355979
24581588,3,1355979
24582800,7,1355979
24584013,8,1355979
24585225,7,1355979
24586438,6,1355979
24587651,5,1355979
24588862,8,1355979
24590075,7,1354694
24591287,6,1354694
24592500,6,1354694
24593712,6,1354694
24594924,6,1356955
24603411,3,1356955
24604623,8,1356955
24605835,5,1356955
24607048,7,1356955
24608260,4,1356955
24609472,6,1356955
24610685,5,1356955
24611897,9,1356955
24613109,6,1352587
24614322,4,1352587
24615535,6,1352587
24616746,3,1352587
24617959,3,1352587
24619171,8,1352587
24620383,5,1352587
24621596,7,1352587
24622808,6,1352587
24624021,9,1359987
24625232,6,1359987
24626445,8,1359987
24627657,8,1359987
24628870,8,1359987
24630082,6,1359987
24631294,7,1359987
24632507,6,1359987
24633719,5,1359987
24634931,5,1355927
24636143,5,1355927
24637356,5,1355927
24638568,8,1355927
24639780,3,1355927
24640993,7,1355927
24642205,7,1355927
24643418,8,1355927
24644630,7,1355927
24645843,7,1354488
24647055,8,1354488
24648267,8,1354488
24649480,5,1354488
24650692,5,1354488
24651904,6,1354488
24653116,6,1354488
24654329,8,1354488
24655542,7,1354488
24656753,10,1357212
24657966,3,1357212
24659179,5,1357212
24660391,8,1357212
24661603,6,1357212
24662815,7,1357212
24664028,6,1357212
24665240,6,1357212
24666452,7,1357212
24667665,9,1355876
24668877,5,1355876
24670090,3,1355876
24671303,6,1355876
24672515,6,1355876
24673727,4,1355876
24674939,6,1355876
24676151,7,1355876
24677364,10,1355876
24678576,6,1353769
24679789,10,1353769
24688275,4,1353769
24689488,8,1356338
24690700,5,1357315
24691912,3,1357315
24693125,3,1357315
24694337,4,1357315
24695549,6,1357315
24696762,7,1357315
24697974,5,1357315
24699187,3,1357315
24700399,2,1357315
24701610,4,1353717
24702823,5,1353717
24704035,6,1353717
24705248,7,1353717
24706460,4,1353717
24707672,5,1353717
24708884,4,1353717
24710096,4,1353717
24711308,5,1353717
24712521,3,1354694
24713733,3,1354694
24714945,4,1354694
24716157,4,1354694
24717370,6,1354694
24718582,2,1354694
24719794,3,1354694
24721006,4,1354694
24722218,1,1354694
24723431,4,1347705
24724643,5,1347705
24725855,5,1347705
24727067,8,1347705
24728279,3,1347705
24729491,3,1347705
24730704,2,1347705
24731916,3,1347705
24733128,3,1347705
24734340,5,1347705
24735553,7,1347705
24736765,5,1347705
24737977,2,1347705
24739190,3,1347705
24740403,4,1347705
24741614,3,1347705
24742827,3,1347705
24744039,3,1347705
24745251,4,1347639
24746464,6,1357623
24747676,6,1357623
24748889,3,1357623
24750101,3,1357623
24751312,4,1357623
24752525,5,1357623
24753737,5,1357623
24754950,3,1357623
24756162,5,1357809
24757374,4,1352433
24758586,2,1352433
24759798,3,1352433
24761010,5,1352433
24762225,4,1352433
24763435,5,1352433
24764648,5,1352433
24773133,6,1352433
24774345,7,1352433
24775558,7,1352433
24776770,10,1352433
24777982,4,1356236
24779194,3,1356236
24780407,6,1356236
24781619,5,1356236
24782831,7,1356236
24784044,9,1356236
24785256,7,1356236
24786468,6,1356236
24787682,6,1356236
24788894,6,1358497
24790105,5,1358497
24791318,6,1358497
24792531,9,1358497
24793743,7,1358497
24794956,3,1358497
24796167,8,1358497
24797380,8,1358497
24798592,6,1358497
24799804,7,1356852
24801016,5,1356852
24802228,7,1356852
24803441,5,1356852
24804654,5,1356852
24805866,9,1356852
24807078,6,1356852
24808290,6,1356852
24809502,5,1356852
24810715,7,1355362
24811927,2,1355362
24813139,9,1355362
24814351,7,1355362
24815564,6,1355362
24816776,3,1355362
24817989,4,1355362
24819201,7,1355362
24820413,7,1355362
24821625,7,1352947
24822837,4,1352947
24824050,8,1352947
24825262,7,1352947
24826474,9,1352947
24827687,7,1352947
24828899,7,1352947
24830111,6,1352947
24831323,7,1352947
24832536,5,1354077
24833748,4,1354077
24834960,5,1354077
24836173,6,1354077
24837385,7,1354077
24838597,8,1354077
24839810,6,1354077
24841022,7,1354077
24842234,8,1354077
24843447,5,1356236
24844659,4,1356236
24845871,6,1356236
24847084,5,1356236
24848296,9,1356236
24849508,7,1356236
24856782,5,1356236
24857994,5,1356236
24859207,3,1356236
24860419,5,1356236
24861631,5,1356236
24862843,8,1356236
24864056,11,1356236
24865268,7,1356955
24866480,3,1354077
24867693,5,1354077
24868905,5,1354077
24870117,4,1354077
24871330,3,1354077
24872542,5,1354077
24873755,8,1354077
24874967,1,1354077
24876179,5,1354077
24877391,4,1358548
24878604,6,1358548
24879816,3,1358548
24881029,4,1358548
24882241,5,1358548
24883453,3,1358548
24884666,6,1358548
24885878,3,1358548
24887090,6,1358548
24888303,4,1355465
24889514,3,1355465
24890727,4,1355465
24891940,5,1355465
24893152,2,1355465
24894364,5,1355465
24895576,3,1355465
24896788,3,1355465
24898000,3,1355465
24899213,4,1356750
24900425,2,1356750
24901638,4,1356750
24902850,3,1356750
24904062,9,1356750
24905274,6,1356750
24906487,4,1356750
24907699,3,1356750
24908912,4,1356750
24910124,3,1354231
24911336,6,1354231
24912549,3,1354231
24913761,8,1354231
24914973,5,1354231
24916186,5,1354231
24917397,4,1354231
24918610,2,1354231
24919822,5,1354231
24921034,5,1354237
24922246,5,1355773
24923459,5,1355773
24924671,4,1355773
24925883,4,1355773
24927096,4,1355773
24928308,5,1355773
24929521,5,1355773
24930733,3,1355773
24931945,4,1355610
24933157,6,1353306
24940501,8,1353306
24941644,12,1353306
24942856,3,1353409
24944068,3,1353409
24945280,4,1353409
24946492,4,1353409
24947705,4,1353409
24948917,5,1353409
24950129,1,1353409
24951342,3,1353409
24952554,6,1353409
24953767,5,1353409
24954979,1,1353409
24956192,9,1353409
24957404,8,1353409
24958616,6,1353409
24959828,5,1353409
24961041,6,1353409
24962253,9,1353409
24963465,7,1353409
24964678,6,1357880
24965891,4,1357880
24967103,2,1357880
24968316,5,1357880
24969528,5,1357880
24970741,8,1357880
24971953,7,1357880
24973165,6,1357880
24974378,4,1357880
24975591,6,1352073
24976803,2,1352073
24978016,8,1352073
24979228,4,1352073
24980441,5,1352073
24981654,7,1352073
24982865,6,1352073
24984079,6,1352073
24985291,7,1352073
24986503,9,1354745
24987715,5,1354745
24988928,7,1354745
24990140,6,1354745
24991353,8,1354745
24992566,9,1354745
24993778,6,1354745
24994991,5,1354745
24996203,6,1354745
24997415,7,1355465
24998628,4,1355465
24999840,6,1355465
25001053,4,1355465
25002265,5,1355465
25003477,5,1355465
25004690,6,1355465
25005902,7,1355465
25007115,5,1355465
25008328,7,1352330
25009540,3,1352330
25010752,7,1352330
25011965,8,1352330
25013177,7,1352330
25014391,7,1352330
25015603,5,1352330
25016815,6,1352330
25024089,4,1352330
25025302,6,1352330
25026515,7,1352330
25027727,7,1352330
25028939,9,1352330
25030152,7,1354848
25031364,7,1354848
25032576,4,1354848
25033789,8,1354848
25035001,5,1354848
25036214,7,1354848
25037427,6,1354848
25038639,6,1354848
25039851,6,1354848
25041064,10,1357572
25042277,7,1357572
25043489,7,1357572
25044701,7,1357572
25045913,4,1357572
25047126,5,1357572
25048338,5,1357572
25049551,7,1357572
25050763,9,1357572
25051975,6,1355259
25053187,5,1355259
25054400,4,1355259
25055613,8,1355259
25056826,7,1355259
25058038,7,1355259
25059250,7,1355259
25060463,8,1355259
25061675,6,1355259
25062887,5,1353820
25064100,4,1354129
25065312,7,1354129
25066525,4,1354129
25067738,4,1354129
25068949,0,1354129
25070162,5,1354129
25071375,5,1354129
25072587,5,1354129
25073799,4,1354129
25075012,5,1359113
25076224,4,1359113
25077437,4,1359113
25078650,5,1359113
25079862,6,1359113
25081074,5,1359113
25082287,3,1359113
25083500,5,1359113
25084712,2,1359113
25085924,3,1347602
25087136,6,1347602
25088349,10,1347602
25089561,10,1347602
25090774,4,1347602
25091986,2,1347602
25093198,3,1347602
25094411,2,1347602
25095623,3,1347602
25096836,3,1351302
25098048,7,1351302
25099261,7,1351302
25100473,8,1351302
25108961,3,1351302
25110174,9,1351302
25111385,9,1351302
25112598,9,1351302
25113811,5,1351302
25115024,5,1351302
25116236,1,1351302
25117448,4,1354283
25118660,3,1354492
25119874,5,1355516
25121085,6,1355516
25122298,7,1355516
25123511,5,1355516
25124723,3,1355516
25125935,3,1355516
25127148,2,1355516
25128361,5,1355516
25129573,5,1355364
25130786,4,1355876
25131998,6,1355876
25133210,4,1355876
25134423,3,1355876
25135635,6,1355876
25136848,6,1355876
25138060,7,1355876
25139273,2,1355876
25140485,4,1355876
25141698,3,1355876
25142911,8,1355876
25144124,7,1355876
25145336,6,1355876
25146548,6,1355876
25147761,8,1355876
25148973,8,1355876
25150186,6,1355876
25151398,4,1355054
25152612,4,1355054
25153824,7,1355054
25155036,6,1355054
25156248,7,1355054
25157461,7,1355054
25158673,9,1355054
25159886,5,1355054
25161099,5,1355054
25162311,9,1354385
25163523,3,1354385
25164737,10,1354385
25165949,8,1354385
25167161,7,1354385
25168373,4,1354385
25169586,7,1354385
25170799,5,1354385
25172012,6,1354385
25173224,5,1355927
25174436,6,1355927
25175649,7,1355927
25176861,6,1355927
25178073,4,1355927
25179285,7,1355927
25180498,5,1355927
25181711,6,1355927
25182923,5,1355927
25184136,8,1352792
25185348,6,1352792
25192623,4,1352792
25193836,7,1352792
25195049,6,1351508
25196261,8,1351508
25197473,9,1351508
25198686,4,1351508
25199898,4,1351508
25201111,6,1351508
25202323,8,1351508
25203536,6,1351508
25204749,4,1351508
25205961,5,1357726
25207174,7,1357726
25208385,7,1357726
25209598,6,1357726
25210811,6,1357726
25212023,5,1357726
25213236,7,1357726
25214448,6,1357726
25215660,9,1357726
25216873,6,1355876
25218085,3,1355876
25219298,6,1355876
25220510,7,1355876
25221723,4,1355876
25222935,10,1355876
25224148,8,1355876
25225360,10,1355876
25226573,4,1355876
25227785,5,1355722
25228998,2,1355722
25230210,5,1355722
25231423,5,1355722
25232635,6,1355722
25233847,6,1355722
25235060,11,1355722
25236272,7,1355722
25237485,7,1355722
25238698,7,1354129
25239910,6,1354129
25241122,6,1354129
25242335,8,1354129
25243548,6,1354129
25244760,10,1354129
25245972,7,1354129
25247185,5,1354129
25248398,5,1354129
25249611,8,1355979
25250822,5,1352895
25252035,4,1352895
25253248,3,1352895
25254460,3,1352895
25255672,3,1352895
25256885,3,1352895
25258097,6,1352895
25259311,4,1352895
25260522,4,1352895
25261735,2,1350274
25262947,3,1350274
25264160,4,1350274
25265372,4,1350274
25266585,6,1350274
25267797,4,1350274
25269010,7,1350274
25277498,5,1350274
25278710,4,1350274
25279923,5,1350274
25281135,5,1350274
25282347,6,1356492
25283560,8,1352844
25284772,5,1352844
25285985,6,1352844
25287198,4,1352844
25288410,3,1352844
25289622,3,1352844
25290835,4,1352844
25292047,3,1352844
25293260,3,1352844
25294472,6,1352844
25295685,5,1352844
25296898,5,1352844
25298110,5,1352844
25299322,4,1352844
25300535,4,1352844
25301747,6,1352844
25302959,4,1352844
25304172,5,1352844
25305385,3,1352902
25306597,3,1354694
25307809,4,1354694
25309022,5,1354694
25310235,4,1354694
25311447,3,1354694
25312660,5,1354694
25313872,4,1354694
25315085,4,1354694
25316297,4,1354638
25317510,5,1353358
25318722,4,1353358
25319934,5,1353358
25321148,4,1353358
25322360,5,1353358
25323572,4,1353358
25324785,4,1353358
25325998,5,1353358
25327209,6,1353358
25328423,3,1353358
25329635,7,1353358
25330847,7,1353358
25332060,11,1353358
25333272,4,1353358
25334484,6,1353358
25335698,7,1353358
25336910,9,1356904
25338122,2,1356904
25339335,4,1356904
25340547,5,1356904
25341759,9,1356904
25342972,8,1356904
25344185,9,1356904
25345397,8,1356904
25346609,7,1356904
25347822,4,1356904
25349035,6,1357160
25350247,5,1357160
25351459,6,1357160
25352671,7,1357160
25353884,6,1355774
25361159,9,1356030
25362371,3,1356030
25363583,5,1356030
25364796,3,1356030
25366008,5,1356030
25367221,4,1356030
25368433,3,1356030
25369646,2,1356030
25370859,6,1356030
25372071,4,1356030
25373283,6,1356030
25374496,7,1356030
25375708,6,1356030
25376921,7,1356030
25378133,5,1356030
25379345,7,1356030
25380557,5,1356030
25381770,7,1350326
25382982,6,1350326
25384195,8,1350326
25385407,3,1350326
25386620,4,1350326
25387833,9,1350326
25389045,6,1350326
25390257,7,1350326
25391469,5,1350326
25392682,6,1353974
25393895,4,1353974
25395107,7,1353974
25396319,5,1353974
25397532,6,1353974
25398744,6,1353974
25399958,11,1353974
25401169,7,1353974
25402383,8,1353974
25403595,6,1355722
25404807,5,1355722
25406019,5,1355722
25407232,5,1355722
25408444,7,1355722
25409656,9,1355722
25410869,6,1355722
25412082,4,1355722
25413294,8,1355722
25414507,6,1353871
25415719,7,1353871
25416932,7,1353871
25418144,6,1353871
25419356,7,1353871
25420568,3,1353871
25421781,3,1353871
25422993,7,1353871
25424206,5,1353871
25425419,6,1351919
25426631,4,1351919
25427844,5,1351919
25429056,10,1351919
25430268,9,1351919
25431480,8,1351919
25432693,7,1351919
25433905,4,1351919
25435117,5,1351919
25436330,7,1356287
25437543,4,1356287
25446029,10,1356287
25447242,9,1357263
25448455,3,1354026
25449667,5,1354026
25450880,3,1354026
25452091,1,1354026
25453304,5,1354026
25454517,3,1354026
25455729,2,1354026
25456942,4,1354026
25458153,3,1354026
25459367,5,1356133
25460578,4,1356133
25461791,2,1356133
25463003,4,1356133
25464216,3,1356133
25465428,4,1356133
25466641,3,1356133
25467854,3,1356133
25469066,8,1356133
25470279,5,1352741
25471491,5,1352741
25472703,2,1352741
25473916,5,1352741
25475128,3,1352741
25476341,3,1352741
25477553,2,1352741
25478766,7,1352741
25479979,4,1352741
25481190,4,1355413
25482404,4,1355413
25483616,4,1355413
25484828,3,1355413
25486041,3,1355413
25487253,4,1355413
25488466,3,1355413
25489679,5,1355413
25490891,4,1355413
25492103,2,1355290
25493315,4,1349658
25494528,3,1349658
25495740,3,1349658
25496953,5,1349658
25498166,3,1349658
25499378,4,1349658
25500590,3,1349658
25501803,2,1349658
25503016,4,1349725
25504228,4,1354077
25505440,4,1354077
25506654,4,1354077
25507866,7,1354077
25509078,6,1354077
25510290,6,1354077
25511503,4,1354077
25512715,3,1354077
25513928,3,1354077
25515140,2,1354077
25516352,7,1354077
25517565,5,1354077
25518777,5,1354077
25519989,6,1354077
25521202,7,1354077
25522414,5,1354077
25529690,7,1354077
25530902,7,1354077
25532114,7,1354077
25533327,6,1354077
25534539,8,1354077
25535751,10,1353717
25536964,5,1353717
25538176,5,1353717
25539389,6,1353717
25540601,9,1353717
25541814,4,1353717
25543026,6,1353717
25544239,6,1353717
25545451,8,1353717
25546664,6,1352792
25547877,5,1352792
25549089,6,1352792
25550301,6,1352792
25551514,7,1352792
25552727,5,1352792
25553939,4,1352792
25555152,9,1352792
25556364,8,1352792
25557576,8,1357212
25558789,3,1357212
25560001,7,1357212
25561214,11,1357212
25562427,6,1357212
25563639,5,1357212
25564851,4,1357212
25566064,8,1357212
25567276,6,1357212
25568489,7,1356390
25569701,6,1356390
25570914,6,1356390
25572127,4,1356390
25573339,7,1356390
25574551,7,1356390
25575764,10,1356390
25576976,7,1356390
25578189,5,1356390
25579402,6,1354848
25580613,4,1354848
25581826,8,1354848
25583039,7,1354848
25584251,6,1354848
25585463,3,1354848
25586676,5,1354848
25587888,2,1354848
25589101,5,1354848
25590313,8,1356544
25591526,5,1356544
25592738,7,1356544
25593950,5,1356544
25595164,6,1356544
25596375,7,1356544
25597588,5,1356544
25598800,4,1356544
25600013,6,1356544
25601225,5,1352227
25602438,6,1352227
25603651,5,1352227
25604863,7,1352227
25606075,5,1353358
25614563,2,1353358
25615775,5,1353358
25616988,2,1353358
25618201,4,1353358
25619413,4,1353358
25620625,4,1353358
25621838,3,1353358
25623050,2,1353358
25624263,4,1354848
25625475,3,1354848
25626688,5,1354848
25627900,4,1354848
25629112,3,1354848
25630325,5,1354848
25631537,5,1354848
25632750,8,1354848
25633962,5,1354848
25635175,4,1351610
25636388,4,1351610
25637600,3,1351610
25638813,4,1351610
25640025,4,1351610
25641237,4,1351610
25642449,5,1351610
25643662,4,1351610
25644875,6,1351610
25646087,4,1357109
25647299,6,1357109
25648512,7,1357109
25649724,5,1357109
25650937,5,1357109
25652149,4,1357109
25653361,6,1357109
25654574,6,1357109
25655787,4,1357109
25656999,3,1355568
25658212,4,1355568
25659424,4,1355568
25660636,5,1355568
25661849,4,1355568
25663061,10,1355568
25664273,3,1355568
25665487,5,1355568
25666699,4,1355568
25667911,4,1355568
25669123,6,1355568
25670336,5,1355568
25671548,4,1355568
25672761,8,1355568
25673974,5,1355568
25675185,4,1355568
25676398,4,1355568
25677610,6,1355568
25678823,3,1355605
25680035,4,1352021
25681248,3,1352021
25682460,3,1352021
25683674,4,1352021
25684886,5,1352021
25686098,5,1352021
25687310,3,1352021
25688522,4,1352021
25689735,3,1352175
25690948,6,1351919
25699435,2,1351919
25700647,3,1351919
25701860,4,1351919
25703072,7,1351919
25704284,10,1351919
25705496,8,1351919
25706709,9,1351919
25707921,6,1351919
25709133,5,1351919
25710346,7,1356338
25711558,9,1356338
25712771,4,1356338
25713983,8,1356338
25715195,7,1356338
25716408,7,1356338
25717621,7,1356338
25718834,5,1356338
25720046,8,1356338
25721258,9,1356338
25722470,5,1355259
25723684,4,1355259
25724896,7,1355259
25726108,6,1355259
25727321,10,1355259
25728533,9,1355259
25729746,5,1355259
25730958,9,1355259
25732171,6,1355259
25733384,6,1356287
25734596,4,1356287
25735809,7,1356287
25737021,6,1356287
25738234,6,1356287
25739447,6,1356287
25740659,5,1356287
25741871,8,1356287
25743084,4,1356287
25744296,6,1354642
25745510,4,1354642
25746722,5,1354642
25747934,6,1354642
25749147,6,1354642
25750360,8,1354642
25751572,5,1354642
25752785,5,1354642
25753997,8,1354642
25755209,8,1356492
25756423,5,1356492
25757634,7,1356492
25758847,6,1356492
25760059,12,1356492
25761272,4,1356492
25762485,7,1356492
25763698,8,1356492
25764910,7,1356492
25766122,8,1353769
25767335,5,1353769
25768548,9,1353769
25769760,10,1353769
25770974,7,1353769
25772186,8,1353769
25773399,7,1353769
25774611,8,1353769
25775823,9,1353769
25783099,4,1353769
25784312,7,1353769
25785524,8,1353769
25786737,6,1353769
25787949,5,1354488
25789162,4,1354488
25790375,7,1354488
25791587,8,1354488
25792800,4,1354488
25794013,8,1354488
25795224,8,1354488
25796438,6,1354488
25797651,3,1354488
25798863,8,1355310
25800075,4,1355310
25801288,6,1355310
25802500,9,1355310
25803713,6,1355310
25804925,8,1355310
25806138,4,1355310
25807350,8,1355310
25808563,8,1355310
25809775,5,1356287
25810988,2,1356492
25812200,5,1356492
25813413,5,1356492
25814625,5,1356492
25815839,6,1356492
25817050,5,1356492
25818263,3,1356492
25819476,3,1356492
25820688,2,1356492
25821901,6,1348064
25823114,4,1348064
25824327,7,1348064
25825538,2,1348064
25826752,6,1348064
25827963,4,1348064
25829176,3,1348064
25830389,5,1348064
25831601,5,1348064
25832815,3,1348064
25834026,3,1348064
25835239,5,1348064
25836451,4,1348064
25837664,5,1348064
25838877,5,1348064
25840089,0,1348064
25841301,3,1348064
25842514,5,1348064
25843726,6,1356287
25844939,4,1356287
25846152,3,1356287
25847364,7,1356287
25848576,3,1356287
25849789,5,1356287
25851001,5,1356287
25852214,3,1356287
25853427,3,1356287
25854639,5,1353615
25855852,5,1353615
25857064,7,1353615
25858278,9,1353615
25859490,8,1353615
25867977,4,1353615
25869190,5,1353615
25870403,5,1353615
25871614,8,1353615
25872827,6,1353615
25874039,9,1353615
25875252,6,1357006
25876465,4,1356843
25877677,4,1354283
25878890,6,1354283
25880102,6,1354283
25881315,4,1354283
25882527,4,1354283
25883740,3,1354283
25884952,4,1354283
25886165,4,1354283
25887378,5,1354283
25888591,4,1354283
25889802,5,1354283
25891015,6,1354283
25892228,6,1354283
25893440,9,1354283
25894652,8,1354283
25895865,4,1354283
25897078,6,1355054
25898290,5,1355054
25899503,5,1355054
25900716,8,1355054
25901927,8,1355054
25903140,3,1355054
25904352,4,1355054
25905566,8,1355054
25906778,6,1355054
25907991,6,1355054
25909203,6,1351405
25910415,4,1351405
25911627,5,1351405
25912840,4,1351405
25914053,5,1351405
25915265,7,1351405
25916477,7,1351405
25917690,6,1351405
25918903,5,1351405
25920115,5,1354899
25921327,3,1354899
25922540,7,1354899
25923753,8,1354899
25924965,5,1354899
25926177,7,1354899
25927390,5,1354899
25928602,7,1354899
25929815,8,1354899
25931027,8,1354848
25932240,4,1354848
25933452,3,1354848
25934665,6,1354848
25935878,6,1354848
25937090,7,1354848
25938302,6,1354848
25939515,3,1354848
25940727,4,1354848
25941939,7,1354026
25943152,4,1354026
25944364,8,1354026
25951639,2,1354026
25952852,7,1355310
25954064,8,1355310
25955277,6,1355310
25956489,6,1355310
25957702,5,1355310
25958914,7,1355310
25960127,6,1355310
25961339,8,1355310
25962552,6,1355310
25963764,7,1357520
25964976,4,1357520
25966189,12,1357520
25967402,7,1357520
25968615,5,1357520
25969826,6,1357520
25971039,6,1357520
25972252,8,1357520
25973464,7,1357520
25974677,6,1347242
25975890,4,1347242
25977102,7,1347242
25978314,4,1347242
25979527,8,1347242
25980739,7,1347242
25981951,7,1347242
25983164,6,1347242
25984376,4,1347242
25985589,5,1355156
25986801,2,1355156
25988014,6,1355156
25989227,7,1355156
25990439,9,1355156
25991652,8,1355156
25992864,5,1355156
25994076,9,1355156
25995289,7,1355156
25996502,11,1356236
25997714,7,1352587
25998927,3,1352587
26000139,3,1352587
26001352,4,1352587
26002564,9,1352587
26003777,2,1352587
26004989,4,1352587
26006201,2,1352587
26007414,5,1352587
26008626,3,1354283
26009839,4,1354283
26011052,6,1354283
26012264,4,1354283
26013476,5,1354283
26014689,3,1354283
26015902,4,1354283
26017114,5,1354283
26018327,4,1354283
26019539,4,1353358
26020751,4,1353358
26021964,4,1353358
26023176,2,1353358
26024388,4,1353358
26025601,6,1353358
26026813,3,1353358
26028026,4,1353358
26036513,4,1353358
26037727,6,1353358
26038939,9,1353358
26040151,8,1356081
26041364,5,1349349
26042576,6,1349349
26043789,2,1349349
26045002,4,1349349
26046214,6,1349349
26047427,3,1349349
26048639,4,1349349
26049851,3,1349349
26051064,6,1349349
26052277,5,1349336
26053490,7,1359576
26054701,6,1359576
26055914,4,1359576
26057126,4,1359576
26058339,4,1359576
26059551,5,1359576
26060765,6,1359576
26061976,5,1359576
26063189,6,1359466
26064401,2,1357418
26065614,4,1357418
26066826,3,1357418
26068039,3,1357418
26069252,5,1357418
26070464,4,1357418
26071677,5,1357418
26072889,4,1357418
26074101,5,1357418
26075314,4,1357418
26076527,7,1357418
26077739,7,1357418
26078951,5,1357418
26080164,5,1357418
26081376,6,1357418
26082590,7,1357418
26083802,7,1354180
26085014,4,1354180
26086226,4,1354180
26087439,6,1354180
26088651,5,1354180
26089865,8,1354180
26091077,5,1354180
26092289,8,1354180
26093502,6,1354180
26094715,5,1354180
26095927,6,1356338
26097139,3,1356338
26098351,8,1356338
26099564,5,1356338
26100776,4,1356338
26101989,8,1356338
26103202,6,1356338
26104415,11,1356338
26105626,8,1356338
26106839,7,1353255
26108052,6,1353255
26109264,6,1353255
26110477,8,1353255
26111690,8,1353255
26112902,10,1353255
26120177,10,1353255
26121391,8,1353255
26122603,6,1353255
26123815,5,1353255
26125028,5,1353255
26126240,9,1353255
26127452,5,1353255
26128666,5,1353563
26129878,6,1353563
26131090,6,1353563
26132303,6,1353563
26133516,9,1353563
26134728,7,1353563
26135940,7,1353563
26137153,6,1353563
26138365,8,1353563
26139578,6,1357880
26140791,3,1357880
26142003,3,1357880
26143216,8,1357880
26144428,5,1357880
26145640,4,1357880
26146852,5,1357880
26148065,12,1357880
26149277,6,1357880
26150491,6,1353871
26151703,3,1353871
26152915,8,1353871
26154127,8,1353871
26155340,3,1353871
26156552,6,1353871
26157766,6,1353871
26158977,6,1353871
26160191,5,1353871
26161402,7,1353563
26162615,5,1353563
26163827,8,1353563
26165040,6,1353563
26166252,5,1353563
26167465,6,1353563
26168678,9,1353563
26169890,7,1353563
26171103,7,1353563
26172315,7,1354848
26173527,3,1354848
26174740,8,1354848
26175953,7,1354848
26177165,7,1354848
26178377,8,1354848
26179589,7,1354848
26180802,6,1354848
26182015,7,1354848
26183227,5,1351867
26184440,4,1355722
26185652,4,1355722
26186864,5,1355722
26188077,3,1355722
26189290,6,1355722
26190503,6,1355722
26191714,4,1355722
26192927,4,1355722
26194139,3,1355722
26195352,5,1353563
26196564,5,1353563
26205052,12,1353563
26206264,12,1356081
26207476,5,1356081
26208689,3,1356081
26209902,4,1356081
26211114,3,1356081
26212327,8,1356081
26213539,7,1356081
26214752,7,1356081
26215964,4,1356081
26217176,3,1351713
26218389,4,1351713
26219601,5,1351713
26220813,4,1351713
26222026,4,1351713
26223239,3,1351713
26224451,3,1351713
26225663,6,1351713
26226876,6,1351713
26228089,4,1352792
26229302,3,1352792
26230513,4,1352792
26231726,3,1352792
26232938,5,1352792
26234151,4,1352792
26235364,8,1352792
26236575,4,1352792
26237788,2,1352792
26239000,4,1352907
26240213,4,1355979
26241426,4,1355979
26242638,3,1355979
26243850,4,1355979
26245063,7,1355979
26246276,4,1355979
26247488,4,1355979
26248700,4,1355979
26249913,6,1355866
26251125,4,1353306
26252338,3,1353306
26253550,4,1353306
26254763,5,1353306
26255975,5,1353306
26257187,4,1353306
26258400,5,1353306
26259613,4,1353306
26260825,4,1353339
26262038,5,1353339
26263250,7,1353339
26264463,5,1353339
26265675,6,1353339
26266887,8,1353339
26268100,4,1353339
26269313,7,1353339
26270526,5,1348475
26271738,5,1348475
26272950,5,1348475
26274162,7,1348475
26275375,6,1348475
26276588,8,1348475
26277800,6,1348475
26279013,6,1348475
26280224,5,1348475
26281437,9,1348475
26288713,10,1348475
26289925,9,1348475
26291137,4,1348475
26292350,6,1348475
26293563,10,1356133
26294775,4,1356133
26295988,8,1356133
26297200,7,1356133
26298413,7,1356133
26299624,8,1356133
26300838,7,1356133
26302050,6,1356133
26303262,4,1356133
26304475,4,1356236
26305687,4,1356236
26306900,10,1356236
26308112,9,1356236
26309325,6,1356236
26310538,6,1356236
26311749,9,1356236
26312962,5,1356236
26314175,5,1356236
26315387,8,1354951
26316599,5,1354951
26317812,6,1354951
26319024,8,1354951
26320237,6,1354951
26321449,6,1354951
26322662,6,1354951
26323874,6,1354951
26325087,7,1354951
26326299,5,1353101
26327512,3,1353101
26328724,7,1353101
26329937,7,1353101
26331149,9,1353101
26332361,7,1353101
26333575,3,1353101
26334787,5,1353101
26335999,8,1353101
26337211,8,1355310
26338424,5,1355310
26339636,2,1355310
26340850,4,1355310
26342062,9,1355310
26343274,9,1355310
26344486,9,1355310
26345699,5,1355310
26346911,5,1355310
26348124,4,1351970
26349336,4,1351970
26350549,7,1351970
26351761,10,1351970
26352974,8,1351970
26354187,8,1351970
26355400,5,1351970
26356612,7,1351970
26357824,4,1351970
26359036,7,1355208
26360249,5,1355208
26361461,7,1355208
26362674,8,1355208
26363886,7,1355208
26365099,6,1355208
26372501,6,1355208
26373586,9,1355208
26374799,5,1355208
26376012,2,1355208
26377224,6,1355208
26378437,8,1355208
26379649,8,1355208
26380862,6,1355670
26382074,4,1353255
26383287,2,1353255
26384499,4,1353255
26385711,5,1353255
26386924,4,1353255
26388136,6,1353255
26389349,4,1353255
26390561,5,1353255
26391774,3,1353255
26392986,3,1352176
26394199,6,1352176
26395411,4,1352176
26396624,5,1352176
26397836,4,1352176
26399048,4,1352176
26400262,6,1352176
26401473,6,1352176
26402686,7,1352176
26403899,4,1357829
26405111,1,1357829
26406324,5,1357829
26407536,6,1357829
26408749,8,1357829
26409961,3,1357829
26411174,2,1357829
26412387,3,1357829
26413599,4,1357829
26414811,4,1357726
26416024,6,1357726
26417236,6,1357726
26418449,3,1357726
26419662,2,1357726
26420874,3,1357726
26422086,6,1357726
26423299,3,1357726
26424512,4,1357726
26425724,4,1357726
26426937,5,1357726
26428149,5,1357726
26429361,5,1357726
26430574,5,1357726
26431787,2,1357726
26432999,3,1357726
26434211,4,1357726
26435424,3,1357726
26436636,6,1357659
26437849,4,1353563
26439061,10,1353563
26440273,4,1353563
26441487,3,1353563
26442698,5,1353563
26443911,3,1353563
26445123,4,1353563
26446336,5,1353563
26447549,2,1353624
26448761,6,1356184
26457248,2,1356184
26458460,6,1356184
26459674,6,1356184
26460886,7,1356184
26462098,7,1356184
26463311,5,1356184
26464523,8,1356184
26465735,10,1356184
26466947,7,1356184
26468160,8,1352792
26469372,4,1352792
26470584,3,1352792
26471797,5,1352792
26473009,8,1352792
26474221,6,1352792
26475434,8,1352792
26476647,5,1352792
26477859,7,1352792
26479072,8,1352792
26480284,7,1353255
26481497,3,1353255
26482709,9,1353255
26483922,9,1353255
26485134,3,1353255
26486347,4,1353255
26487560,6,1353255
26488772,7,1353255
26489984,6,1353255
26491197,5,1354283
26492409,3,1354283
26493622,8,1354283
26494835,7,1354283
26496047,6,1354283
26497260,5,1354283
26498472,7,1354283
26499685,6,1354283
26500897,7,1354283
26502110,5,1355876
26503323,3,1355876
26504535,6,1355876
26505747,5,1355876
26506960,7,1355876
26508172,5,1355876
26509385,9,1355876
26510597,8,1355876
26511810,5,1355876
26513022,10,1356955
26514235,5,1356955
26515448,8,1356955
26516660,7,1356955
26517872,10,1356955
26519085,5,1356955
26520297,8,1356955
26521510,4,1356955
26522723,6,1356955
26523935,7,1353615
26525147,3,1353615
26526360,8,1353615
26527572,6,1353615
26528785,5,1353615
26529998,5,1353615
26531210,9,1353615
26532423,8,1353615
26533635,5,1353615
26540910,4,1353615
26542122,8,1353615
26543335,7,1353615
26544548,6,1353615
26545760,12,1354283
26546972,4,1354283
26548185,7,1354283
26549398,4,1354283
26550609,5,1354283
26551822,6,1354283
26553035,8,1354283
26554248,7,1354283
26555460,8,1354283
26556672,5,1352947
26557884,7,1352947
26559097,5,1352947
26560309,8,1352947
26561522,6,1352947
26562734,7,1352947
26563947,7,1352947
26565160,7,1352947
26566372,6,1352947
26567584,7,1352535
26568797,0,1355670
26570009,3,1355670
26571222,2,1355670
26572434,5,1355670
26573646,5,1355670
26574859,7,1355670
26576071,6,1355670
26577284,3,1355670
26578496,2,1355670
26579709,3,1355259
26580921,5,1355259
26582133,3,1355259
26583347,5,1355259
26584558,10,1355259
26585772,5,1355259
26586984,3,1355259
26588196,6,1355259
26589408,5,1355259
26590621,4,1358343
26591833,3,1358343
26593045,1,1358343
26594259,3,1358343
26595470,4,1358343
26596684,4,1358343
26597896,5,1358343
26599108,4,1358343
26600320,4,1358343
26601533,4,1350634
26602746,2,1350634
26603958,4,1350634
26605171,4,1350634
26606383,5,1350634
26607595,1,1350634
26608808,-1,1350634
26610020,1,1350634
26611233,7,1350634
26612446,4,1351662
26613658,0,1351662
26614871,3,1351662
26616083,3,1351662
26617295,4,1351662
26624571,14,1351662
26625782,11,1351662
26626995,9,1351662
26628208,7,1351662
26629420,6,1351662
26630632,9,1351662
26631844,4,1351662
26633057,9,1354591
26634270,5,1354700
26635481,4,1356492
26636694,3,1356492
26637906,4,1356492
26639119,0,1356492
26640332,3,1356492
26641544,6,1356492
26642757,6,1356492
26643969,5,1356492
26645182,3,1356492
26646394,4,1356492
26647607,3,1356492
26648819,9,1356492
26650031,5,1356492
26651244,7,1356492
26652456,7,1356492
26653669,9,1356492
26654881,10,1355002
26656094,5,1355002
26657307,5,1355002
26658519,6,1355002
26659731,4,1355002
26660943,5,1355002
26662156,10,1355002
26663368,10,1355002
26664581,5,1355002
26665794,5,1355002
26667007,5,1354539
26668218,4,1354539
26669431,9,1354539
26670644,4,1354539
26671856,10,1354539
26673069,9,1354539
26674281,4,1354539
26675493,7,1354539
26676705,9,1354539
26677918,11,1354642
26679131,4,1354642
26680343,6,1354642
26681555,7,1354642
26682768,7,1354642
26683980,7,1354642
26685193,5,1354642
26686406,6,1354642
26687617,7,1354642
26688830,6,1356801
26690042,5,1356801
26691255,6,1356801
26692468,9,1356801
26693681,7,1356801
26694893,5,1356801
26696105,7,1356801
26697318,6,1356801
26698529,6,1356801
26699742,8,1356544
26700955,6,1356544
26709441,4,1356544
26710654,6,1354539
26711867,5,1354539
26713079,6,1354539
26714291,10,1354539
26715504,7,1354539
26716716,7,1354539
26717928,4,1354539
26719141,8,1354539
26720353,8,1354539
26721567,10,1357623
26722778,4,1357623
26723991,7,1357623
26725204,4,1357623
26726416,6,1357623
26727628,7,1357623
26728842,11,1357623
26730054,7,1357623
26731266,3,1357623
26732478,7,1354334
26733691,4,1354334
26734903,7,1354334
26736116,7,1354334
26737328,5,1354334
26738540,7,1354334
26739754,9,1354334
26740965,4,1354334
26742179,6,1354334
26743391,8,1356287
26744603,2,1356287
26745815,4,1356287
26747028,3,1356287
26748240,5,1356287
26749453,8,1356287
26750665,7,1356287
26751878,5,1356287
26753090,3,1356287
26754302,6,1355670
26755516,5,1358497
26756728,5,1358497
26757940,3,1358497
26759152,1,1358497
26760365,5,1358497
26761577,4,1358497
26762790,2,1358497
26764002,4,1358497
26765214,4,1358497
26766427,4,1354077
26767639,4,1354077
26768852,4,1354077
26770064,9,1354077
26771277,4,1354077
26772489,4,1354077
26773702,3,1354077
26774914,5,1354077
26776127,5,1354077
26777339,2,1354077
26778551,5,1354077
26779764,5,1354077
26780976,3,1354077
26782189,3,1354077
26783401,3,1354077
26784614,4,1354077
26785827,6,1354077
26794314,10,1354077
26795526,8,1354077
26796739,5,1354077
26797951,8,1353769
26799163,3,1353923
26800376,6,1353923
26801588,4,1353923
26802801,2,1353923
26804013,1,1353923
26805225,2,1353923
26806438,3,1353923
26807650,5,1353923
26808863,6,1353923
26810075,4,1353977
26811288,3,1354745
26812500,1,1354745
26813713,5,1354745
26814926,4,1354745
26816137,4,1354745
26817350,5,1354745
26818562,8,1354745
26819775,2,1354745
26820987,6,1354733
26822199,7,1351405
26823412,4,1351405
26824625,2,1351405
26825838,1,1351405
26827050,2,1351405
26828263,5,1351405
26829475,7,1351405
26830687,5,1351405
26831900,5,1351405
26833113,4,1351405
26834325,5,1351405
26835537,6,1351405
26836750,10,1351405
26837962,8,1351405
26839175,7,1351405
26840387,4,1351405
26841600,8,1351713
26842812,6,1351713
26844024,5,1351713
26845237,7,1351713
26846450,4,1351713
26847662,7,1351713
26848874,6,1351713
26850087,10,1351713
26851299,7,1351713
26852512,6,1351713
26853724,7,1356081
26854937,4,1356081
26856149,6,1356081
26857361,10,1356081
26858575,7,1356081
26859787,7,1356081
26860999,8,1356081
26862212,6,1356081
26863424,6,1356081
26864636,6,1355619
26865849,4,1355619
26867062,12,1355619
26868273,7,1355619
26869486,6,1355619
26870698,9,1355619
26877973,4,1355619
26879186,6,1355619
26880399,8,1355619
26881611,8,1355619
26882823,6,1355619
26884036,6,1355619
26885248,6,1355619
26886460,7,1353820
26887674,5,1353820
26888886,7,1353820
26890098,3,1353820
26891311,7,1353820
26892523,7,1353820
26893735,3,1353820
26894948,6,1353820
26896161,9,1353820
26897372,7,1354642
26898585,3,1354642
26899798,6,1354642
26901011,5,1354642
26902222,8,1354642
26903435,8,1354642
26904647,9,1354642
26905860,8,1354642
26907073,5,1354642
26908285,5,1351148
26909497,5,1351148
26910709,7,1351148
26911922,3,1351148
26913134,6,1351148
26914347,4,1351148
26915560,4,1351148
26916772,5,1351148
26917984,6,1351148
26919197,7,1352227
26920410,2,1352227
26921621,5,1352227
26922834,6,1352227
26924047,7,1352227
26925259,8,1352227
26926471,6,1352227
26927684,2,1352227
26928897,7,1352227
26930109,7,1353717
26931321,4,1353717
26932533,7,1353717
26933746,6,1353717
26934959,7,1353717
26936171,9,1353717
26937384,6,1353717
26938596,10,1353717
26939808,7,1353717
26941021,5,1352689
26942234,5,1354848
26943446,4,1354848
26944659,4,1354848
26945871,3,1354848
26947083,4,1354848
26948296,2,1354848
26949509,4,1354848
26950720,4,1354848
26951933,3,1354848
26953145,4,1356030
26954358,8,1356030
26961632,2,1356030
26962845,5,1356030
26964057,18,1356030
26965269,4,1356030
26966482,4,1356030
26967694,7,1356030
26968908,6,1356030
26970119,5,1356030
26971332,5,1356030
26972544,5,1356030
26973757,8,1356030
26974969,6,1354334
26976182,5,1354334
26977394,3,1354334
26978606,4,1354334
26979819,2,1354334
26981032,5,1354334
26982244,4,1354334
26983456,6,1354334
26984669,3,1354334
26985882,5,1355156
26987093,3,1355156
26988307,3,1355156
26989519,5,1355156
26990731,4,1355156
26991944,3,1355156
26993156,3,1355156
26994369,5,1355156
26995581,3,1355156
26996793,4,1355259
26998006,4,1355259
26999218,5,1355259
27000431,6,1355259
27001643,3,1355259
27002856,5,1355259
27004068,6,1355259
27005281,4,1355259
27006494,5,1355259
27007705,4,1355187
27008918,2,1349555
27010130,6,1349555
27011343,3,1349555
27012555,5,1349555
27013768,2,1349555
27014981,4,1349555
27016193,6,1349555
27017405,3,1349555
27018617,4,1349555
27019830,4,1349555
27021043,5,1349555
27022254,5,1349555
27023467,5,1349555
27024679,7,1349555
27025892,9,1349555
27027105,5,1349555
27028316,7,1350737
27029529,4,1350737
27030741,3,1350737
27031954,7,1350737
27033166,11,1350737
27034378,3,1350737
27035590,6,1350737
27036803,5,1350737
27038015,5,1350737
27046501,3,1350737
27047714,9,1350737
27048925,8,1350737
27050138,8,1350737
27051350,4,1357880
27052562,5,1357880
27053775,8,1357880
27054987,6,1357880
27056200,5,1357880
27057412,5,1357880
27058624,3,1357880
27059837,7,1357880
27061049,6,1357880
27062261,5,1355927
27063473,3,1355927
27064686,5,1355927
27065898,6,1355927
27067110,6,1355927
27068322,8,1355927
27069535,9,1355927
27070746,10,1355927
27071959,6,1355927
27073171,6,1353460
27074383,3,1353460
27075595,6,1353460
27076808,7,1353460
27078020,6,1353460
27079232,4,1353460
27080444,8,1353460
27081657,9,1353460
27082869,8,1353460
27084081,7,1356492
27085293,6,1356492
27086505,7,1356492
27087717,4,1356492
27088930,6,1356492
27090142,7,1356492
27091355,8,1356492
27092567,4,1356492
27093779,5,1356492
27094991,7,1352741
27096204,5,1352741
27097416,6,1352741
27098628,9,1352741
27099840,8,1352741
27101053,7,1352741
27102264,6,1352741
27103476,11,1352741
27104689,6,1352741
27105902,6,1354848
27107113,5,1354848
27108325,7,1354848
27109538,5,1354848
27110750,8,1354848
27111963,8,1354848
27113175,9,1354848
27114387,5,1354848
27115599,6,1354848
27116811,7,1353409
27118023,3,1353409
27119236,6,1353409
27120448,8,1353409
27121660,8,1353409
27122872,5,1353409
27130145,5,1353409
27131357,6,1353409
27132570,7,1353409
27133782,7,1353409
27134995,8,1353409
27136206,6,1353409
27137419,7,1353409
27138631,8,1354951
27139844,3,1353974
27141055,8,1353974
27142268,4,1353974
27143480,2,1353974
27144692,3,1353974
27145904,4,1353974
27147116,0,1353974
27148328,4,1353974
27149541,3,1353974
27150753,6,1354283
27151965,4,1354283
27153177,4,1354283
27154389,1,1354283
27155602,5,1354283
27156814,2,1354283
27158026,3,1354283
27159239,3,1354283
27160450,4,1354283
27161663,5,1353666
27162876,5,1353666
27164087,5,1353666
27165300,5,1353666
27166512,1,1353666
27167724,5,1353666
27168937,4,1353666
27170149,5,1353666
27171361,5,1353666
27172573,4,1356595
27173785,2,1356595
27174998,4,1356595
27176210,5,1356595
27177422,3,1356595
27178635,4,1356595
27179847,5,1356595
27181059,7,1356595
27182271,6,1356595
27183484,4,1356584
27184696,8,1353512
27185909,4,1353512
27187120,6,1353512
27188332,4,1353512
27189545,4,1353512
27190757,6,1353512
27191969,7,1353512
27193182,6,1353512
27194394,5,1353578
27195606,3,1357418
27196819,4,1357418
27198031,5,1357418
27199243,6,1357418
27200455,4,1357418
27201668,4,1357418
27202880,3,1357418
27204092,3,1357418
27205304,2,1357418
27206516,7,1357418
27215002,15,1355259
27216215,3,1355259
27217427,3,1355259
27218640,9,1355259
27219851,7,1355259
27221064,14,1355259
27222276,9,1355259
27223488,7,1355259
27224701,6,1355259
27225913,4,1355259
27227125,5,1356133
27228337,5,1356133
27229550,5,1356133
27230762,9,1356133
27231974,4,1356133
27233187,7,1356133
27234399,7,1356133
27235612,7,1356133
27236823,4,1356133
27238036,5,1352484
27239249,2,1352484
27240460,5,1352484
27241672,6,1352484
27242885,6,1352484
27244097,8,1352484
27245309,6,1352484
27246522,6,1352484
27247734,7,1352484
27248946,6,1355208
27250159,5,1355208
27251371,6,1355208
27252584,7,1355208
27253795,5,1355208
27255008,7,1355208
27256220,5,1355208
27257432,5,1355208
27258645,9,1355208
27259857,7,1353769
27261070,4,1353769
27262282,5,1353769
27263493,9,1353769
27264706,8,1353769
27265919,7,1353769
27267131,4,1353769
27268343,6,1353769
27269555,4,1353769
27270767,7,1355824
27271980,6,1355824
27273192,6,1355824
27274404,6,1355824
27275616,9,1355824
27276829,7,1355824
27278042,6,1355824
27279253,5,1355824
27280465,8,1355824
27281679,4,1355362
27282891,4,1355362
27284103,6,1355362
27285315,7,1355362
27286527,10,1355362
27287739,7,1355362
27288951,6,1355362
27290164,4,1355362
27291376,9,1355362
27298649,1,1355362
27299862,5,1355362
27301074,10,1355362
27302286,7,1355362
27303498,6,1352535
27304710,2,1352535
27305923,8,1352535
27307135,5,1352535
27308347,7,1352535
27309559,7,1352535
27310772,7,1352535
27311984,7,1352535
27313197,7,1352535
27314408,6,1354129
27315621,6,1354026
27316833,3,1354026
27318045,4,1354026
27319257,4,1354026
27320469,5,1354026
27321682,3,1354026
27322895,4,1354026
27324106,5,1354026
27325319,4,1354026
27326532,3,1356750
27327744,3,1356750
27328956,4,1356750
27330169,6,1356750
27331381,5,1356750
27332593,4,1356750
27333806,3,1356750
27335018,4,1356750
27336230,4,1356750
27337443,4,1356133
27338654,2,1356133
27339867,6,1356133
27341079,2,1356133
27342291,4,1356133
27343505,3,1356133
27344716,8,1356133
27345929,5,1356133
27347140,3,1356133
27348354,4,1352381
27349565,3,1352381
27350778,3,1352381
27351990,5,1352381
27353202,6,1352381
27354415,3,1352381
27355627,3,1352381
27356839,2,1352381
27358052,5,1352381
27359264,5,1352344
27360476,5,1356184
27361688,4,1356184
27362901,2,1356184
27364113,3,1356184
27365326,4,1356184
27366538,6,1356184
27367751,6,1356184
27368963,1,1356184
27370175,2,1356261
27371388,3,1349349
27372600,5,1349349
27373813,5,1349349
27375025,8,1349349
27383511,2,1349349
27384724,6,1349349
27385936,7,1349349
27387148,7,1349349
27388360,9,1349349
27389573,8,1349349
27390786,4,1355413
27391997,4,1355413
27393210,4,1355413
27394423,8,1355413
27395635,6,1355413
27396847,5,1355413
27398060,9,1355413
27399272,6,1355413
27400484,6,1355413
27401696,6,1355413
27402908,10,1352998
27404121,5,1352998
27405333,7,1352998
27406546,6,1352998
27407758,9,1352998
27408970,7,1352998
27410183,7,1352998
27411395,6,1352998
27412607,6,1352998
27413819,10,1354180
27415032,5,1354180
27416244,9,1354180
27417456,8,1354180
27418668,7,1354180
27419881,8,1354180
27421093,5,1354180
27422305,5,1354180
27423517,5,1354180
27424730,7,1354129
27425942,5,1354129
27427155,6,1354129
27428367,6,1354129
27429579,4,1354129
27430791,4,1354129
27432003,7,1354129
27433216,4,1354129
27434428,6,1354129
27435640,7,1353666
27436853,3,1353666
27438065,10,1353666
27439277,12,1353666
27440489,6,1353666
27441701,7,1353666
27442914,6,1353666
27444126,4,1353666
27445339,6,1353666
27446551,10,1354334
27447763,6,1354334
27448975,5,1354334
27450187,5,1354334
27451401,4,1354334
27452612,10,1354334
27453824,9,1354334
27455038,6,1354334
27456249,6,1354334
27457461,5,1352124
27458674,5,1352124
27459886,3,1352124
27467161,8,1352124
27468373,6,1353820
27469585,5,1353820
27470797,7,1353820
27472010,7,1353820
27473224,7,1353820
27474434,5,1353820
27475647,4,1353820
27476859,8,1353820
27478072,9,1353820
27479284,5,1353923
27480496,5,1353923
27481708,8,1353923
27482921,6,1353923
27484133,10,1353923
27485346,10,1353923
27486559,6,1353923
27487770,7,1353923
27488983,6,1353923
27490195,7,1355670
27491408,0,1353255
27492620,4,1353255
27493833,3,1353255
27495044,4,1353255
27496257,3,1353255
27497469,4,1353255
27498681,6,1353255
27499893,3,1353255
27501106,4,1353255
27502319,5,1354385
27503531,4,1354385
27504743,8,1354385
27505955,5,1354385
27507167,4,1354385
27508380,3,1354385
27509592,4,1354385
27510805,4,1354385
27512018,5,1354385
27513229,3,1352279
27514441,4,1352279
27515654,3,1352279
27516867,5,1352279
27518079,2,1352279
27519291,4,1352279
27520503,5,1352279
27521716,4,1352279
27522928,5,1352279
27524140,3,1355465
27525352,6,1355465
27526565,3,1355465
27527777,3,1355465
27528990,4,1355465
27530202,3,1355465
27531415,4,1355465
27532627,5,1355465
27533839,5,1355465
27535051,5,1353203
27536264,4,1353203
27537476,5,1353203
27538688,4,1353203
27539900,6,1353203
27541113,5,1353203
27542326,3,1353203
27543538,5,1353203
27552023,11,1353203
27553236,8,1353203
27554448,7,1353203
27555661,8,1359781
27556873,6,1359704
27558085,5,1352792
27559297,3,1352792
27560510,3,1352792
27561722,3,1352792
27562935,4,1352792
27564146,0,1352792
27565359,5,1352792
27566571,3,1352792
27567784,3,1352792
27568996,5,1352792
27570209,8,1352792
27571421,6,1352792
27572634,6,1352792
27573846,6,1352792
27575058,9,1352792
27576270,8,1352792
27577482,5,1352792
27578694,6,1352792
27579906,3,1352792
27581119,5,1352792
27582331,6,1352792
27583543,8,1352792
27584756,10,1352792
27585968,7,1352792
27587180,8,1352792
27588393,6,1352792
27589605,6,1356647
27590817,4,1356647
27592030,9,1356647
27593242,4,1356647
27594454,6,1356647
27595666,6,1356647
27596879,7,1356647
27598091,7,1356647
27599303,8,1356647
27600516,6,1354848
27601728,5,1354848
27602940,6,1354848
27604152,8,1354848
27605365,7,1354848
27606577,6,1354848
27607789,4,1354848
27609001,7,1354848
27610214,7,1354848
27611427,5,1356030
27612638,5,1356030
27613851,5,1356030
27615063,7,1356030
27616276,6,1356030
27617488,8,1356030
27618700,7,1356030
27619912,8,1356030
27621125,4,1356030
27622337,5,1355105
27623549,4,1355105
27624762,8,1355105
27625974,7,1355105
27627187,8,1355105
27628398,9,1355105
27635672,4,1355105
27636884,5,1355105
27638097,4,1355105
27639309,7,1355105
27640521,11,1355105
27641733,7,1355105
27642946,8,1355105
27644157,4,1352279
27645370,5,1352279
27646582,7,1352279
27647794,6,1352279
27649006,6,1352279
27650219,7,1352279
27651431,4,1352279
27652643,6,1352279
27653855,6,1352279
27655068,8,1355568
27656280,3,1355568
27657492,9,1355568
27658705,7,1355568
27659917,3,1355568
27661129,4,1355568
27662341,5,1355568
27663553,7,1355568
27664766,7,1355568
27665978,7,1352279
27667190,4,1352279
27668402,6,1352279
27669615,6,1352279
27670827,11,1352279
27672039,8,1352279
27673252,6,1352279
27674464,7,1352279
27675676,6,1352279
27676888,8,1353152
27678101,5,1354591
27679313,5,1354591
27680525,4,1354591
27681737,7,1354591
27682950,4,1354591
27684162,4,1354591
27685375,4,1354591
27686587,4,1354591
27687798,2,1354591
27689012,5,1348887
27690225,4,1348887
27691436,4,1348887
27692648,4,1348887
27693860,7,1348887
27695072,3,1348887
27696284,5,1348887
27697497,5,1348887
27698709,6,1348887
27699921,5,1353255
27701134,2,1353255
27702346,0,1353255
27703558,6,1353255
27704771,4,1353255
27705983,6,1353255
27707195,3,1353255
27708408,3,1353255
27709619,3,1353255
27710832,3,1349400
27712044,8,1349400
27720530,9,1349400
27721743,4,1354180
27722955,3,1354180
27724167,4,1354180
27725379,4,1354180
27726591,3,1354180
27727803,4,1354180
27729016,4,1354180
27730228,4,1354180
27731440,4,1354180
27732652,4,1354227
27733864,8,1352947
27735077,5,1352947
27736289,4,1352947
27737502,4,1352947
27738713,4,1352947
27739926,4,1352947
27741138,4,1352947
27742351,4,1352947
27743563,5,1352949
27744775,6,1353717
27745987,4,1353717
27747199,2,1353717
27748411,4,1353717
27749623,4,1353717
27750836,5,1353717
27752048,6,1353717
27753260,3,1353717
27754472,4,1353717
27755685,4,1353717
27756897,6,1353717
27758109,3,1353717
27759321,6,1353717
27760533,7,1353717
27761746,5,1353717
27762958,7,1353717
27764170,4,1355670
27765382,4,1355670
27766595,3,1355670
27767807,6,1355670
27769019,6,1355670
27770231,8,1355670
27771444,9,1355670
27772656,6,1355670
27773868,9,1355670
27775081,4,1355670
27776293,7,1356287
27777505,4,1356287
27778718,5,1356287
27779930,3,1356287
27781142,7,1356287
27782354,7,1356287
27783567,4,1356287
27784779,5,1356287
27785991,7,1356287
27787204,5,1351508
27788416,4,1351508
27789629,6,1351508
27790840,5,1351508
27792053,10,1351508
27793264,6,1351508
27794477,8,1351508
27795689,3,1351508
27796901,7,1351508
27804176,7,1351508
27805388,5,1351508
27806600,3,1351508
27807812,7,1351508
27809025,6,1355619
27810238,4,1355619
27811450,6,1355619
27812662,3,1355619
27813874,8,1355619
27815087,5,1355619
27816299,5,1355619
27817511,9,1355619
27818724,7,1355619
27819936,5,1355876
27821148,3,1355876
27822360,7,1355876
27823572,5,1355876
27824785,5,1355876
27825997,6,1355876
27827210,6,1355876
27828422,8,1355876
27829634,7,1355876
27830847,4,1353615
27832059,8,1353615
27833271,8,1353615
27834483,6,1353615
27835696,9,1353615
27836908,8,1353615
27838120,6,1353615
27839333,7,1353615
27840545,5,1353615
27841757,9,1353409
27842969,5,1353409
27844182,7,1353409
27845395,6,1353409
27846607,8,1353409
27847819,8,1353409
27849032,3,1353409
27850244,9,1353409
27851456,7,1353409
27852668,7,1353409
27853880,3,1353409
27855093,4,1353409
27856305,6,1353409
27857517,7,1353409
27858731,6,1353409
27859942,8,1353409
27861154,4,1353409
27862367,11,1353409
27863579,6,1351610
27864791,3,1355773
27866004,3,1355773
27867216,5,1355773
27868428,4,1355773
27869641,3,1355773
27870854,5,1355773
27872066,7,1355773
27873279,5,1355773
27874491,4,1355773
27875703,6,1352279
27876915,4,1352279
27878127,5,1352279
27879340,6,1352279
27880552,3,1352279
27889038,8,1352279
27890251,8,1352279
27891463,8,1352279
27892675,6,1352279
27893887,6,1352279
27895100,5,1352279
27896312,7,1356544
27897525,6,1352587
27898737,4,1352587
27899949,5,1352587
27901162,5,1352587
27902375,7,1352587
27903587,5,1352587
27904799,2,1352587
27906012,4,1352587
27907225,5,1352587
27908436,2,1352587
27909648,3,1352587
27910861,6,1352587
27912073,5,1352587
27913285,4,1352587
27914498,4,1352587
27915710,3,1352587
27916923,4,1352587
27918135,2,1352587
27919348,5,1352590
27920560,8,1353358
27921772,6,1353358
27922985,3,1353358
27924197,4,1353358
27925409,3,1353358
27926622,3,1353358
27927835,4,1353358
27929047,5,1353358
27930259,5,1353316
27931471,3,1355876
27932683,0,1355876
27933896,2,1355876
27935109,5,1355876
27936321,3,1355876
27937533,5,1355876
27938745,4,1355876
27939958,5,1355876
27941170,3,1355876
27942383,4,1355876
27943595,7,1355876
27944807,6,1355876
27946020,6,1355876
27947232,6,1355876
27948444,4,1355876
27949657,6,1355876
27950870,8,1356955
27952081,5,1356955
27953294,4,1356955
27954507,7,1356955
27955719,8,1356955
27956931,6,1356955
27958144,8,1356955
27959356,8,1356955
27960568,7,1356955
27961781,6,1356955
27962994,8,1354488
27964206,3,1354488
27965418,6,1354488
27972693,6,1354488
27973905,6,1353666
27975116,4,1353666
27976330,7,1353666
27977541,6,1353666
27978754,10,1353666
27979966,8,1353666
27981179,6,1353666
27982391,7,1353666
27983604,7,1353666
27984815,6,1353049
27986028,5,1353049
27987241,7,1353049
27988453,6,1353049
27989665,7,1353049
27990878,6,1353049
27992091,4,1353049
27993303,7,1353049
27994516,7,1353049
27995728,4,1353769
27996941,1,1353769
27998153,7,1353769
27999365,8,1353769
28000579,8,1353769
28001790,5,1353769
28003003,7,1353769
28004216,8,1353769
28005428,8,1353769
28006640,6,1354026
28007853,6,1354026
28009065,9,1354026
28010278,8,1354026
28011490,9,1354026
28012703,5,1354026
28013915,8,1354026
28015128,6,1354026
28016340,9,1354026
28017553,7,1354026
28018765,4,1354026
28019978,8,1354026
28021190,7,1354026
28022403,11,1354026
28023615,8,1354026
28024827,5,1354026
28026040,7,1354026
28027252,8,1354026
28028464,7,1351764
28029677,4,1351764
28030889,8,1351764
28032103,3,1351764
28033314,7,1351764
28034527,4,1351764
28035739,6,1351764
28036952,10,1351764
28038164,7,1351764
28039376,7,1351970
28040589,3,1351970
28041802,8,1351970
28043014,6,1351970
28044226,6,1351970
28045439,5,1351970
28046652,4,1351970
28047864,6,1351970
28049076,7,1351970
28057563,6,1351970
28058776,6,1351970
28059988,5,1351970
28061201,8,1353717
28062414,3,1351713
28063626,5,1351713
28064839,2,1351713
28066051,5,1351713
28067263,4,1351713
28068475,5,1351713
28069688,4,1351713
28070901,4,1351713
28072113,5,1351713
28073326,5,1350480
28074538,4,1350480
28075751,4,1350480
28076963,3,1350480
28078175,5,1350480
28079388,4,1350480
28080600,4,1350480
28081812,3,1350480
28083025,2,1350480
28084237,4,1351662
28085450,1,1351662
28086662,5,1351662
28087875,5,1351662
28089087,6,1351662
28090300,4,1351662
28091513,3,1351662
28092724,5,1351662
28093937,6,1351662
28095150,3,1351662
28096362,8,1351662
28097574,3,1351662
28098787,2,1351662
28099999,4,1351662
28101212,4,1351662
28102424,4,1351662
28103636,4,1351662
28104848,2,1351662
28106061,9,1351674
28107273,6,1355002
28108486,4,1355002
28109698,6,1355002
28110911,5,1355002
28112123,4,1355002
28113336,5,1355002
28114548,2,1355002
28115761,7,1355002
28116973,5,1355000
28118185,4,1354488
28119397,3,1354488
28120610,3,1354488
28121823,4,1354488
28123035,5,1354488
28124247,6,1354488
28125460,4,1354488
28126672,1,1354488
28127885,5,1354488
28129097,4,1354488
28130310,7,1354488
28131522,6,1354488
28132734,8,1354488
28133947,8,1354488
28142434,7,1354488
28143647,6,1354488
28144859,6,1354488
28146072,4,1354488
28147284,5,1354488
28148496,8,1354488
28149708,7,1352381
28150921,4,1352381
28152133,6,1352381
28153345,7,1352381
28154559,5,1352381
28155771,6,1352381
28156983,8,1352381
28158196,8,1352381
28159408,6,1352381
28160621,6,1356595
28161834,3,1356595
28163046,7,1356595
28164259,7,1356595
28165470,7,1356595
28166683,8,1356595
28167896,6,1356595
28169108,3,1356595
28170320,6,1356595
28171534,5,1354129
28172746,4,1354129
28173958,3,1354129
28175170,6,1354129
28176383,5,1354129
28177595,9,1354129
28178808,5,1354129
28180021,8,1354129
28181233,3,1354129
28182445,7,1355208
28183657,6,1355208
28184870,8,1355208
28186082,9,1355208
28187295,8,1355208
28188507,10,1355208
28189720,7,1355208
28190932,7,1355208
28192145,7,1355208
28193357,5,1355002
28194570,2,1355002
28195782,7,1355002
28196995,5,1355002
28198208,6,1355002
28199420,7,1355002
28200632,6,1355002
28201845,7,1355002
28203058,10,1355002
28204270,7,1353049
28205483,4,1353049
28206695,5,1353049
28207907,3,1353049
28209120,7,1353049
28210332,9,1353049
28211545,7,1353049
28212758,9,1353049
28213969,5,1353049
28215183,9,1353717
28216395,4,1353717
28217608,6,1353717
28218819,6,1353717
28226094,4,1352073
28227307,4,1352073
28228519,6,1352073
28229731,7,1352073
28230944,6,1352073
28232156,5,1352073
28233370,7,1352073
28234581,10,1352073
28235794,4,1352073
28237007,6,1355516
28238219,4,1352792
28239431,1,1352792
28240644,2,1352792
28241857,5,1352792
28243069,3,1352792
28244282,3,1352792
28245493,5,1352792
28246706,3,1352792
28247918,5,1352792
28249131,4,1354385
28250344,7,1354385
28251556,7,1354385
28252769,5,1354385
28253981,0,1354385
28255193,2,1354385
28256405,2,1354385
28257618,3,1354385
28258831,3,1354385
28260043,4,1352947
28261256,4,1352947
28262468,5,1352947
28263680,4,1352947
28264893,3,1352947
28266105,4,1352947
28267318,4,1352947
28268530,3,1352947
28269743,5,1352947
28270955,3,1354129
28272168,4,1354129
28273380,4,1354129
28274592,3,1354129
28275805,0,1354129
28277017,6,1354129
28278230,5,1354129
28279443,4,1354129
28280655,4,1354129
28281868,5,1352021
28283079,4,1352021
28284292,4,1352021
28285505,5,1352021
28286717,6,1352021
28287930,3,1352021
28289142,4,1352021
28290355,4,1352021
28291566,6,1352021
28292779,1,1351972
28293991,4,1352484
28295204,4,1352484
28296417,3,1352484
28297629,4,1352484
28298842,4,1352484
28300054,5,1352484
28301267,4,1352484
28302479,9,1352484
28310966,0,1352484
28312179,7,1352484
28313391,6,1352689
28314603,5,1352689
28315816,3,1352689
28317028,6,1352689
28318240,6,1352689
28319453,7,1352689
28320666,9,1352689
28321878,7,1352689
28323091,7,1352689
28324302,11,1354745
28325516,4,1354745
28326727,2,1354745
28327940,7,1354745
28329152,6,1354745
28330365,6,1354745
28331578,11,1354745
28332790,6,1354745
28334002,7,1354745
28335215,4,1354745
28336427,6,1353101
28337640,5,1353101
28338852,8,1353101
28340065,6,1353101
28341277,6,1353101
28342489,8,1353101
28343702,7,1353101
28344914,10,1353101
28346127,7,1353101
28347340,8,1352021
28348552,6,1352021
28349764,7,1352021
28350978,10,1352021
28352190,10,1352021
28353402,3,1352021
28354615,8,1352021
28355827,6,1352021
28357040,4,1352021
28358252,7,1356081
28359465,5,1356081
28360678,7,1356081
28361889,6,1356081
28363102,4,1356081
28364315,8,1356081
28365527,7,1356081
28366740,7,1356081
28367952,4,1356081
28369164,8,1355054
28370378,5,1355054
28371590,8,1355054
28372802,8,1355054
28374014,10,1355054
28375227,6,1355054
28376439,5,1355054
28377652,6,1355054
28378865,4,1355054
28380077,3,1354951
28381290,5,1354951
28382502,7,1354951
28383715,8,1354951
28384927,9,1354951
28386140,6,1354951
28387352,8,1354951
28394626,2,1354951
28395839,3,1354951
28397051,9,1354951
28398264,6,1354951
28399476,8,1354951
28400689,6,1354951
28401901,7,1355208
28403113,5,1355208
28404326,9,1355208
28405539,9,1355208
28406750,6,1355208
28407963,4,1355208
28409175,5,1355208
28410388,5,1355208
28411600,8,1355208
28412812,6,1353358
28414024,5,1353358
28415236,4,1353358
28416449,6,1353358
28417661,9,1353358
28418873,6,1353358
28420086,6,1353358
28421297,7,1353358
28422509,5,1353358
28423722,7,1351919
28424934,4,1354283
28426146,3,1354283
28427358,5,1354283
28428570,2,1354283
28429783,3,1354283
28430996,4,1354283
28432207,5,1354283
28433419,3,1354283
28434632,3,1354283
28435844,1,1351096
28437056,8,1351096
28438268,6,1351096
28439480,5,1351096
28440693,2,1351096
28441906,3,1351096
28443117,0,1351096
28444329,3,1351096
28445542,5,1351096
28446755,6,1354026
28447967,4,1354026
28449179,3,1354026
28450391,3,1354026
28451604,4,1354026
28452816,4,1354026
28454028,4,1354026
28455240,4,1354026
28456452,3,1354026
28457665,3,1355927
28458877,7,1355927
28460089,5,1355927
28461302,6,1355927
28462514,4,1355927
28463726,4,1355927
28464938,3,1355927
28466150,1,1355927
28467363,5,1355927
28468575,5,1350377
28469787,4,1350377
28471000,8,1350377
28479486,9,1350388
28480697,4,1353460
28481910,5,1353460
28483122,5,1353460
28484334,5,1353460
28485546,3,1353460
28486759,6,1353460
28487970,0,1353460
28489183,4,1353460
28490395,4,1353457
28491607,5,1352433
28492819,4,1352433
28494031,5,1352433
28495243,4,1352433
28496455,3,1352433
28497668,6,1352433
28498880,5,1352433
28500092,3,1352433
28501304,3,1352433
28502517,4,1352433
28503728,8,1352433
28504940,7,1352433
28506153,5,1352433
28507365,7,1352433
28508577,6,1352433
28509789,5,1352433
28511001,6,1352433
28512214,7,1355979
28513426,3,1355979
28514638,6,1355979
28515850,5,1355979
28517063,10,1355979
28518275,6,1355979
28519487,6,1355979
28520700,7,1355979
28521912,8,1355979
28523124,4,1355259
28524336,6,1355259
28525548,6,1355259
28526761,9,1355259
28527974,7,1355259
28529186,7,1355259
28530397,6,1355259
28531611,7,1355259
28532822,6,1355259
28534035,6,1354437
28535247,3,1354437
28536459,6,1354437
28537671,7,1354437
28538884,8,1354437
28540096,5,1354437
28541308,8,1354437
28542520,8,1354437
28543732,6,1354437
28544945,4,1352689
28546157,4,1352689
28547369,10,1352689
28548582,8,1352689
28549793,9,1352689
28551006,5,1352689
28552219,7,1352689
28553430,6,1352689
28554642,8,1352689
28555855,4,1352689
28563129,6,1352689
28564340,9,1352689
28565553,5,1352689
28566765,9,1356338
28567977,5,1356338
28569189,5,1356338
28570401,7,1356338
28571614,8,1356338
28572826,6,1356338
28574039,5,1356338
28575251,8,1356338
28576462,9,1356338
28577675,6,1354437
28578887,3,1354437
28580099,2,1354437
28581312,7,1354437
28582524,8,1354437
28583736,7,1354437
28584948,8,1354437
28586160,7,1354437
28587373,6,1354437
28588585,7,1356698
28589797,3,1356698
28591009,8,1356698
28592222,8,1356698
28593433,5,1356698
28594646,7,1356698
28595858,7,1356698
28597070,6,1356698
28598282,8,1356698
28599495,7,1351405
28600706,5,1351250
28601919,3,1351250
28603131,4,1351250
28604344,6,1351250
28605556,6,1351250
28606768,4,1351250
28607980,3,1351250
28609192,5,1351250
28610404,2,1351250
28611616,1,1352484
28612828,4,1352484
28614041,5,1352484
28615253,3,1352484
28616466,3,1352484
28617677,4,1352484
28618889,6,1352484
28620102,4,1352484
28621314,5,1352484
28622526,3,1356287
28623739,3,1356287
28624950,3,1356287
28626163,4,1356287
28627375,7,1356287
28628587,4,1356287
28629799,0,1356287
28631012,3,1356287
28632225,4,1356287
28633436,3,1354077
28634648,4,1354077
28635860,5,1354077
28637072,4,1354077
28638284,2,1354077
28639496,7,1354077
28647981,3,1354077
28649194,10,1354077
28650406,11,1354077
28651618,6,1354077
28652830,6,1354077
28654042,9,1357315
28655255,3,1357349
28656467,4,1352741
28657679,4,1352741
28658891,4,1352741
28660103,6,1352741
28661315,4,1352741
28662527,6,1352741
28663740,3,1352741
28664952,5,1352741
28666165,4,1352952
28667376,5,1354488
28668589,4,1354488
28669800,-1,1354488
28671013,5,1354488
28672224,4,1354488
28673437,3,1354488
28674650,5,1354488
28675862,7,1354488
28677074,5,1354488
28678286,6,1354488
28679498,8,1354488
28680711,6,1354488
28681923,6,1354488
28683135,4,1354488
28684347,10,1354488
28685559,8,1354488
28686771,5,1354231
28687984,3,1354231
28689196,4,1354231
28690408,6,1354231
28691620,6,1354231
28692832,8,1354231
28694045,8,1354231
28695257,8,1354231
28696469,7,1354231
28697682,6,1354231
28698894,8,1352279
28700106,4,1352279
28701318,6,1352279
28702530,9,1352279
28703742,7,1352279
28704954,4,1352279
28706167,5,1352279
28707379,7,1352279
28708591,6,1352279
28709803,8,1354642
28711016,5,1354642
28712228,8,1354642
28713440,8,1354642
28714652,8,1354642
28715864,8,1354642
28717077,4,1354642
28718289,5,1354642
28719502,5,1354642
28720713,5,1353923
28721925,3,1353923
28723138,8,1353923
28724350,9,1350994
28731623,2,1353306
28732837,9,1353306
28734048,13,1353306
28735260,3,1353306
28736472,5,1353306
28737685,7,1353306
28738898,4,1353306
28740109,4,1353306
28741321,5,1353306
28742534,5,1353306
28743746,5,1353306
28744958,6,1353306
28746170,7,1353306
28747383,9,1353306
28748595,7,1353306
28749807,3,1353306
28751019,5,1353306
28752231,8,1353306
28753444,8,1353871
28754657,3,1353871
28755869,8,1353871
28757081,4,1353871
28758292,9,1353871
28759506,7,1353871
28760717,7,1353871
28761929,7,1353871
28763141,8,1353871
28764353,7,1352895
28765566,6,1352895
28766778,5,1352895
28767990,6,1352895
28769203,5,1352895
28770415,3,1352895
28771627,6,1352895
28772839,8,1352895
28774051,6,1352895
28775264,7,1354539
28776476,4,1354539
28777688,6,1354539
28778901,7,1354539
28780112,8,1354539
28781325,9,1354539
28782538,6,1354539
28783750,5,1354539
28784961,7,1354539
28786174,6,1352689
28787385,3,1350326
28788598,3,1350326
28789810,3,1350326
28791022,3,1350326
28792235,4,1350326
28793446,5,1350326
28794659,3,1350326
28795871,4,1350326
28797083,5,1350326
28798295,2,1357006
28799507,3,1357006
28800720,5,1357006
28801932,5,1357006
28803144,4,1357006
28804356,5,1357006
28805569,4,1357006
28806781,2,1357006
28807993,9,1357006
28816479,6,1357006
28817691,9,1357006
28818903,5,1351662
28820115,3,1353615
28821327,4,1353615
28822540,5,1353615
28823752,7,1353615
28824964,6,1353615
28826176,5,1353615
28827388,4,1353615
28828600,4,1353615
28829813,3,1353615
28831025,5,1352073
28832238,3,1352073
28833449,3,1352073
28834662,4,1352073
28835874,7,1352073
28837086,4,1352073
28838299,10,1352073
28839510,6,1352073
28840722,4,1352073
28841934,4,1352122
28843147,2,1351610
28844359,7,1351610
28845571,5,1351610
28846783,4,1351610
28847996,4,1351610
28849209,3,1351610
28850420,3,1351610
28851633,4,1351610
28852845,7,1351665
28854057,6,1352433
28855269,5,1352433
28856481,5,1352433
28857694,3,1352433
28858906,5,1352433
28860118,5,1352433
28861331,7,1352433
28862543,3,1352433
28863755,6,1352433
28864967,4,1352433
28866180,6,1352433
28867391,7,1352433
28868604,9,1352433
28869816,5,1352433
28871028,5,1352433
28872240,6,1352433
28873453,6,1355259
28874665,5,1355259
28875878,6,1355259
28877090,3,1355259
28878301,5,1355259
28879515,6,1355259
28880727,7,1355259
28881939,9,1355259
28883151,3,1355259
28884363,7,1355259
28885575,5,1353358
28886787,3,1353358
28888000,7,1353358
28889212,8,1353358
28890424,8,1353358
28891636,8,1353358
28892849,6,1353358
28900122,5,1353358
28901335,4,1353358
28902547,7,1353358
28903759,13,1353358
28904971,8,1353358
28906184,7,1353358
28907396,4,1353923
28908608,5,1353923
28909820,7,1353923
28911033,8,1353923
28912244,8,1353923
28913457,6,1353923
28914669,6,1353923
28915881,8,1353923
28917094,6,1353923
28918305,5,1351713
28919518,5,1351713
28920730,3,1351713
28921942,5,1351713
28923154,5,1351713
28924367,7,1351713
28925579,8,1351713
28926791,4,1351713
28928003,6,1351713
28929216,7,1355670
28930428,4,1355670
28931640,9,1355670
28932853,7,1355670
28934065,11,1355670
28935276,5,1355670
28936489,6,1355670
28937701,10,1355670
28938914,8,1355670
28940125,10,1350531
28941337,5,1350531
28942551,4,1350531
28943762,5,1350531
28944975,4,1350531
28946187,6,1350531
28947399,7,1350531
28948611,7,1350531
28949823,6,1350531
28951035,7,1356184
28952248,2,1356184
28953460,6,1356184
28954672,7,1356184
28955884,9,1356184
28957096,6,1356184
28958308,3,1356184
28959521,6,1356184
28960733,7,1356184
28961946,6,1352176
28963157,5,1352176
28964369,7,1352176
28965582,7,1352176
28966794,7,1352176
28968007,6,1352176
28969219,7,1352176
28970431,6,1352176
28971643,7,1352176
28972855,6,1353152
28974067,7,1351250
28975279,3,1351250
28976492,10,1351250
28984977,3,1351250
28986190,4,1351250
28987402,3,1351250
28988613,6,1351250
28989825,8,1351250
28991038,7,1351250
28992249,8,1351250
28993462,8,1351250
28994674,5,1355208
28995887,5,1353512
28997098,4,1353512
28998310,5,1353512
28999523,7,1353512
29000735,5,1353512
29001947,2,1353512
29003159,3,1353512
29004372,4,1353512
29005584,3,1353512
29006796,3,1353203
29008008,5,1353203
29009221,5,1353203
29010433,4,1353203
29011645,4,1353203
29012857,6,1353203
29014069,5,1353203
29015281,4,1353203
29016494,4,1353203
29017706,8,1353127
29018918,4,1360039
29020131,3,1360039
29021343,5,1360039
29022555,5,1360039
29023768,5,1360039
29024979,6,1360039
29026192,4,1360039
29027403,5,1360039
29028616,4,1360054
29029828,4,1350582
29031040,5,1350582
29032252,2,1350582
29033464,4,1350582
29034677,4,1350582
29035889,4,1350582
29037101,4,1350582
29038313,4,1350582
29039525,7,1350582
29040737,6,1350582
29041950,8,1350582
29043162,11,1350582
29044375,7,1350582
29045587,7,1350582
29046799,3,1350582
29048012,3,1350582
29049224,6,1350582
29050435,5,1350582
29051647,5,1350582
29052859,6,1350582
29054072,4,1350582
29055284,6,1350582
29056496,10,1350582
29057708,8,1350582
29058920,8,1350582
29060133,5,1350582
29061345,9,1350582
29068618,3,1350582
29069831,3,1350582
29071042,8,1350582
29072255,10,1350582
29073467,4,1350582
29074679,5,1350582
29075891,5,1350582
29077103,5,1350582
29078316,5,1350582
29079528,5,1350582
29080740,8,1350582
29081952,6,1350582
29083164,7,1353306
29084377,3,1353306
29085589,8,1353306
29086801,8,1353306
29088013,6,1353306
29089226,7,1353306
29090438,5,1353306
29091651,6,1353306
29092862,7,1353306
29094075,5,1354077
29095287,6,1354077
29096499,6,1354077
29097711,4,1354077
29098923,5,1354077
29100135,9,1354077
29101348,8,1354077
29102560,6,1354077
29103772,5,1354077
29104984,8,1351456
29106196,5,1351456
29107408,7,1351456
29108620,10,1351456
29109833,8,1351456
29111045,5,1351456
29112258,6,1351456
29113470,8,1351456
29114682,7,1351456
29115894,6,1356030
29117106,4,1356030
29118319,5,1356030
29119531,4,1356030
29120743,8,1356030
29121955,5,1356030
29123167,7,1356030
29124379,7,1356030
29125592,5,1356030
29126805,5,1354231
29128016,3,1354231
29129229,8,1354231
29130441,5,1354231
29131653,6,1354231
29132865,4,1354231
29134078,4,1354231
29135289,9,1354231
29136501,10,1354231
29137714,8,1352021
29138927,3,1352021
29140138,6,1352021
29141350,6,1352021
29142563,8,1352021
29143775,7,1352021
29144987,8,1352021
29153472,6,1352021
29154685,6,1352021
29155897,5,1352021
29157109,7,1352021
29158321,9,1352021
29159534,9,1353358
29160746,3,1354642
29161958,1,1354642
29163170,2,1354642
29164382,4,1354642
29165595,5,1354642
29166807,4,1354642
29168020,3,1354642
29169232,2,1354642
29170444,2,1354642
29171656,5,1354642
29172869,7,1354642
29174080,5,1354642
29175292,4,1354642
29176505,5,1354642
29177716,4,1354642
29178929,4,1354642
29180142,5,1354642
29181353,3,1354642
29182566,4,1355362
29183778,3,1355362
29184990,4,1355362
29186203,5,1355362
29187414,4,1355362
29188627,3,1355362
29189839,3,1355362
29191051,4,1355362
29192264,4,1355362
29193476,5,1354283
29194689,6,1354283
29195901,4,1354283
29197113,4,1354283
29198325,4,1354283
29199537,3,1354283
29200750,5,1354283
29201962,7,1354283
29203175,6,1354283
29204387,4,1354276
29205599,3,1352484
29206811,2,1352484
29208024,6,1352484
29209236,6,1352484
29210448,6,1352484
29211661,4,1352484
29212873,3,1352484
29214085,3,1352484
29215297,3,1352685
29216509,5,1351405
29217721,3,1351405
29218933,3,1351405
29220146,2,1351405
29221358,4,1351405
29222570,5,1351405
29223783,3,1351405
29224995,3,1351405
29226207,3,1351405
29227419,1,1351405
29228632,7,1351405
29229844,7,1353769
29237117,2,1353769
29238330,5,1353769
29239541,6,1353769
29240754,10,1353769
29241966,5,1353769
29243179,6,1353769
29244391,7,1353769
29245603,8,1353769
29246815,8,1353769
29248028,6,1351456
29249240,5,1351456
29250452,5,1351456
29251664,7,1351456
29252877,9,1351456
29254089,5,1351456
29255301,7,1351456
29256514,8,1351456
29257725,5,1351456
29258937,8,1353460
29260150,5,1353460
29261362,7,1353460
29262574,5,1353460
29263787,5,1353460
29264999,8,1353460
29266212,5,1353460
29267424,9,1353460
29268636,8,1353460
29269848,8,1352587
29271060,7,1352587
29272273,6,1352587
29273485,7,1352587
29274697,6,1352587
29275910,8,1352587
29277121,8,1352587
29278334,6,1352587
29279546,6,1352587
29280759,11,1352638
29281971,4,1352638
29283183,7,1352638
29284395,4,1352638
29285607,4,1352638
29286819,6,1352638
29288032,7,1352638
29289244,5,1352638
29290456,7,1352638
29291668,6,1354642
29292881,5,1354642
29294094,3,1354642
29295306,9,1354642
29296517,9,1354642
29297730,8,1354642
29298942,6,1354642
29300154,5,1354642
29301367,8,1354642
29302579,8,1353615
29303791,4,1353615
29305003,11,1353615
29306216,4,1353615
29307428,7,1353615
29308640,5,1353615
29309852,9,1353615
29311065,11,1353615
29312277,7,1353615
29313489,10,1353615
29320763,11,1353615
29321975,5,1353615
29323188,7,1353615
29324400,9,1353049
29325613,5,1353049
29326824,5,1353049
29328037,6,1353049
29329248,5,1353049
29330461,8,1353049
29331674,6,1353049
29332885,7,1353049
29334099,8,1353049
29335311,8,1357109
29336522,4,1352844
29337735,3,1352844
29338947,5,1352844
29340160,4,1352844
29341372,5,1352844
29342584,3,1352844
29343797,1,1352844
29345009,5,1352844
29346221,3,1352844
29347434,2,1354899
29348645,4,1354899
29349858,7,1354899
29351070,3,1354899
29352282,3,1354899
29353494,1,1354899
29354706,4,1354899
29355919,4,1354899
29357131,3,1354899
29358344,5,1350891
29359556,8,1350891
29360768,5,1350891
29361980,4,1350891
29363192,3,1350891
29364405,4,1350891
29365617,4,1350891
29366829,1,1350891
29368042,4,1350891
29369254,5,1351559
29370467,5,1351559
29371679,4,1351559
29372891,5,1351559
29374103,3,1351559
29375315,5,1351559
29376528,5,1351559
29377740,5,1351559
29378952,3,1351559
29380165,3,1351559
29381377,4,1351559
29382589,3,1351559
29383802,3,1351559
29385014,4,1351559
29386225,5,1351559
29387439,5,1351559
29388650,2,1351559
29389863,6,1351559
29391075,7,1351424
29392287,4,1342720
29393499,3,1342720
29394712,4,1342720
29395925,6,1342720
29397136,5,1342720
29404501,5,1342720
29405622,12,1342720
29406834,7,1342720
29408047,5,1342720
29409259,5,1342720
29410471,6,1342720
29411683,7,1355105
29412895,4,1355105
29414107,4,1355105
29415320,6,1355105
29416532,9,1355105
29417744,7,1355105
29418956,6,1355105
29420169,9,1355105
29421381,7,1355105
29422594,5,1355105
29423806,4,1342822
29425019,5,1342822
29426230,8,1342822
29427442,8,1342822
29428655,6,1342822
29429867,7,1342822
29431080,2,1342822
29432292,8,1342822
29433505,8,1342822
29434717,7,1355208
29435929,6,1355208
29437141,7,1355208
29438353,7,1355208
29439567,8,1355208
29440778,5,1355208
29441991,5,1355208
29443203,7,1355208
29444415,5,1355208
29445627,6,1353101
29446839,4,1353101
29448052,8,1353101
29449264,9,1353101
29450476,6,1353101
29451688,5,1353101
29452901,5,1353101
29454113,5,1353101
29455325,9,1353101
29456537,8,1355208
29457750,5,1355208
29458962,6,1355208
29460175,5,1355208
29461387,6,1355208
29462599,9,1355208
29463811,6,1355208
29465024,9,1355208
29466236,6,1355208
29467448,7,1352124
29468661,1,1352124
29469873,8,1352124
29471085,6,1352124
29472297,5,1352124
29473509,5,1352124
29474721,6,1352124
29475934,5,1352124
29477146,6,1352124
29478359,6,1354745
29479571,4,1354745
29480783,5,1354745
29488056,7,1354745
29489268,4,1354488
29490480,6,1354488
29491692,6,1354488
29492904,7,1354488
29494117,5,1354488
29495329,7,1354488
29496541,6,1354488
29497754,9,1354488
29498966,6,1354488
29500179,7,1352638
29501391,3,1352638
29502602,7,1352638
29503814,5,1352638
29505027,7,1352638
29506239,7,1352638
29507451,7,1352638
29508664,8,1352638
29509875,7,1352638
29511088,5,1352124
29512300,5,1353820
29513512,5,1353820
29514724,4,1353820
29515936,5,1353820
29517148,0,1353820
29518361,6,1353820
29519573,4,1353820
29520785,2,1353820
29521998,4,1353820
29523209,6,1354385
29524422,4,1354385
29525634,4,1354385
29526846,6,1354385
29528059,11,1354385
29529271,7,1354385
29530484,5,1354385
29531696,3,1354385
29532908,5,1354385
29534120,3,1354642
29535332,4,1354642
29536544,5,1354642
29537756,6,1354642
29538969,3,1354642
29540182,4,1354642
29541394,4,1354642
29542605,4,1354642
29543818,5,1354642
29545030,5,1349606
29546242,4,1349606
29547455,3,1349606
29548666,5,1349606
29549879,5,1349606
29551091,3,1349606
29552303,5,1349606
29553516,4,1349606
29554727,2,1349606
29555939,3,1355516
29557152,3,1355516
29558364,7,1355516
29559576,5,1355516
29560789,-1,1355516
29562002,2,1355516
29563213,4,1355516
29564425,7,1355516
29572912,4,1355516
29574123,8,1355516
29575336,6,1355516
29576548,5,1354437
29577761,6,1354420
29578973,5,1349812
29580185,5,1349812
29581398,3,1349812
29582610,4,1349812
29583822,3,1349812
29585035,5,1349812
29586247,5,1349812
29587459,5,1349812
29588671,6,1349812
29589884,3,1349812
29591096,4,1349812
29592308,6,1349812
29593520,8,1349812
29594732,8,1349812
29595945,6,1349812
29597158,7,1349812
29598370,6,1352998
29599582,5,1352998
29600794,3,1352998
29602007,4,1352998
29603219,6,1352998
29604431,6,1352998
29605643,6,1352998
29606855,8,1352998
29608068,10,1352998
29609280,9,1352998
29610492,3,1352381
29611705,2,1352381
29612917,7,1352381
29614129,7,1352381
29615341,12,1352381
29616554,9,1352381
29617765,5,1352381
29618978,3,1352381
29620191,5,1352381
29621403,5,1351713
29622614,4,1351713
29623827,6,1351713
29625039,8,1351713
29626251,6,1351713
29627464,7,1351713
29628676,4,1351713
29629888,7,1351713
29631100,5,1351713
29632313,7,1354334
29633525,4,1354334
29634738,6,1354334
29635950,6,1354334
29637162,9,1354334
29638374,7,1354334
29639587,5,1354334
29640799,3,1354334
29642011,4,1354334
29643224,8,1351610
29644436,3,1351610
29645647,8,1351610
29646860,4,1351610
29648072,6,1351610
29649284,4,1351610
29656559,13,1351610
29657771,8,1351610
29658983,7,1351610
29660195,6,1351610
29661407,7,1351610
29662620,6,1351610
29663832,8,1351610
29665045,7,1353769
29666256,4,1353769
29667469,9,1353769
29668681,5,1353769
29669894,8,1353769
29671106,6,1353769
29672319,8,1353769
29673531,8,1353769
29674743,5,1353769
29675955,6,1354283
29677167,3,1354283
29678379,9,1354283
29679592,8,1354283
29680805,7,1354283
29682017,7,1354283
29683228,5,1354283
29684441,7,1354283
29685654,6,1354283
29686866,9,1346369
29688077,6,1346369
29689290,7,1346369
29690503,7,1346369
29691715,3,1346369
29692927,5,1346369
29694139,6,1346369
29695352,6,1346369
29696564,8,1346369
29697776,6,1355568
29698988,3,1352741
29700201,5,1352741
29701413,6,1352741
29702625,4,1352741
29703837,4,1352741
29705050,2,1352741
29706261,4,1352741
29707474,3,1352741
29708686,5,1352741
29709899,5,1350120
29711111,7,1350120
29712323,5,1350120
29713535,3,1350120
29714748,3,1350120
29715960,5,1350120
29717172,4,1350120
29718384,3,1350120
29719597,2,1350120
29720809,4,1350120
29722021,5,1350120
29723233,5,1350120
29724447,5,1350120
29725659,5,1350120
29726871,5,1350120
29728083,3,1350120
29729295,4,1350120
29730507,5,1350120
29731720,5,1353666
29732932,5,1353666
29741418,1,1353666
29742630,4,1354694
29743842,4,1354694
29745055,7,1354694
29746267,5,1354694
29747479,2,1354694
29748692,2,1354694
29749904,4,1354694
29751116,0,1354694
29752328,3,1354694
29753541,6,1354699
29754753,7,1355979
29755965,4,1355979
29757178,4,1355979
29758389,3,1355979
29759602,4,1355979
29760814,3,1355979
29762026,4,1355979
29763239,4,1355979
29764451,5,1355902
29765663,5,1349246
29766875,9,1349246
29768088,5,1349246
29769300,4,1349246
29770512,2,1349246
29771724,2,1349246
29772937,4,1349246
29774148,4,1349246
29775361,6,1349246
29776573,6,1349246
29777786,8,1349246
29778998,7,1349246
29780211,3,1349246
29781423,7,1349246
29782634,8,1349246
29783847,7,1349246
29785059,10,1345700
29786271,2,1345700
29787483,3,1345700
29788696,9,1345700
29789908,10,1345700
29791120,8,1345700
29792333,6,1345700
29793545,8,1345700
29794757,6,1345700
29795970,7,1345700
29797182,8,1355516
29798394,5,1355516
29799606,6,1355516
29800819,3,1355516
29802031,7,1355516
29803243,7,1355516
29804455,7,1355516
29805668,10,1355516
29806880,6,1355516
29808093,5,1351405
29809304,3,1351405
29810516,8,1351405
29811729,9,1351405
29812941,7,1351405
29814153,8,1351405
29815366,7,1351405
29816578,6,1351405
29817790,5,1351405
29825064,10,1351405
29826276,10,1351405
29827488,8,1351405
29828701,6,1351405
29829913,6,1354180
29831125,0,1354180
29832337,6,1354180
29833550,11,1354180
29834762,8,1354180
29835973,5,1354180
29837186,9,1354180
29838399,6,1354180
29839611,5,1354180
29840823,5,1351405
29842035,5,1351405
29843247,2,1351405
29844460,5,1351405
29845671,7,1351405
29846883,9,1351405
29848096,4,1351405
29849308,7,1351405
29850520,8,1351405
29851732,4,1350840
29852945,4,1350840
29854157,7,1350840
29855369,7,1350840
29856582,5,1350840
29857794,6,1350840
29859006,6,1350840
29860219,6,1350840
29861430,5,1350840
29862643,6,1353769
29863855,7,1353769
29865067,8,1353769
29866279,7,1353769
29867492,7,1353769
29868704,7,1353769
29869916,8,1353769
29871128,9,1353769
29872340,4,1353769
29873552,4,1353203
29874764,5,1353203
29875977,6,1353203
29877189,8,1353203
29878402,4,1353203
29879613,6,1353203
29880826,5,1353203
29882038,4,1353203
29883250,5,1353203
29884463,6,1354437
29885674,4,1353101
29886888,3,1353101
29888099,4,1353101
29889312,6,1353101
29890524,5,1353101
29891736,6,1353101
29892948,4,1353101
29894160,3,1353101
29895373,4,1353101
29896585,4,1349400
29897798,3,1349400
29899009,8,1349400
29900222,4,1349400
29901434,6,1349400
29909920,2,1349400
29911132,4,1349400
29912344,8,1349400
29913556,6,1349400
29914768,9,1349400
29915980,6,1349400
29917193,7,1352844
29918405,3,1352279
29919617,6,1352279
29920829,7,1352279
29922041,4,1352279
29923253,4,1352279
29924467,4,1352279
29925679,4,1352279
29926891,5,1352279
29928103,4,1352279
29929315,5,1352279
29930527,6,1352279
29931740,3,1352279
29932952,3,1352279
29934163,3,1352279
29935376,5,1352279
29936588,4,1352279
29937800,5,1352279
29939013,3,1352279
29940225,4,1352228
29941437,7,1352484
29942649,8,1352484
29943862,6,1352484
29945073,4,1352484
29946287,3,1352484
29947499,4,1352484
29948711,7,1352484
29949924,5,1352484
29951135,1,1352598
29952347,2,1355670
29953560,8,1355670
29954772,2,1355670
29955984,4,1355670
29957196,7,1355670
29958408,5,1355670
29959620,2,1355670
29960833,4,1355670
29962045,4,1355670
29963258,3,1355670
29964470,9,1355670
29965681,3,1355670
29966894,6,1355670
29968106,4,1355670
29969318,5,1355670
29970531,9,1355670
29971742,7,1355670
29972955,8,1353203
29974168,3,1353203
29975379,5,1353203
29976591,3,1353203
29977803,6,1353203
29979015,8,1353203
29980228,6,1353203
29981440,5,1353203
29982652,4,1353203
29983864,5,1353409
29985077,4,1353409
29986289,3,1353409
29993565,13,1353409
29994776,9,1354642
29995988,3,1354642
29997201,6,1354642
29998413,5,1354642
29999626,6,1354642
30000838,6,1354642
30002051,7,1354642
30003263,6,1354642
30004475,7,1354642
30005688,7,1354488
30006900,10,1354488
30008113,4,1354488
30009325,7,1354488
30010537,6,1354488
30011750,7,1354488
30012962,11,1354488
30014175,4,1354488
30015387,8,1354488
30016600,8,1355413
30017811,3,1355413
30019024,4,1355413
30020236,6,1355413
30021449,9,1355413
30022661,7,1355413
30023873,6,1355413
30025087,3,1355413
30026298,7,1355413
30027512,7,1354077
30028724,4,1354077
30029936,7,1354077
30031148,5,1354077
30032361,6,1354077
30033574,8,1354077
30034786,5,1354077
30035998,7,1354077
30037210,7,1354077
30038423,8,1350326
30039634,4,1350326
30040847,7,1350326
30042059,8,1350326
30043272,9,1350326
30044484,9,1350326
30045696,3,1350326
30046909,8,1350326
30048121,4,1350326
30049333,6,1353255
30050546,4,1353255
30051758,13,1353255
30052971,7,1353255
30054183,6,1353255
30055396,4,1353255
30056608,8,1353255
30057820,7,1353255
30059033,6,1353255
30060245,6,1356236
30061457,3,1356236
30062669,5,1356236
30063882,6,1356236
30065095,8,1356236
30066307,8,1356236
30067520,9,1356236
30068733,4,1356236
30069944,7,1356236
30078432,4,1356236
30079644,8,1356236
30080857,7,1356236
30082069,7,1354283
30083281,3,1353409
30084494,3,1353409
30085706,4,1353409
30086919,4,1353409
30088131,4,1353409
30089344,4,1353409
30090556,6,1353409
30091769,3,1353409
30092981,4,1353409
30094193,7,1351559
30095406,4,1351559
30096618,3,1351559
30097831,4,1351559
30099043,4,1351559
30100255,5,1351559
30101468,6,1351559
30102680,5,1351559
30103893,6,1351559
30105105,5,1352998
30106317,3,1352998
30107530,5,1352998
30108742,7,1352998
30109955,3,1352998
30111167,4,1352998
30112380,5,1352998
30113592,3,1352998
30114805,4,1352998
30116018,4,1353105
30117230,6,1354385
30118443,3,1354385
30119655,3,1354385
30120868,6,1354385
30122080,5,1354385
30123292,6,1354385
30124505,6,1354385
30125717,5,1354385
30126930,5,1354372
30128142,4,1350788
30129355,2,1350788
30130567,8,1350788
30131779,5,1350788
30132992,3,1350788
30134205,3,1350788
30135418,4,1350788
30136629,5,1350788
30137842,5,1350801
30139054,6,1354129
30140267,4,1354129
30141479,4,1354129
30142692,4,1354129
30143904,4,1354129
30145116,4,1354129
30146329,5,1354129
30147541,2,1354129
30148754,7,1354129
30149966,4,1354129
30151179,8,1354129
30152391,9,1354129
30153604,6,1354129
30154816,9,1354129
30162092,4,1354129
30163304,3,1354129
30164516,5,1354129
30165729,6,1354129
30166941,5,1354129
30168154,6,1354129
30169366,10,1354129
30170579,6,1353871
30171792,1,1353871
30173004,7,1353871
30174216,6,1353871
30175429,8,1353871
30176642,6,1353871
30177854,4,1353871
30179067,6,1353871
30180279,8,1353871
30181492,6,1355259
30182704,6,1355259
30183917,7,1355259
30185129,4,1355259
30186341,6,1355259
30187554,7,1355259
30188766,9,1355259
30189979,6,1355259
30191191,7,1355259
30192404,5,1353923
30193616,5,1353923
30194829,6,1353923
30196041,5,1353923
30197254,6,1353923
30198466,10,1353923
30199679,6,1353923
30200890,5,1353923
30202104,4,1353923
30203315,8,1353203
30204528,5,1353203
30205741,8,1353203
30206953,6,1353203
30208165,7,1353203
30209378,6,1353203
30210591,7,1353203
30211803,3,1353203
30213016,6,1353203
30214228,5,1353666
30215440,3,1353666
30216652,4,1353666
30217865,7,1353666
30219078,7,1353666
30220291,4,1353666
30221502,10,1353666
30222715,7,1353666
30223928,6,1353666
30225140,9,1353769
30226352,5,1353769
30227565,6,1353769
30228778,5,1353769
30229990,6,1353769
30231203,7,1353769
30232415,8,1353769
30233627,5,1353769
30234840,6,1353769
30236053,7,1353974
30237264,5,1353974
30238477,4,1353974
30245752,10,1353974
30246964,7,1348887
30248177,4,1348887
30249389,6,1348887
30250602,5,1348887
30251815,6,1348887
30253027,5,1348887
30254239,9,1348887
30255452,7,1348887
30256664,9,1348887
30257877,7,1353049
30259089,4,1350788
30260302,5,1350788
30261514,5,1350788
30262727,6,1350788
30263940,3,1350788
30265152,3,1350788
30266365,5,1350788
30267577,5,1350788
30268790,5,1350788
30270003,3,1352381
30271215,5,1352381
30272428,3,1352381
30273640,3,1352381
30274853,4,1352381
30276065,8,1352381
30277277,5,1352381
30278490,2,1352381
30279703,3,1352381
30280915,2,1353358
30282128,4,1353358
30283340,7,1353358
30284553,5,1353358
30285766,3,1353358
30286978,3,1353358
30288190,3,1353358
30289403,4,1353358
30290615,5,1353358
30291828,5,1353923
30293040,5,1353923
30294253,4,1353923
30295465,4,1353923
30296678,6,1353923
30297891,5,1353923
30299103,6,1353923
30300315,4,1353923
30301528,5,1353923
30302741,3,1354385
30303953,4,1354385
30305165,5,1354385
30306378,6,1354385
30307590,3,1354385
30308803,2,1354385
30310016,3,1354385
30311228,6,1354385
30312440,7,1354385
30313653,5,1354436
30314865,4,1354180
30316077,3,1354180
30317291,5,1354180
30318503,7,1354180
30319715,6,1354180
30320927,6,1354180
30322140,3,1354180
30329501,8,1354180
30330628,11,1354180
30331840,8,1354180
30333052,6,1354180
30334264,5,1353306
30335478,5,1353306
30336689,3,1353306
30337902,7,1353306
30339114,4,1353306
30340327,5,1353306
30341540,4,1353306
30342752,7,1353306
30343964,4,1353306
30345177,7,1352998
30346389,4,1352998
30347602,5,1352998
30348815,5,1352998
30350027,8,1352998
30351240,6,1352998
30352452,6,1352998
30353665,9,1352998
30354877,5,1352998
30356090,5,1352998
30357303,6,1350685
30358515,4,1350685
30359727,5,1350685
30360940,5,1350685
30362152,7,1350685
30363365,9,1350685
30364578,6,1350685
30365790,4,1350685
30367003,5,1350685
30368215,5,1354488
30369427,5,1354488
30370640,9,1354488
30371852,8,1354488
30373066,9,1354488
30374277,7,1354488
30375490,8,1354488
30376702,7,1354488
30377915,7,1354488
30379127,8,1354848
30380340,7,1354848
30381553,5,1354848
30382765,7,1354848
30383978,5,1354848
30385190,6,1354848
30386402,3,1354848
30387615,7,1354848
30388827,7,1354848
30390039,6,1354077
30391252,5,1354077
30392464,6,1354077
30393677,9,1354077
30394890,7,1354077
30396102,5,1354077
30397315,3,1354077
30398527,3,1354077
30399739,5,1354077
30400952,8,1352176
30402165,4,1352176
30403376,4,1352176
30404589,3,1352176
30405801,6,1353615
30413076,7,1353615
30414288,9,1353615
30415502,5,1353615
30416713,7,1353615
30417926,4,1353615
30419138,6,1353615
30420351,7,1353615
30421564,8,1353615
30422777,5,1353769
30423988,2,1353769
30425202,5,1353769
30426413,4,1353769
30427626,8,1353769
30428838,11,1353769
30430051,6,1353769
30431263,6,1353769
30432476,7,1353769
30433688,5,1351148
30434901,4,1351148
30436113,8,1351148
30437326,6,1351148
30438539,7,1351148
30439751,8,1351148
30440963,6,1351148
30442176,10,1351148
30443388,8,1351148
30444601,8,1353974
30445814,1,1351045
30447026,1,1351045
30448239,2,1351045
30449451,6,1351045
30450663,5,1351045
30451876,4,1351045
30453088,1,1351045
30454301,3,1351045
30455513,4,1351045
30456726,5,1359113
30457939,3,1359113
30459151,2,1359113
30460363,8,1359113
30461576,4,1359113
30462788,4,1359113
30464000,4,1359113
30465213,5,1359113
30466425,3,1359113
30467638,3,1352381
30468850,2,1352381
30470063,6,1352381
30471275,3,1352381
30472488,4,1352381
30473700,6,1352381
30474913,4,1352381
30476125,0,1352381
30477338,4,1352381
30478549,4,1355465
30479762,10,1355465
30480974,4,1355465
30482187,7,1355465
30483399,3,1355465
30484611,2,1355465
30485824,5,1355465
30487037,6,1355465
30488249,7,1355465
30489461,7,1355465
30497949,0,1355465
30499161,6,1353820
30500373,8,1353926
30501585,5,1354694
30502798,1,1354694
30504010,3,1354694
30505225,3,1354694
30506435,2,1354694
30507647,4,1354694
30508861,6,1354694
30510072,3,1354694
30511285,5,1354578
30512497,3,1350994
30513710,4,1350994
30514922,6,1350994
30516134,5,1350994
30517347,5,1350994
30518559,9,1350994
30519773,4,1350994
30520984,5,1350994
30522197,5,1350994
30523409,5,1350994
30524621,7,1350994
30525834,7,1350994
30527047,8,1350994
30528259,9,1350994
30529472,7,1350994
30530684,6,1350994
30531896,4,1350480
30533109,-2,1350480
30534321,3,1350480
30535533,6,1350480
30536746,3,1350480
30537959,7,1350480
30539172,5,1350480
30540384,4,1350480
30541596,7,1350480
30542809,5,1350480
30544021,10,1355413
30545233,6,1355413
30546446,4,1355413
30547659,4,1355413
30548872,6,1355413
30550084,5,1355413
30551296,7,1355413
30552508,9,1355413
30553721,7,1355413
30554933,6,1348732
30556145,5,1348732
30557358,8,1348732
30558571,6,1348732
30559783,8,1348732
30560995,8,1348732
30562208,6,1348732
30563420,9,1348732
30564633,7,1348732
30565846,5,1351662
30567058,6,1351662
30568271,8,1351662
30569483,6,1351662
30570695,5,1351662
30571908,6,1351662
30573120,6,1351662
30574333,11,1351662
30581607,5,1351662
30582820,6,1351662
30584033,8,1351662
30585245,6,1351662
30586457,6,1351662
30587669,9,1352124
30588882,6,1352124
30590095,3,1352124
30591307,8,1352124
30592520,8,1352124
30593731,5,1352124
30594944,8,1352124
30596156,4,1352124
30597368,7,1352124
30598581,8,1349400
30599794,5,1349400
30601007,5,1349400
30602219,5,1349400
30603430,3,1349400
30604643,8,1349400
30605855,5,1349400
30607068,7,1349400
30608280,7,1349400
30609493,9,1355927
30610705,4,1355927
30611918,7,1355927
30613130,4,1355927
30614343,7,1355927
30615555,5,1355927
30616767,5,1355927
30617979,3,1355927
30619192,6,1355927
30620404,6,1355259
30621616,4,1355259
30622830,6,1355259
30624042,8,1355259
30625254,5,1355259
30626466,6,1355259
30627679,7,1355259
30628891,8,1355259
30630104,7,1355259
30631316,6,1353358
30632528,5,1354385
30633741,2,1354385
30634953,5,1354385
30636166,4,1354385
30637379,7,1354385
30638591,4,1354385
30639803,0,1354385
30641016,5,1354385
30642229,6,1354385
30643441,3,1352947
30644653,3,1352947
30645866,8,1352947
30647079,4,1352947
30648291,4,1352947
30649504,4,1352947
30650716,6,1352947
30651929,6,1352947
30653141,6,1352947
30654354,2,1352947
30655566,4,1352947
30656778,3,1352947
30657991,10,1350942
30666478,12,1350942
30667690,3,1350942
30668903,2,1350942
30670116,4,1350942
30671328,4,1350942
30672540,3,1350942
30673753,8,1350942
30674965,3,1350942
30676178,4,1351456
30677391,3,1351456
30678602,4,1351456
30679815,2,1351456
30681027,4,1351456
30682240,4,1351456
30683452,5,1351456
30684665,5,1351456
30685878,4,1351456
30687090,4,1351508
30688303,6,1351508
30689515,4,1351508
30690727,2,1351508
30691940,2,1351508
30693152,3,1351508
30694364,7,1351508
30695577,7,1351508
30696789,3,1351508
30698002,4,1351429
30699214,5,1344261
30700427,4,1344261
30701639,4,1344261
30702852,4,1344261
30704064,7,1344261
30705277,4,1344261
30706489,6,1344261
30707701,5,1344261
30708915,3,1344261
30710126,2,1344261
30711339,9,1344261
30712552,8,1344261
30713764,9,1344261
30714976,6,1344261
30716189,7,1344261
30717401,9,1344261
30718614,8,1350891
30719826,3,1350891
30721038,2,1350891
30722251,8,1350891
30723463,6,1350891
30724676,6,1350891
30725888,6,1350891
30727101,6,1350891
30728313,4,1350891
30729525,5,1350891
30730738,6,1355979
30731950,6,1355979
30733162,6,1355979
30734375,9,1355979
30735588,7,1355979
30736800,7,1355979
30738013,6,1355979
30739224,7,1355979
30740437,7,1355979
30741649,8,1354180
30742862,4,1354180
30751349,11,1354180
30752561,7,1353101
30753774,4,1353101
30754986,4,1353101
30756199,9,1353101
30757411,6,1353101
30758623,5,1353101
30759835,7,1353101
30761048,6,1353101
30762260,6,1353101
30763472,8,1351559
30764685,4,1351559
30765897,8,1351559
30767109,4,1351559
30768322,8,1351559
30769535,6,1351559
30770747,6,1351559
30771959,6,1351559
30773171,7,1351559
30774384,7,1353203
30775596,0,1353203
30776808,9,1353203
30778021,5,1353203
30779233,5,1353203
30780446,5,1353203
30781658,5,1353203
30782870,3,1353203
30784083,3,1353203
30785296,6,1352330
30786508,3,1352330
30787721,5,1352330
30788933,7,1352330
30790145,7,1352330
30791357,7,1352330
30792570,5,1352330
30793782,4,1352330
30794994,6,1352330
30796207,8,1350531
30797419,5,1350531
30798632,4,1350531
30799845,7,1350531
30801057,11,1350531
30802269,9,1350531
30803481,8,1350531
30804694,7,1350531
30805906,5,1350531
30807118,5,1355362
30808331,6,1355362
30809543,5,1355362
30810756,8,1355362
30811968,5,1355362
30813180,9,1355362
30814393,5,1355362
30815605,7,1355362
30816818,8,1355362
30818030,7,1353666
30819243,4,1354539
30820455,7,1354539
30821667,5,1354539
30822880,4,1354539
30824092,3,1354539
30825304,3,1354539
30826517,4,1354539
30827729,3,1354539
30836216,2,1354539
30837428,6,1354539
30838641,7,1354539
30839854,8,1354385
30841066,4,1354385
30842279,4,1354385
30843491,6,1354385
30844703,4,1354385
30845916,5,1354385
30847128,1,1354385
30848341,5,1354385
30849553,3,1354385
30850766,3,1354385
30851979,5,1351559
30853190,4,1351559
30854404,4,1351559
30855616,5,1351559
30856828,6,1351559
30858041,3,1351559
30859253,6,1351559
30860465,5,1351559
30861678,5,1351559
30862891,4,1351353
30864102,1,1351353
30865315,4,1351353
30866527,4,1351353
30867740,4,1351353
30868952,3,1351353
30870165,3,1351353
30871377,4,1351353
30872590,3,1351353
30873802,4,1351409
30875015,5,1352689
30876227,5,1352689
30877440,4,1352689
30878651,5,1352689
30879865,5,1352689
30881076,4,1352689
30882289,7,1352689
30883501,5,1352689
30884714,5,1352678
30885927,3,1349606
30887139,3,1349606
30888351,4,1349606
30889563,6,1349606
30890776,3,1349606
30891988,0,1349606
30893201,5,1349606
30894413,2,1349606
30895625,4,1349606
30896838,6,1349606
30898051,9,1349606
30899263,8,1349606
30900475,7,1349606
30901688,4,1349606
30902900,8,1349606
30904113,6,1349606
30905325,11,1349658
30906537,2,1349658
30907750,6,1349658
30908962,8,1349658
30910175,6,1349658
30911387,6,1349658
30912599,11,1349658
30919874,9,1349658
30921087,5,1349658
30922298,4,1349658
30923511,7,1349658
30924723,3,1349658
30925936,4,1349658
30927148,8,1349658
30928360,9,1355619
30929573,4,1355619
30930786,5,1355619
30931998,7,1355619
30933210,5,1355619
30934424,6,1355619
30935635,7,1355619
30936848,6,1355619
30938061,11,1355619
30939273,10,1353203
30940485,4,1353203
30941698,7,1353203
30942911,7,1353203
30944123,5,1353203
30945335,8,1353203
30946548,9,1353203
30947761,11,1353203
30948973,5,1353203
30950186,7,1357315
30951398,3,1357315
30952610,7,1357315
30953823,6,1357315
30955035,7,1357315
30956248,8,1357315
30957460,6,1357315
30958672,8,1357315
30959885,8,1357315
30961098,4,1352689
30962310,5,1352689
30963523,5,1352689
30964735,4,1352689
30965947,9,1352689
30967159,8,1352689
30968372,7,1352689
30969584,7,1352689
30970796,7,1352689
30972009,4,1353974
30973221,5,1353974
30974435,6,1353974
30975646,8,1353974
30976859,7,1353974
30978071,6,1353974
30979284,6,1353974
30980496,7,1353974
30981709,5,1353974
30982922,7,1350531
30984134,3,1350531
30985347,5,1350531
30986559,5,1350531
30987771,8,1350531
30988984,9,1350531
30990196,8,1350531
30991408,7,1350531
30992621,5,1350531
30993834,6,1352689
30995046,6,1352689
30996258,3,1352689
31003534,9,1352689
31004746,8,1351302
31005958,4,1354951
31007171,4,1354951
31008383,3,1354951
31009595,6,1354951
31010807,3,1354951
31012020,6,1354951
31013232,2,1354951
31014446,2,1354951
31015657,4,1354951
31016871,2,1353615
31018082,3,1353615
31019295,5,1353615
31020508,5,1353615
31021720,2,1353615
31022932,4,1353615
31024146,3,1353615
31025357,6,1353615
31026570,5,1353615
31027782,3,1353615
31028995,4,1353615
31030207,4,1353615
31031420,4,1353615
31032632,4,1353615
31033845,6,1353615
31035057,9,1353615
31036269,5,1353615
31037482,5,1353615
31038694,4,1353871
31039907,4,1353871
31041119,4,1353871
31042332,2,1353871
31043544,4,1353871
31044757,4,1353871
31045969,3,1353871
31047182,2,1353871
31048394,3,1353871
31049606,5,1353923
31050819,4,1353923
31052031,3,1353923
31053244,3,1353923
31054456,3,1353923
31055669,4,1353923
31056882,4,1353923
31058095,2,1353923
31059306,4,1353923
31060519,5,1353762
31061732,4,1351970
31062945,6,1351970
31064157,3,1351970
31065369,3,1351970
31066583,3,1351970
31067794,4,1351970
31069008,3,1351970
31070219,6,1351970
31071432,4,1352030
31072645,3,1354334
31073858,4,1354334
31075070,4,1354334
31076283,4,1354334
31077495,5,1354334
31078707,4,1354334
31079920,6,1354334
31088407,6,1354334
31089620,8,1354334
31090833,4,1354334
31092045,5,1350017
31093257,3,1350017
31094471,3,1350017
31095683,5,1350017
31096895,7,1350017
31098107,4,1350017
31099320,8,1350017
31100532,4,1350017
31101745,5,1350017
31102957,4,1350017
31104170,7,1349503
31105382,6,1349503
31106595,6,1349503
31107807,7,1349503
31109020,8,1349503
31110232,7,1349503
31111446,5,1349503
31112658,4,1349503
31113870,7,1349503
31115083,5,1352895
31116295,3,1352895
31117508,7,1352895
31118720,5,1352895
31119932,5,1352895
31121146,8,1352895
31122357,6,1352895
31123571,6,1352895
31124783,5,1352895
31125996,7,1354437
31127207,5,1354437
31128420,8,1354437
31129632,6,1354437
31130845,7,1354437
31132058,10,1354437
31133270,7,1354437
31134482,9,1354437
31135695,9,1354437
31136907,5,1351250
31138120,2,1351250
31139332,8,1351250
31140545,5,1351250
31141757,11,1351250
31142970,6,1351250
31144183,9,1351250
31145395,5,1351250
31146608,5,1351250
31147820,5,1351250
31149032,4,1351250
31150245,8,1351250
31151457,6,1351250
31152670,9,1351250
31153882,7,1351250
31155095,5,1351250
31156308,5,1351250
31157520,8,1351250
31158733,6,1354694
31159944,5,1354694
31161157,6,1354694
31162369,9,1354694
31163582,8,1354694
31164794,8,1354694
31172069,6,1354694
31173283,6,1354694
31174495,7,1354694
31175707,8,1354694
31176919,7,1354694
31178132,7,1354694
31179344,6,1354694
31180557,8,1352689
31181770,4,1352689
31182981,7,1352689
31184195,4,1352689
31185407,7,1352689
31186619,6,1352689
31187831,5,1352689
31189044,5,1352689
31190256,6,1352689
31191469,6,1352689
31192681,4,1352844
31193893,2,1352844
31195107,3,1352844
31196318,5,1352844
31197531,5,1352844
31198743,7,1352844
31199956,4,1352844
31201169,3,1352844
31202381,4,1352844
31203593,5,1354026
31204806,3,1354026
31206019,4,1354026
31207231,3,1354026
31208443,4,1354026
31209655,3,1354026
31210869,7,1354026
31212080,4,1354026
31213293,5,1354026
31214505,5,1352227
31215718,3,1352227
31216930,5,1352227
31218143,3,1352227
31219356,2,1352227
31220568,5,1352227
31221780,0,1352227
31222993,3,1352227
31224205,3,1352227
31225417,3,1356750
31226630,2,1356750
31227842,5,1356750
31229055,7,1356750
31230267,7,1356750
31231480,5,1356750
31232693,3,1356750
31233905,5,1356750
31235118,4,1356750
31236329,5,1351508
31237542,3,1351508
31238755,8,1351508
31239967,3,1351508
31241179,5,1351508
31242392,6,1351508
31243604,5,1351508
31244816,2,1351508
31246029,7,1351508
31247242,4,1351459
31248453,5,1352227
31256941,0,1352227
31258153,10,1352235
31259366,6,1354539
31260579,5,1354539
31261790,5,1354539
31263004,5,1354539
31264215,4,1354539
31265428,4,1354539
31266640,4,1354539
31267853,4,1354539
31269065,8,1354539
31270279,3,1354539
31271491,7,1354539
31272703,5,1354539
31273915,8,1354539
31275128,5,1354539
31276340,3,1354539
31277553,6,1354539
31278766,7,1350171
31279978,5,1350171
31281190,4,1350171
31282403,4,1350171
31283615,6,1350171
31284828,7,1350171
31286041,8,1350171
31287252,4,1350171
31288465,7,1350171
31289677,5,1350171
31290890,7,1354642
31292102,4,1354642
31293315,7,1354642
31294528,8,1354642
31295740,6,1354642
31296952,5,1354642
31298165,6,1354642
31299378,7,1354642
31300589,8,1354642
31301802,5,1352947
31303014,5,1352947
31304227,7,1352947
31305439,8,1352947
31306652,9,1352947
31307865,7,1352947
31309077,6,1352947
31310290,5,1352947
31311502,6,1352947
31312715,8,1354437
31313927,5,1354437
31315140,6,1354437
31316352,5,1354437
31317564,6,1354437
31318776,3,1354437
31319989,6,1354437
31321201,6,1354437
31322415,6,1354437
31323627,8,1349298
31324839,5,1349298
31326052,7,1349298
31327264,8,1349298
31328476,7,1349298
31329689,5,1349298
31330901,7,1349298
31332114,3,1349298
31333326,7,1349298
31340601,3,1349298
31341814,1,1349298
31343026,6,1349298
31344239,6,1349298
31345451,9,1352227
31346663,3,1352227
31347877,6,1352227
31349089,4,1352227
31350302,11,1352227
31351513,9,1352227
31352726,7,1352227
31353939,8,1352227
31355152,8,1352227
31356364,8,1351970
31357577,6,1351970
31358789,8,1351970
31360002,5,1351970
31361214,6,1351970
31362427,6,1351970
31363639,6,1351970
31364851,7,1351970
31366064,8,1351970
31367276,6,1350994
31368489,3,1350994
31369701,6,1350994
31370914,5,1350994
31372127,11,1350994
31373339,8,1350994
31374551,6,1350994
31375764,7,1350994
31376976,9,1350994
31378189,7,1352689
31379401,2,1352689
31380614,4,1352689
31381826,5,1352689
31383038,3,1352689
31384251,2,1352689
31385464,5,1352689
31386676,4,1352689
31387889,2,1352689
31389100,2,1352689
31390313,4,1351045
31391525,4,1351045
31392738,4,1351045
31393950,5,1351045
31395163,5,1351045
31396375,5,1351045
31397588,4,1351045
31398800,3,1351045
31400013,5,1351045
31401224,5,1350942
31402438,2,1350942
31403650,3,1350942
31404863,4,1350942
31406075,6,1350942
31407288,6,1350942
31408500,3,1350942
31409712,4,1350942
31410926,4,1350942
31412138,1,1347602
31413351,6,1347602
31414562,3,1347602
31415776,2,1347602
31416988,10,1347602
31425475,6,1347602
31426687,6,1347602
31427900,5,1347602
31429112,8,1347602
31430325,8,1347602
31431537,5,1347602
31432749,6,1352689
31433961,3,1352481
31435174,5,1351713
31436387,6,1351713
31437599,3,1351713
31438811,3,1351713
31440024,5,1351713
31441236,7,1351713
31442448,4,1351713
31443661,5,1351713
31444874,5,1351703
31446086,3,1348887
31447298,5,1348887
31448511,6,1348887
31449723,3,1348887
31450936,2,1348887
31452148,3,1348887
31453360,5,1348887
31454572,5,1348887
31455785,3,1348887
31456998,3,1348887
31458210,6,1348887
31459422,5,1348887
31460635,5,1348887
31461847,7,1348887
31463060,9,1348887
31464272,7,1348887
31465484,7,1348887
31466696,5,1348887
31467910,5,1348887
31469121,4,1348887
31470334,6,1348887
31471546,8,1348887
31472759,9,1348887
31473971,7,1348887
31475184,5,1348887
31476396,5,1348887
31477608,6,1351816
31478820,4,1351816
31480034,5,1351816
31481245,4,1351816
31482458,8,1351816
31483671,9,1351816
31484883,6,1351816
31486096,4,1351816
31487308,10,1351816
31488520,6,1352844
31489733,4,1352844
31490945,4,1352844
31492157,6,1352844
31493370,8,1352844
31494583,7,1352844
31495795,6,1352844
31497007,8,1352844
31498220,8,1352844
31499432,8,1352484
31500645,5,1352484
31501857,6,1352484
31509132,4,1352484
31510343,7,1354797
31511556,7,1354797
31512769,6,1354797
31513981,7,1354797
31515193,10,1354797
31516405,7,1354797
31517618,8,1354797
31518830,5,1354797
31520043,5,1354797
31521255,6,1352279
31522467,8,1352279
31523680,8,1352279
31524892,5,1352279
31526104,7,1352279
31527317,8,1352279
31528529,6,1352279
31529742,6,1352279
31530954,7,1352279
31532166,7,1351610
31533379,3,1351610
31534591,8,1351610
31535804,5,1351610
31537017,7,1351610
31538229,7,1351610
31539441,6,1351610
31540654,6,1351610
31541866,7,1351610
31543079,6,1351662
31544291,4,1351662
31545503,3,1351662
31546715,5,1351662
31547928,6,1351662
31549140,8,1351662
31550353,7,1351662
31551565,3,1351662
31552777,4,1351662
31553990,7,1352741
31555202,4,1352741
31556415,6,1352741
31557628,7,1352741
31558840,7,1352741
31560053,7,1352741
31561265,8,1352741
31562477,8,1352741
31563689,8,1352741
31564902,7,1353666
31566114,4,1352279
31567327,4,1352279
31568539,5,1352279
31569752,8,1352279
31570964,4,1352279
31572176,5,1352279
31573389,4,1352279
31574601,3,1352279
31575813,3,1352279
31577026,3,1351919
31578239,4,1351919
31579451,3,1351919
31580663,6,1351919
31581875,5,1351919
31583088,3,1351919
31584301,4,1351919
31585513,4,1351919
31593999,12,1351919
31595213,10,1351919
31596424,7,1351919
31597637,5,1354283
31598850,4,1353717
31600061,9,1353717
31601275,4,1353717
31602486,5,1353717
31603699,4,1353717
31604912,5,1353717
31606124,0,1353717
31607336,3,1353717
31608549,4,1353717
31609761,6,1353203
31610973,4,1353203
31612186,6,1353203
31613399,3,1353203
31614611,4,1353203
31615823,2,1353203
31617036,2,1353203
31618248,4,1353203
31619460,3,1353203
31620673,3,1353090
31621886,4,1350274
31623098,4,1350274
31624310,5,1350274
31625522,3,1350274
31626735,3,1350274
31627947,3,1350274
31629160,6,1350274
31630372,6,1350274
31631585,3,1350147
31632797,-1,1357315
31634009,5,1357315
31635222,4,1357315
31636435,2,1357315
31637647,4,1357315
31638860,6,1357315
31640072,5,1357315
31641284,5,1357315
31642497,5,1357315
31643709,5,1357315
31644922,9,1357315
31646134,5,1357315
31647347,6,1357315
31648559,8,1357315
31649771,8,1357315
31650984,9,1357315
31652196,6,1353152
31653409,5,1353152
31654622,4,1353152
31655834,6,1353152
31657046,8,1353152
31658259,6,1353152
31659471,6,1353152
31660684,6,1353152
31661897,8,1353152
31663108,4,1353152
31664322,7,1352021
31665533,7,1352021
31666746,5,1352021
31667958,4,1352021
31669171,6,1352021
31670383,7,1352021
31677658,-1,1352021
31678871,6,1352021
31680083,5,1352021
31681296,6,1352021
31682509,7,1352021
31683721,6,1352021
31684934,11,1352021
31686145,7,1353512
31687359,6,1353512
31688571,6,1353512
31689783,5,1353512
31690995,9,1353512
31692208,7,1353512
31693420,5,1353512
31694633,4,1353512
31695846,7,1353512
31697058,11,1355824
31698271,5,1355824
31699483,8,1355824
31700695,7,1355824
31701908,8,1355824
31703120,6,1355824
31704332,7,1355824
31705546,7,1355824
31706758,10,1355824
31707970,6,1350737
31709182,6,1350737
31710395,6,1350737
31711607,6,1350737
31712819,7,1350737
31714032,6,1350737
31715244,5,1350737
31716457,6,1350737
31717669,4,1350737
31718882,5,1355310
31720094,4,1355310
31721307,9,1355310
31722519,5,1355310
31723732,6,1355310
31724944,6,1355310
31726156,5,1355310
31727369,9,1355310
31728581,8,1355310
31729794,3,1355156
31731006,3,1355156
31732218,5,1355156
31733431,5,1355156
31734643,5,1355156
31735856,5,1355156
31737069,8,1355156
31738281,7,1355156
31739493,6,1355156
31740706,5,1355310
31741919,5,1355310
31743131,8,1355310
31744343,7,1355310
31745556,4,1355310
31746769,5,1355310
31747981,5,1355310
31749194,6,1355310
31750406,6,1355310
31751619,7,1350017
31752832,3,1353409
31754043,4,1353409
31762531,11,1353409
31763744,4,1351867
31764956,6,1351867
31766169,4,1351867
31767382,4,1351867
31768594,4,1351867
31769807,4,1351867
31771019,7,1351867
31772232,5,1351867
31773444,4,1351867
31774657,3,1352998
31775869,5,1352998
31777081,3,1352998
31778294,5,1352998
31779506,5,1352998
31780719,5,1352998
31781932,5,1352998
31783144,1,1352998
31784356,4,1352998
31785569,4,1351148
31786781,3,1351148
31787994,5,1351148
31789206,4,1351148
31790419,2,1351148
31791631,4,1351148
31792844,5,1351148
31794056,6,1351148
31795269,4,1351148
31796481,7,1354385
31797694,3,1354385
31798907,4,1354385
31800120,3,1354385
31801332,4,1354385
31802544,5,1354385
31803757,6,1354385
31804970,3,1354385
31806182,5,1354385
31807395,5,1354395
31808607,5,1356955
31809819,3,1356955
31811032,4,1356955
31812245,3,1356955
31813458,4,1356955
31814670,4,1356955
31815883,4,1356955
31817095,3,1356955
31818308,2,1356906
31819520,5,1357674
31820732,3,1357674
31821945,3,1357674
31823157,4,1357674
31824370,6,1357674
31825582,3,1357674
31826795,2,1357674
31828008,2,1357674
31829220,4,1357704
31830432,4,1351816
31831645,6,1351816
31832858,7,1351816
31834070,6,1351816
31835283,3,1351816
31836496,5,1351816
31837708,4,1351816
31838920,8,1351816
31847408,3,1351816
31848620,6,1351816
31849834,8,1351816
31851046,6,1352279
31852259,4,1352279
31853470,6,1352279
31854683,8,1352279
31855896,8,1352279
31857108,6,1352279
31858321,6,1352279
31859533,6,1352279
31860746,5,1352279
31861958,6,1353409
31863172,3,1353409
31864384,5,1353409
31865596,7,1353409
31866808,5,1353409
31868021,7,1353409
31869233,8,1353409
31870446,5,1353409
31871659,7,1353409
31872871,6,1352484
31874083,5,1352484
31875296,6,1352484
31876508,5,1352484
31877721,5,1352484
31878933,7,1352484
31880145,7,1352484
31881358,9,1352484
31882571,5,1352484
31883783,5,1352124
31884996,5,1352124
31886208,7,1352124
31887420,7,1352124
31888633,4,1352124
31889846,7,1352124
31891058,7,1352124
31892270,6,1352124
31893483,7,1352124
31894696,10,1355208
31895908,4,1355208
31897120,6,1355208
31898333,4,1355208
31899545,5,1355208
31900758,7,1355208
31901970,8,1355208
31903182,9,1355208
31904395,5,1355208
31905607,6,1352176
31906820,3,1352176
31908033,5,1352176
31909245,7,1352176
31910457,8,1352176
31911669,8,1352176
31912882,5,1352176
31914095,4,1352176
31915307,4,1352176
31916520,9,1354385
31917732,4,1354385
31918945,6,1354385
31920157,9,1354385
31921369,7,1354385
31922583,6,1354385
31923795,5,1354385
31931069,6,1354385
31932283,9,1354385
31933495,7,1354385
31934707,8,1354385
31935920,6,1354385
31937132,8,1354385
31938345,9,1354077
31939557,8,1354077
31940770,5,1354077
31941982,7,1354077
31943195,6,1354077
31944407,7,1354077
31945619,9,1354077
31946832,8,1354077
31948044,6,1354077
31949256,3,1351610
31950469,7,1351610
31951681,4,1351610
31952894,4,1351610
31954107,4,1351610
31955319,3,1351610
31956532,4,1351610
31957744,7,1351610
31958956,5,1351610
31960169,5,1351610
31961381,2,1349452
31962594,3,1349452
31963807,4,1349452
31965019,5,1349452
31966231,4,1349452
31967443,5,1349452
31968656,3,1349452
31969869,3,1349452
31971081,4,1349452
31972293,4,1352073
31973506,2,1352073
31974718,4,1352073
31975931,4,1352073
31977143,4,1352073
31978356,5,1352073
31979568,4,1352073
31980781,5,1352073
31981993,3,1352073
31983206,2,1353409
31984419,3,1353409
31985631,3,1353409
31986843,4,1353409
31988056,8,1353409
31989268,5,1353409
31990481,4,1353409
31991693,4,1353409
31992906,4,1353409
31994118,3,1353409
31995331,3,1353409
31996544,4,1353409
31997756,7,1353409
31998968,1,1353409
32000181,5,1353409
32001393,4,1353409
32002606,5,1353409
32003818,3,1353409
32005031,3,1353304
32006244,4,1352792
32007456,6,1352792
32015944,2,1353717
32017156,10,1353717
32018369,4,1353717
32019581,5,1353717
32020794,3,1353717
32022006,3,1353717
32023219,1,1353717
32024431,5,1353717
32025643,5,1353717
32026856,3,1353717
32028069,3,1353717
32029281,5,1353717
32030493,4,1353717
32031707,7,1353717
32032919,6,1353717
32034131,3,1353717
32035344,7,1353717
32036556,5,1353974
32037769,5,1353974
32038981,4,1353974
32040194,7,1353974
32041407,5,1353974
32042619,8,1353974
32043831,6,1353974
32045044,4,1353974
32046256,6,1353974
32047468,7,1353974
32048681,5,1351970
32049894,3,1351970
32051106,6,1351970
32052318,7,1351970
32053531,5,1351970
32054743,5,1351970
32055956,5,1351970
32057169,7,1351970
32058381,4,1351970
32059594,7,1352021
32060805,4,1352021
32062018,7,1352021
32063231,6,1352021
32064443,4,1352021
32065656,6,1352021
32066868,6,1352021
32068081,5,1352021
32069293,7,1352021
32070505,4,1353717
32071718,3,1353717
32072930,6,1353717
32074143,11,1353717
32075355,8,1353717
32076568,8,1353717
32077781,4,1353717
32078993,7,1353717
32080205,6,1353717
32081417,5,1353717
32082630,4,1353717
32083843,5,1353717
32085055,7,1353717
32086268,7,1353717
32087480,8,1353717
32088693,7,1353717
32089906,9,1353717
32091119,6,1353717
32092330,6,1353717
32099605,5,1353717
32100818,5,1353717
32102031,9,1353717
32103244,8,1355670
32104456,4,1355670
32105668,8,1355670
32106880,8,1355670
32108093,6,1355670
32109306,5,1355670
32110519,9,1355670
32111731,9,1355670
32112943,6,1355670
32114156,6,1352535
32115368,7,1352535
32116581,4,1352535
32117794,6,1352535
32119006,7,1352535
32120219,5,1352535
32121431,7,1352535
32122644,8,1352535
32123856,7,1352535
32125069,6,1351148
32126282,3,1351148
32127493,8,1351148
32128706,6,1351148
32129919,6,1351148
32131131,5,1351148
32132344,6,1351148
32133556,5,1351148
32134768,6,1351148
32135982,6,1351662
32137194,5,1354642
32138407,4,1354642
32139619,5,1354642
32140831,3,1354642
32142043,4,1354642
32143256,5,1354642
32144469,3,1354642
32145681,4,1354642
32146895,4,1354642
32148106,4,1352073
32149319,4,1352073
32150531,4,1352073
32151744,4,1352073
32152956,6,1352073
32154169,4,1352073
32155381,4,1352073
32156594,5,1352073
32157807,4,1352073
32159019,5,1356390
32160232,5,1356390
32161444,6,1356390
32162657,3,1356390
32163869,5,1356390
32165081,4,1356390
32166295,5,1356390
32167506,5,1356390
32168719,5,1356390
32169932,4,1354694
32171145,3,1354694
32172357,5,1354694
32173569,5,1354694
32174782,3,1354694
32175995,10,1354694
32184483,4,1354694
32185696,7,1354694
32186908,5,1354694
32188120,5,1354694
32189334,6,1354694
32190545,7,1351045
32191758,8,1351109
32192971,3,1354437
32194183,6,1354437
32195396,2,1354437
32196608,5,1354437
32197821,3,1354437
32199033,2,1354437
32200247,4,1354437
32201458,4,1354437
32202671,5,1354473
32203884,5,1350377
32205096,4,1350377
32206308,5,1350377
32207521,5,1350377
32208734,3,1350377
32209946,3,1350377
32211159,3,1350377
32212371,6,1350377
32213583,3,1350377
32214796,3,1350377
32216009,6,1350377
32217222,5,1350377
32218433,6,1350377
32219646,7,1350377
32220859,5,1350377
32222071,8,1350377
32223284,8,1352227
32224496,6,1352227
32225708,3,1352227
32226921,6,1352227
32228133,7,1352227
32229346,8,1352227
32230559,3,1352227
32231770,5,1352227
32232984,7,1352227
32234196,8,1352227
32235408,5,1353871
32236620,3,1353871
32237834,4,1353871
32239046,8,1353871
32240258,8,1353871
32241470,8,1353871
32242683,4,1353871
32243896,5,1353871
32245108,2,1353871
32246322,7,1355876
32247533,5,1355876
32248746,5,1355876
32249959,8,1355876
32251172,8,1355876
32252384,4,1355876
32253596,4,1355876
32254809,7,1355876
32256022,6,1355876
32257234,4,1352381
32258447,4,1352381
32259659,5,1352381
32260871,8,1351610
32268145,7,1351610
32269358,3,1351610
32270570,6,1351610
32271783,4,1351610
32272995,4,1351610
32274207,6,1351610
32275420,6,1351610
32276632,8,1351610
32277844,7,1351610
32279057,10,1351508
32280268,6,1351508
32281481,7,1351508
32282693,6,1351508
32283906,8,1351508
32285118,6,1351508
32286330,9,1351508
32287543,5,1351508
32288755,7,1351508
32289967,5,1350480
32291179,5,1350480
32292391,6,1350480
32293604,5,1350480
32294816,3,1350480
32296029,6,1350480
32297240,7,1350480
32298453,9,1350480
32299666,8,1350480
32300878,6,1351662
32302090,4,1351662
32303302,7,1351662
32304514,6,1351662
32305727,4,1351662
32306939,4,1351662
32308151,6,1351662
32309364,8,1351662
32310576,8,1351662
32311788,7,1351250
32313001,5,1351250
32314214,6,1351250
32315425,5,1351250
32316637,4,1351250
32317850,9,1351250
32319063,10,1351250
32320275,7,1351250
32321487,6,1351250
32322700,9,1353101
32323912,5,1354591
32325124,4,1354591
32326336,4,1354591
32327549,4,1354591
32328761,8,1354591
32329974,3,1354591
32331185,3,1354591
32332398,5,1354591
32333610,4,1354591
32334822,3,1355208
32336035,3,1355208
32337248,3,1355208
32338460,3,1355208
32339672,5,1355208
32340884,6,1355208
32342097,3,1355208
32343309,4,1355208
32344521,4,1355208
32353008,15,1355208
32354220,9,1355208
32355432,9,1353871
32356644,3,1352073
32357857,5,1352073
32359069,6,1352073
32360281,7,1352073
32361494,2,1352073
32362706,6,1352073
32363918,4,1352073
32365131,5,1352073
32366344,5,1352073
32367556,6,1349298
32368769,5,1349298
32369981,4,1349298
32371193,4,1349298
32372405,4,1349298
32373618,3,1349298
32374830,3,1349298
32376042,5,1349298
32377255,3,1349298
32378467,3,1349156
32379680,4,1352484
32380892,3,1352484
32382105,5,1352484
32383318,5,1352484
32384530,4,1352484
32385742,4,1352484
32386954,3,1352484
32388168,2,1352484
32389380,7,1352686
32390592,5,1351662
32391805,4,1351662
32393016,4,1351662
32394229,6,1351662
32395442,5,1351662
32396654,4,1351662
32397866,5,1351662
32399078,4,1351662
32400291,5,1351662
32401503,3,1351662
32402715,7,1351662
32403927,5,1351662
32405139,7,1351662
32406352,7,1351662
32407564,5,1351662
32408776,4,1351662
32409989,7,1349144
32411201,5,1349144
32412414,4,1349144
32413626,7,1349144
32414838,3,1349144
32416051,8,1349144
32417263,7,1349144
32418475,7,1349144
32419688,6,1349144
32420901,8,1349144
32422112,5,1354129
32423326,4,1354129
32424538,4,1354129
32425750,6,1354129
32426962,6,1354129
32428175,3,1354129
32429387,11,1354129
32436660,2,1354129
32437873,8,1354129
32439086,6,1354129
32440298,10,1354129
32441510,4,1354129
32442722,4,1354129
32443935,6,1353717
32445147,3,1353717
32446360,7,1353717
32447572,9,1353717
32448785,6,1353717
32449997,7,1353717
32451210,4,1353717
32452422,4,1353717
32453634,9,1353717
32454846,7,1352587
32456058,10,1352587
32457270,7,1352587
32458483,7,1352587
32459696,6,1352587
32460908,6,1352587
32462120,4,1352587
32463332,5,1352587
32464544,6,1352587
32465757,8,1353152
32466969,5,1353152
32468182,9,1353152
32469394,7,1353152
32470607,5,1353152
32471818,6,1353152
32473030,6,1353152
32474243,4,1353152
32475456,10,1353152
32476667,8,1352689
32477880,4,1352689
32479092,4,1352689
32480304,6,1352689
32481517,6,1352689
32482730,7,1352689
32483942,6,1352689
32485154,9,1352689
32486366,9,1352689
32487579,7,1352844
32488792,3,1352844
32490004,7,1352844
32491216,8,1352844
32492428,6,1352844
32493641,8,1352844
32494854,7,1352844
32496066,8,1352844
32497278,8,1352844
32498490,6,1352998
32499703,5,1352998
32500915,7,1352998
32502128,10,1352998
32503340,8,1352998
32504552,6,1352998
32505766,8,1352998
32506977,10,1352998
32508190,7,1352998
32509402,7,1348989
32510614,4,1355259
32511827,4,1355259
32513039,6,1355259
32521526,8,1351867
32522738,4,1351867
32523951,3,1351867
32525162,3,1351867
32526375,6,1351867
32527587,6,1351867
32528800,0,1351867
32530012,6,1351867
32531225,5,1351867
32532436,4,1351508
32533649,6,1351508
32534861,5,1351508
32536073,7,1351508
32537286,4,1351508
32538499,6,1351508
32539710,5,1351508
32540922,5,1351508
32542134,5,1351508
32543347,3,1353666
32544560,7,1353666
32545772,5,1353666
32546984,4,1353666
32548196,5,1353666
32549408,5,1353666
32550621,5,1353666
32551833,4,1353666
32553045,5,1353666
32554257,2,1356081
32555469,5,1356081
32556682,3,1356081
32557894,2,1356081
32559106,3,1356081
32560318,3,1356081
32561531,7,1356081
32562744,4,1356081
32563955,4,1356081
32565168,3,1356164
32566380,3,1350788
32567592,5,1350788
32568805,4,1350788
32570018,5,1350788
32571229,3,1350788
32572441,4,1350788
32573653,4,1350788
32574866,5,1350788
32576078,2,1350740
32577291,4,1351764
32578503,2,1351764
32579715,4,1351764
32580927,4,1351764
32582139,-1,1351764
32583352,8,1351764
32584564,6,1351764
32585777,4,1351764
32586988,5,1351764
32588201,3,1351764
32589413,4,1351764
32590625,8,1351764
32591838,6,1351764
32593050,5,1351764
32594263,5,1351764
32595475,6,1351764
32596687,6,1348527
32597899,6,1348527
32606385,2,1348527
32607598,6,1348527
32608810,6,1350891
32610022,5,1350891
32611235,6,1350891
32612447,6,1350891
32613659,8,1350891
32614872,7,1350891
32616085,3,1350891
32617296,5,1350891
32618509,5,1350891
32619721,7,1349863
32620933,4,1349863
32622145,7,1349863
32623358,7,1349863
32624571,6,1349863
32625782,7,1349863
32626994,7,1349863
32628208,9,1349863
32629419,5,1349863
32630631,9,1353923
32631843,4,1353923
32633057,8,1353923
32634268,9,1353923
32635480,9,1353923
32636692,6,1353923
32637905,5,1353923
32639117,5,1353923
32640329,6,1353923
32641541,8,1352844
32642755,9,1352844
32643966,7,1352844
32645179,5,1352844
32646391,4,1352844
32647603,4,1352844
32648815,7,1352844
32650028,5,1352844
32651240,6,1352844
32652452,6,1353820
32653665,5,1353820
32654877,10,1353820
32656089,7,1353820
32657302,8,1353820
32658513,6,1353820
32659726,8,1353820
32660938,7,1353820
32662150,8,1353820
32663362,11,1354642
32664574,5,1354642
32665787,5,1354642
32666999,5,1354642
32668212,8,1354642
32669424,5,1354642
32670636,6,1354642
32671849,7,1354642
32673061,8,1354642
32674273,6,1351302
32675485,4,1351302
32676698,7,1351302
32677910,4,1351302
32679122,4,1351302
32680334,6,1351302
32681547,4,1351302
32682759,4,1351302
32690033,12,1351302
32691245,8,1351302
32692458,8,1351302
32693670,7,1351302
32694882,5,1351302
32696095,5,1353820
32697307,4,1354077
32698519,5,1354077
32699731,3,1354077
32700944,5,1354077
32702156,3,1354077
32703368,5,1354077
32704580,5,1354077
32705793,2,1354077
32707005,4,1354077
32708218,4,1352484
32709430,3,1352484
32710642,6,1352484
32711855,5,1352484
32713066,6,1352484
32714279,4,1352484
32715491,4,1352484
32716704,3,1352484
32717916,7,1352484
32719128,4,1354334
32720341,4,1354334
32721553,5,1354334
32722765,6,1354334
32723977,3,1354334
32725189,4,1354334
32726402,4,1354334
32727614,5,1354334
32728826,4,1354334
32730039,3,1352176
32731251,4,1352176
32732464,4,1352176
32733676,3,1352176
32734888,4,1352176
32736101,3,1352176
32737312,2,1352176
32738525,6,1352176
32739737,7,1352176
32740950,4,1351979
32742162,4,1354283
32743373,5,1354283
32744586,4,1354283
32745798,3,1354283
32747010,3,1354283
32748224,5,1354283
32749435,4,1354283
32750647,4,1354283
32751860,5,1354385
32753072,3,1354129
32754284,3,1354129
32755497,4,1354129
32756709,4,1354129
32757921,5,1354129
32759134,2,1354129
32760346,6,1354129
32761558,9,1354129
32762770,4,1354123
32763982,4,1352587
32765194,5,1352587
32766407,6,1354129
32774894,8,1354129
32776108,11,1354129
32777317,5,1354129
32778529,4,1354129
32779741,4,1354129
32780953,4,1354129
32782166,5,1354129
32783378,3,1354129
32784590,4,1354129
32785802,3,1354129
32787015,5,1354129
32788228,6,1354129
32789440,7,1354129
32790652,7,1354129
32791864,6,1354129
32793076,5,1354129
32794289,5,1354129
32795501,6,1352073
32796714,3,1352073
32797925,7,1352073
32799138,6,1352073
32800350,8,1352073
32801563,4,1352073
32802775,7,1352073
32803987,6,1352073
32805200,9,1352073
32806412,7,1350531
32807624,3,1350531
32808837,5,1350531
32810049,8,1350531
32811261,5,1350531
32812473,7,1350531
32813686,6,1350531
32814898,7,1350531
32816110,4,1350531
32817322,7,1352998
32818534,3,1352998
32819747,8,1352998
32820959,6,1352998
32822171,7,1352998
32823384,6,1352998
32824596,5,1352998
32825808,6,1352998
32827020,6,1352998
32828233,6,1352792
32829446,4,1352792
32830658,7,1352792
32831870,5,1352792
32833081,5,1352792
32834294,7,1352792
32835507,8,1352792
32836718,6,1352792
32837931,8,1352792
32839143,7,1351919
32840355,6,1351919
32841568,7,1351919
32842781,6,1351919
32843992,6,1351919
32845205,7,1351919
32846418,6,1351919
32847629,4,1351919
32848842,6,1351919
32850054,9,1351970
32851266,3,1351970
32858540,7,1351970
32859752,10,1351970
32860964,7,1353974
32862176,5,1353974
32863388,8,1353974
32864600,6,1353974
32865813,5,1353974
32867026,5,1353974
32868237,5,1353974
32869450,6,1353974
32870662,9,1353974
32871875,8,1354642
32873087,3,1351919
32874299,4,1351919
32875511,5,1351919
32876724,3,1351919
32877936,3,1351919
32879148,2,1351919
32880360,6,1351919
32881572,5,1351919
32882785,3,1351919
32883998,6,1353460
32885209,5,1353460
32886422,4,1353460
32887634,5,1353460
32888846,3,1353460
32890058,8,1353460
32891271,4,1353460
32892483,4,1353460
32893695,5,1353460
32894908,3,1348527
32896120,4,1348527
32897332,5,1348527
32898544,5,1348527
32899757,7,1348527
32900969,3,1348527
32902182,3,1348527
32903394,3,1348527
32904605,-1,1348527
32905818,4,1350120
32907030,3,1350120
32908242,4,1350120
32909455,5,1350120
32910668,5,1350120
32911880,4,1350120
32913092,5,1350120
32914304,5,1350120
32915516,5,1350120
32916729,4,1352689
32917941,5,1352689
32919154,1,1352689
32920365,7,1352689
32921578,4,1352689
32922789,5,1352689
32924002,4,1352689
32925214,1,1352689
32926427,4,1352689
32927638,4,1352632
32928851,6,1350840
32930063,12,1350840
32931276,2,1350840
32932488,3,1350840
32933700,4,1350840
32934913,7,1350840
32943399,4,1350840
32944610,7,1350840
32945823,5,1350840
32947035,7,1350840
32948248,9,1351045
32949460,5,1351045
32950672,4,1351045
32951884,6,1351045
32953097,4,1351045
32954309,8,1351045
32955521,5,1351045
32956733,7,1351045
32957946,10,1351045
32959158,10,1351764
32960370,6,1351764
32961582,4,1351764
32962795,4,1351764
32964007,7,1351764
32965220,8,1351764
32966432,7,1351764
32967644,8,1351764
32968856,9,1351764
32970069,10,1351764
32971280,9,1353049
32972492,4,1353049
32973704,3,1353049
32974917,8,1353049
32976130,3,1353049
32977341,8,1353049
32978553,8,1353049
32979766,4,1353049
32980978,8,1353049
32982191,4,1351353
32983403,3,1351353
32984615,7,1351353
32985827,7,1351353
32987040,4,1351353
32988252,5,1351353
32989465,7,1351353
32990677,5,1351353
32991889,5,1351353
32993101,4,1353563
32994313,5,1353563
32995525,8,1353563
32996738,7,1353563
32997950,7,1353563
32999162,7,1353563
33000375,6,1353563
33001587,10,1353563
33002799,5,1353563
33004011,6,1353358
33005225,3,1353358
33006436,6,1353358
33007648,8,1353358
33008860,8,1353358
33010073,5,1353358
33011285,7,1353358
33012497,7,1353358
33013709,6,1353358
33014922,6,1351148
33016134,3,1351148
33017347,7,1351148
33018559,6,1351148
33019771,6,1352895
33027046,12,1352895
33028258,7,1352895
33029469,7,1352895
33030682,7,1352895
33031894,6,1352895
33033106,3,1352895
33034318,5,1352895
33035531,5,1352895
33036743,8,1351919
33037955,4,1351919
33039168,5,1351919
33040380,6,1351919
33041592,6,1351919
33042804,6,1351919
33044016,7,1351919
33045228,7,1351919
33046441,3,1351919
33047653,4,1351816
33048866,6,1351816
33050078,6,1351816
33051289,5,1351816
33052502,6,1351816
33053714,6,1351816
33054926,4,1351816
33056138,3,1351816
33057351,6,1351816
33058563,7,1351508
33059776,2,1346779
33060988,7,1346779
33062200,5,1346779
33063412,1,1346779
33064624,4,1346779
33065836,6,1346779
33067049,5,1346779
33068261,8,1346779
33069473,4,1346779
33070685,3,1352176
33071898,4,1352176
33073110,5,1352176
33074323,4,1352176
33075534,5,1352176
33076747,5,1352176
33077959,6,1352176
33079171,3,1352176
33080384,4,1352176
33081596,4,1352176
33082808,0,1352176
33084020,5,1352176
33085232,4,1352176
33086445,5,1352176
33087657,6,1352176
33088869,4,1352176
33090081,4,1352176
33091294,3,1352176
33092506,4,1351199
33093718,5,1351199
33094930,4,1351199
33096143,4,1351199
33097355,3,1351199
33098568,4,1351199
33099779,5,1351199
33100991,4,1351199
33102204,5,1351199
33103416,8,1351199
33111902,4,1351199
33113114,4,1351970
33114327,0,1352071
33115539,5,1351559
33116752,5,1351559
33117964,3,1351559
33119176,2,1351559
33120388,3,1351559
33121600,6,1351559
33122813,4,1351559
33124025,4,1351559
33125238,4,1351661
33126450,4,1351405
33127662,5,1351405
33128875,4,1351405
33130087,4,1351405
33131299,3,1351405
33132512,3,1351405
33133723,4,1351405
33134936,4,1351405
33136148,4,1351405
33137361,5,1351405
33138573,6,1351405
33139786,3,1351405
33140997,7,1351405
33142210,5,1351405
33143423,6,1351405
33144634,8,1351405
33145846,6,1349349
33147059,9,1349349
33148271,4,1349349
33149484,8,1349349
33150696,3,1349349
33151908,8,1349349
33153120,7,1349349
33154333,7,1349349
33155545,8,1349349
33156757,10,1349349
33157970,7,1349863
33159182,5,1349863
33160394,9,1349863
33161607,8,1349863
33162819,6,1349863
33164032,4,1349863
33165244,6,1349863
33166456,8,1349863
33167668,4,1349863
33168880,8,1351045
33170092,4,1351045
33171305,9,1351045
33172517,6,1351045
33173730,10,1351045
33174942,4,1351045
33176154,5,1351045
33177367,7,1351045
33178579,7,1351045
33179790,4,1350326
33181002,3,1350326
33182215,5,1350326
33183427,7,1350326
33184640,6,1350326
33185852,8,1350326
33187064,11,1350326
33188276,2,1350326
33195550,8,1350326
33196762,10,1350326
33197974,5,1350326
33199187,6,1350326
33200399,5,1350326
33201611,6,1351456
33202823,-1,1351456
33204036,7,1351456
33205248,9,1351456
33206460,6,1351456
33207672,6,1351456
33208885,8,1351456
33210097,5,1351456
33211309,8,1351456
33212521,9,1352638
33213734,4,1352638
33214945,9,1352638
33216158,6,1352638
33217370,6,1352638
33218583,6,1352638
33219794,10,1352638
33221007,7,1352638
33222219,4,1352638
33223432,8,1352844
33224643,4,1352844
33225856,9,1352844
33227069,9,1352844
33228280,7,1352844
33229492,5,1352844
33230705,6,1352844
33231917,7,1352844
33233130,6,1352844
33234341,6,1351508
33235554,6,1351508
33236766,5,1351508
33237978,11,1351508
33239191,7,1351508
33240402,7,1351508
33241615,9,1351508
33242828,6,1351508
33244039,7,1351508
33245251,7,1353255
33246464,4,1352844
33247676,5,1352844
33248888,3,1352844
33250100,5,1352844
33251312,3,1352844
33252525,4,1352844
33253737,3,1352844
33254949,2,1352844
33256161,2,1352844
33257373,2,1350685
33258586,5,1350685
33259798,3,1350685
33261010,2,1350685
33262222,7,1350685
33263435,4,1350685
33264647,6,1350685
33265860,7,1350685
33267071,7,1350685
33268284,2,1351970
33269496,2,1351970
33270708,2,1351970
33271921,10,1353563
33280407,3,1353563
33281619,7,1353563
33282832,3,1353563
33284044,3,1353563
33285256,5,1353563
33286468,3,1353563
33287681,6,1353563
33288894,4,1353563
33290105,4,1353664
33291317,4,1353152
33292530,5,1353152
33293743,3,1353152
33294955,3,1353152
33296167,5,1353152
33297379,4,1353152
33298592,4,1353152
33299803,5,1353152
33301016,4,1352996
33302228,4,1352484
33303441,4,1352484
33304654,3,1352484
33305866,6,1352484
33307078,5,1352484
33308291,8,1352484
33309503,5,1352484
33310715,4,1352484
33311928,4,1352530
33313140,5,1351250
33314352,3,1351250
33315565,5,1351250
33316777,2,1351250
33317989,4,1351250
33319202,3,1351250
33320414,4,1351250
33321626,5,1351250
33322839,3,1351250
33324051,6,1351250
33325264,7,1351250
33326476,7,1351250
33327688,3,1351250
33328900,7,1351250
33330113,9,1351250
33331325,7,1351250
33332538,5,1351250
33333750,7,1353615
33334963,3,1353615
33336175,6,1353615
33337388,5,1353615
33338600,6,1353615
33339813,7,1353615
33341025,4,1353615
33342237,5,1353615
33343449,9,1353615
33344662,8,1352844
33345875,7,1352844
33347087,4,1352844
33348299,5,1352844
33349512,5,1352844
33350724,7,1352844
33351936,9,1352844
33353148,6,1352844
33354360,8,1352844
33355574,6,1352792
33356786,10,1352792
33365272,3,1352792
33366485,6,1349914
33367697,5,1349914
33368910,5,1349914
33370122,5,1349914
33371335,7,1349914
33372547,6,1349914
33373759,12,1349914
33374972,7,1349914
33376184,6,1349914
33377396,6,1353769
33378609,4,1353769
33379821,5,1353769
33381033,5,1353769
33382245,7,1353769
33383458,6,1353769
33384671,9,1353769
33385882,8,1353769
33387094,6,1353769
33388307,8,1351713
33389519,7,1351713
33390731,6,1351713
33391944,9,1351713
33393156,8,1351713
33394368,8,1351713
33395581,7,1351713
33396794,5,1351713
33398005,5,1351713
33399217,7,1350891
33400430,3,1350891
33401643,4,1350891
33402854,8,1350891
33404067,9,1350891
33405279,6,1350891
33406491,6,1350891
33407704,6,1350891
33408917,8,1350891
33410128,6,1355413
33411341,3,1355413
33412553,5,1355413
33413766,5,1355413
33414978,6,1355413
33416191,7,1355413
33417402,7,1355413
33418615,9,1355413
33419827,5,1355413
33421040,5,1353820
33422252,4,1353512
33423464,7,1353512
33424677,3,1353512
33425890,3,1353512
33427101,4,1353512
33428314,5,1353512
33429526,6,1353512
33430738,5,1353512
33431951,5,1353512
33433163,3,1351353
33434376,5,1351353
33435588,2,1351353
33436801,3,1351353
33438013,5,1351353
33439225,5,1351353
33440437,6,1351353
33441650,6,1351353
33450136,9,1351353
33451348,7,1351353
33452561,8,1351353
33453774,7,1354129
33454985,3,1350274
33456198,6,1350274
33457411,2,1350274
33458622,4,1350274
33459835,5,1350274
33461047,5,1350274
33462260,5,1350274
33463472,5,1350274
33464685,2,1350274
33465898,4,1353049
33467109,6,1353049
33468322,4,1353049
33469534,5,1353049
33470747,4,1353049
33471959,5,1353049
33473171,4,1353049
33474384,4,1353049
33475596,4,1353049
33476809,4,1353144
33478021,4,1351096
33479233,7,1351096
33480446,5,1351096
33481659,3,1351096
33482871,1,1351096
33484084,5,1351096
33485296,4,1351096
33486508,5,1351096
33487721,5,1351055
33488933,3,1353615
33490146,5,1353615
33491359,6,1353615
33492571,5,1353615
33493782,3,1353615
33494996,4,1353615
33496207,5,1353615
33497420,4,1353615
33498632,3,1353615
33499845,5,1353615
33501057,8,1353615
33502269,5,1353615
33503481,8,1353615
33504693,8,1353615
33505906,7,1353615
33507119,5,1353615
33508331,5,1353615
33509543,4,1353615
33510756,8,1353615
33511968,7,1353615
33513180,8,1353615
33514392,5,1353615
33515606,5,1353615
33516818,9,1353615
33518030,7,1353615
33519242,6,1353615
33520454,6,1353152
33521666,3,1353152
33522879,8,1353152
33524091,6,1353152
33525303,8,1353152
33526516,9,1353152
33533789,8,1353152
33535002,4,1353152
33536214,6,1353152
33537427,7,1353152
33538639,9,1353152
33539852,6,1353152
33541064,13,1353152
33542276,6,1350685
33543488,3,1350685
33544700,6,1350685
33545912,8,1350685
33547125,6,1350685
33548337,8,1350685
33549549,4,1350685
33550762,9,1350685
33551974,6,1350685
33553186,8,1353820
33554399,4,1353820
33555611,7,1353820
33556823,3,1353820
33558036,6,1353820
33559248,8,1353820
33560460,5,1353820
33561672,9,1353820
33562884,4,1353820
33564097,4,1350171
33565309,2,1350171
33566521,7,1350171
33567734,7,1350171
33568946,6,1350171
33570159,6,1350171
33571371,9,1350171
33572583,5,1350171
33573795,6,1350171
33575008,7,1352792
33576220,3,1352792
33577432,7,1352792
33578644,4,1352792
33579857,7,1352792
33581069,7,1352792
33582281,7,1352792
33583494,5,1352792
33584705,4,1352792
33585918,7,1349503
33587131,5,1349503
33588342,9,1349503
33589555,10,1349503
33590768,8,1349503
33591980,4,1349503
33593192,6,1349503
33594404,8,1349503
33595616,7,1349503
33596828,7,1352279
33598040,4,1352279
33599253,3,1352279
33600465,7,1352279
33601678,7,1352279
33602889,7,1352279
33604103,4,1352279
33605315,6,1352279
33606527,4,1352279
33607739,7,1350428
33608952,5,1356801
33610164,8,1356801
33617501,7,1356801
33618650,21,1356801
33619862,7,1356801
33621075,2,1356801
33622287,7,1356801
33623499,9,1356801
33624712,5,1356801
33625924,7,1356801
33627136,5,1356801
33628349,8,1356801
33629561,8,1353358
33630774,3,1349812
33631986,4,1349812
33633198,2,1349812
33634410,4,1349812
33635623,4,1349812
33636835,4,1349812
33638047,4,1349812
33639260,3,1349812
33640472,4,1349812
33641685,5,1354694
33642897,4,1354694
33644109,3,1354694
33645321,5,1354694
33646534,4,1354694
33647746,6,1354694
33648959,2,1354694
33650170,4,1354694
33651383,3,1354694
33652595,4,1347807
33653808,3,1347807
33655020,4,1347807
33656232,3,1347807
33657445,5,1347807
33658657,5,1347807
33659869,6,1347807
33661082,4,1347807
33662294,3,1347807
33663506,4,1347705
33664718,6,1347961
33665930,3,1347961
33667143,2,1347961
33668355,5,1347961
33669567,4,1347961
33670780,4,1347961
33671992,4,1347961
33673204,4,1347961
33674417,3,1347972
33675629,4,1350788
33676841,5,1350788
33678053,7,1350788
33679266,3,1350788
33680479,3,1350788
33681691,3,1350788
33682903,4,1350788
33684115,-1,1350788
33685327,4,1350788
33686540,4,1350788
33687752,10,1350788
33688964,8,1350788
33690176,8,1350788
33691388,6,1350788
33692601,6,1350788
33693813,6,1350788
33701088,6,1350788
33702299,4,1350788
33703512,9,1350788
33704724,6,1350788
33705936,5,1350788
33707148,8,1352484
33708361,5,1352484
33709573,9,1352484
33710785,6,1352484
33711998,7,1352484
33713210,5,1352484
33714423,8,1352484
33715634,5,1352484
33716847,8,1352484
33718059,12,1353255
33719271,5,1353255
33720484,6,1353255
33721696,7,1353255
33722909,8,1353255
33724120,6,1353255
33725333,8,1353255
33726545,7,1353255
33727758,8,1353255
33728970,5,1351662
33730182,6,1351662
33731394,6,1351662
33732607,7,1351662
33733819,7,1351662
33735031,8,1351662
33736244,7,1351662
33737456,8,1351662
33738668,10,1351662
33739881,7,1354539
33741093,4,1354539
33742306,6,1354539
33743517,7,1354539
33744730,7,1354539
33745943,7,1354539
33747154,6,1354539
33748367,6,1354539
33749579,7,1354539
33750791,4,1353049
33752004,4,1353049
33753217,7,1353049
33754429,8,1353049
33755642,7,1353049
33756854,6,1353049
33758066,9,1353049
33759278,7,1353049
33760490,6,1353049
33761703,4,1352381
33762916,5,1352381
33764128,7,1352381
33765340,6,1352381
33766552,7,1352381
33767765,6,1352381
33768977,8,1352381
33770190,5,1352381
33771402,7,1352381
33772614,8,1348784
33773826,0,1348784
33775039,11,1348784
33776251,7,1348784
33777463,7,1351096
33784739,8,1351096
33785950,13,1351096
33787162,3,1351096
33788375,3,1351096
33789587,5,1351096
33790800,3,1351096
33792012,5,1351096
33793224,5,1351096
33794437,4,1351096
33795649,3,1351353
33796862,5,1351353
33798074,6,1351353
33799287,4,1351353
33800499,5,1351353
33801711,4,1351353
33802923,5,1351353
33804136,2,1351353
33805348,5,1351353
33806561,8,1354797
33807773,3,1354797
33808985,1,1354797
33810198,3,1354797
33811410,4,1354797
33812622,5,1354797
33813835,2,1354797
33815047,5,1354797
33816260,5,1354797
33817472,4,1354797
33818685,4,1354797
33819898,5,1354797
33821109,4,1354797
33822322,4,1354797
33823534,3,1354797
33824747,6,1354797
33825959,5,1354797
33827171,4,1354797
33828384,4,1354231
33829596,5,1354231
33830808,4,1354231
33832020,4,1354231
33833233,6,1354231
33834446,4,1354231
33835657,3,1354231
33836870,5,1354231
33838082,5,1354231
33839295,6,1352741
33840508,4,1352741
33841720,3,1352741
33842932,1,1352741
33844144,4,1352741
33845356,5,1352741
33846569,7,1352741
33847782,0,1352741
33848993,4,1352741
33850206,4,1352789
33851419,2,1352021
33852630,5,1352021
33853842,4,1352021
33855055,9,1352021
33856268,3,1352021
33857480,2,1352021
33858692,5,1352021
33859904,2,1352021
33861117,3,1352021
33868501,6,1352021
33869604,7,1352021
33870816,3,1351199
33872028,4,1351199
33873241,4,1351199
33874453,7,1351199
33875665,7,1351199
33876877,8,1351199
33878091,5,1351199
33879303,4,1351199
33880515,5,1351199
33881727,6,1351559
33882940,3,1351559
33884151,5,1351559
33885364,6,1351559
33886576,4,1351559
33887789,7,1351559
33889001,6,1351559
33890214,8,1351559
33891426,8,1351559
33892639,5,1351559
33893850,6,1351456
33895063,7,1351456
33896276,6,1351456
33897488,6,1351456
33898700,6,1351456
33899912,8,1351456
33901124,5,1351456
33902337,8,1351456
33903550,8,1351456
33904762,10,1354591
33905975,4,1354591
33907187,6,1354591
33908399,6,1354591
33909611,7,1354591
33910824,8,1354591
33912036,9,1354591
33913248,5,1354591
33914461,8,1354591
33915673,7,1349400
33916886,4,1349400
33918098,3,1349400
33919310,7,1349400
33920523,6,1349400
33921735,8,1349400
33922947,7,1349400
33924160,9,1349400
33925372,3,1349400
33926584,6,1353306
33927798,3,1353306
33929009,5,1353306
33930221,4,1353306
33931434,6,1353306
33932646,8,1353306
33933859,8,1353306
33935071,10,1353306
33936284,7,1353306
33937496,5,1352741
33938709,5,1352741
33939921,8,1352741
33941133,5,1352741
33942345,5,1352741
33943558,5,1352741
33944770,3,1352741
33952045,9,1352741
33953256,5,1352741
33954469,7,1352741
33955682,6,1352741
33956894,7,1352741
33958106,5,1352741
33959318,9,1354591
33960530,4,1354591
33961743,6,1354591
33962955,8,1354591
33964167,7,1354591
33965380,6,1354591
33966592,6,1354591
33967804,4,1354591
33969018,6,1354591
33970230,5,1352021
33971441,4,1352021
33972654,4,1352021
33973867,8,1352021
33975079,7,1352021
33976291,11,1352021
33977503,5,1352021
33978716,9,1352021
33979929,3,1352021
33981141,6,1353512
33982353,6,1353358
33983565,5,1353358
33984778,3,1353358
33985991,4,1353358
33987203,5,1353358
33988416,2,1353358
33989628,3,1353358
33990840,4,1353358
33992052,5,1353358
33993265,3,1352484
33994478,5,1352484
33995689,2,1352484
33996902,2,1352484
33998114,3,1352484
33999327,4,1352484
34000539,4,1352484
34001752,4,1352484
34002964,3,1352484
34004176,4,1352484
34005389,4,1352484
34006601,4,1352484
34007813,3,1352484
34009026,4,1352484
34010239,2,1352484
34011451,3,1352484
34012663,3,1352484
34013875,7,1352484
34015087,4,1349606
34016300,4,1349606
34017512,6,1349606
34018724,3,1349606
34019936,5,1349606
34021149,4,1349606
34022361,7,1349606
34023574,4,1349606
34024786,3,1349606
34025999,3,1351250
34027211,6,1351250
34028423,8,1351250
34036909,6,1353203
34038121,14,1353203
34039333,5,1353203
34040546,5,1353203
34041758,6,1353203
34042970,4,1353203
34044183,4,1353203
34045395,3,1353203
34046607,5,1353203
34047820,4,1353198
34049031,5,1351662
34050244,3,1351662
34051457,4,1351662
34052668,6,1351662
34053880,4,1351662
34055092,5,1351662
34056305,4,1351662
34057517,5,1351662
34058730,1,1351662
34059941,4,1351662
34061154,5,1351662
34062366,9,1351662
34063579,5,1351662
34064790,4,1351662
34066003,7,1351662
34067215,8,1351662
34068428,5,1349144
34069639,6,1349144
34070852,5,1349144
34072064,9,1349144
34073276,5,1349144
34074490,6,1349144
34075701,6,1349144
34076914,6,1349144
34078126,7,1349144
34079338,6,1349144
34080551,5,1352227
34081763,6,1352227
34082975,6,1352227
34084187,7,1352227
34085400,6,1352227
34086612,7,1352227
34087824,7,1352227
34089037,5,1352227
34090248,8,1352227
34091460,6,1350582
34092673,5,1350582
34093886,9,1350582
34095098,3,1350582
34096309,10,1350582
34097522,8,1350582
34098734,10,1350582
34099947,9,1350582
34101158,6,1350582
34102371,7,1353049
34103583,6,1353049
34104795,6,1353049
34106008,8,1353049
34107220,6,1353049
34108432,5,1353049
34109645,6,1353049
34110856,10,1353049
34112069,8,1353049
34113281,2,1353049
34120556,11,1353049
34121767,10,1353049
34122980,6,1353049
34124192,6,1350428
34125404,3,1350428
34126616,4,1350428
34127828,8,1350428
34129041,4,1350428
34130253,6,1350428
34131465,7,1350428
34132678,5,1350428
34133890,7,1350428
34135103,7,1346369
34136315,4,1346369
34137527,6,1346369
34138739,6,1346369
34139951,6,1346369
34141164,10,1346369
34142376,5,1346369
34143588,6,1346369
34144800,3,1346369
34146013,5,1351456
34147225,5,1351456
34148437,6,1351456
34149650,5,1351456
34150862,4,1351456
34152074,6,1351456
34153287,6,1351456
34154499,7,1351456
34155711,9,1351456
34156924,8,1351199
34158136,4,1351199
34159348,4,1351199
34160560,8,1351199
34161772,6,1351199
34162986,7,1351199
34164198,9,1351199
34165410,9,1351199
34166622,9,1351199
34167835,7,1351867
34169047,2,1351353
34170260,5,1351353
34171471,7,1351353
34172684,5,1351353
34173896,2,1351353
34175108,3,1351353
34176320,4,1351353
34177533,4,1351353
34178745,2,1351353
34179957,5,1351970
34181170,5,1351970
34182383,2,1351970
34183594,4,1351970
34184807,5,1351970
34186019,4,1351970
34187231,4,1351970
34188444,4,1351970
34189656,5,1351970
34190868,6,1355413
34192080,5,1355413
34193292,2,1355413
34194505,4,1355413
34195718,4,1355413
34196930,4,1355413
34205416,6,1355413
34206628,7,1355413
34207841,6,1355413
34209053,8,1355413
34210265,7,1355413
34211477,10,1352998
34212690,5,1352998
34213902,6,1352998
34215114,4,1352998
34216327,3,1352998
34217539,5,1352998
34218752,8,1352998
34219963,4,1352998
34221176,3,1352998
34222388,0,1352998
34223600,3,1353038
34224813,3,1349966
34226025,3,1349966
34227237,4,1349966
34228450,4,1349966
34229662,5,1349966
34230875,4,1349966
34232087,5,1349966
34233299,4,1349966
34234511,6,1350086
34235724,4,1354694
34236936,5,1354694
34238148,5,1354694
34239361,5,1354694
34240573,4,1354694
34241785,3,1354694
34242998,3,1354694
34244210,4,1354694
34245422,2,1354694
34246634,5,1354694
34247847,8,1354694
34249059,10,1354694
34250272,8,1354694
34251484,4,1354694
34252696,5,1354694
34253908,8,1354694
34255120,6,1354694
34256332,10,1348424
34257545,5,1348424
34258758,7,1348424
34259970,10,1348424
34261182,7,1348424
34262395,7,1348424
34263607,7,1348424
34264819,7,1348424
34266031,6,1348424
34267244,6,1353615
34268455,3,1353615
34269668,9,1353615
34270880,7,1353615
34272093,6,1353615
34273305,7,1353615
34274518,6,1353615
34275729,7,1353615
34276942,7,1353615
34278154,9,1351302
34279366,8,1351302
34280579,6,1351302
34281790,4,1350737
34289065,10,1350737
34290276,17,1350737
34291489,7,1350737
34292702,5,1350737
34293914,6,1350737
34295126,4,1350737
34296338,7,1350737
34297551,7,1350737
34298762,10,1350737
34299975,8,1349966
34301187,4,1349966
34302400,5,1349966
34303612,7,1349966
34304824,6,1349966
34306037,6,1349966
34307248,8,1349966
34308461,7,1349966
34309673,6,1349966
34310886,7,1354180
34312098,3,1354180
34313310,5,1354180
34314523,4,1354180
34315735,7,1354180
34316947,4,1354180
34318160,7,1354180
34319372,9,1354180
34320584,4,1354180
34321796,7,1352021
34323009,5,1352021
34324221,5,1352021
34325433,4,1352021
34326645,6,1352021
34327858,11,1352021
34329070,7,1352021
34330282,8,1352021
34331495,7,1352021
34332707,3,1348887
34333919,2,1348887
34335132,7,1348887
34336344,8,1348887
34337556,6,1348887
34338768,11,1348887
34339981,6,1348887
34341194,8,1348887
34342405,6,1348887
34343618,8,1352689
34344831,6,1349760
34346043,5,1349760
34347255,3,1349760
34348467,3,1349760
34349680,7,1349760
34350892,5,1349760
34352104,4,1349760
34353316,4,1349760
34354528,2,1349760
34355741,6,1352279
34356953,4,1352279
34358166,2,1352279
34359378,3,1352279
34360590,4,1352279
34361802,3,1352279
34363014,5,1352279
34364227,5,1352279
34365439,8,1352279
34373926,2,1352279
34375138,5,1352279
34376351,7,1350634
34377562,6,1355516
34378775,3,1355516
34379987,3,1355516
34381200,4,1355516
34382412,2,1355516
34383624,4,1355516
34384837,4,1355516
34386049,3,1355516
34387261,4,1355516
34388474,3,1353255
34389686,3,1353255
34390898,4,1353255
34392110,4,1353255
34393323,5,1353255
34394535,5,1353255
34395748,4,1353255
34396960,4,1353255
34398172,4,1353255
34399385,6,1353326
34400597,3,1358702
34401809,2,1358702
34403021,5,1358702
34404234,3,1358702
34405447,3,1358702
34406659,-1,1358702
34407872,7,1358702
34409084,4,1358702
34410296,4,1358778
34411508,5,1351610
34412720,6,1351610
34413933,4,1351610
34415145,5,1351610
34416358,6,1351610
34417570,5,1351610
34418782,3,1351610
34419995,3,1351610
34421207,5,1351610
34422420,5,1351610
34423632,5,1351610
34424844,5,1351610
34426057,8,1351610
34427270,7,1351610
34428481,9,1351610
34429694,6,1351610
34430906,4,1351610
34432118,1,1351610
34433331,4,1351610
34434543,9,1351610
34435755,10,1351610
34436968,8,1351610
34438181,5,1351610
34439392,5,1351610
34440605,7,1351610
34441818,7,1351610
34443030,7,1350017
34444241,4,1350017
34445454,4,1350017
34446666,9,1350017
34447878,7,1350017
34449091,6,1350017
34450303,5,1350017
34457577,13,1350017
34458790,8,1350017
34460002,7,1350017
34461215,5,1350017
34462427,9,1350017
34463639,7,1350017
34464851,4,1351456
34466063,9,1351456
34467276,7,1351456
34468488,3,1351456
34469701,5,1351456
34470913,6,1351456
34472125,5,1351456
34473337,8,1351456
34474550,8,1351456
34475762,12,1348321
34476974,4,1348321
34478187,9,1348321
34479399,7,1348321
34480612,7,1348321
34481824,5,1348321
34483037,7,1348321
34484248,8,1348321
34485461,6,1348321
34486673,8,1353769
34487885,4,1353769
34489098,4,1353769
34490310,7,1353769
34491523,7,1353769
34492735,8,1353769
34493947,7,1353769
34495160,6,1353769
34496372,5,1353769
34497584,6,1349041
34498797,2,1349041
34500009,9,1349041
34501222,6,1349041
34502434,6,1349041
34503647,6,1349041
34504858,6,1349041
34506071,6,1349041
34507283,6,1349041
34508496,6,1354180
34509708,3,1354180
34510920,8,1354180
34512132,8,1354180
34513345,6,1354180
34514557,4,1354180
34515769,7,1354180
34516981,6,1354180
34518195,9,1354180
34519407,4,1349144
34520619,4,1349144
34521831,4,1349144
34523044,5,1349144
34524256,4,1349144
34525468,8,1349144
34526681,6,1349144
34527893,7,1349144
34529105,5,1349144
34530317,6,1350274
34531530,5,1347705
34532743,3,1347705
34533955,2,1347705
34542440,4,1350737
34543654,4,1350737
34544866,7,1350737
34546077,5,1350737
34547290,5,1350737
34548502,5,1350737
34549714,5,1350737
34550927,6,1350737
34552139,5,1350737
34553352,2,1347550
34554564,8,1347550
34555776,4,1347550
34556988,6,1347550
34558201,6,1347550
34559413,6,1347550
34560625,3,1347550
34561838,3,1347550
34563050,6,1347550
34564263,2,1353203
34565475,4,1353203
34566687,5,1353203
34567900,4,1353203
34569111,0,1353203
34570324,5,1353203
34571536,5,1353203
34572748,4,1353203
34573961,5,1353203
34575174,5,1354077
34576386,3,1354077
34577598,3,1354077
34578810,3,1354077
34580023,2,1354077
34581235,4,1354077
34582447,3,1354077
34583659,5,1354077
34584872,4,1354077
34586084,3,1354117
34587296,5,1351045
34588508,3,1351045
34589721,4,1351045
34590933,4,1351045
34592145,6,1351045
34593358,7,1351045
34594570,5,1351045
34595783,4,1351045
34596995,3,1351161
34598207,3,1354745
34599420,3,1354745
34600632,3,1354745
34601844,4,1354745
34603056,9,1354745
34604269,5,1354745
34605481,4,1354745
34606693,5,1354745
34607907,6,1354745
34609118,3,1354745
34610331,5,1354745
34611544,5,1354745
34612756,8,1354745
34613968,9,1354745
34615181,7,1354745
34616394,5,1354745
34617605,7,1351353
34618818,3,1351353
34627305,8,1351353
34628518,6,1351353
34629731,6,1353717
34630942,6,1353717
34632155,7,1353717
34633368,5,1353717
34634580,6,1353717
34635792,7,1353717
34637006,5,1353717
34638218,8,1353717
34639429,6,1353717
34640643,3,1349760
34641855,5,1349760
34643067,7,1349760
34644280,7,1349760
34645492,5,1349760
34646704,6,1349760
34647917,6,1349760
34649129,4,1349760
34650341,8,1349760
34651554,7,1354694
34652767,3,1354694
34653979,3,1354694
34655192,5,1354694
34656404,4,1354694
34657616,7,1354694
34658829,8,1354694
34660042,8,1354694
34661253,7,1354694
34662466,9,1350377
34663679,5,1350377
34664891,5,1350377
34666104,8,1350377
34667316,8,1350377
34668528,6,1350377
34669741,7,1350377
34670953,5,1350377
34672165,7,1350377
34673379,6,1354077
34674590,0,1354077
34675803,4,1354077
34677016,6,1354077
34678228,5,1354077
34679440,7,1354077
34680653,6,1354077
34681865,4,1354077
34683078,7,1354077
34684290,6,1353306
34685503,4,1353306
34686715,8,1353306
34687927,10,1353306
34689140,9,1353306
34690352,7,1353306
34691565,7,1353306
34692778,5,1353306
34693991,5,1353306
34695203,5,1351867
34696415,2,1351867
34697627,7,1351867
34698840,7,1351867
34700053,10,1351867
34701265,8,1351867
34702477,7,1351867
34703689,8,1351867
34710965,5,1351867
34712177,6,1351867
34713389,5,1351867
34714603,7,1351867
34715814,6,1351867
34717027,7,1357726
34718239,3,1354231
34719452,2,1354231
34720664,4,1354231
34721877,2,1354231
34723089,4,1354231
34724301,3,1354231
34725514,5,1354231
34726726,4,1354231
34727939,3,1354231
34729151,2,1350788
34730364,6,1350788
34731576,5,1350788
34732789,1,1350788
34734002,6,1350788
34735214,4,1350788
34736426,5,1350788
34737639,4,1350788
34738852,5,1350788
34740064,9,1353512
34741276,5,1353512
34742489,5,1353512
34743701,4,1353512
34744914,4,1353512
34746127,3,1353512
34747339,2,1353512
34748551,5,1353512
34749764,7,1353512
34750976,4,1350531
34752188,5,1350531
34753401,3,1350531
34754613,5,1350531
34755826,4,1350531
34757038,3,1350531
34758250,3,1350531
34759463,6,1350531
34760676,5,1350531
34761888,4,1346831
34763100,5,1346831
34764312,4,1346831
34765525,4,1346831
34766738,6,1346831
34767950,5,1346831
34769162,3,1346831
34770374,2,1346831
34771587,4,1346831
34772799,4,1346995
34774011,5,1349555
34775224,4,1349555
34776436,4,1349555
34777650,4,1349555
34778862,5,1349555
34780074,7,1349555
34781287,5,1349555
34782499,5,1349555
34783711,4,1349610
34784924,6,1350634
34786136,4,1350634
34787348,7,1350634
34794623,3,1350634
34795835,8,1350634
34797048,6,1350634
34798260,6,1350634
34799472,7,1350634
34800685,8,1350634
34801898,9,1350634
34803110,7,1350634
34804323,5,1351353
34805535,6,1351353
34806748,3,1351353
34807960,10,1351353
34809172,8,1351353
34810385,7,1351353
34811597,5,1351353
34812810,6,1351353
34814022,7,1351353
34815235,7,1351353
34816447,9,1352279
34817659,5,1352279
34818872,7,1352279
34820085,7,1352279
34821297,7,1352279
34822509,8,1352279
34823721,7,1352279
34824934,7,1352279
34826146,7,1352279
34827359,6,1351199
34828572,6,1351199
34829784,6,1351199
34830997,9,1351199
34832209,9,1351199
34833421,7,1351199
34834635,7,1351199
34835847,8,1351199
34837059,10,1351199
34838272,6,1352587
34839484,3,1352587
34840696,4,1352587
34841910,4,1352587
34843121,2,1352587
34844334,6,1352587
34845547,7,1352587
34846759,11,1352587
34847972,7,1352587
34849185,6,1352021
34850397,4,1352021
34851610,6,1352021
34852821,7,1352021
34854035,6,1352021
34855246,6,1352021
34856459,7,1352021
34857672,10,1352021
34858884,10,1352021
34860096,5,1349606
34861309,6,1349606
34862522,5,1349606
34863733,8,1349606
34864946,7,1349606
34866158,9,1349606
34867372,7,1349606
34868584,6,1349606
34869797,4,1349606
34871008,9,1349606
34879496,4,1349606
34880708,6,1349606
34881921,6,1351045
34883133,4,1351045
34884345,5,1351045
34885559,5,1351045
34886770,5,1351045
34887983,4,1351045
34889196,7,1351045
34890408,7,1351045
34891620,5,1351045
34892832,4,1352638
34894045,4,1352638
34895258,7,1352638
34896470,6,1352638
34897683,9,1352638
34898895,7,1352638
34900108,4,1352638
34901320,8,1352638
34902533,8,1352638
34903746,8,1351302
34904957,0,1351559
34906170,6,1351559
34907383,3,1351559
34908595,4,1351559
34909807,4,1351559
34911020,5,1351559
34912232,4,1351559
34913445,4,1351559
34914657,4,1351559
34915871,4,1352895
34917082,4,1352895
34918295,4,1352895
34919508,3,1352895
34920720,3,1352895
34921932,3,1352895
34923145,4,1352895
34924358,5,1352895
34925570,5,1352895
34926782,3,1352947
34927995,2,1352947
34929207,4,1352947
34930420,2,1352947
34931632,5,1352947
34932845,4,1352947
34934057,8,1352947
34935270,3,1352947
34936482,5,1352947
34937694,3,1350582
34938908,4,1350582
34940119,-3,1350582
34941332,4,1350582
34942545,4,1350582
34943758,7,1350582
34944970,4,1350582
34946182,4,1350582
34947395,4,1350582
34948607,4,1345700
34949820,4,1345700
34951032,7,1345700
34952245,5,1345700
34953457,4,1345700
34954670,5,1345700
34955883,4,1345700
34964371,4,1345700
34965583,4,1345700
34966795,7,1345700
34968008,9,1345700
34969220,4,1351250
34970432,5,1351401
34971646,4,1350377
34972858,7,1350377
34974070,7,1350377
34975283,6,1350377
34976496,5,1350377
34977708,6,1350377
34978920,3,1350377
34980132,2,1350377
34981345,5,1350377
34982557,8,1350377
34983770,4,1350377
34984982,2,1350377
34986195,8,1350377
34987407,4,1350377
34988619,7,1350377
34989832,6,1350377
34991044,9,1350377
34992257,3,1350377
34993469,5,1350377
34994682,6,1350377
34995894,7,1350377
34997107,8,1350377
34998319,10,1350377
34999531,10,1350377
35000743,6,1350377
35001956,5,1350377
35003169,7,1347705
35004381,0,1347705
35005594,5,1347705
35006805,6,1347705
35008019,6,1347705
35009230,5,1347705
35010443,10,1347705
35011656,4,1347705
35012868,6,1347705
35014081,5,1353101
35015293,3,1353101
35016506,7,1353101
35017717,7,1353101
35018930,7,1353101
35020142,2,1353101
35021355,6,1353101
35022567,8,1353101
35023779,9,1353101
35024991,8,1349503
35026204,3,1349503
35027416,6,1349503
35028628,9,1349503
35029841,6,1349503
35031054,10,1349503
35032265,6,1349503
35033478,9,1349503
35034690,6,1349503
35035903,9,1354283
35037115,1,1354283
35038327,6,1354283
35039540,8,1354283
35040752,4,1349041
35048027,15,1349041
35049239,6,1349041
35050451,4,1349041
35051664,5,1349041
35052876,10,1349041
35054089,5,1349041
35055301,4,1349041
35056513,5,1349041
35057727,7,1349041
35058939,5,1349041
35060152,7,1349041
35061363,7,1349041
35062576,6,1349041
35063788,6,1349041
35065001,4,1349041
35066213,10,1349041
35067425,6,1349041
35068638,9,1352073
35069850,5,1352073
35071063,11,1352073
35072275,6,1352073
35073488,9,1352073
35074700,6,1352073
35075912,6,1352073
35077125,6,1352073
35078338,4,1352073
35079550,3,1351456
35080763,8,1351456
35081975,7,1351456
35083187,8,1351456
35084400,6,1351456
35085612,8,1351456
35086825,5,1351456
35088038,2,1351456
35089249,7,1351456
35090462,9,1349812
35091675,5,1349709
35092888,6,1349709
35094100,5,1349709
35095312,3,1349709
35096525,3,1349709
35097738,4,1349709
35098950,3,1349709
35100162,6,1349709
35101375,6,1349709
35102587,4,1352535
35103799,4,1352535
35105012,7,1352535
35106225,0,1352535
35107438,6,1352535
35108650,3,1352535
35109862,6,1352535
35111074,4,1352535
35112287,3,1352535
35113499,4,1348938
35114712,4,1348938
35115925,4,1348938
35117137,6,1348938
35118350,6,1348938
35119562,6,1348938
35120775,3,1348938
35121988,3,1348938
35123199,3,1348938
35124412,3,1348938
35132900,8,1348938
35134111,8,1352638
35135324,6,1351508
35136537,3,1351508
35137749,6,1351508
35138961,3,1351508
35140174,3,1351508
35141387,2,1351508
35142599,-2,1351508
35143811,-1,1351508
35145024,4,1351508
35146236,5,1351602
35147449,4,1349298
35148662,4,1349298
35149874,4,1349298
35151086,3,1349298
35152299,4,1349298
35153511,6,1349298
35154723,4,1349298
35155935,4,1349298
35157148,3,1349254
35158360,4,1351302
35159573,6,1351302
35160785,4,1351302
35161998,6,1351302
35163210,5,1351302
35164423,2,1351302
35165635,4,1351302
35166847,2,1351302
35168060,9,1351311
35169272,5,1351311
35170486,5,1351311
35171697,5,1351311
35172910,7,1351311
35174122,7,1351311
35175335,9,1351311
35176547,5,1351311
35177760,7,1353871
35178972,-1,1353871
35180185,4,1353871
35181397,7,1353871
35182610,7,1353871
35183822,6,1353871
35185035,6,1353871
35186247,10,1353871
35187459,6,1353871
35188672,8,1353871
35189885,6,1348732
35191097,6,1348732
35192309,7,1348732
35193522,6,1348732
35194734,7,1348732
35195947,6,1348732
35197160,8,1348732
35198372,8,1348732
35199584,6,1348732
35200797,5,1353203
35202009,5,1353203
35203221,5,1353203
35204435,8,1353203
35205647,9,1353203
35206860,6,1353203
35208072,8,1353203
35209284,5,1353203
35216559,11,1353203
35217771,8,1353203
35218984,8,1353203
35220196,6,1353203
35221408,7,1353203
35222621,5,1350068
35223834,3,1350068
35225046,8,1350068
35226258,9,1350068
35227470,7,1350068
35228683,5,1350068
35229895,7,1350068
35231108,5,1350068
35232320,6,1350068
35233532,6,1348064
35234745,3,1348064
35235957,8,1348064
35237169,7,1348064
35238382,5,1348064
35239594,10,1348064
35240806,6,1348064
35242019,6,1348064
35243231,6,1348064
35244443,6,1352279
35245656,5,1352279
35246868,9,1352279
35248081,7,1352279
35249293,6,1352279
35250505,6,1352279
35251719,5,1352279
35252931,5,1352279
35254143,6,1352279
35255355,6,1352638
35256567,4,1352638
35257780,4,1352638
35258993,5,1352638
35260205,6,1352638
35261417,7,1352638
35262629,6,1352638
35263842,6,1352638
35265055,9,1352638
35266267,9,1351970
35267480,6,1351970
35268692,5,1351970
35269905,5,1351970
35271116,3,1351970
35272329,5,1351970
35273541,7,1351970
35274753,8,1351970
35275966,8,1351970
35277179,6,1353255
35278391,4,1353255
35279603,6,1353255
35280815,5,1353255
35282028,11,1353255
35283240,10,1353255
35284452,6,1353255
35285665,8,1353255
35286878,7,1353255
35288090,4,1350788
35289303,5,1350582
35290515,4,1350582
35291727,3,1350582
35292940,5,1352587
35301427,1,1352587
35302639,4,1352587
35303852,3,1352587
35305064,8,1352587
35306278,3,1352587
35307490,4,1352587
35308702,5,1352587
35309915,5,1352587
35311127,3,1352895
35312339,4,1352895
35313552,4,1352895
35314765,6,1352895
35315976,4,1352895
35317189,4,1352895
35318401,5,1352895
35319614,5,1352895
35320826,3,1352895
35322039,5,1350068
35323252,3,1350068
35324464,4,1350068
35325676,5,1350068
35326889,5,1350068
35328102,4,1350068
35329314,4,1350068
35330526,5,1350068
35331738,6,1350068
35332951,4,1350068
35334163,4,1350068
35335376,5,1350068
35336588,4,1350068
35337801,4,1350068
35339014,3,1350068
35340226,4,1350068
35341438,6,1350068
35342651,3,1350068
35343864,5,1350031
35345076,4,1353615
35346289,4,1353615
35347502,6,1353615
35348714,5,1353615
35349926,4,1353615
35351138,2,1353615
35352351,5,1353615
35353563,7,1353615
35354776,4,1353606
35355988,3,1351302
35357201,4,1351302
35358414,4,1351302
35359625,3,1351302
35360838,3,1351302
35362050,4,1351302
35363263,3,1351302
35364476,2,1351302
35365688,5,1351302
35366901,3,1351302
35368113,7,1351302
35369325,5,1351302
35370538,7,1351302
35371750,11,1351302
35372963,9,1351302
35374175,6,1351302
35375388,7,1351302
35376600,6,1354077
35377812,6,1354077
35386299,8,1354077
35387511,8,1349966
35388724,3,1349966
35389936,7,1349966
35391149,7,1349966
35392361,10,1349966
35393574,5,1349966
35394786,7,1349966
35395998,7,1349966
35397211,7,1349966
35398424,7,1352330
35399636,3,1352330
35400848,6,1352330
35402061,10,1352330
35403273,7,1352330
35404485,10,1352330
35405698,7,1352330
35406911,5,1352330
35408124,5,1352330
35409335,7,1352176
35410548,4,1352176
35411760,9,1352176
35412972,6,1352176
35414185,6,1352176
35415398,3,1352176
35416609,5,1352176
35417822,6,1352176
35419035,10,1352176
35420247,8,1351250
35421460,4,1351250
35422672,5,1351250
35423884,8,1351250
35425096,4,1351250
35426309,6,1351250
35427521,6,1351250
35428734,5,1351250
35429947,4,1351250
35431159,9,1351816
35432371,3,1351816
35433584,5,1351816
35434797,6,1351816
35436008,8,1351816
35437221,4,1351816
35438434,7,1351816
35439646,6,1351816
35440858,5,1351816
35442071,6,1352947
35443284,3,1352947
35444496,7,1352947
35445708,5,1352947
35446921,7,1352947
35448133,6,1352947
35449345,5,1352947
35450558,5,1352947
35451771,6,1352947
35452983,6,1352741
35454195,5,1352741
35455408,9,1352741
35456620,5,1352741
35457833,5,1352741
35459045,5,1352741
35460258,6,1352741
35461470,6,1352741
35462683,6,1352741
35469957,5,1352741
35471171,7,1352741
35472382,6,1352741
35473595,5,1352741
35474808,7,1351610
35476019,4,1353409
35477232,8,1353409
35478444,3,1353409
35479657,2,1353409
35480870,5,1353409
35482081,5,1353409
35483294,5,1353409
35484506,4,1353409
35485719,4,1353409
35486932,3,1351970
35488144,4,1351970
35489356,4,1351970
35490569,5,1351970
35491781,3,1351970
35492994,2,1351970
35494206,5,1351970
35495419,4,1351970
35496631,4,1351970
35497844,3,1352947
35499055,10,1352947
35500268,5,1352947
35501480,4,1352947
35502693,4,1352947
35503906,4,1352947
35505118,0,1352947
35506330,3,1352947
35507542,3,1352947
35508756,6,1351199
35509967,2,1351199
35511180,5,1351199
35512392,4,1351199
35513605,4,1351199
35514817,3,1351199
35516029,5,1351199
35517243,6,1351199
35518454,4,1351199
35519668,6,1351199
35520880,7,1351199
35522092,3,1351199
35523304,4,1351199
35524517,6,1351199
35525729,5,1351199
35526941,5,1351199
35528154,4,1351199
35529367,7,1351199
35530579,2,1351319
35531791,4,1355927
35533003,4,1355927
35534216,6,1355927
35535429,4,1355927
35536641,4,1355927
35537853,5,1355927
35539066,9,1355927
35540278,2,1355927
35541491,3,1355807
35542703,4,1351199
35543916,2,1351199
35545129,4,1351199
35546341,5,1351199
35553615,6,1351199
35554828,4,1351199
35556041,9,1351199
35557253,4,1351199
35558465,5,1351199
35559678,7,1351199
35560890,7,1351199
35562103,5,1351199
35563315,7,1354231
35564528,5,1354231
35565740,8,1354231
35566952,7,1354231
35568165,9,1354231
35569377,7,1354231
35570589,9,1354231
35571802,6,1354231
35573015,6,1354231
35574227,7,1351148
35575440,3,1351148
35576652,4,1351148
35577865,8,1351148
35579077,4,1351148
35580289,6,1351148
35581502,5,1351148
35582715,4,1351148
35583927,7,1351148
35585139,6,1353409
35586352,5,1353409
35587564,5,1353409
35588778,5,1353409
35589989,7,1353409
35591203,6,1353409
35592415,6,1353409
35593627,8,1353409
35594839,7,1353409
35596053,9,1352227
35597264,3,1352227
35598477,7,1352227
35599689,6,1352227
35600902,7,1352227
35602114,7,1352227
35603327,7,1352227
35604540,8,1352227
35605752,10,1352227
35606964,6,1351096
35608177,4,1351096
35609389,6,1351096
35610603,8,1351096
35611814,5,1351096
35613027,5,1351096
35614240,4,1351096
35615452,4,1351096
35616665,7,1351096
35617877,8,1351816
35619089,4,1351816
35620302,7,1351816
35621515,6,1351816
35622727,6,1351816
35623939,5,1351816
35625152,9,1351816
35626364,8,1351816
35627577,8,1351816
35628789,6,1349812
35630002,9,1349812
35638489,5,1349812
35639702,6,1351405
35640914,4,1351405
35642127,6,1351405
35643339,8,1351405
35644552,5,1351405
35645764,6,1351405
35646976,6,1351405
35648188,8,1351405
35649402,8,1351405
35650614,5,1350480
35651826,4,1350480
35653039,4,1350480
35654252,7,1350480
35655464,6,1350480
35656676,9,1350480
35657888,6,1350480
35659101,4,1350480
35660313,8,1350480
35661527,6,1350840
35662739,4,1352535
35663952,4,1352535
35665163,5,1352535
35666376,4,1352535
35667588,3,1352535
35668801,6,1352535
35670013,5,1352535
35671226,5,1352535
35672439,2,1352535
35673651,6,1353974
35674864,6,1353974
35676076,5,1353974
35677288,4,1353974
35678500,3,1353974
35679713,3,1353974
35680925,5,1353974
35682138,3,1353974
35683351,3,1353974
35684563,8,1352741
35685775,2,1352741
35686988,4,1352741
35688200,4,1352741
35689413,5,1352741
35690625,4,1352741
35691837,5,1352741
35693050,4,1352741
35694263,6,1352741
35695475,4,1354334
35696687,2,1354334
35697899,5,1354334
35699113,3,1354334
35700324,4,1354334
35701537,5,1354334
35702750,4,1354334
35703961,3,1354334
35705174,5,1354334
35706387,4,1354334
35707599,5,1354334
35708811,3,1354334
35710024,2,1354334
35711236,5,1354334
35712448,6,1354334
35713661,6,1354334
35714873,8,1354334
35723359,4,1354334
35724572,5,1354334
35725784,6,1354334
35726997,8,1352792
35728209,4,1352792
35729421,4,1352792
35730634,5,1352792
35731847,4,1352792
35733059,8,1352792
35734272,6,1352792
35735484,6,1352792
35736697,3,1352792
35737909,4,1352792
35739122,4,1352792
35740335,3,1352792
35741547,7,1352792
35742759,13,1352792
35743971,9,1352792
35745184,7,1352792
35746396,3,1352792
35747608,6,1352792
35748821,7,1349863
35750034,3,1349863
35751246,4,1349863
35752459,8,1349863
35753670,8,1349863
35754883,5,1349863
35756096,6,1349863
35757308,9,1349863
35758520,7,1349863
35759733,4,1349863
35760945,4,1352124
35762157,5,1352124
35763370,5,1352124
35764583,7,1352124
35765795,7,1352124
35767008,7,1352124
35768220,5,1352124
35769432,6,1352124
35770646,6,1352124
35771858,5,1353717
35773071,5,1353717
35774283,6,1353717
35775495,6,1353717
35776708,7,1353717
35777921,5,1353717
35779132,6,1353717
35780345,8,1353717
35781557,4,1353717
35782770,7,1355670
35783982,4,1355670
35785195,8,1355670
35786407,3,1355670
35787620,7,1355670
35788833,5,1355670
35790045,7,1355670
35791258,7,1355670
35792469,6,1355670
35793682,5,1353255
35794895,4,1353255
35796106,7,1353255
35797319,7,1353255
35798532,4,1353255
35799744,6,1353255
35807018,12,1353255
35808230,6,1353255
35809444,6,1353255
35810656,8,1353255
35811868,8,1353255
35813081,7,1353255
35814293,7,1353255
35815505,5,1351045
35816717,3,1351045
35817930,5,1351045
35819142,4,1351045
35820355,7,1351045
35821567,6,1351045
35822779,6,1351045
35823991,4,1351045
35825204,4,1351045
35826417,6,1351713
35827628,6,1351713
35828842,9,1351713
35830054,7,1351713
35831266,6,1351713
35832479,6,1351713
35833691,9,1351713
35834903,8,1351713
35836116,8,1351713
35837328,8,1352587
35838540,3,1352587
35839753,7,1352587
35840966,6,1352587
35842178,6,1352587
35843391,5,1352587
35844603,6,1352587
35845815,5,1352587
35847028,6,1352587
35848240,7,1352998
35849452,5,1353512
35850666,6,1353512
35851878,6,1353512
35853090,4,1353512
35854302,4,1353512
35855516,4,1353512
35856727,3,1353512
35857941,5,1353512
35859152,3,1353512
35860366,6,1352279
35861577,4,1352279
35862790,4,1352279
35864003,4,1352279
35865215,5,1352279
35866428,4,1352279
35867640,5,1352279
35868853,4,1352279
35870065,7,1352279
35871277,4,1350788
35872490,5,1350788
35873703,3,1350788
35874915,3,1350788
35876127,1,1350788
35877340,4,1350788
35878552,6,1350788
35879765,7,1350788
35880977,3,1350788
35882189,4,1347345
35883402,3,1347345
35890678,2,1347345
35891889,0,1347345
35893102,6,1347345
35894314,5,1347345
35895527,5,1347345
35896740,4,1347345
35897952,4,1347345
35899165,5,1347345
35900378,5,1347345
35901590,6,1347345
35902802,4,1347345
35904014,3,1347410
35905227,6,1351250
35906440,4,1351250
35907652,3,1351250
35908865,6,1351250
35910077,3,1351250
35911289,3,1351250
35912502,4,1351250
35913714,3,1351250
35914927,3,1351352
35916139,4,1351096
35917352,4,1351096
35918564,7,1351096
35919777,3,1351096
35920990,2,1351096
35922201,5,1351096
35923414,6,1351096
35924627,4,1351096
35925839,5,1351096
35927051,3,1351096
35928264,7,1351096
35929476,7,1351096
35930689,6,1351096
35931901,7,1351096
35933114,5,1351096
35934327,7,1351096
35935539,7,1344364
35936752,6,1344364
35937964,5,1344364
35939176,5,1344364
35940389,8,1344364
35941602,11,1344364
35942814,4,1344364
35944027,6,1344364
35945239,7,1344364
35946451,4,1344364
35947664,9,1354488
35948877,6,1354488
35950089,4,1354488
35951301,6,1354488
35952515,8,1354488
35953727,4,1354488
35954939,7,1354488
35956151,6,1354488
35957364,8,1354488
35958576,7,1352638
35959789,4,1352638
35961001,6,1352638
35962214,6,1352638
35963427,8,1352638
35964639,6,1352638
35965852,10,1352638
35967064,3,1352638
35975551,3,1352638
35976764,5,1352638
35977976,5,1352638
35979188,4,1352638
35980402,6,1352073
35981613,4,1352073
35982826,8,1352073
35984038,6,1352073
35985251,5,1352073
35986463,6,1352073
35987676,6,1352073
35988888,6,1352073
35990100,6,1352073
35991313,6,1351353
35992525,4,1351353
35993738,8,1351353
35994950,8,1351353
35996163,7,1351353
35997376,8,1351353
35998588,7,1351353
35999800,5,1351353
36001013,4,1351353
36002224,8,1352792
36003437,2,1352792
36004650,4,1352792
36005862,7,1352792
36007075,6,1352792
36008288,6,1352792
36009500,5,1352792
36010712,6,1352792
36011925,7,1352792
36013137,7,1353820
36014350,6,1353820
36015563,9,1353820
36016775,7,1353820
36017987,6,1353820
36019200,9,1353820
36020412,7,1353820
36021626,10,1353820
36022838,8,1353820
36024050,4,1353049
36025263,2,1353049
36026475,8,1353049
36027688,7,1353049
36028901,8,1353049
36030113,7,1353049
36031326,6,1353049
36032537,3,1353049
36033750,10,1353049
36034963,8,1352792
36036175,3,1353666
36037388,4,1353666
36038600,3,1353666
36039812,4,1353666
36041025,4,1353666
36042238,5,1353666
36043450,4,1353666
36044663,4,1353666
36045876,6,1353666
36047087,3,1349041
36048300,3,1349041
36049512,4,1349041
36050725,5,1349041
36051938,8,1349041
36060424,4,1349041
36061638,7,1349041
36062850,6,1349041
36064063,10,1349041
36065275,7,1349041
36066487,7,1349041
36067700,7,1352638
36068913,2,1350068
36070125,6,1350068
36071338,2,1350068
36072550,3,1350068
36073762,6,1350068
36074975,4,1350068
36076188,4,1350068
36077400,4,1350068
36078612,4,1350068
36079825,4,1353769
36081038,3,1353769
36082250,6,1353769
36083462,3,1353769
36084675,4,1353769
36085887,6,1353769
36087101,4,1353769
36088312,5,1353769
36089525,4,1353769
36090738,6,1353742
36091950,4,1346574
36093163,4,1346574
36094375,7,1346574
36095588,4,1346574
36096800,3,1346574
36098013,5,1346574
36099226,6,1346574
36100439,3,1346574
36101651,6,1346589
36102864,5,1350685
36104076,3,1350685
36105288,4,1350685
36106501,6,1350685
36107713,5,1350685
36108926,3,1350685
36110138,0,1350685
36111351,4,1350685
36112563,6,1350685
36113775,6,1350685
36114988,8,1350685
36116201,7,1350685
36117413,5,1350685
36118626,2,1350685
36119838,8,1350685
36121051,11,1350685
36122263,6,1356236
36123475,5,1356236
36124688,4,1356236
36125900,5,1356236
36127113,4,1356236
36128325,6,1356236
36129538,7,1356236
36130751,5,1356236
36131963,6,1356236
36133175,7,1356236
36134388,6,1352227
36135600,3,1352227
36136813,10,1352227
36144088,6,1352227
36145301,10,1352689
36146513,4,1352689
36147725,8,1352689
36148938,6,1352689
36150151,9,1352689
36151363,9,1352689
36152575,7,1352689
36153787,4,1352689
36155001,5,1352689
36156213,7,1349041
36157425,5,1349041
36158638,8,1349041
36159850,9,1349041
36161062,9,1349041
36162275,6,1349041
36163487,7,1349041
36164700,7,1349041
36165912,8,1349041
36167124,8,1353460
36168337,1,1353460
36169549,5,1353460
36170762,9,1353460
36171974,7,1353460
36173186,7,1353460
36174399,7,1353460
36175612,5,1353460
36176824,8,1353460
36178037,7,1350942
36179250,5,1350942
36180461,7,1350942
36181674,9,1350942
36182886,10,1350942
36184099,6,1350942
36185312,7,1350942
36186524,7,1350942
36187737,7,1350942
36188949,4,1351096
36190161,2,1351096
36191373,6,1351096
36192587,8,1351096
36193798,6,1351096
36195012,5,1351096
36196224,6,1351096
36197437,4,1351096
36198649,6,1351096
36199862,8,1351353
36201073,6,1351353
36202286,7,1351353
36203499,9,1351353
36204712,5,1351353
36205924,5,1351353
36207136,4,1351353
36208349,6,1351353
36209562,7,1351353
36210774,7,1354283
36211986,3,1354283
36213199,6,1354283
36214412,5,1354283
36215624,4,1354283
36216836,7,1354283
36218049,6,1354283
36219261,7,1354283
36220474,2,1354283
36227749,6,1354283
36228962,4,1354283
36230174,8,1354283
36231386,7,1354283
36232599,4,1352895
36233811,4,1355156
36235024,5,1355156
36236236,4,1355156
36237450,3,1355156
36238662,5,1355156
36239874,4,1355156
36241086,3,1355156
36242299,5,1355156
36243512,5,1355156
36244724,4,1355156
36245937,6,1355156
36247149,4,1355156
36248361,5,1355156
36249574,2,1355156
36250786,4,1355156
36251999,5,1355156
36253212,3,1355156
36254425,0,1355156
36255636,3,1350994
36256850,5,1350994
36258061,9,1350994
36259275,4,1350994
36260487,5,1350994
36261699,4,1350994
36262912,1,1350994
36264124,3,1350994
36265337,5,1350994
36266549,4,1351353
36267762,5,1351353
36268974,4,1351353
36270187,5,1351353
36271400,6,1351353
36272613,5,1351353
36273825,4,1351353
36275037,5,1351353
36276249,5,1351353
36277463,5,1351338
36278674,5,1347242
36279888,2,1347242
36281099,5,1347242
36282312,3,1347242
36283525,5,1347242
36284737,4,1347242
36285949,4,1347242
36287162,4,1347242
36288375,4,1347207
36289587,3,1351559
36290800,1,1351559
36292013,3,1351559
36293225,5,1351559
36294437,4,1351559
36295650,5,1351559
36296863,6,1351559
36298075,4,1351559
36299287,6,1351559
36300500,5,1351559
36301712,7,1351559
36302924,6,1351559
36304137,7,1351559
36311501,5,1351559
36312625,7,1351559
36313837,6,1351559
36315049,5,1351559
36316262,7,1351559
36317475,6,1351559
36318687,6,1351559
36319899,4,1351559
36321112,3,1350428
36322324,4,1350428
36323537,6,1350428
36324750,9,1350428
36325962,6,1350428
36327175,6,1350428
36328387,4,1350428
36329600,6,1350428
36330811,6,1350428
36332024,3,1354797
36333237,4,1354797
36334449,6,1354797
36335661,7,1354797
36336874,7,1354797
36338087,5,1354797
36339299,5,1354797
36340511,7,1354797
36341723,3,1354797
36342937,5,1351919
36344148,4,1351919
36345361,5,1351919
36346573,6,1351919
36347786,8,1351919
36348999,2,1351919
36350211,7,1351919
36351423,7,1351919
36352635,6,1351919
36353848,7,1351919
36355060,9,1351919
36356273,5,1351919
36357485,10,1351919
36358697,4,1351919
36359910,8,1351919
36361122,6,1351919
36362335,4,1351919
36363547,5,1351919
36364759,9,1351919
36365972,4,1351919
36367184,8,1351919
36368397,6,1351919
36369609,7,1351919
36370822,8,1351919
36372034,7,1351919
36373247,6,1351919
36374459,7,1351919
36375672,8,1351405
36376884,2,1351405
36378097,2,1351405
36379309,4,1351405
36380522,5,1351405
36381734,6,1351405
36382946,7,1351405
36384158,6,1351405
36385371,8,1351405
36386584,4,1350582
36387796,7,1350582
36396283,9,1350582
36397496,9,1350326
36398708,3,1350326
36399921,8,1350326
36401134,4,1350326
36402346,8,1350326
36403559,7,1350326
36404771,5,1350326
36405983,7,1350326
36407196,6,1350326
36408408,7,1351456
36409620,5,1351456
36410833,3,1351456
36412045,4,1351456
36413258,5,1351456
36414471,3,1351456
36415683,2,1351456
36416896,3,1351456
36418108,5,1351456
36419320,6,1351456
36420533,6,1354488
36421745,5,1354488
36422957,2,1354488
36424171,0,1354488
36425383,6,1354488
36426595,3,1354488
36427808,3,1354488
36429020,3,1354488
36430233,4,1354488
36431446,3,1351764
36432657,4,1351764
36433871,4,1351764
36435082,5,1351764
36436295,4,1351764
36437507,3,1351764
36438720,3,1351764
36439932,7,1351764
36441145,3,1351764
36442358,5,1350120
36443570,5,1350120
36444782,4,1350120
36445995,3,1350120
36447207,5,1350120
36448420,2,1350120
36449632,3,1350120
36450845,5,1350120
36452057,8,1350120
36453270,4,1350685
36454482,4,1350685
36455694,5,1350685
36456907,4,1350685
36458119,3,1350685
36459331,5,1350685
36460543,4,1350685
36461756,7,1350685
36462968,4,1350685
36464181,6,1350892
36465393,3,1351148
36466606,4,1351148
36467819,4,1351148
36469031,6,1351148
36470243,4,1351148
36471455,5,1351148
36472668,5,1351148
36481155,9,1351148
36482367,9,1351148
36483580,5,1351148
36484792,4,1348475
36486005,3,1348475
36487217,2,1348475
36488429,7,1348475
36489642,8,1348475
36490854,7,1348475
36492067,6,1348475
36493279,6,1348475
36494491,6,1348475
36495705,6,1352638
36496917,5,1352638
36498130,4,1352638
36499342,6,1352638
36500554,4,1352638
36501767,6,1352638
36502979,8,1352638
36504191,8,1352638
36505404,4,1352638
36506616,7,1352638
36507828,5,1349914
36509041,5,1349914
36510253,8,1349914
36511466,7,1349914
36512678,7,1349914
36513891,9,1349914
36515103,4,1349914
36516316,8,1349914
36517528,10,1349914
36518740,8,1351919
36519953,1,1351919
36521165,4,1351919
36522378,4,1351919
36523591,7,1351919
36524804,6,1351919
36526016,8,1351919
36527228,6,1351919
36528440,6,1351919
36529654,6,1352947
36530866,6,1352947
36532078,6,1352947
36533291,7,1352947
36534503,5,1352947
36535716,5,1352947
36536928,8,1352947
36538140,6,1352947
36539354,9,1352947
36540565,3,1351199
36541778,3,1351199
36542990,2,1351199
36544203,6,1351199
36545415,6,1351199
36546628,8,1351199
36547840,6,1351199
36549052,10,1351199
36550265,5,1351199
36551477,3,1351970
36552690,5,1351970
36553902,6,1351970
36555114,3,1351970
36556327,6,1351970
36557539,4,1351970
36564814,4,1351970
36566027,5,1351970
36567240,8,1351970
36568452,6,1351970
36569665,9,1351970
36570877,5,1351970
36572090,6,1351970
36573302,7,1351045
36574514,4,1351045
36575727,8,1351045
36576939,8,1351045
36578152,4,1351045
36579364,7,1351045
36580577,3,1351045
36581789,7,1351045
36583002,6,1351045
36584215,6,1351096
36585426,4,1351096
36586639,7,1351096
36587851,8,1351096
36589064,10,1351096
36590277,6,1351096
36591489,7,1351096
36592701,9,1351096
36593914,7,1351096
36595126,7,1354077
36596339,3,1351764
36597552,6,1351764
36598764,6,1351764
36599977,5,1351764
36601189,7,1351764
36602401,4,1351764
36603614,3,1351764
36604827,3,1351764
36606038,4,1351764
36607251,4,1349452
36608464,5,1349452
36609676,4,1349452
36610889,4,1349452
36612101,5,1349452
36613313,3,1349452
36614526,4,1349452
36615738,5,1349452
36616951,4,1349452
36618163,3,1349658
36619376,3,1349658
36620588,4,1349658
36621801,2,1349658
36623013,4,1349658
36624226,3,1349658
36625439,3,1349658
36626651,4,1349658
36627864,4,1349658
36629075,4,1351405
36630288,5,1351405
36631500,3,1351405
36632713,3,1351405
36633925,5,1351405
36635139,4,1351405
36636351,7,1351405
36637563,5,1351405
36638776,4,1351405
36639988,4,1352741
36641201,7,1352741
36648501,6,1352741
36649688,7,1352741
36650901,15,1353049
36652113,2,1353049
36653327,4,1353049
36654538,4,1353049
36655751,5,1353049
36656964,3,1353049
36658176,3,1353049
36659389,5,1353049
36660601,5,1353049
36661813,4,1353106
36663026,4,1354642
36664239,3,1354642
36665451,3,1354642
36666663,5,1354642
36667876,5,1354642
36669089,5,1354642
36670301,5,1354642
36671513,5,1354642
36672726,3,1354642
36673938,5,1354642
36675152,5,1354642
36676363,9,1354642
36677576,7,1354642
36678789,6,1354642
36680002,7,1354642
36681214,4,1354642
36682426,7,1349503
36683638,4,1349503
36684851,5,1349503
36686063,11,1349503
36687276,7,1349503
36688488,8,1349503
36689701,4,1349503
36690913,7,1349503
36692126,4,1349503
36693339,6,1349503
36694551,5,1351456
36695763,7,1351456
36696976,8,1351456
36698188,6,1351456
36699402,6,1351456
36700613,8,1351456
36701826,6,1351456
36703039,10,1351456
36704251,8,1351456
36705463,7,1350326
36706676,0,1350326
36707889,4,1350326
36709101,5,1350326
36710314,8,1350326
36711525,6,1350326
36712738,6,1350326
36713950,8,1350326
36715164,7,1350326
36716375,4,1354180
36717588,5,1354180
36718800,4,1354180
36720013,8,1354180
36721225,6,1354180
36722439,4,1354180
36723650,5,1354180
36724863,4,1354180
36732138,8,1354180
36733350,9,1354180
36734563,7,1354180
36735775,4,1354180
36736987,4,1354180
36738201,5,1352381
36739412,3,1352381
36740625,8,1352381
36741838,6,1352381
36743050,9,1352381
36744263,6,1352381
36745475,6,1352381
36746688,6,1352381
36747900,8,1352381
36749112,4,1348784
36750325,3,1348784
36751538,7,1348784
36752750,5,1348784
36753962,9,1348784
36755175,5,1348784
36756387,6,1348784
36757599,7,1348784
36758813,5,1348784
36760025,6,1354180
36761237,4,1354180
36762449,7,1354180
36763662,6,1354180
36764875,7,1354180
36766087,6,1354180
36767300,7,1354180
36768513,7,1354180
36769724,7,1354180
36770937,6,1347602
36772150,5,1347602
36773362,11,1347602
36774575,7,1347602
36775787,10,1347602
36777001,7,1347602
36778213,7,1347602
36779425,7,1347602
36780637,7,1347602
36781850,7,1351045
36783062,8,1349400
36784275,6,1349400
36785488,3,1349400
36786700,5,1349400
36787913,7,1349400
36789125,4,1349400
36790338,5,1349400
36791550,4,1349400
36792763,7,1349400
36793975,1,1352227
36795188,4,1352227
36796400,4,1352227
36797614,6,1352227
36798826,4,1352227
36800038,4,1352227
36801251,2,1352227
36802464,6,1352227
36803676,4,1352227
36804889,4,1347807
36806102,4,1347807
36807314,4,1347807
36808527,4,1347807
36817014,10,1347807
36818227,6,1347807
36819439,8,1347807
36820652,7,1347807
36821864,4,1347807
36823078,6,1347807
36824289,7,1347807
36825503,7,1348424
36826715,3,1348527
36827928,5,1348527
36829141,5,1348527
36830352,4,1348527
36831565,5,1348527
36832777,3,1348527
36833991,4,1348527
36835203,3,1348527
36836415,4,1348527
36837629,5,1348539
36838840,6,1351867
36840053,4,1351867
36841265,5,1351867
36842479,4,1351867
36843690,4,1351867
36844903,4,1351867
36846116,3,1351867
36847328,4,1351867
36848541,5,1351874
36849753,9,1353666
36850966,4,1353666
36852178,3,1353666
36853391,4,1353666
36854603,5,1353666
36855816,3,1353666
36857028,4,1353666
36858242,6,1353666
36859454,3,1353632
36860666,5,1344672
36861879,4,1344672
36863092,4,1344672
36864304,5,1344672
36865517,6,1344672
36866729,4,1344672
36867942,4,1344672
36869154,5,1344672
36870366,4,1344672
36871579,4,1344672
36872791,5,1344672
36874004,6,1344672
36875217,9,1344672
36876429,6,1344672
36877642,8,1344672
36878854,7,1344672
36880067,6,1344672
36881279,8,1352792
36882492,5,1352792
36883704,7,1352792
36884917,5,1352792
36886129,7,1352792
36887343,7,1352792
36888555,7,1352792
36889767,8,1352792
36890980,9,1352792
36892192,5,1349863
36893405,3,1349863
36901893,6,1349863
36903105,5,1353358
36904318,4,1353358
36905531,6,1353358
36906743,3,1353358
36907955,7,1353358
36909168,7,1353358
36910381,7,1353358
36911594,6,1353358
36912806,8,1353358
36914018,6,1350068
36915231,4,1350068
36916444,6,1350068
36917656,6,1350068
36918868,5,1350068
36920081,7,1350068
36921293,8,1350068
36922507,7,1350068
36923719,8,1350068
36924931,10,1352484
36926144,4,1352484
36927356,5,1352484
36928568,5,1352484
36929782,5,1352484
36930993,8,1352484
36932206,5,1352484
36933419,5,1352484
36934631,7,1352484
36935844,7,1351199
36937056,8,1351199
36938269,7,1351199
36939481,8,1351199
36940694,5,1351199
36941906,7,1351199
36943119,5,1351199
36944332,5,1351199
36945544,6,1351199
36946756,9,1349709
36947969,5,1349709
36949182,6,1349709
36950395,6,1349709
36951607,5,1349709
36952819,3,1349709
36954032,6,1349709
36955244,6,1349709
36956456,8,1349709
36957669,8,1352176
36958881,2,1352176
36960095,4,1352176
36961307,7,1352176
36962519,8,1352176
36963732,6,1352176
36964944,8,1352176
36966157,6,1352176
36967369,5,1352176
36968582,8,1351559
36969794,2,1351559
36971007,7,1351559
36972220,6,1351559
36973432,6,1351559
36974644,6,1351559
36975857,8,1351559
36977070,8,1351559
36978282,2,1351559
36985557,10,1351559
36986770,7,1351559
36987981,7,1351559
36989195,9,1351559
36990407,6,1350017
36991619,5,1353820
36992832,4,1353820
36994044,4,1353820
36995256,5,1353820
36996469,3,1353820
36997681,3,1353820
36998894,4,1353820
37000107,4,1353820
37001319,5,1353820
37002531,3,1350737
37003745,3,1350737
37004956,4,1350737
37006169,4,1350737
37007381,3,1350737
37008594,4,1350737
37009807,3,1350737
37011019,4,1350737
37012232,4,1350737
37013444,4,1353152
37014657,2,1353152
37015869,5,1353152
37017081,3,1353152
37018294,4,1353152
37019506,4,1353152
37020719,6,1353152
37021932,3,1353152
37023144,3,1353152
37024356,4,1353152
37025569,3,1353152
37026781,5,1353152
37027993,5,1353152
37029206,4,1353152
37030419,3,1353152
37031631,3,1353152
37032843,5,1353152
37034056,10,1353152
37035268,5,1353039
37036482,5,1350223
37037693,5,1350223
37038907,5,1350223
37040118,5,1350223
37041331,5,1350223
37042543,4,1350223
37043757,8,1350223
37044968,5,1350223
37046182,5,1350372
37047394,4,1349092
37048606,5,1349092
37049819,4,1349092
37051031,6,1349092
37052244,3,1349092
37053456,3,1349092
37054668,5,1349092
37055881,5,1349092
37057093,4,1349092
37058306,2,1349092
37059519,6,1349092
37060731,8,1349092
37061943,4,1349092
37070431,5,1349092
37071644,3,1349092
37072855,5,1349092
37074068,7,1349092
37075281,3,1349092
37076493,5,1349092
37077706,7,1349092
37078918,7,1351250
37080131,3,1351250
37081344,4,1351250
37082556,7,1351250
37083769,8,1351250
37084980,5,1351250
37086194,8,1351250
37087406,8,1351250
37088619,7,1351250
37089831,8,1350428
37091043,4,1350428
37092256,7,1350428
37093468,5,1350428
37094682,6,1350428
37095894,6,1350428
37097107,7,1350428
37098318,6,1350428
37099531,7,1350428
37100743,6,1352792
37101956,4,1352792
37103168,8,1352792
37104381,6,1352792
37105594,8,1352792
37106806,7,1352792
37108019,7,1352792
37109231,4,1352792
37110443,3,1352792
37111656,7,1351045
37112869,6,1351045
37114082,5,1351045
37115294,8,1351045
37116507,5,1351045
37117719,5,1351045
37118931,4,1351045
37120143,5,1351045
37121356,6,1351045
37122569,6,1353512
37123781,2,1353512
37124995,4,1353512
37126207,8,1353512
37127419,7,1353512
37128631,9,1353512
37129844,6,1353512
37131057,9,1353512
37132269,4,1353512
37133481,4,1351508
37134694,3,1351508
37135907,4,1351508
37137119,7,1351508
37138332,6,1351508
37139544,8,1351508
37140757,10,1351508
37141969,6,1351508
37143181,6,1351508
37144395,5,1352998
37145606,5,1352998
37146819,3,1352998
37154094,4,1352998
37155307,7,1349144
37156519,5,1349144
37157731,6,1349144
37158944,6,1349144
37160156,9,1349144
37161369,8,1349144
37162582,7,1349144
37163794,7,1349144
37165007,6,1349144
37166219,4,1352895
37167431,3,1352124
37168644,5,1352124
37169857,5,1352124
37171069,6,1352124
37172281,3,1352124
37173493,3,1352124
37174706,5,1352124
37175918,6,1352124
37177131,4,1352124
37178344,4,1352844
37179556,7,1352844
37180769,5,1352844
37181981,5,1352844
37183193,5,1352844
37184406,0,1352844
37185618,4,1352844
37186830,1,1352844
37188043,5,1352844
37189256,3,1352330
37190468,7,1352330
37191680,6,1352330
37192893,5,1352330
37194106,4,1352330
37195318,5,1352330
37196530,4,1352330
37197743,6,1352330
37198955,5,1352330
37200167,5,1355413
37201379,5,1355413
37202592,5,1355413
37203804,5,1355413
37205017,5,1355413
37206229,4,1355413
37207442,4,1355413
37208654,4,1355413
37209867,4,1355413
37211078,6,1349246
37212292,5,1349246
37213504,4,1349246
37214716,7,1349246
37215928,4,1349246
37217141,5,1349246
37218354,3,1349246
37219567,3,1349246
37220778,4,1349246
37221991,4,1349149
37223204,4,1350685
37224416,2,1350685
37225629,5,1350685
37226841,3,1350685
37228054,7,1350685
37229267,5,1350685
37230479,10,1350685
37238966,4,1350685
37240179,7,1350685
37241392,5,1350685
37242604,9,1350942
37243816,5,1350942
37245029,3,1350942
37246241,7,1350942
37247454,6,1350942
37248667,6,1350942
37249879,5,1350942
37251091,8,1350942
37252304,8,1350942
37253516,7,1350737
37254729,3,1350737
37255941,3,1350737
37257153,7,1350737
37258366,6,1350737
37259579,5,1350737
37260792,8,1350737
37262004,3,1350737
37263216,4,1350737
37264429,6,1350737
37265641,7,1353306
37266854,4,1353306
37268066,11,1353306
37269279,8,1353306
37270491,7,1353306
37271703,6,1353306
37272916,10,1353306
37274128,6,1353306
37275340,8,1353306
37276553,5,1351713
37277766,5,1351713
37278978,7,1351713
37280191,5,1351713
37281403,5,1351713
37282616,5,1351713
37283828,4,1351713
37285040,7,1351713
37286253,7,1351713
37287465,9,1352330
37288679,2,1352330
37289890,5,1352330
37291104,4,1352330
37292316,7,1352330
37293528,5,1352330
37294740,7,1352330
37295953,7,1352330
37297165,9,1352330
37298379,9,1351199
37299590,5,1351199
37300803,6,1351199
37302015,4,1351199
37303228,7,1351199
37304440,7,1351199
37305654,7,1351199
37306865,8,1351199
37308079,5,1351199
37309290,5,1350223
37310503,6,1350223
37311716,8,1350223
37312929,7,1350223
37314141,6,1350223
37315353,8,1350223
37322628,2,1350223
37323841,6,1350223
37325053,10,1350223
37326266,5,1350223
37327478,7,1350223
37328691,6,1350223
37329903,4,1350223
37331116,6,1350480
37332328,4,1350480
37333541,6,1350480
37334753,13,1350480
37335966,8,1350480
37337179,9,1350480
37338391,5,1350480
37339603,4,1350480
37340815,3,1350480
37342028,9,1351867
37343241,5,1351867
37344453,8,1351867
37345666,8,1351867
37346878,7,1351867
37348091,3,1351867
37349302,7,1351867
37350515,7,1351867
37351727,8,1351867
37352940,8,1350326
37354152,3,1352792
37355365,5,1352792
37356577,6,1352792
37357790,2,1352792
37359003,4,1352792
37360215,4,1352792
37361428,4,1352792
37362640,4,1352792
37363853,4,1352792
37365064,7,1348784
37366278,6,1348784
37367490,5,1348784
37368702,3,1348784
37369915,4,1348784
37371127,3,1348784
37372340,3,1348784
37373552,5,1348784
37374765,4,1348784
37375977,5,1348784
37377189,3,1348784
37378402,6,1348784
37379614,4,1348784
37380827,4,1348784
37382039,4,1348784
37383252,3,1348784
37384465,4,1348784
37385677,3,1348784
37386890,5,1352535
37388102,2,1352535
37389315,2,1352535
37390528,4,1352535
37391740,4,1352535
37392952,4,1352535
37394165,5,1352535
37395378,5,1352535
37396589,3,1352535
37397802,2,1351456
37399015,6,1351456
37407502,13,1351456
37408715,4,1351664
37409928,4,1352176
37411140,4,1352176
37412352,4,1352176
37413565,7,1352176
37414777,4,1352176
37415990,5,1352176
37417202,4,1352176
37418416,2,1352176
37419627,4,1352047
37420840,5,1345135
37422052,4,1345135
37423265,5,1345135
37424478,2,1345135
37425690,4,1345135
37426903,3,1345135
37428115,3,1345135
37429327,3,1345135
37430540,3,1345135
37431753,5,1345135
37432965,4,1345135
37434177,4,1345135
37435389,6,1345135
37436603,8,1345135
37437815,6,1345135
37439028,7,1345135
37440240,7,1349966
37441452,5,1349966
37442665,3,1349966
37443877,6,1349966
37445090,3,1349966
37446303,8,1349966
37447515,8,1349966
37448728,6,1349966
37449940,8,1349966
37451152,9,1349966
37452366,9,1351919
37453578,3,1351919
37454790,6,1351919
37456002,7,1351919
37457215,6,1351919
37458428,5,1351919
37459640,4,1351919
37460853,4,1351919
37462065,8,1351919
37463277,4,1350171
37464490,6,1350171
37465703,7,1350171
37466915,5,1350171
37468127,3,1350171
37469340,5,1350171
37470552,6,1350171
37471764,7,1350171
37472978,6,1350171
37474190,9,1348681
37475402,4,1348681
37476615,8,1348681
37477827,8,1348681
37479040,7,1348681
37480252,8,1348681
37481464,9,1348681
37482677,5,1348681
37483889,3,1348681
37491164,10,1348681
37492376,8,1348681
37493589,9,1348681
37494801,6,1348681
37496014,4,1349041
37497226,5,1349041
37498438,5,1349041
37499651,6,1349041
37500864,6,1349041
37502076,8,1349041
37503288,8,1349041
37504502,8,1349041
37505713,5,1349041
37506926,5,1350068
37508139,2,1350068
37509351,7,1350068
37510563,4,1350068
37511775,5,1350068
37512988,5,1350068
37514201,6,1350068
37515413,5,1350068
37516625,5,1350068
37517838,4,1345341
37519050,4,1345341
37520263,6,1345341
37521476,8,1345341
37522688,9,1345341
37523900,7,1345341
37525113,5,1345341
37526325,7,1345341
37527538,6,1345341
37528751,7,1353717
37529963,4,1353717
37531175,7,1353717
37532388,6,1353717
37533600,7,1353717
37534813,7,1353717
37536025,6,1353717
37537238,7,1353717
37538451,4,1353717
37539663,7,1353049
37540875,6,1352638
37542088,3,1352638
37543300,2,1352638
37544513,3,1352638
37545725,3,1352638
37546938,4,1352638
37548151,5,1352638
37549363,6,1352638
37550575,4,1352638
37551787,5,1348064
37553000,5,1348064
37554212,5,1348064
37555425,4,1348064
37556637,1,1348064
37557850,5,1348064
37559063,6,1348064
37560275,6,1348064
37561488,5,1348064
37562700,3,1349914
37563913,4,1349914
37565125,2,1349914
37566337,4,1349914
37567550,4,1349914
37576038,12,1349914
37577251,8,1349914
37578464,4,1349914
37579676,6,1349914
37580888,5,1349914
37582101,4,1349914
37583313,7,1349863
37584526,5,1350120
37585738,3,1350120
37586951,4,1350120
37588163,2,1350120
37589376,4,1350120
37590588,3,1350120
37591800,3,1350120
37593013,6,1350120
37594225,5,1350120
37595437,5,1349930
37596650,4,1354026
37597863,5,1354026
37599075,5,1354026
37600288,4,1354026
37601500,4,1354026
37602712,4,1354026
37603926,4,1354026
37605137,5,1354026
37606349,4,1354124
37607562,5,1352844
37608775,3,1352844
37609987,4,1352844
37611200,1,1352844
37612412,3,1352844
37613625,1,1352844
37614837,3,1352844
37616049,7,1352844
37617262,5,1352844
37618475,4,1352844
37619687,7,1352844
37620899,6,1352844
37622111,5,1352844
37623324,8,1352844
37624537,6,1352844
37625750,4,1352844
37626961,5,1350994
37628174,3,1350994
37629387,4,1350994
37630599,6,1350994
37631811,6,1350994
37633025,7,1350994
37634236,7,1350994
37635450,9,1350994
37636661,4,1350994
37637874,9,1350994
37639087,6,1348887
37640300,4,1348887
37641512,5,1348887
37642724,7,1348887
37643937,7,1348887
37645149,7,1348887
37646362,7,1348887
37647575,5,1348887
37648787,4,1348887
37650000,8,1355619
37651212,6,1355619
37652425,6,1355619
37659701,10,1355619
37660913,9,1351919
37662125,2,1351919
37663338,6,1351919
37664551,6,1351919
37665763,10,1351919
37666975,10,1351919
37668188,5,1351919
37669400,5,1351919
37670613,5,1351919
37671825,8,1351508
37673038,3,1351508
37674251,6,1351508
37675463,7,1351508
37676675,4,1351508
37677888,8,1351508
37679100,6,1351508
37680313,6,1351508
37681526,8,1351508
37682738,5,1350223
37683950,4,1350223
37685163,6,1350223
37686375,9,1350223
37687588,6,1350223
37688800,8,1350223
37690013,8,1350223
37691224,5,1350223
37692438,11,1350223
37693651,10,1353101
37694863,6,1353101
37696075,6,1353101
37697288,8,1353101
37698500,4,1353101
37699713,6,1353101
37700926,9,1353101
37702137,6,1353101
37703350,8,1353101
37704563,8,1350017
37705775,2,1350017
37706988,8,1350017
37708200,8,1350017
37709412,5,1350017
37710624,5,1350017
37711837,7,1350017
37713050,7,1350017
37714263,8,1350017
37715475,7,1351662
37716687,5,1351662
37717899,9,1351662
37719112,7,1351662
37720325,6,1351662
37721537,9,1351662
37722750,6,1351662
37723962,8,1351662
37725175,6,1351662
37726387,7,1348219
37727599,3,1351250
37728812,3,1351250
37730024,4,1351250
37731236,5,1351250
37732450,5,1351250
37733662,3,1351250
37734874,4,1351250
37736087,12,1351250
37743501,5,1351250
37744574,4,1351250
37745786,8,1351250
37746999,9,1351250
37748211,8,1352638
37749424,4,1351096
37750636,5,1351096
37751849,3,1351096
37753061,9,1351096
37754274,3,1351096
37755486,2,1351096
37756699,4,1351096
37757912,4,1351096
37759124,6,1351096
37760336,4,1353152
37761549,5,1353152
37762762,6,1353152
37763974,5,1353152
37765186,4,1353152
37766398,3,1353152
37767611,4,1353152
37768824,3,1353152
37770036,5,1353152
37771249,5,1352021
37772461,6,1352021
37773674,4,1352021
37774887,4,1352021
37776100,4,1352021
37777312,5,1352021
37778524,4,1352021
37779737,5,1352021
37780949,4,1352021
37782162,3,1352055
37783375,3,1347191
37784587,4,1347191
37785799,3,1347191
37787012,4,1347191
37788225,4,1347191
37789436,5,1347191
37790650,3,1347191
37791862,6,1347191
37793074,3,1347221
37794287,6,1355413
37795499,5,1355413
37796711,4,1355413
37797924,5,1355413
37799136,5,1355413
37800349,3,1355413
37801561,8,1355413
37802774,4,1355413
37803987,4,1355413
37805199,5,1355413
37806411,6,1355413
37807624,5,1355413
37808836,7,1355413
37810049,7,1355413
37811261,8,1355413
37812473,3,1355413
37813686,6,1351867
37814898,3,1351867
37816110,4,1351867
37817323,8,1351867
37818535,8,1351867
37819748,7,1350274
37827023,17,1350274
37828236,3,1350274
37829448,4,1350274
37830661,3,1350274
37831873,5,1350274
37833085,4,1350274
37834298,4,1350274
37835510,2,1350274
37836723,3,1350274
37837936,4,1350274
37839148,6,1350274
37840360,10,1350274
37841573,6,1350274
37842786,5,1350274
37843998,4,1350274
37845210,9,1350274
37846423,8,1350274
37847635,8,1351559
37848847,3,1351559
37850060,10,1351559
37851272,6,1351559
37852484,6,1351559
37853698,7,1351559
37854910,8,1351559
37856122,4,1351559
37857334,7,1351559
37858547,8,1352381
37859760,6,1352381
37860971,7,1352381
37862184,5,1352381
37863396,4,1352381
37864609,5,1352381
37865821,6,1352381
37867034,6,1352381
37868246,6,1352381
37869458,6,1353460
37870672,2,1353460
37871883,10,1353460
37873096,6,1353460
37874308,10,1353460
37875521,7,1353460
37876734,8,1353460
37877946,6,1353460
37879159,7,1353460
37880371,7,1350428
37881583,5,1350428
37882795,5,1350428
37884008,5,1350428
37885220,6,1350428
37886432,6,1350428
37887646,7,1350428
37888858,7,1350428
37890070,8,1350428
37891283,4,1354745
37892494,5,1354745
37893707,5,1354745
37894919,4,1354745
37896132,5,1354745
37897344,6,1354745
37898557,7,1354745
37899769,8,1354745
37900982,6,1354745
37902194,4,1349452
37903406,9,1349452
37911893,11,1349452
37913106,5,1351199
37914319,2,1351250
37915530,4,1351250
37916743,3,1351250
37917955,4,1351250
37919168,2,1351250
37920381,5,1351250
37921592,-1,1351250
37922805,4,1351250
37924017,4,1351250
37925229,6,1352844
37926442,3,1352844
37927655,3,1352844
37928867,4,1352844
37930079,5,1352844
37931292,3,1352844
37932504,4,1352844
37933717,3,1352844
37934929,4,1352844
37936141,3,1349092
37937354,4,1349092
37938566,4,1349092
37939779,2,1349092
37940992,3,1349092
37942204,4,1349092
37943416,4,1349092
37944628,4,1349092
37945842,6,1349092
37947053,4,1353717
37948267,5,1353717
37949479,2,1353717
37950691,5,1353717
37951904,5,1353717
37953116,4,1353717
37954328,4,1353717
37955541,3,1353717
37956753,7,1353717
37957966,6,1349246
37959178,2,1349246
37960390,5,1349246
37961603,2,1349246
37962816,2,1349246
37964028,6,1349246
37965240,5,1349246
37966453,4,1349246
37967666,5,1349246
37968878,2,1349258
37970091,5,1352330
37971303,2,1352330
37972516,2,1352330
37973728,7,1352330
37974941,4,1352330
37976154,6,1352330
37977365,7,1352330
37978578,6,1352330
37979791,3,1352427
37981004,3,1350891
37982216,5,1350891
37983428,6,1350891
37984641,3,1350891
37985854,5,1350891
37987066,7,1350891
37988278,4,1350891
37995554,12,1350891
37996766,10,1350891
37997979,4,1350891
37999191,6,1350891
38000404,3,1351919
38001616,5,1351919
38002828,3,1351919
38004041,7,1351919
38005254,5,1351919
38006466,6,1351919
38007679,6,1351919
38008891,5,1351919
38010104,5,1351919
38011316,6,1351919
38012529,5,1352638
38013742,5,1352638
38014954,5,1352638
38016167,9,1352638
38017379,9,1352638
38018592,5,1352638
38019804,6,1352638
38021017,7,1352638
38022229,8,1352638
38023441,8,1351302
38024654,5,1351302
38025866,8,1351302
38027079,4,1351302
38028291,6,1351302
38029503,7,1351302
38030716,7,1351302
38031928,7,1351302
38033141,7,1351302
38034354,5,1353101
38035566,5,1353101
38036779,5,1353101
38037991,6,1353101
38039204,7,1353101
38040416,8,1353101
38041629,5,1353101
38042841,5,1353101
38044054,8,1353101
38045266,6,1352844
38046479,7,1352844
38047691,6,1352844
38048903,7,1352844
38050116,5,1352844
38051328,6,1352844
38052542,8,1352844
38053753,10,1352844
38054966,6,1352844
38056179,9,1353460
38057391,3,1353460
38058604,8,1353460
38059816,8,1353460
38061028,7,1353460
38062241,8,1353460
38063453,8,1353460
38064666,7,1353460
38065879,5,1353460
38067091,6,1351610
38068303,6,1351610
38069516,6,1351610
38070728,6,1351610
38071941,4,1351610
38080428,8,1351610
38081642,7,1351610
38082854,8,1351610
38084066,9,1351610
38085279,6,1351610
38086491,6,1351610
38087704,6,1351610
38088916,6,1348835
38090128,7,1348835
38091342,8,1348835
38092553,4,1348835
38093766,6,1348835
38094978,3,1348835
38096191,3,1348835
38097403,6,1348835
38098616,5,1348835
38099829,4,1353203
38101041,4,1352381
38102253,3,1352381
38103465,5,1352381
38104679,5,1352381
38105891,4,1352381
38107103,3,1352381
38108316,2,1352381
38109528,4,1352381
38110741,2,1352381
38111953,5,1352021
38113166,2,1352021
38114378,4,1352021
38115592,4,1352021
38116803,2,1352021
38118016,5,1352021
38119228,4,1352021
38120441,4,1352021
38121654,4,1352021
38122866,5,1347807
38124079,3,1347807
38125291,4,1347807
38126504,7,1347807
38127716,4,1347807
38128929,3,1347807
38130141,3,1347807
38131354,3,1347807
38132566,3,1347807
38133779,4,1354385
38134991,4,1354385
38136204,2,1354385
38137416,4,1354385
38138629,5,1354385
38139841,4,1354385
38141054,3,1354385
38142267,3,1354385
38143479,3,1354385
38144691,3,1352998
38145904,5,1352998
38147116,2,1352998
38148328,4,1352998
38149541,4,1352998
38150754,6,1352998
38151966,4,1352998
38153178,4,1352998
38154391,2,1352998
38155603,4,1353095
38156816,5,1351559
38165303,9,1351559
38166516,5,1351458
38167728,5,1351970
38168940,5,1351970
38170153,2,1351970
38171365,6,1351970
38172577,2,1351970
38173790,4,1351970
38175003,4,1351970
38176214,5,1351970
38177427,3,1352076
38178640,4,1352844
38179852,2,1352844
38181064,7,1352844
38182277,6,1352844
38183489,3,1352844
38184701,6,1352844
38185914,5,1352844
38187126,3,1352844
38188339,3,1352844
38189551,3,1352844
38190763,7,1352844
38191976,6,1352844
38193189,6,1352844
38194401,8,1352844
38195614,7,1352844
38196826,9,1352844
38198039,8,1352844
38199251,4,1353152
38200464,4,1353152
38201676,7,1353152
38202888,8,1353152
38204101,6,1353152
38205313,7,1353152
38206526,5,1353152
38207738,2,1353152
38208951,5,1353152
38210163,8,1351405
38211375,4,1351405
38212588,6,1351405
38213801,5,1351405
38215013,8,1351405
38216224,8,1351405
38217438,6,1351405
38218651,7,1351405
38219862,9,1351405
38221075,8,1347859
38222287,6,1347859
38223500,9,1347859
38224712,9,1347859
38225925,7,1347859
38227137,7,1347859
38228350,7,1347859
38229563,8,1347859
38230774,5,1347859
38231987,8,1351816
38233199,5,1351816
38234412,7,1351816
38235624,7,1351816
38236837,10,1351816
38238050,6,1351816
38239263,6,1351816
38240475,9,1351816
38241687,8,1351816
38248962,5,1351816
38250175,6,1351816
38251387,4,1351816
38252600,7,1351816
38253812,5,1351610
38255025,4,1351610
38256238,7,1351610
38257450,5,1351610
38258662,8,1351610
38259875,8,1351610
38261087,6,1351610
38262300,6,1351610
38263512,4,1351610
38264726,4,1351250
38265938,3,1351250
38267150,5,1351250
38268363,6,1351250
38269575,4,1351250
38270787,4,1351250
38271999,9,1351250
38273212,5,1351250
38274425,8,1351250
38275638,9,1350326
38276850,5,1350326
38278062,11,1350326
38279275,8,1350326
38280487,6,1350326
38281700,6,1350326
38282912,8,1350326
38284125,6,1350326
38285337,6,1350326
38286550,4,1349041
38287763,6,1349041
38288975,6,1349041
38290188,6,1349041
38291400,5,1349041
38292612,6,1349041
38293826,6,1349041
38295038,5,1349041
38296251,6,1349041
38297463,8,1351713
38298675,2,1351148
38299888,4,1351148
38301100,1,1351148
38302312,5,1351148
38303525,4,1351148
38304738,6,1351148
38305950,3,1351148
38307162,5,1351148
38308375,4,1351148
38309588,3,1349246
38310800,3,1349246
38312013,2,1349246
38313225,5,1349246
38314437,2,1349246
38315650,4,1349246
38316862,5,1349246
38318074,5,1349246
38319287,5,1349246
38320499,2,1350634
38321712,4,1350634
38322924,4,1350634
38324136,5,1350634
38325349,6,1350634
38332624,3,1350634
38333836,7,1350634
38335049,5,1350634
38336261,6,1350634
38337473,6,1350634
38338686,5,1350634
38339898,7,1350634
38341111,4,1350582
38342323,3,1350431
38343535,3,1351199
38344748,6,1351199
38345960,3,1351199
38347174,3,1351199
38348386,5,1351199
38349598,5,1351199
38350810,3,1351199
38352023,3,1351199
38353236,4,1351244
38354448,4,1349452
38355661,2,1349452
38356873,3,1349452
38358086,4,1349452
38359298,5,1349452
38360510,3,1349452
38361722,4,1349452
38362936,4,1349452
38364148,5,1349492
38365360,5,1346420
38366572,4,1346420
38367785,3,1346420
38368998,4,1346420
38370209,4,1346420
38371422,2,1346420
38372634,2,1346420
38373847,4,1346420
38375059,10,1346420
38376272,4,1346420
38377484,5,1346420
38378696,8,1346420
38379908,4,1346420
38381121,5,1346420
38382333,7,1346420
38383546,7,1346420
38384758,10,1346420
38385971,7,1356595
38387183,4,1356595
38388396,4,1356595
38389608,6,1356595
38390820,5,1356595
38392033,6,1356595
38393245,9,1356595
38394458,7,1356595
38395671,6,1356595
38396883,8,1350788
38398096,6,1350788
38399308,5,1350788
38400520,4,1350788
38401734,5,1350788
38402945,6,1350788
38404158,7,1350788
38405370,7,1350788
38406583,6,1350788
38407795,5,1351096
38409008,7,1351096
38417495,6,1351096
38418708,7,1351353
38419920,5,1351353
38421133,9,1351353
38422345,4,1351353
38423557,7,1351353
38424770,6,1351353
38425982,5,1351353
38427195,7,1351353
38428407,6,1351353
38429620,9,1349349
38430833,5,1349349
38432045,5,1349349
38433258,8,1349349
38434470,9,1349349
38435682,7,1349349
38436895,5,1349349
38438107,5,1349349
38439319,6,1349349
38440532,10,1352587
38441744,6,1352587
38442956,4,1352587
38444170,8,1352587
38445382,4,1352587
38446594,9,1352587
38447807,6,1352587
38449019,7,1352587
38450232,6,1352587
38451444,7,1349914
38452657,5,1349914
38453869,5,1349914
38455082,8,1349914
38456293,8,1349914
38457506,9,1349914
38458718,6,1349914
38459931,8,1349914
38461143,6,1349914
38462356,6,1348681
38463568,4,1348681
38464781,4,1348681
38465993,8,1348681
38467205,5,1348681
38468418,5,1348681
38469630,6,1348681
38470842,7,1348681
38472055,9,1348681
38473267,6,1350480
38474479,4,1350480
38475692,6,1350480
38476905,9,1350480
38478116,9,1350480
38479329,6,1350480
38480542,8,1350480
38481753,10,1350480
38482966,8,1350480
38484179,10,1351456
38485391,4,1348630
38486603,4,1348630
38487816,3,1348630
38489028,5,1348630
38490240,4,1348630
38491453,3,1348630
38492666,5,1348630
38493878,6,1348630
38502364,5,1348630
38503577,9,1348630
38504790,6,1348630
38506002,7,1352279
38507214,4,1353717
38508427,3,1353717
38509639,5,1353717
38510852,6,1353717
38512064,8,1353717
38513276,5,1353717
38514489,3,1353717
38515701,3,1353717
38516914,3,1353717
38518127,3,1352124
38519338,5,1352124
38520551,4,1352124
38521763,5,1352124
38522976,4,1352124
38524189,5,1352124
38525401,3,1352124
38526614,2,1352124
38527827,2,1352124
38529038,4,1352124
38530251,3,1352124
38531463,3,1352124
38532676,4,1352124
38533889,8,1352124
38535101,3,1352124
38536313,4,1352124
38537526,3,1352124
38538738,3,1352124
38539952,4,1352018
38541163,5,1350994
38542376,4,1350994
38543588,6,1350994
38544801,3,1350994
38546013,6,1350994
38547226,4,1350994
38548439,5,1350994
38549651,5,1350994
38550864,8,1351151
38552076,4,1351919
38553288,5,1351919
38554500,4,1351919
38555713,7,1351919
38556926,4,1351919
38558139,4,1351919
38559350,3,1351919
38560563,8,1351919
38561776,5,1351919
38562988,3,1351919
38564201,5,1351919
38565413,6,1351919
38566625,6,1351919
38567838,7,1351919
38569050,10,1351919
38570263,8,1351919
38571475,7,1356647
38572687,2,1356647
38573900,4,1356647
38575112,7,1356647
38576325,6,1356647
38577538,8,1356647
38578750,7,1356647
38586025,14,1356647
38587238,9,1356647
38588449,7,1356647
38589662,8,1356647
38590875,6,1356647
38592087,5,1356647
38593300,7,1356647
38594512,7,1348784
38595724,4,1348784
38596937,7,1348784
38598149,7,1348784
38599362,7,1348784
38600575,5,1348784
38601788,7,1348784
38602999,5,1348784
38604212,6,1348784
38605424,4,1348475
38606637,5,1348475
38607850,9,1348475
38609062,8,1348475
38610275,6,1348475
38611487,6,1348475
38612700,7,1348475
38613912,5,1348475
38615124,3,1348475
38616337,4,1348219
38617549,6,1348219
38618762,7,1348219
38619975,7,1348219
38621187,7,1348219
38622400,6,1348219
38623612,5,1348219
38624824,5,1348219
38626037,6,1348219
38627249,5,1353923
38628462,3,1353923
38629675,7,1353923
38630887,7,1353923
38632100,3,1353923
38633312,5,1353923
38634524,7,1353923
38635737,10,1353923
38636949,7,1353923
38638162,4,1352998
38639375,7,1352998
38640587,6,1352998
38641799,6,1352998
38643012,8,1352998
38644224,5,1352998
38645437,4,1352998
38646650,6,1352998
38647861,5,1352998
38649075,5,1349041
38650287,4,1349041
38651499,8,1349041
38652712,5,1349041
38653924,5,1349041
38655136,4,1349041
38656350,8,1349041
38657561,8,1349041
38658774,4,1349041
38659986,4,1351662
38661199,5,1351662
38662411,6,1351662
38669686,5,1351662
38670899,7,1353615
38672111,4,1351353
38673324,1,1351353
38674536,4,1351353
38675749,5,1351353
38676961,5,1351353
38678174,4,1351353
38679386,3,1351353
38680598,5,1351353
38681811,2,1351353
38683023,6,1348887
38684236,3,1348887
38685448,4,1348887
38686661,6,1348887
38687874,6,1348887
38689086,4,1348887
38690299,5,1348887
38691511,4,1348887
38692723,5,1348887
38693936,4,1352124
38695148,4,1352124
38696361,5,1352124
38697573,6,1352124
38698786,4,1352124
38699999,5,1352124
38701211,4,1352124
38702423,3,1352124
38703636,6,1352124
38704848,6,1351405
38706061,9,1351405
38707273,6,1351405
38708486,6,1351405
38709698,4,1351405
38710911,4,1351405
38712123,4,1351405
38713336,4,1351405
38714548,4,1351405
38715761,7,1349246
38716973,4,1349246
38718186,5,1349246
38719398,4,1349246
38720612,5,1349246
38721823,5,1349246
38723036,5,1349246
38724248,5,1349246
38725461,2,1349246
38726674,4,1349355
38727886,4,1350891
38729098,3,1350891
38730311,5,1350891
38731523,7,1350891
38732736,3,1350891
38733949,4,1350891
38735161,4,1350891
38736374,7,1350891
38737585,4,1350794
38738798,3,1352330
38740010,3,1352330
38741225,6,1352330
38742435,3,1352330
38743648,5,1352330
38744860,5,1352330
38746073,3,1352330
38754560,5,1352330
38755772,7,1352330
38756984,7,1352330
38758197,6,1349144
38759409,3,1349144
38760622,4,1349144
38761834,8,1349144
38763047,6,1349144
38764259,6,1349144
38765471,8,1349144
38766684,5,1349144
38767897,6,1349144
38769109,5,1349144
38770321,6,1350840
38771534,3,1350840
38772746,5,1350840
38773959,6,1350840
38775172,5,1350840
38776383,7,1350840
38777596,5,1350840
38778808,6,1350840
38780021,8,1350840
38781233,9,1351199
38782445,4,1351199
38783658,6,1351199
38784869,7,1351199
38786083,6,1351199
38787295,5,1351199
38788507,6,1351199
38789720,1,1351199
38790932,6,1351199
38792144,5,1352073
38793356,6,1352073
38794569,4,1352073
38795781,6,1352073
38796993,4,1352073
38798206,7,1352073
38799419,7,1352073
38800631,4,1352073
38801843,7,1352073
38803055,10,1349966
38804268,4,1349966
38805480,6,1349966
38806693,6,1349966
38807906,7,1349966
38809118,6,1349966
38810331,8,1349966
38811543,7,1349966
38812755,10,1349966
38813968,6,1350685
38815180,5,1350685
38816393,6,1350685
38817605,5,1350685
38818818,8,1350685
38820030,6,1350685
38821242,8,1350685
38822455,7,1350685
38823668,7,1350685
38824880,9,1351508
38826092,3,1351508
38827306,7,1351508
38828517,9,1351508
38829730,7,1351508
38830942,6,1351508
38839429,7,1351508
38840643,6,1351508
38841854,8,1351508
38843067,9,1351508
38844280,6,1351508
38845492,7,1351508
38846704,6,1352947
38847917,3,1352947
38849130,8,1352947
38850342,9,1352947
38851555,6,1352947
38852766,7,1352947
38853979,8,1352947
38855192,4,1352947
38856405,5,1352947
38857616,7,1352279
38858829,4,1354539
38860041,4,1354539
38861254,2,1354539
38862467,3,1354539
38863679,5,1354539
38864892,4,1354539
38866104,5,1354539
38867317,5,1354539
38868529,5,1354539
38869742,3,1346471
38870954,4,1346471
38872166,4,1346471
38873379,6,1346471
38874591,4,1346471
38875804,3,1346471
38877017,5,1346471
38878229,4,1346471
38879442,3,1346471
38880655,3,1347653
38881867,5,1347653
38883080,3,1347653
38884292,5,1347653
38885504,1,1347653
38886717,5,1347653
38887930,7,1347653
38889142,3,1347653
38890355,6,1347653
38891567,6,1353460
38892779,4,1353460
38893993,5,1353460
38895204,4,1353460
38896418,2,1353460
38897629,4,1353460
38898842,6,1353460
38900054,6,1353460
38901267,6,1353460
38902479,6,1354951
38903692,4,1354951
38904904,4,1354951
38906118,3,1354951
38907329,4,1354951
38908542,5,1354951
38909755,7,1354951
38910967,4,1354951
38912179,5,1354951
38913392,2,1354821
38914604,3,1347653
38915816,4,1347653
38924303,8,1347618
38925516,4,1351970
38926728,4,1351970
38927941,3,1351970
38929154,5,1351970
38930366,6,1351970
38931578,4,1351970
38932790,4,1351970
38934003,4,1351970
38935215,4,1351970
38936428,5,1351970
38937640,7,1351970
38938853,6,1351970
38940065,10,1351970
38941278,10,1351970
38942490,9,1351970
38943703,7,1351970
38944915,8,1353820
38946128,5,1353820
38947340,2,1353820
38948552,8,1353820
38949765,7,1353820
38950977,11,1353820
38952190,4,1353820
38953403,8,1353820
38954614,7,1353820
38955827,7,1353820
38957040,7,1353923
38958252,4,1353923
38959464,7,1353923
38960677,8,1353923
38961889,9,1353923
38963102,7,1353923
38964315,8,1353923
38965527,7,1353923
38966739,7,1353923
38967951,4,1351559
38969164,2,1351559
38970376,8,1351559
38971589,7,1351559
38972802,3,1351559
38974014,7,1351559
38975226,8,1351559
38976439,6,1351559
38977651,3,1351559
38978864,7,1352844
38980076,6,1352844
38981289,5,1352844
38982502,5,1352844
38983715,6,1352844
38984927,7,1352844
38986139,4,1352844
38987352,8,1352844
38988564,6,1352844
38989777,5,1353049
38990989,4,1353049
38992201,5,1353049
38993414,9,1353049
38994626,9,1353049
38995839,5,1353049
38997051,3,1353049
38998263,8,1353049
38999476,8,1353049
39000688,7,1353049
39007964,5,1353049
39009175,8,1353049
39010388,9,1353049
39011600,6,1351199
39012813,2,1351199
39014026,8,1351199
39015238,7,1351199
39016450,10,1351199
39017662,6,1351199
39018875,6,1351199
39020088,6,1351199
39021300,6,1351199
39022512,9,1350582
39023725,4,1350582
39024937,5,1350582
39026150,8,1350582
39027362,7,1350582
39028574,7,1350582
39029787,5,1350582
39031000,6,1350582
39032212,6,1350582
39033424,5,1352330
39034637,3,1352330
39035849,5,1352330
39037061,10,1352330
39038274,8,1352330
39039487,6,1352330
39040699,6,1352330
39041911,7,1352330
39043124,7,1352330
39044336,7,1347756
39045548,6,1350788
39046761,6,1350788
39047973,4,1350788
39049186,4,1350788
39050398,3,1350788
39051610,5,1350788
39052823,4,1350788
39054035,3,1350788
39055248,4,1350788
39056460,2,1353460
39057673,5,1353460
39058885,4,1353460
39060097,5,1353460
39061311,3,1353460
39062522,1,1353460
39063736,3,1353460
39064947,0,1353460
39066160,4,1353460
39067372,6,1353460
39068585,3,1353460
39069797,1,1353460
39071010,4,1353460
39072224,6,1353460
39073435,3,1353460
39074647,5,1353460
39075860,5,1353460
39077072,5,1353460
39078284,5,1352895
39079497,3,1352895
39080710,5,1352895
39081923,4,1352895
39083134,4,1352895
39084347,5,1352895
39091621,3,1352895
39092834,3,1352895
39094047,7,1352895
39095258,7,1352895
39096471,7,1352895
39097684,8,1352895
39098896,4,1349760
39100109,4,1349869
39101321,5,1351405
39102533,6,1351405
39103746,3,1351405
39104958,2,1351405
39106170,4,1351405
39107383,2,1351405
39108595,0,1351405
39109807,4,1351405
39111020,5,1351187
39112232,5,1347859
39113444,3,1347859
39114657,5,1347859
39115869,4,1347859
39117081,3,1347859
39118293,4,1347859
39119506,3,1347859
39120718,3,1347859
39121930,3,1347859
39123143,5,1347859
39124355,5,1347859
39125568,6,1347859
39126780,5,1347859
39127992,4,1347859
39129205,6,1347859
39130417,8,1347859
39131630,6,1353358
39132842,4,1353358
39134054,7,1353358
39135267,6,1353358
39136479,8,1353358
39137691,8,1353358
39138903,9,1353358
39140116,2,1353358
39141328,6,1353358
39142541,8,1353358
39143754,6,1354129
39144966,5,1354129
39146179,5,1354129
39147391,5,1354129
39148603,3,1354129
39149815,8,1354129
39151028,6,1354129
39152240,5,1354129
39153452,7,1354129
39154666,5,1351405
39155878,5,1351405
39157090,4,1351405
39158302,6,1351405
39159515,7,1351405
39160727,8,1351405
39161939,6,1351405
39163152,6,1351405
39164364,5,1351405
39165577,7,1352535
39166789,0,1352535
39168002,8,1352535
39176488,6,1353666
39177701,3,1353666
39178914,6,1353666
39180126,9,1353666
39181338,3,1353666
39182551,4,1353666
39183763,8,1353666
39184975,9,1353666
39186188,7,1353666
39187400,5,1348835
39188613,4,1348835
39189825,9,1348835
39191038,5,1348835
39192251,10,1348835
39193463,6,1348835
39194675,7,1348835
39195887,8,1348835
39197100,6,1348835
39198312,3,1351096
39199525,5,1351096
39200737,4,1351096
39201949,6,1351096
39203162,7,1351096
39204374,8,1351096
39205587,7,1351096
39206799,3,1351096
39208012,5,1351096
39209225,10,1351867
39210437,3,1351867
39211650,7,1351867
39212862,5,1351867
39214075,5,1351867
39215287,9,1351867
39216499,8,1351867
39217712,4,1351867
39218925,5,1351867
39220137,5,1352535
39221350,3,1352535
39222563,6,1352535
39223774,5,1352535
39224987,6,1352535
39226199,9,1352535
39227412,7,1352535
39228624,6,1352535
39229837,7,1352535
39231049,7,1350017
39232261,8,1349452
39233475,0,1349452
39234686,4,1349452
39235899,3,1349452
39237111,4,1349452
39238324,5,1349452
39239536,3,1349452
39240749,6,1349452
39241962,3,1349452
39243174,4,1355105
39244386,4,1355105
39245598,5,1355105
39246811,5,1355105
39248023,4,1355105
39249236,4,1355105
39250448,5,1355105
39251661,4,1355105
39252873,5,1355105
39261360,5,1355105
39262572,5,1355105
39263784,5,1350891
39264997,5,1354077
39266209,5,1354077
39267421,3,1354077
39268634,1,1354077
39269847,3,1354077
39271059,10,1354077
39272272,4,1354077
39273484,7,1354077
39274696,4,1354077
39275909,5,1351199
39277121,3,1351199
39278334,5,1351199
39279546,6,1351199
39280759,7,1351199
39281971,4,1351199
39283183,5,1351199
39284396,1,1351199
39285608,5,1351199
39286821,3,1351301
39288033,4,1351045
39289246,4,1351045
39290458,4,1351045
39291671,4,1351045
39292883,5,1351045
39294095,4,1351045
39295308,5,1351045
39296521,5,1351045
39297733,3,1351141
39298945,4,1349349
39300157,4,1349349
39301370,5,1349349
39302582,4,1349349
39303795,3,1349349
39305007,3,1349349
39306219,5,1349349
39307432,5,1349349
39308644,4,1349349
39309857,5,1349349
39311069,8,1349349
39312281,10,1349349
39313494,6,1349349
39314707,6,1349349
39315919,9,1349349
39317131,9,1349349
39318344,7,1347602
39319556,7,1347602
39320769,3,1347602
39321981,6,1347602
39323194,7,1347602
39324406,7,1347602
39325619,6,1347602
39326831,6,1347602
39328044,6,1347602
39329256,5,1347602
39330468,6,1349246
39331681,6,1349246
39332893,9,1349246
39334106,4,1349246
39335318,9,1349246
39336531,9,1349246
39337743,3,1349246
39345018,13,1349246
39346231,5,1349246
39347443,6,1349246
39348655,6,1349246
39349868,5,1349246
39351081,4,1349246
39352293,7,1348835
39353505,6,1348835
39354718,9,1348835
39355930,7,1348835
39357143,6,1348835
39358355,9,1348835
39359568,6,1348835
39360780,2,1348835
39361993,5,1348835
39363205,5,1352587
39364418,5,1352587
39365630,7,1352587
39366843,9,1352587
39368055,10,1352587
39369268,6,1352587
39370480,7,1352587
39371694,6,1352587
39372906,9,1352587
39374118,5,1353871
39375330,4,1353871
39376543,4,1353871
39377755,8,1353871
39378968,7,1353871
39380180,7,1353871
39381393,7,1353871
39382606,8,1353871
39383817,4,1353871
39385031,4,1350120
39386243,4,1350120
39387455,5,1350120
39388668,9,1350120
39389880,5,1350120
39391093,3,1350120
39392305,7,1350120
39393518,5,1350120
39394731,6,1350120
39395943,5,1352433
39397155,5,1352433
39398368,9,1352433
39399580,4,1352433
39400794,6,1352433
39402006,6,1352433
39403219,4,1352433
39404431,7,1352433
39405643,5,1352433
39406856,5,1349812
39408068,3,1349812
39409280,8,1349812
39410493,11,1349812
39411706,5,1349812
39412918,7,1349812
39414131,7,1349812
39415342,5,1349812
39416555,6,1349812
39417767,5,1351045
39418980,4,1350737
39420192,3,1350737
39421404,6,1350737
39429894,11,1350737
39431103,5,1350737
39432316,4,1350737
39433528,5,1350737
39434741,7,1350737
39435953,7,1350737
39437165,7,1350737
39438377,9,1350737
39439589,7,1352381
39440802,4,1352381
39442014,4,1352381
39443227,6,1352381
39444439,4,1352381
39445652,5,1352381
39446864,6,1352381
39448076,3,1352381
39449288,5,1352381
39450502,6,1352381
39451713,4,1350840
39452926,3,1350840
39454139,5,1350840
39455351,3,1350840
39456563,7,1350840
39457776,3,1350840
39458987,3,1350840
39460200,4,1350840
39461412,7,1350840
39462625,5,1352227
39463837,3,1352227
39465049,3,1352227
39466263,4,1352227
39467475,4,1352227
39468687,3,1352227
39469899,3,1352227
39471111,0,1352227
39472324,3,1352227
39473536,2,1352428
39474749,5,1351148
39475961,5,1351148
39477174,4,1351148
39478386,2,1351148
39479598,1,1351148
39480811,3,1351148
39482023,2,1351148
39483236,3,1351148
39484448,4,1350975
39485661,3,1346111
39486873,5,1346111
39488085,4,1346111
39489297,5,1346111
39490510,4,1346111
39491722,5,1346111
39492935,4,1346111
39494146,5,1346111
39495359,7,1346111
39496571,6,1346111
39497783,6,1346111
39498997,6,1346111
39500209,9,1346111
39501422,5,1346111
39502633,6,1346111
39503846,7,1346111
39505058,8,1354488
39506270,4,1354488
39513545,8,1354488
39514757,12,1354488
39515969,5,1354488
39517182,7,1349503
39518394,3,1349503
39519607,9,1349503
39520818,4,1349503
39522031,8,1349503
39523243,5,1349503
39524456,8,1349503
39525668,7,1349503
39526881,6,1349503
39528093,6,1347961
39529306,5,1347961
39530517,9,1347961
39531730,7,1347961
39532942,6,1347961
39534155,3,1347961
39535367,11,1347961
39536579,6,1347961
39537792,6,1347961
39539005,8,1349966
39540217,4,1349966
39541429,6,1349966
39542642,4,1349966
39543854,5,1349966
39545067,8,1349966
39546279,4,1349966
39547492,8,1349966
39548704,7,1349966
39549916,4,1352073
39551129,2,1352073
39552341,7,1352073
39553553,8,1352073
39554766,8,1352073
39555979,7,1352073
39557191,7,1352073
39558404,5,1352073
39559616,7,1352073
39560828,8,1351867
39562041,6,1351867
39563253,6,1351867
39564466,8,1351867
39565679,6,1351867
39566891,8,1351867
39568104,6,1351867
39569316,6,1351867
39570528,7,1351867
39571741,6,1350840
39572953,4,1350840
39574166,7,1350840
39575378,8,1350840
39576591,6,1350840
39577803,4,1350840
39579016,6,1350840
39580228,8,1350840
39581440,6,1350840
39582654,5,1352741
39583866,4,1352741
39585078,5,1352741
39586291,7,1352741
39587503,8,1352741
39588716,6,1352741
39589928,7,1352741
39598415,5,1352741
39599627,6,1352741
39600839,7,1352741
39602052,2,1352741
39603264,6,1352741
39604478,8,1353101
39605689,3,1347293
39606902,3,1347293
39608114,5,1347293
39609327,4,1347293
39610539,4,1347293
39611752,7,1347293
39612964,6,1347293
39614176,3,1347293
39615389,4,1347293
39616601,5,1347242
39617813,3,1347242
39619026,5,1347242
39620238,4,1347242
39621451,4,1347242
39622663,5,1347242
39623876,2,1347242
39625088,4,1347242
39626300,6,1347242
39627513,4,1347242
39628725,4,1347242
39629937,5,1347242
39631149,6,1347242
39632363,7,1347242
39633575,4,1347242
39634787,3,1347242
39635999,3,1347242
39637212,4,1347242
39638424,3,1349092
39639637,5,1349092
39640849,9,1349092
39642061,8,1349092
39643274,5,1349092
39644487,5,1349092
39645698,4,1349092
39646911,4,1349092
39648123,5,1349092
39649336,5,1353306
39650548,5,1353306
39651761,6,1353306
39652973,6,1353306
39654186,4,1353306
39655399,4,1353306
39656610,3,1353306
39657823,3,1353306
39659035,4,1353306
39660248,5,1353341
39661460,4,1348989
39662672,6,1348989
39663885,5,1348989
39665097,5,1348989
39666309,3,1348989
39667522,4,1348989
39668735,4,1348989
39669947,3,1348989
39671160,3,1348945
39672372,3,1350737
39673584,4,1350737
39674797,6,1350738
39683283,1,1350994
39684495,6,1350994
39685708,3,1350994
39686920,3,1350994
39688133,5,1350994
39689345,3,1350994
39690558,10,1350994
39691770,5,1350994
39692982,2,1350994
39694195,4,1350994
39695407,5,1350994
39696620,4,1350994
39697833,6,1350994
39699045,10,1350994
39700257,5,1350994
39701469,7,1350994
39702681,5,1350994
39703894,8,1349658
39705107,4,1349658
39706319,10,1349658
39707531,5,1349658
39708743,6,1349658
39709957,8,1349658
39711168,4,1349658
39712381,6,1349658
39713593,7,1349658
39714806,6,1352176
39716018,3,1352176
39717230,3,1352176
39718443,5,1352176
39719655,8,1352176
39720868,5,1352176
39722080,6,1352176
39723292,7,1352176
39724505,3,1352176
39725717,7,1350582
39726930,3,1350582
39728142,4,1350582
39729354,10,1350582
39730567,5,1350582
39731779,5,1350582
39732991,5,1350582
39734204,9,1350582
39735416,6,1350582
39736629,4,1351302
39737841,3,1351302
39739054,7,1351302
39740266,9,1351302
39741479,5,1351302
39742691,5,1351302
39743903,5,1351302
39745116,5,1351302
39746328,8,1351302
39747540,5,1348578
39748752,7,1348578
39749965,4,1348578
39751177,6,1348578
39752390,7,1348578
39753603,7,1348578
39754814,7,1348578
39756027,6,1348578
39757239,8,1348578
39758451,9,1351045
39759664,3,1351045
39768150,7,1351045
39769363,7,1349812
39770575,4,1349812
39771787,6,1349812
39773000,8,1349812
39774212,9,1349812
39775425,7,1349812
39776638,6,1349812
39777850,7,1349812
39779062,8,1349812
39780274,6,1353974
39781486,3,1353974
39782699,9,1353974
39783911,7,1353974
39785123,9,1353974
39786336,8,1353974
39787548,7,1353974
39788760,9,1353974
39789973,7,1353974
39791186,6,1350377
39792398,4,1349144
39793610,6,1349144
39794822,3,1349144
39796035,4,1349144
39797247,2,1349144
39798460,4,1349144
39799672,5,1349144
39800885,5,1349144
39802097,0,1349144
39803310,3,1353717
39804522,6,1353717
39805735,5,1353717
39806947,3,1353717
39808159,3,1353717
39809371,4,1353717
39810584,5,1353717
39811796,3,1353717
39813009,6,1353717
39814221,5,1353717
39815433,4,1353717
39816646,3,1353717
39817859,5,1353717
39819070,4,1353717
39820283,5,1353717
39821495,5,1353717
39822708,4,1353717
39823920,4,1353717
39825132,4,1347961
39826345,6,1347961
39827557,10,1347961
39828770,5,1347961
39829982,5,1347961
39831194,3,1347961
39832407,2,1347961
39833619,4,1347961
39834832,3,1347961
39836044,4,1346882
39837256,4,1346882
39838468,5,1346882
39839681,3,1346882
39840893,3,1346882
39842106,5,1346882
39843318,3,1346882
39844530,4,1346882
39853017,13,1346882
39854228,7,1346882
39855441,7,1346882
39856654,8,1353769
39857866,4,1353899
39859078,4,1347499
39860290,5,1347499
39861503,3,1347499
39862715,5,1347499
39863927,3,1347499
39865140,2,1347499
39866352,4,1347499
39867564,6,1347499
39868777,4,1347499
39869989,4,1347499
39871201,6,1347499
39872414,2,1347499
39873627,5,1347499
39874839,6,1347499
39876051,9,1347499
39877264,10,1347499
39878476,9,1351353
39879688,4,1351353
39880900,4,1351353
39882113,5,1351353
39883325,6,1351353
39884538,5,1351353
39885750,7,1351353
39886962,5,1351353
39888175,7,1351353
39889387,7,1351353
39890600,5,1351148
39891811,4,1351148
39893025,7,1351148
39894236,4,1351148
39895449,5,1351148
39896661,6,1351148
39897874,6,1351148
39899086,7,1351148
39900299,4,1351148
39901510,7,1348424
39902723,5,1348424
39903935,4,1348424
39905148,7,1348424
39906360,10,1348424
39907572,6,1348424
39908786,4,1348424
39909998,6,1348424
39911210,6,1348424
39912423,7,1348116
39913636,4,1348116
39914847,7,1348116
39916060,10,1348116
39917272,6,1348116
39918485,5,1348116
39919698,8,1348116
39920910,7,1348116
39922123,6,1348116
39923335,7,1350223
39924547,6,1350223
39925760,11,1350223
39926972,5,1350223
39928185,6,1350223
39929397,9,1350223
39936672,5,1350223
39937886,9,1350223
39939098,9,1350223
39940311,5,1350223
39941523,8,1350223
39942735,7,1350223
39943947,8,1350223
39945160,9,1350685
39946372,5,1350685
39947585,5,1350685
39948797,6,1350685
39950010,8,1350685
39951224,6,1350685
39952435,6,1350685
39953647,8,1350685
39954860,7,1350685
39956073,9,1350994
39957284,6,1350994
39958497,5,1350994
39959710,4,1350994
39960922,5,1350994
39962135,6,1350994
39963347,6,1350994
39964559,7,1350994
39965772,6,1350994
39966984,7,1351199
39968197,6,1351199
39969410,6,1351199
39970621,8,1351199
39971834,6,1351199
39973047,5,1351199
39974259,7,1351199
39975472,3,1351199
39976684,6,1351199
39977897,8,1351867
39979109,4,1346934
39980321,4,1346934
39981534,5,1346934
39982746,5,1346934
39983959,2,1346934
39985171,6,1346934
39986384,3,1346934
39987596,3,1346934
39988809,3,1346934
39990021,4,1353306
39991234,5,1353306
39992446,4,1353306
39993659,3,1353306
39994871,4,1353306
39996084,4,1353306
39997296,3,1353306
39998508,4,1353306
39999721,4,1353306
40000933,3,1351970
40002146,3,1351970
40003359,5,1351970
40004571,5,1351970
40005783,4,1351970
40006996,3,1351970
40008208,1,1351970
40009421,3,1351970
40010633,3,1351970
40011846,5,1350480
40013058,3,1350480
40021545,5,1350480
40022759,9,1348681
40023970,5,1348681
40025183,3,1348681
40026395,4,1348681
40027608,4,1348681
40028820,5,1348681
40030033,4,1348681
40031245,3,1348681
40032458,4,1348681
40033671,5,1348628
40034883,6,1348116
40036095,3,1348116
40037308,3,1348116
40038521,3,1348116
40039733,5,1348116
40040945,4,1348116
40042158,4,1348116
40043371,7,1348116
40044583,5,1348221
40045796,2,1348989
40047008,4,1348989
40048220,5,1348989
40049432,6,1348989
40050645,6,1348989
40051858,5,1348989
40053070,6,1348989
40054283,4,1348989
40055496,4,1348989
40056707,4,1348989
40057921,6,1348989
40059133,4,1348989
40060345,10,1348989
40061558,5,1348989
40062770,6,1348989
40063983,8,1348989
40065195,8,1349041
40066408,3,1349041
40067620,5,1349041
40068832,5,1349041
40070045,7,1349041
40071257,9,1349041
40072469,8,1349041
40073683,6,1349041
40074895,5,1349041
40076108,7,1349041
40077320,8,1347191
40078533,5,1347191
40079746,7,1347191
40080958,7,1347191
40082170,6,1347191
40083383,7,1347191
40084595,7,1347191
40085807,7,1347191
40087020,5,1347191
40088232,7,1350171
40089445,5,1350171
40090657,8,1350171
40091870,6,1350171
40093082,5,1350171
40094295,6,1350171
40095507,4,1350171
40096720,5,1350171
40097932,6,1350171
40106420,3,1350171
40107632,7,1350171
40108845,7,1350171
40110057,9,1347139
40111270,4,1347139
40112482,2,1347139
40113695,9,1347139
40114907,8,1347139
40116119,5,1347139
40117332,3,1347139
40118544,8,1347139
40119756,9,1347139
40120969,6,1354077
40122182,4,1354077
40123393,5,1354077
40124606,7,1354077
40125818,4,1354077
40127031,6,1354077
40128243,10,1354077
40129455,8,1354077
40130668,8,1354077
40131880,6,1352535
40133093,4,1352535
40134305,8,1352535
40135518,8,1352535
40136731,8,1352535
40137943,5,1352535
40139156,6,1352535
40140368,8,1352535
40141580,5,1352535
40142792,5,1348630
40144006,2,1348630
40145218,5,1348630
40146430,7,1348630
40147643,9,1348630
40148855,6,1348630
40150067,10,1348630
40151280,8,1348630
40152492,6,1348630
40153705,6,1349298
40154918,6,1349298
40156129,4,1349298
40157342,7,1349298
40158555,5,1349298
40159767,2,1349298
40160979,6,1349298
40162192,8,1349298
40163405,6,1349298
40164617,4,1350891
40165829,3,1348887
40167042,4,1348887
40168255,3,1348887
40169467,3,1348887
40170679,6,1348887
40171892,4,1348887
40173104,5,1348887
40174317,5,1348887
40175529,5,1348887
40176742,3,1348938
40177954,3,1348938
40179166,4,1348938
40180379,4,1348938
40181591,3,1348938
40182804,6,1348938
40191291,8,1348938
40192504,6,1348938
40193716,6,1348938
40194928,7,1348938
40196141,5,1348938
40197353,6,1347859
40198566,5,1350634
40199778,4,1350634
40200991,4,1350634
40202203,4,1350634
40203416,3,1350634
40204628,3,1350634
40205840,4,1350634
40207053,7,1350634
40208265,4,1350634
40209478,5,1349812
40210690,3,1349812
40211903,4,1349812
40213116,1,1349812
40214328,6,1349812
40215540,6,1349812
40216753,7,1349812
40217965,4,1349812
40219178,2,1349812
40220390,3,1349643
40221602,5,1345803
40222815,3,1345803
40224027,4,1345803
40225240,1,1345803
40226452,5,1345803
40227665,6,1345803
40228877,7,1345803
40230089,4,1345803
40231302,3,1345877
40232514,3,1352021
40233727,4,1352021
40234939,5,1352021
40236152,6,1352021
40237364,6,1352021
40238576,3,1352021
40239789,3,1352021
40241002,3,1352021
40242214,4,1352021
40243427,3,1352021
40244639,6,1352021
40245851,4,1352021
40247064,10,1352021
40248276,11,1352021
40249489,7,1352021
40250701,7,1352021
40251914,9,1350840
40253127,5,1350840
40254338,3,1350840
40255551,5,1350840
40256763,9,1350840
40257976,7,1350840
40259189,5,1350840
40260400,3,1350840
40261613,4,1350840
40262826,7,1350840
40264038,8,1342925
40265250,5,1342925
40266463,6,1342925
40267675,5,1330129
40274950,1,1330129
40276163,6,1330129
40277375,7,1330129
40278588,5,1330129
40279801,7,1330129
40281013,7,1330129
40282224,7,1330129
40283438,6,1330129
40284651,10,1330129
40285862,8,1330129
40287075,4,1330129
40288288,8,1330129
40289500,6,1330129
40290712,3,1330129
40291924,7,1330129
40293137,8,1330129
40294349,9,1330129
40295563,4,1330129
40296774,6,1331157
40297987,4,1331157
40299200,6,1331157
40300412,9,1331157
40301625,7,1331157
40302837,6,1331157
40304049,6,1331157
40305261,7,1331157
40306475,8,1331157
40307687,8,1345135
40308900,5,1345135
40310111,4,1345135
40311324,5,1345135
40312537,6,1345135
40313750,8,1345135
40314961,7,1345135
40316174,6,1345135
40317386,6,1345135
40318599,6,1351816
40319812,5,1351816
40321024,6,1351816
40322236,5,1351816
40323449,5,1351816
40324661,6,1351816
40325874,6,1351816
40327087,6,1351816
40328299,9,1351816
40329512,9,1349606
40330724,6,1349606
40331937,8,1349606
40333149,6,1349606
40334361,8,1349606
40335575,4,1349606
40336786,6,1349606
40337999,9,1349606
40339211,7,1349606
40340424,5,1352484
40341637,5,1352484
40342849,8,1352484
40344062,13,1352484
40345274,6,1352484
40346487,6,1352484
40347699,2,1352484
40348912,4,1352484
40350125,5,1352484
40351337,5,1352484
40358612,5,1352484
40359825,4,1352484
40361037,7,1352484
40362250,8,1350120
40363463,3,1348219
40364675,6,1348219
40365887,5,1348219
40367100,5,1348219
40368313,4,1348219
40369525,5,1348219
40370737,6,1348219
40371950,5,1348219
40373162,5,1348219
40374375,5,1351096
40375587,4,1351096
40376800,4,1351096
40378013,4,1351096
40379225,5,1351096
40380437,6,1351096
40381650,6,1351096
40382863,6,1351096
40384075,3,1351096
40385288,4,1345598
40386500,3,1345598
40387713,2,1345598
40388926,5,1345598
40390138,4,1345598
40391351,4,1345598
40392563,4,1345598
40393775,6,1345598
40394988,4,1345598
40396201,5,1346985
40397414,3,1346985
40398625,4,1346985
40399838,1,1346985
40401051,5,1346985
40402264,4,1346985
40403476,4,1346985
40404689,4,1346985
40405902,3,1346985
40407114,5,1346849
40408326,5,1351713
40409538,6,1351713
40410751,6,1351713
40411964,3,1351713
40413176,4,1351713
40414389,2,1351713
40415601,5,1351713
40416814,3,1351713
40418026,4,1351757
40419239,4,1349709
40420452,5,1349709
40421664,4,1349709
40422877,5,1349709
40424089,4,1349709
40425301,4,1349709
40426514,4,1349709
40427726,5,1349709
40428939,4,1349859
40430152,4,1348835
40431364,7,1348835
40432576,3,1348835
40433789,4,1348835
40435001,9,1348835
40443488,7,1348835
40444701,7,1348835
40445914,10,1348835
40447125,7,1348835
40448338,7,1348835
40449551,6,1348835
40450763,8,1351405
40451975,3,1351405
40453188,6,1351405
40454400,3,1351405
40455613,4,1351405
40456825,6,1351405
40458038,8,1351405
40459251,4,1351405
40460463,6,1351405
40461675,5,1351867
40462888,4,1351867
40464100,6,1351867
40465312,8,1351867
40466525,9,1351867
40467737,9,1351867
40468950,6,1351867
40470162,6,1351867
40471375,9,1351867
40472587,9,1350685
40473799,5,1350685
40475012,8,1350685
40476224,6,1350685
40477436,6,1350685
40478649,3,1350685
40479862,7,1350685
40481074,9,1350685
40482287,7,1350685
40483499,6,1353306
40484711,4,1353306
40485924,6,1353306
40487136,7,1353306
40488349,7,1353306
40489561,5,1353306
40490774,6,1353306
40491986,8,1353306
40493199,6,1353306
40494411,8,1352176
40495624,5,1352176
40496836,6,1352176
40498048,7,1352176
40499261,6,1352176
40500473,9,1352176
40501687,5,1352176
40502899,8,1352176
40504111,4,1352176
40505324,10,1349452
40506536,8,1349452
40507748,10,1349452
40508961,7,1349452
40510174,7,1349452
40511386,6,1349452
40512599,6,1349452
40513811,7,1349452
40515024,7,1349452
40516236,5,1351508
40517448,3,1351508
40518661,5,1351508
40519873,4,1351508
40527148,10,1351559
40528361,6,1351559
40529574,7,1351559
40530786,7,1351559
40531998,6,1351559
40533210,7,1351559
40534423,6,1351559
40535635,10,1351559
40536848,4,1351559
40538061,9,1351610
40539272,5,1351610
40540486,6,1351610
40541697,6,1351610
40542911,7,1351610
40544123,7,1351610
40545335,6,1351610
40546548,3,1351610
40547760,9,1351610
40548972,9,1349144
40550185,3,1352895
40551397,3,1352895
40552610,4,1352895
40553822,5,1352895
40555035,5,1352895
40556247,5,1352895
40557460,2,1352895
40558672,7,1352895
40559885,6,1352895
40561097,3,1352587
40562309,4,1352587
40563522,5,1352587
40564735,4,1352587
40565947,4,1352587
40567160,2,1352587
40568372,3,1352587
40569584,4,1352587
40570796,3,1352587
40572009,5,1343285
40573221,5,1343285
40574434,5,1343285
40575646,4,1343285
40576859,4,1343285
40578071,6,1343285
40579284,4,1343285
40580496,5,1343285
40581708,5,1343285
40582921,4,1348681
40584133,3,1348681
40585346,5,1348681
40586558,8,1348681
40587771,3,1348681
40588983,5,1348681
40590195,6,1348681
40591408,4,1348681
40592620,4,1348681
40593833,2,1348802
40595045,5,1353666
40596257,5,1353666
40597470,6,1353666
40598682,5,1353666
40599896,3,1353666
40601107,2,1353666
40602320,5,1353666
40603532,5,1353666
40612020,14,1353666
40613232,6,1353666
40614444,5,1348732
40615657,3,1348785
40616869,6,1349041
40618081,5,1349041
40619294,3,1349041
40620506,4,1349041
40621719,4,1349041
40622932,0,1349041
40624144,6,1349041
40625356,4,1349041
40626569,5,1349041
40627781,3,1349041
40628994,5,1349041
40630206,7,1349041
40631419,6,1349041
40632630,5,1349041
40633843,7,1349041
40635056,10,1349041
40636268,5,1349041
40637481,8,1350531
40638693,3,1350531
40639906,6,1350531
40641118,6,1350531
40642330,6,1350531
40643543,7,1350531
40644755,8,1350531
40645968,7,1350531
40647180,7,1350531
40648393,7,1351919
40649605,5,1351919
40650818,6,1351919
40652030,8,1351919
40653243,6,1351919
40654455,7,1351919
40655668,8,1351919
40656881,4,1351919
40658093,7,1351919
40659306,9,1352124
40660518,5,1352124
40661730,8,1352124
40662942,7,1352124
40664155,6,1352124
40665367,8,1352124
40666580,8,1352124
40667793,6,1352124
40669006,11,1352124
40670218,5,1350171
40671430,2,1350171
40672642,10,1350171
40673855,8,1350171
40675068,7,1350171
40676280,6,1350171
40677492,7,1350171
40678705,4,1350171
40679918,6,1350171
40681130,7,1354283
40682342,4,1354283
40683555,5,1354283
40684767,6,1354283
40685980,5,1354283
40687192,5,1354283
40688405,6,1354283
40695680,5,1354283
40696893,8,1354283
40698105,6,1354283
40699317,4,1354283
40700530,7,1354283
40701742,9,1354283
40702955,4,1354539
40704168,4,1354539
40705380,6,1354539
40706592,9,1354539
40707804,7,1354539
40709017,4,1354539
40710229,7,1354539
40711442,6,1354539
40712655,8,1354539
40713867,5,1347088
40715079,5,1347088
40716292,11,1347088
40717505,8,1347088
40718717,4,1347088
40719930,3,1347088
40721142,4,1347088
40722355,4,1347088
40723567,7,1347088
40724779,9,1351456
40725991,4,1351456
40727204,9,1351456
40728417,7,1351456
40729630,4,1351456
40730841,8,1351456
40732055,9,1351456
40733266,4,1351456
40734479,6,1351456
40735691,6,1351508
40736904,4,1351970
40738117,4,1351970
40739329,6,1351970
40740541,4,1351970
40741754,7,1351970
40742966,3,1351970
40744179,4,1351970
40745391,3,1351970
40746604,4,1351970
40747816,3,1355773
40749029,6,1355773
40750241,6,1355773
40751454,4,1355773
40752667,5,1355773
40753879,6,1355773
40755092,3,1355773
40756304,0,1355773
40757516,5,1355773
40758729,4,1354694
40759942,6,1354694
40761153,4,1354694
40762367,5,1354694
40763578,4,1354694
40764791,3,1354694
40766004,3,1354694
40767216,7,1354694
40768428,5,1354694
40769641,4,1359268
40770853,2,1359268
40772066,4,1359268
40780554,0,1359268
40781766,5,1359268
40782978,5,1359268
40784190,4,1359268
40785403,4,1359268
40786615,4,1359268
40787828,3,1359268
40789040,4,1359268
40790252,4,1359268
40791465,4,1359293
40792677,2,1352381
40793890,5,1352381
40795102,4,1352381
40796315,5,1352381
40797526,3,1352381
40798740,4,1352381
40799951,5,1352381
40801164,4,1352381
40802376,5,1352318
40803589,2,1349246
40804801,5,1349246
40806014,4,1349246
40807226,4,1349246
40808438,4,1349246
40809651,5,1349246
40810863,5,1349246
40812076,4,1349246
40813289,2,1349246
40814501,6,1349246
40815714,5,1349246
40816926,5,1349246
40818138,7,1349246
40819350,6,1349246
40820563,5,1349246
40821775,4,1349246
40822987,7,1354539
40824200,4,1354539
40825412,3,1354539
40826624,9,1354539
40827837,7,1354539
40829050,9,1354539
40830261,7,1354539
40831474,7,1354539
40832687,7,1354539
40833899,4,1354539
40835111,5,1348167
40836324,5,1348167
40837536,7,1348167
40838748,6,1348167
40839960,8,1348167
40841174,3,1348167
40842385,6,1348167
40843599,7,1348167
40844810,5,1348167
40846023,5,1353152
40847236,3,1353152
40848448,4,1353152
40849660,4,1353152
40850873,10,1353152
40852085,6,1353152
40853297,6,1353152
40854510,7,1353152
40855723,6,1353152
40856935,7,1353152
40865421,5,1353152
40866634,8,1353152
40867847,5,1354334
40869059,8,1354334
40870272,5,1354334
40871484,5,1354334
40872696,6,1354334
40873909,5,1354334
40875121,9,1354334
40876333,6,1354334
40877546,7,1354334
40878759,6,1352844
40879971,5,1352844
40881183,7,1352844
40882396,5,1352844
40883608,7,1352844
40884820,5,1352844
40886033,5,1352844
40887245,7,1352844
40888457,6,1352844
40889670,8,1354437
40890883,3,1354437
40892095,5,1354437
40893307,6,1354437
40894520,8,1354437
40895732,8,1354437
40896944,8,1354437
40898158,8,1354437
40899369,7,1354437
40900583,7,1348887
40901795,6,1348887
40903007,6,1348887
40904220,11,1348887
40905432,7,1348887
40906644,5,1348887
40907857,5,1348887
40909070,5,1348887
40910282,8,1348887
40911494,6,1350994
40912708,5,1350994
40913920,6,1350994
40915132,4,1350994
40916344,4,1350994
40917557,7,1350994
40918770,6,1350994
40919982,9,1350994
40921195,3,1350994
40922407,3,1352433
40923620,4,1350326
40924832,3,1350326
40926044,4,1350326
40927257,3,1350326
40928469,3,1350326
40929682,5,1350326
40930895,5,1350326
40932108,3,1350326
40933320,4,1350326
40934532,4,1352587
40935745,3,1352587
40936958,4,1352587
40938169,4,1352587
40939383,4,1352587
40940594,4,1352587
40941807,3,1352587
40950294,8,1352587
40951507,6,1352587
40952719,5,1352587
40953931,7,1352587
40955144,4,1349400
40956356,4,1352535
40957569,5,1352535
40958781,4,1352535
40959994,4,1352535
40961206,3,1352535
40962419,4,1352535
40963631,3,1352535
40964844,4,1352535
40966056,6,1352535
40967269,4,1349966
40968481,4,1349966
40969694,4,1349966
40970907,3,1349966
40972119,5,1349966
40973331,6,1349966
40974544,4,1349966
40975757,7,1349966
40976969,4,1349966
40978182,4,1349918
40979394,3,1350942
40980606,5,1350942
40981819,4,1350942
40983031,4,1350942
40984244,3,1350942
40985456,3,1350942
40986668,3,1350942
40987881,4,1350942
40989093,4,1351003
40990305,3,1353563
40991518,5,1353563
40992731,5,1353563
40993943,3,1353563
40995156,1,1353563
40996368,7,1353563
40997580,5,1353563
40998792,2,1353563
41000005,1,1353563
41001217,4,1353563
41002430,7,1353563
41003642,8,1353563
41004855,5,1353563
41006067,7,1353563
41007280,7,1353563
41008492,5,1353563
41009704,4,1348732
41010918,5,1348732
41012129,5,1348732
41013342,4,1348732
41014555,6,1348732
41015766,10,1348732
41016979,5,1348732
41018192,8,1348732
41019404,6,1348732
41020616,8,1348732
41021828,7,1353769
41023041,3,1353769
41024253,7,1353769
41025467,7,1353769
41026678,10,1349298
41033953,1,1349298
41035165,8,1349298
41036379,3,1349298
41037590,2,1349298
41038803,2,1349298
41040016,7,1349298
41041228,4,1349298
41042440,4,1349298
41043653,4,1349298
41044865,6,1349298
41046077,7,1349298
41047290,11,1349298
41048503,9,1349298
41049715,9,1349298
41050927,5,1349298
41052140,7,1349298
41053352,8,1349298
41054565,8,1349812
41055777,4,1349812
41056990,6,1349812
41058203,9,1349812
41059414,6,1349812
41060627,10,1349812
41061839,7,1349812
41063053,7,1349812
41064264,7,1349812
41065477,5,1352484
41066689,4,1352484
41067902,6,1352484
41069114,6,1352484
41070327,6,1352484
41071540,4,1352484
41072752,6,1352484
41073964,6,1352484
41075177,8,1352484
41076390,8,1351353
41077602,3,1351353
41078814,3,1351353
41080027,7,1351353
41081239,5,1351353
41082451,7,1351353
41083664,8,1351353
41084876,8,1351353
41086089,4,1351353
41087301,8,1353563
41088514,5,1353563
41089727,8,1353563
41090939,6,1353563
41092152,8,1353563
41093364,7,1353563
41094576,6,1353563
41095789,6,1353563
41097001,10,1353563
41098214,8,1350634
41099425,5,1350634
41100639,5,1350634
41101850,7,1350634
41103063,9,1350634
41104276,7,1350634
41105488,5,1350634
41106700,5,1350634
41107914,6,1350634
41109126,5,1351764
41110338,5,1351764
41117613,3,1351764
41118826,6,1351764
41120038,5,1350428
41121251,2,1349144
41122462,5,1349144
41123676,5,1349144
41124888,5,1349144
41126100,4,1349144
41127312,5,1349144
41128525,4,1349144
41129737,5,1349144
41130950,3,1349144
41132162,2,1352638
41133375,5,1352638
41134587,3,1352638
41135800,4,1352638
41137013,3,1352638
41138225,3,1352638
41139437,4,1352638
41140650,3,1352638
41141862,6,1352638
41143074,4,1345957
41144287,5,1345957
41145499,5,1345957
41146712,2,1345957
41147924,5,1345957
41149136,3,1345957
41150349,4,1345957
41151563,5,1345957
41152775,4,1345957
41153986,5,1354488
41155199,5,1354488
41156412,4,1354488
41157624,3,1354488
41158836,4,1354488
41160049,4,1354488
41161261,6,1354488
41162475,5,1354488
41163686,3,1354488
41164899,4,1354429
41166112,5,1352381
41167324,4,1352381
41168536,4,1352381
41169749,8,1352381
41170961,3,1352381
41172174,3,1352381
41173386,5,1352381
41174598,0,1352381
41175811,4,1352326
41177023,5,1351302
41178235,4,1351302
41179448,4,1351302
41180661,3,1351302
41181873,7,1351302
41183086,3,1351302
41184297,4,1351302
41185510,7,1351302
41186723,5,1351302
41187935,4,1351302
41189147,6,1351302
41190360,9,1351302
41191572,7,1351302
41192785,8,1351302
41193997,10,1351302
41202484,7,1351302
41203696,3,1351302
41204910,10,1351302
41206121,9,1351302
41207334,8,1351302
41208547,6,1352279
41209759,8,1352279
41210971,7,1352279
41212184,7,1352279
41213396,8,1352279
41214608,7,1352279
41215821,4,1352279
41217034,7,1352279
41218245,7,1352279
41219458,5,1351970
41220671,6,1351970
41221884,7,1351970
41223096,6,1351970
41224308,5,1351970
41225520,7,1351970
41226733,7,1351970
41227945,8,1351970
41229159,5,1351970
41230370,5,1349246
41231582,3,1349246
41232795,3,1349246
41234008,8,1349246
41235220,6,1349246
41236432,7,1349246
41237644,5,1349246
41238857,8,1349246
41240070,8,1349246
41241282,4,1352073
41242494,4,1352073
41243707,7,1352073
41244919,5,1352073
41246131,4,1352073
41247344,8,1352073
41248556,10,1352073
41249768,8,1352073
41250981,5,1352073
41252194,7,1350428
41253406,3,1350428
41254619,7,1350428
41255831,8,1350428
41257043,9,1350428
41258256,4,1350428
41259468,7,1350428
41260681,7,1350428
41261893,7,1350428
41263105,6,1353049
41264318,5,1353049
41265530,7,1353049
41266743,8,1353049
41267955,6,1353049
41269167,6,1353049
41270380,3,1353049
41271592,7,1353049
41272804,4,1353049
41274017,10,1351148
41275230,3,1351148
41276442,9,1351148
41277654,6,1351148
41278867,6,1352638
41286141,5,1352638
41287353,8,1352638
41288566,4,1352638
41289778,7,1352638
41290990,8,1352638
41292204,7,1352638
41293416,5,1352638
41294628,4,1352638
41295840,5,1351559
41297053,3,1355979
41298265,6,1355979
41299478,7,1355979
41300690,4,1355979
41301903,6,1355979
41303115,4,1355979
41304327,5,1355979
41305540,4,1355979
41306752,8,1355979
41307964,3,1355927
41309177,4,1355927
41310390,2,1355927
41311601,0,1355927
41312814,4,1355927
41314026,6,1355927
41315239,5,1355927
41316451,3,1355927
41317664,4,1355927
41318877,4,1355927
41320089,3,1355927
41321301,5,1355927
41322514,5,1355927
41323726,4,1355927
41324939,4,1355927
41326151,4,1355927
41327364,7,1355927
41328576,6,1355927
41329788,3,1349298
41331000,4,1349298
41332213,5,1349298
41333425,3,1349298
41334638,4,1349298
41335850,4,1349298
41337063,10,1349298
41338275,5,1349298
41339488,3,1349298
41340700,4,1351816
41341913,6,1351816
41343125,1,1351816
41344337,5,1351816
41345550,4,1351816
41346762,6,1351816
41347975,3,1351816
41349187,4,1351816
41350399,4,1351816
41351612,4,1351817
41352824,5,1352073
41354036,4,1352073
41355250,5,1352073
41356461,3,1352073
41357674,4,1352073
41358887,3,1352073
41360099,5,1352073
41361311,3,1352073
41362524,4,1352073
41371010,14,1352073
41372224,8,1347653
41373436,3,1347653
41374648,4,1347653
41375860,8,1347653
41377073,4,1347653
41378285,6,1347653
41379497,3,1347653
41380710,7,1347653
41381922,5,1347653
41383135,6,1351610
41384348,4,1351610
41385559,9,1351610
41386772,7,1351610
41387984,5,1351610
41389197,7,1351610
41390409,4,1351610
41391621,9,1351610
41392834,5,1351610
41394047,7,1351610
41395259,6,1351764
41396471,5,1351764
41397684,6,1351764
41398897,9,1351764
41400109,5,1351764
41401321,6,1351764
41402533,9,1351764
41403746,6,1351764
41404959,5,1351764
41406172,7,1354283
41407383,3,1354283
41408595,5,1354283
41409808,5,1354283
41411021,4,1354283
41412233,10,1354283
41413445,9,1354283
41414657,7,1354283
41415870,5,1354283
41417082,4,1349914
41418295,4,1349914
41419507,7,1349914
41420719,10,1349914
41421931,6,1349914
41423144,8,1349914
41424356,7,1349914
41425569,6,1349914
41426781,7,1349914
41427993,8,1354231
41429206,4,1354231
41430419,3,1354231
41431631,6,1354231
41432843,4,1354231
41434056,9,1354231
41435268,5,1354231
41436480,7,1354231
41437694,5,1354231
41438906,5,1352227
41440117,1,1352227
41441330,3,1352227
41442543,8,1352227
41443755,9,1352227
41444967,6,1352227
41446180,8,1352227
41447392,10,1352227
41454666,5,1352227
41455879,4,1352227
41457091,6,1352227
41458303,9,1352227
41459516,5,1352227
41460729,4,1352535
41461941,4,1352535
41463152,8,1352535
41464365,8,1352535
41465578,7,1352535
41466789,7,1352535
41468002,5,1352535
41469215,8,1352535
41470427,8,1352535
41471639,9,1350223
41472852,5,1350223
41474064,9,1350223
41475276,8,1350223
41476489,7,1350223
41477701,7,1350223
41478914,9,1350223
41480126,6,1350223
41481339,6,1350223
41482552,8,1352176
41483764,6,1349760
41484976,3,1349760
41486189,3,1349760
41487401,3,1349760
41488614,4,1349760
41489826,3,1349760
41491039,5,1349760
41492251,4,1349760
41493463,4,1349760
41494676,4,1357058
41495889,3,1357058
41497100,3,1357058
41498313,3,1357058
41499526,5,1357058
41500739,4,1357058
41501950,3,1357058
41503163,2,1357058
41504376,4,1357058
41505588,3,1357058
41506801,3,1357058
41508013,4,1357058
41509225,3,1357058
41510438,3,1357058
41511651,3,1357058
41512863,6,1357058
41514075,4,1357058
41515288,3,1357058
41516500,8,1351867
41517712,4,1351867
41518925,5,1351867
41520137,3,1351867
41521350,4,1351867
41522562,4,1351867
41523775,2,1351867
41524987,4,1351867
41526200,5,1351867
41527412,3,1348475
41528624,4,1348475
41529838,3,1348475
41531049,5,1348585
41539536,7,1350377
41540749,5,1350377
41541961,6,1350377
41543174,6,1350377
41544387,3,1350377
41545598,4,1350377
41546811,3,1350377
41548024,4,1350377
41549236,4,1350289
41550448,5,1354385
41551661,3,1354385
41552874,4,1354385
41554085,4,1354385
41555298,5,1354385
41556511,5,1354385
41557723,5,1354385
41558936,4,1354385
41560147,4,1354385
41561360,5,1354385
41562572,5,1354385
41563785,7,1354385
41564998,6,1354385
41566210,7,1354385
41567422,8,1354385
41568635,6,1354385
41569847,6,1351508
41571060,8,1351508
41572272,4,1351508
41573484,6,1351508
41574697,6,1351508
41575909,9,1351508
41577121,6,1351508
41578334,5,1351508
41579547,8,1351508
41580759,7,1351508
41581971,8,1350840
41583184,7,1350840
41584396,8,1350840
41585609,8,1350840
41586822,6,1350840
41588034,6,1350840
41589247,6,1350840
41590458,7,1350840
41591671,7,1350840
41592883,8,1352227
41594096,4,1352227
41595308,9,1352227
41596521,5,1352227
41597733,3,1352227
41598946,7,1352227
41600159,4,1352227
41601371,7,1352227
41602583,9,1352227
41603795,5,1351045
41605008,5,1351045
41606220,5,1351045
41607433,7,1351045
41608645,7,1351045
41609858,6,1351045
41611070,5,1351045
41612283,7,1351045
41613495,8,1351045
41614707,9,1348630
41615920,7,1348630
41624407,5,1348630
41625619,6,1353666
41626832,5,1353666
41628045,7,1353666
41629257,6,1353666
41630469,8,1353666
41631682,5,1353666
41632894,6,1353666
41634107,5,1353666
41635319,10,1353666
41636532,6,1350120
41637745,6,1350120
41638956,6,1350120
41640169,9,1350120
41641381,6,1350120
41642594,5,1350120
41643807,5,1350120
41645019,8,1350120
41646231,7,1350120
41647443,5,1351713
41648655,2,1351713
41649868,8,1351713
41651080,6,1351713
41652293,6,1351713
41653506,5,1351713
41654717,8,1351713
41655930,7,1351713
41657143,5,1351713
41658355,8,1351199
41659567,3,1351199
41660779,6,1351199
41661992,6,1351199
41663204,6,1351199
41664416,5,1351199
41665628,6,1351199
41666841,6,1351199
41668054,10,1351199
41669265,5,1352689
41670478,6,1351970
41671690,6,1351970
41672902,4,1351970
41674115,2,1351970
41675328,4,1351970
41676540,3,1351970
41677753,6,1351970
41678965,6,1351970
41680178,4,1351970
41681389,3,1350326
41682602,2,1350326
41683815,4,1350326
41685027,6,1350326
41686239,5,1350326
41687452,4,1350326
41688664,2,1350326
41689877,5,1350326
41691089,6,1350326
41692301,5,1353255
41693514,4,1353255
41694726,4,1353255
41695939,5,1353255
41697151,5,1353255
41698364,7,1353255
41699577,3,1353255
41700789,15,1353255
41709276,6,1353255
41710488,6,1353255
41711700,8,1353255
41712913,6,1352947
41714125,2,1356236
41715339,4,1356236
41716550,6,1356236
41717763,5,1356236
41718975,5,1356236
41720188,4,1356236
41721400,4,1356236
41722613,4,1356236
41723825,2,1356236
41725038,4,1356170
41726251,5,1352330
41727462,3,1352330
41728676,5,1352330
41729888,6,1352330
41731100,4,1352330
41732313,4,1352330
41733524,3,1352330
41734737,6,1352330
41735949,5,1352316
41737162,4,1348732
41738375,4,1348732
41739587,4,1348732
41740800,4,1348732
41742011,3,1348732
41743225,4,1348732
41744436,4,1348732
41745648,4,1348732
41746861,6,1348732
41748073,4,1348732
41749286,8,1348732
41750499,8,1348732
41751711,4,1348732
41752923,9,1348732
41754136,6,1348732
41755348,5,1348732
41756560,4,1348321
41757773,3,1348321
41758985,4,1348321
41760198,5,1348321
41761410,4,1348321
41762623,7,1348321
41763835,7,1348321
41765047,7,1348321
41766260,7,1348321
41767472,7,1348321
41768685,6,1348732
41769898,3,1348732
41771110,6,1348732
41772322,6,1348732
41773535,7,1348732
41774747,4,1348732
41775960,7,1348732
41777172,6,1348732
41778384,7,1348732
41779598,6,1350531
41780809,3,1350531
41782022,4,1350531
41783235,7,1350531
41784447,8,1350531
41785659,5,1350531
41792934,2,1350531
41794147,8,1350531
41795359,9,1350531
41796572,5,1350531
41797785,8,1350531
41798997,7,1350531
41800210,7,1350531
41801422,7,1352484
41802634,5,1352484
41803847,8,1352484
41805059,11,1352484
41806272,7,1352484
41807484,7,1352484
41808697,7,1352484
41809909,8,1352484
41811121,5,1352484
41812334,7,1350223
41813546,2,1350223
41814759,7,1350223
41815972,9,1350223
41817184,7,1350223
41818396,5,1350223
41819608,8,1350223
41820821,7,1350223
41822034,6,1350223
41823246,6,1351508
41824459,4,1351508
41825671,9,1351508
41826883,7,1351508
41828096,8,1351508
41829308,7,1351508
41830521,9,1351508
41831734,7,1351508
41832945,8,1351508
41834158,7,1351302
41835370,6,1351302
41836583,9,1351302
41837795,7,1351302
41839008,8,1351302
41840220,7,1351302
41841433,7,1351302
41842645,8,1351302
41843858,7,1351302
41845070,6,1350685
41846282,8,1350685
41847494,7,1350685
41848707,3,1350685
41849920,5,1350685
41851132,7,1350685
41852344,5,1350685
41853557,4,1350685
41854769,5,1350685
41855982,5,1354951
41857194,4,1351816
41858407,5,1351816
41859619,5,1351816
41860832,2,1351816
41862044,3,1351816
41863256,5,1351816
41864470,3,1351816
41865681,4,1351816
41866895,4,1351816
41868106,4,1349966
41869319,4,1349966
41876593,7,1349966
41877806,13,1349966
41879018,6,1351199
41880230,3,1351199
41881443,5,1351199
41882655,4,1351199
41883868,3,1351199
41885080,4,1351199
41886293,3,1351199
41887505,5,1351199
41888718,5,1351199
41889931,4,1352021
41891142,5,1352021
41892355,4,1352021
41893567,5,1352021
41894780,4,1352021
41895992,5,1352021
41897204,3,1352021
41898418,1,1352021
41899629,5,1352021
41900842,4,1350942
41902054,7,1350942
41903267,5,1350942
41904479,4,1350942
41905691,4,1350942
41906905,4,1350942
41908116,2,1350942
41909329,6,1350942
41910541,6,1350942
41911754,6,1351109
41912966,3,1354437
41914179,4,1354437
41915391,5,1354437
41916604,6,1354437
41917817,4,1354437
41919028,6,1354437
41920241,5,1354437
41921453,3,1354437
41922666,5,1354258
41923878,2,1347602
41925091,3,1347602
41926303,4,1347602
41927516,4,1347602
41928728,6,1347602
41929940,4,1347602
41931153,0,1347602
41932365,5,1347602
41933578,4,1347602
41934790,4,1347602
41936003,7,1347602
41937215,9,1347602
41938428,11,1347602
41939641,8,1347602
41940853,7,1347602
41942066,11,1347602
41943279,8,1347602
41944491,4,1347602
41945703,4,1347602
41946916,8,1347602
41948128,5,1347602
41949340,7,1347602
41950553,6,1347602
41951766,6,1347602
41952978,8,1347602
41961466,8,1347602
41962678,8,1347602
41963891,7,1347602
41965103,6,1347602
41966315,5,1351662
41967528,3,1351662
41968741,7,1351662
41969953,9,1351662
41971165,10,1351662
41972377,9,1351662
41973590,7,1351662
41974803,6,1351662
41976015,7,1351662
41977227,6,1350428
41978440,3,1350428
41979652,6,1350428
41980866,7,1350428
41982078,6,1350428
41983290,9,1350428
41984502,5,1350428
41985716,7,1350428
41986927,6,1350428
41988140,8,1353615
41989352,5,1353615
41990566,4,1353615
41991778,2,1353615
41992991,5,1353615
41994203,9,1353615
41995416,7,1353615
41996628,6,1353615
41997840,7,1353615
41999052,8,1348424
42000265,4,1348424
42001477,10,1348424
42002690,7,1348424
42003903,5,1348424
42005114,3,1348424
42006328,7,1348424
42007540,7,1348424
42008753,9,1348424
42009965,4,1350428
42011178,5,1350428
42012389,5,1350428
42013603,6,1350428
42014814,8,1350428
42016028,6,1350428
42017240,7,1350428
42018452,5,1350428
42019664,7,1350428
42020878,9,1355105
42022089,4,1355105
42023302,10,1355105
42024514,5,1355105
42025727,6,1355105
42026939,6,1355105
42028152,4,1355105
42029364,6,1355105
42030576,7,1355105
42031790,7,1353101
42033001,5,1353101
42034214,5,1353101
42035427,4,1353101
42036638,6,1353101
42037851,7,1353101
42045125,5,1353101
42046338,8,1353101
42047550,6,1353101
42048763,8,1353101
42049975,5,1353101
42051188,6,1353101
42052401,7,1353101
42053612,4,1351302
42054825,5,1353615
42056038,5,1353615
42057250,4,1353615
42058462,5,1353615
42059675,4,1353615
42060888,5,1353615
42062099,-1,1353615
42063312,5,1353615
42064524,5,1353615
42065737,4,1348578
42066949,5,1348578
42068162,3,1348578
42069375,5,1348578
42070587,6,1348578
42071800,3,1348578
42073011,3,1348578
42074225,4,1348578
42075436,2,1348578
42076650,3,1351867
42077862,6,1351867
42079074,4,1351867
42080287,3,1351867
42081500,4,1351867
42082711,3,1351867
42083924,3,1351867
42085136,4,1351867
42086350,6,1351867
42087561,9,1350274
42088774,4,1350274
42089986,5,1350274
42091198,7,1350274
42092411,3,1350274
42093624,4,1350274
42094836,3,1350274
42096049,5,1350274
42097262,3,1350274
42098473,3,1350239
42099686,4,1354591
42100899,4,1354591
42102111,2,1354591
42103324,5,1354591
42104536,4,1354591
42105749,5,1354591
42106961,0,1354591
42108174,4,1354591
42109386,1,1354617
42110598,4,1347961
42111811,3,1347961
42113024,4,1347961
42114236,3,1347961
42115448,5,1347961
42116661,4,1347961
42117874,4,1347961
42119086,5,1347961
42120299,3,1347961
42121511,2,1347961
42129998,9,1347961
42131210,5,1347961
42132422,4,1347961
42133635,8,1347961
42134847,5,1347961
42136060,13,1347961
42137272,6,1347961
42138486,7,1347961
42139697,9,1347961
42140910,7,1347961
42142122,5,1353769
42143335,4,1353769
42144547,5,1353769
42145759,11,1353769
42146972,4,1353769
42148185,6,1353769
42149396,4,1353769
42150609,7,1353769
42151822,6,1353769
42153034,7,1351250
42154247,6,1351250
42155459,5,1351250
42156671,9,1351250
42157884,6,1351250
42159096,4,1351250
42160308,8,1351250
42161521,5,1351250
42162734,5,1351250
42163946,6,1354694
42165159,4,1354694
42166371,8,1354694
42167583,11,1354694
42168795,7,1354694
42170008,4,1354694
42171221,5,1354694
42172434,8,1354694
42173645,6,1354694
42174858,6,1349760
42176070,5,1349760
42177283,4,1349760
42178496,6,1349760
42179708,7,1349760
42180920,6,1349760
42182133,8,1349760
42183345,9,1349760
42184558,6,1349760
42185771,7,1353152
42186984,3,1353152
42188196,7,1353152
42189408,7,1353152
42190620,3,1353152
42191833,7,1353152
42193046,4,1353152
42194258,5,1353152
42195470,6,1353152
42196682,6,1350068
42197895,4,1350068
42199108,3,1350068
42200320,3,1350068
42201533,8,1350068
42202746,7,1350068
42203957,6,1350068
42205170,8,1350068
42206382,7,1350068
42213657,1,1350068
42214870,5,1350068
42216082,4,1350068
42217294,9,1350068
42218507,6,1348475
42219719,4,1348475
42220932,7,1348475
42222145,6,1348475
42223357,8,1348475
42224570,10,1348475
42225781,6,1348475
42226994,6,1348475
42228207,7,1348475
42229419,5,1349041
42230631,4,1351199
42231844,3,1351199
42233056,6,1351199
42234269,3,1351199
42235481,5,1351199
42236694,6,1351199
42237907,4,1351199
42239118,-1,1351199
42240331,3,1351199
42241544,4,1353769
42242756,6,1353769
42243968,5,1353769
42245180,6,1353769
42246393,4,1353769
42247605,3,1353769
42248818,5,1353769
42250030,4,1353769
42251243,3,1353769
42252455,3,1350068
42253667,5,1350068
42254880,5,1350068
42256092,5,1350068
42257306,3,1350068
42258518,4,1350068
42259730,5,1350068
42260942,3,1350068
42262155,4,1350068
42263368,6,1351199
42264580,3,1351199
42265792,3,1351199
42267005,4,1351199
42268217,6,1351199
42269430,2,1351199
42270642,3,1351199
42271855,3,1351199
42273067,6,1351199
42274280,5,1349812
42275493,4,1349812
42276705,5,1349812
42277918,2,1349812
42279130,5,1349812
42280343,5,1349812
42281555,7,1349812
42282768,4,1349812
42283979,4,1349812
42285192,2,1349773
42286405,3,1353101
42287617,3,1353101
42288830,4,1353101
42290042,5,1353101
42298530,5,1353101
42299742,7,1353101
42300955,6,1353101
42302168,5,1353101
42303379,6,1353101
42304592,8,1353101
42305805,7,1350737
42307017,4,1350675
42308230,3,1350675
42309442,7,1350675
42310654,9,1350675
42311867,7,1350675
42313080,7,1350675
42314292,9,1350675
42315505,8,1350675
42316717,7,1347859
42317930,6,1347859
42319142,4,1347859
42320354,5,1347859
42321567,6,1347859
42322779,7,1347859
42323992,7,1347859
42325205,3,1347859
42326417,6,1347859
42327630,5,1347859
42328842,8,1349863
42330054,6,1349863
42331267,6,1349863
42332480,9,1349863
42333692,5,1349863
42334905,7,1349863
42336117,5,1349863
42337329,4,1349863
42338542,8,1349863
42339754,8,1350840
42340967,3,1350840
42342180,8,1350840
42343391,7,1350840
42344604,4,1350840
42345816,9,1350840
42347029,8,1350840
42348241,6,1350840
42349455,5,1350840
42350666,6,1352073
42351880,4,1352073
42353092,6,1352073
42354304,7,1352073
42355516,7,1352073
42356729,3,1352073
42357941,7,1352073
42359153,9,1352073
42360366,8,1352073
42361578,7,1347653
42362791,4,1347653
42364004,3,1347653
42365216,7,1347653
42366429,4,1347653
42367641,7,1347653
42368854,5,1347653
42370066,9,1347653
42371279,7,1347653
42372491,8,1352124
42373703,6,1352124
42374916,6,1352124
42383404,7,1352638
42384617,5,1352638
42385829,6,1352638
42387041,7,1352638
42388254,3,1352638
42389466,8,1352638
42390679,7,1352638
42391891,5,1352638
42393104,6,1352638
42394316,8,1350428
42395529,4,1350428
42396741,9,1350428
42397954,7,1350428
42399167,3,1350428
42400380,6,1350428
42401592,7,1350428
42402805,5,1350428
42404017,8,1350428
42405230,9,1348630
42406442,4,1348630
42407654,10,1348630
42408868,6,1348630
42410080,6,1348630
42411292,7,1348630
42412504,6,1348630
42413717,4,1348630
42414930,5,1348630
42416143,5,1351250
42417355,5,1351250
42418567,7,1351250
42419779,7,1351250
42420992,5,1351250
42422205,5,1351250
42423417,5,1351250
42424630,8,1351250
42425842,8,1351250
42427055,8,1349400
42428267,3,1350326
42429480,4,1350326
42430692,4,1350326
42431905,4,1350326
42433117,4,1350326
42434329,5,1350326
42435542,5,1350326
42436755,8,1350326
42437967,4,1350326
42439180,5,1349966
42440392,5,1349966
42441605,5,1349966
42442818,3,1349966
42444030,4,1349966
42445243,5,1349966
42446455,5,1349966
42447668,6,1349966
42448880,6,1349966
42450092,3,1343182
42451305,3,1343182
42452518,3,1343182
42453730,5,1343182
42454943,3,1343182
42456156,5,1343182
42457368,4,1343182
42458580,4,1343182
42459793,10,1343182
42468280,5,1343182
42469493,5,1343182
42470706,5,1351970
42471919,4,1351970
42473131,5,1351970
42474343,3,1351970
42475556,7,1351970
42476768,4,1351970
42477981,3,1351970
42479193,3,1351970
42480405,3,1351970
42481618,3,1351970
42482831,4,1352122
42484043,6,1351610
42485255,6,1351610
42486468,1,1351610
42487680,6,1351610
42488893,4,1351610
42490105,6,1351610
42491318,3,1351610
42492530,5,1351610
42493742,3,1351509
42494954,2,1352021
42496167,5,1352021
42497379,6,1352021
42498592,5,1352021
42499805,1,1352021
42501017,1,1352021
42502230,4,1352021
42503442,6,1352021
42504654,5,1352021
42505867,7,1352021
42507079,6,1352021
42508292,8,1352021
42509505,7,1352021
42510716,6,1352021
42511930,6,1352021
42513141,7,1352021
42514354,6,1346831
42515566,5,1346831
42516779,3,1346831
42517991,8,1346831
42519204,7,1346831
42520416,6,1346831
42521629,6,1346831
42522841,6,1346831
42524054,9,1346831
42525266,6,1346831
42526478,7,1348321
42527691,4,1348321
42528903,7,1348321
42530116,5,1348321
42531329,7,1348321
42532542,5,1348321
42533753,11,1348321
42534966,5,1348321
42536179,6,1348321
42537391,5,1348938
42538604,5,1348938
42539816,6,1348938
42541029,3,1348938
42542241,7,1348938
42543453,6,1348938
42544666,6,1348938
42551940,3,1348938
42553152,6,1348938
42554366,9,1348938
42555577,6,1348938
42556790,5,1348938
42558002,5,1348938
42559215,5,1347961
42560427,4,1347961
42561640,7,1347961
42562852,7,1347961
42564065,10,1347961
42565277,6,1347961
42566489,7,1347961
42567702,7,1347961
42568914,7,1347961
42570126,9,1349812
42571339,4,1349812
42572552,7,1349812
42573764,6,1349812
42574976,5,1349812
42576189,7,1349812
42577401,7,1349812
42578613,9,1349812
42579826,7,1349812
42581039,6,1349914
42582251,4,1349914
42583463,9,1349914
42584676,8,1349914
42585888,7,1349914
42587101,6,1349914
42588313,5,1349914
42589525,7,1349914
42590738,4,1349914
42591951,9,1353101
42593163,5,1353101
42594376,8,1353101
42595588,6,1353101
42596800,7,1353101
42598013,8,1353101
42599224,4,1353101
42600438,6,1353101
42601650,8,1353101
42602863,7,1348321
42604075,4,1348321
42605288,9,1348321
42606500,7,1348321
42607712,6,1348321
42608925,8,1348321
42610137,9,1348321
42611349,8,1348321
42612562,6,1348321
42613774,7,1350942
42614986,3,1349144
42616199,4,1349144
42617412,1,1349144
42618624,6,1349144
42619836,5,1349144
42621049,4,1349144
42622261,3,1349144
42623474,-1,1349144
42624686,5,1349144
42625899,4,1348630
42627112,4,1348630
42628324,5,1348630
42635599,6,1348630
42636812,19,1348630
42638024,7,1348630
42639236,5,1348630
42640448,6,1348630
42641662,10,1348630
42642873,5,1348630
42644087,4,1348630
42645299,6,1348630
42646511,4,1349195
42647723,5,1348321
42648936,4,1348321
42650148,4,1348321
42651361,6,1348321
42652573,7,1348321
42653786,2,1348321
42654998,5,1348321
42656211,4,1348321
42657423,2,1348321
42658636,3,1348321
42659848,4,1348321
42661060,8,1348321
42662273,4,1348321
42663485,3,1348321
42664698,5,1348321
42665911,2,1348321
42667123,3,1348321
42668335,4,1348321
42669547,5,1348317
42670760,7,1347037
42671972,5,1347037
42673184,2,1347037
42674397,4,1347037
42675609,6,1347037
42676822,3,1347037
42678034,4,1347037
42679246,3,1347037
42680459,4,1346848
42681670,1,1351456
42682883,3,1351456
42684095,4,1351456
42685307,5,1351456
42686519,5,1351456
42687732,3,1351456
42688944,2,1351456
42690156,5,1351456
42691368,6,1351456
42692581,3,1351456
42693793,4,1351456
42695005,6,1351456
42696217,5,1351456
42697430,6,1351456
42698642,5,1351456
42699854,8,1351456
42701067,7,1344878
42702279,4,1344878
42703491,6,1344878
42704703,6,1344878
42705916,7,1344878
42707128,8,1344878
42708340,3,1344878
42709552,6,1344878
42710764,8,1344878
42711976,7,1344878
42720463,5,1344878
42721675,6,1344878
42722887,8,1344878
42724099,3,1350891
42725311,3,1350891
42726524,5,1350891
42727735,4,1350891
42728948,5,1350891
42730160,9,1350891
42731372,8,1350891
42732584,4,1350891
42733796,6,1350891
42735009,9,1349452
42736221,5,1349452
42737433,6,1349452
42738646,8,1349452
42739858,9,1349452
42741071,8,1349452
42742282,7,1349452
42743495,5,1349452
42744707,2,1349452
42745919,7,1347550
42747131,3,1347550
42748344,6,1347550
42749556,7,1347550
42750768,3,1347550
42751980,6,1347550
42753192,7,1347550
42754405,9,1347550
42755617,7,1347550
42756829,4,1350274
42758041,7,1350274
42759254,8,1350274
42760466,7,1350274
42761679,9,1350274
42762890,7,1350274
42764103,5,1350274
42765315,5,1350274
42766528,5,1350274
42767740,6,1350120
42768952,4,1350120
42770164,6,1350120
42771376,5,1350120
42772588,8,1350120
42773801,3,1350120
42775013,4,1350120
42776225,7,1350120
42777437,7,1350120
42778650,6,1350994
42779863,7,1350994
42781075,5,1350994
42782287,6,1350994
42783499,7,1350994
42784712,7,1350994
42785924,7,1350994
42787136,7,1350994
42788348,5,1350994
42789560,6,1353820
42790773,5,1353820
42791985,7,1353820
42793197,9,1353820
42794410,5,1353820
42795621,4,1353820
42796834,4,1353820
42804108,3,1353820
42805320,6,1353820
42806532,8,1353820
42807744,10,1353820
42808957,7,1353820
42810169,3,1353820
42811381,6,1347756
42812594,4,1349555
42813806,5,1349555
42815018,6,1349555
42816231,3,1349555
42817443,3,1349555
42818655,4,1349555
42819868,8,1349555
42821079,4,1349555
42822292,3,1349555
42823504,3,1351867
42824716,4,1351867
42825928,3,1351867
42827140,3,1351867
42828354,4,1351867
42829566,4,1351867
42830777,3,1351867
42831990,5,1351867
42833202,4,1351867
42834415,8,1346009
42835626,5,1346009
42836839,4,1346009
42838051,3,1346009
42839264,4,1346009
42840476,2,1346009
42841688,5,1346009
42842901,4,1346009
42844113,4,1346009
42845326,4,1345921
42846537,4,1350017
42847750,6,1350017
42848963,5,1350017
42850174,3,1350017
42851387,3,1350017
42852599,4,1350017
42853811,4,1350017
42855023,5,1350017
42856236,4,1350107
42857448,2,1346523
42858661,1,1346523
42859873,5,1346523
42861086,4,1346523
42862297,5,1346523
42863510,7,1346523
42864722,3,1346523
42865935,2,1346523
42867147,2,1346523
42868359,5,1346523
42869572,6,1346523
42870783,5,1346523
42871996,7,1346523
42873209,4,1346523
42874421,6,1346523
42875633,4,1346523
42876845,5,1346523
42878058,9,1346523
42879270,3,1346523
42880482,8,1346523
42887757,8,1346523
42888968,6,1350326
42890181,6,1350326
42891394,6,1350326
42892605,7,1350326
42893818,5,1350326
42895030,6,1350326
42896242,6,1350326
42897455,6,1350326
42898667,7,1350326
42899880,5,1350891
42901091,7,1350891
42902304,5,1350891
42903516,5,1350891
42904728,7,1350891
42905940,6,1350891
42907152,8,1350891
42908365,7,1350891
42909578,8,1350891
42910790,4,1348989
42912002,5,1348989
42913214,10,1348989
42914427,7,1348989
42915638,4,1348989
42916851,4,1348989
42918063,8,1348989
42919276,6,1348989
42920488,6,1348989
42921700,8,1351045
42922912,4,1351045
42924125,5,1351045
42925337,7,1351045
42926550,7,1351045
42927762,11,1351045
42928975,8,1351045
42930187,9,1351045
42931399,7,1351045
42932611,8,1351816
42933824,3,1351816
42935036,7,1351816
42936248,8,1351816
42937460,7,1351816
42938673,5,1351816
42939885,7,1351816
42941098,6,1351816
42942310,7,1351816
42943522,5,1349606
42944735,3,1349606
42945946,9,1349606
42947159,7,1349606
42948371,8,1349606
42949584,6,1349606
42950796,6,1349606
42952008,5,1349606
42953221,7,1349606
42954433,8,1355156
42955645,4,1355156
42956858,6,1355156
42958070,4,1355156
42959282,4,1355156
42960495,5,1355156
42961707,4,1355156
42962919,9,1355156
42964131,7,1355156
42971501,7,1355156
42972618,10,1355156
42973830,7,1355156
42975042,8,1355156
42976254,7,1350326
42977467,3,1348321
42978680,5,1348321
42979892,3,1348321
42981104,6,1348321
42982316,4,1348321
42983529,5,1348321
42984742,4,1348321
42985953,5,1348321
42987166,3,1348321
42988378,4,1350017
42989590,4,1350017
42990803,3,1350017
42992015,3,1350017
42993227,4,1350017
42994440,7,1350017
42995652,3,1350017
42996865,6,1350017
42998076,4,1350017
42999289,6,1348116
43000502,6,1348116
43001713,5,1348116
43002926,3,1348116
43004138,4,1348116
43005351,4,1348116
43006563,6,1348116
43007776,4,1348116
43008987,4,1348116
43010200,4,1350223
43011412,3,1350223
43012624,3,1350223
43013836,4,1350223
43015048,5,1350223
43016261,4,1350223
43017473,4,1350223
43018685,5,1350223
43019898,6,1350223
43021110,4,1349966
43022323,5,1349966
43023535,4,1349966
43024747,5,1349966
43025959,3,1349966
43027171,3,1349966
43028383,4,1349966
43029596,3,1349966
43030807,3,1349966
43032020,6,1350073
43033232,6,1351353
43034444,5,1351353
43035657,4,1351353
43036869,5,1351353
43038081,5,1351353
43039293,4,1351353
43040505,5,1351353
43041717,5,1351353
43042929,3,1351403
43044141,4,1350891
43045354,3,1350891
43046566,5,1350891
43047778,5,1350891
43056264,5,1350891
43057476,9,1350891
43058688,7,1350891
43059901,8,1350891
43061112,3,1350891
43062324,7,1350891
43063537,5,1349349
43064749,3,1349349
43065961,4,1349349
43067174,6,1349349
43068385,7,1349349
43069597,7,1349349
43070810,5,1349349
43072023,5,1349349
43073235,4,1349349
43074446,4,1349349
43075659,7,1347961
43076871,6,1347961
43078083,8,1347961
43079296,5,1347961
43080508,4,1347961
43081720,7,1347961
43082932,6,1347961
43084145,8,1347961
43085357,7,1347961
43086569,3,1346471
43087781,2,1346471
43088993,10,1346471
43090205,8,1346471
43091417,7,1346471
43092630,5,1346471
43093842,6,1346471
43095055,10,1346471
43096267,7,1346471
43097478,5,1347191
43098691,4,1347191
43099903,8,1347191
43101115,4,1347191
43102328,7,1347191
43103540,4,1347191
43104752,7,1347191
43105964,8,1347191
43107176,7,1347191
43108388,6,1351405
43109600,4,1351405
43110813,5,1351405
43112025,6,1351405
43113237,8,1351405
43114449,8,1351405
43115661,7,1351405
43116874,5,1351405
43118086,5,1351405
43119298,7,1351662
43120510,5,1351662
43121722,5,1351662
43122935,7,1351662
43124146,6,1351662
43125359,7,1351662
43126571,6,1351662
43127783,5,1351662
43128995,8,1351662
43130208,9,1349760
43131420,3,1349760
43132632,5,1349760
43139905,4,1349760
43141117,4,1348835
43142330,4,1348835
43143543,6,1348835
43144754,9,1348835
43145967,6,1348835
43147179,6,1348835
43148391,5,1348835
43149604,7,1348835
43150815,7,1348835
43152028,6,1346779
43153240,4,1346779
43154452,8,1346779
43155664,5,1346779
43156877,7,1346779
43158089,5,1346779
43159301,7,1346779
43160514,6,1346779
43161725,7,1346779
43162938,7,1349246
43164149,5,1348270
43165362,7,1348270
43166574,4,1348270
43167787,1,1348270
43168999,4,1348270
43170211,4,1348270
43171423,1,1348270
43172635,6,1348270
43173847,4,1348270
43175060,8,1347396
43176272,4,1347396
43177484,4,1347396
43178696,3,1347396
43179909,6,1347396
43181120,4,1347396
43182333,4,1347396
43183545,1,1347396
43184757,6,1347396
43185969,5,1347448
43187182,3,1347448
43188395,3,1347448
43189607,4,1347448
43190819,5,1347448
43192031,4,1347448
43193243,6,1347448
43194455,4,1347448
43195668,2,1347448
43196880,2,1351148
43198092,5,1351148
43199304,5,1351148
43200517,4,1351148
43201729,4,1351148
43202941,1,1351148
43204154,3,1351148
43205366,6,1351148
43206578,4,1351148
43207790,4,1351148
43209002,5,1351148
43210215,5,1351148
43211427,2,1351148
43212639,5,1351148
43213852,5,1351148
43215064,9,1351148
43216276,4,1351148
43223550,7,1351148
43224762,11,1351148
43225974,7,1351148
43227186,6,1351148
43228398,7,1344158
43229611,3,1344073
43230823,4,1348681
43232036,4,1348681
43233247,4,1348681
43234460,5,1348681
43235672,4,1348681
43236885,3,1348681
43238096,4,1348681
43239308,5,1348681
43240521,3,1348681
43241733,3,1348681
43242945,8,1348681
43244158,6,1348681
43245370,6,1348681
43246581,4,1348681
43247794,5,1348681
43249005,6,1348681
43250219,7,1348681
43251430,5,1345957
43252642,4,1345957
43253855,10,1345957
43255067,9,1345957
43256279,6,1345957
43257491,10,1345957
43258703,8,1345957
43259915,6,1345957
43261127,4,1345957
43262340,7,1347088
43263552,6,1347088
43264765,8,1347088
43265977,9,1347088
43267189,6,1347088
43268402,7,1347088
43269613,4,1347088
43270826,9,1347088
43272038,7,1347088
43273250,8,1345238
43274463,4,1345238
43275675,6,1345238
43276887,6,1345238
43278099,4,1345238
43279311,7,1345238
43280524,8,1345238
43281736,7,1345238
43282948,6,1345238
43284160,9,976146
43285373,5,976146
43286586,8,976146
43287798,5,976146
43289009,6,976146
43290221,7,976146
43291434,7,976146
43292646,7,976146
43293859,8,976146
43295071,7,757014
43296283,5,757014
43297496,4,757014
43298708,7,757014
43299920,8,757014
43308406,4,757014
43309618,5,757014
43310830,7,757014
43312043,4,757014
43313255,7,757014
43314467,5,757014
43315679,8,757014
43316891,6,755729
43318104,5,755729
43319316,5,755729
43320528,6,755729
43321740,4,755729
43322953,9,755729
43324165,9,755729
43325377,7,755729
43326590,6,755729
43327801,8,976300
43329014,3,976300
43330226,8,976300
43331439,7,976300
43332650,6,976300
43333863,5,976300
43335075,6,976300
43336288,5,976300
43337500,6,976300
43338712,7,1340407
43339924,2,1340407
43341136,7,1340407
43342349,6,1340407
43343561,7,1340407
43344773,7,1340407
43345985,6,1340407
43347198,7,1340407
43348411,7,1340407
43349623,7,1282386
43350835,4,757477
43352047,5,757477
43353259,4,757477
43354472,4,757477
43355684,4,757477
43356896,4,757477
43358108,5,757477
43359321,4,757477
43360533,3,757477
43361746,5,755627
43362957,4,755627
43364169,3,755627
43365383,4,755627
43366594,5,755627
43367807,3,755627
43369019,3,755627
43370231,7,755627
43371443,5,755627
43372655,4,755883
43373868,9,755883
43375080,5,755883
43376292,4,755883
43377504,5,755883
43378716,4,755883
43379929,3,755883
43381141,5,755883
43382353,5,755883
43383566,2,755267
43384778,7,755267
43393263,-4,755267
43394476,5,755327
43395688,2,757631
43396900,3,757631
43398113,4,757631
43399324,5,757631
43400537,3,757631
43401749,4,757631
43402961,4,757631
43404174,2,757631
43405386,4,757621
43406598,4,755061
43407810,3,755061
43409023,4,755061
43410234,3,755061
43411447,3,755061
43412659,4,755061
43413872,2,755061
43415083,3,755061
43416296,3,755061
43417508,5,755061
43418720,6,755061
43419932,9,755061
43421145,4,755061
43422357,9,755061
43423569,8,755061
43424782,5,755061
43425994,6,756860
43427206,5,756860
43428419,3,756860
43429630,8,756860
43430843,7,756860
43432056,9,756860
43433267,3,756860
43434480,5,756860
43435692,5,756860
43436905,5,756860
43438116,6,755267
43439329,5,755267
43440541,8,755267
43441753,8,755267
43442966,4,755267
43444177,8,755267
43445390,6,755267
43446603,7,755267
43447814,4,755267
43449027,7,758710
43450239,3,758710
43451451,8,758710
43452664,7,758710
43453875,6,758710
43455088,3,758710
43456300,4,758710
43457512,7,758710
43458724,8,758710
43459936,6,757888
43461149,4,757888
43462362,7,757888
43463573,8,757888
43464786,6,757888
43465998,5,757888
43467211,8,757888
43468423,5,757888
43469634,6,757888
43476908,5,757888
43478121,7,757888
43479332,9,757888
43480544,6,757888
43481756,10,755472
43482969,4,755472
43484181,8,755472
43485394,3,755472
43486605,6,755472
43487818,4,755472
43489030,7,755472
43490242,5,755472
43491455,7,755472
43492667,10,755267
43493879,4,755267
43495091,5,755267
43496303,7,755267
43497516,6,755267
43498728,5,755267
43499940,6,755267
43501152,5,755267
43502364,9,755267
43503578,5,756038
43504790,3,756038
43506002,8,756038
43507214,9,756038
43508426,4,756038
43509638,9,756038
43510851,6,756038
43512063,9,756038
43513275,7,756038
43514487,5,757374
43515700,5,757374
43516912,6,757374
43518124,7,757374
43519336,8,757374
43520549,5,757374
43521761,9,757374
43522974,6,757374
43524186,8,757374
43525398,6,757117
43526610,4,754239
43527822,5,754239
43529035,3,754239
43530247,5,754239
43531459,4,754239
43532671,6,754239
43533884,2,754239
43535096,4,754239
43536308,6,754239
43537521,5,756243
43538733,4,756243
43539944,1,756243
43541156,3,756243
43542369,4,756243
43543581,4,756243
43544793,3,756243
43546005,7,756243
43547218,5,756243
43548430,2,756243
43549642,1,756243
43550855,6,756243
43552066,6,756243
43553278,5,756243
43560553,10,756243
43561764,10,756243
43562976,8,756243
43564188,5,756243
43565400,6,756243
43566612,10,756243
43567825,8,756243
43569037,6,758145
43570249,4,754907
43571461,6,754907
43572674,5,754907
43573885,3,754907
43575097,0,754907
43576309,5,754907
43577522,4,754907
43578734,4,754907
43579946,5,754907
43581159,4,754930
43582371,5,1242866
43583583,3,1242866
43584795,3,1242866
43586007,4,1242866
43587219,4,1242866
43588432,6,1242866
43589644,3,1242866
43590856,4,1242866
43592068,3,1242718
43593280,4,1340510
43594492,5,1340510
43595705,4,1340510
43596918,5,1340510
43598129,3,1340510
43599342,4,1340510
43600554,6,1340510
43601767,4,1340510
43602979,4,1340510
43604191,6,1340510
43605404,4,1340510
43606615,9,1340510
43607828,7,1340510
43609040,6,1340510
43610252,6,1340510
43611464,7,1340510
43612676,6,1349555
43613889,6,1349555
43615101,6,1349555
43616314,6,1349555
43617525,5,1349555
43618738,5,1349555
43619950,7,1349555
43621162,7,1349555
43622375,8,1349555
43623587,7,1349555
43624799,5,1343285
43626011,5,1343285
43627225,7,1343285
43628436,4,1343285
43629648,7,1343285
43630861,6,1343285
43632073,5,1343285
43633285,7,1343285
43634497,4,1343285
43635710,7,1341692
43636922,7,1341692
43645408,5,1341692
43646621,6,1343748
43647833,3,1343748
43649046,8,1343748
43650258,5,1343748
43651469,8,1343748
43652682,7,1343748
43653894,8,1343748
43655106,6,1343748
43656319,5,1343748
43657531,4,1345032
43658743,4,1345032
43659955,5,1345032
43661168,7,1345032
43662380,6,1345032
43663592,7,1345032
43664804,3,1345032
43666016,6,1345032
43667228,9,1345032
43668441,7,1344724
43669654,4,1344724
43670865,7,1344724
43672078,8,1344724
43673289,6,1344724
43674502,9,1344724
43675715,5,1344724
43676927,5,1344724
43678139,7,1344724
43679351,5,1236802
43680563,6,1236802
43681775,3,1236802
43682988,11,1236802
43684200,8,1236802
43685412,6,1236802
43686624,5,1236802
43687836,6,1236802
43689049,5,1236802
43690261,7,756192
43691473,5,756192
43692686,5,756192
43693898,7,756192
43695110,4,756192
43696323,8,756192
43697535,6,756192
43698747,8,756192
43699959,8,756192
43701172,9,754599
43702384,5,754599
43703597,5,754599
43704809,4,754599
43706021,4,754599
43707233,9,754599
43708445,8,754599
43709658,7,754599
43710870,6,754599
43712083,7,756089
43713295,5,755112
43714507,6,755112
43715719,2,755112
43716932,5,755112
43718144,4,755112
43719356,4,755112
43720569,5,755112
43721781,9,755112
43730267,5,755112
43731479,6,755112
43732692,8,755112
43733905,7,754393
43735117,4,753468
43736329,3,753468
43737541,2,753468
43738753,7,753468
43739966,4,753468
43741178,7,753468
43742390,5,753468
43743603,4,753468
43744815,3,753468
43746028,3,753725
43747240,4,753725
43748452,4,753725
43749664,6,753725
43750877,4,753725
43752089,3,753725
43753302,7,753725
43754513,3,753725
43755726,4,753725
43756939,5,753725
43758151,4,753725
43759363,7,753725
43760576,3,753725
43761787,3,753725
43763000,4,753725
43764212,4,753725
43765424,4,753725
43766637,6,753725
43767850,7,753871
43769061,10,751823
43770275,3,751823
43771486,3,751823
43772699,4,751823
43773912,6,751823
43775123,0,751823
43776336,5,751823
43777548,3,751823
43778761,8,751674
43779973,5,752954
43781186,6,752954
43782398,2,752954
43783611,3,752954
43784823,0,752954
43786035,4,752954
43787247,7,752954
43788460,3,752954
43789672,5,752954
43790885,4,752954
43792097,6,752954
43793309,8,752954
43794521,5,752954
43795734,7,752954
43796946,10,752954
43798159,8,752954
43799371,5,752954
43800584,7,1273239
43801796,3,1273239
43803008,10,1273239
43804221,5,1273239
43805433,5,1273239
43806645,3,1273239
43813920,4,1273239
43815131,6,1273239
43816344,8,1273239
43817556,4,1273239
43818768,6,1273239
43819981,7,1273239
43821193,4,1273239
43822406,6,1342309
43823618,3,1342309
43824830,9,1342309
43826043,7,1342309
43827255,9,1342309
43828467,5,1342309
43829679,7,1342309
43830892,7,1342309
43832104,6,1342309
43833316,7,1330848
43834528,5,1330848
43835741,5,1330848
43836954,7,1330848
43838166,7,1330848
43839378,5,1330848
43840591,7,1330848
43841802,3,1330848
43843015,5,1330848
43844227,7,757477
43845439,6,757477
43846651,8,757477
43847864,6,757477
43849076,8,757477
43850288,5,757477
43851500,7,757477
43852713,9,757477
43853926,10,757477
43855137,7,760560
43856349,2,760560
43857562,8,760560
43858775,6,760560
43859987,6,760560
43861200,7,760560
43862412,3,760560
43863624,7,760560
43864836,5,760560
43866049,5,755781
43867260,5,755781
43868473,5,755781
43869686,7,755781
43870898,7,755781
43872110,5,755781
43873323,8,755781
43874535,6,755781
43875747,6,755781
43876959,7,1341332
43878171,3,1341332
43879384,7,1341332
43880596,7,1341332
43881808,5,1341332
43883021,5,1341332
43884233,8,1341332
43885445,9,1341332
43886657,7,1341332
43887870,8,1344981
43889082,4,1342617
43890294,5,1342617
43897571,13,1342617
43898781,9,1342617
43899993,2,1341383
43901205,6,1341383
43902417,3,1341383
43903630,5,1341383
43904842,3,1341383
43906055,8,1341383
43907267,3,1341383
43908479,5,1341383
43909691,5,1341383
43910904,3,954408
43912116,4,954408
43913328,5,954408
43914541,5,954408
43915754,7,954408
43916965,4,954408
43918178,3,954408
43919391,6,954408
43920602,1,954408
43921815,2,952176
43923028,4,1345392
43924240,5,1345392
43925452,5,1345392
43926664,5,1345392
43927877,5,1345392
43929089,4,1345392
43930301,4,1345392
43931514,4,1345392
43932726,4,1343234
43933939,6,1343234
43935151,4,1343234
43936364,6,1343234
43937576,4,1343234
43938788,5,1343234
43940000,5,1343234
43941212,4,1343234
43942425,4,1343234
43943637,4,1343238
43944850,5,1344518
43946062,8,1344518
43947275,5,1344518
43948487,4,1344518
43949699,5,1344518
43950911,3,1344518
43952123,3,1344518
43953336,3,1344518
43954548,5,1344733
43955761,7,1347037
43956973,3,1347037
43958185,4,1347037
43959397,4,1347037
43960610,7,1347037
43961822,4,1347037
43963034,7,1347037
43964247,3,1347037
43965459,4,1347037
43966672,3,1347037
43967883,8,1347037
43969096,6,1347037
43970308,6,1347037
43971520,4,1347037
43972732,6,1347037
43973945,7,1347037
43982431,6,1347037
43983643,7,1347037
43984855,7,1347037
43986067,10,1347037
43987280,8,1349092
43988492,5,1349092
43989704,6,1349092
43990916,9,1349092
43992130,7,1349092
43993341,5,1349092
43994554,6,1349092
43995766,6,1349092
43996978,5,1349092
43998191,8,1353512
43999404,4,1353512
44000615,6,1353512
44001828,7,1353512
44003041,5,1353512
44004252,6,1353512
44005465,7,1353512
44006677,5,1353512
44007890,9,1353512
44009102,5,1349760
44010314,4,1349760
44011527,5,1349760
44012738,6,1349760
44013951,7,1349760
44015163,7,1349760
44016375,7,1349760
44017588,4,1349760
44018799,8,1349760
44020012,5,1346728
44021225,2,1346728
44022436,7,1346728
44023648,9,1346728
44024861,6,1346728
44026073,6,1346728
44027285,4,1346728
44028498,2,1346728
44029710,4,1346728
44030923,6,1352947
44032134,5,1352947
44033347,9,1352947
44034559,7,1352947
44035772,7,1352947
44036984,5,1352947
44038196,6,1352947
44039409,5,1352947
44040621,7,1352947
44041834,5,1349812
44043045,4,1349812
44044258,4,1349812
44045471,7,1349812
44046683,5,1349812
44047895,8,1349812
44049107,4,1349812
44050320,6,1349812
44051532,4,1349812
44052744,8,1352330
44053957,3,1352330
44055170,8,1352330
44056381,6,1352330
44057594,8,1352330
44058806,7,1352330
44066081,5,1352330
44067293,3,1352330
44068506,11,1352330
44069717,7,1352330
44070930,7,1352330
44072143,4,1352330
44073355,8,1352330
44074567,5,1351713
44075779,0,1349709
44076992,3,1349709
44078204,7,1349709
44079416,2,1349709
44080630,2,1349709
44081841,4,1349709
44083053,7,1349709
44084267,2,1349709
44085479,5,1349709
44086690,4,1345752
44087903,3,1345752
44089115,0,1345752
44090328,3,1345752
44091540,5,1345752
44092753,6,1345752
44093965,4,1345752
44095177,0,1345752
44096389,3,1345752
44097602,5,1349914
44098815,5,1349914
44100026,1,1349914
44101238,3,1349914
44102451,3,1349914
44103664,5,1349914
44104876,5,1349914
44106088,5,1349914
44107300,3,1349914
44108513,4,1347550
44109725,3,1347550
44110937,6,1347550
44112150,3,1347550
44113363,4,1347550
44114574,3,1347550
44115787,3,1347550
44116999,1,1347550
44118212,4,1347550
44119425,3,1347602
44120636,5,1347602
44121848,-14,1347602
44123061,10,1347602
44124273,3,1347602
44125485,3,1347602
44126697,7,1347602
44127911,5,1347602
44129122,4,1347602
44130335,4,1347664
44131547,6,758864
44132760,8,758864
44133971,4,758864
44135184,7,758864
44136396,4,758864
44137609,4,758864
44138820,4,758864
44140033,4,758864
44141246,3,758976
44142458,8,761536
44150943,1,761536
44152156,11,761536
44153368,6,761536
44154580,9,761536
44155793,5,761536
44157005,6,761536
44158218,4,761536
44159430,5,761536
44160643,6,761536
44161854,6,760149
44163067,4,760149
44164279,3,760149
44165491,8,760149
44166704,7,760149
44167917,8,760149
44169128,5,760149
44170340,6,760149
44171553,7,760149
44172765,7,760149
44173977,7,1336450
44175190,2,1336450
44176403,8,1336450
44177614,5,1336450
44178827,7,1336450
44180040,7,1336450
44181252,5,1336450
44182464,6,1336450
44183676,5,1336450
44184888,10,1346934
44186101,4,1346934
44187313,5,1346934
44188525,7,1346934
44189737,7,1346934
44190949,5,1346934
44192162,8,1346934
44193374,5,1346934
44194586,7,1346934
44195799,7,1349349
44197010,4,1349349
44198225,7,1349349
44199435,4,1349349
44200648,8,1349349
44201859,7,1349349
44203072,7,1349349
44204284,7,1349349
44205496,6,1349349
44206708,6,1348013
44207920,6,1348013
44209132,6,1348013
44210345,5,1348013
44211557,4,1348013
44212769,9,1348013
44213981,6,1348013
44215194,7,1348013
44216406,7,1348013
44217618,6,824594
44218830,2,824594
44220043,8,824594
44221255,5,824594
44222467,5,824594
44223679,5,824594
44224891,8,824594
44226104,5,824594
44227315,9,824594
44234589,10,824594
44235802,5,824594
44237013,4,824594
44238226,7,824594
44239438,6,758145
44240650,7,758145
44241863,6,758145
44243075,9,758145
44244287,7,758145
44245499,6,758145
44246712,7,758145
44247923,8,758145
44249135,3,758145
44250348,7,759841
44251560,9,759841
44252772,5,759841
44253984,8,759841
44255196,6,759841
44256409,5,759841
44257621,5,759841
44258833,7,759841
44260046,4,759841
44261257,4,1019469
44262469,5,1347499
44263681,5,1347499
44264893,5,1347499
44266106,0,1347499
44267318,3,1347499
44268530,4,1347499
44269742,4,1347499
44270954,4,1347499
44272167,4,1347499
44273379,3,792114
44274591,3,792114
44275804,3,792114
44277016,5,792114
44278228,3,792114
44279440,3,792114
44280653,2,792114
44281865,7,792114
44283078,3,792114
44284289,6,830567
44285502,6,765031
44286714,7,765031
44287927,5,765031
44289138,3,765031
44290350,5,765031
44291563,6,765031
44292775,2,765031
44293987,3,765031
44295200,6,760457
44296412,2,760457
44297624,3,760457
44298836,4,760457
44300049,6,760457
44301261,4,760457
44302473,4,760457
44303685,6,760457
44304898,4,760457
44306111,4,764928
44307323,4,764928
44308535,4,764928
44309747,4,764928
44310959,6,764928
44319444,6,764928
44320657,9,764928
44321870,7,764928
44323082,5,764928
44324294,9,764928
44325506,8,764928
44326718,9,760149
44327931,7,760210
44329143,4,762770
44330355,2,762770
44331567,5,762770
44332780,2,762770
44333992,3,762770
44335204,4,762770
44336416,3,762770
44337628,4,762770
44338842,5,762770
44340053,7,762770
44341265,7,762770
44342478,7,762770
44343691,4,762770
44344903,6,762770
44346115,5,762770
44347327,6,762770
44348539,7,759686
44349752,6,759686
44350964,4,759686
44352176,4,759686
44353388,8,759686
44354601,7,759686
44355813,6,759686
44357026,6,759686
44358237,7,759686
44359450,5,759686
44360663,10,763541
44361875,5,763541
44363088,6,763541
44364299,4,763541
44365512,5,763541
44366724,6,763541
44367936,10,763541
44369148,7,763541
44370360,8,763541
44371573,6,1342360
44372785,3,1342360
44373997,3,1342360
44375210,5,1342360
44376421,9,1342360
44377633,7,1342360
44378846,5,1342360
44380058,7,1342360
44381270,4,1342360
44382483,7,1341435
44383694,5,1341435
44384907,8,1341435
44386119,5,1341435
44387332,6,1341435
44388544,4,1341435
44389756,10,1341435
44390968,7,1341435
44392180,8,1341435
44393392,4,760766
44394605,3,760766
44395816,7,760766
44403090,4,760766
44404302,9,761845
44405514,4,761845
44406727,10,761845
44407939,7,761845
44409151,7,761845
44410364,8,761845
44411576,7,761845
44412788,9,761845
44414000,6,761845
44415213,8,866272
44416424,4,866272
44417637,6,866272
44418850,8,866272
44420062,10,866272
44421273,9,866272
44422485,8,866272
44423698,5,866272
44424910,5,866272
44426123,-2,1343902
44427334,6,1343902
44428547,3,1343902
44429760,10,1343902
44430971,8,1343902
44432183,8,1343902
44433396,5,1343902
44434608,8,1343902
44435820,5,1343902
44437033,6,1234438
44438244,3,1234438
44439457,6,1234438
44440669,6,1234438
44441881,7,1234438
44443094,6,1234438
44444306,4,1234438
44445518,7,1234438
44446730,8,1234438
44447943,7,759430
44449155,2,761588
44450367,8,761588
44451579,0,761588
44452791,4,761588
44454003,5,761588
44455215,4,761588
44456428,3,761588
44457640,4,761588
44458852,4,761588
44460064,8,760354
44461276,6,760354
44462488,5,760354
44463701,4,760354
44464913,3,760354
44466125,2,760354
44467338,4,760354
44468549,3,760354
44469761,6,760354
44470974,5,758864
44472186,6,758864
44473398,4,758864
44474610,3,758864
44475822,3,758864
44477035,4,758864
44478247,5,758864
44479459,7,758864
44487945,2,758864
44489158,8,758864
44490369,8,758864
44491582,8,758556
44492794,3,758718
44494006,5,761022
44495218,4,761022
44496431,4,761022
44497643,5,761022
44498855,6,761022
44500067,6,761022
44501280,4,761022
44502492,4,761022
44503704,5,760959
44504916,4,757631
44506128,0,757631
44507341,4,757631
44508553,6,757631
44509765,4,757631
44510977,4,757631
44512190,4,757631
44513402,3,757631
44514614,4,757631
44515827,4,757631
44517039,6,757631
44518251,7,757631
44519463,7,757631
44520675,5,757631
44521887,8,757631
44523099,7,757631
44524311,5,757631
44525523,6,757631
44526736,3,757631
44527948,9,757631
44529161,6,757631
44530372,6,757631
44531585,7,757631
44532797,5,757631
44534009,7,757631
44535221,6,757631
44536433,7,758659
44537646,6,758659
44538858,6,758659
44540070,5,758659
44541282,4,758659
44542495,7,758659
44543707,5,758659
44544919,8,758659
44546131,5,758659
44547344,5,761331
44548555,8,761331
44549768,8,761331
44550980,9,761331
44552192,7,761331
44553404,7,761331
44554617,7,761331
44555829,9,761331
44557042,7,761331
44558253,6,759121
44559465,4,759121
44560678,7,759121
44561890,5,759121
44563103,5,759121
44564314,7,759121
44571588,10,759121
44572800,6,759121
44574013,5,759121
44575224,8,759121
44576437,6,759121
44577649,8,759121
44578862,6,759121
44580074,7,758864
44581286,5,758864
44582499,6,758864
44583710,7,758864
44584923,7,758864
44586135,8,758864
44587348,7,758864
44588560,6,758864
44589771,4,758864
44590984,4,759430
44592196,3,759430
44593408,7,759430
44594621,8,759430
44595833,5,759430
44597046,4,759430
44598258,9,759430
44599470,8,759430
44600683,9,759430
44601895,8,757733
44603107,1,757733
44604320,6,757733
44605532,6,757733
44606744,4,757733
44607956,8,757733
44609169,6,757733
44610381,6,757733
44611594,3,757733
44612806,5,759327
44614017,4,759327
44615230,5,759327
44616442,6,759327
44617654,5,759327
44618866,8,759327
44620079,3,759327
44621291,8,759327
44622503,7,759327
44623715,7,762410
44624928,2,758299
44626140,4,758299
44627352,4,758299
44628565,9,758299
44629777,4,758299
44630989,6,758299
44632201,3,758299
44633413,4,758299
44634626,6,758299
44635838,3,760920
44637050,3,760920
44638262,2,760920
44639474,5,760920
44640687,3,760920
44641900,4,760920
44643112,4,760920
44644324,3,760920
44645536,4,760920
44646748,4,757425
44647961,4,757425
44656446,7,757425
44657659,5,761228
44658871,4,761228
44660083,5,761228
44661295,4,761228
44662507,3,761228
44663720,4,761228
44664932,3,761228
44666144,5,761228
44667356,6,761228
44668569,5,757785
44669781,2,757785
44670993,3,757785
44672205,5,757785
44673418,3,757785
44674630,4,757785
44675842,5,757785
44677054,7,757785
44678267,4,757785
44679479,4,757769
44680691,4,753417
44681903,4,753417
44683116,3,753417
44684328,4,753417
44685540,3,753417
44686753,5,753417
44687964,6,753417
44689177,5,753417
44690390,2,753600
44691601,4,761536
44692814,2,761536
44694026,5,761536
44695238,3,761536
44696451,3,761536
44697664,5,761536
44698876,6,761536
44700087,5,761536
44701300,4,761536
44702513,6,761536
44703726,4,761536
44704938,5,761536
44706149,7,761536
44707361,8,761536
44708574,9,761536
44709787,4,761536
44710999,6,761331
44712211,5,761331
44713423,2,761331
44714636,9,761331
44715848,6,761331
44717061,9,761331
44718272,7,761331
44719485,7,761331
44720697,6,761331
44721909,6,761331
44723122,4,756243
44724335,4,756243
44725547,7,756243
44726759,8,756243
44727971,8,756243
44729184,8,756243
44730396,4,756243
44731608,6,756243
44732820,5,756243
44740094,2,756243
44741307,5,756243
44742519,5,756243
44743731,6,756243
44744944,8,758145
44746156,4,758145
44747368,7,758145
44748580,8,758145
44749794,6,758145
44751005,9,758145
44752218,7,758145
44753430,6,758145
44754643,4,758145
44755854,7,760252
44757067,5,760252
44758279,7,760252
44759492,8,760252
44760704,5,760252
44761917,4,760252
44763128,4,760252
44764341,7,760252
44765554,6,760252
44766766,8,757477
44767978,4,757477
44769191,4,757477
44770402,5,757477
44771615,6,757477
44772827,8,757477
44774040,8,757477
44775252,4,757477
44776464,7,757477
44777677,6,752903
44778890,4,752903
44780102,6,752903
44781314,4,752903
44782526,6,752903
44783738,6,752903
44784950,6,752903
44786162,6,752903
44787375,4,752903
44788587,9,757785
44789800,3,757785
44791012,8,757785
44792224,7,757785
44793436,5,757785
44794648,6,757785
44795860,8,757785
44797073,7,757785
44798285,5,757785
44799497,8,753776
44800709,5,753776
44801922,7,753776
44803134,6,753776
44804347,5,753776
44805558,4,753776
44806771,6,753776
44807983,6,753776
44809195,7,753776
44810408,4,754393
44811619,4,752954
44812832,2,752954
44814044,4,752954
44815256,5,752954
44816469,7,752954
44824954,4,752954
44826167,6,752954
44827379,8,752954
44828591,6,752954
44829803,3,752954
44831016,9,752954
44832228,9,756089
44833440,5,751001
44834653,4,751001
44835864,7,751001
44837076,5,751001
44838289,4,751001
44839502,3,751001
44840713,3,751001
44841926,5,751001
44843138,0,751001
44844350,4,754804
44845562,9,754804
44846775,3,754804
44847986,3,754804
44849199,4,754804
44850411,4,754804
44851623,5,754804
44852835,4,754804
44854048,4,754804
44855260,4,754804
44856472,2,754804
44857685,2,754804
44858897,4,754804
44860110,4,754804
44861321,4,754804
44862533,3,754804
44863745,8,754804
44864958,2,754804
44866170,4,754732
44867383,3,749100
44868595,5,749100
44869806,1,749100
44871019,4,749100
44872231,2,749100
44873444,5,749100
44874655,8,749100
44875868,7,749100
44877080,3,749122
44878292,4,755010
44879505,4,755010
44880717,4,755010
44881929,4,755010
44883141,3,755010
44884353,3,755010
44885566,3,755010
44886778,2,755010
44887991,4,755010
44889202,4,755010
44890415,5,755010
44891627,7,755010
44892839,8,755010
44894052,12,755010
44895264,8,755010
44896476,6,755010
44897688,6,755010
44898901,4,749048
44900112,5,749048
44901325,7,749048
44908598,9,749048
44909811,7,750847
44911023,4,750847
44912235,7,750847
44913447,6,750847
44914659,8,750847
44915871,7,750847
44917084,8,750847
44918296,7,750847
44919508,5,750847
44920720,4,747198
44921932,6,747198
44923145,8,747198
44924357,7,747198
44925570,5,747198
44926782,7,747198
44927993,9,747198
44929206,7,747198
44930419,6,747198
44931631,7,749203
44932842,4,749203
44934055,6,749203
44935267,7,749203
44936480,8,749203
44937692,7,749203
44938904,8,749203
44940116,3,749203
44941328,6,749203
44942541,7,744680
44943753,7,744680
44944965,8,744680
44946177,7,744680
44947390,5,744680
44948602,7,744680
44949814,6,744680
44951026,7,744680
44952239,6,744680
44953451,6,749511
44954663,5,749511
44955875,4,749511
44957087,3,749511
44958300,8,749511
44959512,7,749511
44960724,6,749511
44961937,6,749511
44963149,5,749511
44964361,7,745194
44965573,4,745194
44966786,6,745194
44967998,5,745194
44969210,4,745194
44970423,4,745194
44971635,8,745194
44972847,9,745194
44974060,8,745194
44975271,7,748586
44976484,4,748586
44977696,6,748586
44978908,5,748586
44980121,4,748586
44981333,9,748586
44982546,8,748586
44983757,10,748586
44984970,3,748586
44993456,7,748586
44994668,5,748586
44995880,10,748586
44997093,3,751618
44998305,4,751310
44999518,4,751310
45000730,5,751310
45001942,4,751310
45003155,4,751310
45004367,6,751310
45005579,3,751310
45006792,3,751310
45008004,3,751310
45009216,3,750950
45010428,4,750950
45011640,5,750950
45012853,2,750950
45014065,8,750950
45015278,5,750950
45016490,3,750950
45017701,4,750950
45018915,5,750950
45020126,5,753160
45021339,5,753160
45022551,4,753160
45023763,6,753160
45024976,5,753160
45026188,6,753160
45027400,3,753160
45028613,5,753160
45029824,5,753160
45031037,5,753725
45032249,4,753725
45033461,5,753725
45034673,2,753725
45035886,5,753725
45037098,5,753725
45038310,3,753725
45039522,3,753725
45040735,3,753725
45041947,2,753821
45043160,4,752029
45044372,5,752029
45045584,3,752029
45046796,2,752029
45048009,4,752029
45049221,4,752029
45050434,2,752029
45051645,3,752029
45052858,6,752012
45054070,4,747404
45055283,4,747404
45056494,4,747404
45057707,4,747404
45058920,4,747404
45060131,5,747404
45061344,3,747404
45062556,6,747404
45063769,5,747404
45064981,3,747404
45066194,11,747404
45067405,7,747404
45068618,4,747404
45069830,6,747404
45077103,5,747404
45078316,7,747404
45079528,6,747404
45080740,9,747404
45081953,7,747404
45083165,8,747404
45084377,8,747404
45085590,7,749357
45086802,3,749357
45088014,6,749357
45089227,6,749357
45090439,7,749357
45091651,5,749357
45092863,7,749357
45094076,5,749357
45095288,4,749357
45096500,6,752286
45097713,3,752286
45098925,6,752286
45100137,6,752286
45101349,7,752286
45102562,6,752286
45103774,5,752286
45104986,5,752286
45106199,4,752286
45107411,5,752286
45108623,5,752286
45109835,7,752286
45111048,10,752286
45112260,6,752286
45113472,4,752286
45114684,4,752286
45115897,4,752286
45117108,6,752286
45118321,6,751104
45119533,4,751104
45120746,6,751104
45121958,8,751104
45123170,10,751104
45124383,9,751104
45125595,7,751104
45126807,5,751104
45128019,3,751104
45129231,5,750487
45130444,5,750487
45131656,10,750487
45132868,7,750487
45134080,5,750487
45135293,5,750487
45136506,9,750487
45137717,6,750487
45138930,6,750487
45140141,7,752954
45141354,5,752954
45142567,7,752954
45143778,5,752954
45144991,8,752954
45146203,8,752954
45147415,7,752954
45148628,6,752954
45149839,3,752954
45151052,6,748226
45152264,4,748226
45153476,6,748226
45160750,8,748226
45161962,9,747764
45163175,2,747764
45164387,4,747764
45165599,8,747764
45166811,3,747764
45168024,6,747764
45169235,7,747764
45170448,5,747764
45171660,5,747764
45172872,8,746684
45174084,4,746376
45175296,3,746376
45176509,4,746376
45177721,6,746376
45178933,3,746376
45180145,5,746376
45181357,5,746376
45182570,5,746376
45183783,4,746376
45184994,4,746582
45186207,4,746582
45187419,4,746582
45188632,4,746582
45189844,4,746582
45191055,8,746582
45192268,6,746582
45193480,6,746582
45194693,6,746582
45195905,5,746582
45197117,0,746582
45198329,2,746582
45199541,0,746582
45200754,8,746582
45201966,4,746582
45203178,4,746582
45204390,3,746582
45205603,3,746582
45206815,2,747610
45208027,5,747610
45209240,4,747610
45210452,4,747610
45211664,4,747610
45212877,5,747610
45214088,3,747610
45215301,4,747610
45216513,5,747610
45217726,5,746479
45218938,3,746479
45220151,5,746479
45221363,3,746479
45222575,5,746479
45223787,3,746479
45224999,6,746479
45226212,3,746479
45227424,3,746479
45228636,4,746493
45229848,4,750333
45231060,10,750333
45232272,4,750333
45233485,4,750333
45234697,5,750333
45235909,0,750333
45237122,6,750333
45244501,5,750333
45245608,9,750333
45246819,7,750333
45248032,7,750333
45249244,7,746839
45250456,3,746839
45251668,5,746839
45252881,6,746839
45254093,7,746839
45255306,7,746839
45256517,5,746839
45257730,6,746839
45258942,8,746839
45260155,8,752337
45261366,6,752337
45262579,4,752337
45263791,4,752337
45265003,7,752337
45266216,7,752337
45267428,8,752337
45268640,9,752337
45269853,7,752337
45271065,8,752337
45272278,5,745297
45273490,3,745297
45274702,6,745297
45275914,7,745297
45277127,9,745297
45278339,6,745297
45279551,7,745297
45280763,8,745297
45281975,5,745297
45283187,7,747147
45284400,4,747147
45285612,5,747147
45286824,7,747147
45288036,5,747147
45289249,7,747147
45290461,7,747147
45291674,7,747147
45292886,8,747147
45294098,6,746633
45295311,5,746633
45296523,5,746633
45297735,6,746633
45298947,6,746633
45300159,5,746633
45301372,6,746633
45302584,7,746633
45303796,4,746633
45305008,4,747764
45306221,5,747764
45307433,7,747764
45308645,7,747764
45309857,6,747764
45311070,6,747764
45312281,9,747764
45313493,5,747764
45314707,4,747764
45315918,6,750487
45317130,3,750487
45318343,7,750487
45319555,6,750487
45320767,6,751361
45328041,16,751361
45329254,10,751361
45330466,7,751361
45331677,6,751361
45332889,7,751361
45334102,6,751361
45335314,4,751361
45336527,6,751361
45337739,6,752903
45338951,5,752903
45340163,6,752903
45341376,6,752903
45342588,6,752903
45343799,5,752903
45345012,7,752903
45346224,7,752903
45347436,7,752903
45348649,7,751464
45349861,6,751464
45351074,7,751464
45352285,7,751464
45353497,7,751464
45354710,9,751464
45355923,7,751464
45357135,7,751464
45358347,8,751464
45359559,8,755729
45360771,5,752337
45361984,5,752337
45363196,4,752337
45364408,3,752337
45365620,3,752337
45366832,4,752337
45368045,4,752337
45369257,4,752337
45370469,9,752337
45371682,5,756397
45372894,5,756397
45374106,4,756397
45375318,5,756397
45376531,4,756397
45377743,4,756397
45378956,5,756397
45380167,5,756397
45381380,4,756397
45382592,3,754085
45383805,4,754085
45385016,3,754085
45386229,3,754085
45387441,4,754085
45388654,3,754085
45389866,8,754085
45391078,4,754085
45392290,4,754085
45393502,5,756397
45394715,4,756397
45395927,3,756397
45397139,4,756397
45398351,4,756397
45399564,7,756397
45400776,2,756397
45401988,3,756397
45403200,2,756397
45404412,5,756397
45412898,8,756397
45414110,5,758042
45415323,3,758251
45416535,4,759275
45417747,5,759275
45418959,5,759275
45420172,4,759275
45421384,3,759275
45422596,6,759275
45423809,3,759275
45425021,3,759275
45426234,6,759049
45427446,5,753417
45428658,4,753417
45429871,3,753417
45431082,4,753417
45432295,3,753417
45433508,7,753417
45434720,3,753417
45435932,3,753417
45437144,3,753417
45438356,4,753417
45439568,10,753417
45440780,8,753417
45441992,7,753417
45443205,5,753417
45444417,6,753417
45445629,6,753417
45446842,4,753417
45448054,8,758402
45449265,6,758402
45450478,6,758402
45451690,6,758402
45452903,5,758402
45454114,8,758402
45455327,8,758402
45456539,5,758402
45457751,6,758402
45458963,7,756757
45460176,4,756757
45461389,7,756757
45462600,6,756757
45463813,4,756757
45465025,7,756757
45466236,6,756757
45467448,4,756757
45468661,8,756757
45469873,6,756089
45471086,5,756089
45472298,7,756089
45473509,7,756089
45474722,6,756089
45475933,7,756089
45477146,6,756089
45478359,7,756089
45479571,8,756089
45480782,7,757836
45481994,2,757836
45483206,10,757836
45484419,8,757836
45485631,7,757836
45486843,7,757836
45488055,10,757836
45489268,4,757836
45496542,9,757836
45497754,10,757836
45498966,5,757836
45500177,5,757836
45501390,5,757836
45502602,8,754136
45503814,4,754136
45505026,8,754136
45506239,6,754136
45507450,6,754136
45508663,7,754136
45509875,8,754136
45511087,3,754136
45512299,8,754136
45513511,8,754650
45514724,5,754650
45515936,6,754650
45517148,9,754650
45518360,7,754650
45519572,7,754650
45520785,6,754650
45521997,7,754650
45523210,6,754650
45524422,6,753982
45525633,3,753982
45526846,10,753982
45528059,11,753982
45529271,2,753982
45530482,6,753982
45531695,8,753982
45532907,8,753982
45534120,6,753982
45535332,6,748740
45536543,4,752132
45537757,6,752132
45538968,5,752132
45540180,5,752132
45541393,3,752132
45542605,4,752132
45543817,2,752132
45545029,4,752132
45546241,3,752132
45547453,4,753262
45548665,5,753262
45549877,2,753262
45551090,6,753262
45552302,4,753262
45553514,3,753262
45554726,2,753262
45555938,5,753262
45557150,4,753262
45558363,6,747507
45559576,4,747507
45560787,3,747507
45561999,4,747507
45563211,4,747507
45564424,3,747507
45565636,3,747507
45566848,4,747507
45568060,9,747507
45569272,6,755318
45570484,6,755318
45571697,4,755318
45572909,7,753931
45581395,5,753931
45582607,5,753931
45583819,2,753931
45585031,6,753931
45586243,5,753931
45587456,3,753931
45588667,6,753931
45589880,2,753931
45591092,5,754033
45592304,7,754033
45593516,5,754033
45594728,5,754033
45595940,7,754033
45597152,4,754033
45598365,6,754033
45599577,5,754033
45600789,5,754033
45602002,5,754170
45603213,4,749562
45604425,2,749562
45605638,4,749562
45606850,3,749562
45608062,7,749562
45609274,5,749562
45610486,4,749562
45611698,5,749562
45612911,4,749562
45614123,3,749562
45615336,6,749562
45616547,6,749562
45617759,8,749562
45618972,6,749562
45620184,8,749562
45621396,7,749562
45622609,6,758299
45623820,4,758299
45625033,3,758299
45626244,7,758299
45627457,5,758299
45628669,6,758299
45629881,5,758299
45631094,7,758299
45632305,7,758299
45633518,8,758299
45634730,8,752440
45635942,7,752440
45637155,7,752440
45638367,11,752440
45639579,8,752440
45640791,7,752440
45642003,8,752440
45643215,8,752440
45644428,6,752440
45645640,6,755524
45646852,4,755524
45648065,8,755524
45649277,8,755524
45650489,6,755524
45651701,6,755524
45652914,7,755524
45654126,7,755524
45655338,6,755524
45656551,6,755729
45657763,10,755729
45666248,4,755729
45667460,7,757733
45668673,4,757733
45669885,8,757733
45671098,5,757733
45672309,6,757733
45673522,5,757733
45674734,5,757733
45675947,4,757733
45677158,7,757733
45678371,7,756757
45679583,4,756757
45680795,3,756757
45682008,2,756757
45683220,4,756757
45684432,7,756757
45685644,9,756757
45686856,6,756757
45688069,4,756757
45689281,4,756552
45690494,7,756552
45691706,7,756552
45692918,9,756552
45694130,2,756552
45695343,7,756552
45696555,8,756552
45697767,6,756552
45698979,9,756552
45700192,9,756552
45701404,1,756552
45702616,8,756552
45703829,7,756552
45705041,6,756552
45706253,7,756552
45707465,6,756552
45708677,7,756552
45709890,6,756552
45711102,5,756911
45712315,5,756911
45713527,6,756911
45714739,9,756911
45715951,6,756911
45717163,6,756911
45718376,11,756911
45719588,4,756911
45720800,6,756911
45722012,5,755010
45723225,4,755575
45724436,5,755575
45725648,4,755575
45726861,8,755575
45728073,4,755575
45729285,4,755575
45730497,5,755575
45731710,4,755575
45732922,2,755575
45734134,5,755421
45735347,5,755421
45736558,8,755421
45737771,3,755421
45738983,5,755421
45740195,3,755421
45741407,2,755421
45742620,6,755421
45751105,4,755421
45752317,6,755421
45753530,8,755421
45754742,8,757014
45755954,3,754393
45757167,4,754393
45758379,3,754393
45759591,4,754393
45760802,0,754393
45762016,4,754393
45763227,5,754393
45764439,4,754393
45765651,4,754393
45766864,7,754393
45768076,5,754393
45769288,4,754393
45770500,3,754393
45771712,2,754393
45772925,2,754393
45774137,4,754393
45775350,3,754393
45776561,9,754393
45777774,4,754404
45778985,4,757220
45780198,4,757220
45781411,3,757220
45782622,3,757220
45783835,2,757220
45785047,5,757220
45786259,4,757220
45787471,3,757220
45788683,-1,757199
45789895,5,751823
45791107,4,751823
45792320,4,751823
45793531,6,751823
45794744,4,751823
45795956,5,751823
45797169,5,751823
45798380,5,751823
45799593,4,751823
45800805,3,751823
45802017,7,751823
45803228,5,751823
45804441,5,751823
45805654,7,751823
45806866,8,751823
45808078,6,751823
45809289,6,751823
45810502,8,755318
45811714,5,755318
45812926,7,755318
45814138,8,755318
45815351,6,755318
45816563,8,755318
45817775,5,755318
45818987,8,755318
45820200,6,755318
45821412,6,751155
45822624,4,751155
45823837,4,751155
45825049,8,751155
45826261,8,751155
45827473,5,751155
45834746,9,751155
45835959,7,751155
45837171,6,751155
45838383,5,751155
45839595,6,751155
45840807,5,751155
45842020,9,751155
45843232,4,753520
45844444,2,753520
45845657,3,753520
45846869,8,753520
45848081,9,753520
45849292,11,753520
45850505,6,753520
45851718,6,753520
45852930,7,753520
45854141,6,753982
45855354,3,753982
45856566,8,753982
45857779,5,753982
45858991,6,753982
45860203,6,753982
45861415,6,753982
45862628,6,753982
45863839,6,753982
45865052,9,755524
45866265,5,755524
45867476,7,755524
45868688,7,755524
45869901,7,755524
45871113,8,755524
45872325,6,755524
45873537,9,755524
45874750,6,755524
45875962,5,753725
45877174,0,753725
45878386,3,753725
45879599,5,753725
45880812,4,753725
45882024,5,753725
45883236,9,753725
45884448,9,753725
45885660,7,753725
45886872,6,758607
45888084,2,758607
45889296,4,758607
45890509,3,758607
45891722,7,758607
45892933,6,758607
45894145,9,758607
45895357,8,758607
45896570,2,758607
45897782,6,754033
45898994,6,756860
45900207,6,756860
45901419,2,756860
45902632,3,756860
45903844,6,756860
45905055,8,756860
45906268,4,756860
45907480,5,756860
45908692,4,756860
45909904,3,750899
45911116,6,750899
45918501,1,750899
45919601,2,750899
45920814,1,750899
45922026,8,750899
45923238,6,750899
45924451,3,750899
45925663,8,750899
45926875,6,750899
45928087,8,750899
45929299,8,750899
45930511,5,755267
45931724,3,753674
45932936,4,753674
45934148,5,753674
45935360,8,753674
45936572,5,753674
45937784,4,753674
45938996,3,753674
45940208,4,753674
45941420,5,753674
45942632,5,751978
45943845,4,751978
45945057,10,751978
45946270,2,751978
45947481,5,751978
45948693,3,751978
45949905,5,751978
45951118,5,751978
45952330,4,751978
45953542,5,752082
45954755,6,752594
45955967,4,752594
45957179,4,752594
45958391,3,752594
45959603,3,752594
45960815,4,752594
45962027,2,752594
45963240,7,752594
45964452,5,752447
45965664,6,754239
45966876,6,754239
45968088,5,754239
45969300,3,754239
45970513,5,754239
45971725,5,754239
45972937,4,754239
45974149,4,754239
45975361,6,754239
45976574,2,754239
45977786,6,754239
45978998,9,754239
45980211,8,754239
45981423,5,754239
45982634,9,754239
45983847,8,754239
45985059,9,753725
45986271,4,753725
45987483,4,753725
45988695,9,753725
45989907,7,753725
45991120,5,753725
45992332,8,753725
45993544,8,753725
45994756,8,753725
46002029,10,753725
46003241,5,753725
46004453,7,753725
46005666,6,753725
46006878,8,753725
46008090,5,756757
46009302,4,756757
46010515,7,756757
46011726,4,756757
46012938,6,756757
46014151,6,756757
46015363,11,756757
46016575,8,756757
46017787,6,756757
46018999,5,751875
46020211,4,751875
46021424,4,751875
46022636,7,751875
46023848,9,751875
46025060,10,751875
46026272,8,751875
46027484,6,751875
46028696,5,751875
46029909,5,757579
46031121,6,757579
46032333,5,757579
46033545,9,757579
46034757,10,757579
46035970,7,757579
46037182,10,757579
46038395,7,757579
46039606,6,757579
46040819,6,754650
46042031,4,754650
46043242,5,754650
46044455,4,754650
46045667,6,754650
46046880,6,754650
46048092,3,754650
46049303,8,754650
46050516,6,754650
46051728,6,757733
46052941,4,757733
46054152,7,757733
46055365,10,757733
46056577,5,757733
46057789,5,757733
46059001,5,757733
46060213,8,757733
46061425,7,757733
46062638,7,757733
46063850,5,757733
46065063,13,757733
46066274,6,757733
46067487,9,757733
46068699,11,757733
46069911,30,757733
46071123,-125,757733
46072336,0,757733
46073548,13,1153549
46074761,3,1153549
46075972,5,1153549
46077186,6,1153549
46078397,11,569274
46085671,6,759738
46086883,0,759738
46088096,12,759738
46089307,5,759738
46090519,5,759738
46091732,5,759738
46092944,4,759738
46094156,5,759738
46095368,5,759738
46096581,4,761999
46097793,2,761999
46099005,4,761999
46100218,7,761999
46101431,4,761999
46102643,3,761999
46103855,5,761999
46105067,6,761999
46106279,5,761999
46107491,4,759275
46108703,5,759275
46109916,2,759275
46111128,3,759275
46112341,3,759275
46113553,7,759275
46114765,5,759275
46115977,5,759275
46117189,2,759275
46118402,2,760560
46119614,3,760560
46120826,2,760560
46122039,4,760560
46123251,4,760560
46124463,2,760560
46125676,3,760560
46126888,18,760560
46128100,2,760560
46129312,7,760560
46130524,7,760560
46131737,7,760560
46132949,0,760560
46134162,4,760560
46135374,-9,760560
46136586,7,760560
46137799,5,760560
46139012,-1,760560
46140225,4,760457
46141436,2,760457
46142648,2,760457
46143861,5,760457
46145073,5,760457
46146286,2,760457
46147499,3,760457
46148710,4,760457
46149923,4,760457
46151136,14,760372
46152348,-2,764980
46153560,34,764980
46154773,-6,764980
46155985,1,764980
46157198,-15,764980
46158411,11,764980
46159622,0,764980
46160835,8,764980
46162047,7,764980
46170535,6,764980
46171747,5,770273
46172959,5,770273
46174171,5,770273
46175384,4,770273
46176596,5,770273
46177808,4,770273
46179021,0,770273
46180233,6,770273
46181446,7,770273
46182659,5,770273
46183871,5,749819
46185083,3,749819
46186296,6,749819
46187508,9,749819
46188720,6,749819
46189934,6,749819
46191145,7,749819
46192358,6,749819
46193570,8,749819
46194783,7,769194
46195996,4,769194
46197208,7,769194
46198420,6,769194
46199633,7,769194
46200845,7,769194
46202058,10,769194
46203270,4,769194
46204482,8,769194
46205695,4,764723
46206908,4,764723
46208120,4,764723
46209332,7,764723
46210545,5,764723
46211758,9,764723
46212969,7,764723
46214183,6,764723
46215395,6,764723
46216607,7,762462
46217819,5,762462
46219031,6,762462
46220244,5,762462
46221456,7,762462
46222669,6,762462
46223881,8,762462
46225094,6,762462
46226306,7,762462
46227519,7,761896
46228731,5,761896
46229943,6,761896
46231156,5,761896
46232368,7,761896
46233581,5,761896
46234793,4,761896
46236005,5,761896
46237218,9,761896
46238431,5,766008
46239643,4,766008
46240855,6,766008
46242068,7,766008
46243280,7,766008
46244493,6,766008
46245705,4,766008
46246918,6,766008
46255405,6,766008
46256618,5,766008
46257830,5,766008
46259043,5,766008
46260255,7,759944
46261468,3,759944
46262680,9,759944
46263892,4,759944
46265105,6,759944
46266317,8,759944
46267531,6,759944
46268742,7,759944
46269955,9,759944
46271168,7,757991
46272380,5,760149
46273593,5,760149
46274806,4,760149
46276018,3,760149
46277231,2,760149
46278443,2,760149
46279655,3,760149
46280868,1,760149
46282080,3,760149
46283293,3,759121
46284505,5,759121
46285718,3,759121
46286930,4,759121
46288143,5,759121
46289356,1,759121
46290568,3,759121
46291780,3,759121
46292993,4,759121
46294206,4,758659
46295419,3,758659
46296631,4,758659
46297844,2,758659
46299056,8,758659
46300268,4,758659
46301481,2,758659
46302693,3,758659
46303906,3,758659
46305118,4,756089
46306331,5,756089
46307544,2,756089
46308756,6,756089
46309969,5,756089
46311182,4,756089
46312394,1,756089
46313606,3,756089
46314819,3,756089
46316032,5,756089
46317244,3,756089
46318456,4,756089
46319669,4,756089
46320881,4,756089
46322094,-7,756089
46323306,5,756089
46324518,5,756089
46325731,5,756089
46326943,4,756145
46328156,1,757425
46329368,6,757425
46330581,7,757425
46331793,9,757425
46340281,7,757425
46341493,7,757425
46342706,7,757425
46343918,7,757425
46345130,3,757425
46346343,8,757425
46347556,5,765083
46348769,4,765083
46349981,5,765083
46351193,7,765083
46352406,11,765083
46353618,11,765083
46354831,6,765083
46356043,8,765083
46357256,4,765083
46358468,8,760406
46359680,33,760406
46360893,10,760406
46362105,8,760406
46363318,7,760406
46364531,6,760406
46365743,5,760406
46366955,8,760406
46368168,8,760406
46369380,5,760406
46370593,5,760252
46371806,2,760252
46373019,6,760252
46374230,7,760252
46375443,8,760252
46376656,10,760252
46377868,5,760252
46379081,7,760252
46380294,6,760252
46381506,3,758093
46382718,3,758093
46383931,3,758093
46385144,14,758093
46386356,4,758093
46387568,22,758093
46388780,6,758093
46389993,18,758093
46391205,9,758093
46392418,44,760046
46393630,17,760046
46394843,11,760046
46396055,15,760046
46397268,9,760046
46398480,7,760046
46399693,9,760046
46400905,7,760046
46402118,3,760046
46403331,26,765494
46404543,-4,765494
46405755,11,765494
46406968,6,765494
46408180,7,765494
46409393,7,765494
46410606,0,765494
46411817,30,765494
46413031,4,765494
46414242,14,737588
46415455,6,737588
46416668,5,737588
46423943,4,737588
46425156,3,767138
46426368,4,767138
46427581,5,767138
46428794,4,767138
46430005,6,767138
46431218,6,767138
46432430,6,767138
46433643,8,767138
46434855,7,767138
46436068,9,761022
46437281,3,761022
46438493,5,761022
46439706,6,761022
46440918,6,761022
46442130,7,761022
46443344,5,761022
46444556,7,761022
46445768,7,761022
46446981,5,763849
46448193,4,763849
46449406,3,763849
46450619,4,763849
46451831,8,763849
46453044,6,763849
46454256,9,763849
46455468,6,763849
46456682,7,763849
46457894,7,763284
46459107,4,769245
46460319,3,769245
46461531,4,769245
46462744,4,769245
46463956,3,769245
46465169,3,769245
46466382,6,769245
46467594,5,769245
46468807,3,769245
46470019,4,765956
46471232,4,765956
46472444,3,765956
46473657,5,765956
46474870,3,765956
46476082,4,765956
46477294,3,765956
46478507,3,765956
46479720,4,765956
46480932,5,774950
46482145,3,774950
46483357,4,774950
46484571,4,774950
46485783,4,774950
46486995,5,774950
46488207,3,774950
46489420,4,774950
46490632,3,774950
46491845,4,769451
46493058,6,769451
46494271,4,769451
46495483,3,769451
46496695,4,769451
46497908,4,769451
46499121,4,769451
46500333,4,769451
46507608,5,769451
46508820,4,769451
46510032,8,769451
46511245,5,769451
46512458,7,768629
46513671,4,768589
46514883,3,771661
46516095,4,771661
46517308,5,771661
46518521,4,771661
46519733,2,771661
46520945,2,771661
46522159,3,771661
46523371,4,771661
46524583,5,771609
46525796,2,771609
46527009,2,771609
46528221,4,771609
46529434,4,771609
46530646,5,771609
46531859,6,771609
46533071,4,771609
46534284,3,771609
46535497,4,771609
46536709,6,771609
46537922,7,771609
46539135,7,771609
46540346,6,771609
46541559,5,771609
46542772,7,771609
46543984,5,771609
46545197,7,773614
46546409,3,773614
46547622,2,773614
46548834,3,773614
46550047,5,773614
46551260,6,773614
46552472,8,773614
46553685,9,773614
46554897,5,773614
46556110,4,773614
46557322,5,771815
46558535,2,771815
46559747,8,771815
46560960,8,771815
46562172,7,771815
46563386,5,771815
46564597,6,771815
46565810,7,771815
46567023,6,771815
46568235,5,775977
46569448,3,775977
46570660,5,775977
46571872,5,775977
46573085,5,775977
46574298,7,775977
46575510,8,775977
46576723,6,775977
46577935,6,775977
46579148,6,773100
46580360,6,773100
46581573,9,773100
46582786,5,773100
46583998,8,773100
46592487,6,773100
46593699,4,773100
46594911,7,773100
46596124,8,773100
46597336,8,773100
46598549,9,773100
46599762,9,773100
46600974,6,775566
46602187,6,775566
46603399,8,775566
46604612,10,775566
46605825,8,775566
46607037,5,775566
46608250,7,775566
46609463,5,775566
46610675,6,775566
46611887,6,779112
46613100,5,779112
46614312,8,779112
46615525,8,779112
46616737,7,779112
46617950,8,779112
46619163,4,779112
46620375,9,779112
46621588,10,779112
46622800,7,777057
46624013,5,777057
46625224,7,777057
46626438,7,777057
46627650,6,777057
46628862,7,777057
46630075,5,777057
46631287,8,777057
46632500,6,777057
46633712,7,779780
46634925,3,779780
46636137,7,779780
46637351,5,779780
46638563,9,779780
46639775,5,779780
46640987,9,779780
46642201,4,779780
46643413,5,779780
46644625,8,777673
46645838,4,780911
46647050,2,780911
46648263,5,780911
46649475,4,780911
46650688,4,780911
46651900,3,780911
46653113,6,780911
46654326,5,780911
46655538,5,780911
46656751,2,782350
46657963,4,782350
46659175,4,782350
46660388,3,782350
46661600,3,782350
46662813,2,782350
46664025,4,782350
46665238,3,782350
46666451,2,782350
46667663,6,782350
46668875,9,782350
46677363,11,782350
46678576,3,778393
46679788,2,778393
46681002,4,778393
46682214,5,778393
46683427,3,778393
46684639,1,778393
46685851,1,778393
46687064,6,778393
46688276,7,778393
46689489,4,778547
46690702,4,778547
46691915,3,778547
46693126,4,778547
46694339,4,778547
46695552,5,778547
46696765,6,778547
46697978,3,778547
46699189,3,778547
46700403,2,778712
46701615,3,781528
46702828,3,781528
46704040,4,781528
46705252,4,781528
46706466,5,781528
46707678,6,781528
46708890,3,781528
46710103,3,781528
46711316,4,781325
46712528,4,782093
46713741,5,782093
46714953,4,782093
46716167,4,782093
46717379,6,782093
46718591,3,782093
46719804,4,782093
46721016,3,782093
46722230,1,782093
46723441,2,782093
46724654,9,782093
46725867,5,782093
46727079,5,782093
46728292,9,782093
46729504,8,782093
46730717,5,782093
46731930,7,782813
46733142,5,782813
46734355,4,782813
46735567,6,782813
46736779,6,782813
46737992,5,782813
46739205,8,782813
46740418,5,782813
46741630,11,782813
46742842,4,782813
46744055,8,784251
46745268,4,784251
46746480,7,784251
46747692,7,784251
46748905,8,784251
46750117,8,784251
46751330,8,784251
46752542,7,784251
46753755,4,784251
46761030,12,784251
46762243,5,784251
46763455,7,784251
46764668,5,784251
46765881,4,783481
46767092,4,783481
46768305,7,783481
46769517,6,783481
46770730,5,783481
46771943,4,783481
46773155,8,783481
46774367,7,783481
46775580,7,783481
46776793,5,786050
46778005,4,786050
46779218,6,786050
46780430,8,786050
46781643,7,786050
46782855,9,786050
46784068,7,786050
46785280,6,786050
46786493,9,786050
46787706,7,782967
46788918,4,782967
46790130,7,782967
46791343,4,782967
46792556,5,782967
46793768,5,782967
46794981,6,782967
46796194,6,782967
46797406,7,782967
46798619,8,787489
46799832,3,787489
46801044,5,787489
46802256,5,787489
46803470,4,787489
46804681,8,787489
46805894,7,787489
46807106,3,787489
46808320,8,787489
46809532,5,784046
46810744,5,784046
46811957,8,784046
46813169,5,784046
46814383,8,784046
46815595,9,784046
46816807,6,784046
46818020,7,784046
46819233,10,784046
46820445,5,793245
46821658,5,793245
46822870,8,793245
46824083,6,793245
46825296,5,793245
46826508,6,793245
46827721,7,793245
46828934,8,793245
46830147,8,793245
46831359,9,786564
46832571,3,786975
46833784,1,786975
46834998,4,786975
46836209,3,786975
46837422,8,786975
46845910,4,786975
46847123,7,786975
46848336,11,786975
46849548,6,786975
46850761,9,786975
46851973,7,786975
46853187,8,784303
46854399,2,786718
46855612,4,786718
46856824,3,786718
46858036,3,786718
46859249,3,786718
46860462,0,786718
46861674,5,786718
46862888,5,786718
46864099,5,786718
46865312,5,788877
46866525,4,788877
46867738,2,788877
46868950,2,788877
46870163,4,788877
46871375,4,788877
46872588,3,788877
46873801,1,788877
46875013,6,788877
46876226,4,788363
46877439,3,788363
46878651,3,788363
46879864,5,788363
46881076,4,788363
46882289,6,788363
46883502,5,788363
46884715,4,788363
46885927,6,788363
46887140,1,788386
46888352,3,780962
46889564,8,780962
46890777,5,780962
46891990,3,780962
46893202,4,780962
46894415,3,780962
46895628,4,780962
46896840,4,780962
46898053,6,780897
46899265,5,790881
46900479,3,790881
46901691,5,790881
46902904,3,790881
46904117,4,790881
46905329,3,790881
46906543,4,790881
46907755,6,790881
46908967,4,790881
46910180,4,790881
46911392,8,790881
46912605,7,790881
46913818,5,790881
46915030,5,790881
46916243,8,790881
46917455,4,790881
46918668,9,787438
46919880,3,787438
46921093,3,787438
46922306,8,787438
46929581,9,787386
46930795,11,787386
46932006,4,787386
46933220,6,787386
46934432,8,787386
46935644,7,787386
46936857,4,787386
46938069,4,787386
46939281,7,787386
46940494,7,787386
46941707,7,784303
46942919,4,784303
46944132,5,784303
46945344,5,784303
46946557,4,784303
46947769,9,784303
46948982,6,784303
46950195,8,784303
46951407,8,784303
46952620,8,787746
46953832,2,787746
46955045,7,787746
46956257,8,787746
46957470,5,787746
46958683,6,787746
46959895,6,787746
46961107,4,787746
46962320,9,787746
46963532,6,790110
46964746,4,790110
46965957,8,790110
46967170,8,790110
46968383,7,790110
46969595,7,790110
46970808,7,790110
46972020,3,790110
46973233,7,790110
46974445,6,784303
46975658,4,784303
46976871,6,784303
46978083,5,784303
46979296,8,784303
46980508,7,784303
46981721,7,784303
46982933,4,784303
46984145,6,784303
46985358,8,790624
46986570,3,790624
46987783,4,790624
46988996,7,790624
46990208,5,790624
46991421,9,790624
46992634,8,790624
46993846,5,790624
46995059,10,790624
46996272,10,784920
46997484,5,784920
46998697,5,784920
46999910,5,784920
47001122,7,784920
47002335,5,784920
47003547,5,784920
47004759,10,784920
47005972,6,784920
47014460,5,784920
47015673,6,784920
47016885,7,784920
47018098,4,784971
47019311,4,786615
47020523,4,786615
47021735,3,786615
47022948,2,786615
47024161,3,786615
47025374,4,786615
47026585,6,786615
47027798,4,786615
47029010,5,786615
47030225,4,785844
47031436,4,785844
47032649,4,785844
47033861,6,785844
47035073,3,785844
47036286,2,785844
47037499,3,785844
47038711,3,785844
47039924,3,785844
47041136,4,782401
47042349,4,782401
47043561,4,782401
47044774,4,782401
47045987,4,782401
47047199,4,782401
47048412,4,782401
47049625,4,782401
47050838,4,782401
47052050,3,785588
47053263,0,785588
47054475,4,785588
47055687,6,785588
47056900,6,785588
47058113,3,785588
47059325,4,785588
47060538,4,785588
47061751,4,785588
47062964,4,783583
47064176,5,783583
47065389,3,783583
47066601,3,783583
47067813,2,783583
47069026,3,783583
47070239,4,783583
47071452,4,783583
47072664,4,783583
47073877,4,783585
47075089,4,784097
47076301,5,784097
47077514,4,784097
47078727,3,784097
47079940,5,784097
47081152,0,784097
47082364,6,784097
47083577,5,784097
47084790,3,783895
47086002,4,784663
47087215,2,784663
47088428,4,784663
47089640,5,784663
47090852,5,784663
47099340,8,784663
47100553,7,784663
47101766,6,784663
47102978,6,784663
47104190,8,784663
47105404,7,785999
47106616,5,785999
47107828,5,785999
47109041,7,785999
47110253,8,785999
47111466,7,785999
47112679,5,785999
47113891,7,785999
47115104,4,785999
47116316,6,785999
47117530,5,787386
47118742,3,787386
47119955,7,787386
47121167,7,787386
47122380,7,787386
47123592,5,787386
47124805,3,787386
47126017,6,787386
47127230,7,787386
47128442,7,786564
47129655,3,786564
47130868,5,786564
47132080,5,786564
47133293,7,786564
47134505,6,786564
47135719,5,786564
47136931,9,786564
47138143,5,786564
47139356,10,788157
47140569,5,788157
47141782,6,788157
47142995,8,788157
47144207,7,788157
47145419,6,788157
47146632,6,788157
47147844,9,788157
47149057,10,788157
47150269,6,789236
47151482,3,789236
47152695,6,789236
47153907,7,789236
47155119,6,789236
47156332,9,789236
47157545,6,789236
47158758,8,789236
47159970,9,789236
47161183,7,786770
47162395,5,786770
47163608,6,786770
47164820,8,786770
47166033,3,786770
47167247,8,786770
47168458,9,786770
47169671,7,786770
47170884,6,786770
47172097,7,786461
47173309,4,786461
47174522,7,786461
47175734,1,786461
47183010,14,783737
47184224,4,783737
47185435,7,783737
47186648,7,783737
47187861,5,783737
47189073,4,783737
47190286,5,783737
47191498,8,783737
47192711,6,783737
47193923,3,786821
47195136,3,786821
47196348,4,786821
47197560,6,786821
47198774,9,786821
47199986,5,786821
47201199,6,786821
47202411,8,786821
47203624,3,786821
47204836,7,784920
47206049,5,784920
47207261,6,784920
47208474,5,784920
47209687,8,784920
47210899,5,784920
47212112,7,784920
47213324,7,784920
47214537,8,784920
47215750,6,787695
47216962,4,783789
47218175,4,783789
47219388,2,783789
47220600,4,783789
47221813,4,783789
47223025,4,783789
47224239,3,783789
47225451,4,783789
47226664,4,783789
47227876,7,785176
47229089,6,785176
47230301,4,785176
47231514,3,785176
47232726,4,785176
47233939,6,785176
47235152,4,785176
47236364,5,785176
47237577,5,785176
47238789,3,779524
47240003,3,779524
47241214,4,779524
47242427,5,779524
47243640,4,779524
47244852,4,779524
47246065,6,779524
47247277,4,779524
47248490,5,779524
47249702,6,785639
47250915,5,785639
47252128,0,785639
47253340,4,785639
47254553,4,785639
47255766,6,785639
47256979,4,785639
47258191,5,785639
47259403,6,785639
47267892,5,785639
47269104,6,785639
47270316,7,784920
47271529,4,785020
47272741,4,784508
47273954,3,784508
47275167,4,784508
47276379,3,784508
47277591,4,784508
47278804,4,784508
47280016,3,784508
47281229,3,784508
47282441,2,784555
47283654,0,783275
47284867,5,783275
47286080,4,783275
47287292,4,783275
47288504,3,783275
47289716,2,783275
47290929,5,783275
47292141,4,783275
47293354,5,783275
47294566,3,783275
47295779,5,783275
47296991,5,783275
47298204,6,783275
47299416,8,783275
47300628,8,783275
47301841,7,783275
47303053,6,783326
47304267,6,783326
47305479,4,783326
47306691,7,783326
47307903,9,783326
47309116,4,783326
47310328,5,783326
47311541,4,783326
47312753,8,783326
47313966,10,783326
47315179,7,783532
47316391,0,783532
47317604,4,783532
47318816,4,783532
47320029,10,783532
47321241,7,783532
47322453,6,783532
47323666,5,783532
47324879,8,783532
47326091,4,787438
47327304,6,787438
47328516,6,787438
47329730,6,787438
47330942,7,787438
47332155,3,787438
47333366,7,787438
47334579,6,787438
47335792,6,787438
47337004,6,782145
47338217,4,782145
47339429,5,782145
47340642,7,782145
47341854,3,782145
47343067,11,782145
47344279,3,782145
47351554,10,782145
47352767,10,782145
47353979,4,782145
47355192,10,782145
47356404,6,782145
47357617,6,782145
47358830,7,785228
47360041,3,785228
47361254,5,785228
47362467,10,785228
47363679,7,785228
47364891,5,785228
47366104,5,785228
47367316,7,785228
47368529,7,785228
47369742,9,786872
47370954,5,786872
47372167,6,786872
47373379,5,786872
47374592,6,786872
47375804,7,786872
47377017,6,786872
47378229,5,786872
47379441,6,786872
47380654,8,787849
47381867,6,787849
47383079,5,787849
47384291,8,787849
47385504,7,787849
47386716,5,787849
47387928,6,787849
47389142,4,787849
47390354,7,787849
47391566,6,782813
47392778,3,782813
47393991,6,782813
47395204,11,782813
47396416,7,782813
47397628,6,782813
47398841,6,782813
47400053,7,782813
47401266,6,782813
47402478,6,787952
47403691,2,785639
47404904,3,785639
47406116,5,785639
47407328,5,785639
47408541,4,785639
47409754,6,785639
47410965,6,785639
47412178,5,785639
47413390,3,785639
47414603,4,781990
47415816,5,781990
47417029,2,781990
47418240,4,781990
47419453,3,781990
47420666,1,781990
47421878,4,781990
47423090,3,781990
47424302,3,781990
47425516,2,784663
47426727,5,784663
47427940,5,784663
47436427,1,785485
47437639,4,785485
47438852,3,785485
47440064,8,785485
47441278,5,785485
47442490,-1,785485
47443702,3,785485
47444915,5,785485
47446126,4,785485
47447340,4,785485
47448551,2,785485
47449765,3,785485
47450976,3,785485
47452189,6,785485
47453401,3,785485
47454614,4,785485
47455826,3,785485
47457039,4,785485
47458252,3,785537
47459464,4,785793
47460677,2,785793
47461889,4,785793
47463101,4,785793
47464314,6,785793
47465526,3,785793
47466739,4,785793
47467951,4,785793
47469165,4,785678
47470376,4,782350
47471589,4,782350
47472801,5,782350
47474014,4,782350
47475226,1,782350
47476439,4,782350
47477652,3,782350
47478864,5,782350
47480076,5,782350
47481289,4,782350
47482501,6,782350
47483714,8,782350
47484926,8,782350
47486139,6,782350
47487352,5,782350
47488564,6,782350
47489776,7,785074
47490989,3,785074
47492201,2,785074
47493414,5,785074
47494626,7,785074
47495839,6,785074
47497052,7,785074
47498263,5,785074
47499476,6,785074
47500689,6,785074
47501901,6,780911
47503114,3,780911
47504327,6,780911
47505539,6,780911
47506751,6,780911
47507963,7,780911
47509176,8,780911
47510388,6,780911
47511601,5,780911
47512813,6,780911
47520087,4,780911
47521300,8,780911
47522512,8,780911
47523725,7,781836
47524938,4,781836
47526150,6,781836
47527363,8,781836
47528575,6,781836
47529787,5,781836
47530999,2,781836
47532213,6,781836
47533424,5,781836
47534637,6,784251
47535850,4,784251
47537062,13,784251
47538275,6,784251
47539487,6,784251
47540699,6,784251
47541912,7,784251
47543124,6,784251
47544337,9,784251
47545550,7,785125
47546762,5,785125
47547974,8,785125
47549187,7,785125
47550399,8,785125
47551612,7,785125
47552824,7,785125
47554037,7,785125
47555249,9,785125
47556461,8,784406
47557674,4,784406
47558887,9,784406
47560099,2,784406
47561312,6,784406
47562524,7,784406
47563736,5,784406
47564949,5,784406
47566162,7,784406
47567374,5,780705
47568586,5,780705
47569799,4,780705
47571012,4,780705
47572224,7,780705
47573437,7,780705
47574649,4,780705
47575862,5,780705
47577074,6,780705
47578287,8,780140
47579499,6,780140
47580712,7,780140
47581924,5,780140
47583136,6,780140
47584349,9,780140
47585561,7,780140
47586774,6,780140
47587986,7,780140
47589199,6,783840
47590411,5,780603
47591623,3,780603
47592836,2,780603
47594048,6,780603
47595261,3,780603
47596473,5,780603
47604961,0,780603
47606173,5,780603
47607385,6,780603
47608598,6,780603
47609810,4,780603
47611022,4,784457
47612235,4,781631
47613447,5,781631
47614661,4,781631
47615873,4,781631
47617085,5,781631
47618298,5,781631
47619510,3,781631
47620723,4,781631
47621935,6,781631
47623147,4,782813
47624360,7,782813
47625572,5,782813
47626785,2,782813
47627997,3,782813
47629210,5,782813
47630423,5,782813
47631635,-1,782813
47632847,2,782813
47634060,8,782813
47635272,4,782813
47636485,5,782813
47637697,5,782813
47638910,4,782813
47640122,5,782813
47641335,5,782813
47642547,5,782813
47643760,7,782813
47644973,6,782648
47646185,4,779832
47647397,-1,779832
47648609,6,779832
47649822,4,779832
47651034,3,779832
47652247,4,779832
47653460,6,779832
47654672,0,779832
47655884,4,779897
47657097,5,783481
47658309,3,783481
47659522,2,783481
47660734,4,783481
47661947,4,783481
47663159,4,783481
47664372,4,783481
47665584,4,783481
47666796,3,783481
47668009,4,783481
47669221,5,783481
47670435,5,783481
47671646,10,783481
47672859,6,783481
47674071,7,783481
47675284,8,783481
47676497,4,781682
47677709,3,781682
47678921,5,781682
47680134,4,781682
47681346,3,781579
47688621,4,780757
47689837,9,780757
47691048,15,780757
47692259,-2,780757
47693471,4,780757
47694684,3,780757
47695896,4,780757
47697109,3,780757
47698321,5,780757
47699533,0,780757
47700746,5,780757
47701958,7,780757
47703171,6,780757
47704384,5,780757
47705596,6,780757
47706808,9,780757
47708021,6,780757
47709233,9,780757
47710445,6,783635
47711659,3,783635
47712871,7,783635
47714083,6,783635
47715296,8,783635
47716508,6,783635
47717721,7,783635
47718934,6,783635
47720145,6,783635
47721359,9,781990
47722571,4,781990
47723783,6,781990
47724995,3,781990
47726208,7,781990
47727421,8,781990
47728633,5,781990
47729846,5,781990
47731058,11,781990
47732271,4,777005
47733483,4,777005
47734696,8,777005
47735908,5,777005
47737121,6,777005
47738333,6,777005
47739546,8,777005
47740758,10,777005
47741971,8,777005
47743183,7,781939
47744395,4,781939
47745608,7,781939
47746820,5,781939
47748032,6,781939
47749245,5,781939
47750457,5,781939
47751671,6,781939
47752882,5,781939
47754095,5,777365
47755307,6,777365
47756520,7,777365
47757732,6,777365
47758945,7,777365
47760157,7,777365
47761369,8,777365
47762583,9,777365
47763794,5,777365
47765007,11,777365
47773495,5,777365
47774707,6,777365
47775919,6,779472
47777132,5,776697
47778344,5,776697
47779557,5,776697
47780770,4,776697
47781982,3,776697
47783194,3,776697
47784407,4,776697
47785620,3,776697
47786832,2,776697
47788044,5,781271
47789256,2,781271
47790469,3,781271
47791681,1,781271
47792894,5,781271
47794106,3,781271
47795319,6,781271
47796531,4,781271
47797744,5,781271
47798956,2,775566
47800169,4,775566
47801381,3,775566
47802594,3,775566
47803806,2,775566
47805018,3,775566
47806231,2,775566
47807443,4,775566
47808657,4,775566
47809869,3,777828
47811081,3,777828
47812294,4,777828
47813506,7,777828
47814718,4,777828
47815931,3,777828
47817143,4,777828
47818356,5,777828
47819568,3,777828
47820780,3,777828
47821993,4,777828
47823206,3,777828
47824418,4,777828
47825630,5,777828
47826843,4,777828
47828055,4,777828
47829268,6,777828
47830480,3,777828
47831692,2,777835
47832905,3,779883
47834117,3,779883
47835329,5,779883
47836542,4,779883
47837755,7,779883
47838967,6,779883
47840179,2,779883
47841392,5,779883
47842605,5,780023
47843817,4,776183
47845029,6,776183
47846242,3,776183
47847455,4,776183
47848667,6,776183
47849879,3,776183
47858367,9,776183
47859579,6,776183
47860791,3,776183
47862004,5,776183
47863216,6,779472
47864428,4,779472
47865641,5,779472
47866854,9,779472
47868066,8,779472
47869279,9,779472
47870491,6,779472
47871704,5,779472
47872916,5,779472
47874128,3,779472
47875342,6,778496
47876553,2,778496
47877766,7,778496
47878979,5,778496
47880191,7,778496
47881404,5,778496
47882616,8,778496
47883829,6,778496
47885041,7,778496
47886253,4,780551
47887467,4,780551
47888679,7,780551
47889891,6,780551
47891103,4,780551
47892316,6,780551
47893528,8,780551
47894740,4,780551
47895954,7,780551
47897166,6,777982
47898379,5,777982
47899591,6,777982
47900803,5,777982
47902016,8,777982
47903228,6,777982
47904442,7,777982
47905654,8,777982
47906867,6,777982
47908079,7,778650
47909292,5,778650
47910504,9,778650
47911717,5,778650
47912929,3,778650
47914142,5,778650
47915355,8,778650
47916568,5,778650
47917780,7,778650
47918992,6,779729
47920205,3,779729
47921418,5,779729
47922630,6,779729
47923842,8,779729
47925055,9,779729
47926267,5,779729
47927479,5,779729
47928692,6,779729
47929905,7,778753
47931117,4,778753
47932329,9,778753
47933542,7,778753
47934754,4,775463
47942030,16,775463
47943242,5,775463
47944455,5,775463
47945667,4,775463
47946880,8,775463
47948093,6,775463
47949305,7,775463
47950517,8,775463
47951730,6,778342
47952943,6,778342
47954156,6,778342
47955367,8,778342
47956580,5,778342
47957792,5,778342
47959006,4,778342
47960218,7,778342
47961430,5,778342
47962643,7,778958
47963855,5,777776
47965067,5,777776
47966280,4,777776
47967492,4,777776
47968705,4,777776
47969918,5,777776
47971130,4,777776
47972343,5,777776
47973555,5,777776
47974768,5,782710
47975981,4,782710
47977192,3,782710
47978405,3,782710
47979617,2,782710
47980830,2,782710
47982042,4,782710
47983255,4,782710
47984467,3,782710
47985680,5,780860
47986892,5,780860
47988106,5,780860
47989318,3,780860
47990530,4,780860
47991743,4,780860
47992956,3,780860
47994167,4,780860
47995380,5,780860
47996592,5,780808
47997805,2,780808
47999017,4,780808
48000231,3,780808
48001443,4,780808
48002655,4,780808
48003868,4,780808
48005080,3,780808
48006292,2,780808
48007505,3,780808
48008718,3,780808
48009930,4,780808
48011143,5,780808
48012355,5,780808
48013567,5,780808
48014781,2,780808
48015993,4,780808
48017205,4,780808
48018418,6,780808
48026905,5,780808
48028117,7,781014
48029329,3,780915
48030542,5,781939
48031755,8,781939
48032967,4,781939
48034179,2,781939
48035392,3,781939
48036604,5,781939
48037817,1,781939
48039029,3,781939
48040241,3,781939
48041454,4,781939
48042666,6,781939
48043879,6,781939
48045091,7,781939
48046304,5,781939
48047516,11,781939
48048729,8,781939
48049941,5,778290
48051153,3,778290
48052367,5,778290
48053579,7,778290
48054791,6,778290
48056004,6,778290
48057217,7,778290
48058429,5,778290
48059642,8,778290
48060854,8,778290
48062067,8,780037
48063279,4,780037
48064491,7,780037
48065704,3,780037
48066917,8,780037
48068129,5,780037
48069342,6,780037
48070554,5,780037
48071767,6,780037
48072980,5,780397
48074192,4,780397
48075405,3,780397
48076617,8,780397
48077830,5,780397
48079043,7,780397
48080255,7,780397
48081468,7,780397
48082680,8,780397
48083893,9,779215
48085106,-1,779215
48086318,7,779215
48087530,4,779215
48088743,7,779215
48089955,9,779215
48091168,5,779215
48092380,10,779215
48093593,9,779215
48094805,7,777725
48096018,6,777725
48097230,11,777725
48098443,8,777725
48099656,7,777725
48100868,10,777725
48102080,8,777725
48103293,7,777725
48110571,12,777725
48111780,8,777725
48112993,7,777725
48114206,8,777725
48115418,5,777725
48116630,6,779729
48117842,6,779729
48119055,8,779729
48120268,6,779729
48121480,6,779729
48122693,7,779729
48123905,8,779729
48125118,2,779729
48126331,9,779729
48127543,7,780603
48128755,5,780603
48129969,7,780603
48131181,8,780603
48132394,6,780603
48133605,8,780603
48134818,5,780603
48136031,5,780603
48137243,5,780603
48138456,4,779010
48139669,5,779010
48140881,7,779010
48142093,6,779010
48143306,5,779010
48144519,6,779010
48145731,8,779010
48146944,7,779010
48148156,6,779010
48149369,4,778136
48150581,5,777879
48151794,3,777879
48153006,5,777879
48154220,5,777879
48155431,3,777879
48156644,4,777879
48157856,4,777879
48159069,3,777879
48160281,4,777879
48161494,4,786718
48162706,5,786718
48163919,3,786718
48165131,4,786718
48166344,4,786718
48167557,8,786718
48168769,4,786718
48169982,4,786718
48171194,3,786718
48172408,1,844648
48173620,4,779112
48174833,4,779112
48176045,4,779112
48177257,3,779112
48178470,4,779112
48179682,5,779112
48180896,5,779112
48182108,5,779112
48183320,7,775412
48184533,5,775412
48185745,4,775412
48186958,3,779883
48195446,5,779883
48196658,5,779883
48197871,4,779883
48199083,3,779883
48200296,4,779883
48201509,5,779883
48202722,3,779883
48203933,4,779883
48205146,5,780017
48206359,4,774641
48207571,3,774641
48208784,2,774641
48209997,2,774641
48211209,4,774641
48212421,3,774641
48213635,5,774641
48214847,2,774641
48216059,10,774648
48217272,5,776440
48218484,7,776440
48219697,5,776440
48220910,3,776440
48222122,3,776440
48223334,4,776440
48224547,4,776440
48225759,7,776440
48226972,3,776440
48228184,4,776440
48229397,8,776440
48230610,9,776440
48231822,6,776440
48233035,5,776440
48234246,6,776440
48235459,7,776440
48236671,6,780551
48237884,4,780551
48239096,3,780551
48240309,4,780551
48241522,8,780551
48242734,3,780551
48243946,6,780551
48245158,8,780551
48246371,8,780551
48247584,7,780551
48248796,6,779010
48250009,2,779010
48251221,3,779010
48252433,4,779010
48253646,6,779010
48254859,8,779010
48256071,6,779010
48257284,9,779010
48258496,5,779010
48259709,5,778033
48260921,4,778033
48262133,7,778033
48263346,6,778033
48264558,3,778033
48265771,7,778033
48266983,5,778033
48268196,7,778033
48269408,7,778033
48270621,5,781065
48271834,4,781065
48280321,9,781065
48281534,6,779934
48282747,6,779934
48283959,7,779934
48285172,5,779934
48286384,5,779934
48287598,3,779934
48288809,6,779934
48290023,5,779934
48291234,5,779934
48292447,4,779369
48293659,6,779369
48294872,6,779369
48296084,6,779369
48297297,6,779369
48298510,7,779369
48299723,5,779369
48300934,9,779369
48302147,8,779369
48303360,7,778033
48304572,4,778033
48305785,5,778033
48306997,7,778033
48308210,3,778033
48309423,7,778033
48310635,6,778033
48311847,9,778033
48313060,10,778033
48314272,9,781322
48315485,5,781322
48316698,5,781322
48317910,8,781322
48319122,5,781322
48320335,6,781322
48321547,7,781322
48322760,10,781322
48323972,5,781322
48325185,5,778290
48326397,4,778290
48327610,8,778290
48328822,6,778290
48330035,7,778290
48331248,6,778290
48332460,5,778290
48333672,7,778290
48334885,7,778290
48336097,5,778444
48337310,4,778650
48338522,5,778650
48339735,3,778650
48340947,4,778650
48342160,3,778650
48343372,2,778650
48344585,3,778650
48345797,4,778650
48347010,3,778650
48348222,5,781117
48349434,5,781117
48350647,4,781117
48351860,3,781117
48353072,4,781117
48354284,5,781117
48355497,4,781117
48356709,9,781117
48365197,9,781117
48366409,7,781117
48367622,5,781117
48368834,7,783737
48370046,3,778136
48371259,2,778136
48372471,3,778136
48373684,2,778136
48374896,3,778136
48376109,3,778136
48377321,5,778136
48378534,4,778136
48379746,5,778136
48380959,5,783789
48382172,4,783789
48383383,4,783789
48384596,4,783789
48385808,3,783789
48387021,3,783789
48388233,4,783789
48389446,5,783789
48390659,5,783789
48391871,5,783716
48393083,3,778084
48394296,4,778084
48395508,5,778084
48396721,4,778084
48397933,4,778084
48399146,4,778084
48400359,4,778084
48401570,2,778084
48402783,4,778032
48403996,3,777776
48405208,4,777776
48406422,5,777776
48407633,3,777776
48408846,4,777776
48410058,10,777776
48411271,4,777776
48412484,6,777776
48413696,6,777776
48414909,4,777776
48416122,6,777776
48417334,8,777776
48418547,6,777776
48419759,9,777776
48420971,4,777776
48422185,8,777776
48423397,4,777828
48424609,6,777828
48425822,3,777828
48427035,8,777828
48428247,6,777828
48429460,8,777828
48430672,8,777828
48431885,5,777828
48433098,4,777828
48434310,7,777828
48435523,9,781579
48436735,4,781579
48437947,6,781579
48439161,8,781579
48440373,6,781579
48441585,5,781579
48448861,8,781579
48450073,7,781579
48451285,8,781579
48452498,7,781579
48453711,5,781579
48454923,7,781579
48456136,9,781579
48457348,5,780346
48458561,8,780346
48459773,5,780346
48460986,8,780346
48462198,8,780346
48463412,6,780346
48464624,9,780346
48465836,6,780346
48467049,5,780346
48468261,7,780037
48469474,5,780037
48470687,6,780037
48471899,7,780037
48473111,5,780037
48474324,6,780037
48475536,7,780037
48476748,4,780037
48477961,7,780037
48479173,8,782299
48480387,4,782299
48481599,8,782299
48482811,6,782299
48484024,9,782299
48485236,7,782299
48486448,8,782299
48487661,8,782299
48488874,8,782299
48490086,6,777262
48491299,5,777262
48492511,6,777262
48493723,6,777262
48494936,7,777262
48496148,7,777262
48497360,6,777262
48498573,6,777262
48499786,5,777262
48500999,7,779934
48502210,4,779934
48503423,6,779934
48504635,8,779934
48505848,8,779934
48507060,12,779934
48508273,5,779934
48509485,8,779934
48510699,7,779934
48511911,5,777725
48513124,3,777725
48514335,4,777725
48515548,3,777725
48516760,8,777725
48517974,7,777725
48519186,9,777725
48520399,6,777725
48521611,6,777725
48522823,5,784766
48524036,0,775875
48525248,1,775875
48532523,10,775875
48533735,5,775875
48534948,11,775875
48536160,6,775875
48537373,7,775875
48538585,5,775875
48539798,7,775875
48541010,4,775875
48542222,4,775875
48543435,4,775875
48544648,5,780448
48545860,4,780448
48547073,4,780448
48548285,5,780448
48549498,4,780448
48550710,3,780448
48551922,3,780448
48553135,3,780448
48554347,3,780448
48555560,5,780448
48556773,6,782607
48557985,4,782607
48559197,3,782607
48560410,3,782607
48561622,4,782607
48562835,6,782607
48564047,4,782607
48565260,3,782607
48566472,3,782607
48567685,4,783789
48568898,3,783789
48570109,6,783789
48571322,5,783789
48572534,4,783789
48573747,5,783789
48574959,0,783789
48576171,4,783789
48577384,2,783789
48578596,4,783819
48579809,0,778187
48581021,4,778187
48582234,2,778187
48583447,3,778187
48584659,4,778187
48585871,5,778187
48587084,2,778187
48588296,3,778187
48589508,4,778097
48590721,4,781425
48591933,6,781425
48593146,4,781425
48594358,6,781425
48595571,6,781425
48596783,3,781425
48597996,4,781425
48599208,3,781425
48600421,5,781425
48601633,4,781425
48602846,7,781425
48604058,7,781425
48605271,7,781425
48606483,9,781425
48607696,6,781425
48608908,5,781425
48617395,5,781425
48618608,6,781425
48619820,7,781425
48621033,4,781425
48622245,3,780860
48623457,2,780860
48624670,7,780860
48625882,10,780860
48627095,4,780860
48628307,6,780860
48629520,7,780860
48630732,7,780860
48631944,7,780860
48633158,8,776389
48634369,7,776389
48635582,7,776389
48636795,6,776389
48638007,4,776389
48639220,8,776389
48640432,8,776389
48641644,9,776389
48642856,6,776389
48644069,9,779729
48645282,3,779729
48646495,6,779729
48647707,6,779729
48648919,5,779729
48650131,5,779729
48651344,4,779729
48652556,4,779729
48653768,5,779729
48654981,5,779626
48656194,5,779626
48657406,6,779626
48658618,5,779626
48659831,4,779626
48661043,6,779626
48662256,7,779626
48663468,8,779626
48664680,6,779626
48665893,5,780911
48667105,4,780911
48668317,5,780911
48669530,7,780911
48670742,7,780911
48671955,5,780911
48673167,7,780911
48674380,8,780911
48675592,5,780911
48676804,7,777108
48678017,4,777108
48679229,8,777108
48680442,5,777108
48681654,6,777108
48682867,5,777108
48684079,6,777108
48685292,7,777108
48686504,7,777108
48687716,7,779780
48688929,3,779780
48690141,7,779780
48691353,7,779780
48692567,7,779780
48693778,7,779780
48701053,10,779780
48702265,7,779780
48703479,6,779780
48704691,4,779780
48705903,5,779780
48707115,3,779780
48708328,6,779780
48709540,6,782504
48710753,7,778342
48711965,3,778342
48713178,5,778342
48714391,5,778342
48715603,4,778342
48716815,3,778342
48718028,4,778342
48719240,3,778342
48720452,4,778342
48721665,5,776697
48722878,3,776697
48724090,4,776697
48725303,4,776697
48726515,4,776697
48727727,4,776697
48728940,3,776697
48730152,1,776697
48731364,5,776697
48732577,2,776697
48733789,4,776697
48735002,3,776697
48736214,3,776697
48737427,4,776697
48738639,4,776697
48739852,5,776697
48741064,9,776697
48742277,5,776697
48743489,4,786256
48744701,4,786256
48745914,4,786256
48747127,3,786256
48748339,6,786256
48749551,4,786256
48750765,7,786256
48751976,4,786256
48753189,6,786256
48754401,3,779318
48755614,4,779318
48756827,4,779318
48758039,3,779318
48759251,2,779318
48760464,3,779318
48761676,4,779318
48762889,3,779318
48764101,4,779318
48765313,5,779307
48766525,4,776491
48767738,3,776491
48768950,3,776491
48770163,5,776491
48771375,5,776491
48772587,4,776491
48773800,2,776491
48775013,4,776491
48776225,4,776605
48777437,6,779421
48785924,4,779421
48787137,16,779421
48788350,6,779421
48789561,6,779421
48790774,4,779421
48791987,8,779421
48793199,7,779421
48794411,6,779421
48795624,6,779421
48796836,6,779112
48798048,4,779112
48799261,5,779112
48800473,7,779112
48801685,9,779112
48802898,6,779112
48804110,4,779112
48805323,6,779112
48806535,8,779112
48807748,6,779112
48808960,7,781939
48810173,3,781939
48811386,7,781939
48812597,8,781939
48813810,9,781939
48815022,6,781939
48816235,7,781939
48817448,6,781939
48818660,6,781939
48819872,5,777930
48821085,3,777930
48822297,6,777930
48823509,9,777930
48824723,5,777930
48825934,8,777930
48827148,6,777930
48828359,8,777930
48829572,7,777930
48830785,6,782710
48831998,5,782710
48833210,7,782710
48834422,6,782710
48835635,10,782710
48836846,5,782710
48838059,10,782710
48839272,6,782710
48840484,8,782710
48841696,3,779832
48842909,4,779832
48844121,5,779832
48845334,6,779832
48846547,7,779832
48847759,6,779832
48848971,7,779832
48850183,6,779832
48851396,7,779832
48852608,7,782042
48853820,0,782042
48855034,6,782042
48856246,6,782042
48857458,7,782042
48858670,8,782042
48859883,6,782042
48861095,4,782042
48862307,4,782042
48869582,9,782042
48870795,5,782042
48872008,5,782042
48873220,6,782042
48874432,7,785228
48875644,4,785228
48876857,3,785228
48878070,5,785228
48879283,7,785228
48880495,6,785228
48881707,7,785228
48882920,4,785228
48884132,8,785228
48885345,7,781373
48886557,5,781373
48887770,4,781373
48888983,6,781373
48890195,8,781373
48891408,5,781373
48892620,7,781373
48893833,5,781373
48895045,7,781373
48896258,8,784354
48897470,6,781425
48898683,3,781425
48899896,4,781425
48901108,5,781425
48902320,3,781425
48903533,4,781425
48904745,3,781425
48905958,4,781425
48907170,3,781425
48908383,5,783737
48909595,1,783737
48910808,4,783737
48912021,4,783737
48913233,4,783737
48914446,3,783737
48915659,3,783737
48916871,5,783737
48918083,4,783737
48919296,4,783737
48920509,6,783737
48921721,6,783737
48922934,5,783737
48924146,5,783737
48925359,6,783737
48926571,6,783737
48927784,3,783737
48928997,5,783737
48930209,6,778290
48931421,3,778290
48932635,3,778290
48933846,4,778290
48935059,8,778290
48936272,5,778290
48937484,3,778290
48938696,5,778290
48939909,3,778290
48941122,4,783789
48942334,6,783789
48943546,4,783789
48944759,7,783789
48945971,5,783789
48954459,7,783789
48955671,4,783789
48956885,7,783789
48958097,5,783789
48959310,8,783789
48960521,7,783789
48961734,6,785947
48962947,6,786089
48964159,5,782761
48965372,4,782761
48966584,4,782761
48967796,2,782761
48969009,4,782761
48970222,5,782761
48971434,6,782761
48972647,4,782761
48973859,5,782761
48975072,4,782761
48976284,5,782761
48977497,5,782761
48978709,8,782761
48979922,7,782761
48981134,6,782761
48982346,10,782761
48983559,4,781219
48984772,5,781219
48985984,3,781219
48987197,7,781219
48988410,6,781219
48989622,7,781219
48990835,4,781219
48992047,5,781219
48993260,5,781219
48994472,7,781219
48995684,6,785022
48996896,2,785022
48998109,4,785022
48999322,7,785022
49000533,7,785022
49001746,8,785022
49002958,8,785022
49004170,3,785022
49005383,6,785022
49006595,6,782453
49007807,3,782453
49009020,6,782453
49010232,5,782453
49011445,5,782453
49012657,5,782453
49013870,9,782453
49015082,7,782453
49016294,5,782453
49017506,5,782915
49018718,5,782915
49019931,5,782915
49021143,8,782915
49022355,7,782915
49023568,6,782915
49024780,6,782915
49025992,7,782915
49027205,5,782915
49028417,4,781836
49029629,5,781836
49030841,6,781836
49038116,4,781836
49039327,10,784097
49040540,3,784097
49041752,6,784097
49042964,6,784097
49044176,8,784097
49045388,8,784097
49046600,7,784097
49047813,5,784097
49049026,5,784097
49050238,7,780397
49051449,3,780397
49052662,7,780397
49053874,4,780397
49055087,6,780397
49056298,7,780397
49057511,7,780397
49058723,6,780397
49059935,7,780397
49061148,7,786667
49062360,6,786667
49063572,7,786667
49064784,5,786667
49065997,8,786667
49067209,7,786667
49068421,5,786667
49069634,5,786667
49070846,5,786667
49072058,10,781014
49073271,5,781014
49074483,8,781014
49075695,6,781014
49076907,7,781014
49078119,5,781014
49079332,6,781014
49080544,5,781014
49081757,7,781014
49082969,6,785022
49084181,4,780140
49085393,4,780140
49086605,3,780140
49087818,2,780140
49089030,5,780140
49090242,3,780140
49091455,3,780140
49092668,4,780140
49093880,4,780140
49095092,5,783892
49096304,4,783892
49097517,4,783892
49098729,4,783892
49099941,3,783892
49101154,4,783892
49102366,5,783892
49103578,2,783892
49104791,3,783892
49106004,4,780243
49107216,4,780243
49108428,5,780243
49109640,3,780243
49110853,3,780243
49112065,3,780243
49113277,2,780243
49114489,11,780243
49122976,6,780243
49124188,5,780243
49125400,5,780243
49126612,7,788157
49127824,3,788157
49129037,4,788157
49130249,3,788157
49131461,3,788157
49132673,2,788157
49133887,3,788157
49135098,4,788157
49136310,4,788157
49137523,4,788157
49138735,4,788065
49139947,4,777057
49141160,0,777057
49142372,5,777057
49143585,3,777057
49144796,2,777057
49146009,4,777057
49147221,4,777057
49148433,2,777057
49149646,4,777194
49150858,7,786410
49152071,3,786410
49153283,4,786410
49154494,3,786410
49155707,2,786410
49156919,2,786410
49158131,4,786410
49159344,4,786410
49160556,5,786410
49161768,4,786410
49162981,6,786410
49164193,9,786410
49165405,5,786410
49166618,5,786410
49167830,5,786410
49169042,6,786410
49170254,6,786410
49171466,7,778444
49172679,4,778444
49173891,8,778444
49175103,5,778444
49176315,8,778444
49177527,5,778444
49178739,5,778444
49179951,8,778444
49181164,7,778444
49182376,4,787026
49183589,3,787026
49184801,6,787026
49186013,6,787026
49187225,10,787026
49188437,6,787026
49189649,6,787026
49190862,8,787026
49192075,7,787026
49193287,8,781322
49194498,3,781322
49195711,5,781322
49196923,3,781322
49198135,5,781322
49199348,6,781322
49206621,5,781322
49207834,4,781322
49209046,6,781322
49210258,7,781322
49211470,7,781322
49212683,5,781322
49213895,7,781322
49215107,7,781373
49216320,5,781373
49217532,5,781373
49218744,6,781373
49219956,4,781373
49221169,5,781373
49222381,6,781373
49223594,5,781373
49224806,6,781373
49226018,5,784663
49227231,4,784663
49228443,7,784663
49229655,8,784663
49230867,8,784663
49232079,4,784663
49233291,8,784663
49234504,8,784663
49235716,7,784663
49236929,6,779883
49238140,4,779883
49239353,7,779883
49240565,6,779883
49241777,8,779883
49242989,7,779883
49244202,6,779883
49245415,6,779883
49246627,5,779883
49247839,6,785382
49249051,5,785382
49250264,6,785382
49251475,8,785382
49252688,6,785382
49253900,6,785382
49255113,3,785382
49256325,6,785382
49257538,7,785382
49258749,5,781733
49259962,3,783275
49261174,4,783275
49262387,3,783275
49263599,4,783275
49264811,1,783275
49266024,4,783275
49267236,3,783275
49268448,5,783275
49269661,0,783275
49270873,5,781014
49272085,3,781014
49273297,4,781014
49274510,4,781014
49275722,2,781014
49276935,3,781014
49278147,2,781014
49279359,2,781014
49280572,5,781014
49281784,5,786307
49282996,5,786307
49291483,12,786307
49292695,4,780397
49293907,5,780397
49295120,5,780397
49296332,5,780397
49297544,4,780397
49298756,7,780397
49299969,4,780397
49301181,7,780397
49302393,4,780397
49303606,3,785074
49304819,2,785074
49306030,5,785074
49307243,4,785074
49308456,3,785074
49309667,5,785074
49310880,3,785074
49312092,4,785074
49313304,4,785074
49314517,4,785124
49315730,5,784868
49316941,5,784868
49318155,4,784868
49319367,5,784868
49320579,4,784868
49321792,0,784868
49323003,5,784868
49324215,6,784868
49325428,4,784825
49326640,4,787129
49327852,3,787129
49329065,6,787129
49330277,3,787129
49331489,4,787129
49332702,3,787129
49333914,3,787129
49335126,3,787129
49336339,4,787129
49337551,5,787129
49338763,10,787129
49339975,6,787129
49341188,6,787129
49342401,8,787129
49343612,7,787129
49344825,7,787129
49346037,8,787129
49347250,1,787129
49348463,4,787129
49349675,6,787129
49350887,8,787129
49352099,4,787129
49353312,9,787129
49354524,8,787129
49355736,5,787129
49356948,5,787129
49358160,6,782607
49359373,7,782607
49360586,8,782607
49361798,8,782607
49363010,9,782607
49364224,6,782607
49365435,8,782607
49366647,9,782607
49367859,9,782607
49375133,6,782607
49376345,10,782607
49377558,6,782607
49378770,7,782607
49379983,8,784149
49381195,5,784149
49382407,3,784149
49383620,9,784149
49384832,6,784149
49386045,8,784149
49387257,6,784149
49388469,7,784149
49389681,7,784149
49390894,6,785896
49392106,5,785896
49393319,6,785896
49394531,7,785896
49395743,7,785896
49396955,6,785896
49398168,8,785896
49399380,5,785896
49400593,7,785896
49401805,2,781014
49403018,5,781014
49404230,5,781014
49405442,8,781014
49406654,7,781014
49407867,5,781014
49409080,2,781014
49410292,9,781014
49411504,7,781014
49412716,7,783686
49413929,3,783686
49415141,5,783686
49416353,6,783686
49417566,7,783686
49418778,3,783686
49419990,5,783686
49421203,5,783686
49422416,4,783686
49423628,4,780603
49424840,3,780603
49426053,7,780603
49427265,5,780603
49428477,5,780603
49429689,4,780603
49430902,7,780603
49432114,5,780603
49433327,5,780603
49434539,8,781631
49435751,4,781631
49436963,6,781631
49438176,10,781631
49439388,7,781631
49440600,6,781631
49441813,6,781631
49443026,8,781631
49444237,7,781631
49445449,7,781476
49446662,6,786564
49447874,5,786564
49449086,2,786564
49450299,4,786564
49451511,8,786564
49459997,12,786564
49461209,8,786564
49462422,7,786564
49463634,6,786564
49464847,6,786564
49466059,13,786564
49467271,4,779472
49468484,4,787284
49469696,5,787284
49470908,4,787284
49472120,5,787284
49473333,4,787284
49474545,4,787284
49475758,6,787284
49476970,6,787284
49478182,5,787284
49479395,4,849068
49480607,4,783532
49481820,5,783532
49483031,4,783532
49484243,4,783532
49485455,5,783532
49486668,5,783532
49487881,5,783532
49489092,4,783532
49490305,5,721953
49491517,1,787489
49492729,4,787489
49493942,4,787489
49495154,3,787489
49496367,7,787489
49497579,2,787489
49498791,2,787489
49500003,3,787489
49501215,5,787616
49502428,3,780448
49503640,5,780448
49504852,5,780448
49506065,6,780448
49507277,4,780448
49508489,4,780448
49509701,3,780448
49510914,5,780448
49512126,4,780306
49513339,3,783378
49514550,4,783378
49515763,5,783378
49516975,5,783378
49518188,6,783378
49519400,2,783378
49520612,5,783378
49521825,3,783378
49523037,4,783378
49524249,5,783378
49525461,8,783378
49526674,5,783378
49527886,8,783378
49529099,3,783378
49530311,7,783378
49531523,3,783378
49532735,5,779369
49533948,3,779369
49535160,3,779369
49536372,4,779369
49543646,-5,779369
49544859,5,786153
49546071,6,786153
49547283,5,786153
49548496,6,786153
49549708,3,786153
49550921,6,786153
49552132,4,786153
49553344,9,786153
49554557,7,786153
49555770,5,782710
49556981,5,782710
49558194,6,782710
49559407,7,782710
49560618,6,782710
49561830,5,782710
49563043,7,782710
49564255,5,782710
49565467,6,782710
49566680,7,777571
49567893,4,777571
49569105,6,777571
49570317,6,777571
49571529,6,777571
49572742,7,777571
49573954,4,777571
49575167,10,777571
49576379,8,777571
49577591,7,784406
49578803,3,784406
49580016,4,784406
49581227,8,784406
49582440,6,784406
49583652,8,784406
49584864,7,784406
49586077,5,784406
49587289,5,784406
49588502,9,777828
49589713,5,777828
49590926,6,777828
49592139,5,777828
49593351,7,777828
49594563,7,777828
49595775,7,777828
49596987,3,777828
49598200,4,777828
49599413,7,781271
49600625,5,781271
49601837,6,781271
49603050,4,781271
49604261,6,781271
49605474,5,781271
49606687,5,781271
49607898,5,781271
49609111,5,781271
49610323,6,779986
49611536,5,779986
49612748,3,779986
49613960,7,779986
49615172,5,779986
49616385,4,779986
49617597,9,779986
49618809,7,779986
49620021,8,779986
49628508,6,779986
49629721,5,779986
49630932,8,779986
49632145,10,777313
49633358,4,783018
49634569,6,783018
49635782,2,783018
49636994,3,783018
49638206,4,783018
49639418,3,783018
49640631,5,783018
49641844,5,783018
49643055,5,783018
49644267,5,779266
49645480,4,779266
49646692,5,779266
49647904,2,779266
49649116,2,779266
49650329,4,779266
49651541,3,779266
49652753,7,779266
49653965,3,779266
49655178,4,781065
49656390,5,781065
49657602,3,781065
49658814,3,781065
49660027,5,781065
49661239,0,781065
49662452,4,781065
49663664,5,781065
49664877,5,781065
49666088,3,781528
49667300,5,781528
49668513,4,781528
49669726,4,781528
49670938,3,781528
49672151,3,781528
49673362,5,781528
49674574,3,781528
49675787,1,781528
49676999,5,781528
49678211,3,781528
49679423,4,781528
49680636,4,781528
49681848,4,781528
49683060,9,781528
49684272,3,781528
49685486,4,781528
49686697,5,781528
49687909,4,781316
49689122,4,779780
49690334,5,779780
49691546,4,779780
49692759,7,779780
49693971,5,779780
49695183,4,779780
49696396,4,779780
49697608,3,779780
49698820,4,779952
49700032,5,784560
49701245,3,784560
49702457,2,784560
49703669,6,784560
49704882,5,784560
49713368,10,784560
49714580,5,784560
49715793,4,784560
49717005,9,784560
49718218,8,784560
49719429,7,784560
49720641,6,781168
49721854,3,781168
49723067,7,781168
49724278,5,781168
49725491,9,781168
49726703,5,781168
49727915,5,781168
49729127,4,781168
49730340,5,781168
49731552,5,783326
49732764,4,783326
49733976,6,783326
49735188,7,783326
49736401,3,783326
49737614,5,783326
49738826,11,783326
49740038,7,783326
49741250,6,783326
49742462,6,778136
49743674,4,778136
49744887,7,778136
49746099,6,778136
49747312,7,778136
49748524,6,778136
49749736,6,778136
49750948,5,778136
49752161,6,778136
49753373,4,774436
49754585,3,774436
49755798,6,774436
49757010,7,774436
49758224,6,774436
49759435,3,774436
49760647,5,774436
49761859,8,774436
49763072,9,774436
49764284,6,782710
49765496,4,782710
49766708,8,782710
49767920,10,782710
49769133,5,782710
49770345,3,782710
49771558,5,782710
49772770,8,782710
49773982,8,782710
49775195,9,778650
49776407,4,778650
49777619,8,778650
49778831,5,778650
49780044,7,778650
49781256,6,778650
49782468,5,778650
49783681,4,778650
49784893,7,778650
49786105,6,777211
49787317,3,777211
49788530,8,777211
49789742,4,777211
49797016,12,777005
49798228,4,777005
49799440,6,777005
49800654,6,777005
49801866,7,777005
49803078,4,777005
49804290,7,777005
49805503,7,777005
49806715,7,777005
49807927,6,781836
49809139,5,777365
49810352,4,777365
49811564,6,777365
49812776,4,777365
49813989,0,777365
49815201,3,777365
49816414,5,777365
49817626,4,777365
49818839,4,777365
49820051,4,781219
49821264,3,781219
49822476,4,781219
49823688,4,781219
49824901,5,781219
49826113,3,781219
49827326,5,781219
49828537,4,781219
49829750,5,781219
49830962,4,775515
49832175,5,775515
49833387,6,775515
49834599,3,775515
49835812,3,775515
49837024,1,775515
49838236,3,775515
49839449,4,775515
49840661,4,775515
49841873,5,781373
49843085,4,781373
49844298,4,781373
49845510,6,781373
49846722,4,781373
49847936,5,781373
49849147,5,781373
49850360,4,781373
49851572,3,781373
49852784,2,778804
49853996,4,778804
49855209,5,778804
49856421,1,778804
49857633,4,778804
49858846,4,778804
49860058,7,778804
49861270,3,778804
49862483,4,778804
49863695,4,778929
49864908,2,784817
49866120,3,784817
49867332,5,784817
49868544,6,784817
49869757,6,784817
49870969,3,784817
49872182,4,784817
49873394,9,784817
49880671,4,784817
49881880,7,784817
49883092,8,784817
49884304,6,777211
49885517,5,777211
49886729,5,777211
49887941,4,777211
49889153,7,777211
49890365,9,777211
49891578,8,777211
49892790,3,777211
49894002,7,777211
49895215,6,777211
49896427,5,777211
49897639,5,777211
49898851,7,777211
49900064,11,777211
49901276,6,777211
49902488,8,777211
49903701,8,777211
49904914,10,777211
49906125,6,777211
49907338,6,780192
49908550,4,780192
49909762,8,780192
49910974,9,780192
49912187,6,780192
49913399,6,780192
49914612,7,780192
49915824,5,780192
49917036,8,780192
49918248,7,780192
49919460,3,780192
49920673,6,780192
49921885,7,780192
49923098,4,780192
49924310,7,780192
49925522,6,780192
49926735,10,780192
49927947,10,780192
49929159,5,780808
49930371,2,780808
49931584,7,780808
49932796,4,780808
49934008,4,780808
49935221,6,780808
49936434,5,780808
49937645,7,780808
49938858,5,780808
49940070,8,779934
49941283,4,779934
49942495,6,779934
49943707,5,779934
49944919,6,779934
49946132,6,779934
49947344,8,779934
49948556,6,779934
49949768,4,779934
49950981,6,779780
49952194,4,779780
49953406,5,779780
49954618,8,779780
49955830,5,779780
49957042,2,779780
49965529,5,779780
49966741,7,779780
49967954,6,779780
49969165,7,779780
49970379,9,779780
49971591,8,779780
49972803,5,781271
49974015,3,781271
49975227,5,781271
49976440,6,781271
49977652,6,781271
49978864,8,781271
49980077,5,781271
49981289,8,781271
49982501,5,781271
49983713,7,776543
49984926,5,776543
49986138,7,776543
49987351,8,776543
49988563,8,776543
49989775,7,776543
49990988,8,776543
49992200,6,776543
49993412,6,776543
49994624,8,782555
49995836,5,778907
49997049,5,778907
49998262,4,778907
49999473,4,778907
50000686,4,778907
50001899,3,778907
50003110,3,778907
50004323,4,778907
50005536,5,778907
50006748,6,783583
50007961,3,783583
50009172,4,783583
50010384,3,783583
50011597,3,783583
50012809,3,783583
50014022,5,783583
50015235,2,783583
50016447,4,783583
50017659,6,777982
50018871,6,777982
50020084,2,777982
50021296,4,777982
50022508,3,777982
50023721,1,777982
50024933,3,777982
50026146,4,777982
50027359,6,777982
50028570,8,781425
50029783,3,781425
50030996,4,781425
50032207,4,781425
50033420,5,781425
50034633,5,781425
50035845,4,781425
50037057,8,781425
50038270,5,781425
50039482,4,777159
50040694,4,777159
50041907,7,777159
50050393,7,777076
50051605,3,782196
50052818,3,782196
50054029,5,782196
50055242,5,782196
50056454,3,782196
50057667,2,782196
50058879,6,782196
50060091,4,782196
50061303,5,782284
50062516,4,778444
50063729,4,778444
50064941,3,778444
50066152,3,778444
50067365,5,778444
50068577,5,778444
50069790,3,778444
50071002,3,778444
50072214,3,778444
50073427,3,778444
50074639,8,778444
50075852,7,778444
50077064,6,778444
50078276,6,778444
50079488,6,778444
50080701,7,778444
50081913,6,781887
50083125,0,781887
50084337,4,781887
50085549,6,781887
50086762,9,781887
50087975,8,781887
50089187,9,781887
50090399,6,781887
50091612,7,781887
50092823,8,781887
50094036,2,775669
50095248,4,775669
50096460,6,775669
50097672,7,775669
50098886,11,775669
50100098,5,775669
50101311,6,775669
50102523,6,775669
50103734,6,775669
50104947,5,778496
50106159,4,778496
50107371,7,778496
50108584,4,778496
50109796,7,778496
50111008,8,778496
50112221,7,778496
50113434,6,778496
50114645,5,778496
50115858,6,776440
50117070,2,776440
50118283,6,776440
50119495,5,776440
50120707,7,776440
50121919,5,776440
50123132,6,776440
50124344,7,776440
50125557,9,776440
50126769,5,776440
50134044,12,776440
50135255,5,776440
50136468,11,776440
50137680,7,779421
50138893,4,779421
50140105,6,779421
50141318,7,779421
50142529,8,779421
50143742,3,779421
50144954,6,779421
50146166,7,779421
50147379,10,779421
50148591,7,779472
50149803,3,779472
50151016,5,779472
50152228,5,779472
50153440,5,779472
50154652,6,779472
50155865,8,779472
50157077,9,779472
50158289,5,779472
50159502,9,777313
50160714,3,777313
50161927,3,777313
50163139,6,777313
50164351,7,777313
50165564,4,777313
50166776,4,777313
50167988,6,777313
50169201,7,777313
50170413,6,777828
50171626,4,777828
50172838,6,777828
50174051,7,777828
50175264,7,777828
50176476,7,777828
50177688,7,777828
50178901,5,777828
50180113,5,777828
50181326,7,778804
50182538,4,778804
50183751,6,778804
50184963,4,778804
50186176,5,778804
50187389,3,778804
50188601,4,778804
50189814,2,778804
50191026,4,778804
50192239,3,778804
50193452,3,781682
50194664,6,781682
50195876,6,781682
50197089,4,781682
50198302,5,781682
50199514,4,781682
50200726,3,781682
50201939,2,781682
50203152,3,781682
50204364,4,776389
50205576,5,776389
50206789,2,776389
50208002,4,776389
50209214,4,776389
50210427,4,776389
50218914,2,776389
50220127,8,776389
50221339,9,776389
50222552,9,776389
50223765,8,776389
50224977,4,780911
50226190,4,780551
50227403,4,780551
50228614,5,780551
50229827,0,780551
50231039,2,780551
50232252,5,780551
50233465,2,780551
50234677,4,780551
50235890,4,780551
50237102,4,780751
50238315,3,779215
50239527,5,779215
50240741,3,779215
50241952,3,779215
50243165,2,779215
50244378,4,779215
50245590,3,779215
50246803,3,779215
50248016,3,779045
50249228,4,774693
50250441,4,774693
50251654,6,774693
50252866,2,774693
50254079,3,774693
50255291,5,774693
50256503,3,774693
50257716,4,774693
50258929,3,774693
50260142,3,774693
50261355,7,774693
50262567,6,774693
50263779,6,774693
50264992,5,774693
50266204,8,774693
50267417,5,774693
50268630,5,784149
50269842,4,784149
50271054,6,784149
50272267,8,784149
50273479,5,784149
50274692,5,784149
50275905,6,784149
50277117,7,784149
50278329,7,784149
50279542,4,784149
50280755,7,774590
50281967,3,774590
50283180,5,774590
50284393,4,774590
50285605,9,774590
50286817,6,774590
50288030,7,774590
50289243,4,774590
50290455,5,774590
50291667,8,780346
50292880,4,780346
50294092,5,780346
50295305,8,774795
50302580,10,780962
50303793,15,780962
50305005,2,780962
50306217,9,780962
50307431,6,780962
50308643,4,780962
50309855,3,780962
50311068,5,780962
50312280,1,780962
50313492,3,780962
50314705,6,780962
50315918,8,780962
50317130,5,780962
50318342,6,780962
50319555,6,780962
50320768,6,780962
50321980,9,780962
50323192,7,780962
50324406,7,775618
50325617,4,775618
50326830,7,775618
50328043,7,775618
50329255,6,775618
50330468,4,775618
50331680,6,775618
50332893,4,775618
50334105,7,775618
50335318,7,781733
50336530,4,781733
50337743,7,781733
50338955,5,781733
50340168,7,781733
50341380,5,781733
50342593,6,781733
50343806,6,781733
50345018,7,781733
50346231,8,781785
50347443,3,781785
50348656,8,781785
50349868,9,781785
50351081,5,781785
50352293,8,781785
50353505,6,781785
50354718,10,781785
50355931,9,781785
50357144,8,780089
50358356,5,780089
50359568,7,780089
50360781,3,780089
50361994,7,780089
50363206,5,780089
50364419,4,780089
50365631,6,780089
50366843,7,780089
50368056,9,781065
50369268,2,780243
50370481,4,780243
50371693,5,780243
50372906,4,780243
50374118,4,780243
50375331,3,780243
50376543,5,780243
50377756,7,780243
50378968,7,780243
50387456,5,780243
50388668,6,780243
50389882,5,779524
50391093,4,779524
50392306,4,779524
50393518,6,779524
50394731,3,779524
50395944,3,779524
50397156,4,779524
50398368,7,779524
50399581,4,779524
50400793,5,779524
50402006,3,773716
50403218,3,773716
50404431,3,773716
50405643,3,773716
50406857,8,773716
50408068,4,773716
50409281,3,773716
50410494,3,773716
50411706,5,773716
50412919,5,775361
50414131,5,775361
50415344,5,775361
50416556,6,775361
50417769,5,775361
50418982,5,775361
50420193,5,775361
50421407,4,775361
50422619,3,775361
50423832,5,775173
50425044,3,780037
50426256,2,780037
50427469,4,780037
50428681,3,780037
50429894,6,780037
50431107,5,780037
50432319,4,780037
50433532,3,780037
50434744,5,780167
50435956,3,773511
50437169,3,773511
50438382,4,773511
50439594,4,773511
50440807,3,773511
50442019,4,773511
50443232,6,773511
50444444,5,773511
50445657,4,773511
50446870,3,773511
50448082,7,773511
50449295,6,773511
50450507,5,773511
50451720,6,773511
50452932,6,773511
50454145,6,773511
50455357,7,780911
50456570,4,780911
50457782,3,780911
50458995,4,780911
50460208,7,780911
50461420,6,780911
50462632,7,780911
50463845,5,780911
50471120,5,780911
50472332,6,780911
50473545,9,780911
50474758,10,780911
50475970,6,780911
50477182,6,780911
50478395,6,782761
50479608,3,782761
50480820,3,782761
50482034,7,782761
50483245,5,782761
50484458,8,782761
50485671,8,782761
50486883,5,782761
50488096,7,782761
50489308,6,776389
50490521,3,776389
50491734,6,776389
50492947,7,776389
50494159,10,776389
50495372,10,776389
50496585,8,776389
50497797,4,776389
50499010,5,776389
50500224,8,779369
50501435,4,779369
50502648,4,779369
50503861,6,779369
50505073,6,779369
50506286,8,779369
50507499,5,779369
50508711,9,779369
50509923,3,779369
50511136,6,776337
50512348,6,776337
50513561,6,776337
50514774,5,776337
50515986,7,776337
50517199,7,776337
50518411,6,776337
50519624,4,776337
50520837,9,776337
50522049,5,780808
50523261,4,780808
50524474,5,780808
50525686,7,780808
50526899,8,780808
50528112,7,780808
50529324,8,780808
50530537,7,780808
50531749,7,780808
50532962,6,776543
50534175,4,776543
50535387,6,776543
50536600,8,776543
50537812,5,776543
50539025,7,776543
50540239,6,776543
50541450,7,776543
50542664,5,776543
50543876,6,775823
50545088,3,775823
50546301,4,775823
50547514,5,778701
50554789,7,778701
50556002,11,778701
50557214,8,778701
50558427,5,778701
50559640,7,778701
50560852,6,778701
50562065,12,778701
50563278,6,778701
50564490,5,778701
50565703,6,780448
50566915,4,779215
50568127,3,779215
50569340,4,779215
50570553,3,779215
50571766,3,779215
50572978,4,779215
50574190,4,779215
50575403,3,779215
50576615,3,779215
50577828,4,777159
50579040,4,777159
50580254,4,777159
50581465,3,777159
50582679,3,777159
50583891,6,777159
50585103,4,777159
50586316,7,777159
50587528,4,777159
50588741,3,781939
50589953,1,781939
50591166,4,781939
50592379,4,781939
50593591,6,781939
50594803,4,781939
50596016,4,781939
50597228,4,781939
50598442,4,781939
50599654,4,774333
50600867,6,774333
50602079,5,774333
50603292,5,774333
50604505,5,774333
50605716,4,774333
50606929,3,774333
50608142,4,774333
50609355,5,774333
50610567,4,774358
50611779,3,781014
50612993,2,781014
50614204,5,781014
50615417,4,781014
50616630,4,781014
50617842,4,781014
50619055,2,781014
50620268,4,781014
50621480,6,780802
50622692,3,779010
50623905,4,779010
50625117,3,779010
50626331,3,779010
50627542,1,779010
50628755,8,779010
50629967,6,779010
50631180,6,779010
50638501,7,779010
50639668,7,779010
50640881,5,779010
50642093,5,783172
50643305,5,783172
50644518,5,783172
50645731,6,783172
50646943,4,783172
50648156,7,783172
50649368,8,783172
50650582,6,783172
50651793,9,783172
50653006,7,783172
50654218,6,775669
50655431,4,775669
50656644,4,775669
50657856,4,775669
50659069,6,775669
50660281,7,775669
50661493,5,775669
50662707,5,775669
50663919,6,775669
50665131,5,779626
50666344,5,779626
50667556,7,779626
50668769,9,779626
50669981,4,779626
50671194,8,779626
50672406,4,779626
50673619,6,779626
50674831,6,779626
50676044,6,776234
50677256,4,776234
50678469,6,776234
50679681,8,776234
50680894,9,776234
50682107,6,776234
50683319,7,776234
50684532,7,776234
50685745,7,776234
50686957,7,780089
50688169,4,780089
50689382,7,780089
50690595,9,780089
50691808,8,780089
50693021,4,780089
50694233,6,780089
50695445,4,780089
50696658,7,780089
50697871,6,773100
50699083,3,773100
50700296,6,773100
50701509,8,773100
50702721,8,773100
50703934,5,773100
50705147,6,773100
50706359,7,773100
50707572,8,773100
50708785,7,778855
50709996,4,778855
50711209,5,778855
50712422,7,778855
50713635,8,778855
50714847,4,778855
50722122,5,778855
50723335,8,778855
50724548,8,778855
50725761,11,778855
50726973,7,778855
50728186,5,778855
50729399,5,778855
50730611,10,778187
50731823,4,778187
50733036,5,778187
50734248,8,778187
50735460,9,778187
50736672,5,778187
50737885,8,778187
50739098,5,778187
50740309,3,778187
50741522,4,776491
50742735,2,779164
50743947,3,779164
50745160,5,779164
50746372,6,779164
50747584,3,779164
50748797,2,779164
50750009,4,779164
50751222,4,779164
50752434,4,779164
50753646,6,782607
50754859,5,782607
50756071,2,782607
50757284,4,782607
50758496,5,782607
50759708,2,782607
50760921,4,782607
50762133,4,782607
50763345,3,782607
50764558,6,777673
50765771,3,777673
50766982,5,777673
50768195,3,777673
50769407,5,777673
50770619,3,777673
50771832,3,777673
50773044,5,777673
50774256,3,777673
50775469,2,779575
50776681,3,779575
50777893,3,779575
50779106,-1,779575
50780319,6,779575
50781531,4,779575
50782743,4,779575
50783955,4,779575
50785168,4,779575
50786380,4,778650
50787593,4,778650
50788805,4,778650
50790018,5,778650
50791230,3,778650
50792443,4,778650
50793654,4,778650
50794867,6,778650
50796080,6,778650
50797292,5,778498
50798504,5,779010
50806995,4,779010
50808202,3,779261
50809414,3,777725
50810627,3,777725
50811839,4,777725
50813052,5,777725
50814264,3,777725
50815476,3,777725
50816688,0,777725
50817900,4,777725
50819112,2,777725
50820325,2,777725
50821538,4,777725
50822750,7,777725
50823961,7,777725
50825174,7,777725
50826387,6,777725
50827599,7,777725
50828811,7,786204
50830023,4,786204
50831236,4,786204
50832447,6,786204
50833660,8,786204
50834872,5,786204
50836085,4,786204
50837296,8,786204
50838509,5,786204
50839721,5,786204
50840933,5,775463
50842145,3,775463
50843357,9,775463
50844570,9,775463
50845782,8,775463
50846994,7,775463
50848207,7,775463
50849419,2,775463
50850631,6,775463
50851843,9,785382
50853055,7,785382
50854268,6,785382
50855480,5,785382
50856692,4,785382
50857905,4,785382
50859117,3,785382
50860329,6,785382
50861541,6,785382
50862754,6,774436
50863967,5,774436
50865179,5,774436
50866391,4,774436
50867603,7,774436
50868815,5,774436
50870028,6,774436
50871240,8,774436
50872452,9,774436
50873664,7,780192
50874877,5,780192
50876089,7,780192
50877301,5,780192
50878514,7,780192
50879725,5,780192
50880938,7,780192
50882150,7,780192
50883362,7,780192
50890636,1,780192
50891848,3,780192
50893061,10,780192
50894273,6,780192
50895485,7,781887
50896698,5,781887
50897910,4,781887
50899121,5,781887
50900334,6,781887
50901546,9,781887
50902758,9,781887
50903970,10,781887
50905183,8,781887
50906395,6,775669
50907607,4,775669
50908819,5,775669
50910031,6,775669
50911244,5,775669
50912456,6,775669
50913668,7,775669
50914881,8,775669
50916094,6,775669
50917305,6,782145
50918518,3,782145
50919730,6,782145
50920942,5,782145
50922155,4,782145
50923367,10,782145
50924580,9,782145
50925792,5,782145
50927004,5,782145
50928217,8,774024
50929429,5,777519
50930641,2,777519
50931853,4,777519
50933066,5,777519
50934278,3,777519
50935490,-1,777519
50936702,3,777519
50937915,3,777519
50939127,6,777519
50940340,2,780551
50941552,6,780551
50942764,6,780551
50943977,5,780551
50945189,5,780551
50946401,1,780551
50947613,4,780551
50948825,4,780551
50950038,3,780551
50951250,0,777982
50952462,3,777982
50953674,4,777982
50954887,2,777982
50956099,2,777982
50957311,3,777982
50958524,4,777982
50959736,5,777982
50960948,3,777982
50962160,-1,780192
50963372,4,780192
50964585,3,780192
50965797,3,780192
50967009,11,780192
50975495,7,780192
50976707,8,780192
50977919,10,780192
50979131,3,780192
50980344,6,780192
50981556,7,780192
50982768,7,777725
50983980,4,777663
50985193,3,774847
50986404,2,774847
50987617,4,774847
50988829,5,774847
50990041,5,774847
50991253,4,774847
50992466,4,774847
50993679,4,774847
50994890,6,774802
50996102,4,776594
50997315,4,776594
50998527,4,776594
50999739,2,776594
51000951,4,776594
51002163,4,776594
51003376,5,776594
51004588,4,776594
51005800,3,776594
51007013,3,776594
51008224,7,776594
51009438,7,776594
51010649,7,776594
51011862,6,776594
51013074,6,776594
51014287,6,776594
51015499,8,779215
51016711,3,779215
51017923,4,779215
51019136,6,779215
51020348,6,779215
51021560,6,779215
51022773,6,779215
51023985,8,779215
51025197,7,779215
51026409,7,779215
51027621,4,775926
51028834,4,775926
51030046,5,775926
51031258,6,775926
51032470,6,775926
51033683,7,775926
51034894,6,775926
51036107,6,775926
51037319,7,775926
51038531,6,779421
51039744,3,779421
51040956,7,779421
51042168,5,779421
51043380,6,779421
51044592,5,779421
51045805,8,779421
51047017,6,779421
51048229,8,779421
51049442,7,775618
51050654,3,775618
51051866,4,775618
51059140,7,775618
51060351,7,778393
51061564,5,778393
51062775,3,778393
51063988,6,778393
51065200,7,778393
51066412,6,778393
51067624,9,778393
51068836,3,778393
51070049,6,778393
51071261,9,774641
51072473,2,774641
51073685,5,774641
51074898,7,774641
51076110,6,774641
51077322,5,774641
51078534,10,774641
51079746,6,774641
51080959,6,774641
51082172,6,775361
51083384,3,775361
51084595,6,775361
51085808,7,775361
51087020,7,775361
51088232,6,775361
51089444,5,775361
51090657,7,775361
51091869,5,775361
51093082,3,773768
51094294,3,773768
51095505,9,773768
51096718,8,773768
51097930,8,773768
51099143,8,773768
51100355,7,773768
51101566,3,773768
51102779,6,773768
51103991,8,781117
51105204,4,781117
51106416,7,781117
51107628,6,781117
51108840,7,781117
51110052,9,781117
51111264,10,781117
51112476,8,781117
51113689,6,781117
51114902,9,777673
51116113,-1,777313
51117326,5,777313
51118538,5,777313
51119751,4,777313
51120962,3,777313
51122175,2,777313
51123387,3,777313
51124599,6,777313
51125811,3,777313
51127023,4,774282
51128235,2,774282
51129448,7,774282
51130659,3,774282
51131872,5,774282
51133084,4,774282
51134296,4,774282
51135508,5,774282
51143994,7,774282
51145206,7,774282
51146418,8,774282
51147631,6,779832
51148842,2,776543
51150055,5,776543
51151267,3,776543
51152479,3,776543
51153690,4,776543
51154903,3,776543
51156115,3,776543
51157327,4,776543
51158539,4,776543
51159752,4,776610
51160963,5,780962
51162176,4,780962
51163388,2,780962
51164600,2,780962
51165812,1,780962
51167025,3,780962
51168237,3,780962
51169450,3,780962
51170661,4,780944
51171874,7,776080
51173085,4,776080
51174297,2,776080
51175510,5,776080
51176722,2,776080
51177935,2,776080
51179146,-1,776080
51180359,5,776080
51181570,4,776080
51182783,5,776080
51183995,8,776080
51185207,5,776080
51186419,5,776080
51187631,7,776080
51188843,5,776080
51190056,9,776080
51191268,4,779010
51192480,4,779010
51193693,1,779010
51194904,6,779010
51196117,5,779010
51197330,6,779010
51198541,7,779010
51199754,7,779010
51200966,3,779010
51202179,4,779010
51203390,8,778136
51204602,5,778136
51205815,5,778136
51207027,6,778136
51208239,6,778136
51209452,8,778136
51210664,7,778136
51211876,7,778136
51213089,5,778136
51214301,5,779780
51215513,4,779780
51216725,7,779780
51217937,7,779780
51219149,7,779780
51220361,5,779780
51227635,-1,779780
51228847,4,779780
51230060,11,779780
51231272,7,779780
51232484,7,779780
51233696,4,779780
51234909,6,779780
51236121,5,772945
51237334,2,772945
51238545,6,772945
51239758,10,772945
51240970,4,772945
51242182,8,772945
51243395,5,772945
51244607,7,772945
51245819,5,772945
51247031,7,781476
51248243,6,781476
51249455,7,781476
51250668,5,781476
51251881,5,781476
51253092,6,781476
51254304,3,781476
51255516,8,781476
51256728,6,781476
51257941,10,776903
51259154,4,776903
51260366,8,776903
51261577,8,776903
51262790,8,776903
51264002,4,776903
51265214,7,776903
51266427,6,776903
51267639,6,776903
51268851,7,784971
51270063,8,784971
51271276,7,784971
51272488,5,784971
51273700,9,784971
51274912,6,784971
51276124,6,784971
51277337,5,784971
51278549,7,784971
51279761,10,777571
51280973,3,777571
51282185,7,777571
51283397,6,777571
51284611,7,777571
51285822,3,777571
51287034,4,777571
51288247,7,777571
51289459,6,777571
51290672,7,779524
51291884,4,775053
51293096,4,775053
51294308,3,775053
51295521,5,775053
51296733,5,775053
51297945,6,775053
51299157,5,775053
51300369,6,775053
51301581,3,775053
51302793,3,781425
51304005,8,781425
51312491,11,781425
51313703,4,778239
51314915,2,778239
51316127,6,778239
51317339,4,778239
51318552,4,778239
51319764,6,778239
51320975,4,778239
51322187,2,778239
51323400,3,778239
51324613,6,784611
51325824,5,784611
51327037,3,784611
51328250,4,784611
51329462,2,784611
51330674,2,784611
51331887,6,784611
51333099,3,784611
51334312,4,784611
51335524,4,784611
51336736,4,784611
51337949,4,784611
51339160,3,784611
51340373,2,784611
51341585,5,784611
51342798,2,784611
51344010,3,784611
51345224,3,784611
51346435,3,784573
51347647,4,788157
51348860,5,788157
51350072,6,788157
51351284,4,788157
51352497,2,788157
51353709,5,788157
51354921,3,788157
51356134,3,788157
51357346,4,788068
51358558,6,778084
51359771,4,778084
51360983,5,778084
51362195,7,778084
51363408,5,778084
51364620,3,778084
51365833,3,778084
51367045,5,778084
51368257,4,778084
51369470,3,778084
51370683,5,778084
51371895,5,778084
51373107,6,778084
51374320,5,778084
51375532,6,778084
51376745,4,778084
51377957,7,777930
51379169,5,777930
51380382,5,777930
51381595,6,777930
51382807,5,777930
51384019,8,777930
51385231,7,777930
51386443,5,777930
51387656,6,777930
51388868,6,777930
51396143,6,777930
51397356,6,777930
51398568,6,777930
51399781,6,777930
51400992,7,778444
51402205,5,778444
51403417,7,778444
51404629,7,778444
51405842,10,778444
51407055,8,778444
51408267,6,778444
51409479,7,778444
51410691,4,778444
51411903,9,778804
51413116,2,778804
51414328,8,778804
51415541,5,778804
51416754,10,778804
51417966,7,778804
51419178,8,778804
51420391,6,778804
51421603,5,778804
51422815,5,777622
51424028,3,777622
51425240,9,777622
51426452,7,777622
51427664,6,777622
51428877,5,777622
51430089,6,777622
51431301,7,777622
51432513,9,777622
51433727,4,780397
51434938,6,780397
51436151,7,780397
51437364,5,780397
51438576,6,780397
51439789,4,780397
51441000,7,780397
51442213,6,780397
51443425,3,780397
51444637,4,773511
51445850,3,773511
51447063,10,773511
51448275,9,773511
51449487,5,773511
51450699,5,773511
51451911,6,773511
51453123,6,773511
51454336,5,773511
51455548,6,780654
51456761,8,780654
51457973,4,780654
51459186,5,780654
51460398,6,780654
51461611,8,780654
51462822,8,780654
51464035,6,780654
51465247,5,780654
51466460,5,775772
51467672,4,775772
51468884,5,775772
51470097,5,775772
51471309,3,775772
51472522,5,775772
51479796,7,775772
51481008,4,775772
51482220,9,775772
51483433,9,775772
51484645,9,775772
51485858,5,775772
51487070,3,775772
51488282,6,778496
51489494,5,781579
51490707,4,781579
51491919,4,781579
51493131,5,781579
51494344,4,781579
51495557,6,781579
51496769,5,781579
51497981,4,781579
51499193,4,781579
51500407,2,775463
51501618,4,775463
51502831,3,775463
51504043,5,775463
51505255,2,775463
51506468,6,775463
51507680,3,775463
51508893,5,775463
51510105,4,775463
51511317,4,784971
51512530,3,784971
51513743,3,784971
51514955,4,784971
51516167,4,784971
51517379,3,784971
51518592,5,784971
51519804,4,784971
51521017,5,784971
51522229,4,784943
51523442,3,777519
51524655,3,777519
51525867,6,777519
51527079,4,777519
51528292,4,777519
51529503,2,777519
51530716,4,777519
51531929,4,777519
51533141,3,777690
51534353,3,782042
51535566,6,782042
51536779,4,782042
51537990,1,782042
51539203,3,782042
51540416,5,782042
51541628,5,782042
51542841,3,782042
51544053,4,782023
51545265,5,777159
51546477,5,777159
51547690,5,777159
51548903,4,777159
51550115,4,777159
51551327,3,777159
51552539,4,777159
51553752,5,777159
51554964,3,777159
51556177,4,777159
51563501,12,777159
51564664,8,777159
51565876,7,780603
51567088,3,780603
51568301,6,780603
51569514,8,780603
51570727,5,780603
51571939,7,780603
51573151,7,780603
51574364,6,780603
51575576,7,780603
51576788,8,777468
51578001,4,777468
51579214,5,777468
51580426,9,777468
51581639,4,777468
51582851,5,777468
51584063,13,777468
51585276,6,777468
51586488,5,777468
51587700,4,781065
51588912,5,781065
51590125,5,781065
51591337,6,781065
51592550,7,781065
51593763,7,781065
51594975,4,781065
51596187,3,781065
51597400,6,781065
51598612,6,777725
51599824,4,777725
51601037,5,777725
51602250,5,777725
51603461,7,777725
51604674,8,777725
51605887,5,777725
51607099,5,777725
51608311,4,777725
51609524,8,780603
51610736,5,780603
51611948,8,780603
51613162,6,780603
51614373,10,780603
51615586,6,780603
51616799,3,780603
51618012,7,780603
51619224,6,780603
51620436,7,779061
51621648,3,779061
51622860,6,779061
51624074,5,779061
51625285,5,779061
51626498,9,779061
51627710,5,779061
51628923,8,779061
51630135,4,779061
51631348,6,777879
51632560,6,777879
51633773,9,777879
51634985,4,777879
51636198,7,777879
51637409,8,777879
51638623,7,777879
51639834,4,777879
51647109,3,777879
51648321,6,777879
51649535,8,777879
51650746,6,777879
51651959,7,777879
51653172,6,774538
51654384,5,774538
51655596,7,774538
51656808,6,774538
51658021,8,774538
51659233,6,774538
51660446,5,774538
51661659,8,774538
51662871,4,774538
51664083,8,777005
51665296,4,779369
51666509,2,779369
51667720,1,779369
51668933,4,779369
51670145,3,779369
51671358,4,779369
51672570,5,779369
51673782,4,779369
51674995,4,779369
51676207,2,785022
51677420,3,785022
51678632,4,785022
51679845,5,785022
51681057,5,785022
51682269,0,785022
51683482,2,785022
51684694,7,785022
51685907,4,785022
51687119,3,773562
51688331,4,773562
51689544,4,773562
51690757,7,773562
51691968,4,773562
51693181,4,773562
51694394,1,773562
51695606,3,773562
51696818,3,773562
51698031,2,780089
51699243,3,780089
51700455,3,780089
51701668,5,780089
51702880,4,780089
51704093,4,780089
51705306,4,780089
51706518,4,780089
51707730,4,780089
51708942,4,780182
51710155,2,777622
51711367,6,777622
51712579,5,777622
51713791,3,777622
51715005,4,777622
51716216,4,777622
51717429,4,777622
51718641,5,777622
51719854,3,777644
51721066,6,783532
51722278,5,783532
51723491,8,779010
51731978,3,779010
51733191,2,779010
51734403,3,779010
51735615,5,779010
51736828,3,779010
51738040,3,779010
51739252,3,779010
51740464,4,779010
51741677,5,779010
51742890,4,779010
51744102,6,779010
51745315,6,779010
51746527,7,779010
51747738,9,779010
51748951,7,779010
51750163,7,779010
51751375,4,779010
51752588,7,777211
51753800,2,777211
51755013,6,777211
51756224,5,777211
51757437,9,777211
51758649,5,777211
51759862,4,777211
51761074,7,777211
51762287,7,777211
51763499,8,775515
51764711,4,775515
51765923,7,775515
51767136,4,775515
51768348,9,775515
51769561,8,775515
51770773,7,775515
51771985,7,775515
51773198,9,775515
51774411,6,779729
51775624,3,779729
51776835,7,779729
51778048,6,779729
51779260,6,779729
51780472,5,779729
51781685,4,779729
51782897,7,779729
51784110,4,779729
51785322,7,777930
51786534,5,777930
51787747,5,777930
51788959,4,777930
51790172,8,777930
51791384,6,777930
51792597,6,777930
51793809,7,777930
51795022,5,777930
51796234,6,779061
51797447,3,779061
51798659,9,779061
51799872,6,779061
51801084,6,779061
51802296,5,779061
51803508,7,779061
51804721,5,779061
51805934,6,779061
51807145,9,776645
51808358,10,776645
51815632,2,776645
51816845,4,776645
51818057,9,777982
51819269,3,777982
51820482,4,777982
51821694,7,777982
51822907,4,777982
51824119,6,777982
51825332,6,777982
51826544,7,777982
51827756,14,777982
51828969,8,781682
51830182,4,781682
51831393,4,781682
51832606,10,781682
51833819,8,781682
51835031,7,781682
51836244,5,781682
51837456,6,781682
51838668,6,781682
51839880,7,779472
51841093,4,782504
51842306,5,782504
51843518,4,782504
51844731,3,782504
51845944,5,782504
51847156,3,782504
51848368,7,782504
51849581,6,782504
51850793,3,782504
51852006,3,778239
51853218,3,778239
51854432,4,778239
51855644,3,778239
51856857,4,778239
51858069,4,778239
51859281,3,778239
51860494,0,778239
51861706,3,778239
51862919,3,777159
51864132,3,777159
51865344,3,777159
51866557,9,777159
51867770,3,777159
51868983,3,777159
51870194,2,777159
51871407,3,777159
51872620,5,777159
51873833,4,775412
51875044,7,775412
51876257,4,775412
51877469,5,775412
51878682,4,775412
51879895,5,775412
51881108,3,775412
51882320,2,775412
51883532,4,775412
51884745,4,779061
51885957,4,779061
51887169,2,779061
51888383,3,779061
51889595,4,779061
51890807,4,779061
51892020,9,779061
51900507,7,779061
51901720,6,779061
51902932,6,779061
51904145,7,779061
51905357,5,777673
51906570,3,777672
51907782,6,777416
51908995,4,777416
51910207,3,777416
51911420,5,777416
51912633,3,777416
51913845,4,777416
51915057,11,777416
51916270,3,777416
51917482,4,777416
51918694,2,777416
51919908,6,777416
51921119,6,777416
51922332,9,777416
51923545,7,777416
51924758,9,777416
51925969,6,777416
51927183,5,777416
51928395,4,777416
51929607,3,777416
51930819,7,777416
51932032,5,777416
51933244,7,777416
51934457,5,777416
51935669,6,777416
51936882,8,777416
51938094,6,777416
51939306,7,779318
51940519,4,779318
51941731,5,779318
51942945,6,779318
51944156,7,779318
51945369,5,779318
51946581,5,779318
51947794,4,779318
51949007,9,779318
51950219,7,777622
51951431,3,777622
51952644,5,777622
51953856,7,777622
51955069,9,777622
51956281,6,777622
51957493,6,777622
51958706,6,777622
51959918,6,777622
51961131,6,779112
51962343,3,779112
51963556,4,779112
51964768,7,779112
51965980,7,779112
51967193,7,779112
51968405,7,779112
51969618,6,779112
51970831,7,779112
51972043,9,777468
51973256,3,777468
51974468,6,777468
51975680,8,777468
51976893,5,777468
51984167,15,777468
51985380,5,777468
51986592,6,777468
51987806,5,777468
51989018,3,777468
51990230,3,777468
51991442,5,777468
51992655,7,777468
51993867,7,776440
51995080,3,776440
51996292,9,776440
51997504,6,776440
51998717,6,776440
51999930,6,776440
52001141,8,776440
52002354,5,776440
52003567,6,776440
52004779,6,779112
52005991,3,779112
52007204,6,779112
52008416,5,779112
52009628,5,779112
52010841,6,779112
52012054,9,779112
52013266,7,779112
52014478,8,779112
52015691,8,778136
52016903,5,778136
52018115,5,778136
52019328,5,778136
52020540,5,778136
52021752,9,778136
52022965,10,778136
52024177,9,778136
52025390,8,778136
52026602,6,776234
52027814,3,778187
52029027,4,778187
52030240,4,778187
52031452,5,778187
52032664,5,778187
52033877,2,778187
52035089,4,778187
52036301,4,778187
52037514,7,778187
52038726,4,776645
52039939,4,776645
52041151,3,776645
52042364,5,776645
52043576,5,776645
52044789,4,776645
52046002,2,776645
52047214,3,776645
52048426,3,776645
52049638,4,778958
52050851,5,778958
52052063,6,778958
52053276,4,778958
52054488,2,778958
52055701,2,778958
52056913,5,778958
52058125,4,778958
52059339,5,778958
52060551,4,778958
52069037,10,778958
52070250,7,778753
52071463,5,777725
52072674,4,777725
52073887,3,777725
52075099,-1,777725
52076312,1,777725
52077524,3,777725
52078737,5,777725
52079949,5,777725
52081161,1,777725
52082374,4,777510
52083586,4,774950
52084798,4,774950
52086011,2,774950
52087224,6,774950
52088435,2,774950
52089647,4,774950
52090860,4,774950
52092072,5,774950
52093284,5,775003
52094497,4,775515
52095709,1,775515
52096922,3,775515
52098134,3,775515
52099346,5,775515
52100559,12,775515
52101771,3,775515
52102984,3,775515
52104196,4,775515
52105409,5,775515
52106621,9,775515
52107834,7,775515
52109046,7,775515
52110258,6,775515
52111470,7,775515
52112683,8,775515
52113895,6,775515
52115108,5,775515
52116320,3,775515
52117532,7,775515
52118746,4,775515
52119958,6,775515
52121170,7,775515
52122382,6,775515
52123595,8,775515
52124807,7,775515
52126020,5,778444
52127232,5,778444
52128444,6,778444
52129656,7,778444
52130870,8,778444
52132082,4,778444
52133294,7,778444
52134507,5,778444
52135719,4,778444
52136931,9,778650
52138144,5,778650
52139356,6,778650
52140568,6,778650
52141781,2,778650
52142994,5,778650
52144206,7,778650
52145418,7,778650
52152694,8,778650
52153906,6,778650
52155118,6,778650
52156331,6,778650
52157543,6,778650
52158755,11,778496
52159968,4,778496
52161181,5,778496
52162393,6,778496
52163605,7,778496
52164818,6,778496
52166030,6,778496
52167242,9,778496
52168455,3,778496
52169667,7,779421
52170880,5,779421
52172092,5,779421
52173305,10,779421
52174517,6,779421
52175730,5,779421
52176942,5,779421
52178154,5,779421
52179367,8,779421
52180580,8,774847
52181792,3,774847
52183004,6,774847
52184217,10,774847
52185429,8,774847
52186643,10,774847
52187854,7,774847
52189067,9,774847
52190280,7,774847
52191492,8,778136
52192705,4,778136
52193917,8,778136
52195130,3,778136
52196342,5,778136
52197555,4,778136
52198768,8,778136
52199980,6,778136
52201193,8,778136
52202404,7,777365
52203617,5,777365
52204830,4,777365
52206042,6,777365
52207255,8,777365
52208467,7,777365
52209680,6,777365
52210892,7,777365
52212104,5,777365
52213316,6,779318
52214529,5,782607
52215742,4,782607
52216954,4,782607
52218166,1,782607
52219379,3,782607
52220591,2,782607
52221804,3,782607
52223016,3,782607
52224229,3,782607
52225442,2,779369
52226654,3,779369
52227866,5,779369
52229079,4,781733
52237566,3,781733
52238777,3,781733
52239990,2,781733
52241202,5,781733
52242415,2,781733
52243628,4,781733
52244839,4,781733
52246052,4,781733
52247264,5,780037
52248478,3,780037
52249689,6,780037
52250903,7,780037
52252114,4,780037
52253327,5,780037
52254539,3,780037
52255752,6,780037
52256964,4,780037
52258177,3,785022
52259389,6,785022
52260602,5,785022
52261815,2,785022
52263028,4,785022
52264240,3,785022
52265452,3,785022
52266665,2,785022
52267878,4,785022
52269090,4,785052
52270303,4,779164
52271514,3,779164
52272727,5,779164
52273940,1,779164
52275152,0,779164
52276365,7,779164
52277577,5,779164
52278790,-1,779164
52280003,3,779201
52281215,5,775361
52282428,3,775361
52283640,4,775361
52284853,4,775361
52286065,7,775361
52287277,3,775361
52288490,3,775361
52289702,3,775361
52290914,4,775361
52292127,2,775361
52293340,7,775361
52294552,5,775361
52295765,7,775361
52296977,9,775361
52298190,7,775361
52299403,6,775361
52300615,9,775361
52301828,5,775361
52303040,3,775361
52304252,8,775361
52305465,6,775361
52306678,9,775361
52307890,10,775361
52309103,5,775361
52310315,5,775361
52311527,3,775361
52312740,6,780192
52313953,4,780192
52322440,5,780192
52323652,7,778958
52324865,5,778958
52326077,5,778958
52327290,7,778958
52328503,8,778958
52329715,7,778958
52330927,6,778958
52332140,5,778958
52333352,5,778958
52334566,7,776697
52335777,3,776697
52336990,8,776697
52338203,8,776697
52339415,5,776697
52340627,4,776697
52341839,8,776697
52343052,5,776697
52344264,7,776697
52345478,6,778496
52346689,4,778496
52347902,5,778496
52349114,4,778496
52350327,5,778496
52351539,8,778496
52352752,8,778496
52353964,5,778496
52355176,8,778496
52356389,5,778753
52357601,0,778753
52358814,7,778753
52360027,5,778753
52361238,5,778753
52362451,6,778753
52363664,6,778753
52364876,7,778753
52366088,5,778753
52367301,8,776954
52368513,5,776954
52369726,5,776954
52370938,4,776954
52372151,5,776954
52373363,11,776954
52374576,8,776954
52375788,7,776954
52377000,5,776954
52378214,7,780397
52379425,5,780397
52380639,7,780397
52381851,7,780397
52383063,10,780397
52384276,7,780397
52385488,4,780397
52386701,9,780397
52387913,6,780397
52389125,7,776903
52390339,3,776903
52391551,5,776903
52392763,8,776903
52393976,5,776903
52395189,6,776903
52396400,8,776903
52397614,8,776903
52398825,4,776903
52406101,4,776903
52407313,5,776903
52408526,7,776903
52409738,8,776903
52410951,9,778033
52412163,4,779215
52413375,4,779215
52414588,4,779215
52415801,2,779215
52417013,3,779215
52418225,2,779215
52419438,4,779215
52420651,4,779215
52421863,5,779215
52423075,4,780037
52424288,7,780037
52425500,2,780037
52426713,4,780037
52427925,3,780037
52429138,1,780037
52430351,4,780037
52431563,5,780037
52432776,3,780037
52433989,4,782813
52435200,2,782813
52436414,4,782813
52437625,4,782813
52438838,3,782813
52440050,5,782813
52441263,3,782813
52442475,3,782813
52443688,4,782813
52444900,2,779421
52446113,5,779421
52447326,4,779421
52448538,3,779421
52449751,6,779421
52450963,3,779421
52452175,4,779421
52453388,4,779421
52454601,4,779421
52455813,2,779467
52457025,3,778187
52458237,4,778187
52459451,3,778187
52460663,7,778187
52461875,5,778187
52463087,4,778187
52464300,4,778187
52465513,4,778187
52466725,6,778197
52467937,4,780757
52469150,4,780757
52470363,7,780757
52471575,5,780757
52472787,3,780757
52474000,4,780757
52475212,4,780757
52476425,2,780757
52477637,3,780757
52478850,3,780757
52480062,10,780757
52481275,7,780757
52482487,4,780757
52489762,12,780757
52490975,6,780757
52492187,5,780757
52493399,5,780757
52494612,7,780757
52495824,5,780757
52497038,7,780757
52498249,5,780757
52499461,8,780346
52500674,4,780346
52501887,5,780346
52503099,4,780346
52504312,7,780346
52505524,6,780346
52506736,6,780346
52507949,6,780346
52509162,10,780346
52510374,7,776800
52511586,4,776800
52512798,7,776800
52514012,7,776800
52515224,3,776800
52516437,7,776800
52517649,5,776800
52518862,7,776800
52520074,7,776800
52521286,8,780603
52522499,3,780603
52523712,5,780603
52524924,7,780603
52526136,7,780603
52527348,5,780603
52528562,7,780603
52529774,6,780603
52530986,7,780603
52532198,5,780089
52533411,4,780089
52534623,4,780089
52535836,8,780089
52537049,5,780089
52538261,5,780089
52539473,10,780089
52540686,6,780089
52541898,8,780089
52543111,5,778342
52544323,4,778342
52545536,8,778342
52546749,8,778342
52547961,7,778342
52549174,4,778342
52550385,5,778342
52551598,6,778342
52552811,7,778342
52554023,8,776800
52555235,5,776800
52556448,6,776800
52557661,10,776800
52558873,7,776800
52560085,7,776800
52561298,6,776800
52562510,7,776800
52563723,8,776800
52564935,7,782299
52566147,7,782299
52573501,6,782299
52574634,5,782299
52575847,7,777828
52577059,4,777828
52578271,6,777828
52579484,5,777828
52580696,7,777828
52581909,8,777828
52583121,5,777828
52584333,9,777828
52585547,6,777828
52586758,8,778084
52587972,4,778907
52589183,3,778907
52590396,2,778907
52591608,3,778907
52592821,3,778907
52594034,4,778907
52595246,4,778907
52596458,3,778907
52597671,6,778907
52598883,4,778136
52600095,-2,778136
52601308,5,778136
52602520,2,778136
52603734,4,778136
52604945,4,778136
52606159,0,778136
52607371,5,778136
52608583,2,778136
52609796,2,780089
52611008,4,780089
52612220,7,780089
52613433,2,780089
52614645,3,780089
52615858,6,780089
52617071,4,780089
52618283,4,780089
52619496,5,780089
52620708,3,778136
52621921,3,778136
52623133,4,778136
52624346,5,778136
52625558,7,778136
52626771,6,778136
52627984,0,778136
52629196,2,778136
52630408,-1,778136
52631621,4,781887
52632833,3,781887
52634045,5,781887
52635259,3,781887
52636470,2,781887
52637683,3,781887
52638896,5,781887
52640107,4,781887
52641320,5,781887
52642533,2,781914
52643745,4,775258
52644957,2,775258
52646169,4,775258
52647382,5,775258
52648594,4,775258
52649807,3,775258
52658294,3,775258
52659507,4,775258
52660718,5,775258
52661931,8,775258
52663143,8,783686
52664356,4,783686
52665569,2,783686
52666781,8,783686
52667994,8,783686
52669206,9,783686
52670418,5,783686
52671631,4,783686
52672843,5,783686
52674055,12,778958
52675268,4,778958
52676480,4,778958
52677693,5,778958
52678905,8,778958
52680118,7,778958
52681330,9,778958
52682543,7,778958
52683756,9,778958
52684967,6,778958
52686180,5,775926
52687392,2,775926
52688604,5,775926
52689818,6,775926
52691030,9,775926
52692242,7,775926
52693454,6,775926
52694667,11,775926
52695879,9,775926
52697092,6,780346
52698305,4,780346
52699516,9,780346
52700729,4,780346
52701941,3,780346
52703154,8,780346
52704367,7,780346
52705579,7,780346
52706791,6,780346
52708004,9,779472
52709216,6,779472
52710429,7,779472
52711641,7,779472
52712854,5,779472
52714067,8,779472
52715279,7,779472
52716492,5,779472
52717704,7,779472
52718916,6,777879
52720129,4,777879
52721341,7,777879
52722554,7,777879
52723766,5,777879
52724979,6,777879
52726191,9,777879
52727404,6,777879
52728616,6,777879
52729828,6,777673
52731041,3,777673
52732253,9,777673
52733467,7,777673
52734678,10,779780
52741953,-2,779780
52743166,4,779780
52744378,8,779780
52745591,7,779780
52746802,8,779780
52748015,7,779780
52749228,4,779780
52750440,8,779780
52751652,10,779112
52752865,5,779112
52754078,6,779112
52755290,5,779112
52756502,6,779112
52757715,9,779112
52758927,6,779112
52760140,7,779112
52761352,7,779112
52762564,7,775618
52763776,3,775618
52764989,7,775618
52766202,5,775618
52767414,4,775618
52768627,6,775618
52769839,7,775618
52771051,6,775618
52772264,6,775618
52773476,3,776697
52774689,4,778136
52775901,4,778136
52777113,4,778136
52778326,3,778136
52779538,1,778136
52780751,5,778136
52781963,4,778136
52783175,2,778136
52784388,3,778136
52785601,4,778547
52786812,2,778547
52788025,4,778547
52789237,3,778547
52790450,4,778547
52791662,4,778547
52792875,5,778547
52794087,3,778547
52795300,6,778547
52796513,4,778239
52797724,4,778239
52798937,4,778239
52800149,3,778239
52801362,6,778239
52802574,5,778239
52803787,3,778239
52804999,3,778239
52806212,5,778239
52807424,2,780860
52808638,5,780860
52809850,6,780860
52811062,8,780860
52812275,5,780860
52813487,4,780860
52814699,2,780860
52815912,3,780860
52817124,4,780860
52818337,6,780860
52825611,6,780860
52826824,6,780860
52828037,7,774076
52829250,3,774038
52830461,4,777622
52831673,4,777622
52832887,4,777622
52834098,4,777622
52835311,1,777622
52836523,2,777622
52837736,5,777622
52838948,3,777622
52840161,3,777578
52841373,4,779626
52842586,4,779626
52843798,4,779626
52845010,2,779626
52846225,4,779626
52847436,5,779626
52848647,5,779626
52849860,5,779626
52851072,3,779626
52852285,2,779626
52853497,5,779626
52854710,8,779626
52855923,8,779626
52857135,4,779626
52858348,7,779626
52859560,4,779626
52860772,6,779524
52861985,5,779524
52863198,2,779524
52864409,5,779524
52865622,6,779524
52866834,5,779524
52868047,4,779524
52869259,8,779524
52870472,7,779524
52871684,7,779524
52872897,6,782761
52874109,4,782761
52875321,11,782761
52876534,5,782761
52877746,6,782761
52878958,5,782761
52880171,7,782761
52881383,5,782761
52882595,7,782761
52883808,10,775823
52885020,5,775823
52886233,6,775823
52887445,8,775823
52888658,8,775823
52889870,7,775823
52891083,5,775823
52892296,10,775823
52893508,4,775823
52894720,6,779318
52895932,1,779318
52897145,7,779318
52898357,6,779318
52899570,6,779318
52900782,5,779318
52901995,8,779318
52910482,8,779318
52911695,8,779318
52912907,7,779318
52914119,5,779318
52915332,6,779318
52916544,6,779934
52917757,7,779934
52918969,6,779934
52920182,7,779934
52921394,6,779934
52922607,6,779934
52923819,4,779934
52925032,6,779934
52926244,9,779934
52927456,8,779369
52928669,5,779369
52929881,5,779369
52931094,6,779369
52932306,7,779369
52933519,6,779369
52934731,6,779369
52935943,4,779369
52937156,4,779369
52938368,5,779318
52939581,3,779318
52940793,7,779318
52942005,9,779318
52943218,7,779318
52944431,5,779318
52945643,5,779318
52946856,6,779318
52948068,8,779318
52949280,8,778444
52950494,4,778444
52951705,8,778444
52952918,8,778444
52954131,6,778444
52955343,8,778444
52956556,8,778444
52957768,3,778444
52958980,7,778444
52960192,6,778598
52961406,5,778753
52962617,4,778753
52963831,4,778753
52965042,5,778753
52966255,2,778753
52967468,3,778753
52968680,5,778753
52969892,4,778753
52971105,2,778753
52972317,4,778033
52973530,3,778033
52974743,3,778033
52975954,3,778033
52977167,3,778033
52978380,4,778033
52979592,3,778033
52980804,3,778033
52982018,3,778033
52983229,4,778701
52984442,4,778701
52985654,2,778701
52986867,5,778239
52995354,10,778239
52996566,4,778239
52997779,2,778239
52998992,5,778239
53000204,4,778239
53001416,4,778239
53002630,6,778239
53003841,6,778239
53005053,7,776337
53006266,5,776337
53007479,3,776337
53008691,4,776337
53009904,4,776337
53011116,-1,776337
53012328,2,776337
53013541,5,776337
53014754,7,776337
53015966,2,776356
53017178,3,781476
53018391,4,781476
53019604,5,781476
53020816,2,781476
53022028,3,781476
53023241,2,781476
53024454,2,781476
53025666,5,781476
53026878,3,781332
53028091,4,783892
53029303,4,783892
53030516,3,783892
53031729,2,783892
53032940,3,783892
53034153,6,783892
53035366,5,783892
53036578,4,783892
53037790,3,783892
53039003,4,783892
53040216,7,783892
53041428,7,783892
53042640,7,783892
53043853,7,783892
53045065,6,783892
53046277,3,783892
53047490,8,779986
53048702,5,779986
53049916,4,779986
53051127,4,779986
53052340,6,779986
53053552,8,779986
53054766,8,779986
53055977,7,779986
53057190,7,779986
53058403,2,779986
53059615,6,776337
53060828,6,776337
53062040,7,776337
53063252,5,776337
53064465,7,776337
53065677,5,776337
53066890,7,776337
53068103,5,776337
53069315,11,776337
53070528,4,778033
53071740,6,778033
53080228,5,778033
53081440,6,780037
53082652,4,780037
53083866,6,780037
53085078,4,780037
53086291,6,780037
53087503,6,780037
53088715,9,780037
53089928,6,780037
53091140,7,780037
53092353,7,779883
53093565,5,779883
53094778,5,779883
53095991,7,779883
53097204,6,779883
53098416,9,779883
53099628,7,779883
53100841,11,779883
53102054,8,779883
53103267,4,780551
53104479,5,780551
53105692,5,780551
53106904,6,780551
53108116,2,780551
53109329,5,780551
53110541,4,780551
53111754,8,780551
53112967,6,780551
53114179,7,777776
53115392,3,777776
53116604,7,777776
53117817,5,777776
53119029,8,777776
53120241,10,777776
53121454,8,777776
53122666,6,777776
53123879,5,777776
53125092,5,778239
53126304,5,778239
53127517,6,778239
53128730,10,778239
53129942,6,778239
53131154,5,778239
53132367,9,778239
53133579,9,778239
53134792,5,778239
53136004,7,777982
53137217,3,777982
53138430,6,777982
53139642,7,777982
53140855,8,777982
53142067,8,777982
53143280,6,777982
53144492,5,777982
53145705,5,777982
53146918,5,780243
53148130,3,780603
53149342,4,780603
53150555,6,780603
53151768,3,780603
53152980,4,780603
53154192,3,780603
53155405,4,780603
53156618,7,780603
53165106,4,780603
53166319,6,780603
53167531,8,780603
53168743,7,776337
53169956,5,779215
53171169,3,779215
53172382,4,779215
53173593,3,779215
53174806,2,779215
53176019,5,779215
53177232,6,779215
53178444,4,779215
53179656,5,779215
53180870,3,778033
53182081,4,778033
53183294,4,778033
53184508,5,778033
53185719,1,778033
53186932,4,778033
53188144,3,778033
53189358,4,778033
53190570,3,778033
53191782,3,781528
53192996,5,781528
53194207,4,781528
53195420,4,781528
53196632,5,781528
53197845,5,781528
53199058,9,781528
53200271,5,781528
53201483,2,781528
53202695,4,781467
53203908,4,778907
53205121,3,778907
53206333,5,778907
53207546,4,778907
53208759,6,778907
53209971,4,778907
53211183,5,778907
53212396,4,778907
53213609,4,778900
53214822,4,777108
53216034,5,777108
53217246,5,777108
53218459,4,777108
53219671,5,777108
53220884,5,777108
53222096,4,777108
53223308,3,777108
53224521,3,777108
53225734,2,777108
53226946,9,777108
53228159,6,777108
53229371,5,777108
53230584,5,777108
53231797,5,777108
53233009,4,777108
53234222,9,780346
53235433,5,780346
53236646,5,780346
53237859,5,780346
53239071,7,780346
53240284,7,780346
53241496,8,780346
53248770,6,780346
53249983,5,780346
53251196,7,780346
53252409,7,780346
53253621,5,780346
53254834,5,780346
53256046,6,780346
53257259,3,778393
53258471,5,778393
53259684,6,778393
53260896,5,778393
53262108,5,778393
53263320,6,778393
53264534,5,778393
53265745,8,778393
53266958,5,778393
53268170,7,781322
53269383,0,781322
53270596,7,781322
53271808,6,781322
53273021,6,781322
53274233,4,781322
53275445,6,781322
53276657,11,781322
53277870,7,781322
53279083,5,778136
53280295,3,778136
53281508,7,778136
53282720,7,778136
53283932,6,778136
53285146,6,778136
53286357,12,778136
53287570,6,778136
53288783,4,778136
53289995,4,775669
53291207,4,775669
53292420,6,775669
53293632,5,775669
53294844,5,775669
53296057,8,775669
53297269,6,775669
53298482,8,775669
53299695,10,775669
53300907,5,777468
53302119,3,777468
53303332,5,777468
53304544,6,777468
53305756,7,777468
53306969,7,777468
53308182,9,777468
53309393,5,777468
53310606,8,777468
53311819,4,777930
53313031,5,777930
53314244,9,777930
53315456,7,777930
53316668,7,777930
53317881,2,777930
53319094,4,777930
53320306,8,777930
53321519,8,777930
53322731,9,778496
53323943,4,778496
53325156,3,778496
53332501,8,778496
53333642,6,776234
53334855,4,781219
53336067,8,781219
53337280,2,781219
53338492,5,781219
53339705,4,781219
53340917,3,781219
53342129,3,781219
53343342,8,781219
53344554,7,781219
53345768,3,777982
53346979,4,777982
53348192,4,777982
53349404,3,777982
53350616,4,777982
53351829,4,777982
53353041,5,777982
53354253,2,777982
53355466,4,777982
53356679,4,779266
53357891,5,779266
53359103,3,779266
53360316,4,779266
53361528,5,779266
53362741,6,779266
53363953,4,779266
53365165,6,779266
53366377,5,779266
53367590,3,779986
53368802,2,779986
53370015,3,779986
53371227,5,779986
53372440,0,779986
53373652,4,779986
53374865,6,779986
53376077,2,779986
53377289,3,779986
53378502,4,776389
53379714,5,776389
53380927,3,776389
53382139,2,776389
53383352,4,776389
53384564,5,776389
53385777,4,776389
53386988,4,776389
53388201,2,776389
53389413,4,776223
53390626,4,773151
53391838,4,773151
53393051,6,773151
53394264,3,773151
53395476,4,773151
53396689,4,773151
53397901,3,773151
53399114,4,773151
53400327,5,773212
53401538,4,775772
53402752,6,775772
53403964,5,775772
53405176,3,775772
53406389,6,775772
53407601,4,775772
53408814,5,775772
53417302,8,775772
53418513,4,775772
53419727,6,775772
53420939,7,778393
53422152,3,778393
53423364,3,778393
53424576,6,778393
53425789,6,778393
53427001,8,778393
53428214,9,778393
53429427,5,778393
53430639,3,778393
53431851,5,778393
53433064,14,776594
53434276,4,776594
53435490,8,776594
53436702,8,776594
53437914,5,776594
53439126,3,776594
53440339,7,776594
53441552,8,776594
53442764,10,776594
53443976,9,777725
53445189,5,777725
53446401,5,777725
53447615,8,777725
53448826,7,777725
53450039,9,777725
53451252,8,777725
53452464,8,777725
53453676,7,777725
53454889,3,781322
53456101,3,781322
53457314,8,781322
53458527,7,781322
53459739,6,781322
53460951,7,781322
53462164,8,781322
53463376,6,781322
53464588,7,781322
53465801,8,777828
53467014,4,777828
53468226,8,777828
53469438,5,777828
53470651,5,777828
53471863,6,777828
53473076,5,777828
53474288,6,777828
53475501,7,777828
53476714,5,778393
53477927,4,778393
53479138,8,778393
53480351,6,778393
53481564,8,778393
53482776,6,778393
53483988,7,778393
53485201,8,778393
53486414,5,778393
53487625,5,778393
53488839,-2,778393
53490051,7,778393
53491263,6,778393
53492475,6,778393
53493688,6,778393
53500964,4,778393
53502176,6,778393
53503388,6,778393
53504600,8,778393
53505814,7,778393
53507026,6,778393
53508239,8,778393
53509450,7,779780
53510663,5,779780
53511875,6,779780
53513088,5,779780
53514301,10,779780
53515514,5,779780
53516726,7,779780
53517938,8,779780
53519151,7,779780
53520364,8,779112
53521576,4,778342
53522789,3,778342
53524000,0,778342
53525213,3,778342
53526425,3,778342
53527638,3,778342
53528850,5,778342
53530062,7,778342
53531275,4,778342
53532487,5,778650
53533700,-1,778650
53534913,5,778650
53536125,4,778650
53537337,4,778650
53538550,4,778650
53539763,5,778650
53540976,5,778650
53542187,5,778650
53543400,4,778444
53544613,5,778444
53545825,3,778444
53547037,5,778444
53548249,4,778444
53549462,3,778444
53550674,5,778444
53551888,2,778444
53553099,3,778444
53554312,3,778444
53555524,4,778444
53556737,3,778444
53557949,5,778444
53559162,5,778444
53560375,3,778444
53561587,1,778444
53562799,2,778444
53564012,3,778444
53565224,5,781528
53566437,3,781528
53567650,4,781528
53568862,6,781528
53570074,5,781528
53571287,6,781528
53572499,5,781528
53573711,5,781528
53574924,3,781528
53576137,0,781461
53577349,3,777365
53584624,2,777365
53585837,11,777365
53587050,12,777231
53588261,4,782607
53589474,5,782607
53590686,2,782607
53591899,4,782607
53593112,2,782607
53594324,3,782607
53595536,3,782607
53596749,0,782607
53597961,4,782607
53599174,5,782607
53600387,8,782607
53601599,7,782607
53602811,5,782607
53604024,5,782607
53605236,4,782607
53606448,9,782607
53607661,7,779883
53608873,4,779883
53610086,4,779883
53611298,7,779883
53612510,6,779883
53613723,7,779883
53614935,6,779883
53616148,9,779883
53617360,8,779883
53618573,4,779883
53619786,5,778290
53620998,5,778290
53622211,9,778290
53623423,6,778290
53624635,6,778290
53625848,6,778290
53627061,13,778290
53628273,9,778290
53629485,5,778290
53630697,7,774384
53631911,5,774384
53633122,6,774384
53634335,6,774384
53635548,6,774384
53636760,10,774384
53637972,6,774384
53639185,10,774384
53640398,5,774384
53641611,8,783378
53642822,3,783378
53644035,8,783378
53645248,8,783378
53646460,7,783378
53647672,8,783378
53648885,5,783378
53650098,5,783378
53651310,6,783378
53652523,8,779524
53653735,3,779524
53654947,8,779524
53656160,5,779524
53657372,9,779524
53658585,8,779524
53659797,9,779524
53661009,9,779524
53669497,6,779524
53670710,5,779524
53671922,7,779524
53673134,5,779524
53674347,5,780500
53675559,5,780500
53676771,4,780500
53677984,7,780500
53679196,7,780500
53680410,7,780500
53681621,5,780500
53682834,5,780500
53684047,6,780500
53685259,4,778907
53686472,3,778907
53687684,8,778907
53688896,6,778907
53690109,7,778907
53691322,4,778907
53692533,5,778907
53693746,7,778907
53694958,6,778907
53696172,7,778701
53697383,3,778701
53698596,8,778701
53699808,7,778701
53701022,8,778701
53702234,6,778701
53703446,5,778701
53704659,6,778701
53705871,6,778701
53707084,6,776800
53708296,5,779780
53709509,4,779780
53710721,2,779780
53711935,5,779780
53713146,4,779780
53714359,6,779780
53715571,4,779780
53716784,3,779780
53717996,4,779780
53719209,4,778136
53720421,4,778136
53721634,1,778136
53722846,5,778136
53724059,6,778136
53725271,3,778136
53726484,3,778136
53727696,1,778136
53728909,3,778136
53730121,4,777725
53731334,6,777725
53732546,4,777725
53733759,6,777725
53734971,3,777725
53736184,5,777725
53737397,5,777725
53738609,5,777725
53739821,4,777725
53741034,2,776337
53742246,5,776337
53743459,5,776337
53744671,3,776337
53745884,5,776337
53754371,3,776337
53755584,6,776337
53756797,7,776337
53758009,7,776337
53759222,6,776337
53760434,5,776337
53761647,8,781579
53762859,3,781665
53764071,2,777313
53765284,4,777313
53766497,4,777313
53767709,1,777313
53768921,2,777313
53770134,1,777313
53771346,0,777313
53772559,5,777313
53773771,5,777313
53774984,5,777057
53776196,4,777057
53777409,2,777057
53778621,2,777057
53779834,4,777057
53781046,6,777057
53782259,5,777057
53783472,3,777057
53784684,2,777057
53785896,4,777057
53787108,6,777057
53788321,8,777057
53789534,6,777057
53790746,5,777057
53791958,4,777057
53793170,8,777057
53794383,6,776337
53795595,1,776337
53796808,4,776337
53798021,6,776337
53799232,5,776337
53800445,6,776337
53801658,7,776337
53802870,7,776337
53804083,4,776337
53805295,6,776337
53806507,7,778650
53807720,4,778650
53808932,5,778650
53810145,5,778650
53811357,7,778650
53812569,5,778650
53813782,9,778650
53814995,7,778650
53816207,7,778650
53817420,5,776132
53818632,4,776132
53819844,4,776132
53821057,11,776132
53822269,8,776132
53823482,6,776132
53824695,8,776132
53825907,7,776132
53827119,4,776132
53828332,6,779266
53829545,2,779266
53830757,6,779266
53838031,9,779266
53839244,5,777776
53840456,4,777776
53841669,9,777776
53842882,5,777776
53844094,6,777776
53845306,8,777776
53846519,6,777776
53847731,6,777776
53848944,4,777776
53850156,6,779575
53851369,5,779575
53852582,6,779575
53853794,4,779575
53855007,5,779575
53856219,6,779575
53857432,8,779575
53858644,7,779575
53859857,8,779575
53861069,7,779266
53862281,5,779266
53863494,5,779266
53864707,6,779266
53865919,4,779266
53867132,6,779266
53868344,7,779266
53869556,7,779266
53870769,5,779266
53871982,6,784508
53873193,3,784508
53874407,7,784508
53875618,7,784508
53876830,6,784508
53878043,7,784508
53879256,6,784508
53880468,9,784508
53881680,7,784508
53882892,7,777622
53884105,4,777622
53885317,6,777622
53886530,5,777622
53887742,5,777622
53888955,8,777622
53890167,6,777622
53891379,6,777622
53892592,8,777622
53893804,4,777930
53895016,5,776440
53896229,3,776440
53897442,4,776440
53898654,5,776440
53899867,5,776440
53901080,4,776440
53902292,6,776440
53903504,6,776440
53904716,3,776440
53905929,3,776440
53907141,2,776440
53908354,5,776440
53909566,4,776440
53910779,2,776440
53911991,3,776440
53913204,3,776440
53914416,4,776440
53922903,8,776440
53924115,6,776440
53925328,6,776440
53926540,6,781373
53927752,7,778753
53928965,3,778753
53930178,4,778753
53931389,5,778753
53932602,1,778753
53933814,2,778753
53935027,4,778753
53936239,3,778753
53937452,4,778753
53938664,3,781014
53939877,5,781014
53941088,3,781014
53942302,2,781014
53943513,3,781014
53944726,2,781014
53945938,4,781014
53947151,5,781014
53948363,8,781014
53949575,4,781053
53950787,4,777725
53952000,4,777725
53953212,3,777725
53954425,4,777725
53955637,5,777725
53956850,4,777725
53958062,7,777725
53959275,4,777725
53960487,4,777582
53961699,5,780654
53962913,3,780654
53964124,3,780654
53965337,4,780654
53966550,4,780654
53967762,6,780654
53968974,4,780654
53970187,2,780654
53971399,3,780654
53972612,5,780654
53973824,5,780654
53975036,6,780654
53976249,8,780654
53977461,8,780654
53978674,5,780654
53979887,6,780654
53981099,4,779215
53982311,7,779215
53983524,5,779215
53984736,8,779215
53985948,7,779215
53987162,4,779215
53988374,8,779215
53989586,8,779215
53990799,4,779215
53992012,7,779215
53993224,6,779832
53994436,5,779832
53995648,6,779832
53996861,9,779832
53998074,5,779832
53999286,3,779832
54006560,11,779832
54007773,7,779832
54008985,7,779832
54010198,5,779832
54011410,8,779832
54012623,6,779832
54013835,8,779832
54015047,8,782093
54016260,5,782093
54017472,6,782093
54018684,4,782093
54019896,6,782093
54021109,3,782093
54022321,5,782093
54023534,6,782093
54024746,7,782093
54025959,9,777828
54027172,4,777828
54028384,3,777828
54029596,6,777828
54030808,6,777828
54032021,6,777828
54033233,6,777828
54034446,8,777828
54035658,8,777828
54036870,7,780397
54038083,5,780397
54039295,6,780397
54040508,6,780397
54041720,5,780397
54042932,7,780397
54044145,5,780397
54045358,7,780397
54046570,7,780397
54047782,5,777005
54048994,4,777005
54050207,5,777005
54051419,4,777005
54052632,7,777005
54053845,8,777005
54055057,11,777005
54056269,6,777005
54057481,7,777005
54058693,6,778855
54059907,3,778855
54061119,6,778855
54062331,8,778855
54063543,8,778855
54064756,8,778855
54065968,5,778855
54067180,7,778855
54068394,6,778855
54069605,6,776286
54070817,3,776286
54072031,7,776286
54073243,8,776286
54074455,6,776286
54075668,8,776286
54076880,7,776286
54078093,7,776286
54079304,2,776286
54080517,7,782607
54081730,3,776389
54082942,7,776389
54091430,2,776389
54092642,6,783378
54093854,4,783378
54095066,3,783378
54096279,3,783378
54097491,5,783378
54098703,5,783378
54099916,5,783378
54101128,2,783378
54102341,3,783378
54103553,3,783378
54104766,3,783378
54105979,2,783378
54107191,2,783378
54108403,2,783378
54109616,5,783378
54110828,4,783378
54112040,3,783378
54113253,2,783378
54114466,4,784611
54115677,2,784611
54116890,4,784611
54118102,6,784611
54119315,4,784611
54120527,3,784611
54121740,3,784611
54122952,4,784611
54124165,4,784611
54125378,4,773665
54126589,3,773665
54127802,2,773665
54129015,5,773665
54130227,3,773665
54131440,5,773665
54132652,3,773665
54133865,5,773665
54135077,4,773665
54136289,4,773666
54137502,3,773922
54138715,3,773922
54139927,5,773922
54141139,2,773922
54142352,3,773922
54143564,3,773922
54144776,2,773922
54145989,5,773922
54147201,6,773987
54148414,3,777571
54149626,4,777571
54150838,2,777571
54152051,5,777571
54153263,3,777571
54154475,3,777571
54155688,5,777571
54156900,4,777571
54158113,5,777571
54159326,6,777571
54160538,8,777571
54161750,9,777571
54162962,5,777571
54164175,6,777571
54165388,6,777571
54166600,7,777571
54167812,6,777571
54175088,5,777571
54176299,7,777571
54177512,8,777571
54178724,6,777571
54179937,6,777057
54181149,5,777057
54182363,11,777057
54183575,9,777057
54184787,5,777057
54185999,7,777057
54187212,5,777057
54188424,8,777057
54189637,10,777057
54190849,6,764414
54192061,9,764414
54193275,8,764414
54194486,8,764414
54195699,5,764414
54196911,9,764414
54198124,4,764414
54199336,5,764414
54200549,7,764414
54201761,9,781887
54202973,3,781887
54204187,5,781887
54205399,9,781887
54206611,5,781887
54207823,7,781887
54209036,6,781887
54210248,8,781887
54211461,8,781887
54212673,6,770684
54213886,4,770684
54215099,3,770684
54216311,9,770684
54217523,8,770684
54218735,5,770684
54219948,3,770684
54221161,4,770684
54222374,3,770684
54223586,7,783943
54224798,5,783943
54226010,7,783943
54227224,8,783943
54228436,7,783943
54229648,7,783943
54230860,6,783943
54232073,7,783943
54233285,6,783943
54234498,8,773716
54235710,4,773716
54236923,6,773716
54238135,4,773716
54239348,7,773716
54240560,9,773716
54241772,5,773716
54242986,8,773716
54244198,8,773716
54245409,5,786512
54246623,3,786512
54247834,7,786512
54249047,7,786512
54250259,4,786512
54251472,6,786512
54258746,9,786512
54259959,6,786512
54261172,8,786512
54262384,7,786512
54263596,7,786512
54264808,5,786512
54266021,6,786512
54267233,5,779986
54268446,3,773100
54269659,4,773100
54270871,5,773100
54272083,5,773100
54273296,3,773100
54274509,5,773100
54275720,4,773100
54276933,4,773100
54278145,5,773100
54279357,4,781733
54280570,4,781733
54281782,2,781733
54282995,3,781733
54284207,4,781733
54285420,4,781733
54286632,4,781733
54287844,3,781733
54289056,10,781733
54290269,4,781733
54291481,4,781733
54292694,5,781733
54293906,4,781733
54295118,4,781733
54296331,3,781733
54297544,4,781733
54298756,7,781733
54299968,3,781733
54301180,3,784149
54302393,4,784149
54303605,4,784149
54304818,4,784149
54306030,2,784149
54307243,4,784149
54308455,4,784149
54309667,0,784149
54310880,4,784149
54312093,5,782607
54313305,2,782607
54314518,4,782607
54315730,4,782607
54316942,5,782607
54318155,5,782607
54319367,5,782607
54320579,3,782607
54321792,2,782607
54323004,3,782609
54324217,0,769553
54325429,4,769553
54326641,4,769553
54327854,4,769553
54329066,5,769553
54330279,4,769553
54331491,5,769553
54332704,5,769553
54333916,5,769586
54335129,3,778290
54342501,4,778290
54343617,6,778290
54344828,0,781528
54346041,11,781528
54347254,5,781528
54348465,4,781528
54349679,4,781528
54350891,3,781528
54352103,4,781528
54353316,5,781528
54354528,6,781528
54355741,4,781528
54356953,1,781528
54358165,6,781528
54359378,4,781528
54360590,7,781528
54361803,5,781528
54363015,8,781528
54364227,6,781528
54365439,5,781528
54366652,4,769708
54367865,9,769708
54369077,6,769708
54370289,6,769708
54371501,8,769708
54372714,8,769708
54373926,7,769708
54375138,8,769708
54376351,6,769708
54377564,8,773870
54378776,2,773870
54379989,5,773870
54381201,6,773870
54382413,4,773870
54383626,9,773870
54384838,8,773870
54386051,7,773870
54387263,8,773870
54388476,7,775361
54389688,4,775361
54390900,5,775361
54392113,4,775361
54393325,4,775361
54394539,7,775361
54395750,7,775361
54396963,7,775361
54398176,7,775361
54399388,8,776491
54400601,4,776491
54401814,5,776491
54403026,5,776491
54404239,11,776491
54405451,5,776491
54406664,9,776491
54407876,8,776491
54409089,4,776491
54410301,6,783429
54411513,2,783429
54412726,7,783429
54413938,7,783429
54415150,9,783429
54416363,7,783429
54417576,7,783429
54418788,6,783429
54426062,13,783429
54427275,6,783429
54428487,4,783429
54429700,6,783429
54430912,8,783429
54432124,8,783583
54433337,8,783583
54434549,6,783583
54435762,6,783583
54436974,6,783583
54438187,5,783583
54439400,5,783583
54440612,6,783583
54441824,6,783583
54443037,8,772688
54444249,3,772688
54445461,3,772688
54446673,6,772688
54447886,5,772688
54449099,5,772688
54450311,7,772688
54451523,7,772688
54452737,7,772688
54453948,5,791600
54455161,4,773768
54456374,4,773768
54457585,4,773768
54458798,3,773768
54460010,4,773768
54461225,4,773768
54462435,4,773768
54463647,3,773768
54464860,4,773768
54466072,3,809587
54467285,3,809587
54468497,4,809587
54469710,3,809587
54470922,3,809587
54472134,2,809587
54473347,3,809587
54474559,8,809587
54475772,4,809587
54476984,4,846961
54478197,4,781425
54479409,2,781425
54480621,3,781425
54481834,3,781425
54483046,5,781425
54484258,1,781425
54485471,5,781425
54486684,4,781425
54487896,3,722313
54489108,6,787849
54490321,3,787849
54491533,5,787849
54492746,6,787849
54493958,6,787849
54495170,4,787849
54496383,3,787849
54497595,6,787849
54498807,3,835706
54500020,4,770170
54501232,3,770170
54502445,7,770170
54510931,3,770170
54512144,5,770170
54513356,6,770170
54514569,8,770170
54515781,5,770170
54516993,5,770170
54518206,9,770170
54519419,10,784303
54520631,7,784166
54521843,3,774950
54523056,8,774950
54524268,4,774950
54525480,4,774950
54526693,4,774950
54527905,4,774950
54529117,0,774950
54530330,4,774950
54531542,3,774950
54532755,7,774950
54533967,7,774950
54535180,7,774950
54536393,7,774950
54537604,5,774950
54538818,5,774950
54540030,8,774950
54541241,4,787078
54542455,4,787078
54543666,3,787078
54544880,6,787078
54546092,5,787078
54547304,7,787078
54548516,7,787078
54549729,7,787078
54550941,6,787078
54552154,5,787078
54553367,9,773511
54554579,5,773511
54555792,10,773511
54557003,4,773511
54558216,7,773511
54559429,5,773511
54560640,6,773511
54561853,5,773511
54563066,11,773511
54564278,7,779061
54565491,3,779061
54566703,8,779061
54567915,7,779061
54569129,7,779061
54570340,6,779061
54571552,8,779061
54572766,6,779061
54573978,7,779061
54575190,10,781733
54576402,4,781733
54577615,9,781733
54578827,7,781733
54580040,7,781733
54581251,6,781733
54582464,6,781733
54583676,4,781733
54584888,6,781733
54586102,5,775207
54587313,8,775207
54594588,9,775207
54595800,5,775207
54597013,6,769451
54598224,4,769451
54599437,9,769451
54600651,5,769451
54601862,8,769451
54603075,5,769451
54604288,8,769451
54605500,8,769451
54606712,9,769451
54607925,6,776800
54609137,-1,776800
54610350,4,776800
54611563,6,776800
54612775,8,776800
54613988,10,776800
54615200,8,776800
54616413,5,776800
54617624,5,776800
54618838,6,780243
54620049,4,780243
54621262,10,780243
54622474,6,780243
54623687,5,780243
54624899,4,780243
54626112,5,780243
54627324,7,780243
54628537,11,780243
54629749,7,782145
54630962,4,782145
54632175,7,782145
54633387,4,782145
54634600,7,782145
54635811,3,782145
54637024,5,782145
54638237,6,782145
54639449,6,782145
54640662,6,785125
54641874,6,772688
54643087,4,772688
54644299,4,772688
54645511,4,772688
54646724,5,772688
54647937,2,772688
54649149,3,772688
54650361,6,772688
54651574,4,772688
54652786,2,786410
54653999,3,786410
54655212,4,786410
54656424,3,786410
54657636,5,786410
54658849,6,786410
54660061,9,786410
54661274,4,786410
54662486,5,786410
54663698,6,772226
54664911,4,772226
54666123,0,772226
54667336,4,772226
54668548,4,772226
54669761,5,772226
54670973,8,772226
54679460,8,772226
54680672,10,772226
54681885,5,772226
54683098,5,772226
54684310,7,774179
54685522,6,774179
54686735,4,774179
54687947,3,774179
54689160,3,774179
54690372,4,774179
54691584,4,774179
54692797,4,774179
54694009,4,774179
54695222,5,774179
54696435,2,774305
54697646,3,780705
54698859,8,780705
54700072,7,780705
54701284,5,780705
54702497,4,780705
54703709,5,780705
54704921,3,780705
54706134,2,780705
54707347,1,780739
54708558,5,775875
54709772,3,775875
54710984,4,775875
54712196,3,775875
54713408,5,775875
54714621,5,775875
54715833,4,775875
54717046,5,775875
54718258,5,775875
54719470,4,775875
54720683,6,775875
54721895,8,775875
54723108,6,775875
54724321,8,775875
54725533,5,775875
54726746,3,775875
54727958,8,778701
54729171,4,778701
54730383,-1,778701
54731596,6,778701
54732807,8,778701
54734021,8,778701
54735233,7,778701
54736445,7,778701
54737657,8,778701
54738870,9,778701
54740083,4,775772
54741295,6,775772
54742508,8,775772
54743720,7,775772
54744932,7,775772
54746145,5,775772
54747357,6,775772
54748569,9,775772
54749782,3,775772
54750995,4,781528
54752207,5,781528
54753420,5,781528
54754632,5,781528
54755844,6,770993
54763119,2,770993
54764331,5,770993
54765544,7,770993
54766756,7,770993
54767968,6,770993
54769182,7,770993
54770393,7,770993
54771606,4,770993
54772818,6,785690
54774031,4,785690
54775243,7,785690
54776455,3,785690
54777668,6,785690
54778880,6,785690
54780092,4,785690
54781305,7,785690
54782518,5,785690
54783729,9,783223
54784942,4,783223
54786154,3,783223
54787366,7,783223
54788579,8,783223
54789791,5,783223
54791003,7,783223
54792216,7,783223
54793429,5,783223
54794640,6,771352
54795854,3,771352
54797066,10,771352
54798278,5,771352
54799491,5,771352
54800703,7,771352
54801915,6,771352
54803128,5,771352
54804340,5,771352
54805552,6,782299
54806765,7,782299
54807977,8,782299
54809189,6,782299
54810402,7,782299
54811615,6,782299
54812827,7,782299
54814039,7,782299
54815251,8,782299
54816464,6,761999
54817676,4,761999
54818889,5,761999
54820102,7,761999
54821313,8,761999
54822526,8,761999
54823738,5,761999
54824951,6,761999
54826163,7,761999
54827375,5,774744
54828588,5,769399
54829800,3,769399
54831013,3,769399
54832225,2,769399
54833437,3,769399
54834650,4,769399
54835862,6,769399
54837074,4,769399
54838287,0,769399
