timestamp_us,acceleration,capacitance
1513,41,0
2726,21,1730826
3938,1,1730826
5151,-4,1730826
6364,-16,1730826
7576,-33,1730826
8788,-18,1730826
10001,10,1730826
11213,34,1730826
12425,58,1730826
13639,62,1747888
14850,40,1747888
16063,50,1747888
17276,7,1747888
18488,-34,1747888
19701,-40,1747888
20913,-52,1747888
22125,-34,1747888
23338,12,1747888
24550,50,1754106
25762,57,1754106
26975,58,1754106
28187,54,1754106
29400,-26,1754106
30612,-58,1754106
31825,-44,1754106
33037,-33,1754106
34249,-30,1754106
35462,44,1755237
36674,96,1755237
37886,91,1755237
39099,36,1755237
40312,-62,1755237
41524,-117,1755237
42736,-84,1755237
43948,-40,1755237
45161,16,1755237
46373,84,1729952
47586,107,1729952
48798,116,1729952
50010,52,1729952
51223,-35,1729952
52435,-114,1729952
53648,-125,1729952
54861,-78,1729952
56072,26,1729952
57285,110,1930943
58498,142,1930943
59710,110,1930943
60922,20,1930943
62135,-59,1930943
63348,-104,1930943
64560,-90,1930943
65773,-33,1930943
66985,39,1930943
68197,85,1721884
69409,90,1743776
70622,52,1743776
71834,-16,1743776
73047,-71,1743776
74259,-86,1743776
75472,-43,1743776
76684,17,1743776
77897,55,1743776
79109,-4,1743776
87595,9,1743776
88809,7,1743776
90021,15,1749224
91234,12,1704450
92445,12,1769986
93657,-11,1769986
94870,-2,1769986
96082,5,1769986
97295,25,1769986
98508,22,1769986
99719,11,1769986
100932,-7,1769986
102144,-25,1782217
103357,-17,1782217
104569,-23,1782217
105781,3,1782217
106994,30,1782217
108206,53,1782217
109418,36,1782217
110631,7,1782217
111842,-20,1782217
113056,-53,1824833
114268,-65,1759297
115481,-30,1759297
116693,20,1759297
117905,61,1759297
119117,70,1759297
120329,41,1759297
121542,-25,1759297
122754,-71,1759297
123967,-68,1759286
125179,-25,1770294
126392,20,1770294
127604,68,1770294
128817,74,1770294
130029,50,1770294
131241,18,1770294
132454,-9,1770294
133666,-32,1770294
134878,-37,1770295
136090,-23,1756727
137303,7,1756727
138515,33,1756727
139728,42,1756727
140941,32,1756727
142153,6,1756727
143365,-24,1756727
144577,-32,1756727
145790,-25,1756727
147002,-12,1756727
148214,16,1756727
149427,23,1756727
150640,19,1756727
151851,10,1756727
153064,5,1756727
154277,5,1756727
155489,2,1774560
156701,-7,1774560
157914,3,1774560
159126,26,1774560
160338,23,1774560
161551,28,1774560
162764,45,1774560
163975,-21,1774560
171250,-2,1774560
172462,25,1774560
173675,32,1774560
174887,22,1774560
176099,-2,1774560
177311,-15,1774560
178524,-6,1777284
179737,0,1777284
180949,14,1777284
182161,20,1777284
183373,25,1777284
184586,20,1777284
185798,5,1777284
187010,-9,1777284
188223,-24,1777284
189436,-33,1753747
190648,-23,1753747
191861,5,1753747
193072,31,1753747
194285,47,1753747
195497,36,1753747
196710,3,1753747
197922,-19,1753747
199135,-38,1753747
200348,-33,1731956
201560,-7,1731956
202772,28,1731956
203985,45,1731956
205197,48,1731956
206409,20,1731956
207621,-9,1731956
208834,-23,1731956
210046,-21,1731956
211259,-3,1730364
212471,17,1730364
213684,36,1730364
214896,32,1730364
216109,18,1730364
217321,0,1730364
218533,-15,1730364
219745,-20,1730364
220958,-10,1730364
222170,8,1743828
223383,22,1743828
224595,35,1743828
225808,29,1743828
227021,16,1743828
228233,15,1743828
229445,11,1743828
230658,2,1743828
231870,4,1743828
233082,12,1754466
234295,20,1754466
235507,23,1754466
236720,14,1754466
237931,5,1754466
239144,1,1754466
240356,-1,1754466
241569,4,1754466
242781,8,1754466
243993,4,1762791
245205,0,1762791
246418,-8,1762791
247630,83,1760016
256117,64,1757395
257329,-2,1757395
258541,-37,1757395
259754,-75,1757395
260966,-82,1757395
262179,-27,1757395
263391,17,1757395
264603,68,1757395
265815,94,1757395
267027,58,1749430
268240,5,1749430
269452,-49,1749430
270664,-70,1749430
271877,-60,1749430
273088,-2,1749430
274301,48,1749430
275514,68,1749430
276725,58,1749430
277938,28,1757704
279150,-16,1757704
280362,-41,1757704
281574,-43,1757704
282787,-15,1757704
283999,10,1757704
285211,39,1757704
286424,44,1757704
287636,29,1757704
288848,2,1767365
290061,-37,1767365
291273,-46,1767365
292485,-29,1767365
293698,-1,1767365
294910,17,1767365
296122,31,1767365
297335,29,1767365
298547,17,1767365
299760,4,1766337
300973,-11,1766337
302184,-14,1766337
303397,-8,1766337
304610,2,1766337
305822,15,1766337
307034,30,1766337
308246,95,1766337
309459,86,1766337
310671,53,1766236
311883,-33,1780316
313096,-65,1780316
314308,-86,1780316
315521,-60,1780316
316734,-16,1780316
317945,39,1780316
319158,56,1780316
320371,102,1780316
321582,68,1780353
322795,-20,1776513
324007,-79,1776513
325220,-67,1776513
326433,-94,1776513
327645,-25,1776513
328857,39,1776513
330070,71,1776513
331282,86,1776513
332495,7,1776513
340982,66,1776513
342194,96,1773583
343406,81,1773583
344620,33,1773583
345832,-43,1773583
347044,-70,1773583
348257,-90,1773583
349469,-68,1773583
350681,-3,1773583
351894,64,1773583
353106,136,1773583
354318,143,1768444
355530,70,1768444
356743,-31,1768444
357955,-114,1768444
359168,-142,1768444
360380,-97,1768444
361593,-13,1768444
362805,65,1768444
364017,135,1768444
365230,191,1770603
366442,107,1770603
367655,-15,1770603
368867,-129,1770603
370079,-187,1770603
371292,-164,1770603
372504,-23,1770603
373717,85,1770603
374929,154,1770603
376141,172,1765258
377354,109,1765258
378567,8,1765258
379779,-105,1765258
380991,-149,1765258
382204,-135,1765258
383416,-42,1765258
384628,56,1765258
385842,135,1765258
387054,162,1781549
388267,98,1781549
389479,10,1781549
390691,-80,1781549
391903,-120,1781549
393116,-103,1781549
394328,-35,1781549
395541,36,1781549
396753,97,1781549
397966,122,1770243
399178,99,1770243
400391,18,1770243
401603,-55,1770243
402816,-97,1770243
404029,-88,1770243
405240,-34,1770243
406454,37,1770243
407666,84,1770243
408878,96,1780881
410090,69,1780881
411302,16,1780881
412515,-37,1780881
413727,-79,1780881
414940,-72,1780881
416153,-22,1780881
417365,-55,1780881
424640,-55,1780881
425852,-33,1780881
427065,14,1780881
428277,48,1780881
429489,63,1780881
430703,46,1780110
431914,2,1780110
433127,-29,1780110
434339,-53,1780110
435552,-36,1780110
436764,10,1780110
437977,42,1780110
439189,58,1780110
440401,46,1780110
441613,11,1766851
442826,-26,1776718
444038,-35,1776718
445250,-31,1776718
446463,-5,1776718
447675,30,1776718
448887,51,1776718
450100,65,1776718
451312,45,1776718
452525,11,1776718
453737,-20,1781138
454949,-38,1781138
456162,-38,1781138
457375,-17,1781138
458586,14,1781138
459799,42,1781138
461011,41,1781138
462224,15,1781138
463437,-8,1781138
464649,-33,1781138
465861,-45,1781138
467073,-25,1781138
468285,-9,1781138
469498,11,1781138
470710,17,1781138
471923,15,1781138
473136,1,1781138
474348,6,1781138
475560,-8,1833878
476773,-17,1768342
477985,5,1768342
479197,3,1768342
480409,-2,1768342
481623,4,1768342
482834,10,1768342
484047,11,1768342
485259,12,1768342
486472,13,1755699
487684,8,1755699
488897,15,1755699
490109,8,1755699
491322,17,1755699
492535,41,1755699
493747,46,1755699
494960,46,1755699
496172,37,1755699
497385,6,1755663
498596,-22,1773327
499809,-39,1773327
501021,21,1773327
509508,9,1773327
510722,6,1773327
511933,-1,1773327
513146,2,1773327
514358,4,1773327
515570,0,1773327
516784,1,1773327
517996,9,1746552
519209,6,1746552
520421,6,1746552
521633,5,1746552
522845,1,1746552
524058,1,1746552
525270,-1,1746552
526483,2,1746552
527695,3,1746552
528908,8,1616943
530119,13,1616943
531332,14,1616943
532544,12,1616943
533757,5,1616943
534969,2,1616943
536182,1,1616943
537394,2,1616943
538607,11,1616943
539819,14,1616943
541031,20,1703691
542243,12,1703691
543456,8,1703691
544669,2,1703691
545880,-6,1703691
547093,-7,1703691
548305,-1,1703691
549518,7,1703691
550730,15,1703691
551942,20,1704411
553155,9,1704411
554367,0,1704411
555580,-13,1704411
556791,-4,1704411
558005,3,1704411
559217,15,1704411
560428,22,1704411
561641,26,1704411
562853,21,1712274
564065,4,1712274
565278,-7,1712274
566490,-8,1712274
567703,-3,1712274
568915,3,1712274
570128,12,1712274
571340,15,1712274
572552,16,1712274
573765,13,1724916
574977,1,1724916
576189,3,1724916
577402,4,1724916
578615,7,1724916
579827,4,1724916
581039,5,1724916
582252,6,1724916
583464,11,1724916
584677,21,1730209
585889,-3,1730209
593164,4,1730209
594376,10,1730209
595588,10,1742440
596801,6,1742440
598014,3,1742440
599225,1,1742440
600438,2,1742440
601650,0,1742440
602862,4,1742440
604075,14,1742440
605287,17,1742440
606500,17,1747734
607712,8,1747734
608925,15,1747734
610137,10,1747734
611350,12,1747734
612562,10,1747734
613774,11,1747734
614987,7,1747734
616199,17,1747734
617412,21,1759657
618625,22,1759657
619837,19,1759657
621050,23,1759657
622262,15,1759657
623475,6,1759657
624687,7,1759657
625899,19,1759657
627111,8,1759657
628324,-2,1764230
629536,-4,1758320
630749,-7,1758320
631962,3,1758320
633174,-2,1758320
634387,5,1758320
635598,-4,1758320
636811,8,1758320
638024,-10,1758320
639236,-26,1758320
640449,-22,1748453
641661,-7,1748453
642873,9,1748453
644086,31,1748453
645298,33,1748453
646511,22,1748453
647723,1,1748453
648936,-17,1748453
650147,-19,1748453
651360,-11,1721473
652572,-2,1721473
653786,10,1721473
654998,18,1721473
656210,20,1721473
657423,8,1721473
658635,4,1721473
659848,-7,1721473
661060,-13,1721473
662272,-8,1753142
663485,4,1687606
664697,11,1687606
665910,19,1687606
667122,18,1687606
668334,11,1687606
669547,20,1687606
678034,13,1687606
679246,8,1687606
680459,0,1687606
681671,-3,1687606
682883,-3,1697936
684096,1,1698035
685308,4,1683443
686521,15,1683443
687734,11,1683443
688945,5,1683443
690158,0,1683443
691371,-1,1683443
692582,1,1683443
693795,6,1683443
695007,11,1683258
696220,15,1702458
697432,15,1702458
698645,10,1702458
699858,2,1702458
701070,-8,1702458
702282,-11,1702458
703495,-2,1702458
704707,10,1702458
705919,18,1702458
707132,22,1702458
708345,17,1702458
709557,2,1702458
710769,-2,1702458
711982,-8,1702458
713194,-4,1702458
714407,4,1702458
715619,13,1700145
716832,24,1700145
718045,22,1700145
719256,14,1700145
720469,0,1700145
721682,-5,1700145
722894,-16,1700145
724106,-10,1700145
725319,0,1700145
726532,15,1700145
727743,21,1707443
728956,25,1707443
730169,15,1707443
731381,17,1707443
732593,-1,1707443
733806,-19,1707443
735018,-3,1707443
736231,8,1707443
737443,21,1707443
738656,33,1700351
739869,30,1700351
741081,16,1700351
742294,-14,1700351
743506,-29,1700351
744719,-21,1700351
745931,-6,1700351
747144,24,1700351
748357,50,1700351
749569,48,1707392
750781,16,1707392
751994,10,1707392
753207,-8,1707392
754419,43,1712325
761694,25,1712325
762907,11,1712325
764120,-6,1712325
765331,-30,1712325
766544,-29,1712325
767757,-3,1712325
768969,22,1712325
770182,33,1712325
771394,37,1712325
772607,15,1712325
773820,-4,1712325
775032,-20,1712325
776245,-10,1712325
777457,3,1712325
778670,31,1712325
779882,37,1712325
781094,32,1712325
782307,2,1732008
783520,-19,1732008
784732,-28,1732008
785945,-8,1732008
787158,10,1732008
788370,25,1732008
789582,29,1732008
790795,23,1732008
792008,12,1732008
793221,8,1727897
794433,-23,1727897
795646,-14,1727897
796858,1,1727897
798070,21,1727897
799283,24,1727897
800496,32,1727897
801708,26,1727897
802921,14,1727897
804134,-17,1737610
805346,-25,1737610
806560,-7,1737610
807771,9,1737610
808985,28,1737610
810197,27,1737610
811410,26,1737610
812622,36,1737610
813835,7,1737610
815047,2,1741721
816260,-11,1739460
817473,-16,1739460
818685,0,1739460
819898,10,1739460
821110,3,1739460
822323,6,1739460
823536,-1,1739460
824748,0,1739460
825961,-3,1739460
827174,1,1750509
828386,5,1750509
829599,6,1750509
830811,6,1750509
832024,-2,1750509
833237,22,1750509
834450,18,1750509
835662,10,1750509
836874,0,1750509
838087,11,1750509
846575,3,1750509
847787,-2,1728822
849001,-9,1740539
850213,-2,1740539
851425,3,1740539
852638,11,1740539
853850,13,1740539
855063,14,1740539
856275,16,1740539
857488,1,1740539
858701,-12,1740539
859913,24,1730929
861126,12,1730929
862338,11,1730929
863551,-5,1730929
864763,7,1730929
865977,1,1730929
867189,2,1730929
868401,3,1730929
869614,2,1730929
870826,10,1730929
872039,5,1730929
873252,1,1730929
874464,-4,1730929
875677,1,1730929
876890,-1,1730929
878102,13,1730929
879314,9,1730929
880528,8,1730929
881739,2,1730876
882953,-10,1744188
884165,-15,1744188
885378,-15,1744188
886590,-7,1744188
887802,7,1744188
889015,30,1744188
890227,29,1744188
891440,19,1744188
892653,5,1744282
893865,7,1755802
895078,3,1755802
896290,-6,1755802
897503,-10,1755802
898715,6,1755802
899927,10,1755802
901140,16,1755802
902353,15,1755802
903565,3,1755802
904778,-25,1755802
905990,-27,1755802
907203,1,1755802
908415,31,1755802
909627,57,1755802
910842,70,1755802
912053,39,1755802
913265,2,1770140
914478,-8,1770140
915690,-48,1770140
916903,-15,1770140
918115,4,1770140
919328,15,1770140
920540,40,1770140
921753,11,1770140
922965,13,1770140
930240,26,1770140
931453,27,1770140
932665,35,1770140
933878,5,1770140
935090,-25,1770140
936303,-27,1752102
937516,-31,1752102
938728,-53,1752102
939941,-7,1752102
941154,18,1752102
942366,74,1752102
943578,109,1752102
944792,59,1752102
946003,-17,1752102
947217,-82,1736582
948428,-108,1736582
949641,-81,1736582
950854,-8,1736582
952066,64,1736582
953279,102,1736582
954492,110,1736582
955704,75,1736582
956916,7,1736582
958129,-68,1744136
959342,-112,1744136
960555,-91,1744136
961767,-27,1744136
962979,51,1744136
964192,98,1744136
965404,104,1744136
966617,56,1744136
967830,-19,1744136
969042,-85,1734989
970254,-96,1734989
971467,-44,1734989
972680,17,1734989
973892,68,1734989
975105,97,1734989
976317,78,1734989
977529,26,1734989
978742,-14,1734989
979954,-43,1751382
981167,-49,1751382
982379,-22,1751382
983592,18,1751382
984805,63,1751382
986018,79,1751382
987230,93,1751382
988443,76,1751382
989655,2,1751382
990868,-75,1742749
992080,-117,1742749
993293,-109,1742749
994505,-52,1742749
995718,37,1742749
996930,90,1742749
998142,121,1742749
999355,95,1742749
1000568,25,1742749
1001780,-42,1747528
1002992,-96,1747528
1004205,-99,1747528
1005417,-58,1747528
1006630,-66,1657285
1015117,-68,1657285
1016330,-45,1657285
1017542,0,1657285
1018755,43,1657285
1019968,68,1657285
1021180,63,1657285
1022393,21,1657285
1023605,-20,1657285
1024817,-40,1714073
1026030,-43,1714073
1027243,-19,1714073
1028455,17,1714073
1029667,42,1714073
1030880,58,1714073
1032093,42,1714073
1033305,21,1714073
1034517,-12,1714073
1035730,-37,1714073
1036942,-37,1714073
1038155,-22,1714073
1039368,12,1714073
1040581,38,1714073
1041793,43,1714073
1043005,31,1714073
1044218,5,1714073
1045430,-19,1714073
1046643,-30,1743160
1047855,-27,1743160
1049068,-9,1743160
1050280,15,1743160
1051493,31,1743160
1052706,32,1743160
1053918,22,1743160
1055131,2,1743160
1056343,-19,1743160
1057555,-26,1738278
1058769,-19,1738278
1059981,4,1738278
1061193,20,1738278
1062405,31,1738278
1063618,30,1738278
1064830,21,1738278
1066043,-1,1738278
1067255,-17,1738278
1068468,-17,1738243
1069681,-5,1756419
1070893,8,1756419
1072106,22,1756419
1073318,28,1756419
1074531,15,1756419
1075743,5,1756419
1076956,-8,1756419
1078168,-12,1756419
1079382,-1,1756663
1080593,-3,1739511
1081806,10,1739511
1083019,14,1739511
1084231,15,1739511
1085444,4,1739511
1086656,2,1739511
1087869,-6,1739511
1089081,-9,1739511
1090294,1,1739511
1091507,-9,1739511
1099994,-11,1755802
1101207,-6,1755802
1102419,4,1755802
1103632,22,1755802
1104844,35,1755802
1106057,17,1755802
1107269,9,1755802
1108481,-3,1755802
1109694,5,1755802
1110907,-8,1755802
1112119,6,1745729
1113332,4,1745729
1114545,19,1745729
1115757,16,1745729
1116970,15,1745729
1118182,5,1745729
1119394,-3,1745729
1120607,1,1745729
1121820,3,1745729
1123033,7,1740693
1124245,8,1740693
1125457,7,1740693
1126670,2,1740693
1127882,2,1740693
1129095,9,1740693
1130307,13,1740693
1131520,23,1740693
1132733,24,1740693
1133945,2,1737764
1135158,-18,1737764
1136371,-22,1737764
1137583,-10,1737764
1138795,3,1737764
1140009,18,1737764
1141221,35,1737764
1142433,35,1737764
1143646,28,1737764
1144858,0,1738072
1146071,-22,1738072
1147284,-21,1738072
1148496,-15,1738072
1149709,4,1738072
1150921,27,1738072
1152134,31,1738072
1153346,28,1738072
1154558,16,1738072
1155772,-1,1711708
1156985,-17,1711708
1158197,-17,1711708
1159409,-6,1711708
1160622,14,1711708
1161834,26,1711708
1163047,30,1711708
1164259,28,1711708
1165472,12,1711708
1166684,1,1712222
1167897,-17,1712222
1169109,-9,1712222
1170322,1,1712222
1171534,13,1712222
1172746,19,1712222
1173959,19,1712222
1175172,15,1712222
1176384,13,1712222
1183659,20,1712222
1184872,17,1712222
1186084,13,1712222
1187297,9,1712222
1188509,2,1713918
1189721,-7,1713918
1190934,-2,1713918
1192146,3,1713918
1193359,13,1713918
1194572,16,1713918
1195785,15,1713918
1196996,12,1713918
1198209,6,1713918
1199421,0,1702150
1200634,-5,1713918
1201846,1,1713918
1203059,3,1713918
1204271,7,1713918
1205484,14,1713918
1206697,12,1713918
1207909,8,1713918
1209122,2,1713918
1210334,-4,1713918
1211547,-6,1695263
1212759,-2,1695263
1213972,5,1695263
1215184,11,1695263
1216396,9,1695263
1217609,8,1695263
1218821,4,1695263
1220034,-2,1695263
1221246,-3,1695263
1222458,-1,1706210
1223671,5,1706210
1224883,6,1706210
1226096,10,1706210
1227308,9,1706210
1228521,6,1706210
1229733,0,1706210
1230945,1,1706210
1232158,2,1706210
1233370,5,1765424
1234583,3,1699888
1235796,4,1699888
1237008,4,1699888
1238220,6,1699888
1239433,7,1699888
1240645,4,1699888
1241858,10,1699888
1243070,11,1699888
1244283,3,1638721
1245495,1,1704257
1246708,-2,1704257
1247920,2,1704257
1249132,3,1704257
1250345,3,1704257
1251558,7,1704257
1252770,7,1704257
1253982,7,1704257
1255195,2,1704291
1256407,2,1699683
1257620,2,1699683
1258832,2,1699683
1260044,7,1699683
1268531,4,1699683
1269744,5,1699683
1270956,5,1699683
1272168,6,1699683
1273381,10,1699683
1274593,7,1699683
1275806,8,1689919
1277018,3,1689919
1278231,1,1689919
1279443,7,1689919
1280656,6,1689919
1281868,10,1689919
1283081,6,1689919
1284293,7,1689919
1285505,9,1689919
1286718,4,1689919
1287930,0,1689919
1289143,4,1689919
1290355,6,1689919
1291567,5,1689919
1292780,6,1689919
1293993,7,1689919
1295205,7,1689919
1296417,5,1689919
1297630,4,1689919
1298842,9,1689610
1300054,11,1689610
1301266,9,1689610
1302479,9,1689610
1303691,7,1689610
1304903,7,1689610
1306117,3,1689610
1307329,5,1689610
1308541,6,1689610
1309754,7,1685499
1310966,8,1685499
1312178,7,1685499
1313392,7,1685499
1314603,5,1685499
1315816,2,1685499
1317028,3,1685499
1318241,4,1685499
1319453,8,1685499
1320666,9,1680874
1321878,6,1680874
1323090,9,1680874
1324303,5,1680874
1325516,5,1680874
1326727,2,1680874
1327940,4,1680874
1329152,7,1680874
1330365,9,1680874
1331577,11,1677893
1332790,7,1677893
1334002,8,1677893
1335214,6,1677893
1336426,2,1677893
1337639,3,1677893
1338851,3,1677893
1340063,4,1677893
1341276,9,1677893
1342488,9,1675632
1343701,6,1675632
1344913,6,1675632
1352189,13,1675632
1353400,9,1665148
1354613,5,1665148
1355825,9,1665148
1357037,5,1665148
1358249,6,1665148
1359461,6,1665148
1360674,10,1665148
1361886,7,1665148
1363098,7,1665148
1364311,5,1651170
1365524,5,1651170
1366735,7,1651170
1367948,3,1651170
1369161,3,1651170
1370373,8,1651170
1371585,8,1651170
1372798,9,1651170
1374010,5,1651170
1375222,4,1651427
1376435,4,1651427
1377647,7,1651427
1378859,5,1651427
1380072,4,1651427
1381284,8,1651427
1382497,9,1651427
1383709,6,1651427
1384922,7,1651427
1386134,7,1645876
1387346,3,1445194
1388558,3,1445194
1389770,4,1445194
1390983,6,1445194
1392195,5,1445194
1393408,2,1445194
1394620,6,1445194
1395832,8,1445194
1397045,6,1445194
1398257,4,1651273
1399469,4,1651273
1400681,7,1651273
1401894,3,1651273
1403106,6,1651273
1404318,6,1651273
1405531,5,1651273
1406743,5,1651273
1407956,7,1651273
1409168,5,1670082
1410381,7,1670082
1411593,2,1670082
1412805,5,1670082
1414018,3,1670082
1415231,6,1670082
1416442,4,1670082
1417655,6,1670082
1418867,4,1670082
1420081,7,1662938
1421292,5,1662938
1422505,1,1662938
1423717,3,1662938
1424930,5,1662938
1426142,5,1662938
1427355,6,1662938
1428567,6,1662938
1437054,6,1662938
1438266,6,1662938
1439478,7,1662938
1440691,8,1681028
1441903,5,1681065
1443115,3,1663401
1444328,5,1663401
1445540,4,1663401
1446752,4,1663401
1447965,4,1663401
1449177,2,1663401
1450390,2,1663401
1451602,5,1663401
1452814,5,1663247
1454027,5,1677071
1455239,5,1677071
1456451,4,1677071
1457664,2,1677071
1458877,2,1677071
1460088,4,1677071
1461302,6,1677071
1462513,5,1677071
1463726,5,1677071
1464938,2,1677071
1466151,6,1677071
1467364,4,1677071
1468576,7,1677071
1469788,5,1677071
1471000,8,1677071
1472213,6,1677071
1473425,12,1677071
1474637,4,1677071
1475850,2,1677071
1477062,5,1677071
1478274,3,1677071
1479487,5,1677071
1480699,6,1677071
1481912,10,1677071
1483125,11,1677071
1484337,8,1677071
1485550,9,1672908
1486761,1,1672908
1487973,1,1672908
1489186,2,1672908
1490398,8,1672908
1491610,9,1672908
1492824,9,1672908
1494036,12,1672908
1495248,8,1672908
1496460,3,1666844
1497673,1,1666844
1498885,3,1666844
1500098,4,1666844
1501310,5,1666844
1502522,13,1666844
1503735,12,1666844
1504947,12,1666844
1506160,9,1666844
1507373,5,1680976
1508585,2,1680976
1509797,1,1680976
1511010,2,1680976
1512222,8,1680976
1513434,-1,1680976
1520709,1,1680976
1521922,6,1680976
1523134,11,1680976
1524346,9,1680976
1525559,12,1680976
1526771,9,1680976
1527983,10,1680976
1529197,4,1672548
1530408,-1,1672548
1531621,1,1672548
1532834,6,1672548
1534046,6,1672548
1535258,7,1672548
1536471,8,1672548
1537684,10,1672548
1538896,9,1672548
1540108,4,1670904
1541320,3,1670904
1542533,6,1670904
1543745,5,1670904
1544958,9,1670904
1546170,14,1670904
1547383,10,1670904
1548595,9,1670904
1549808,4,1670904
1551020,5,1664531
1552232,3,1664531
1553445,10,1664531
1554657,11,1664531
1555870,7,1664531
1557082,8,1664531
1558294,6,1664531
1559507,8,1664531
1560720,4,1664531
1561932,4,1668591
1563144,-1,1668591
1564357,1,1668591
1565569,8,1668591
1566781,12,1668591
1567994,12,1668591
1569206,9,1668591
1570419,4,1668591
1571631,4,1668591
1572843,7,1666227
1574056,6,1666227
1575269,12,1666227
1576481,13,1666227
1577694,8,1666227
1578906,1,1666227
1580118,2,1666227
1581332,1,1666227
1582544,7,1666227
1583756,6,1682364
1584969,10,1676660
1586182,12,1676660
1587394,8,1676660
1588606,5,1676660
1589818,2,1676660
1591031,-2,1676660
1592243,-1,1676660
1593456,0,1676660
1594668,7,1676660
1595880,11,1688377
1597093,9,1688377
1605580,3,1688377
1606792,9,1683083
1608006,7,1683083
1609218,5,1683083
1610430,2,1683083
1611642,1,1683083
1612855,-2,1683083
1614068,0,1683083
1615280,6,1683083
1616492,7,1683083
1617705,6,1686938
1618918,3,1686938
1620130,3,1686938
1621342,1,1686938
1622555,-2,1686938
1623766,-4,1686938
1624980,5,1686938
1626191,11,1686938
1627404,12,1686938
1628617,8,1686863
1629829,9,1694287
1631041,10,1694287
1632253,4,1694287
1633466,-5,1694287
1634678,-2,1694287
1635891,-4,1694287
1637103,2,1694287
1638315,15,1694287
1639528,15,1694329
1640740,12,1691769
1641952,5,1691769
1643165,-3,1691769
1644377,-2,1691769
1645590,-1,1691769
1646802,4,1691769
1648014,3,1691769
1649227,7,1691769
1650439,8,1691672
1651651,6,1720856
1652864,5,1720856
1654077,2,1720856
1655289,-3,1720856
1656501,2,1720856
1657713,18,1720856
1658926,25,1720856
1660139,18,1720856
1661351,0,1720856
1662563,-18,1720856
1663775,-23,1720856
1664988,-12,1720856
1666201,5,1720856
1667413,23,1720856
1668625,29,1720856
1669838,23,1720856
1671050,18,1720856
1672262,3,1704616
1673475,-2,1704616
1674687,-4,1704616
1675899,-1,1704616
1677111,5,1704616
1678325,14,1704616
1679537,16,1704616
1680749,14,1704616
1681961,9,1704616
1689236,7,1704616
1690449,15,1704616
1691661,20,1704616
1692874,18,1704616
1694086,8,1721781
1695298,-12,1721781
1696510,-14,1721781
1697724,-10,1721781
1698935,3,1721781
1700148,16,1721781
1701360,23,1721781
1702573,20,1721781
1703785,6,1721781
1704998,3,1724865
1706210,0,1724865
1707423,-1,1724865
1708635,-3,1724865
1709847,0,1724865
1711060,7,1724865
1712272,14,1724865
1713485,16,1724865
1714697,7,1724865
1715910,7,1728411
1717122,6,1728411
1718334,5,1728411
1719548,8,1728411
1720759,10,1728411
1721971,5,1728411
1723184,5,1728411
1724396,6,1728411
1725609,19,1728411
1726822,19,1736325
1728034,5,1736325
1729246,-9,1736325
1730458,-14,1736325
1731671,-7,1736325
1732883,5,1736325
1734096,23,1736325
1735309,28,1736325
1736521,28,1736325
1737733,8,1741258
1738946,-9,1741258
1740158,-11,1741258
1741370,-7,1741258
1742582,3,1741258
1743795,18,1741258
1745008,26,1741258
1746221,22,1741258
1747432,11,1741258
1748645,-2,1734783
1749858,-8,1734783
1751070,-10,1734783
1752282,0,1734783
1753494,6,1734783
1754707,15,1734783
1755919,20,1734783
1757132,11,1734783
1758344,2,1734783
1759556,-7,1744959
1760769,-7,1744959
1761981,2,1744959
1763194,11,1744959
1764406,19,1744959
1765618,9,1744959
1774105,14,1744959
1775317,15,1744959
1776529,10,1744959
1777742,5,1744959
1778954,2,1744959
1780166,3,1744959
1781380,10,1739871
1782591,7,1732727
1783804,8,1732727
1785016,7,1732727
1786228,4,1732727
1787441,-3,1732727
1788653,2,1732727
1789865,0,1732727
1791078,4,1732727
1792290,8,1732727
1793502,10,1742389
1794714,8,1742389
1795927,7,1742389
1797139,4,1742389
1798352,0,1742389
1799564,-4,1742389
1800777,-3,1742389
1801989,3,1742389
1803201,5,1742389
1804414,7,1733036
1805626,7,1733036
1806839,6,1733036
1808050,1,1733036
1809263,-1,1733036
1810475,4,1733036
1811688,1,1733036
1812900,-3,1733036
1814112,-2,1733036
1815325,1,1733036
1816538,5,1733036
1817749,9,1733036
1818962,9,1733036
1820174,10,1733036
1821386,2,1733036
1822599,-1,1733036
1823811,0,1733036
1825024,1,1733036
1826236,5,1732911
1827448,8,1740847
1828661,7,1740847
1829873,6,1740847
1831086,1,1740847
1832298,-1,1740847
1833510,1,1740847
1834722,-2,1740847
1835936,3,1740847
1837148,6,1740915
1838360,10,1745267
1839572,11,1745267
1840785,7,1745267
1841997,8,1745267
1843209,6,1745267
1844422,9,1745267
1845634,17,1745267
1846846,22,1745267
1848059,13,1745267
1849272,4,1745267
1850483,18,1745267
1857758,25,1754106
1858970,11,1754106
1860183,2,1754106
1861396,-4,1754106
1862607,-2,1754106
1863819,-3,1754106
1865032,2,1754106
1866245,6,1754106
1867457,11,1754106
1868670,14,1754106
1869882,13,1752153
1871094,9,1752153
1872306,10,1752153
1873518,12,1752153
1874731,3,1752153
1875943,1,1752153
1877156,-2,1752153
1878368,-1,1752153
1879581,0,1752153
1880793,8,1740539
1882006,7,1740539
1883218,17,1740539
1884430,15,1740539
1885643,7,1740539
1886855,1,1740539
1888068,0,1740539
1889280,2,1740539
1890493,6,1740539
1891705,7,1739357
1892918,10,1739357
1894130,16,1739357
1895342,10,1739357
1896555,5,1739357
1897767,1,1739357
1898980,2,1739357
1900193,1,1739357
1901405,7,1739357
1902617,12,1733961
1903829,13,1733961
1905042,13,1733961
1906254,8,1733961
1907467,3,1733961
1908680,4,1733961
1909892,2,1733961
1911104,3,1733961
1912317,11,1733961
1913529,11,1735040
1914741,11,1735040
1915954,8,1735040
1917166,4,1735040
1918379,3,1735040
1919592,1,1735040
1920804,3,1735040
1922016,5,1735040
1923229,9,1735040
1924441,13,1739871
1925654,8,1739871
1926866,4,1739871
1928078,3,1739871
1929290,5,1739871
1930503,4,1739871
1931716,7,1739871
1932929,16,1739871
1934140,-32,1739871
1941415,-23,1739871
1942628,-3,1739871
1943842,11,1739871
1945053,24,1739871
1946265,31,1740642
1947478,19,1740642
1948690,4,1740642
1949902,-8,1740642
1951115,-20,1740642
1952328,-11,1740642
1953540,2,1740642
1954752,18,1740642
1955964,25,1740642
1957177,21,1726766
1958390,14,1721730
1959602,1,1721730
1960814,-5,1721730
1962026,-11,1721730
1963239,-5,1721730
1964451,1,1721730
1965664,6,1721730
1966877,15,1721730
1968089,16,1721730
1969302,7,1696753
1970513,-2,1696753
1971726,-6,1696753
1972938,-3,1696753
1974150,3,1696753
1975364,9,1696753
1976575,13,1696753
1977787,15,1696753
1979000,11,1696753
1980212,7,1643654
1981425,-4,1709190
1982638,-2,1709190
1983850,-3,1709190
1985062,1,1709190
1986275,6,1709190
1987488,10,1709190
1988700,9,1709190
1989912,4,1709190
1991124,5,1747078
1992337,1,1681542
1993550,1,1681542
1994762,2,1681542
1995974,4,1681542
1997187,5,1681542
1998399,8,1681542
1999612,5,1681542
2000824,4,1681542
2002037,3,1691101
2003249,1,1691101
2004462,-1,1691101
2005673,6,1691101
2006886,3,1691101
2008098,5,1691101
2009311,7,1691101
2010523,7,1691101
2011735,3,1691101
2012948,2,1690890
2014161,1,1675786
2015374,4,1675786
2016586,6,1675786
2017798,1,1675786
2025119,5,1675786
2026284,6,1675786
2027497,12,1675786
2028710,12,1675786
2029922,10,1675786
2031134,4,1675786
2032346,2,1675786
2033559,3,1694390
2034772,2,1694390
2035983,7,1694390
2037196,7,1694390
2038409,10,1694390
2039620,8,1694390
2040833,7,1694390
2042046,3,1694390
2043258,1,1694390
2044470,2,1688531
2045683,8,1688531
2046894,4,1688531
2048107,13,1688531
2049319,9,1688531
2050531,7,1688531
2051744,4,1688531
2052956,2,1688531
2054169,2,1688531
2055381,9,1688531
2056593,10,1702304
2057805,12,1702304
2059018,9,1702304
2060230,7,1702304
2061443,5,1702304
2062655,1,1702304
2063867,1,1702304
2065081,4,1702304
2066293,6,1702304
2067505,11,1693002
2068718,7,1693002
2069929,11,1693002
2071142,3,1693002
2072354,1,1693002
2073566,1,1693002
2074780,5,1693002
2075992,11,1693002
2077204,12,1693002
2078416,12,1700814
2079628,4,1700814
2080843,5,1700814
2082053,1,1700814
2083266,2,1700814
2084479,5,1700814
2085691,10,1700814
2086904,19,1700814
2088116,16,1700814
2089328,9,1699118
2090540,2,1699118
2091752,-3,1699118
2092965,-2,1699118
2094177,2,1699118
2095390,7,1699118
2096602,14,1699118
2097814,18,1699118
2099027,14,1699118
2100239,7,1705798
2101452,9,1705798
2109938,10,1705798
2111150,7,1708008
2112363,-1,1708008
2113575,0,1708008
2114787,1,1708008
2116001,6,1708008
2117213,12,1708008
2118424,13,1708008
2119637,13,1708008
2120850,8,1708008
2122062,2,1706518
2123274,-4,1706518
2124486,4,1706518
2125699,6,1706518
2126911,9,1706518
2128123,15,1706518
2129336,15,1706518
2130548,12,1706518
2131761,5,1706518
2132973,-1,1708008
2134185,-3,1708008
2135397,1,1708008
2136610,9,1708008
2137822,16,1708008
2139034,15,1708008
2140247,12,1708008
2141459,8,1708008
2142672,4,1708008
2143885,1,1706518
2145097,1,1713661
2146309,4,1713661
2147521,4,1713661
2148734,8,1713661
2149946,13,1713661
2151158,18,1713661
2152371,16,1713661
2153583,4,1713661
2154796,-7,1713661
2156007,-10,1704051
2157220,-5,1704051
2158433,1,1704051
2159644,11,1704051
2160857,17,1704051
2162069,14,1704051
2163282,7,1704051
2164494,4,1704051
2165706,-4,1704051
2166918,-6,1704051
2168131,-2,1704051
2169344,4,1704051
2170556,15,1704051
2171769,15,1704051
2172981,10,1704051
2174193,3,1704051
2175406,-5,1704051
2176617,-5,1704051
2177830,-4,1762598
2179042,-3,1697062
2180254,6,1697062
2181466,13,1697062
2182678,24,1697062
2183891,15,1697062
2185103,6,1697062
2186316,15,1697062
2194802,8,1697062
2196014,1,1697062
2197226,-2,1697062
2198438,1,1717464
2199651,2,1717380
2200863,7,1708676
2202075,13,1708676
2203288,10,1708676
2204501,5,1708676
2205712,-3,1708676
2206925,-4,1708676
2208137,-1,1708676
2209350,2,1708676
2210562,7,1708599
2211774,9,1715255
2212987,13,1715255
2214199,6,1715255
2215412,-2,1715255
2216624,-4,1715255
2217836,-5,1715255
2219049,-2,1715255
2220262,4,1715255
2221474,12,1715255
2222686,13,1715255
2223898,14,1715255
2225110,7,1715255
2226323,3,1715255
2227535,5,1715255
2228748,6,1715255
2229960,8,1715255
2231173,8,1708779
2232385,7,1708779
2233597,4,1708779
2234810,5,1708779
2236022,2,1708779
2237234,4,1708779
2238447,2,1708779
2239659,8,1708779
2240871,10,1708779
2242084,7,1708779
2243296,8,1718698
2244509,4,1718698
2245721,1,1718698
2246933,3,1718698
2248145,8,1718698
2249357,6,1718698
2250570,6,1718698
2251783,9,1718698
2252994,9,1718698
2254207,10,1710578
2255419,5,1710578
2256632,5,1710578
2257844,5,1710578
2259056,1,1710578
2260269,2,1710578
2261481,4,1710578
2262694,3,1710578
2263906,10,1710578
2265118,7,1716179
2266330,5,1716179
2267543,6,1716179
2268755,5,1716179
2269967,4,1716179
2271180,8,1716179
2278454,15,1716179
2279667,12,1716179
2280879,7,1716179
2282091,5,1716179
2283304,6,1716179
2284516,6,1716179
2285729,5,1716179
2286940,5,1721935
2288153,6,1721935
2289365,13,1721935
2290577,7,1721935
2291790,4,1721935
2293002,2,1721935
2294214,4,1721935
2295427,5,1721935
2296639,10,1721935
2297851,8,1721216
2299064,7,1721216
2300277,6,1721216
2301489,5,1721216
2302701,3,1721216
2303914,8,1721216
2305126,7,1721216
2306338,10,1721216
2307551,9,1721216
2308764,5,1722038
2309975,7,1722038
2311187,7,1722038
2312400,9,1722038
2313612,9,1722038
2314824,8,1722038
2316037,5,1722038
2317249,4,1722038
2318461,3,1722038
2319674,10,1721421
2320886,5,1721421
2322098,11,1721421
2323310,8,1721421
2324523,8,1721421
2325736,4,1721421
2326947,6,1721421
2328161,5,1721421
2329372,10,1721421
2330585,9,1717053
2331797,4,1727845
2333009,4,1727845
2334222,0,1727845
2335434,-2,1727845
2336646,3,1727845
2337859,1,1727845
2339072,6,1727845
2340284,7,1727845
2341496,7,1727845
2342708,5,1712171
2343921,4,1712171
2345133,3,1712171
2346345,2,1712171
2347557,3,1712171
2348770,4,1712171
2349982,7,1712171
2351195,8,1712171
2352407,4,1712171
2353620,2,1712171
2354831,9,1712171
2362119,10,1712171
2363318,5,1712171
2364530,17,1722552
2365743,5,1722552
2366955,3,1722552
2368167,7,1722552
2369379,8,1722552
2370592,7,1722552
2371804,4,1722552
2373017,3,1722552
2374229,4,1722552
2375441,5,1723580
2376654,9,1723580
2377866,5,1723580
2379078,7,1723580
2380292,4,1723580
2381504,3,1723580
2382716,-1,1723580
2383929,4,1723580
2385141,5,1723580
2386354,5,1723503
2387567,6,1716591
2388778,5,1716591
2389992,0,1716591
2391203,4,1716591
2392416,2,1716591
2393628,4,1716591
2394843,6,1716591
2396053,4,1716591
2397266,5,1716604
2398478,1,1720188
2399690,3,1720188
2400903,0,1720188
2402115,3,1720188
2403328,6,1720188
2404540,9,1720188
2405753,9,1720188
2406966,6,1720188
2408177,1,1720188
2409391,-2,1720188
2410602,0,1720188
2411816,5,1720188
2413027,10,1720188
2414240,15,1720188
2415453,13,1720188
2416665,10,1720188
2417878,4,1721833
2419090,3,1721833
2420303,1,1721833
2421515,2,1721833
2422728,8,1721833
2423940,12,1721833
2425153,14,1721833
2426365,9,1721833
2427577,4,1721833
2428790,1,1721833
2430003,1,1729079
2431215,1,1729079
2432427,5,1729079
2433640,13,1729079
2434853,14,1729079
2436065,14,1729079
2437277,10,1729079
2438489,12,1729079
2445764,14,1729079
2446977,8,1729079
2448190,3,1729079
2449402,1,1729079
2450615,1,1729079
2451827,2,1728102
2453040,5,1728102
2454253,12,1728102
2455465,15,1728102
2456678,21,1728102
2457890,10,1728102
2459102,3,1728102
2460315,-2,1728102
2461527,-3,1728102
2462740,1,1738278
2463952,4,1738278
2465165,13,1738278
2466377,16,1738278
2467590,9,1738278
2468803,5,1738278
2470015,2,1738278
2471228,1,1738278
2472439,1,1738278
2473653,5,1729850
2474865,8,1729850
2476077,14,1729850
2477290,13,1729850
2478502,10,1729850
2479715,6,1729850
2480927,2,1729850
2482140,0,1729850
2483352,2,1729850
2484564,5,1741258
2485777,4,1741258
2486989,8,1741258
2488201,8,1741258
2489414,1,1741258
2490626,1,1741258
2491839,3,1741258
2493052,5,1741258
2494263,11,1741258
2495476,29,1732522
2496688,36,1732522
2497901,37,1732522
2499114,13,1732522
2500326,-4,1732522
2501538,-18,1732522
2502751,-22,1732522
2503963,-10,1732522
2505175,3,1732522
2506388,23,1743879
2507600,25,1743879
2508813,16,1743879
2510025,5,1743879
2511238,-8,1743879
2512450,-13,1743879
2513663,-6,1743879
2514875,13,1743879
2516089,25,1743879
2517301,28,1737661
2518514,17,1739100
2519725,1,1739100
2520939,-12,1739100
2522151,8,1739100
2530638,7,1739100
2531850,-11,1739100
2533062,-9,1739100
2534275,0,1739100
2535488,11,1739100
2536700,18,1739100
2537913,24,1739100
2539125,19,1737918
2540337,4,1740642
2541550,-1,1740642
2542763,-8,1740642
2543975,-2,1740642
2545187,1,1740642
2546400,2,1740642
2547612,9,1740642
2548825,9,1740642
2550037,5,1740642
2551250,3,1745216
2552463,2,1745216
2553674,5,1745216
2554888,4,1745216
2556100,4,1745216
2557312,9,1745216
2558525,14,1745216
2559737,8,1745216
2560949,7,1745216
2562162,0,1731186
2563375,-1,1731186
2564587,-6,1731186
2565800,1,1731186
2567012,4,1731186
2568225,6,1731186
2569437,6,1731186
2570649,3,1731186
2571862,3,1731186
2573074,3,1731198
2574287,3,1748350
2575500,3,1748350
2576711,6,1748350
2577925,9,1748350
2579136,11,1748350
2580349,16,1748350
2581562,17,1748350
2582774,9,1748350
2583986,3,1748314
2585199,-7,1738586
2586411,-14,1738586
2587623,-7,1738586
2588836,2,1738586
2590049,12,1738586
2591261,14,1738586
2592473,15,1738586
2593686,8,1738586
2594898,-4,1738586
2596111,-9,1738586
2597323,-2,1738586
2598535,5,1738586
2599748,13,1738586
2600961,22,1738586
2602173,17,1738586
2603385,9,1738586
2604598,0,1751434
2605810,-12,1751434
2607022,0,1751434
2615510,0,1751434
2616722,0,1738124
2617934,3,1738124
2619147,14,1738124
2620360,22,1738124
2621572,22,1738124
2622785,18,1738124
2623997,16,1738124
2625209,8,1738124
2626422,2,1738124
2627635,1,1743108
2628847,1,1743108
2630060,2,1743108
2631272,2,1743108
2632484,7,1743108
2633697,5,1743108
2634909,10,1743108
2636121,8,1743108
2637334,8,1743108
2638546,3,1739922
2639759,-6,1739922
2640971,-1,1739922
2642185,5,1739922
2643396,9,1739922
2644609,10,1739922
2645822,9,1739922
2647034,1,1739922
2648246,1,1739922
2649460,6,1747425
2650671,5,1747425
2651884,6,1747425
2653096,7,1747425
2654309,11,1747425
2655522,8,1747425
2656734,0,1747425
2657946,3,1747425
2659159,2,1747425
2660372,8,1739665
2661584,4,1739665
2662797,10,1739665
2664009,10,1739665
2665222,4,1739665
2666434,5,1739665
2667646,1,1739665
2668859,5,1739665
2670071,9,1739665
2671284,15,1746397
2672496,20,1746397
2673709,30,1746397
2674922,29,1746397
2676134,15,1746397
2677346,-6,1746397
2678560,-21,1746397
2679771,-21,1746397
2680985,-9,1746397
2682197,9,1740745
2683409,20,1740745
2684622,30,1740745
2685834,27,1740745
2687047,10,1740745
2688260,-4,1740745
2689472,-16,1740745
2690685,-14,1740745
2691897,3,1740745
2699172,-4,1740745
2700385,-7,1740745
2701597,-3,1740745
2702810,6,1740745
2704022,16,1742595
2705234,20,1748093
2706447,17,1748093
2707659,9,1748093
2708871,0,1748093
2710084,2,1748093
2711297,6,1748093
2712509,11,1748093
2713721,14,1748093
2714934,18,1748093
2716146,11,1758886
2717360,3,1758886
2718571,-13,1758886
2719785,-15,1758886
2720997,-13,1758886
2722209,-8,1758886
2723422,4,1758886
2724634,11,1758886
2725847,10,1758886
2727060,7,1722346
2728272,-3,1722346
2729485,-6,1722346
2730696,-11,1722346
2731910,-2,1722346
2733122,4,1722346
2734334,11,1722346
2735547,13,1722346
2736759,9,1722346
2737972,9,1729696
2739184,4,1729696
2740396,2,1729696
2741609,-4,1729696
2742821,2,1729696
2744034,2,1729696
2745246,4,1729696
2746459,6,1729696
2747671,13,1729696
2748884,10,1710218
2750097,7,1710218
2751309,2,1710218
2752522,2,1710218
2753734,-4,1710218
2754946,0,1710218
2756159,5,1710218
2757372,13,1710218
2758584,12,1710218
2759796,10,1710272
2761009,4,1724608
2762221,-2,1724608
2763434,-5,1724608
2764646,0,1724608
2765859,3,1724608
2767071,5,1724608
2768284,9,1724608
2769497,8,1724608
2770709,7,1724468
2771921,4,1700916
2773134,4,1700916
2774347,-3,1700916
2775559,5,1700916
2784046,5,1700916
2785259,7,1700916
2786471,6,1700916
2787684,9,1700916
2788896,8,1700916
2790109,10,1700916
2791321,7,1712531
2792534,3,1712531
2793746,3,1712531
2794959,5,1712531
2796172,3,1712531
2797383,3,1712531
2798596,8,1712531
2799809,7,1712531
2801021,5,1712531
2802234,9,1712531
2803447,5,1697679
2804658,4,1697679
2805871,5,1697679
2807083,7,1697679
2808297,9,1697679
2809508,8,1697679
2810721,5,1697679
2811934,6,1697679
2813146,5,1697679
2814358,4,1700814
2815571,2,1700814
2816783,5,1700814
2817996,5,1700814
2819209,7,1700814
2820421,4,1700814
2821634,9,1700814
2822846,11,1700814
2824058,8,1700814
2825270,11,1682775
2826483,4,1682775
2827696,5,1682775
2828907,6,1682775
2830120,5,1682775
2831333,6,1682775
2832545,11,1682775
2833758,12,1682775
2834970,6,1682775
2836182,6,1693567
2837395,2,1693567
2838607,4,1693567
2839820,4,1693567
2841032,9,1693567
2842245,10,1693567
2843457,9,1693567
2844670,7,1693567
2845882,7,1693567
2847094,9,1688634
2848307,4,1688634
2849520,5,1688634
2850732,-1,1688634
2851944,5,1688634
2853157,8,1688634
2854369,11,1688634
2855582,12,1688634
2856794,8,1688634
2858006,2,1699580
2859219,-1,1699580
2860431,10,1699580
2867706,7,1699580
2868918,5,1684471
2870131,0,1684471
2871344,1,1684471
2872556,6,1684471
2873768,9,1684471
2874980,11,1684471
2876193,8,1684471
2877405,6,1684471
2878619,5,1684471
2879831,4,1687298
2881043,4,1687298
2882256,9,1687298
2883468,6,1687298
2884681,11,1687298
2885893,10,1687298
2887105,10,1687298
2888318,9,1687298
2889530,7,1687298
2890743,2,1682724
2891956,-1,1682724
2893167,4,1682724
2894380,10,1682724
2895592,8,1682724
2896805,9,1682724
2898017,10,1682724
2899230,12,1682724
2900442,7,1682724
2901655,7,1694852
2902868,3,1687041
2904080,3,1687041
2905292,3,1687041
2906505,5,1687041
2907717,4,1687041
2908930,9,1687041
2910142,6,1687041
2911355,6,1687041
2912568,3,1687041
2913780,-2,1672291
2914993,4,1672291
2916206,3,1672291
2917419,4,1672291
2918631,5,1672291
2919843,7,1672291
2921056,3,1672291
2922269,3,1672291
2923481,8,1672291
2924693,3,1696509
2925906,4,1630973
2927119,5,1630973
2928331,3,1630973
2929544,5,1630973
2930757,3,1630973
2931969,6,1630973
2933181,4,1630973
2934394,3,1630973
2935607,3,1595346
2936819,3,1660882
2938031,3,1660882
2939244,5,1660882
2940456,5,1660882
2941669,4,1660882
2942881,4,1660882
2944094,9,1660882
2952581,0,1660882
2953793,8,1660882
2955006,8,1660882
2956218,5,1651273
2957431,2,1651216
2958643,8,1622288
2959856,3,1622288
2961068,4,1622288
2962281,4,1622288
2963493,3,1622288
2964706,4,1622288
2965919,3,1622288
2967131,5,1622288
2968344,6,1622484
2969557,6,1647572
2970770,6,1647572
2971982,6,1647572
2973194,4,1647572
2974407,3,1647572
2975620,2,1647572
2976832,3,1647572
2978045,0,1647572
2979257,3,1647572
2980470,4,1647572
2981682,9,1647572
2982895,9,1647572
2984108,9,1647572
2985321,8,1647572
2986533,9,1647572
2987745,4,1647572
2988958,5,1644746
2990170,3,1644746
2991384,4,1644746
2992595,5,1644746
2993808,11,1644746
2995021,9,1644746
2996233,12,1644746
2997446,9,1644746
2998659,7,1644746
2999871,4,1644746
3001083,2,1643050
3002296,3,1643050
3003509,7,1643050
3004721,7,1643050
3005934,10,1643050
3007146,10,1643050
3008358,7,1643050
3009571,6,1643050
3010784,6,1643050
3011996,5,1643821
3013208,2,1643821
3014421,3,1643821
3015634,5,1643821
3016846,6,1643821
3018059,8,1643821
3019272,6,1643821
3020484,7,1643821
3021696,4,1643821
3022909,6,1651118
3024122,6,1651118
3025334,8,1651118
3026547,7,1651118
3027759,8,1651118
3028972,5,1651118
3036247,1,1651118
3037460,4,1651118
3038673,9,1651118
3039885,9,1651118
3041098,11,1651118
3042311,9,1651118
3043523,6,1651118
3044735,4,1660728
3045949,4,1660728
3047161,3,1660728
3048373,6,1660728
3049586,5,1660728
3050798,9,1660728
3052012,10,1660728
3053223,9,1660728
3054436,4,1660728
3055649,4,1634519
3056861,2,1634519
3058074,4,1634519
3059286,4,1634519
3060498,10,1634519
3061711,10,1634519
3062923,9,1634519
3064137,7,1634519
3065349,6,1634519
3066561,6,1619821
3067774,1,1619821
3068986,6,1619821
3070200,8,1619821
3071412,7,1619821
3072625,6,1619821
3073837,8,1619821
3075050,8,1619821
3076262,6,1619821
3077475,3,1629277
3078687,4,1629277
3079900,4,1629277
3081112,9,1629277
3082325,5,1629277
3083537,8,1629277
3084750,8,1629277
3085962,8,1629277
3087175,7,1629277
3088388,7,1638116
3089601,4,1628455
3090813,1,1628455
3092026,4,1628455
3093238,4,1628455
3094451,4,1628455
3095663,5,1628455
3096876,5,1628455
3098088,5,1628455
3099302,4,1628455
3100514,3,1635187
3101726,4,1635187
3102938,4,1635187
3104151,5,1635187
3105364,4,1635187
3106576,4,1635187
3107789,1,1635187
3109002,4,1635187
3110214,6,1635187
3111426,6,1628506
3112639,7,1628506
3121126,12,1628506
3122339,4,1572889
3123551,5,1638425
3124764,3,1638425
3125977,3,1638425
3127189,4,1638425
3128401,2,1638425
3129614,3,1638425
3130826,2,1638425
3132039,3,1638425
3133251,1,1660934
3134464,4,1660934
3135676,9,1660934
3136889,5,1660934
3138101,5,1660934
3139314,5,1660934
3140526,7,1660934
3141738,4,1660934
3142952,3,1660934
3144164,3,1661014
3145377,6,1654870
3146589,7,1654870
3147801,6,1654870
3149014,3,1654870
3150226,2,1654870
3151440,4,1654870
3152651,3,1654870
3153864,3,1654870
3155076,5,1654932
3156289,6,1671572
3157502,5,1671572
3158714,3,1671572
3159926,3,1671572
3161139,2,1671572
3162352,1,1671572
3163564,3,1671572
3164777,4,1671572
3165989,6,1671572
3167201,5,1671572
3168414,8,1671572
3169626,6,1671572
3170839,6,1671572
3172052,6,1671572
3173264,2,1671572
3174477,8,1671572
3175690,8,1671572
3176902,3,1671572
3178115,6,1671572
3179327,7,1671572
3180540,6,1671572
3181752,7,1671572
3182965,10,1671572
3184178,10,1671572
3185391,7,1671572
3186603,1,1671572
3187816,2,1669671
3189028,3,1669671
3190241,4,1669671
3191453,8,1669671
3192666,10,1669671
3193878,11,1669671
3195091,13,1669671
3196304,8,1669671
3197516,8,1669671
3204791,10,1669671
3206005,8,1669671
3207217,5,1669671
3208429,3,1669671
3209643,6,1669362
3210854,5,1669362
3212067,5,1669362
3213280,13,1669362
3214492,8,1669362
3215705,7,1669362
3216917,4,1669362
3218130,4,1669362
3219342,3,1669362
3220555,2,1665559
3221767,-1,1665559
3222980,8,1665559
3224193,8,1665559
3225405,8,1665559
3226617,7,1665559
3227830,3,1665559
3229043,3,1665559
3230255,3,1665559
3231468,10,1671109
3232680,11,1671109
3233893,10,1671109
3235106,10,1671109
3236318,5,1671109
3237531,6,1671109
3238743,4,1671109
3239956,3,1671109
3241169,1,1671109
3242381,7,1667666
3243594,6,1667666
3244807,12,1667666
3246020,6,1667666
3247231,7,1667666
3248444,3,1667666
3249657,3,1667666
3250869,2,1667666
3252082,6,1667666
3253294,6,1672189
3254508,5,1672189
3255720,9,1672189
3256932,8,1672189
3258145,8,1672189
3259357,4,1672189
3260569,2,1672189
3261782,4,1672189
3262995,6,1672189
3264208,10,1679692
3265421,6,1679692
3266633,10,1679692
3267845,6,1679692
3269058,6,1679692
3270270,7,1679692
3271482,9,1679692
3272695,7,1679692
3273907,9,1679692
3275121,9,1673268
3276333,5,1673268
3277545,2,1673268
3278758,3,1673268
3279970,5,1673268
3281183,3,1673268
3288458,9,1673268
3289671,3,1673268
3290883,4,1673268
3292095,8,1673268
3293308,8,1673268
3294521,9,1673268
3295733,7,1673268
3296946,6,1678818
3298158,-1,1684009
3299371,1,1684009
3300583,3,1684009
3301796,3,1684009
3303009,4,1684009
3304220,7,1684009
3305433,7,1684009
3306646,4,1684009
3307858,3,1684009
3309070,1,1679538
3310283,2,1679538
3311496,4,1679538
3312708,3,1679538
3313921,5,1679538
3315133,6,1679538
3316345,10,1679538
3317558,3,1679538
3318770,5,1679538
3319983,9,1680822
3321195,4,1680822
3322408,-1,1680822
3323621,-1,1680822
3324833,1,1680822
3326045,1,1680822
3327258,1,1680822
3328471,3,1680822
3329683,1,1680822
3330895,2,1680822
3332109,1,1680822
3333320,1,1680822
3334534,8,1680822
3335747,7,1680822
3336959,5,1680822
3338171,2,1680822
3339384,-2,1680822
3340596,5,1680822
3341808,18,1680736
3343021,13,1685088
3344234,14,1685088
3345446,20,1685088
3346659,51,1685088
3347871,41,1685088
3349084,16,1685088
3350297,-31,1685088
3351509,-56,1685088
3352721,-58,1685003
3353934,-22,1703435
3355146,19,1703435
3356359,54,1703435
3357571,58,1703435
3358783,33,1703435
3359997,-6,1703435
3361208,-41,1703435
3362421,-61,1703435
3363634,-47,1703435
3364846,-11,1703435
3372124,-40,1703435
3373333,-56,1692848
3374547,-33,1692848
3375758,1,1692848
3376971,33,1692848
3378183,48,1692848
3379396,43,1692848
3380609,26,1692848
3381822,0,1692848
3383034,-24,1692848
3384247,-19,1692848
3385459,-4,1698552
3386671,16,1698552
3387885,30,1698552
3389096,30,1698552
3390309,11,1698552
3391521,-1,1698552
3392734,-10,1698552
3393946,0,1698552
3395160,7,1698552
3396371,11,1715923
3397584,15,1715923
3398797,20,1715923
3400009,12,1715923
3401222,3,1715923
3402434,1,1715923
3403647,11,1715923
3404859,36,1715923
3406071,58,1715923
3407284,93,1731340
3408496,70,1731340
3409709,3,1731340
3410921,-68,1731340
3412134,-98,1731340
3413347,-87,1731340
3414559,-37,1731340
3415771,22,1731340
3416984,66,1731340
3418197,81,1740642
3419409,55,1740642
3420621,7,1740642
3421834,-48,1740642
3423046,-77,1740642
3424259,-67,1740642
3425472,-28,1740642
3426684,34,1740642
3427897,72,1740642
3429109,81,1742338
3430321,50,1742338
3431534,6,1742338
3432746,-44,1742338
3433958,-61,1742338
3435171,-42,1742338
3436384,0,1742338
3437596,46,1742338
3438809,68,1742338
3440022,64,1740025
3441234,6,1740025
3442447,-38,1740025
3443659,-64,1740025
3444871,-53,1740025
3446084,-2,1740025
3447297,55,1740025
3448509,-54,1740025
3455784,-46,1740025
3456997,-14,1740025
3458209,24,1740025
3459421,50,1740025
3460634,52,1740025
3461846,20,1757395
3463059,-16,1757395
3464272,-27,1757395
3465484,1,1757395
3466697,30,1757395
3467908,52,1757395
3469121,47,1757395
3470334,21,1757395
3471547,-16,1757395
3472758,-43,1755186
3473971,-45,1756368
3475184,-19,1756368
3476396,8,1756368
3477609,34,1756368
3478821,48,1756368
3480034,46,1756368
3481247,18,1756368
3482459,-25,1756368
3483671,-46,1756368
3484884,-50,1757498
3486097,-27,1757498
3487310,10,1757498
3488522,40,1757498
3489734,43,1757498
3490947,30,1757498
3492159,3,1757498
3493372,-25,1757498
3494584,-34,1757498
3495797,-14,1757498
3497010,21,1757498
3498222,43,1757498
3499435,54,1757498
3500647,22,1757498
3501861,-5,1757498
3503073,-21,1757498
3504286,-33,1757498
3505498,-38,1757498
3506711,-19,1759143
3507923,12,1759143
3509136,30,1759143
3510348,28,1759143
3511561,9,1759143
3512774,-21,1759143
3513986,-20,1759143
3515199,-17,1759143
3516412,-1,1759143
3517623,17,1744445
3518836,27,1744445
3520048,25,1744445
3521261,10,1744445
3522474,2,1744445
3523686,-8,1744445
3524898,-5,1744445
3526112,7,1744445
3527323,15,1744445
3528536,20,1744576
3529748,26,1766080
3530962,19,1766080
3532174,30,1769729
3540662,27,1769729
3541874,1,1769729
3543087,-16,1769729
3544299,-15,1769729
3545512,-7,1769729
3546724,5,1769729
3547937,19,1769729
3549149,25,1769729
3550362,19,1769729
3551574,4,1769729
3552787,-6,1769729
3553999,27,1769729
3555212,35,1769729
3556424,16,1769729
3557637,87,1769729
3558849,36,1769729
3560062,-27,1776410
3561275,-106,1776410
3562487,-103,1776410
3563700,-51,1776410
3564913,37,1776410
3566125,101,1776410
3567337,125,1776410
3568550,105,1776410
3569763,35,1776410
3570975,-86,1776410
3572188,-146,1768033
3573400,-134,1768033
3574614,-45,1768033
3575826,40,1768033
3577038,146,1768033
3578251,168,1768033
3579464,123,1768033
3580676,-6,1768033
3581889,-162,1768033
3583101,-226,1757755
3584314,-155,1757755
3585527,9,1757755
3586739,126,1757755
3587952,192,1757755
3589165,182,1757755
3590377,93,1757755
3591590,-16,1757755
3592803,-110,1757755
3594015,-139,1738637
3595229,-114,1738637
3596441,-2,1738637
3597653,80,1738637
3598866,134,1738637
3600079,134,1738637
3601291,67,1738637
3602504,13,1738637
3603717,-41,1738637
3604930,-105,1533432
3606142,-121,1533432
3607354,-58,1533432
3608567,27,1533432
3609780,74,1533432
3610993,97,1533432
3612205,69,1533432
3613417,52,1533432
3614630,7,1533432
3615842,-35,1778877
3617055,94,1778877
3625544,32,1778877
3626756,-13,1792855
3627970,-23,1792855
3629182,-69,1792855
3630395,-82,1792855
3631607,-45,1792855
3632819,8,1792855
3634033,55,1792855
3635244,126,1792855
3636457,143,1792855
3637669,64,1797532
3638882,-55,1797532
3640095,-151,1797532
3641307,-201,1797532
3642520,-129,1797532
3643733,13,1797532
3644945,115,1797532
3646157,155,1797532
3647370,131,1797532
3648582,80,1808838
3649795,-48,1808838
3651008,-122,1808838
3652221,-132,1808838
3653433,-67,1808838
3654646,27,1808838
3655858,106,1808838
3657070,124,1808838
3658284,117,1808838
3659496,89,1785506
3660709,4,1845840
3661920,-13,1845840
3663134,18,1845840
3664345,-1,1845840
3665559,11,1845840
3666770,-30,1845840
3667983,-8,1845840
3669195,17,1845840
3670408,-37,1845840
3671621,-78,1785095
3672832,-64,1785095
3674045,-65,1785095
3675257,-15,1785095
3676469,51,1785095
3677682,61,1785095
3678894,48,1785095
3680107,17,1785095
3681319,-76,1785095
3682532,-123,1747579
3683743,-107,1747579
3684956,-17,1747579
3686168,48,1747579
3687380,116,1747579
3688593,114,1747579
3689805,45,1747579
3691018,-23,1747579
3692230,-38,1747579
3693442,-43,1729940
3694654,-11,1795476
3695867,51,1795476
3697079,146,1795476
3698291,166,1795476
3699504,155,1795476
3700716,123,1795476
3701928,199,1795476
3709202,143,1795476
3710414,52,1795476
3711627,-56,1795476
3712840,-102,1795476
3714051,-96,1392569
3715264,-34,1392567
3716477,13,1419447
3717689,74,1419447
3718902,102,1419447
3720114,92,1419447
3721325,41,1419447
3722538,-40,1419447
3723751,-62,1419447
3724963,-54,1419447
3726175,-5,1419512
3727388,18,1794808
3728600,46,1794808
3729813,40,1794808
3731025,7,1794808
3732237,-7,1794808
3733449,-2,1794808
3734661,66,1794808
3735874,167,1794808
3737086,162,1794808
3738298,91,1794808
3739510,-6,1794808
3740723,-138,1794808
3741935,-192,1794808
3743148,-185,1794808
3744360,-101,1794808
3745573,4,1794808
3746785,123,1794808
3747997,155,1794808
3749209,141,1794808
3750422,53,1794808
3751635,-49,1794808
3752846,-136,1794808
3754059,-150,1794808
3755272,-91,1794808
3756484,-6,1794808
3757697,73,1794808
3758909,126,1735811
3760121,108,1735811
3761333,45,1735811
3762545,-20,1735811
3763758,-53,1735811
3764970,-63,1735811
3766183,-62,1735811
3767395,-25,1735811
3768607,10,1735811
3769820,42,1741669
3771032,34,1741669
3772244,3,1741669
3773456,-29,1741669
3774669,-32,1741669
3775881,-13,1741669
3777094,16,1741669
3778306,58,1741669
3779519,94,1741669
3780730,89,1740436
3781943,44,1740436
3783156,-9,1740436
3784368,-65,1740436
3785580,39,1740436
3794066,-10,1740436
3795278,-36,1740436
3796491,-48,1740436
3797704,-29,1740436
3798916,9,1740436
3800128,34,1740436
3801341,35,1740436
3802553,25,1792495
3803765,10,1792495
3804978,5,1792495
3806190,0,1792495
3807402,4,1792495
3808615,5,1792495
3809827,8,1792495
3811039,12,1792495
3812252,8,1792495
3813464,6,1791673
3814676,16,1791673
3815888,27,1791673
3817100,45,1791673
3818313,76,1791673
3819525,110,1791673
3820738,13,1791673
3821950,-52,1791673
3823162,-185,1791673
3824374,-181,1798559
3825587,-115,1798559
3826799,31,1798559
3828012,133,1798559
3829225,130,1798559
3830436,185,1798559
3831649,166,1798559
3832861,0,1798559
3834074,-157,1798559
3835286,-198,1757344
3836498,-220,1757344
3837711,-111,1757344
3838924,86,1757344
3840135,156,1757344
3841348,174,1757344
3842560,163,1757344
3843773,30,1757344
3844985,-75,1757344
3846197,-148,1791622
3847409,57,1548490
3848622,23,1548490
3849834,98,1548490
3851046,109,1548490
3852259,39,1548490
3853472,-58,1548490
3854684,-92,1548490
3855897,-95,1548490
3857109,-54,1548490
3858321,20,1766903
3859533,88,1766903
3860745,104,1766903
3861958,59,1766903
3863170,-13,1766903
3864383,-99,1766903
3865596,-133,1766903
3866807,-79,1766903
3868020,-14,1766903
3869232,48,1749173
3870445,-49,1749173
3878932,21,1749173
3880144,62,1763408
3881357,73,1763408
3882568,42,1763408
3883781,6,1763408
3884994,-23,1763408
3886206,-9,1763408
3887418,14,1763408
3888631,49,1763408
3889842,57,1763408
3891056,46,1720330
3892268,13,1785866
3893481,-32,1785866
3894692,-68,1785866
3895905,-56,1785866
3897117,-18,1785866
3898330,27,1785866
3899542,68,1785866
3900755,80,1785866
3901967,54,1785891
3903179,33,1806371
3904392,-24,1806371
3905605,-39,1806371
3906817,-130,1806371
3908029,-77,1806371
3909241,-55,1806371
3910454,34,1806371
3911666,146,1806371
3912879,151,1806586
3914092,87,1795322
3915303,-52,1795322
3916517,-148,1795322
3917728,-209,1795322
3918941,-128,1795322
3920153,-1,1795322
3921365,96,1795322
3922578,165,1795322
3923790,140,1795222
3925003,40,1795222
3926215,-77,1795222
3927427,-110,1795222
3928640,-66,1795222
3929852,20,1795222
3931064,100,1795222
3932277,163,1795222
3933489,124,1795990
3934702,18,1795990
3935914,-88,1795990
3937127,-175,1795990
3938338,-151,1795990
3939551,-50,1795990
3940763,55,1795990
3941975,141,1795990
3943188,151,1795990
3944400,98,1795990
3945612,-12,1815159
3946825,-83,1815159
3948037,-109,1815159
3949249,-72,1815159
3950462,-6,1815159
3951675,60,1815159
3952886,123,1815159
3954099,153,1815159
3955311,4,1815159
3962586,74,1815159
3963798,120,1815159
3965010,112,1815159
3966223,36,1815159
3967435,-42,1799330
3968648,-86,1799330
3969860,-85,1799330
3971073,-34,1799330
3972285,35,1799330
3973497,88,1799330
3974710,99,1799330
3975922,66,1799330
3977134,0,1799330
3978347,-49,1787305
3979559,-59,1787305
3980772,-22,1787305
3981984,14,1787305
3983196,43,1787305
3984409,56,1787305
3985621,56,1787305
3986833,34,1787305
3988046,7,1787305
3989258,-28,1816238
3990471,-37,1816238
3991683,-12,1816238
3992895,24,1816238
3994107,62,1816238
3995321,73,1816238
3996533,50,1816238
3997744,15,1816238
3998957,-49,1816238
4000169,-56,1811716
4001382,-54,1811716
4002595,-77,1811716
4003807,-46,1811716
4005019,1,1811716
4006231,37,1811716
4007444,48,1811716
4008656,60,1811716
4009869,45,1811716
4011081,2,1804315
4012294,-55,1804315
4013506,-49,1804315
4014719,-28,1804315
4015931,11,1804315
4017144,47,1804315
4018356,70,1804315
4019568,87,1804315
4020781,94,1804315
4021993,19,1799536
4023205,-97,1799536
4024417,-126,1799536
4025630,-116,1799536
4026842,-58,1799536
4028055,55,1799536
4029266,99,1799536
4030479,117,1799536
4031692,122,1799536
4032903,8,1805497
4034116,-125,1805497
4035329,-177,1805497
4036541,-98,1805497
4037753,4,1805497
4038965,-74,1805497
4046239,-61,1805497
4047452,-1,1805497
4048665,45,1805497
4049877,66,1805497
4051089,64,1805497
4052301,37,1805497
4053513,11,1805497
4054726,17,1788230
4055938,67,1831090
4057150,165,1831090
4058363,102,1831090
4059575,29,1831090
4060788,-96,1831090
4062000,-185,1831090
4063212,-192,1831090
4064424,-141,1831090
4065637,-33,1831090
4066850,66,1826631
4068062,156,1761095
4069275,164,1761095
4070487,125,1761095
4071698,15,1761095
4072911,-96,1761095
4074124,-153,1761095
4075336,-142,1761095
4076548,-93,1761095
4077760,-8,1748363
4078973,86,1682827
4080186,129,1682827
4081397,138,1682827
4082611,73,1682827
4083822,-61,1682827
4085035,-134,1682827
4086248,-130,1682827
4087460,-62,1682827
4088672,16,1682751
4089885,85,1758783
4091097,128,1758783
4092309,126,1758783
4093522,34,1758783
4094734,-50,1758783
4095946,-105,1758783
4097159,-89,1758783
4098371,-25,1758783
4099583,57,1758908
4100796,119,1764796
4102008,122,1764796
4103220,42,1764796
4104432,-36,1764796
4105645,-105,1764796
4106858,-118,1764796
4108069,-65,1764796
4109282,10,1764796
4110495,65,1764796
4111706,85,1764796
4112919,92,1764796
4114132,31,1764796
4115343,-24,1764796
4116556,-56,1764796
4117768,-53,1764796
4118980,-16,1764796
4120193,26,1764796
4121405,44,1764796
4122618,-66,1764796
4131105,-72,1764796
4132317,-26,1788795
4133530,18,1788795
4134741,67,1788795
4135954,94,1788795
4137167,68,1788795
4138378,8,1788795
4139591,-29,1788795
4140804,-35,1788795
4142015,-36,1788795
4143229,-17,1779339
4144440,-1,1779339
4145652,11,1779339
4146865,19,1779339
4148077,23,1779339
4149290,20,1779339
4150502,5,1779339
4151715,7,1779339
4152926,84,1779339
4154139,27,1775434
4155351,3,1775434
4156563,-61,1775434
4157776,-78,1775434
4158988,-78,1775434
4160201,-20,1775434
4161413,43,1775434
4162625,82,1775434
4163838,82,1775434
4165050,12,1787254
4166262,-48,1787254
4167475,-95,1787254
4168687,-71,1787254
4169900,-18,1787254
4171111,38,1787254
4172325,88,1787254
4173537,88,1787254
4174749,53,1787254
4175961,5,1794500
4177173,-35,1794500
4178386,-33,1794500
4179598,-5,1794500
4180811,33,1794500
4182023,54,1794500
4183235,62,1794500
4184448,32,1794500
4185660,-5,1794500
4186873,-28,1803853
4188085,-31,1803853
4189297,-7,1803853
4190509,23,1803853
4191722,36,1803853
4192934,27,1803853
4194146,11,1803853
4195358,10,1803853
4196570,23,1803853
4197783,10,1815570
4198996,-8,1815570
4200207,-11,1815570
4201420,-3,1815570
4202632,2,1815570
4203845,4,1815570
4205057,-1,1815570
4206270,1,1815570
4207481,6,1815570
4214756,9,1815570
4215968,12,1815570
4217181,7,1815570
4218393,4,1815570
4219605,3,1814799
4220818,3,1814799
4222030,4,1814799
4223242,4,1814799
4224455,8,1814799
4225667,13,1814799
4226879,19,1814799
4228092,14,1814799
4229305,12,1814799
4230517,13,1811253
4231729,4,1816598
4232941,2,1816598
4234154,-3,1816598
4235367,-1,1816598
4236579,1,1816598
4237791,6,1816598
4239003,6,1816598
4240216,8,1816598
4241428,8,1816598
4242640,7,1816958
4243853,5,1816958
4245066,2,1816958
4246277,8,1816958
4247490,8,1816958
4248703,2,1816958
4249916,0,1816958
4251128,2,1816958
4252340,3,1816958
4253553,7,1806628
4254765,7,1806628
4255978,10,1806628
4257190,5,1806628
4258402,3,1806628
4259614,3,1806628
4260827,2,1806628
4262039,2,1806628
4263253,4,1806628
4264465,6,1812127
4265677,8,1812127
4266890,6,1812127
4268102,5,1812127
4269314,3,1812127
4270528,4,1812127
4271739,5,1812127
4272951,4,1812127
4274164,6,1812127
4275377,5,1812064
4276589,4,1808992
4277801,4,1808992
4279014,2,1808992
4280226,4,1808992
4281439,4,1808992
4282651,4,1808992
4283864,2,1808992
4285076,2,1808992
4286289,4,1808965
4287501,4,1815621
4288714,0,1815621
4289926,4,1815621
4291138,4,1815621
4299626,14,1815621
4300838,8,1815621
4302050,9,1815621
4303262,8,1815621
4304475,8,1815621
4305687,7,1815621
4306899,5,1810534
4308111,4,1810534
4309323,4,1810534
4310536,9,1810534
4311748,8,1810534
4312961,8,1810534
4314173,8,1810534
4315385,6,1810534
4316597,8,1810534
4317810,7,1810534
4319022,4,1814953
4320235,3,1814953
4321447,3,1814953
4322660,5,1814953
4323872,6,1814953
4325084,5,1814953
4326296,4,1814953
4327509,4,1814953
4328721,8,1814953
4329933,9,1809249
4331146,4,1809249
4332357,6,1809249
4333570,5,1809249
4334782,7,1809249
4335994,8,1809249
4337207,5,1809249
4338419,8,1809249
4339631,4,1809249
4340844,6,1810945
4342057,4,1810945
4343269,7,1810945
4344481,8,1810945
4345693,6,1810945
4346905,4,1810945
4348117,7,1810945
4349330,7,1810945
4350543,6,1810945
4351754,7,1811099
4352967,5,1811099
4354179,6,1811099
4355392,5,1811099
4356604,7,1811099
4357817,9,1811099
4359028,7,1811099
4360241,7,1811099
4361453,4,1811099
4362666,4,1815159
4363878,4,1815159
4365090,5,1815159
4366302,7,1815159
4367514,10,1815159
4368727,5,1815159
4369939,7,1815159
4371151,9,1815159
4372364,4,1815159
4373576,7,1809969
4374788,3,1809969
4376001,7,1809969
4383274,2,1809969
4384488,5,1809249
4385699,4,1809249
4386911,6,1809249
4388123,7,1809249
4389337,9,1809249
4390548,6,1809249
4391761,5,1809249
4392973,6,1809249
4394185,6,1809249
4395398,6,1809711
4396611,4,1809711
4397823,7,1809711
4399034,2,1809711
4400247,9,1809711
4401459,9,1809711
4402672,10,1809711
4403884,5,1809711
4405096,4,1809711
4406309,6,1807758
4407521,5,1807758
4408733,5,1807758
4409945,7,1807758
4411157,6,1807758
4412370,7,1807758
4413582,6,1807758
4414794,7,1807758
4416007,7,1807758
4417220,7,1810123
4418431,3,1807964
4419644,5,1807964
4420857,4,1807964
4422068,5,1807964
4423281,5,1807964
4424494,4,1807964
4425705,6,1807964
4426918,6,1807964
4428130,7,1807964
4429342,5,1811099
4430556,2,1811099
4431767,5,1811099
4432979,7,1811099
4434192,4,1811099
4435404,4,1811099
4436617,3,1811099
4437829,6,1811099
4439041,3,1811099
4440253,5,1798559
4441466,4,1798559
4442678,10,1798559
4443890,7,1798559
4445102,5,1798559
4446315,6,1798559
4447527,3,1798559
4448739,0,1798559
4449952,4,1798559
4451164,3,1804932
4452376,7,1804932
4453589,5,1804932
4454801,3,1804932
4456013,3,1804932
4457226,4,1804932
4458438,3,1804932
4459650,6,1804932
4468137,4,1804932
4469349,5,1804932
4470561,5,1804932
4471774,6,1788641
4472986,6,1788582
4474198,2,1786534
4475410,3,1786534
4476623,2,1786534
4477835,5,1786534
4479048,2,1786534
4480260,3,1786534
4481472,2,1786534
4482684,5,1786534
4483897,2,1786534
4485109,2,1786534
4486321,5,1786534
4487533,3,1786534
4488745,6,1786534
4489958,6,1786534
4491170,7,1786534
4492382,10,1786534
4493595,9,1786534
4494807,5,1786534
4496020,3,1786534
4497231,7,1786534
4498444,8,1786534
4499656,8,1786534
4500868,12,1786534
4502080,6,1786534
4503293,6,1786534
4504505,8,1786534
4505717,5,1775434
4506930,4,1775434
4508142,5,1775434
4509354,6,1775434
4510567,7,1775434
4511779,7,1775434
4512991,6,1775434
4514204,7,1775434
4515416,7,1775434
4516628,8,1776513
4517842,3,1776513
4519053,4,1776513
4520265,6,1776513
4521477,8,1776513
4522690,8,1776513
4523902,8,1776513
4525114,4,1776513
4526326,5,1776513
4527540,6,1772915
4528751,3,1772915
4529963,3,1772915
4531176,5,1772915
4532388,8,1772915
4533601,6,1772915
4534813,7,1772915
4536026,7,1772915
4537238,8,1772915
4538450,8,1774868
4539662,5,1774868
4540874,7,1774868
4542087,7,1774868
4543300,7,1774868
4544511,3,1774868
4551786,8,1774868
4552998,9,1774868
4554210,7,1774868
4555422,9,1774868
4556636,7,1774868
4557848,5,1774868
4559059,5,1774868
4560272,8,1766851
4561485,6,1766851
4562697,5,1766851
4563909,3,1766851
4565121,5,1766851
4566334,3,1766851
4567546,6,1766851
4568758,5,1766851
4569970,4,1766851
4571183,6,1752821
4572395,-1,1752821
4573607,5,1752821
4574820,6,1752821
4576033,5,1752821
4577245,3,1752821
4578457,3,1752821
4579670,8,1752821
4580881,4,1752821
4582094,8,1707957
4583306,4,1707957
4584519,8,1707957
4585731,7,1707957
4586943,5,1707957
4588155,5,1707957
4589368,9,1707957
4590580,7,1707957
4591793,8,1707957
4593005,6,1694441
4594217,2,1619770
4595429,2,1619770
4596641,4,1619770
4597854,3,1619770
4599066,5,1619770
4600279,4,1619770
4601491,3,1619770
4602703,3,1619770
4603915,4,1619770
4605128,6,1662630
4606341,4,1662630
4607552,4,1662630
4608765,3,1662630
4609977,4,1662630
4611189,2,1662630
4612402,2,1662630
4613614,5,1662630
4614826,5,1662630
4616039,5,1636112
4617251,4,1636112
4618464,5,1636112
4619676,8,1636112
4620889,2,1636112
4622101,4,1636112
4623313,5,1636112
4624526,3,1636112
4625739,3,1636112
4626950,4,1632771
4628163,4,1632771
4636649,13,1632771
4637862,7,1627992
4639074,5,1627992
4640286,3,1627992
4641498,3,1627992
4642710,4,1627992
4643923,3,1627992
4645135,4,1627992
4646348,7,1627992
4647559,7,1627992
4648773,4,1627944
4649984,7,1628712
4651196,4,1628712
4652409,3,1628712
4653620,3,1628712
4654833,5,1628712
4656045,4,1628712
4657258,5,1628712
4658470,5,1628712
4659682,6,1628707
4660894,7,1627427
4662106,3,1627427
4663319,3,1627427
4664532,2,1627427
4665743,3,1627427
4666956,4,1627427
4668168,5,1627427
4669381,6,1627427
4670592,4,1627427
4671805,6,1627427
4673017,5,1627427
4674230,6,1627427
4675441,7,1627427
4676653,6,1627427
4677866,7,1627427
4679078,9,1627427
4680290,5,1646339
4681502,3,1646339
4682714,4,1646339
4683927,8,1646339
4685140,5,1646339
4686352,4,1646339
4687563,8,1646339
4688776,6,1646339
4689989,8,1646339
4691200,8,1646339
4692412,6,1623470
4693624,4,1623470
4694838,8,1623470
4696049,7,1623470
4697262,6,1623470
4698473,6,1623470
4699686,8,1623470
4700898,6,1623470
4702110,7,1623470
4703322,7,1603992
4704534,2,1603992
4705747,3,1603992
4706959,5,1603992
4708172,5,1603992
4709383,3,1603992
4710596,7,1603992
4711808,9,1603992
4713020,6,1603992
4720296,6,1603992
4721507,8,1603992
4722719,4,1603992
4723932,5,1603992
4725144,6,1617252
4726357,4,1617252
4727568,6,1617252
4728781,6,1617252
4729993,7,1617252
4731206,9,1617252
4732418,7,1617252
4733631,7,1617252
4734842,7,1617252
4736055,6,1611444
4737267,3,1611444
4738479,7,1611444
4739692,6,1611444
4740904,9,1611444
4742116,6,1611444
4743329,6,1611444
4744541,7,1611444
4745753,3,1611444
4746965,8,1617046
4748178,8,1617046
4749390,5,1617046
4750602,4,1617046
4751814,5,1617046
4753027,4,1617046
4754239,8,1617046
4755452,7,1617046
4756664,5,1617046
4757877,6,1620129
4759088,4,1620129
4760301,5,1620129
4761513,6,1620129
4762725,7,1620129
4763937,3,1620129
4765150,6,1620129
4766361,7,1620129
4767574,5,1620129
4768787,9,1610262
4769999,5,1610262
4771211,7,1610262
4772423,4,1610262
4773636,4,1610262
4774847,7,1610262
4776061,8,1610262
4777272,8,1610262
4778484,7,1610262
4779697,7,1627581
4780909,4,1607539
4782122,4,1607539
4783333,5,1607539
4784545,5,1607539
4785758,5,1607539
4786970,5,1607539
4788182,4,1607539
4789395,4,1607539
4790607,4,1607539
4791819,5,1609080
4793031,2,1609080
4794244,3,1609080
4795457,3,1609080
4796668,4,1609080
4805154,6,1609080
4806367,6,1609080
4807579,5,1609080
4808792,7,1609080
4810003,5,1609080
4811215,9,1609080
4812428,9,1614579
4813641,5,1614528
4814853,4,1614528
4816065,5,1614528
4817277,4,1614528
4818490,5,1614528
4819702,4,1614528
4820914,4,1614528
4822126,5,1614528
4823339,5,1614528
4824551,3,1605534
4825763,4,1605534
4826976,6,1605534
4828188,5,1605534
4829401,-2,1605534
4830614,2,1605534
4831825,5,1605534
4833037,3,1605534
4834250,4,1605534
4835463,5,1605394
4836675,7,1609234
4837887,4,1609234
4839099,5,1609234
4840311,4,1609234
4841525,6,1609234
4842736,3,1609234
4843949,2,1609234
4845161,3,1609234
4846374,6,1609450
4847586,5,1598442
4848798,4,1598442
4850011,5,1598442
4851223,2,1598442
4852436,3,1598442
4853648,5,1598442
4854860,4,1598442
4856072,5,1598442
4857284,2,1598442
4858497,4,1598442
4859710,4,1598442
4860921,4,1598442
4862134,7,1598442
4863347,6,1598442
4864558,5,1598442
4865771,8,1598442
4866983,12,1611907
4868196,4,1611907
4869407,0,1611907
4870620,4,1611907
4871833,8,1611907
4873045,7,1611907
4874257,4,1611907
4875469,8,1611907
4876681,9,1611907
4877894,9,1611907
4879106,5,1606922
4880319,4,1606922
4881530,5,1606922
4890017,6,1604866
4891229,5,1604866
4892441,7,1604866
4893653,8,1604866
4894866,8,1604866
4896078,5,1604866
4897290,6,1604866
4898502,9,1604866
4899715,5,1604866
4900927,6,1608361
4902139,5,1608361
4903352,7,1608361
4904564,6,1608361
4905776,7,1608361
4906989,8,1608361
4908200,6,1608361
4909413,6,1608361
4910625,6,1608361
4911838,7,1606100
4913050,3,1606100
4914262,5,1606100
4915474,6,1606100
4916687,8,1606100
4917899,6,1606100
4919111,6,1606100
4920324,8,1606100
4921536,6,1606100
4922748,9,1600498
4923960,4,1600498
4925173,6,1600498
4926385,7,1600498
4927597,7,1600498
4928809,5,1600498
4930022,6,1600498
4931234,5,1600498
4932446,6,1600498
4933658,8,1606357
4934871,3,1606357
4936083,5,1606357
4937296,4,1606357
4938508,6,1606357
4939720,4,1606357
4940932,5,1606357
4942144,6,1606357
4943356,5,1606357
4944569,6,1605431
4945781,3,1605431
4946993,5,1605431
4948205,7,1605431
4949417,5,1605431
4950630,7,1605431
4951842,8,1605431
4953054,7,1605431
4954266,9,1605431
4955480,7,1601371
4956691,4,1601371
4957904,8,1601371
4959116,6,1601371
4960328,6,1601371
4961541,8,1601371
4962753,9,1601371
4963965,8,1601371
4965178,9,1601371
4966389,4,1601371
4973663,9,1601371
4974875,5,1601371
4976088,8,1601371
4977301,6,1605329
4978512,5,1586879
4979725,4,1586879
4980937,4,1586879
4982149,3,1586879
4983361,5,1586879
4984574,3,1586879
4985787,5,1586879
4986998,3,1586879
4988211,1,1586879
4989423,3,1593560
4990636,4,1593560
4991848,3,1593560
4993061,3,1593560
4994272,4,1593560
4995485,7,1593560
4996697,5,1593560
4997910,4,1593560
4999121,4,1593560
5000333,4,1592995
5001546,5,1592995
5002758,6,1592995
5003970,3,1592995
5005183,7,1592995
5006395,3,1592995
5007607,5,1592995
5008820,3,1592995
5010032,1,1592995
5011244,2,1593355
5012456,5,1593355
5013668,8,1593355
5014881,3,1593355
5016094,3,1593355
5017305,4,1593355
5018518,4,1593355
5019730,5,1593355
5020942,5,1593355
5022155,3,1593423
5023367,6,1598031
5024579,4,1598031
5025792,6,1598031
5027003,3,1598031
5028216,4,1598031
5029428,0,1598031
5030640,6,1598031
5031853,6,1598031
5033065,6,1597996
5034277,6,1616172
5035490,3,1616172
5036702,3,1616172
5037914,4,1616172
5039127,5,1616172
5040338,2,1616172
5041551,4,1616172
5042763,4,1616172
5043975,3,1616172
5045188,3,1616172
5046400,6,1616172
5047612,7,1616172
5048824,8,1616172
5050036,7,1616172
5057311,7,1616172
5058522,9,1616172
5059734,3,1616172
5060947,7,1616172
5062159,7,1616172
5063371,10,1616172
5064583,4,1616172
5065797,4,1594845
5067009,3,1594845
5068221,4,1594845
5069433,4,1594845
5070645,7,1594845
5071858,8,1594845
5073070,7,1594845
5074282,5,1594845
5075494,7,1594845
5076706,7,1587856
5077918,2,1587856
5079131,7,1587856
5080343,4,1587856
5081556,5,1587856
5082768,7,1587856
5083980,8,1587856
5085193,6,1587856
5086404,5,1587856
5087618,6,1590220
5088829,4,1590220
5090042,6,1590220
5091254,7,1590220
5092466,3,1590220
5093679,10,1590220
5094891,5,1590220
5096103,6,1590220
5097315,7,1590220
5098528,6,1585440
5099740,5,1585440
5100952,7,1585440
5102165,7,1585440
5103377,7,1585440
5104589,8,1585440
5105802,8,1585440
5107014,8,1585440
5108226,7,1585440
5109438,8,1592635
5110651,5,1592635
5111864,6,1592635
5113076,7,1592635
5114287,8,1592635
5115500,8,1592635
5116713,6,1592635
5117925,6,1592635
5119137,8,1592635
5120349,8,1592481
5121561,4,1592481
5122774,6,1592481
5123986,8,1592481
5125199,7,1592481
5126410,5,1592481
5127623,9,1592481
5128836,5,1592481
5130047,5,1592481
5131260,5,1595410
5132473,5,1595410
5133684,4,1595410
5142171,3,1590682
5143384,5,1590682
5144595,4,1590682
5145808,5,1590682
5147020,4,1590682
5148233,3,1590682
5149445,6,1590682
5150657,6,1590682
5151869,9,1590682
5153082,6,1591196
5154294,5,1584978
5155507,3,1584978
5156719,3,1584978
5157931,4,1584978
5159143,4,1584978
5160356,2,1584978
5161568,4,1584978
5162780,2,1584978
5163992,5,1584978
5165205,4,1590374
5166418,2,1590374
5167630,4,1590374
5168842,2,1590374
5170054,4,1590374
5171267,4,1590374
5172479,6,1590374
5173691,5,1590374
5174904,3,1590374
5176115,6,1590168
5177328,4,1590168
5178540,4,1590168
5179752,5,1590168
5180965,3,1590168
5182177,6,1590168
5183390,4,1590168
5184602,3,1590168
5185814,4,1590168
5187027,5,1591864
5188239,5,1591864
5189451,3,1591864
5190663,5,1591864
5191876,4,1591864
5193089,1,1591864
5194300,3,1591864
5195513,5,1591864
5196725,1,1591864
5197938,4,1585029
5199150,6,1585029
5200362,5,1585029
5201574,4,1585029
5202787,2,1585029
5204000,4,1585029
5205212,4,1585029
5206423,5,1585029
5207636,3,1585029
5208849,5,1585052
5210060,6,1591196
5211272,5,1591196
5212485,8,1591196
5213697,4,1591196
5214910,3,1591196
5216123,4,1591196
5217335,4,1591196
5218547,6,1591196
5227033,6,1591196
5228246,7,1591196
5229458,5,1582511
5230670,7,1582511
5231883,3,1582511
5233095,4,1582511
5234308,7,1582511
5235520,7,1582511
5236732,5,1582511
5237944,6,1582511
5239157,6,1582511
5240369,8,1582511
5241582,3,1582511
5242794,4,1582511
5244006,8,1582511
5245218,8,1582511
5246431,7,1582511
5247643,5,1582511
5248855,4,1582511
5250068,9,1582511
5251280,9,1582511
5252493,5,1583333
5253705,3,1583333
5254917,3,1583333
5256130,6,1583333
5257342,5,1583333
5258555,6,1583333
5259766,8,1583333
5260979,6,1583333
5262191,7,1583333
5263403,8,1588113
5264616,4,1588113
5265829,5,1588113
5267041,6,1588113
5268253,7,1588113
5269465,9,1588113
5270678,12,1588113
5271890,10,1588113
5273102,9,1588113
5274315,8,1586468
5275528,5,1586468
5276739,3,1586468
5277952,6,1586468
5279164,7,1586468
5280376,8,1586468
5281589,5,1586468
5282802,4,1586468
5284014,3,1586468
5285226,6,1589295
5286438,5,1589295
5287651,6,1589295
5288863,5,1589295
5290075,7,1589295
5291287,8,1589295
5292500,8,1589295
5293713,5,1589295
5294925,8,1589295
5296137,5,1587291
5297349,4,1587291
5298561,6,1587291
5299773,7,1587291
5300986,9,1587291
5302199,9,1587291
5303410,4,1587291
5310684,4,1587291
5311897,7,1587291
5313109,7,1587291
5314321,7,1587291
5315534,6,1587291
5316746,4,1587291
5317958,8,1589192
5319171,7,1589192
5320383,7,1589192
5321595,9,1589192
5322807,7,1589192
5324020,5,1589192
5325231,5,1589192
5326444,8,1589192
5327656,6,1589192
5328868,7,1586417
5330080,5,1586417
5331293,9,1586417
5332505,8,1586417
5333718,4,1586417
5334930,9,1586417
5336142,6,1586417
5337354,5,1586417
5338567,7,1586417
5339779,7,1585389
5340991,6,1586006
5342203,4,1586006
5343416,-1,1586006
5344628,3,1586006
5345840,4,1586006
5347053,3,1586006
5348266,3,1586006
5349478,4,1586006
5350690,5,1586006
5351902,6,1586622
5353114,5,1586622
5354326,2,1586622
5355539,6,1586622
5356751,4,1586622
5357963,8,1586622
5359175,9,1586622
5360389,3,1586622
5361600,3,1586622
5362813,5,1583693
5364025,2,1583693
5365237,5,1583693
5366449,4,1583693
5367661,4,1583693
5368873,2,1583693
5370086,3,1583693
5371298,7,1583693
5372510,5,1583693
5373723,4,1586160
5374936,5,1586160
5376147,3,1586160
5377360,4,1586160
5378572,5,1586160
5379785,3,1586160
5380997,5,1586160
5382209,4,1586160
5383422,0,1586160
5384634,6,1581432
5385846,4,1581432
5387058,7,1581432
5395544,3,1583744
5396757,17,1583744
5397969,5,1583744
5399181,6,1583744
5400394,5,1583744
5401606,3,1583744
5402818,3,1583744
5404031,4,1583744
5405243,5,1583744
5406456,4,1583793
5407668,5,1583025
5408881,7,1583025
5410093,4,1583025
5411306,3,1583025
5412519,5,1583025
5413732,5,1583025
5414944,4,1583025
5416156,4,1583025
5417369,6,1583095
5418582,5,1583095
5419794,8,1583095
5421006,3,1583095
5422219,5,1583095
5423431,3,1583095
5424644,9,1583095
5425857,9,1583095
5427068,8,1587959
5428281,3,1587959
5429494,8,1587959
5430706,3,1587959
5431919,5,1587959
5433131,6,1587959
5434344,7,1587959
5435557,8,1587959
5436769,8,1587959
5437982,7,1587959
5439194,8,1583230
5440406,5,1583230
5441620,8,1583230
5442832,5,1583230
5444044,8,1583230
5445257,7,1583230
5446469,6,1583230
5447682,12,1583230
5448894,7,1583230
5450106,10,1589500
5451319,6,1589500
5452532,6,1589500
5453743,7,1589500
5454956,7,1589500
5456168,7,1589500
5457381,9,1589500
5458593,7,1589500
5459805,4,1589500
5461018,4,1582819
5462230,4,1582819
5463442,7,1582819
5464655,7,1582819
5465867,6,1582819
5467080,6,1582819
5468293,3,1582819
5469504,5,1582819
5470717,5,1582819
5471929,7,1582819
5479204,6,1582819
5480417,4,1582819
5481628,8,1582819
5482842,9,1584670
5484054,4,1584670
5485266,6,1584670
5486479,7,1584670
5487691,6,1584670
5488904,6,1584670
5490115,5,1584670
5491328,7,1584670
5492541,5,1584670
5493753,6,1584156
5494965,5,1584156
5496178,4,1584156
5497390,7,1584156
5498602,6,1584156
5499815,7,1584156
5501028,7,1584156
5502239,6,1584156
5503452,3,1584156
5504665,6,1584464
5505877,3,1584464
5507089,7,1584464
5508302,8,1584464
5509514,7,1584464
5510726,7,1584464
5511940,10,1584464
5513151,6,1584464
5514364,6,1584464
5515576,9,1584053
5516789,5,1584053
5518002,6,1584053
5519214,9,1584053
5520426,3,1584053
5521638,5,1584053
5522851,7,1584053
5524063,4,1584053
5525276,6,1584053
5526489,6,1585492
5527700,4,1585492
5528913,8,1585492
5530126,8,1585492
5531338,7,1585492
5532550,7,1585492
5533763,6,1585492
5534976,8,1585492
5536187,7,1585492
5537400,7,1582459
5538612,4,1584721
5539825,4,1584721
5541038,3,1584721
5542250,5,1584721
5543463,5,1584721
5544675,7,1584721
5545887,3,1584721
5547099,3,1584721
5548312,5,1584721
5549525,5,1579787
5550737,0,1579787
5551949,5,1579787
5553161,3,1579787
5554374,6,1579787
5555587,5,1579787
5564074,8,1579787
5565286,8,1579787
5566499,9,1579787
5567711,6,1579787
5568923,6,1579787
5570136,5,1586211
5571348,4,1585748
5572561,4,1585748
5573773,3,1585748
5574986,5,1585748
5576198,3,1585748
5577411,2,1585748
5578623,4,1585748
5579835,4,1585748
5581048,4,1585748
5582260,2,1585748
5583473,6,1585748
5584685,6,1585748
5585897,3,1585748
5587110,4,1585748
5588322,3,1585748
5589534,4,1585748
5590746,3,1585748
5591959,4,1585748
5593171,8,1585848
5594384,5,1584824
5595597,3,1584824
5596809,4,1584824
5598021,5,1584824
5599233,5,1584824
5600446,4,1584824
5601658,4,1584824
5602870,5,1584824
5604082,3,1584726
5605295,4,1586006
5606507,4,1586006
5607719,6,1586006
5608932,7,1586006
5610144,4,1586006
5611357,5,1586006
5612568,3,1586006
5613781,3,1586006
5614993,6,1586006
5616205,5,1586006
5617418,4,1586006
5618630,7,1586006
5619842,4,1586006
5621055,5,1586006
5622267,6,1586006
5623480,5,1586006
5624692,5,1585132
5625905,3,1585132
5627117,5,1585132
5628329,8,1585132
5629541,7,1585132
5630754,6,1585132
5631966,5,1585132
5633178,6,1585132
5634390,3,1585132
5635603,9,1585132
5636816,9,1582562
5638028,5,1582562
5639241,7,1582562
5640453,6,1580969
5647727,0,1580969
5648940,3,1580969
5650153,9,1580969
5651364,7,1580969
5652577,6,1580969
5653789,6,1580969
5655002,4,1580969
5656214,6,1580969
5657426,5,1580969
5658640,6,1582871
5659851,5,1582871
5661063,7,1582871
5662276,11,1582871
5663489,5,1582871
5664701,6,1582871
5665913,9,1582871
5667126,6,1582871
5668338,4,1582871
5669550,6,1585286
5670763,4,1585286
5671975,9,1585286
5673187,7,1585286
5674400,7,1585286
5675612,5,1585286
5676825,4,1585286
5678038,4,1585286
5679250,7,1585286
5680462,4,1581791
5681674,8,1581791
5682888,7,1581791
5684100,6,1581791
5685312,8,1581791
5686524,5,1581791
5687736,4,1581791
5688949,7,1581791
5690161,6,1581791
5691374,9,1585286
5692586,5,1585286
5693798,7,1585286
5695012,8,1585286
5696223,6,1585286
5697436,6,1585286
5698649,4,1585286
5699861,6,1585286
5701074,9,1585286
5702286,8,1580404
5703499,5,1580404
5704711,7,1580404
5705924,5,1580404
5707135,6,1580404
5708348,7,1580404
5709560,6,1580404
5710773,7,1580404
5711986,8,1580404
5713198,4,1588524
5714410,4,1588524
5715624,9,1588524
5716836,7,1588524
5718048,9,1588524
5719261,7,1588524
5720473,8,1588524
5721685,8,1588524
5722898,9,1588524
5724110,8,1588524
5731384,10,1588524
5732597,9,1588524
5733809,6,1588524
5735021,4,1583693
5736234,3,1583436
5737446,6,1583436
5738659,4,1583436
5739872,3,1583436
5741083,4,1583436
5742296,5,1583436
5743509,4,1583436
5744720,4,1583436
5745933,5,1583436
5747145,4,1583436
5748358,4,1583436
5749570,5,1583436
5750782,4,1583436
5751995,5,1583436
5753208,5,1583436
5754420,4,1583436
5755632,4,1583436
5756844,4,1583436
5758057,5,1587239
5759270,3,1587239
5760482,5,1587239
5761694,4,1587239
5762906,1,1587239
5764119,3,1587239
5765331,3,1587239
5766544,4,1587239
5767757,5,1587239
5768969,4,1577320
5770181,6,1577320
5771394,2,1577320
5772606,5,1577320
5773818,5,1577320
5775030,3,1577320
5776243,4,1577320
5777456,2,1577320
5778667,5,1577320
5779880,6,1577257
5781093,6,1587753
5782304,3,1587753
5783517,5,1587753
5784729,3,1587753
5785942,3,1587753
5787154,4,1587753
5788367,6,1587753
5789579,5,1587753
5790791,3,1587777
5792005,3,1580353
5793216,6,1580353
5794429,2,1580353
5795641,7,1580353
5796854,4,1580353
5798067,4,1580353
5799279,2,1580353
5800491,5,1580353
5801704,6,1580353
5802917,3,1580353
5804129,7,1580353
5805342,4,1580353
5806555,7,1580353
5807766,5,1580353
5815119,8,1580353
5816254,9,1580353
5817467,6,1580353
5818679,13,1580353
5819891,4,1580353
5821104,9,1580353
5822317,2,1580353
5823529,7,1581791
5824741,4,1581791
5825954,6,1581791
5827166,6,1581791
5828378,9,1581791
5829591,6,1581791
5830803,7,1581791
5832017,7,1581791
5833229,6,1581791
5834441,5,1582254
5835653,2,1582254
5836866,9,1582254
5838078,7,1582254
5839290,8,1582254
5840504,7,1582254
5841716,4,1582254
5842927,6,1582254
5844140,9,1582254
5845353,6,1579941
5846565,2,1579941
5847777,6,1579941
5848990,9,1579941
5850202,6,1579941
5851415,7,1579941
5852627,7,1579941
5853839,7,1579941
5855052,8,1579941
5856264,7,1583436
5857478,6,1583436
5858690,6,1583436
5859902,7,1583436
5861114,7,1583436
5862328,5,1583436
5863540,5,1583436
5864752,6,1583436
5865964,8,1583436
5867177,6,1581072
5868390,5,1581072
5869602,6,1581072
5870814,10,1581072
5872027,6,1581072
5873240,5,1581072
5874451,7,1581072
5875664,8,1581072
5876876,7,1581072
5878089,7,1585080
5879302,3,1585080
5880514,5,1585080
5881726,6,1585080
5882938,4,1585080
5884151,6,1585080
5885363,6,1585080
5886576,7,1585080
5887788,8,1585080
5889001,4,1578708
5890213,4,1578708
5891425,5,1578708
5898700,5,1578708
5899912,9,1583796
5901125,6,1583796
5902338,8,1583796
5903549,7,1583796
5904762,7,1583796
5905974,4,1583796
5907188,6,1583796
5908399,6,1583796
5909612,9,1583796
5910825,8,1579941
5912037,5,1583128
5913249,2,1583128
5914462,3,1583128
5915674,7,1583128
5916886,4,1583128
5918100,2,1583128
5919312,3,1583128
5920524,1,1583128
5921736,-2,1583128
5922949,4,1582973
5924162,5,1582973
5925374,8,1582973
5926586,3,1582973
5927799,4,1582973
5929011,3,1582973
5930224,5,1582973
5931437,4,1582973
5932649,5,1582973
5933862,2,1580507
5935074,5,1580507
5936287,5,1580507
5937500,3,1580507
5938711,4,1580507
5939924,3,1580507
5941137,3,1580507
5942349,4,1580507
5943562,2,1580507
5944774,5,1588369
5945987,5,1588369
5947199,5,1588369
5948412,2,1588369
5949624,2,1588369
5950837,5,1588369
5952050,7,1588369
5953262,4,1588369
5954475,4,1588369
5955687,4,1575573
5956899,4,1575573
5958112,4,1575573
5959324,4,1575573
5960537,5,1575573
5961749,4,1575573
5962962,3,1575573
5964174,9,1575573
5965387,5,1575573
5966600,2,1575618
5967811,6,1587650
5969024,3,1587650
5970236,3,1587650
5971449,5,1587650
5972661,2,1587650
5973874,4,1587650
5975086,10,1587650
5983574,5,1587650
5984786,7,1587650
5985999,4,1587650
5987211,5,1575727
5988424,3,1575727
5989636,4,1575727
5990849,8,1575727
5992061,5,1575727
5993275,6,1575727
5994486,7,1575727
5995699,8,1575727
5996911,7,1575727
5998123,5,1575727
5999336,4,1575727
6000548,3,1575727
6001762,7,1575727
6002974,6,1575727
6004186,7,1575727
6005399,3,1575727
6006612,5,1575727
6007824,7,1575727
6009037,8,1575727
6010249,4,1582100
6011461,4,1582100
6012674,9,1582100
6013886,6,1582100
6015099,5,1582100
6016311,4,1582100
6017524,6,1582100
6018736,3,1582100
6019948,6,1582100
6021161,7,1583436
6022374,7,1583436
6023586,7,1583436
6024799,8,1583436
6026012,5,1583436
6027223,6,1583436
6028436,6,1583436
6029649,7,1583436
6030861,3,1583436
6032074,8,1578246
6033286,4,1578246
6034499,5,1578246
6035711,6,1578246
6036923,8,1578246
6038137,10,1578246
6039349,7,1578246
6040561,7,1578246
6041773,6,1578246
6042986,7,1581740
6044199,5,1581740
6045411,4,1581740
6046623,6,1581740
6047836,6,1581740
6049048,5,1581740
6050261,5,1581740
6051473,7,1581740
6052686,9,1581740
6053898,7,1581175
6055111,4,1581175
6056324,8,1581175
6057536,5,1581175
6058748,6,1581175
6059961,5,1581175
6067236,3,1581175
6068448,8,1581175
6069661,8,1581175
6070873,6,1581175
6072086,7,1581175
6073298,7,1581175
6074510,6,1581175
6075724,3,1583128
6076936,4,1583128
6078148,7,1583128
6079360,6,1583128
6080572,10,1583128
6081786,8,1583128
6082997,6,1583128
6084210,5,1583128
6085422,5,1583128
6086635,4,1582871
6087848,5,1582871
6089059,7,1582871
6090272,7,1582871
6091485,7,1582871
6092697,2,1582871
6093910,9,1582871
6095121,6,1582871
6096334,7,1582871
6097546,8,1583590
6098759,5,1583590
6099971,9,1583590
6101184,5,1583590
6102396,7,1583590
6103609,10,1583590
6104821,5,1583590
6106033,5,1583590
6107246,6,1583590
6108459,5,1584412
6109671,6,1582408
6110883,3,1582408
6112096,4,1582408
6113308,3,1582408
6114520,3,1582408
6115733,3,1582408
6116946,4,1582408
6118158,3,1582408
6119371,7,1582408
6120583,4,1577783
6121796,4,1577783
6123009,4,1577783
6124220,4,1577783
6125433,3,1577783
6126645,4,1577783
6127858,5,1577783
6129070,6,1577783
6130283,4,1577783
6131496,3,1583282
6132707,5,1583282
6133920,3,1583282
6135132,2,1583282
6136345,4,1583282
6137557,4,1583282
6138770,6,1583282
6139982,7,1583282
6141194,5,1583282
6142407,3,1580815
6143620,5,1580815
6152106,14,1580815
6153319,7,1580815
6154531,4,1580815
6155744,3,1580815
6156956,2,1580815
6158169,3,1580815
6159382,5,1580815
6160594,4,1580815
6161806,5,1580815
6163019,4,1580815
6164231,5,1580879
6165444,3,1584207
6166656,5,1584207
6167869,4,1584207
6169081,6,1584207
6170294,4,1584207
6171507,4,1584207
6172719,5,1584207
6173931,5,1584207
6175144,3,1584234
6176357,5,1591402
6177569,4,1591402
6178781,4,1591402
6179994,5,1591402
6181206,2,1591402
6182418,5,1591402
6183631,4,1591402
6184843,3,1591402
6186056,1,1591402
6187268,4,1591402
6188481,6,1591402
6189694,6,1591402
6190906,5,1591402
6192118,8,1591402
6193331,5,1591402
6194544,6,1591402
6195756,8,1591402
6196968,10,1580918
6198181,8,1580918
6199393,6,1580918
6200606,5,1580918
6201818,7,1580918
6203031,6,1580918
6204244,7,1580918
6205456,7,1580918
6206669,6,1580918
6207880,7,1575316
6209093,5,1575316
6210306,8,1575316
6211519,8,1575316
6212730,7,1575316
6213943,6,1575316
6215156,9,1575316
6216368,9,1575316
6217581,8,1575316
6218793,7,1579684
6220006,4,1579684
6221218,5,1579684
6222430,3,1579684
6223643,8,1579684
6224855,6,1579684
6226068,9,1579684
6227280,6,1579684
6228493,5,1579684
6235767,6,1579684
6236979,6,1579684
6238193,5,1579684
6239404,8,1579684
6240618,5,1577526
6241829,5,1577526
6243042,9,1577526
6244254,6,1577526
6245467,8,1577526
6246679,8,1577526
6247891,7,1577526
6249104,5,1577526
6250317,5,1577526
6251529,8,1583128
6252742,4,1583128
6253954,8,1583128
6255166,8,1583128
6256379,9,1583128
6257591,5,1583128
6258804,7,1583128
6260016,5,1583128
6261228,6,1583128
6262441,7,1582049
6263653,4,1582049
6264865,7,1582049
6266078,6,1582049
6267290,7,1582049
6268502,5,1582049
6269716,2,1582049
6270927,6,1582049
6272140,3,1582049
6273353,7,1580609
6274565,3,1580609
6275777,7,1580609
6276989,8,1580609
6278202,8,1580609
6279415,5,1580609
6280627,7,1580609
6281840,6,1580609
6283051,7,1580609
6284264,6,1579222
6285477,5,1579222
6286689,7,1579222
6287902,9,1579222
6289114,7,1579222
6290326,6,1579222
6291539,8,1579222
6292751,8,1579222
6293963,4,1579222
6295175,8,1582922
6296389,5,1583642
6297601,3,1583642
6298813,2,1583642
6300025,3,1583642
6301238,4,1583642
6302451,4,1583642
6303663,4,1583642
6304875,7,1583642
6306087,3,1583642
6307300,2,1577166
6308513,3,1577166
6309725,4,1577166
6310937,4,1577166
6312150,5,1577166
6320636,15,1577166
6321849,3,1577166
6323061,5,1577166
6324274,6,1577166
6325486,10,1577166
6326699,5,1577166
6327911,6,1578451
6329123,4,1581535
6330336,3,1581535
6331549,3,1581535
6332760,4,1581535
6333973,6,1581535
6335185,6,1581535
6336398,3,1581535
6337611,0,1581535
6338822,5,1581535
6340035,3,1581535
6341248,3,1581535
6342460,0,1581535
6343672,5,1581535
6344885,3,1581535
6346097,4,1581535
6347309,6,1581535
6348521,4,1581535
6349733,1,1581535
6350946,5,1581374
6352159,4,1579582
6353371,7,1579582
6354583,4,1579582
6355796,3,1579582
6357009,0,1579582
6358221,4,1579582
6359433,2,1579582
6360645,5,1579582
6361858,4,1579628
6363070,4,1578348
6364282,5,1578348
6365495,4,1578348
6366707,3,1578348
6367920,4,1578348
6369132,5,1578348
6370345,4,1578348
6371557,5,1578348
6372769,2,1578348
6373982,6,1578348
6375194,5,1578348
6376406,6,1578348
6377619,7,1578348
6378832,7,1578348
6380044,7,1578348
6381256,7,1578348
6382469,8,1582922
6383681,8,1582922
6384894,6,1582922
6386106,7,1582922
6387318,6,1582922
6388531,7,1582922
6389743,7,1582922
6390956,7,1582922
6392169,7,1582922
6393381,7,1582922
6394593,7,1581021
6395805,5,1581021
6397017,5,1581021
6404292,4,1581021
6405504,6,1580198
6406717,4,1580198
6407929,7,1580198
6409141,7,1580198
6410354,6,1580198
6411566,7,1580198
6412778,9,1580198
6413991,7,1580198
6415203,6,1580198
6416416,4,1586982
6417628,4,1586982
6418842,8,1586982
6420053,8,1586982
6421265,6,1586982
6422478,6,1586982
6423690,7,1586982
6424902,9,1586982
6426115,10,1586982
6427328,7,1580558
6428540,3,1580558
6429752,6,1580558
6430965,8,1580558
6432177,7,1580558
6433389,8,1580558
6434602,4,1580558
6435815,7,1580558
6437026,7,1580558
6438239,4,1576704
6439452,4,1576704
6440664,7,1576704
6441877,7,1576704
6443089,6,1576704
6444302,6,1576704
6445514,4,1576704
6446726,6,1576704
6447939,10,1576704
6449152,6,1582049
6450364,5,1582049
6451576,5,1582049
6452788,4,1582049
6454001,10,1582049
6455214,9,1582049
6456425,6,1582049
6457638,7,1582049
6458850,7,1582049
6460063,4,1579736
6461275,3,1579736
6462488,6,1579736
6463700,4,1579736
6464913,8,1579736
6466125,7,1579736
6467338,7,1579736
6468550,8,1579736
6469762,5,1579736
6470974,8,1577372
6472187,4,1577372
6473400,6,1577372
6474612,5,1577372
6475825,7,1577372
6477037,6,1577372
6478249,7,1577372
6479461,7,1577372
6480674,4,1577372
6489161,6,1577372
6490373,8,1577372
6491586,9,1577372
6492799,4,1580969
6494011,2,1575368
6495223,5,1575368
6496435,5,1575368
6497648,5,1575368
6498861,6,1575368
6500073,5,1575368
6501286,6,1575368
6502498,5,1575368
6503710,6,1575368
6504923,4,1581946
6506136,0,1581946
6507348,6,1581946
6508560,3,1581946
6509772,5,1581946
6510985,9,1581946
6512197,4,1581946
6513410,5,1581946
6514622,5,1581946
6515835,4,1579428
6517047,4,1579428
6518260,4,1579428
6519473,5,1579428
6520685,6,1579428
6521897,4,1579428
6523110,4,1579428
6524322,3,1579428
6525535,4,1579428
6526748,3,1581329
6527959,3,1581329
6529172,6,1581329
6530385,6,1581329
6531597,4,1581329
6532810,4,1581329
6534022,4,1581329
6535235,3,1581329
6536448,3,1581329
6537660,2,1581389
6538873,4,1583693
6540085,4,1583693
6541297,4,1583693
6542510,5,1583693
6543722,5,1583693
6544935,4,1583693
6546147,3,1583693
6547360,4,1583693
6548572,6,1583676
6549784,5,1579068
6550997,3,1579068
6552209,5,1579068
6553422,4,1579068
6554634,5,1579068
6555848,3,1579068
6557059,5,1579068
6558272,1,1579068
6559484,6,1579068
6560697,2,1579068
6561910,5,1579068
6563122,7,1579068
6564334,6,1579068
6565547,5,1579068
6574034,5,1579068
6575247,7,1579068
6576460,5,1579068
6577672,9,1579068
6578885,7,1579068
6580097,5,1579068
6581310,7,1577166
6582522,2,1577166
6583734,5,1577166
6584947,4,1577166
6586160,5,1577166
6587372,7,1577166
6588584,5,1577166
6589797,10,1577166
6591009,9,1577166
6592222,5,1581740
6593435,3,1581740
6594647,7,1581740
6595860,7,1581740
6597072,5,1581740
6598285,9,1581740
6599496,8,1581740
6600709,7,1581740
6601922,7,1581740
6603134,10,1576755
6604346,5,1576755
6605559,7,1576755
6606771,9,1576755
6607985,8,1576755
6609197,7,1576755
6610409,6,1576755
6611622,5,1576755
6612835,5,1576755
6614046,4,1582871
6615259,3,1582871
6616472,5,1582871
6617684,7,1582871
6618897,7,1582871
6620109,6,1582871
6621322,7,1582871
6622534,6,1582871
6623746,4,1582871
6624959,6,1578297
6626171,8,1578297
6627384,8,1578297
6628597,7,1578297
6629809,6,1578297
6631022,5,1578297
6632234,5,1578297
6633446,8,1578297
6634658,8,1578297
6635871,7,1579787
6637084,5,1579787
6638296,8,1579787
6639508,10,1579787
6640721,6,1579787
6641934,10,1579787
6643146,5,1579787
6644358,7,1579787
6645572,7,1579787
6646783,7,1578194
6647996,6,1578194
6649209,8,1578194
6650421,8,1578194
6657696,5,1583847
6658909,4,1583847
6660121,8,1583847
6661334,6,1583847
6662546,7,1583847
6663758,6,1583847
6664971,5,1583847
6666184,5,1583847
6667396,5,1583847
6668609,7,1579376
6669821,6,1571308
6671033,4,1571308
6672246,5,1571308
6673458,5,1571308
6674671,2,1571308
6675884,6,1571308
6677095,6,1571308
6678308,4,1571308
6679520,6,1571308
6680733,-2,1575008
6681946,4,1575008
6683158,4,1575008
6684371,8,1575008
6685583,4,1575008
6686796,4,1575008
6688008,3,1575008
6689220,6,1575008
6690433,0,1575008
6691645,5,1575008
6692858,4,1575008
6694070,5,1575008
6695283,5,1575008
6696495,5,1575008
6697707,5,1575008
6698920,5,1575008
6700132,5,1575008
6701344,5,1575008
6702557,4,1583950
6703770,2,1583950
6704982,8,1583950
6706194,6,1583950
6707406,3,1583950
6708620,3,1583950
6709831,3,1583950
6711044,5,1583950
6712256,3,1583950
6713469,4,1579016
6714681,7,1579016
6715894,4,1579016
6717106,3,1579016
6718318,1,1579016
6719532,5,1579016
6720743,6,1579016
6721956,5,1579016
6723168,3,1579016
6724381,5,1579183
6725593,5,1582511
6726805,7,1582511
6728018,5,1582511
6729231,4,1582511
6730443,2,1582511
6731655,3,1582511
6732868,2,1582511
6734080,8,1582511
6742567,1,1582511
6743780,6,1582511
6744992,8,1576961
6746204,4,1576961
6747417,2,1576961
6748630,7,1576961
6749842,8,1576961
6751055,5,1576961
6752267,7,1576961
6753479,6,1576961
6754692,7,1576961
6755905,5,1579890
6757117,6,1579890
6758329,5,1579890
6759541,5,1579890
6760754,7,1579890
6761966,4,1579890
6763179,5,1579890
6764391,7,1579890
6765604,6,1579890
6766816,6,1579890
6768029,4,1578914
6769241,6,1578914
6770453,6,1578914
6771667,9,1578914
6772878,7,1578914
6774091,7,1578914
6775304,7,1578914
6776516,5,1578914
6777728,7,1578914
6778941,9,1574597
6780153,3,1574597
6781365,7,1574597
6782578,11,1574597
6783790,8,1574597
6785003,7,1574597
6786216,6,1574597
6787428,7,1574597
6788641,7,1574597
6789853,6,1576704
6791065,3,1576704
6792278,8,1576704
6793490,5,1576704
6794703,5,1576704
6795915,7,1576704
6797128,6,1576704
6798341,6,1576704
6799552,4,1576704
6800766,5,1576704
6801978,5,1576704
6803190,10,1576704
6804402,5,1576704
6805616,7,1576704
6806828,9,1576704
6808040,7,1576704
6809253,7,1576704
6810465,6,1576704
6811678,9,1579736
6812890,6,1579736
6814102,6,1579736
6815314,6,1579736
6816527,6,1579736
6817739,5,1579736
6818951,5,1579736
6826226,4,1579736
6827439,5,1579736
6828651,7,1579736
6829863,8,1579736
6831076,5,1579736
6832289,6,1579736
6833500,7,1580353
6834713,4,1580353
6835925,5,1580353
6837137,7,1580353
6838350,5,1580353
6839562,8,1580353
6840775,7,1580353
6841987,7,1580353
6843199,8,1580353
6844412,5,1584156
6845624,2,1584156
6846837,7,1584156
6848049,9,1584156
6849261,7,1584156
6850473,6,1584156
6851686,5,1584156
6852898,6,1584156
6854110,6,1584156
6855322,6,1578862
6856536,5,1582049
6857747,2,1582049
6858960,3,1582049
6860172,7,1582049
6861385,2,1582049
6862596,3,1582049
6863809,5,1582049
6865021,3,1582049
6866233,5,1582049
6867446,3,1575676
6868658,3,1575676
6869871,3,1575676
6871083,6,1575676
6872295,6,1575676
6873508,4,1575676
6874720,0,1575676
6875932,3,1575676
6877144,4,1575676
6878357,4,1580096
6879569,5,1580096
6880781,5,1580096
6881994,4,1580096
6883206,4,1580096
6884419,5,1580096
6885631,3,1580096
6886843,6,1580096
6888056,5,1580096
6889268,5,1580353
6890481,6,1580353
6891693,4,1580353
6892905,5,1580353
6894118,3,1580353
6895330,5,1580353
6896543,4,1580353
6897754,3,1580353
6898967,2,1580353
6900179,8,1584104
6901392,4,1584104
6902604,7,1584104
6911091,11,1583876
6912303,3,1577732
6913515,3,1577732
6914728,3,1577732
6915941,4,1577732
6917152,4,1577732
6918365,6,1577732
6919577,5,1577732
6920790,4,1577732
6922002,4,1577839
6923214,5,1579119
6924427,1,1579119
6925639,3,1579119
6926851,3,1579119
6928064,4,1579119
6929277,5,1579119
6930489,2,1579119
6931701,4,1579119
6932914,4,1579119
6934126,4,1579119
6935338,8,1579119
6936550,7,1579119
6937763,7,1579119
6938976,6,1579119
6940187,8,1579119
6941400,4,1579119
6942612,6,1581072
6943825,6,1581072
6945037,7,1581072
6946250,7,1581072
6947462,5,1581072
6948675,11,1581072
6949887,8,1581072
6951099,8,1581072
6952312,10,1581072
6953524,8,1581072
6954736,5,1576652
6955949,5,1576652
6957161,10,1576652
6958373,7,1576652
6959585,6,1576652
6960798,4,1576652
6962010,4,1576652
6963222,4,1576652
6964436,7,1576652
6965648,7,1581740
6966859,4,1581740
6968072,6,1581740
6969285,7,1581740
6970496,4,1581740
6971709,7,1581740
6972922,8,1581740
6974134,6,1581740
6975346,8,1581740
6976559,7,1576498
6977771,4,1576498
6978983,9,1576498
6980196,5,1576498
6981409,9,1576498
6982620,2,1576498
6983833,4,1576498
6985045,6,1576498
6986258,8,1576498
6987470,6,1576498
6994744,5,1576498
6995957,7,1576498
6997169,5,1576498
6998382,11,1577834
6999594,5,1577834
7000807,8,1577834
7002019,6,1577834
7003232,7,1577834
7004443,6,1577834
7005656,6,1577834
7006868,8,1577834
7008080,5,1577834
7009293,8,1581329
7010506,6,1581329
7011718,5,1581329
7012930,5,1581329
7014142,7,1581329
7015355,7,1581329
7016567,7,1581329
7017780,8,1581329
7018993,6,1581329
7020204,6,1577629
7021418,2,1577629
7022630,7,1577629
7023842,7,1577629
7025055,7,1577629
7026267,7,1577629
7027479,7,1577629
7028692,8,1577629
7029905,4,1577629
7031116,4,1581894
7032329,3,1581894
7033541,6,1581894
7034754,7,1581894
7035966,6,1581894
7037178,5,1581894
7038391,7,1581894
7039603,5,1581894
7040816,9,1581894
7042029,6,1579530
7043240,5,1581329
7044454,4,1581329
7045665,6,1581329
7046878,3,1581329
7048090,4,1581329
7049303,5,1581329
7050516,4,1581329
7051727,4,1581329
7052940,5,1581329
7054152,4,1580044
7055365,5,1580044
7056577,4,1580044
7057789,6,1580044
7059002,6,1580044
7060214,4,1580044
7061427,1,1580044
7062640,4,1580044
7063853,2,1580044
7065065,2,1580404
7066277,4,1580404
7067490,0,1580404
7068702,5,1580404
7069914,3,1580404
7071127,8,1580404
7079614,12,1580404
7080827,7,1580404
7082039,6,1580404
7083251,4,1580404
7084464,7,1580404
7085676,10,1588318
7086889,6,1575984
7088101,6,1575984
7089313,3,1575984
7090526,4,1575984
7091739,4,1575984
7092950,6,1575984
7094163,3,1575984
7095376,9,1575984
7096588,3,1575984
7097800,4,1575962
7099013,3,1583642
7100225,4,1583642
7101437,5,1583642
7102650,4,1583642
7103863,5,1583642
7105075,4,1583642
7106287,4,1583642
7107500,4,1583642
7108712,3,1583616
7109925,5,1576704
7111137,7,1576704
7112349,2,1576704
7113562,5,1576704
7114774,5,1576704
7115987,6,1576704
7117199,5,1576704
7118412,3,1576704
7119625,3,1576704
7120836,3,1576704
7122049,6,1576704
7123261,6,1576704
7124474,7,1576704
7125687,6,1576704
7126899,3,1576704
7128111,5,1576704
7129324,6,1586417
7130536,3,1586417
7131748,3,1586417
7132960,8,1586417
7134173,6,1586417
7135386,6,1586417
7136598,8,1586417
7137810,7,1586417
7139023,5,1586417
7140236,8,1586417
7141448,8,1577526
7142660,5,1577526
7143872,6,1577526
7145085,6,1577526
7146298,9,1577526
7147510,7,1577526
7148722,6,1577526
7149935,7,1577526
7151148,9,1577526
7152359,9,1578811
7153572,4,1578811
7154784,5,1578811
7155997,11,1579016
7163272,2,1578091
7164484,3,1578091
7165697,15,1578091
7166910,6,1578091
7168122,4,1578091
7169336,3,1578091
7170548,3,1578091
7171760,4,1578091
7172972,4,1578091
7174185,6,1578091
7175397,2,1578091
7176610,5,1578091
7177823,5,1578091
7179035,5,1578091
7180248,5,1578091
7181460,7,1578091
7182673,9,1578091
7183886,5,1578091
7185098,4,1578451
7186311,4,1578451
7187524,8,1578451
7188736,6,1578451
7189948,8,1578451
7191161,6,1578451
7192373,10,1578451
7193586,4,1578451
7194799,6,1578451
7196012,4,1579530
7197224,3,1579530
7198437,6,1579530
7199649,7,1579530
7200862,7,1579530
7202074,7,1579530
7203287,9,1579530
7204499,8,1579530
7205712,6,1579530
7206924,6,1580250
7208137,5,1580250
7209349,6,1580250
7210562,9,1580250
7211775,6,1580250
7212987,8,1580250
7214200,7,1580250
7215413,4,1580250
7216625,6,1580250
7217838,6,1582357
7219050,4,1582357
7220262,6,1582357
7221475,6,1582357
7222687,8,1582357
7223900,10,1582357
7225112,5,1582357
7226325,4,1582357
7227538,4,1582357
7228750,8,1576087
7229963,3,1580661
7231175,7,1580661
7232388,4,1580661
7233600,3,1580661
7234813,2,1580661
7236026,2,1580661
7237238,2,1580661
7238451,4,1580661
7239664,6,1580661
7248152,5,1580661
7249363,7,1580661
7250576,5,1580507
7251789,5,1572027
7253001,0,1572027
7254213,3,1572027
7255426,2,1572027
7256638,4,1572027
7257851,3,1572027
7259064,5,1572027
7260275,4,1572027
7261489,6,1572027
7262700,5,1513480
7263913,5,1579016
7265125,5,1579016
7266338,4,1579016
7267550,4,1579016
7268763,4,1579016
7269976,5,1579016
7271188,3,1579016
7272400,3,1579016
7273614,3,1576190
7274826,6,1576190
7276038,4,1576190
7277251,4,1576190
7278463,5,1576190
7279676,9,1576190
7280889,5,1576190
7282101,5,1576190
7283313,4,1576190
7284526,3,1576050
7285738,0,1579890
7286951,4,1579890
7288163,4,1579890
7289376,6,1579890
7290588,3,1579890
7291801,5,1579890
7293014,1,1579890
7294226,4,1579890
7295439,3,1579897
7296651,3,1581689
7297864,5,1581689
7299077,4,1581689
7300289,6,1581689
7301501,5,1581689
7302713,6,1581689
7303926,3,1581689
7305138,3,1581689
7306352,4,1581793
7307564,5,1582305
7308777,5,1582305
7309989,4,1582305
7311201,1,1582305
7312414,2,1582305
7313626,1,1582305
7314839,4,1582305
7316051,5,1582305
7317264,3,1582305
7318477,6,1582305
7319689,5,1582305
7320902,6,1582305
7322114,7,1582305
7323326,6,1582305
7324539,3,1582305
7333027,5,1582305
7334239,5,1582305
7335452,2,1582305
7336664,5,1582305
7337877,8,1582305
7339089,10,1574751
7340302,3,1574751
7341515,7,1574751
7342728,5,1574751
7343940,5,1574751
7345153,7,1574751
7346365,7,1574751
7347577,7,1574751
7348790,6,1574751
7350003,5,1578554
7351215,1,1578554
7352428,6,1578554
7353641,7,1578554
7354853,7,1578554
7356066,6,1578554
7357278,5,1578554
7358492,5,1578554
7359704,4,1578554
7360916,6,1579684
7362129,5,1579684
7363341,6,1579684
7364554,7,1579684
7365766,10,1579684
7366980,9,1579684
7368192,7,1579684
7369404,8,1579684
7370617,6,1579684
7371830,9,1575573
7373043,4,1575573
7374254,10,1575573
7375467,6,1575573
7376680,10,1575573
7377893,7,1575573
7379105,8,1575573
7380318,9,1575573
7381530,7,1575573
7382743,7,1580712
7383955,5,1580712
7385169,5,1580712
7386380,9,1580712
7387593,7,1580712
7388806,9,1580712
7390018,7,1580712
7391232,6,1580712
7392443,6,1580712
7393657,6,1581689
7394869,5,1581689
7396081,6,1581689
7397294,8,1581689
7398507,7,1581689
7399719,5,1581689
7400931,5,1581689
7402145,9,1581689
7403357,8,1581689
7404569,7,1577064
7405782,3,1577064
7406994,4,1577064
7408208,9,1577064
7409419,7,1578040
7416695,6,1578040
7417908,8,1578040
7419120,5,1578040
7420332,7,1578040
7421545,7,1578040
7422757,8,1578040
7423970,8,1578040
7425182,4,1578040
7426396,3,1580404
7427607,4,1580096
7428820,6,1580096
7430033,3,1580096
7431245,3,1580096
7432458,4,1580096
7433670,4,1580096
7434883,4,1580096
7436095,3,1580096
7437308,4,1580096
7438520,5,1576961
7439734,0,1576961
7440946,3,1576961
7442158,3,1576961
7443371,6,1576961
7444583,5,1576961
7445796,4,1576961
7447009,5,1576961
7448221,5,1576961
7449433,3,1579376
7450646,3,1579376
7451858,3,1579376
7453071,6,1579376
7454284,6,1579376
7455496,6,1579376
7456708,4,1579376
7457921,5,1579376
7459134,5,1579376
7460346,4,1581791
7461559,6,1581791
7462772,0,1581791
7463984,7,1581791
7465196,4,1581791
7466408,0,1581791
7467621,5,1581791
7468833,4,1581791
7470046,2,1581791
7471259,2,1583796
7472472,3,1583796
7473684,11,1583796
7474897,5,1583796
7476109,5,1583796
7477321,4,1583796
7478534,3,1583796
7479746,2,1583796
7480960,5,1583796
7482171,5,1583761
7483385,5,1574545
7484597,3,1574545
7485809,4,1574545
7487022,3,1574545
7488235,4,1574545
7489447,4,1574545
7490659,4,1574545
7491873,3,1574545
7493085,8,1574545
7501574,1,1574545
7502785,8,1580455
7503998,7,1580455
7505211,4,1580455
7506423,7,1580455
7507636,7,1580455
7508849,5,1580455
7510061,8,1580455
7511274,6,1580455
7512487,5,1580455
7513699,7,1577012
7514912,6,1577012
7516124,5,1577012
7517337,5,1577012
7518549,9,1577012
7519762,5,1577012
7520974,7,1577012
7522187,3,1577012
7523399,4,1577012
7524613,8,1577012
7525825,6,1579530
7527037,3,1579530
7528250,6,1579530
7529462,6,1579530
7530675,9,1579530
7531888,6,1579530
7533100,8,1579530
7534313,2,1579530
7535525,6,1579530
7536738,6,1575984
7537950,5,1575984
7539163,6,1575984
7540376,11,1575984
7541588,6,1575984
7542800,6,1575984
7544013,6,1575984
7545225,5,1575984
7546438,5,1575984
7547650,6,1577475
7548864,4,1577475
7550076,6,1577475
7551289,5,1577475
7552501,6,1577475
7553714,5,1577475
7554926,6,1577475
7556139,8,1577475
7557351,7,1577475
7558564,4,1580815
7559777,4,1580815
7560990,8,1580815
7562202,9,1580815
7563415,5,1580815
7564627,3,1580815
7565839,4,1580815
7567053,8,1580815
7568265,6,1580815
7569478,5,1576755
7570690,6,1576755
7571904,7,1576755
7573116,6,1576755
7574329,7,1576755
7575541,5,1576755
7576754,5,1576755
7577966,4,1576755
7585242,4,1576755
7586454,5,1576755
7587667,6,1576755
7588879,5,1576755
7590093,10,1576755
7591305,6,1574134
7592517,3,1574134
7593730,7,1574134
7594942,5,1574134
7596156,9,1574134
7597368,9,1574134
7598580,6,1574134
7599793,7,1574134
7601006,3,1574134
7602218,6,1576190
7603431,4,1576190
7604643,3,1576190
7605856,8,1576190
7607069,10,1576190
7608281,5,1576190
7609494,6,1576190
7610706,3,1576190
7611919,5,1576190
7613132,9,1576549
7614344,5,1580558
7615558,4,1580558
7616769,3,1580558
7617982,6,1580558
7619195,6,1580558
7620407,3,1580558
7621620,4,1580558
7622832,2,1580558
7624045,4,1580558
7625257,6,1573312
7626470,5,1573312
7627683,5,1573312
7628895,5,1573312
7630108,5,1573312
7631320,4,1573312
7632534,4,1573312
7633746,3,1573312
7634958,5,1573312
7636171,8,1575830
7637384,5,1575830
7638597,4,1575830
7639809,6,1575830
7641022,1,1575830
7642234,4,1575830
7643446,3,1575830
7644659,5,1575830
7645871,3,1575830
7647084,4,1577783
7648297,5,1577783
7649509,3,1577783
7650721,3,1577783
7651934,4,1577783
7653147,7,1577783
7654360,4,1577783
7655573,0,1577783
7656785,4,1577783
7657998,4,1575984
7659210,4,1575984
7660423,3,1575984
7661635,5,1576087
7670124,14,1576087
7671336,4,1576087
7672549,4,1576087
7673761,4,1576087
7674974,7,1576087
7676187,7,1576087
7677400,3,1576087
7678613,2,1576087
7679825,5,1576037
7681038,3,1576549
7682251,5,1576549
7683463,3,1576549
7684675,5,1576549
7685889,4,1576549
7687101,3,1576549
7688313,2,1576549
7689526,3,1576549
7690739,4,1576549
7691952,5,1576549
7693164,7,1576549
7694376,9,1576549
7695589,6,1576549
7696802,8,1576549
7698014,8,1576549
7699227,3,1576549
7700440,6,1576549
7701652,3,1576549
7702865,7,1576549
7704078,7,1576549
7705290,5,1576549
7706503,6,1576549
7707715,6,1576549
7708928,6,1576549
7710141,6,1576549
7711353,7,1576549
7712566,7,1574699
7713778,2,1574699
7714991,9,1574699
7716204,5,1574699
7717416,7,1574699
7718628,4,1574699
7719842,7,1574699
7721054,6,1574699
7722267,4,1574699
7723479,5,1581175
7724691,4,1581175
7725904,8,1581175
7727117,5,1581175
7728329,6,1581175
7729542,5,1581175
7730754,7,1581175
7731968,7,1581175
7733179,8,1581175
7734392,8,1577783
7735605,4,1577783
7736818,6,1577783
7738030,9,1577783
7739242,6,1577783
7740456,7,1577783
7741668,9,1577783
7742881,6,1577783
7744092,7,1577783
7745305,4,1578554
7746518,8,1578554
7755006,5,1578554
7756219,6,1578760
7757431,3,1578760
7758644,6,1578760
7759857,8,1578760
7761069,4,1578760
7762281,9,1578760
7763495,6,1578760
7764707,5,1578760
7765920,7,1578760
7767133,5,1579016
7768345,5,1579016
7769557,7,1579016
7770771,3,1579016
7771983,7,1579016
7773196,7,1579016
7774408,5,1579016
7775621,5,1579016
7776833,6,1579016
7778046,5,1578760
7779258,3,1578760
7780472,6,1578760
7781684,10,1578760
7782897,10,1578760
7784109,7,1578760
7785322,6,1578760
7786535,7,1578760
7787747,6,1578760
7788959,6,1574186
7790172,8,1574186
7791385,10,1574186
7792597,8,1574186
7793810,6,1574186
7795023,7,1574186
7796235,8,1574186
7797448,10,1574186
7798660,6,1574186
7799873,5,1577218
7801085,3,1577218
7802298,7,1577218
7803510,8,1577218
7804723,6,1577218
7805936,7,1577218
7807149,7,1577218
7808361,5,1577218
7809574,7,1577218
7810787,7,1578657
7811999,5,1581175
7813212,4,1581175
7814425,3,1581175
7815637,4,1581175
7816850,4,1581175
7818062,6,1581175
7819275,4,1581175
7820487,6,1581175
7821700,3,1581175
7822913,4,1574751
7824126,5,1574751
7825338,3,1574751
7826550,4,1574751
7827763,2,1574751
7828975,3,1574751
7830188,5,1574751
7831401,13,1574751
7839889,6,1574751
7841101,8,1574751
7842314,7,1574751
7843526,7,1578965
7844740,4,1578246
7845951,4,1578246
7847164,6,1578246
7848377,8,1578246
7849589,3,1578246
7850802,5,1578246
7852015,4,1578246
7853227,5,1578246
7854440,6,1578246
7855652,5,1582511
7856865,2,1582511
7858078,2,1582511
7859290,2,1582511
7860503,5,1582511
7861715,4,1582511
7862928,5,1582511
7864140,5,1582511
7865353,3,1582511
7866566,2,1582363
7867778,2,1583899
7868992,5,1583899
7870203,5,1583899
7871416,4,1583899
7872629,3,1583899
7873843,6,1583899
7875054,5,1583899
7876266,5,1583899
7877479,6,1583976
7878692,4,1577320
7879905,3,1577320
7881117,4,1577320
7882330,3,1577320
7883542,5,1577320
7884755,5,1577320
7885967,3,1577320
7887180,4,1577320
7888393,3,1577320
7889605,4,1577320
7890817,8,1577320
7892030,8,1577320
7893242,8,1577320
7894455,7,1577320
7895668,4,1577320
7896881,10,1577320
7898093,8,1581946
7899305,6,1581946
7900518,5,1581946
7901731,7,1581946
7902943,7,1581946
7904156,5,1581946
7905368,8,1581946
7906582,6,1581946
7907793,8,1581946
7909006,5,1581946
7910218,6,1579428
7911431,4,1579428
7912644,8,1579428
7913856,5,1579428
7915069,5,1579428
7916281,8,1579428
7923556,1,1579428
7924769,5,1579428
7925982,10,1579428
7927194,7,1579428
7928407,3,1579428
7929619,9,1579428
7930832,5,1579428
7932045,6,1577989
7933257,6,1577989
7934469,7,1577989
7935683,9,1577989
7936894,7,1577989
7938107,10,1577989
7939320,6,1577989
7940532,7,1577989
7941744,6,1577989
7942957,5,1582049
7944169,4,1582049
7945382,10,1582049
7946594,7,1582049
7947808,8,1582049
7949020,7,1582049
7950233,6,1582049
7951445,7,1582049
7952657,5,1582049
7953870,4,1577115
7955082,3,1577115
7956294,3,1577115
7957508,5,1577115
7958720,4,1577115
7959933,3,1577115
7961144,8,1577115
7962357,8,1577115
7963570,5,1577115
7964782,6,1580455
7965995,3,1580455
7967208,6,1580455
7968421,6,1580455
7969633,5,1580455
7970846,7,1580455
7972058,5,1580455
7973270,6,1580455
7974484,5,1580455
7975696,4,1577680
7976908,5,1577680
7978121,8,1577680
7979334,7,1577680
7980547,5,1577680
7981760,9,1577680
7982971,10,1577680
7984185,9,1577680
7985397,7,1577680
7986609,6,1573774
7987822,5,1573774
7989035,7,1573774
7990247,5,1573774
7991460,7,1573774
7992673,10,1573774
7993885,5,1573774
7995098,4,1573774
7996310,7,1573774
7997522,9,1577166
7998735,6,1576447
7999948,7,1576447
8007223,6,1576447
8008436,9,1576447
8009648,8,1578451
8010861,3,1578451
8012074,4,1578451
8013286,7,1578451
8014499,4,1578451
8015711,3,1578451
8016924,4,1578451
8018137,7,1578451
8019349,6,1578451
8020562,0,1575213
8021774,3,1575213
8022987,6,1575213
8024200,4,1575213
8025413,3,1575213
8026625,6,1575213
8027837,5,1575213
8029050,3,1575213
8030262,3,1575213
8031475,4,1579839
8032689,4,1579839
8033901,4,1579839
8035114,3,1579839
8036325,4,1579839
8037538,3,1579839
8038751,2,1579839
8039963,6,1579839
8041176,9,1579839
8042389,3,1575316
8043601,4,1575316
8044815,5,1575316
8046027,4,1575316
8047239,5,1575316
8048452,5,1575316
8049664,6,1575316
8050877,3,1575316
8052089,3,1575316
8053302,4,1575364
8054515,4,1574340
8055728,6,1574340
8056940,6,1574340
8058152,2,1574340
8059365,3,1574340
8060578,5,1574340
8061790,7,1574340
8063003,3,1574340
8064215,5,1574291
8065429,2,1575059
8066641,5,1575059
8067854,6,1575059
8069066,4,1575059
8070279,4,1575059
8071491,4,1575059
8072704,5,1575059
8073917,4,1575059
8075129,4,1575059
8076341,5,1575059
8077554,5,1575059
8078766,7,1575059
8079980,9,1575059
8081191,4,1575059
8082404,3,1575059
8083617,6,1575059
8092105,8,1575059
8093318,4,1575059
8094530,6,1575059
8095742,6,1575059
8096955,6,1576190
8098167,5,1576190
8099380,11,1576190
8100593,7,1576190
8101805,6,1576190
8103018,6,1576190
8104230,6,1576190
8105443,6,1576190
8106655,8,1576190
8107868,5,1578657
8109081,3,1578657
8110293,4,1578657
8111506,4,1578657
8112718,8,1578657
8113931,7,1578657
8115145,8,1578657
8116356,7,1578657
8117569,6,1578657
8118782,6,1577372
8119995,5,1577372
8121207,7,1577372
8122420,5,1577372
8123632,6,1577372
8124845,7,1577372
8126057,4,1577372
8127270,7,1577372
8128482,7,1577372
8129695,5,1580815
8130909,4,1580815
8132120,9,1580815
8133333,6,1580815
8134546,8,1580815
8135759,7,1580815
8136971,7,1580815
8138183,8,1580815
8139396,6,1580815
8140608,3,1576858
8141821,5,1576858
8143034,6,1576858
8144247,4,1576858
8145459,8,1576858
8146671,8,1576858
8147884,7,1576858
8149097,10,1576858
8150309,6,1576858
8151523,7,1579993
8152734,2,1579993
8153948,6,1579993
8155161,6,1579993
8156372,9,1579993
8157585,7,1579993
8158798,4,1579993
8160010,6,1579993
8161223,9,1579993
8162436,5,1577578
8163648,4,1577578
8164861,6,1577578
8166073,6,1577578
8167286,7,1577578
8168498,4,1577578
8175775,6,1577578
8176987,11,1577578
8178200,8,1577578
8179413,7,1577578
8180625,9,1577578
8181838,7,1577578
8183050,8,1577578
8184263,8,1576344
8185476,5,1576344
8186688,4,1576344
8187901,6,1576344
8189113,5,1576344
8190326,5,1576344
8191538,8,1576344
8192751,7,1576344
8193963,3,1576344
8195176,6,1578194
8196389,6,1577886
8197601,3,1577886
8198814,4,1577886
8200026,5,1577886
8201239,2,1577886
8202452,4,1577886
8203664,3,1577886
8204877,4,1577886
8206089,4,1577886
8207302,5,1574391
8208515,4,1574391
8209727,4,1574391
8210940,4,1574391
8212152,4,1574391
8213365,4,1574391
8214577,3,1574391
8215790,2,1574391
8217002,3,1574391
8218215,4,1582871
8219428,4,1582871
8220640,3,1582871
8221853,7,1582871
8223065,4,1582871
8224278,5,1582871
8225490,7,1582871
8226703,3,1582871
8227915,7,1582871
8229128,3,1576395
8230341,4,1576395
8231553,2,1576395
8232765,1,1576395
8233978,6,1576395
8235190,6,1576395
8236402,3,1576395
8237616,3,1576395
8238827,4,1576395
8240040,2,1582254
8241253,4,1582254
8242465,5,1582254
8243678,7,1582254
8244890,6,1582254
8246103,4,1582254
8247315,4,1582254
8248528,6,1582254
8249741,5,1582254
8250953,1,1582166
8252166,5,1572438
8260654,14,1572438
8261866,7,1572366
8263078,5,1580558
8264292,3,1580558
8265504,4,1580558
8266716,6,1580558
8267929,5,1580558
8269142,3,1580558
8270354,3,1580558
8271566,3,1580558
8272779,3,1580558
8273992,4,1580558
8275205,5,1580558
8276416,3,1580558
8277630,6,1580558
8278842,6,1580558
8280054,6,1580558
8281266,8,1580558
8282480,4,1575625
8283692,5,1575625
8284905,6,1575625
8286117,7,1575625
8287330,6,1575625
8288542,6,1575625
8289755,5,1575625
8290967,7,1575625
8292180,8,1575625
8293393,4,1575625
8294605,5,1577834
8295817,3,1577834
8297030,5,1577834
8298243,9,1577834
8299455,7,1577834
8300668,8,1577834
8301880,7,1577834
8303093,7,1577834
8304306,6,1577834
8305518,7,1578862
8306731,5,1578862
8307943,9,1578862
8309156,7,1578862
8310369,7,1578862
8311581,4,1578862
8312793,6,1578862
8314006,6,1578862
8315218,6,1578862
8316431,5,1577783
8317643,3,1577783
8318856,6,1577783
8320068,8,1577783
8321281,9,1577783
8322493,7,1577783
8323706,6,1577783
8324919,8,1577783
8326132,9,1577783
8327345,8,1579839
8328557,6,1579839
8329770,9,1579839
8330981,12,1579839
8332194,8,1579839
8333407,9,1579839
8334620,9,1579839
8335832,6,1579839
8337044,5,1579839
8344320,7,1579839
8345532,6,1579839
8346745,5,1579839
8347958,6,1579839
8349170,3,1579273
8350382,8,1579273
8351595,8,1579273
8352808,4,1579273
8354021,6,1579273
8355233,5,1579273
8356445,7,1579273
8357658,7,1579273
8358870,5,1579273
8360083,6,1573004
8361295,6,1573004
8362508,5,1573004
8363721,5,1573004
8364933,7,1573004
8366146,5,1573004
8367359,7,1573004
8368571,5,1573004
8369783,9,1573004
8370996,5,1578348
8372209,5,1578348
8373421,5,1578348
8374634,4,1578348
8375846,6,1578348
8377060,7,1578348
8378272,9,1578348
8379485,7,1578348
8380697,5,1578348
8381909,6,1577475
8383122,3,1578246
8384334,2,1578246
8385547,5,1578246
8386759,5,1578246
8387972,4,1578246
8389184,5,1578246
8390397,1,1578246
8391610,3,1578246
8392822,9,1578246
8394035,4,1573260
8395248,4,1573260
8396460,5,1573260
8397672,5,1573260
8398885,5,1573260
8400098,6,1573260
8401310,6,1573260
8402523,4,1573260
8403735,3,1573260
8404948,4,1575162
8406160,3,1575162
8407373,10,1575162
8408586,3,1575162
8409798,4,1575162
8411011,4,1575162
8412223,5,1575162
8413435,4,1575162
8414648,3,1575162
8415861,5,1576498
8417073,4,1576498
8418286,3,1576498
8419498,5,1576498
8420711,7,1576498
8428119,7,1576498
8429199,9,1576498
8430412,7,1576498
8431623,9,1576498
8432836,4,1576498
8434049,5,1576498
8435261,6,1576498
8436474,8,1572901
8437686,4,1573016
8438900,4,1576344
8440112,4,1576344
8441324,5,1576344
8442537,3,1576344
8443750,3,1576344
8444962,4,1576344
8446175,5,1576344
8447388,5,1576344
8448600,2,1576428
8449812,2,1571308
8451025,3,1571308
8452237,3,1571308
8453451,3,1571308
8454663,4,1571308
8455875,5,1571308
8457088,5,1571308
8458300,3,1571308
8459513,4,1571308
8460726,4,1571308
8461938,7,1571308
8463150,5,1571308
8464363,6,1571308
8465576,7,1571308
8466789,3,1571308
8468001,6,1571308
8469214,6,1571308
8470426,4,1571308
8471638,5,1571308
8472851,6,1571308
8474063,7,1571308
8475276,8,1571308
8476489,6,1571308
8477701,5,1571308
8478914,7,1571308
8480126,5,1571308
8481339,6,1576139
8482551,4,1576139
8483764,8,1576139
8484977,8,1576139
8486189,9,1576139
8487402,6,1576139
8488615,7,1576139
8489827,6,1576139
8491039,5,1576139
8492252,5,1574031
8493465,4,1574031
8494677,9,1574031
8495890,6,1574031
8497103,4,1574031
8498315,6,1574031
8499528,5,1574031
8500740,7,1574031
8501953,6,1574031
8503166,7,1575316
8504378,4,1575316
8512866,3,1575316
8514079,6,1578297
8515292,6,1578297
8516504,7,1578297
8517717,4,1578297
8518929,7,1578297
8520142,6,1578297
8521355,6,1578297
8522567,6,1578297
8523779,6,1578297
8524992,4,1576190
8526204,2,1576190
8527417,6,1576190
8528630,9,1576190
8529842,8,1576190
8531055,6,1576190
8532268,6,1576190
8533479,6,1576190
8534693,6,1576190
8535905,8,1576344
8537117,5,1576344
8538330,6,1576344
8539542,7,1576344
8540755,5,1576344
8541967,4,1576344
8543181,5,1576344
8544393,7,1576344
8545605,6,1576344
8546818,5,1577989
8548030,2,1577989
8549244,8,1577989
8550456,7,1577989
8551669,7,1577989
8552881,5,1577989
8554094,5,1577989
8555306,5,1577989
8556519,7,1577989
8557731,5,1575625
8558945,4,1575625
8560157,6,1575625
8561369,9,1575625
8562582,9,1575625
8563795,6,1575625
8565008,5,1575625
8566220,6,1575625
8567433,6,1575625
8568645,8,1579684
8569858,0,1579684
8571070,6,1579684
8572283,8,1579684
8573496,7,1579684
8574708,5,1579684
8575921,5,1579684
8577134,6,1579684
8578346,6,1579684
8579558,10,1577372
8580772,3,1573980
8581983,6,1573980
8583196,4,1573980
8584409,4,1573980
8585621,2,1573980
8586834,6,1573980
8588046,3,1573980
8589259,7,1573980
8597747,4,1573980
8598960,7,1573980
8600173,4,1573980
8601385,7,1574186
8602598,4,1579428
8603810,4,1579428
8605023,4,1579428
8606235,5,1579428
8607449,5,1579428
8608661,5,1579428
8609874,4,1579428
8611086,5,1579428
8612299,5,1579428
8613512,4,1575984
8614724,3,1575984
8615937,4,1575984
8617149,4,1575984
8618362,2,1575984
8619574,4,1575984
8620786,1,1575984
8621999,4,1575984
8623212,5,1575984
8624424,4,1575213
8625637,4,1575213
8626849,4,1575213
8628062,6,1575213
8629275,7,1575213
8630487,6,1575213
8631700,4,1575213
8632912,5,1575213
8634124,3,1575213
8635337,4,1575373
8636550,3,1576909
8637763,3,1576909
8638975,5,1576909
8640187,5,1576909
8641400,3,1576909
8642613,4,1576909
8643825,3,1576909
8645038,4,1576909
8646251,6,1576915
8647463,5,1578451
8648675,6,1578451
8649889,3,1578451
8651100,5,1578451
8652313,5,1578451
8653526,4,1578451
8654738,1,1578451
8655951,5,1578451
8657163,3,1578451
8658376,5,1578451
8659589,7,1578451
8660801,4,1578451
8662014,4,1578451
8663226,3,1578451
8664439,5,1578451
8665652,6,1578451
8666865,3,1575830
8668077,5,1575830
8669289,4,1575830
8670502,8,1575830
8671715,6,1575830
8672927,7,1575830
8674140,6,1575830
8681415,6,1575830
8682628,6,1575830
8683842,7,1575830
8685054,4,1575830
8686266,8,1575830
8687478,11,1575830
8688691,6,1575830
8689905,6,1578040
8691116,4,1578040
8692329,7,1578040
8693542,8,1578040
8694755,7,1578040
8695967,6,1578040
8697180,8,1578040
8698393,5,1578040
8699605,5,1578040
8700818,5,1574854
8702030,4,1574854
8703244,5,1574854
8704456,6,1574854
8705669,3,1574854
8706881,4,1574854
8708094,7,1574854
8709306,6,1574854
8710519,8,1574854
8711732,7,1572747
8712945,4,1572747
8714157,8,1572747
8715370,9,1572747
8716582,7,1572747
8717795,9,1572747
8719008,9,1572747
8720221,6,1572747
8721433,4,1572747
8722646,9,1577989
8723858,3,1577989
8725071,8,1577989
8726284,8,1577989
8727497,8,1577989
8728709,6,1577989
8729922,7,1577989
8731134,4,1577989
8732347,7,1577989
8733559,6,1576909
8734773,1,1576909
8735985,10,1576909
8737197,6,1576909
8738410,5,1576909
8739623,7,1576909
8740835,7,1576909
8742048,5,1576909
8743261,6,1576909
8744473,5,1577115
8745686,4,1577115
8746898,3,1577115
8748111,5,1577115
8749324,7,1577115
8750536,6,1577115
8751749,9,1577115
8752962,6,1577115
8754174,7,1577115
8755388,7,1580661
8756599,4,1580661
8757812,6,1580661
8765119,11,1580661
8766300,7,1576036
8767513,4,1578143
8768725,3,1578143
8769938,2,1578143
8771150,2,1578143
8772363,4,1578143
8773575,2,1578143
8774788,4,1578143
8776000,5,1578143
8777213,4,1578143
8778426,3,1579428
8779638,4,1579428
8780851,4,1579428
8782064,5,1579428
8783277,4,1579428
8784489,6,1579428
8785701,5,1579428
8786914,4,1579428
8788127,5,1579428
8789340,5,1577115
8790553,5,1577115
8791766,4,1577115
8792978,7,1577115
8794191,5,1577115
8795403,5,1577115
8796615,5,1577115
8797828,4,1577115
8799041,3,1577115
8800254,3,1577064
8801466,6,1577064
8802679,6,1577064
8803891,4,1577064
8805104,6,1577064
8806316,5,1577064
8807530,6,1577064
8808742,5,1577064
8809954,6,1577064
8811167,4,1576807
8812379,7,1576807
8813592,3,1576807
8814805,3,1576807
8816018,4,1576807
8817230,5,1576807
8818442,5,1576807
8819655,3,1576807
8820868,3,1576807
8822081,3,1576897
8823294,4,1573569
8824506,4,1573569
8825718,4,1573569
8826931,3,1573569
8828143,4,1573569
8829356,5,1573569
8830568,5,1573569
8831781,2,1573569
8832994,3,1573576
8834206,3,1575368
8835419,4,1575368
8836632,4,1575368
8837844,4,1575368
8839057,3,1575368
8840270,3,1575368
8841482,7,1575368
8849970,10,1575368
8851184,5,1575368
8852395,6,1575368
8853608,8,1580044
8854821,4,1580044
8856033,2,1580044
8857246,7,1580044
8858458,8,1580044
8859671,9,1580044
8860883,6,1580044
8862097,7,1580044
8863309,6,1580044
8864521,7,1580044
8865734,4,1577834
8866947,6,1577834
8868159,9,1577834
8869372,8,1577834
8870584,6,1577834
8871797,8,1577834
8873010,9,1577834
8874222,5,1577834
8875434,5,1577834
8876647,6,1578451
8877860,8,1578451
8879072,6,1578451
8880285,6,1578451
8881497,6,1578451
8882710,6,1578451
8883923,6,1578451
8885136,6,1578451
8886349,7,1578451
8887560,5,1572233
8888773,3,1572233
8889986,8,1572233
8891198,8,1572233
8892411,6,1572233
8893624,9,1572233
8894836,7,1572233
8896048,6,1572233
8897261,3,1572233
8898474,8,1580250
8899686,8,1580250
8900900,7,1580250
8902111,5,1580250
8903325,6,1580250
8904537,5,1580250
8905749,6,1580250
8906962,3,1580250
8908175,7,1580250
8909387,8,1574854
8910601,4,1574854
8911813,7,1574854
8913025,7,1574854
8914238,4,1574854
8915450,6,1574854
8916663,7,1574854
8917876,8,1574854
8919089,8,1574854
8920301,5,1580404
8921514,2,1580404
8922725,4,1580404
8923938,9,1580404
8925151,11,1580404
8926363,5,1580404
8933639,12,1580404
8934851,6,1580404
8936063,6,1580404
8937276,6,1580404
8938489,8,1580404
8939701,5,1580404
8940914,6,1580404
8942126,6,1577218
8943339,4,1577218
8944552,8,1577218
8945764,8,1577218
8946976,8,1577218
8948189,6,1577218
8949402,6,1577218
8950614,8,1577218
8951827,5,1577218
8953039,9,1576755
8954252,4,1576755
8955465,6,1576755
8956677,10,1576755
8957889,6,1576755
8959102,8,1576755
8960315,6,1576755
8961527,5,1576755
8962739,5,1576755
8963953,6,1575059
8965165,3,1579273
8966378,6,1579273
8967590,4,1579273
8968802,4,1579273
8970015,2,1579273
8971227,5,1579273
8972440,2,1579273
8973652,4,1579273
8974865,6,1579273
8976077,4,1571668
8977290,3,1571668
8978502,1,1571668
8979715,-1,1571668
8980927,6,1571668
8982140,4,1571668
8983353,5,1571668
8984565,4,1571668
8985778,1,1571668
8986990,5,1514303
8988203,6,1579839
8989416,3,1579839
8990628,6,1579839
8991842,2,1579839
8993053,4,1579839
8994266,5,1579839
8995478,6,1579839
8996692,4,1579839
8997903,4,1637255
8999117,3,1571719
9000328,2,1571719
9001542,1,1571719
9002754,5,1571719
9003966,5,1571719
9005179,8,1571719
9006391,3,1571719
9007604,4,1571719
9008817,5,1514662
9010029,6,1580198
9018518,11,1580198
9019730,13,1580128
9020943,4,1575008
9022155,3,1575008
9023368,7,1575008
9024580,4,1575008
9025793,3,1575008
9027006,4,1575008
9028219,5,1575008
9029431,3,1575008
9030643,5,1575062
9031857,6,1575830
9033069,5,1575830
9034282,4,1575830
9035494,4,1575830
9036707,5,1575830
9037919,5,1575830
9039132,4,1575830
9040345,4,1575830
9041557,1,1575830
9042770,2,1575830
9043983,8,1575830
9045196,7,1575830
9046408,5,1575830
9047621,4,1575830
9048833,5,1575830
9050046,8,1575830
9051258,6,1574802
9052471,7,1574802
9053684,7,1574802
9054897,8,1574802
9056110,7,1574802
9057322,7,1574802
9058534,7,1574802
9059747,4,1574802
9060959,7,1574802
9062173,8,1574802
9063385,8,1572747
9064598,4,1572747
9065810,6,1572747
9067024,8,1572747
9068235,8,1572747
9069448,6,1572747
9070661,6,1572747
9071873,7,1572747
9073086,10,1572747
9074299,9,1575933
9075512,5,1575933
9076724,5,1575933
9077937,5,1575933
9079150,6,1575933
9080362,7,1575933
9081574,7,1575933
9082788,4,1575933
9084000,5,1575933
9085213,7,1574494
9086425,4,1574494
9087638,7,1574494
9088850,3,1574494
9090064,8,1574494
9091275,5,1574494
9092488,8,1574494
9093701,4,1574494
9094913,6,1574494
9102189,12,1574494
9103402,7,1574494
9104615,4,1574494
9105827,8,1574494
9107040,4,1573877
9108253,4,1573877
9109466,10,1573877
9110678,8,1573877
9111891,7,1573877
9113103,6,1573877
9114316,5,1573877
9115528,4,1573877
9116742,6,1573877
9117954,5,1576139
9119167,5,1576139
9120379,9,1576139
9121592,7,1576139
9122805,5,1576139
9124018,5,1576139
9125230,8,1576139
9126443,6,1576139
9127655,7,1576139
9128868,5,1575265
9130080,5,1575265
9131293,9,1575265
9132507,6,1575265
9133719,7,1575265
9134932,6,1575265
9136145,8,1575265
9137357,5,1575265
9138569,9,1575265
9139782,6,1579170
9140995,7,1579170
9142207,4,1579170
9143420,4,1579170
9144632,10,1579170
9145845,6,1579170
9147058,7,1579170
9148270,5,1579170
9149483,4,1579170
9150696,4,1576498
9151909,3,1578297
9153121,4,1578297
9154334,7,1578297
9155547,6,1578297
9156759,1,1578297
9157972,4,1578297
9159185,7,1578297
9160396,4,1578297
9161609,4,1578297
9162822,2,1580455
9164035,2,1580455
9165248,4,1580455
9166460,5,1580455
9167672,7,1580455
9168885,4,1580455
9170098,3,1580455
9171310,4,1580455
9172523,3,1580455
9173736,1,1576087
9174948,5,1576087
9176161,7,1576087
9177373,7,1576087
9178586,3,1576087
9187075,8,1576087
9188287,10,1576087
9189500,9,1576087
9190713,5,1576087
9191925,7,1576087
9193138,8,1576087
9194350,5,1577989
9195563,5,1637512
9196776,4,1571976
9197989,5,1571976
9199201,6,1571976
9200414,2,1571976
9201626,2,1571976
9202839,4,1571976
9204051,4,1571976
9205264,4,1571976
9206477,5,1572093
9207689,4,1575933
9208902,6,1575933
9210115,7,1575933
9211326,7,1575933
9212539,5,1575933
9213752,2,1575933
9214965,5,1575933
9216176,8,1575933
9217390,5,1575914
9218602,5,1570794
9219814,6,1570794
9221027,3,1570794
9222239,-1,1570794
9223452,4,1570794
9224664,7,1570794
9225877,6,1570794
9227090,5,1570794
9228302,4,1570562
9229515,3,1577218
9230727,5,1577218
9231940,2,1577218
9233152,4,1577218
9234365,5,1577218
9235578,4,1577218
9236790,3,1577218
9238003,4,1577218
9239215,5,1577218
9240429,5,1577218
9241641,6,1577218
9242853,6,1577218
9244066,5,1577218
9245278,7,1577218
9246490,9,1577218
9247703,7,1577218
9248916,7,1577218
9250128,5,1575470
9251341,3,1575470
9252553,5,1575470
9253766,8,1575470
9254979,7,1575470
9256191,7,1575470
9257404,8,1575470
9258617,8,1575470
9259829,7,1575470
9261042,7,1576344
9262254,4,1576344
9263466,5,1576344
9270742,3,1576344
9271954,5,1577320
9273168,5,1577320
9274379,12,1577320
9275592,8,1577320
9276805,8,1577320
9278017,5,1577320
9279230,8,1577320
9280442,8,1577320
9281655,10,1577320
9282867,7,1575162
9284080,7,1575162
9285293,6,1575162
9286505,7,1575162
9287718,5,1575162
9288930,6,1575162
9290142,8,1575162
9291355,7,1575162
9292568,5,1575162
9293781,7,1573260
9294993,7,1573260
9296206,5,1573260
9297418,9,1573260
9298631,7,1573260
9299842,5,1573260
9301055,4,1573260
9302268,5,1573260
9303481,10,1573260
9304693,11,1574802
9305906,5,1574802
9307118,7,1574802
9308330,8,1574802
9309544,5,1574802
9310755,5,1574802
9311968,8,1574802
9313181,6,1574802
9314393,4,1574802
9315605,4,1573620
9316818,4,1573620
9318030,7,1573620
9319244,8,1573620
9320455,7,1573620
9321669,8,1573620
9322881,6,1573620
9324093,9,1573620
9325306,7,1573620
9326518,8,1575676
9327731,4,1575676
9328943,7,1575676
9330156,5,1575676
9331369,10,1575676
9332581,8,1575676
9333794,8,1575676
9335006,6,1575676
9336219,9,1575676
9337432,8,1575676
9338644,4,1575676
9339857,9,1575676
9341069,7,1575676
9342282,6,1575676
9343495,5,1575676
9344707,3,1575676
9345920,8,1575676
9347132,6,1575676
9354407,4,1575676
9355621,7,1575676
9356833,6,1575676
9358045,5,1575676
9359258,6,1576447
9360470,5,1576395
9361682,5,1576395
9362895,3,1576395
9364108,4,1576395
9365321,3,1576395
9366533,3,1576395
9367745,3,1576395
9368958,4,1576395
9370170,2,1576395
9371383,5,1576395
9372595,0,1576395
9373808,3,1576395
9375020,6,1576395
9376233,5,1576395
9377445,3,1576395
9378658,2,1576395
9379870,4,1576395
9381083,4,1576395
9382295,6,1576704
9383507,3,1576704
9384720,3,1576704
9385933,6,1576704
9387145,5,1576704
9388358,5,1576704
9389570,5,1576704
9390783,4,1576704
9391995,7,1576704
9393208,2,1575368
9394421,3,1575368
9395633,3,1575368
9396846,5,1575368
9398058,4,1575368
9399272,4,1575368
9400484,4,1575368
9401697,3,1575368
9402909,4,1575368
9404121,4,1575349
9405334,5,1570229
9406547,4,1570229
9407760,6,1570229
9408972,4,1570229
9410184,6,1570229
9411397,5,1570229
9412609,2,1570229
9413822,4,1570229
9415035,3,1570097
9416248,4,1576241
9417460,6,1576241
9418672,7,1576241
9419885,6,1576241
9421098,3,1576241
9422310,3,1576241
9423523,3,1576241
9424735,5,1576241
9425948,4,1576241
9427160,4,1576241
9428373,8,1576241
9429585,7,1576241
9430798,8,1576241
9438119,5,1576241
9439286,5,1576241
9440499,7,1576241
9441711,5,1576241
9442924,5,1576241
9444137,6,1576241
9445349,3,1576241
9446562,5,1576241
9447774,5,1576498
9448988,5,1576498
9450200,6,1576498
9451412,5,1576498
9452625,6,1576498
9453838,7,1576498
9455050,4,1576498
9456263,8,1576498
9457476,6,1576498
9458688,8,1578091
9459901,1,1578091
9461114,5,1578091
9462326,4,1578091
9463540,5,1578091
9464751,7,1578091
9465964,6,1578091
9467177,7,1578091
9468389,8,1578091
9469602,6,1576601
9470815,4,1576601
9472027,5,1576601
9473239,8,1576601
9474452,6,1576601
9475665,8,1576601
9476877,8,1576601
9478090,10,1576601
9479303,5,1576601
9480515,6,1575984
9481728,3,1575984
9482941,6,1575984
9484153,6,1575984
9485365,6,1575984
9486578,9,1575984
9487790,5,1575984
9489003,6,1575984
9490216,6,1575984
9491428,7,1575933
9492641,4,1575933
9493854,8,1575933
9495066,3,1575933
9496279,6,1575933
9497492,8,1575933
9498704,7,1575933
9499917,9,1575933
9501129,7,1575933
9502342,8,1577372
9503554,4,1577372
9504766,7,1577372
9505980,7,1577372
9507191,6,1577372
9508404,5,1577372
9509617,5,1577372
9510830,6,1577372
9512042,8,1577372
9513255,8,1574340
9514467,4,1574340
9522955,6,1574340
9524167,6,1577526
9525381,6,1577526
9526593,8,1577526
9527806,8,1577526
9529018,4,1577526
9530230,5,1577526
9531444,6,1577526
9532656,7,1577526
9533869,8,1577526
9535081,7,1576755
9536293,4,1574340
9537507,4,1574340
9538719,5,1574340
9539931,5,1574340
9541144,5,1574340
9542356,4,1574340
9543569,4,1574340
9544781,3,1574340
9545994,5,1574340
9547206,5,1575470
9548419,4,1575470
9549632,3,1575470
9550844,4,1575470
9552057,2,1575470
9553270,4,1575470
9554482,8,1575470
9555694,6,1575470
9556907,5,1575470
9558120,5,1574854
9559332,3,1574854
9560546,3,1574854
9561758,5,1574854
9562970,5,1574854
9564183,4,1574854
9565395,3,1574854
9566608,2,1574854
9567821,5,1574854
9569033,3,1578760
9570246,4,1578760
9571458,4,1578760
9572671,9,1578760
9573883,4,1578760
9575096,4,1578760
9576309,6,1578760
9577522,4,1578760
9578734,2,1578760
9579946,4,1574031
9581159,5,1574031
9582371,6,1574031
9583584,4,1574031
9584797,2,1574031
9586009,3,1574031
9587222,3,1574031
9588435,3,1574031
9589647,4,1574031
9590860,3,1574078
9592073,3,1572798
9593285,5,1572798
9594497,3,1572798
9595710,4,1572798
9596923,3,1572798
9598136,6,1572798
9599348,6,1572798
9607835,3,1572798
9609048,7,1572798
9610261,6,1572798
9611473,4,1570794
9612685,7,1570794
9613898,3,1570794
9615110,7,1570794
9616323,5,1570794
9617536,7,1570794
9618749,6,1570794
9619960,9,1570794
9621173,6,1570794
9622386,8,1570794
9623599,2,1570794
9624811,4,1570794
9626023,7,1570794
9627236,7,1570794
9628448,6,1570794
9629661,7,1570794
9630874,6,1570794
9632086,6,1570794
9633299,6,1570794
9634511,8,1575111
9635724,5,1575111
9636937,6,1575111
9638149,8,1575111
9639361,7,1575111
9640574,8,1575111
9641787,8,1575111
9643000,4,1575111
9644211,7,1575111
9645424,7,1578194
9646637,5,1578194
9647849,6,1578194
9649062,7,1578194
9650274,8,1578194
9651487,7,1578194
9652699,2,1578194
9653912,5,1578194
9655125,7,1578194
9656337,6,1572592
9657549,4,1572592
9658762,8,1572592
9659975,7,1572592
9661188,6,1572592
9662399,7,1572592
9663612,6,1572592
9664825,4,1572592
9666037,6,1572592
9667250,7,1578965
9668463,2,1578965
9669675,11,1578965
9670887,8,1578965
9672100,4,1578965
9673313,6,1578965
9674525,5,1578965
9675737,5,1578965
9676950,9,1578965
9678162,7,1574751
9679375,8,1574751
9680588,7,1574751
9681800,9,1574751
9683013,4,1574751
9684225,8,1574751
9691500,9,1574751
9692713,5,1574751
9693925,8,1574751
9695138,6,1574751
9696350,4,1574751
9697563,6,1574751
9698775,7,1574751
9699988,7,1574802
9701200,2,1574802
9702413,6,1574802
9703626,6,1574802
9704838,5,1574802
9706051,7,1574802
9707263,6,1574802
9708476,7,1574802
9709689,7,1574802
9710901,5,1579016
9712114,5,1579016
9713326,6,1579016
9714539,10,1579016
9715751,6,1579016
9716964,7,1579016
9718176,4,1579016
9719389,7,1579016
9720601,8,1579016
9721814,5,1576858
9723026,2,1576858
9724239,5,1576858
9725452,7,1576858
9726664,10,1576858
9727877,6,1576858
9729089,5,1576858
9730302,2,1576858
9731514,7,1576858
9732727,4,1574597
9733939,5,1573415
9735152,5,1573415
9736365,6,1573415
9737577,3,1573415
9738790,3,1573415
9740002,6,1573415
9741215,4,1573415
9742427,4,1573415
9743640,5,1573415
9744852,6,1574648
9746065,7,1574648
9747277,2,1574648
9748490,3,1574648
9749702,5,1574648
9750915,5,1574648
9752128,4,1574648
9753340,3,1574648
9754552,6,1574648
9755765,3,1581226
9756978,8,1581226
9758190,3,1581226
9759402,2,1581226
9760616,-1,1581226
9761828,3,1581226
9763040,5,1581226
9764253,6,1581226
9765465,6,1581226
9766678,6,1638283
9767890,3,1572747
9775166,8,1572747
9776378,12,1572747
9777591,2,1508701
9778803,12,1574237
9780016,3,1574237
9781229,3,1574237
9782442,3,1574237
9783654,3,1574237
9784867,5,1574237
9786079,3,1574237
9787292,4,1574237
9788505,4,1574270
9789717,3,1569406
9790930,6,1569406
9792143,6,1569406
9793356,3,1569406
9794569,-2,1569406
9795781,2,1569406
9796993,6,1569406
9798206,6,1569406
9799419,4,1569386
9800631,4,1577578
9801844,4,1577578
9803057,3,1577578
9804269,4,1577578
9805482,8,1577578
9806694,6,1577578
9807907,5,1577578
9809120,5,1577578
9810332,4,1577578
9811545,5,1577578
9812758,5,1577578
9813970,8,1577578
9815183,9,1577578
9816396,6,1577578
9817608,8,1577578
9818821,7,1577578
9820034,6,1571770
9821247,5,1571770
9822459,-1,1571770
9823671,5,1571770
9824885,8,1571770
9826097,8,1571770
9827310,9,1571770
9828522,5,1571770
9829735,6,1571770
9830947,7,1571770
9832161,4,1570640
9833373,5,1570640
9834585,4,1570640
9835798,9,1570640
9837010,11,1570640
9838223,12,1570640
9839436,8,1570640
9840648,11,1570640
9841861,7,1570640
9843073,4,1569971
9844286,4,1569971
9845498,5,1569971
9846711,5,1569971
9847923,7,1569971
9849137,7,1569971
9850349,8,1569971
9851561,5,1569971
9860050,8,1569971
9861262,4,1569971
9862474,8,1569971
9863687,8,1569971
9864900,5,1573106
9866112,6,1573106
9867325,4,1573106
9868538,7,1573106
9869750,7,1573106
9870963,6,1573106
9872176,9,1573106
9873389,5,1573106
9874601,6,1573106
9875814,7,1569766
9877026,3,1569766
9878238,7,1569766
9879451,9,1569766
9880664,5,1569766
9881877,5,1569766
9883089,7,1569766
9884301,10,1569766
9885514,6,1569766
9886727,6,1571513
9887939,3,1571513
9889152,8,1571513
9890364,6,1571513
9891577,6,1571513
9892790,9,1571513
9894003,5,1571513
9895215,4,1571513
9896428,5,1571513
9897640,4,1567556
9898853,3,1567556
9900066,5,1567556
9901278,10,1567556
9902491,6,1567556
9903703,6,1567556
9904917,6,1567556
9906129,9,1567556
9907341,6,1567556
9908553,5,1574699
9909766,4,1574699
9910979,6,1574699
9912192,7,1574699
9913404,6,1574699
9914617,9,1574699
9915829,5,1574699
9917042,4,1574699
9918254,8,1574699
9919466,8,1566785
9920679,7,1573929
9921891,4,1573929
9923105,4,1573929
9924317,4,1573929
9925530,4,1573929
9926742,2,1573929
9927954,6,1573929
9929167,5,1573929
9930380,6,1573929
9931592,5,1566734
9932805,4,1566734
9934018,3,1566734
9935230,4,1566734
9936442,3,1566734
9944930,7,1566734
9946143,7,1566734
9947356,7,1566734
9948568,5,1566734
9949781,6,1566734
9950993,8,1566734
9952206,5,1564730
9953419,3,1571359
9954631,4,1571359
9955843,5,1571359
9957056,8,1571359
9958269,6,1571359
9959481,4,1571359
9960694,4,1571359
9961906,5,1571359
9963120,6,1571359
9964331,7,1565758
9965545,5,1565758
9966757,2,1565758
9967969,2,1565758
9969182,6,1565758
9970394,3,1565758
9971607,2,1565758
9972820,3,1565758
9974033,4,1565758
9975245,6,1565831
9976458,6,1571719
9977670,7,1571719
9978883,2,1571719
9980095,4,1571719
9981309,2,1571719
9982521,4,1571719
9983734,3,1571719
9984946,4,1571719
9986159,6,1571704
9987371,7,1567608
9988583,3,1567608
9989796,4,1567608
9991009,5,1567608
9992221,3,1567608
9993434,4,1567608
9994646,4,1567608
9995859,6,1567608
9997072,5,1567608
9998284,6,1567608
9999497,9,1567608
10000709,4,1567608
10001922,3,1567608
10003134,7,1567608
10004348,5,1567608
10005559,9,1567608
10006772,11,1567608
10007985,8,1567608
10009197,3,1567608
10010410,5,1567608
10011622,2,1567608
10012835,6,1567608
10014047,8,1567608
10015261,9,1567608
10016472,7,1567608
10017685,8,1567608
10018898,5,1569663
10020111,1,1569663
10021323,6,1569663
10028598,7,1569663
10029810,4,1573260
10031023,2,1573260
10032237,5,1573260
10033448,3,1573260
10034661,8,1573260
10035873,8,1573260
10037086,9,1573260
10038299,10,1573260
10039511,6,1573260
10040723,3,1569817
10041936,3,1569817
10043149,7,1569817
10044361,11,1569817
10045573,14,1569817
10046787,11,1569817
10047999,6,1569817
10049212,4,1569817
10050423,5,1569817
10051637,6,1574443
10052849,3,1574443
10054061,6,1574443
10055274,13,1574443
10056487,9,1574443
10057699,5,1574443
10058911,4,1574443
10060124,5,1574443
10061337,1,1574443
10062549,4,1569458
10063761,3,1569458
10064974,9,1569458
10066186,12,1569458
10067399,9,1569458
10068611,6,1569458
10069825,6,1569458
10071036,5,1569458
10072249,7,1569458
10073462,6,1567042
10074674,9,1567042
10075887,9,1567042
10077100,9,1567042
10078312,6,1567042
10079524,7,1567042
10080737,3,1567042
10081950,5,1567042
10083162,4,1567042
10084375,8,1570331
10085587,6,1570331
10086801,7,1570331
10088013,4,1570331
10089225,5,1570331
10090437,6,1570331
10091650,4,1570331
10092862,9,1570331
10094075,6,1570331
10095287,7,1571668
10096501,3,1571668
10097713,5,1571668
10098925,7,1571668
10100137,7,1571668
10101351,7,1571668
10102563,5,1571668
10103776,4,1571668
10104987,6,1571668
10112263,-4,1571668
10113476,8,1571668
10114688,11,1571668
10115901,5,1571668
10117112,4,1569149
10118325,3,1573415
10119538,5,1573415
10120751,3,1573415
10121963,5,1573415
10123175,11,1573415
10124388,4,1573415
10125600,5,1573415
10126813,4,1573415
10128026,3,1573415
10129237,4,1566785
10130451,4,1566785
10131663,5,1566785
10132875,6,1566785
10134088,5,1566785
10135300,6,1566785
10136513,7,1566785
10137726,5,1566785
10138938,4,1566785
10140151,2,1568019
10141363,6,1568019
10142576,1,1568019
10143789,3,1568019
10145001,6,1568019
10146213,6,1568019
10147426,6,1568019
10148638,2,1568019
10149851,5,1568019
10151063,4,1570588
10152276,3,1570588
10153489,5,1570588
10154701,5,1570588
10155914,4,1570588
10157126,4,1570588
10158340,5,1570588
10159551,6,1570588
10160764,3,1570588
10161977,6,1570796
10163189,3,1571308
10164402,4,1571308
10165615,3,1571308
10166827,4,1571308
10168039,4,1571308
10169253,4,1571308
10170465,4,1571308
10171677,5,1571308
10172890,4,1571202
10174102,6,1570434
10175314,5,1570434
10176527,6,1570434
10177739,6,1570434
10178952,5,1570434
10180164,5,1570434
10181378,8,1570434
10182589,5,1570434
10183802,3,1570337
10185014,2,1571873
10186227,5,1571873
10187440,4,1571873
10188652,6,1571873
10197139,9,1571873
10198352,6,1571873
10199564,6,1571873
10200778,7,1571873
10201990,7,1571873
10203202,3,1571873
10204415,5,1571873
10205627,5,1575111
10206840,4,1575111
10208053,10,1575111
10209265,10,1575111
10210477,5,1575111
10211690,5,1575111
10212902,7,1575111
10214115,5,1575111
10215327,8,1575111
10216540,8,1570640
10217752,5,1570640
10218965,8,1570640
10220178,8,1570640
10221390,7,1570640
10222602,6,1570640
10223815,5,1570640
10225028,6,1570640
10226240,8,1570640
10227453,10,1569149
10228665,5,1569149
10229878,7,1569149
10231090,6,1569149
10232303,7,1569149
10233515,6,1569149
10234728,2,1569149
10235940,8,1569149
10237153,9,1569149
10238365,6,1568995
10239578,5,1568995
10240790,7,1568995
10242003,3,1568995
10243216,8,1568995
10244429,6,1568995
10245641,6,1568995
10246854,5,1568995
10248066,7,1568995
10249278,8,1569098
10250491,6,1569098
10251704,6,1569098
10252916,8,1569098
10254129,5,1569098
10255342,7,1569098
10256554,8,1569098
10257766,10,1569098
10258979,9,1569098
10260192,8,1570331
10261404,4,1570331
10262617,4,1570331
10263829,5,1570331
10265042,2,1570331
10266255,5,1570331
10267467,8,1570331
10268680,11,1570331
10269892,6,1570331
10271104,8,1572490
10272317,6,1572490
10273530,10,1572490
10282018,4,1569303
10283231,2,1569303
10284443,3,1569303
10285656,6,1569303
10286869,8,1569303
10288080,8,1569303
10289293,9,1569303
10290506,7,1569303
10291718,6,1569303
10292931,6,1568481
10294144,3,1568481
10295356,6,1568481
10296569,7,1568481
10297782,7,1568481
10298994,5,1568481
10300206,4,1568481
10301420,7,1568481
10302632,7,1568481
10303844,3,1569817
10305057,1,1567145
10306269,1,1567145
10307482,5,1567145
10308694,6,1567145
10309907,5,1567145
10311120,4,1567145
10312333,2,1567145
10313545,5,1567145
10314757,4,1567145
10315970,4,1566734
10317182,5,1566734
10318395,3,1566734
10319607,4,1566734
10320820,6,1566734
10322033,5,1566734
10323246,4,1566734
10324458,5,1566734
10325670,4,1566734
10326883,4,1568481
10328095,3,1568481
10329309,5,1568481
10330521,5,1568481
10331733,4,1568481
10332946,5,1568481
10334158,4,1568481
10335371,8,1568481
10336583,5,1568481
10337796,4,1508598
10339009,5,1574134
10340220,4,1574134
10341433,3,1574134
10342645,2,1574134
10343858,7,1574134
10345070,2,1574134
10346284,5,1574134
10347496,3,1574134
10348708,3,1638334
10349921,4,1572798
10351134,5,1572798
10352346,3,1572798
10353559,3,1572798
10354772,3,1572798
10355984,6,1572798
10357196,4,1572798
10358409,9,1572798
10366897,6,1572798
10368109,8,1572798
10369322,9,1572798
10370535,3,1572844
10371748,3,1571308
10372960,3,1571308
10374172,5,1571308
10375385,5,1571308
10376598,2,1571308
10377810,4,1571308
10379023,5,1571308
10380235,2,1571308
10381449,4,1571308
10382661,6,1571308
10383873,5,1571308
10385086,3,1571308
10386298,5,1571308
10387511,8,1571308
10388724,8,1571308
10389936,8,1571308
10391149,4,1571051
10392361,5,1571051
10393574,4,1571051
10394787,7,1571051
10395999,6,1571051
10397211,5,1571051
10398424,4,1571051
10399637,7,1571051
10400849,10,1571051
10402062,8,1571051
10403274,6,1569869
10404487,6,1569869
10405700,4,1569869
10406913,8,1569869
10408125,8,1569869
10409338,9,1569869
10410550,9,1569869
10411763,5,1569869
10412975,8,1569869
10414188,7,1566631
10415400,2,1566631
10416613,5,1566631
10417825,8,1566631
10419038,7,1566631
10420251,8,1566631
10421464,6,1566631
10422676,11,1566631
10423889,6,1566631
10425101,5,1569047
10426313,2,1569047
10427526,1,1569047
10428740,4,1569047
10429951,8,1569047
10431164,6,1569047
10432377,8,1569047
10433589,6,1569047
10434802,7,1569047
10436014,5,1567813
10437227,3,1567813
10438439,5,1567813
10439653,7,1567813
10440865,6,1567813
10442078,6,1567813
10443290,6,1567813
10450566,5,1567813
10451778,10,1567813
10452991,8,1567813
10454204,7,1567813
10455416,6,1567813
10456628,7,1567813
10457842,7,1569766
10459054,4,1569766
10460267,8,1569766
10461480,7,1569766
10462692,7,1569766
10463905,7,1569766
10465117,5,1569766
10466330,5,1569766
10467543,6,1569766
10468755,3,1570023
10469967,4,1570023
10471181,7,1570023
10472393,7,1570023
10473605,6,1570023
10474818,3,1570023
10476030,3,1570023
10477244,5,1570023
10478456,7,1570023
10479669,7,1570383
10480881,3,1570383
10482094,8,1570383
10483307,3,1570383
10484519,9,1570383
10485732,5,1570383
10486945,5,1570383
10488158,8,1570383
10489370,8,1570383
10490582,2,1568121
10491796,6,1573980
10493008,3,1573980
10494220,6,1573980
10495434,5,1573980
10496646,3,1573980
10497858,3,1573980
10499071,3,1573980
10500284,4,1573980
10501497,5,1573980
10502709,5,1569303
10503922,6,1569303
10505135,5,1569303
10506347,5,1569303
10507560,4,1569303
10508773,0,1569303
10509985,4,1569303
10511197,7,1569303
10512410,4,1569303
10513623,5,1567813
10514835,4,1567813
10516048,2,1567813
10517261,4,1567813
10518473,4,1567813
10519686,3,1567813
10520898,4,1567813
10522112,2,1567813
10523323,5,1567813
10524537,4,1566580
10525749,4,1566580
10526961,8,1566580
10534237,3,1566580
10535451,12,1570434
10536666,13,1570434
10537875,3,1570434
10539087,3,1570434
10540300,5,1570434
10541513,2,1570434
10542726,3,1570434
10543938,6,1570434
10545151,9,1570434
10546363,6,1570373
10547575,5,1567813
10548789,2,1567813
10550001,1,1567813
10551213,3,1567813
10552426,3,1567813
10553639,2,1567813
10554852,7,1567813
10556064,4,1567813
10557277,0,1567919
10558489,5,1568687
10559701,4,1568687
10560914,3,1568687
10562127,4,1568687
10563339,5,1568687
10564552,4,1568687
10565764,5,1568687
10566977,6,1568687
10568189,4,1568592
10569402,3,1568592
10570615,6,1568592
10571828,7,1568592
10573040,6,1568592
10574253,4,1568592
10575465,6,1568592
10576678,9,1568592
10577890,7,1570640
10579103,4,1570640
10580315,3,1570640
10581528,4,1570640
10582740,6,1570640
10583953,4,1570640
10585166,8,1570640
10586379,9,1570640
10587591,8,1570640
10588804,10,1570640
10590017,6,1570177
10591229,3,1570177
10592441,4,1570177
10593654,5,1570177
10594867,6,1570177
10596079,6,1570177
10597292,8,1570177
10598505,8,1570177
10599717,5,1570177
10600930,4,1568019
10602143,4,1568019
10603356,6,1568019
10604568,7,1568019
10605781,6,1568019
10606993,7,1568019
10608206,5,1568019
10609418,4,1568019
10610631,9,1568019
10619118,4,1568019
10620331,6,1568019
10621543,6,1568019
10622756,6,1570177
10623968,4,1570177
10625181,5,1570177
10626393,6,1570177
10627606,5,1570177
10628818,7,1570177
10630031,7,1570177
10631243,6,1570177
10632456,7,1570177
10633668,8,1570023
10634881,6,1570023
10636094,6,1570023
10637306,6,1570023
10638519,8,1570023
10639731,7,1570023
10640943,7,1570023
10642156,8,1570023
10643369,7,1570023
10644581,7,1570229
10645793,6,1570229
10647006,6,1570229
10648219,4,1570229
10649431,4,1570229
10650643,5,1570229
10651856,6,1570229
10653069,8,1570229
10654282,6,1570229
10655494,6,1564781
10656706,6,1564781
10657919,8,1564781
10659131,6,1564781
10660345,7,1564781
10661557,7,1564781
10662770,5,1564781
10663982,6,1564781
10665195,8,1564781
10666407,6,1570280
10667620,5,1570280
10668833,7,1570280
10670045,6,1570280
10671258,4,1570280
10672471,9,1570280
10673683,10,1570280
10674895,6,1570280
10676108,6,1570280
10677321,2,1566426
10678534,3,1566426
10679745,7,1566426
10680958,7,1566426
10682171,8,1566426
10683384,6,1566426
10684595,7,1566426
10685809,5,1566426
10687021,4,1566426
10688233,5,1571256
10689446,4,1567865
10690658,7,1567865
10691871,4,1567865
10693083,5,1567865
10694296,7,1567865
10695509,6,1567865
10703997,6,1567865
10705209,6,1567865
10706422,7,1567865
10707635,7,1567865
10708847,5,1567865
10710059,6,1567094
10711272,4,1570845
10712485,7,1570845
10713697,4,1570845
10714910,5,1570845
10716122,3,1570845
10717335,4,1570845
10718548,7,1570845
10719760,3,1570845
10720973,4,1570845
10722185,4,1566323
10723397,0,1566323
10724611,3,1566323
10725822,4,1566323
10727035,2,1566323
10728248,4,1566323
10729460,3,1566323
10730673,3,1566323
10731886,4,1566323
10733098,5,1566323
10734310,3,1566323
10735523,4,1566323
10736735,3,1566323
10737949,3,1566323
10739161,4,1566323
10740374,7,1566323
10741586,-1,1566323
10742798,2,1566323
10744011,3,1566314
10745223,5,1564010
10746436,4,1564010
10747648,5,1564010
10748862,5,1564010
10750074,5,1564010
10751286,6,1564010
10752499,2,1564010
10753711,4,1564010
10754924,2,1564156
10756136,5,1575676
10757349,5,1575676
10758561,4,1575676
10759774,5,1575676
10760986,6,1575676
10762199,4,1575676
10763412,4,1575676
10764624,4,1575676
10765837,4,1575676
10767049,3,1575676
10768262,7,1575676
10769475,6,1575676
10770687,8,1575676
10771900,6,1575676
10773113,4,1575676
10774325,5,1575676
10775537,7,1570383
10776750,3,1570383
10777963,3,1570383
10779176,4,1570383
10780388,6,1572130
10787664,13,1572130
10788875,8,1572130
10790089,7,1572130
10791301,9,1572130
10792513,5,1572130
10793726,4,1572130
10794938,8,1572130
10796151,5,1572130
10797364,7,1572130
10798576,9,1567145
10799789,1,1567145
10801001,5,1567145
10802213,7,1567145
10803426,8,1567145
10804638,6,1567145
10805851,3,1567145
10807064,6,1567145
10808277,5,1567145
10809489,7,1571462
10810701,3,1571462
10811914,6,1571462
10813126,6,1571462
10814339,5,1571462
10815552,7,1571462
10816764,5,1571462
10817977,9,1571462
10819189,8,1571462
10820401,6,1570280
10821614,5,1570280
10822827,5,1570280
10824039,5,1570280
10825253,9,1570280
10826465,6,1570280
10827678,10,1570280
10828890,5,1570280
10830102,6,1570280
10831315,7,1571205
10832528,3,1571205
10833741,6,1571205
10834953,4,1571205
10836165,5,1571205
10837378,7,1571205
10838590,7,1571205
10839803,7,1571205
10841015,7,1571205
10842228,7,1571976
10843440,5,1571976
10844653,3,1571976
10845866,4,1571976
10847078,6,1571976
10848291,9,1571976
10849503,8,1571976
10850716,4,1571976
10851929,7,1571976
10853141,7,1570229
10854354,6,1570229
10855567,7,1570229
10856779,9,1570229
10857991,3,1570229
10859204,5,1570229
10860416,6,1570229
10861630,8,1570229
10862842,5,1570229
10864054,7,1570229
10871330,14,1570229
10872542,7,1570229
10873755,6,1570229
10874968,9,1566014
10876181,8,1568892
10877393,2,1568892
10878606,3,1568892
10879818,5,1568892
10881030,3,1568892
10882243,1,1568892
10883456,5,1568892
10884668,5,1568892
10885881,4,1568892
10887094,3,1566888
10888306,4,1566888
10889519,4,1566888
10890732,5,1566888
10891943,2,1566888
10893156,5,1566888
10894369,7,1566888
10895581,4,1566888
10896794,4,1566888
10898007,4,1574545
10899219,4,1574545
10900432,4,1574545
10901644,5,1574545
10902857,1,1574545
10904070,5,1574545
10905282,7,1574545
10906494,6,1574545
10907707,4,1574545
10908920,4,1636021
10910132,4,1570485
10911345,5,1570485
10912558,4,1570485
10913770,4,1570485
10914982,6,1570485
10916195,5,1570485
10917407,4,1570485
10918620,5,1570485
10919832,7,1570434
10921045,1,1570434
10922257,5,1570434
10923470,4,1570434
10924683,8,1570434
10925895,5,1570434
10927108,4,1570434
10928320,4,1570434
10929534,2,1570434
10930745,1,1570332
10931958,3,1570588
10933170,4,1570588
10934384,5,1570588
10935596,4,1570588
10936808,2,1570588
10938021,4,1570588
10939233,5,1570588
10940446,5,1570588
10941658,6,1570736
10942871,4,1568944
10944084,4,1568944
10945297,4,1568944
10946509,4,1568944
10947721,8,1568944
10955119,2,1568944
10956210,6,1568944
10957421,7,1568944
10958634,5,1568944
10959847,5,1568944
10961059,8,1568944
10962271,8,1575213
10963485,5,1575213
10964696,5,1575213
10965909,8,1575213
10967122,8,1575213
10968334,9,1575213
10969547,9,1575213
10970759,5,1575213
10971972,7,1575213
10973185,6,1575213
10974397,5,1568019
10975609,4,1568019
10976822,6,1568019
10978035,4,1568019
10979248,4,1568019
10980459,6,1568019
10981673,11,1568019
10982885,5,1568019
10984097,4,1568019
10985310,7,1570280
10986522,3,1570280
10987735,4,1570280
10988947,5,1570280
10990160,5,1570280
10991373,4,1570280
10992585,7,1570280
10993798,7,1570280
10995010,8,1570280
10996223,5,1567916
10997435,4,1567916
10998648,7,1567916
10999861,4,1567916
11001073,4,1567916
11002285,10,1567916
11003498,6,1567916
11004711,9,1567916
11005923,8,1567916
11007135,8,1569920
11008348,6,1569920
11009561,7,1569920
11010773,7,1569920
11011985,8,1569920
11013198,9,1569920
11014410,5,1569920
11015623,6,1569920
11016835,10,1569920
11018047,5,1566374
11019261,5,1566374
11020473,6,1566374
11021686,4,1566374
11022898,9,1566374
11024110,6,1566374
11025324,6,1566374
11026536,8,1566374
11027748,5,1566374
11028960,7,1567505
11030173,7,1567505
11031386,6,1567505
11038662,11,1567505
11039874,5,1569149
11041086,3,1569149
11042299,5,1569149
11043512,5,1569149
11044724,4,1569149
11045936,6,1569149
11047149,10,1569149
11048362,9,1569149
11049574,6,1569149
11050787,7,1569355
11051999,4,1569355
11053212,2,1569355
11054425,7,1569355
11055637,6,1569355
11056850,7,1569355
11058063,8,1569355
11059275,8,1569355
11060488,6,1569355
11061700,6,1567556
11062913,4,1570229
11064125,4,1570229
11065338,4,1570229
11066551,4,1570229
11067763,6,1570229
11068975,4,1570229
11070188,6,1570229
11071401,3,1570229
11072614,2,1570229
11073827,2,1570640
11075038,2,1570640
11076251,5,1570640
11077464,5,1570640
11078676,7,1570640
11079888,7,1570640
11081101,5,1570640
11082313,4,1570640
11083527,2,1570640
11084739,4,1566631
11085951,3,1566631
11087164,3,1566631
11088377,6,1566631
11089590,4,1566631
11090801,8,1566631
11092014,4,1566631
11093227,4,1566631
11094440,5,1566631
11095652,2,1571616
11096865,3,1571616
11098077,4,1571616
11099289,7,1571616
11100503,4,1571616
11101715,1,1571616
11102927,5,1571616
11104140,5,1571616
11105353,2,1571616
11106565,4,1567813
11107778,5,1567813
11108990,3,1567813
11110203,6,1567813
11111416,2,1567813
11112628,5,1567813
11113842,4,1567813
11115053,9,1567813
11123541,-5,1567813
11124753,5,1567813
11125966,6,1567813
11127178,10,1575830
11128391,3,1575754
11129603,3,1569098
11130816,3,1569098
11132029,3,1569098
11133241,6,1569098
11134454,4,1569098
11135666,2,1569098
11136878,4,1569098
11138092,4,1569098
11139303,6,1569147
11140516,4,1568379
11141729,3,1568379
11142941,2,1568379
11144154,3,1568379
11145366,4,1568379
11146579,5,1568379
11147792,4,1568379
11149004,5,1568379
11150216,5,1568379
11151429,1,1568379
11152642,6,1568379
11153854,7,1568379
11155066,6,1568379
11156279,8,1568379
11157492,10,1568379
11158704,4,1568379
11159917,7,1568379
11161129,6,1567967
11162341,3,1567967
11163554,6,1567967
11164766,5,1567967
11165979,7,1567967
11167192,6,1567967
11168404,7,1567967
11169617,8,1567967
11170829,8,1567967
11172042,7,1569149
11173254,1,1569149
11174466,2,1569149
11175679,9,1569149
11176891,10,1569149
11178104,9,1569149
11179317,8,1569149
11180529,8,1569149
11181741,7,1569149
11182954,8,1565809
11184166,6,1565809
11185378,12,1565809
11186591,8,1565809
11187804,7,1565809
11189016,6,1565809
11190229,8,1565809
11191441,6,1565809
11192653,9,1565809
11193866,6,1544122
11195078,5,1544122
11196290,8,1544122
11197502,7,1544122
11198716,5,1544122
11199927,7,1544122
11207201,8,1544122
11208414,5,1544122
11209626,5,1544122
11210839,7,1544122
11212052,6,1544122
11213263,6,1544122
11214476,9,1544122
11215688,7,1520996
11216901,4,1520996
11218113,7,1520996
11219326,6,1520996
11220537,8,1520996
11221750,5,1520996
11222962,5,1520996
11224175,7,1520996
11225387,8,1520996
11226599,6,1498332
11227812,2,1498332
11229025,6,1498332
11230237,4,1498332
11231449,5,1498332
11232662,5,1498332
11233874,3,1498332
11235086,4,1498332
11236299,7,1498332
11237512,7,1493347
11238724,4,1493347
11239936,3,1493347
11241149,8,1493347
11242361,6,1493347
11243573,6,1493347
11244786,5,1493347
11245998,9,1493347
11247211,8,1493347
11248424,6,1493245
11249635,5,1493245
11250848,3,1493245
11252060,5,1493245
11253273,5,1493245
11254485,8,1493245
11255698,7,1493245
11256910,7,1493245
11258122,7,1493245
11259335,6,1491086
11260548,4,1485227
11261760,5,1485227
11262973,6,1485227
11264185,7,1485227
11265397,3,1485227
11266610,4,1485227
11267823,5,1485227
11269035,3,1485227
11270248,4,1485227
11271460,5,1482606
11272672,4,1482606
11273885,3,1482606
11275097,3,1482606
11276310,3,1482606
11277523,5,1482606
11278735,4,1482606
11279947,5,1482606
11281159,3,1482606
11282372,5,1474641
11283584,5,1474641
11292072,5,1474641
11293284,0,1461022
11294496,3,1461022
11295709,5,1461022
11296921,5,1461022
11298134,4,1461022
11299346,2,1461022
11300559,4,1461022
11301771,4,1461022
11302983,7,1461022
11304196,5,1461022
11305408,3,1461022
11306621,4,1461022
11307833,3,1461022
11309046,5,1461022
11310258,2,1461022
11311470,4,1461022
11312683,7,1461022
11313896,5,1461022
11315108,3,1461048
11316320,3,1440312
11317534,3,1440312
11318745,3,1440312
11319958,5,1440312
11321170,4,1440312
11322383,5,1440312
11323596,0,1440312
11324807,3,1440312
11326021,3,1440312
11327232,2,1440312
11328446,4,1440312
11329658,3,1440312
11330870,3,1440312
11332083,3,1440312
11333295,5,1440312
11334508,4,1440312
11335720,4,1440312
11336933,6,1440312
11338145,5,1440312
11339358,4,1440312
11340570,5,1440312
11341783,7,1440312
11342995,6,1440312
11344208,6,1440312
11345420,4,1440312
11346633,9,1431524
11347846,5,1431524
11349058,5,1431524
11350270,7,1431524
11351484,9,1431524
11352696,4,1431524
11353909,4,1431524
11355121,7,1431524
11356333,8,1431524
11357545,6,1431524
11358758,4,1423558
11359971,3,1423558
11361183,6,1423558
11362396,3,1423558
11363608,6,1423558
11364821,7,1423558
11366033,6,1423558
11367246,8,1423558
11368458,4,1423558
11375732,7,1423558
11376946,9,1423558
11378158,10,1423558
11379371,10,1423558
11380583,4,1416569
11381795,4,1416569
11383008,5,1416569
11384221,7,1416569
11385432,6,1416569
11386645,7,1416569
11387857,8,1416569
11389070,4,1416569
11390283,7,1416569
11391495,7,1417545
11392707,3,1417545
11393920,6,1417545
11395132,8,1417545
11396345,4,1417545
11397557,7,1417545
11398769,5,1417545
11399982,12,1417545
11401194,7,1417545
11402407,4,1418727
11403620,2,1418727
11404832,5,1418727
11406045,7,1418727
11407256,9,1418727
11408469,7,1418727
11409681,13,1418727
11410894,4,1418727
11412106,6,1418727
11413318,9,1417751
11414532,6,1417751
11415743,7,1417751
11416956,6,1417751
11418169,7,1417751
11419381,6,1417751
11420593,8,1417751
11421807,8,1417751
11423018,4,1417751
11424232,6,1415181
11425443,3,1415181
11426656,5,1415181
11427869,8,1415181
11429081,5,1415181
11430293,3,1415181
11431506,5,1415181
11432718,4,1415181
11433931,7,1415181
11435144,8,1412406
11436356,5,1412406
11437568,5,1412406
11438780,8,1412406
11439993,4,1412406
11441206,2,1412406
11442419,4,1412406
11443631,9,1412406
11444842,9,1412406
11446056,9,1421605
11447268,4,1414822
11448481,7,1414822
11449694,4,1414822
11450906,4,1414822
11452118,4,1414822
11460606,3,1414822
11461818,8,1414822
11463030,8,1414822
11464243,7,1414822
11465455,4,1414822
11466668,9,1414822
11467881,6,1420218
11469092,3,1416261
11470305,6,1416261
11471517,3,1416261
11472731,5,1416261
11473943,5,1416261
11475155,6,1416261
11476368,5,1416261
11477580,4,1416261
11478793,4,1416261
11480005,3,1413177
11481218,2,1413177
11482431,2,1413177
11483643,4,1413177
11484856,5,1413177
11486068,5,1413177
11487280,7,1413177
11488493,5,1413177
11489706,3,1413177
11490917,5,1417340
11492130,4,1417340
11493342,5,1417340
11494555,4,1417340
11495767,-1,1417340
11496980,6,1417340
11498192,6,1417340
11499404,4,1417340
11500617,4,1417340
11501830,3,1417462
11503042,3,1409014
11504255,2,1409014
11505466,4,1409014
11506679,10,1409014
11507891,5,1409014
11509104,3,1409014
11510317,2,1409014
11511529,5,1409014
11512742,5,1408971
11513954,6,1411019
11515166,3,1411019
11516379,6,1411019
11517591,7,1411019
11518803,4,1411019
11520017,2,1411019
11521229,5,1411019
11522441,3,1411019
11523653,3,1411019
11524866,3,1411019
11526078,7,1411019
11527291,9,1411019
11528503,7,1411019
11529716,4,1411019
11530929,7,1411019
11532141,5,1411019
11533353,4,1409631
11534565,5,1409631
11535778,0,1409631
11536990,7,1409631
11544265,3,1409631
11545477,7,1409580
11546689,5,1409580
11547902,4,1409580
11549114,7,1409580
11550327,8,1409580
11551539,6,1409580
11552751,8,1409580
11553964,7,1409580
11555177,5,1409580
11556389,5,1402282
11557601,4,1402282
11558814,10,1402282
11560026,7,1402282
11561238,8,1402282
11562451,6,1402282
11563664,9,1402282
11564876,9,1402282
11566089,6,1402282
11567301,7,1395190
11568514,4,1395190
11569725,6,1395190
11570938,4,1395190
11572150,8,1395190
11573363,6,1395190
11574576,8,1395190
11575787,7,1395190
11577001,5,1395190
11578213,5,1385220
11579425,5,1385220
11580638,5,1385220
11581850,3,1385220
11583062,7,1385220
11584275,7,1385220
11585488,8,1385220
11586700,5,1385220
11587913,7,1385220
11589125,5,1384758
11590337,3,1384758
11591550,6,1384758
11592762,7,1384758
11593975,9,1384758
11595188,5,1384758
11596399,7,1384758
11597612,8,1384758
11598824,6,1384758
11600036,6,1385015
11601249,4,1385015
11602461,5,1385015
11603674,9,1385015
11604886,6,1385015
11606098,5,1385015
11607312,9,1385015
11608523,6,1385015
11609736,3,1385015
11610949,5,1384655
11612161,3,1384655
11613373,8,1384655
11614586,4,1384655
11615798,7,1384655
11617012,7,1384655
11618223,6,1384655
11619436,6,1384655
11620648,8,1384655
11629136,4,1384655
11630348,6,1384655
11631561,8,1384655
11632773,7,1380389
11633986,3,1377409
11635198,4,1377409
11636411,4,1377409
11637623,4,1377409
11638836,3,1377409
11640049,5,1377409
11641261,3,1377409
11642474,6,1377409
11643686,4,1377409
11644898,5,1368570
11646111,4,1368570
11647323,2,1368570
11648537,4,1368570
11649748,3,1368570
11650961,5,1368570
11652174,9,1368570
11653386,4,1368570
11654599,5,1368570
11655811,5,1368570
11657024,3,1368570
11658236,5,1368570
11659449,4,1368570
11660661,6,1368570
11661874,4,1368570
11663087,3,1368570
11664299,4,1368570
11665511,5,1368570
11666724,4,1361118
11667937,3,1361118
11669149,5,1361118
11670362,4,1361118
11671575,4,1361118
11672787,6,1361118
11673999,5,1361118
11675212,4,1361118
11676425,2,1361118
11677637,6,1357212
11678849,5,1357212
11680062,4,1357212
11681275,2,1357212
11682487,3,1357212
11683699,4,1357212
11684912,4,1357212
11686124,8,1357212
11687337,6,1357212
11688549,4,1357207
11689762,4,1355927
11690974,3,1355927
11692187,4,1355927
11693400,2,1355927
11694612,4,1355927
11695824,3,1355927
11697037,2,1355927
11698249,4,1355927
11699461,4,1355962
11700674,8,1351610
11701887,3,1351610
11703099,4,1351610
11704312,4,1351610
11705524,5,1351610
11714012,5,1351610
11715224,6,1351610
11716437,6,1351610
11717649,8,1351610
11718862,9,1351610
11720074,5,1351713
11721287,4,1351713
11722499,5,1351713
11723711,5,1351713
11724924,8,1351713
11726137,7,1351713
11727349,4,1351713
11728562,5,1351713
11729774,6,1351713
11730986,6,1351713
11732200,8,1350840
11733411,3,1350840
11734625,8,1350840
11735837,7,1350840
11737049,6,1350840
11738262,8,1350840
11739474,6,1350840
11740686,5,1350840
11741899,7,1350840
11743111,8,1354951
11744324,4,1354951
11745537,7,1354951
11746749,5,1354951
11747962,9,1354951
11749174,8,1354951
11750386,10,1354951
11751600,6,1354951
11752812,6,1354951
11754025,7,1352792
11755237,4,1352792
11756449,4,1352792
11757661,8,1352792
11758874,7,1352792
11760086,6,1352792
11761300,8,1352792
11762512,6,1352792
11763724,7,1352792
11764937,7,1350788
11766149,6,1350788
11767361,8,1350788
11768574,7,1350788
11769787,6,1350788
11770999,6,1350788
11772211,9,1350788
11773424,7,1350788
11774636,6,1350788
11775849,7,1352741
11777061,3,1352741
11778273,7,1352741
11779486,7,1352741
11780699,5,1352741
11781911,6,1352741
11783123,6,1352741
11784336,8,1352741
11785548,7,1352741
11786761,8,1353306
11787973,5,1353306
11789186,4,1353306
11790398,7,1353306
11797673,8,1351045
11798885,5,1351045
11800098,6,1351045
11801310,6,1351045
11802522,6,1351045
11803735,5,1351045
11804947,6,1351045
11806161,5,1351045
11807373,7,1351045
11808585,8,1353512
11809798,4,1353512
11811010,2,1353512
11812223,8,1353512
11813435,5,1353512
11814648,6,1353512
11815861,11,1353512
11817072,7,1353512
11818285,7,1353512
11819497,6,1352073
11820710,6,1354026
11821922,4,1354026
11823135,6,1354026
11824348,6,1354026
11825560,3,1354026
11826772,3,1354026
11827985,4,1354026
11829198,5,1354026
11830410,4,1354026
11831623,3,1355310
11832835,4,1355310
11834048,2,1355310
11835260,3,1355310
11836473,3,1355310
11837685,7,1355310
11838897,5,1355310
11840110,5,1355310
11841322,3,1355310
11842535,3,1349658
11843747,3,1349658
11844960,4,1349658
11846172,4,1349658
11847385,4,1349658
11848597,5,1349658
11849810,5,1349658
11851023,3,1349658
11852235,4,1349658
11853447,4,1349555
11854660,2,1349555
11855873,4,1349555
11857085,5,1349555
11858297,3,1349555
11859510,4,1349555
11860722,-1,1349555
11861935,3,1349555
11863147,4,1349555
11864360,4,1352433
11865573,5,1352433
11866785,3,1352433
11867997,5,1352433
11869210,4,1352433
11870422,2,1352433
11871635,5,1352433
11872848,4,1352433
11874060,7,1352433
11882548,3,1352433
11883760,4,1352433
11884972,5,1349555
11886185,5,1349512
11887398,4,1351816
11888611,8,1351816
11889823,4,1351816
11891035,3,1351816
11892248,3,1351816
11893460,6,1351816
11894673,6,1351816
11895885,3,1351816
11897098,2,1351816
11898310,3,1351816
11899522,7,1351816
11900735,6,1351816
11901947,7,1351816
11903159,6,1351816
11904372,9,1351816
11905584,5,1351816
11906797,9,1351816
11908009,6,1351816
11909221,4,1351816
11910433,5,1351816
11911646,6,1351816
11912858,6,1351816
11914070,6,1351816
11915282,9,1351816
11916496,5,1351816
11917708,8,1351816
11918920,7,1352844
11920132,6,1352844
11921345,7,1352844
11922556,8,1352844
11923768,7,1352844
11924981,10,1352844
11926193,7,1352844
11927405,4,1352844
11928617,5,1352844
11929830,7,1350582
11931042,2,1350582
11932254,6,1350582
11933467,7,1350582
11934680,10,1350582
11935892,9,1350582
11937104,9,1350582
11938316,7,1350582
11939528,6,1350582
11940741,3,1354283
11941954,3,1354283
11943166,7,1354283
11944378,10,1354283
11945590,6,1354283
11946803,9,1354283
11948014,5,1354283
11949227,9,1354283
11950440,6,1354283
11951652,7,1356750
11952863,3,1356750
11954076,6,1356750
11955288,6,1356750
11956501,6,1356750
11957713,5,1356750
11958925,7,1356750
11966198,10,1356750
11967411,3,1356750
11968623,6,1356750
11969836,5,1356750
11971048,6,1356750
11972261,4,1356750
11973472,6,1360141
11974685,8,1360141
11975898,7,1360141
11977109,6,1360141
11978322,5,1360141
11979534,9,1360141
11980746,6,1360141
11981959,9,1360141
11983171,5,1360141
11984383,6,1363482
11985595,4,1363482
11986808,6,1363482
11988021,7,1363482
11989233,6,1363482
11990445,7,1363482
11991657,5,1363482
11992869,6,1363482
11994082,6,1363482
11995294,10,1358188
11996506,4,1358188
11997719,6,1358188
11998931,10,1358188
12000143,8,1358188
12001355,9,1358188
12002568,6,1358188
12003780,6,1358188
12004992,7,1358188
12006205,7,1354591
12007418,3,1346677
12008630,2,1346677
12009842,5,1346677
12011054,6,1346677
12012267,2,1346677
12013479,8,1346677
12014691,4,1346677
12015903,3,1346677
12017115,4,1346677
12018327,5,1335062
12019540,5,1335062
12020752,6,1335062
12021965,3,1335062
12023177,6,1335062
12024389,4,1335062
12025602,4,1335062
12026813,4,1335062
12028026,3,1335062
12029238,4,1342720
12030451,5,1342720
12031663,4,1342720
12032875,6,1342720
12034087,8,1342720
12035299,3,1342720
12036513,4,1342720
12037724,4,1342720
12038937,3,1342720
12040149,2,1333212
12041361,3,1333212
12042573,5,1333212
12051060,3,1332133
12052272,4,1332133
12053485,6,1332133
12054696,4,1332133
12055909,7,1332133
12057121,6,1332133
12058333,7,1332133
12059546,4,1332133
12060757,5,1332133
12061970,3,1332211
12063182,3,1339379
12064394,3,1339379
12065607,4,1339379
12066818,4,1339379
12068031,5,1339379
12069243,0,1339379
12070455,4,1339379
12071668,4,1339379
12072880,4,1339199
12074092,7,1332287
12075304,2,1332287
12076516,3,1332287
12077729,4,1332287
12078941,5,1332287
12080153,4,1332287
12081366,4,1332287
12082578,4,1332287
12083790,4,1332287
12085002,2,1332287
12086215,7,1332287
12087427,8,1332287
12088639,6,1332287
12089851,7,1332287
12091064,6,1332287
12092276,3,1332287
12093489,6,1336861
12094701,3,1336861
12095912,5,1336861
12097125,5,1336861
12098338,6,1336861
12099549,4,1336861
12100761,6,1336861
12101974,5,1336861
12103186,6,1336861
12104398,6,1336861
12105610,7,1331414
12106823,4,1331414
12108035,7,1331414
12109247,6,1331414
12110460,5,1331414
12111672,9,1331414
12112884,5,1331414
12114096,6,1331414
12115309,8,1331414
12116521,8,1329409
12117733,6,1329409
12118946,3,1329409
12120158,4,1329409
12121370,7,1329409
12122582,6,1329409
12123795,10,1329409
12125007,9,1329409
12126219,8,1329409
12127431,8,1329409
12134706,5,1329409
12135918,7,1329409
12137130,8,1329409
12138342,6,1328895
12139555,4,1328895
12140767,4,1328895
12141980,7,1328895
12143191,7,1328895
12144404,7,1328895
12145616,7,1328895
12146828,8,1328895
12148041,5,1328895
12149252,7,1328073
12150465,4,1328073
12151677,9,1328073
12152889,4,1328073
12154101,7,1328073
12155313,6,1328073
12156526,6,1328073
12157738,8,1328073
12158950,6,1328073
12160162,5,1324219
12161375,5,1324219
12162586,6,1324219
12163799,4,1324219
12165012,5,1324219
12166223,6,1324219
12167436,6,1324219
12168648,9,1324219
12169860,5,1324219
12171072,7,1312758
12172284,3,1312758
12173496,4,1312758
12174708,9,1312758
12175921,6,1312758
12177133,6,1312758
12178345,5,1312758
12179557,5,1312758
12180769,5,1312758
12181982,9,1305050
12183194,4,1305050
12184406,7,1305050
12185618,9,1305050
12186831,9,1305050
12188042,11,1305050
12189255,7,1305050
12190467,2,1305050
12191680,4,1305050
12192891,6,1295389
12194104,3,1293076
12195316,7,1293076
12196529,8,1293076
12197740,5,1293076
12198952,4,1293076
12200165,4,1293076
12201377,4,1293076
12202589,5,1293076
12203802,4,1293076
12205013,4,1293281
12206226,5,1293281
12207438,3,1293281
12208650,4,1293281
12209862,5,1293281
12211074,5,1293281
12219560,1,1293281
12220772,6,1293281
12221985,6,1293281
12223197,4,1293281
12224409,8,1293281
12225621,8,1290198
12226834,5,1284956
12228046,5,1284956
12229259,3,1284956
12230471,3,1284956
12231683,5,1284956
12232895,3,1284956
12234107,3,1284956
12235320,3,1284956
12236533,6,1284956
12237744,4,1284391
12238957,4,1284391
12240169,5,1284391
12241381,4,1284391
12242594,2,1284391
12243807,2,1284391
12245019,4,1284391
12246231,5,1284391
12247443,4,1284391
12248656,4,1284406
12249869,5,1288502
12251080,5,1288502
12252292,3,1288502
12253505,4,1288502
12254717,4,1288502
12255930,4,1288502
12257142,5,1288502
12258354,4,1288502
12259566,6,1288460
12260779,4,1291020
12261991,5,1291020
12263203,3,1291020
12264415,3,1291020
12265628,4,1291020
12266842,5,1291020
12268053,5,1291020
12269265,2,1291020
12270478,3,1291020
12271689,5,1291020
12272902,7,1291020
12274114,7,1291020
12275326,9,1291020
12276538,7,1291020
12277751,7,1291020
12278964,8,1291020
12280175,7,1298061
12281387,4,1298061
12282600,3,1298061
12283813,6,1298061
12285025,4,1298061
12286237,6,1298061
12287449,9,1298061
12288662,8,1298061
12289874,7,1298061
12291086,7,1298061
12292298,7,1318771
12293511,5,1318771
12294723,7,1318771
12295935,7,1341332
12303209,10,1341332
12304421,18,1341332
12305634,5,1341332
12306846,2,1341332
12308059,3,1341332
12309272,4,1341332
12310484,7,1341332
12311696,4,1341332
12312909,5,1341332
12314121,4,1341332
12315333,4,1341332
12316546,5,1341332
12317758,4,1341332
12318971,9,1341332
12320184,6,1341332
12321396,5,1341332
12322609,6,1341332
12323821,6,1341332
12325033,5,1341949
12326245,3,1341949
12327458,5,1341949
12328671,7,1341949
12329883,6,1341949
12331095,7,1341949
12332308,7,1341949
12333520,7,1341949
12334733,4,1341949
12335945,3,1343696
12337157,4,1343696
12338369,11,1343696
12339582,9,1343696
12340794,8,1343696
12342007,8,1343696
12343219,4,1343696
12344432,8,1343696
12345644,8,1343696
12346856,7,1340972
12348068,5,1340972
12349281,5,1340972
12350494,11,1340972
12351707,6,1340972
12352919,8,1340972
12354132,9,1340972
12355343,7,1340972
12356556,5,1340972
12357768,4,1346317
12358981,7,1346317
12360193,7,1346317
12361406,5,1346317
12362618,7,1346317
12363831,7,1346317
12365044,2,1346317
12366255,7,1346317
12367468,7,1346317
12368681,11,1344056
12369893,3,1344056
12371105,3,1344056
12372318,5,1344056
12373530,5,1344056
12374743,7,1344056
12375956,8,1344056
12377167,7,1344056
12378380,10,1344056
12379592,7,1344056
12388079,5,1344056
12389292,9,1344056
12390505,5,1343696
12391716,3,1341640
12392929,5,1341640
12394142,4,1341640
12395354,6,1341640
12396566,5,1341640
12397780,3,1341640
12398991,4,1341640
12400204,3,1341640
12401416,3,1341640
12402630,3,1341640
12403842,5,1341640
12405054,6,1341640
12406267,3,1341640
12407479,5,1341640
12408691,5,1341640
12409904,5,1341640
12411116,1,1341640
12412328,6,1341640
12413541,3,1342154
12414753,0,1342154
12415966,5,1342154
12417178,9,1342154
12418391,6,1342154
12419603,2,1342154
12420816,4,1342154
12422029,4,1342154
12423240,4,1342154
12424454,5,1345238
12425666,5,1345238
12426878,4,1345238
12428091,4,1345238
12429303,4,1345238
12430516,4,1345238
12431728,5,1345238
12432941,2,1345238
12434153,4,1345238
12435365,5,1345177
12436578,3,1342617
12437790,3,1342617
12439003,4,1342617
12440215,4,1342617
12441427,4,1342617
12442640,3,1342617
12443852,3,1342617
12445065,5,1342617
12446277,2,1342465
12447490,4,1342977
12448703,-1,1342977
12449916,4,1342977
12451128,5,1342977
12452340,5,1342977
12453552,7,1342977
12454765,5,1342977
12455977,7,1342977
12457190,4,1342977
12458402,1,1342977
12459615,4,1342977
12460828,6,1342977
12462040,4,1342977
12463253,8,1342977
12464464,5,1342977
12471739,2,1342977
12472952,5,1342977
12474165,9,1342977
12475377,10,1342977
12476589,6,1342977
12477802,5,1342977
12479014,4,1342103
12480227,0,1342103
12481440,5,1342103
12482652,7,1342103
12483865,9,1342103
12485077,9,1342103
12486289,7,1342103
12487502,7,1342103
12488715,5,1342103
12489927,8,1343593
12491139,4,1343593
12492352,3,1343593
12493564,7,1343593
12494776,9,1343593
12495989,10,1343593
12497201,6,1343593
12498414,7,1343593
12499626,5,1343593
12500839,6,1340972
12502051,4,1340972
12503263,5,1340972
12504476,7,1340972
12505688,9,1340972
12506901,8,1340972
12508114,7,1340972
12509326,8,1340972
12510538,7,1340972
12511752,5,1342822
12512963,5,1342822
12514175,7,1342822
12515388,5,1342822
12516601,7,1342822
12517813,6,1342822
12519026,9,1342822
12520238,7,1342822
12521451,6,1342822
12522663,8,1339739
12523875,4,1339739
12525088,8,1339739
12526300,7,1339739
12527512,7,1339739
12528725,5,1339739
12529938,5,1339739
12531150,9,1339739
12532362,6,1339739
12533575,8,1342154
12534788,5,1342154
12536000,5,1342154
12537213,6,1342154
12538425,5,1342154
12539637,5,1342154
12540850,7,1342154
12542062,6,1342154
12543275,6,1342154
12544487,5,1341589
12545699,5,1341589
12546912,9,1341589
12548124,9,1341692
12555399,6,1341692
12556612,12,1341692
12557824,11,1341692
12559037,5,1341692
12560248,6,1341692
12561461,8,1341692
12562673,9,1341692
12563886,7,1341692
12565098,5,1341692
12566310,5,1341897
12567523,3,1343182
12568735,4,1343182
12569947,3,1343182
12571160,3,1343182
12572372,2,1343182
12573585,4,1343182
12574797,3,1343182
12576009,4,1343182
12577222,5,1343182
12578434,0,1344621
12579647,4,1344621
12580859,4,1344621
12582071,6,1344621
12583284,6,1344621
12584497,3,1344621
12585709,4,1344621
12586921,3,1344621
12588134,3,1344621
12589346,5,1341743
12590559,4,1341743
12591772,3,1341743
12592984,7,1341743
12594196,5,1341743
12595409,2,1341743
12596622,5,1341743
12597833,4,1341743
12599046,4,1341743
12600258,4,1340047
12601471,4,1340047
12602683,8,1340047
12603896,5,1340047
12605108,3,1340047
12606320,3,1340047
12607533,2,1340047
12608745,4,1340047
12609958,7,1340047
12611170,5,1341435
12612384,8,1341435
12613595,5,1341435
12614808,3,1341435
12616021,-1,1341435
12617233,5,1341435
12618446,4,1341435
12619658,5,1341435
12620872,6,1341435
12622083,4,1341328
12623297,4,1340304
12624509,4,1340304
12625721,3,1340304
12626934,4,1340304
12628147,5,1340304
12629359,3,1340304
12630571,2,1340304
12631784,7,1340304
12639119,5,1340304
12640272,6,1340304
12641484,11,1340304
12642697,7,1341795
12643910,4,1341795
12645122,4,1341795
12646335,8,1341795
12647548,7,1341795
12648761,6,1341795
12649972,6,1341795
12651185,6,1341795
12652397,5,1341795
12653611,7,1347191
12654822,7,1347191
12656035,3,1347191
12657249,6,1347191
12658461,7,1347191
12659673,9,1347191
12660886,5,1347191
12662098,7,1347191
12663311,8,1347191
12664523,6,1347191
12665737,4,1353049
12666949,4,1353049
12668161,7,1353049
12669373,10,1353049
12670586,7,1353049
12671799,5,1353049
12673012,5,1353049
12674225,5,1353049
12675436,5,1353049
12676649,5,1346420
12677862,8,1346420
12679074,8,1346420
12680287,7,1346420
12681500,6,1346420
12682712,6,1346420
12683925,8,1346420
12685137,5,1346420
12686350,7,1346420
12687562,3,1355465
12688774,4,1355465
12689987,9,1355465
12691199,5,1355465
12692412,6,1355465
12693625,7,1355465
12694837,6,1355465
12696050,4,1355465
12697262,9,1355465
12698475,7,1356184
12699687,6,1356184
12700900,8,1356184
12702112,4,1356184
12703325,6,1356184
12704538,7,1356184
12705750,8,1356184
12706963,8,1356184
12708175,5,1356184
12709388,5,1348013
12710600,0,1348013
12711813,6,1348013
12713026,10,1348013
12714238,8,1348013
12715451,4,1348013
12722726,5,1348013
12723939,9,1348013
12725151,8,1348013
12726364,7,1348013
12727576,7,1348013
12728789,4,1348013
12730001,6,1348013
12731214,5,1352073
12732426,3,1352073
12733639,7,1352073
12734852,10,1352073
12736064,6,1352073
12737277,7,1352073
12738488,5,1352073
12739701,7,1352073
12740914,4,1352073
12742126,7,1353358
12743339,2,1353358
12744552,6,1353358
12745765,10,1353358
12746976,6,1353358
12748189,9,1353358
12749401,5,1353358
12750615,7,1353358
12751827,7,1353358
12753040,5,1344621
12754252,4,1344621
12755464,11,1344621
12756677,11,1344621
12757890,4,1344621
12759102,6,1344621
12760315,5,1344621
12761527,6,1344621
12762740,7,1344621
12763953,5,1341486
12765165,4,1340613
12766378,4,1340613
12767591,5,1340613
12768803,6,1340613
12770016,5,1340613
12771227,4,1340613
12772440,4,1340613
12773652,4,1340613
12774865,4,1340613
12776078,6,1341383
12777290,8,1341383
12778503,1,1341383
12779715,4,1341383
12780928,3,1341383
12782140,2,1341383
12783353,3,1341383
12784565,3,1341383
12785778,3,1341383
12786990,8,1345598
12788203,5,1345598
12789416,3,1345598
12790628,4,1345598
12791842,3,1345598
12793053,3,1345598
12794266,4,1345598
12795479,5,1345598
12796692,6,1345598
12797903,5,1343182
12799116,6,1343182
12807604,2,1343182
12808817,1,1343182
12810028,-2,1343182
12811241,3,1343182
12812454,4,1343182
12813666,3,1343182
12814879,2,1343182
12816092,3,1343182
12817303,5,1343182
12818517,5,1343182
12819730,4,1343187
12820942,6,1344467
12822154,6,1344467
12823367,4,1344467
12824579,5,1344467
12825792,6,1344467
12827004,6,1344467
12828216,3,1344467
12829429,3,1344467
12830641,2,1344423
12831854,3,1332647
12833067,4,1332647
12834279,5,1332647
12835491,3,1332647
12836704,2,1332647
12837917,3,1332647
12839130,3,1332647
12840342,4,1332647
12841555,4,1332647
12842767,4,1332647
12843980,9,1332647
12845193,7,1332647
12846405,5,1332647
12847617,8,1332647
12848830,6,1332647
12850043,7,1332647
12851256,6,1344775
12852468,6,1344775
12853680,7,1344775
12854893,6,1344775
12856106,6,1344775
12857318,6,1344775
12858530,6,1344775
12859743,6,1344775
12860955,7,1344775
12862168,8,1344775
12863381,9,1338917
12864593,5,1338917
12865806,4,1338917
12867018,4,1338917
12868231,5,1338917
12869444,10,1338917
12870656,4,1338917
12871869,5,1338917
12873081,8,1338917
12874293,7,1341795
12875506,3,1341795
12876718,4,1341795
12877931,6,1341795
12879143,6,1341795
12880356,6,1341795
12881568,5,1341795
12882782,9,1341795
12883993,7,1341795
12891268,1,1341795
12892481,5,1341795
12893694,5,1341795
12894906,4,1341795
12896119,8,1341743
12897331,7,1341743
12898544,8,1341743
12899757,7,1341743
12900969,7,1341743
12902182,6,1341743
12903394,5,1341743
12904606,9,1341743
12905819,8,1341743
12907032,7,1346060
12908244,4,1346060
12909457,3,1346060
12910669,6,1346060
12911882,5,1346060
12913094,7,1346060
12914306,6,1346060
12915519,4,1346060
12916731,4,1346060
12917944,7,1341383
12919157,4,1341383
12920369,11,1341383
12921581,7,1341383
12922794,6,1341383
12924006,4,1341383
12925218,5,1341383
12926431,6,1341383
12927644,6,1341383
12928857,7,1340201
12930068,4,1340201
12931281,4,1340201
12932493,8,1340201
12933706,2,1340201
12934918,6,1340201
12936131,4,1340201
12937344,7,1340201
12938556,9,1340201
12939768,7,1341897
12940981,6,1341897
12942194,8,1341897
12943406,7,1341897
12944618,6,1341897
12945831,6,1341897
12947043,7,1341897
12948257,9,1341897
12949469,5,1341897
12950681,12,1340459
12951893,5,1342925
12953106,2,1342925
12954318,3,1342925
12955530,5,1342925
12956743,5,1342925
12957955,4,1342925
12959168,3,1342925
12960381,8,1342925
12961592,4,1342925
12962805,4,1343388
12964018,4,1343388
12965231,6,1343388
12966442,2,1343388
12967655,7,1343388
12976142,3,1343388
12977354,8,1343388
12978568,7,1343388
12979779,4,1343388
12980991,4,1343388
12982205,5,1343388
12983417,6,1347242
12984630,4,1342977
12985842,4,1342977
12987054,4,1342977
12988267,5,1342977
12989479,5,1342977
12990691,6,1342977
12991904,4,1342977
12993117,5,1342977
12994329,4,1342977
12995541,3,1348219
12996754,3,1348219
12997966,3,1348219
12999179,8,1348219
13000391,3,1348219
13001603,4,1348219
13002816,3,1348219
13004029,2,1348219
13005241,3,1348219
13006453,6,1348242
13007666,4,1340818
13008878,3,1340818
13010091,3,1340818
13011303,6,1340818
13012516,5,1340818
13013728,4,1340818
13014941,1,1340818
13016153,4,1340818
13017366,4,1340819
13018578,4,1341075
13019791,4,1341075
13021003,3,1341075
13022216,3,1341075
13023428,3,1341075
13024641,4,1341075
13025854,4,1341075
13027066,5,1341075
13028279,3,1341075
13029492,4,1341075
13030704,6,1341075
13031917,7,1341075
13033130,7,1341075
13034342,7,1341075
13035555,7,1341075
13036766,7,1341075
13037979,5,1341897
13039192,3,1341897
13040405,2,1341897
13041618,7,1341897
13042830,9,1341897
13044042,7,1341897
13045255,7,1341897
13046467,7,1341897
13047679,14,1341897
13048892,10,1341897
13050105,8,1342411
13051317,4,1342411
13052530,8,1342411
13061018,3,1343388
13062230,4,1343388
13063442,7,1343388
13064656,8,1343388
13065867,8,1343388
13067080,7,1343388
13068293,7,1343388
13069505,5,1343388
13070718,6,1343388
13071930,7,1341692
13073143,3,1341692
13074356,3,1341692
13075568,8,1341692
13076781,10,1341692
13077994,8,1341692
13079206,8,1341692
13080418,9,1341692
13081631,5,1341692
13082844,4,1342977
13084056,3,1342977
13085268,8,1342977
13086481,5,1342977
13087693,6,1342977
13088906,4,1342977
13090119,8,1342977
13091331,8,1342977
13092543,7,1342977
13093756,4,1342668
13094969,3,1342668
13096182,7,1342668
13097394,7,1342668
13098606,7,1342668
13099819,7,1342668
13101031,7,1342668
13102245,5,1342668
13103457,3,1342668
13104669,7,1344929
13105882,5,1344929
13107094,7,1344929
13108307,6,1344929
13109519,5,1344929
13110731,6,1344929
13111944,8,1344929
13113157,6,1344929
13114369,10,1344929
13115582,6,1342257
13116794,5,1342257
13118008,4,1342257
13119219,7,1342257
13120432,6,1342257
13121645,7,1342257
13122857,2,1342257
13124070,4,1342257
13125282,7,1342257
13126495,8,1346214
13127707,5,1346214
13128921,6,1346214
13130133,6,1346214
13131345,7,1346214
13132558,5,1346214
13133770,11,1346214
13134983,9,1346214
13136195,7,1346214
13137408,7,1346214
13144684,9,1346214
13145896,6,1346214
13147109,5,1346214
13148322,9,1342822
13149535,6,1338660
13150747,4,1338660
13151959,3,1338660
13153172,4,1338660
13154385,4,1338660
13155598,5,1338660
13156810,5,1338660
13158022,4,1338660
13159235,4,1338660
13160448,4,1343182
13161660,2,1343182
13162873,3,1343182
13164086,3,1343182
13165298,5,1343182
13166511,7,1343182
13167723,3,1343182
13168936,5,1343182
13170148,5,1343182
13171362,8,1343182
13172573,3,1343182
13173787,4,1343182
13174999,5,1343182
13176211,5,1343182
13177424,3,1343182
13178636,7,1343182
13179849,4,1343182
13181062,3,1343182
13182274,4,1342411
13183487,4,1342411
13184699,4,1342411
13185913,6,1342411
13187125,5,1342411
13188337,7,1342411
13189550,4,1342411
13190763,2,1342411
13191976,5,1342411
13193188,3,1342366
13194400,4,1344158
13195613,3,1344158
13196826,2,1344158
13198038,0,1344158
13199250,4,1344158
13200463,6,1344158
13201675,10,1344158
13202888,4,1344158
13204101,4,1344000
13205313,4,1342720
13206526,3,1342720
13207739,4,1342720
13208952,6,1342720
13210163,4,1342720
13211377,6,1342720
13212588,4,1342720
13213801,6,1342720
13215014,3,1342720
13216226,4,1342720
13217439,3,1342720
13218652,7,1342720
13219864,5,1342720
13221076,7,1342720
13228352,11,1342720
13229565,7,1342720
13230777,6,1342720
13231990,8,1342720
13233202,6,1342720
13234414,4,1342720
13235627,8,1342720
13236840,6,1347705
13238053,3,1347705
13239264,4,1347705
13240477,6,1347705
13241690,7,1347705
13242902,7,1347705
13244115,9,1347705
13245328,5,1347705
13246540,4,1347705
13247753,5,1339071
13248965,7,1339071
13250177,7,1339071
13251390,7,1339071
13252602,9,1339071
13253815,7,1339071
13255027,4,1339071
13256240,7,1339071
13257452,8,1339071
13258665,4,1341229
13259877,5,1341229
13261090,4,1341229
13262302,5,1341229
13263515,8,1341229
13264728,6,1341229
13265940,8,1341229
13267153,5,1341229
13268365,6,1341229
13269577,6,1294669
13270790,4,1294669
13272002,7,1294669
13273214,9,1294669
13274428,3,1294669
13275640,7,1294669
13276853,5,1294669
13278064,9,1294669
13279277,10,1294669
13280490,7,1262755
13281702,4,1262755
13282915,7,1262755
13284128,7,1262755
13285341,5,1262755
13286553,5,1262755
13287766,4,1262755
13288978,7,1262755
13290190,10,1262755
13291404,6,1276065
13292616,4,1276065
13293828,8,1276065
13295041,6,1276065
13296253,6,1276065
13297466,5,1276065
13298679,6,1276065
13299891,5,1276065
13301103,8,1276065
13302316,6,1280639
13303529,5,1280639
13304741,2,1280639
13312119,6,1280639
13313228,8,1279406
13314441,4,1279406
13315654,8,1279406
13316866,5,1279406
13318078,5,1279406
13319292,6,1279406
13320504,8,1279406
13321716,8,1279406
13322929,7,1279406
13324141,8,1277761
13325354,5,1276219
13326566,2,1276219
13327778,2,1276219
13328992,7,1276219
13330203,4,1276219
13331416,3,1276219
13332628,3,1276219
13333842,2,1276219
13335054,3,1276219
13336267,5,1280176
13337479,8,1280176
13338691,4,1280176
13339903,6,1280176
13341116,5,1280176
13342328,5,1280176
13343541,3,1280176
13344754,4,1280176
13345966,6,1280176
13347178,7,1279560
13348391,3,1279560
13349603,5,1279560
13350816,7,1279560
13352029,4,1279560
13353241,4,1279560
13354453,1,1279560
13355666,2,1279560
13356878,4,1279560
13358091,3,1279663
13359303,5,1279663
13360517,7,1279663
13361728,0,1279663
13362941,5,1279663
13364153,4,1279663
13365367,5,1279663
13366579,3,1279663
13367792,4,1279663
13369004,4,1283003
13370216,5,1283003
13371429,3,1283003
13372641,3,1283003
13373854,4,1283003
13375066,4,1283003
13376279,3,1283003
13377492,4,1283003
13378704,6,1283003
13379917,5,1282938
13381129,5,1279354
13382343,1,1279354
13383554,2,1279354
13384767,3,1279354
13385980,4,1279354
13387192,4,1279354
13388405,9,1279354
13396892,4,1279354
13398105,7,1279354
13399318,8,1279354
13400530,8,1277299
13401743,4,1277308
13402956,4,1266044
13404169,6,1266044
13405381,6,1266044
13406594,4,1266044
13407806,3,1266044
13409018,3,1266044
13410231,4,1266044
13411443,3,1266044
13412656,6,1266044
13413869,6,1266044
13415081,7,1266044
13416293,8,1266044
13417506,6,1266044
13418719,5,1266044
13419931,2,1266044
13421144,7,1266044
13422356,8,1266044
13423568,7,1254995
13424781,3,1254995
13425994,5,1254995
13427206,6,1254995
13428418,3,1254995
13429631,3,1254995
13430843,9,1254995
13432056,6,1254995
13433269,4,1254995
13434481,6,1273342
13435693,3,1273342
13436906,8,1273342
13438118,3,1273342
13439331,6,1273342
13440544,7,1273342
13441757,8,1273342
13442968,6,1273342
13444181,8,1273342
13445393,6,1287988
13446606,0,1287988
13447819,5,1287988
13449031,5,1287988
13450244,4,1287988
13451456,6,1287988
13452669,7,1287988
13453881,5,1287988
13455093,8,1287988
13456306,6,1289273
13457519,3,1289273
13458731,3,1289273
13459944,4,1289273
13461157,6,1289273
13462369,9,1289273
13463581,7,1289273
13464794,8,1289273
13466006,7,1289273
13467219,3,1272211
13468431,3,1272211
13469644,7,1272211
13470857,7,1272211
13472069,9,1272211
13473281,4,1272211
13480557,4,1272211
13481769,5,1272211
13482982,5,1272211
13484194,4,1272211
13485407,7,1272211
13486620,7,1272211
13487832,7,1272211
13489045,8,1259415
13490257,3,1259415
13491469,8,1259415
13492683,10,1259415
13493894,8,1259415
13495108,6,1259415
13496319,6,1259415
13497532,8,1259415
13498745,5,1259415
13499957,6,1263063
13501169,5,1263063
13502382,7,1263063
13503594,5,1263063
13504807,12,1263063
13506020,5,1263063
13507233,9,1263063
13508445,7,1263063
13509657,6,1263063
13510870,5,1285213
13512082,3,1285213
13513295,5,1285213
13514508,8,1285213
13515720,7,1285213
13516932,6,1285213
13518145,5,1285213
13519357,5,1285213
13520571,7,1285213
13521782,4,1290557
13522995,7,1277247
13524208,5,1277247
13525420,3,1277247
13526632,4,1277247
13527845,6,1277247
13529058,4,1277247
13530270,5,1277247
13531483,5,1277247
13532696,4,1277247
13533909,2,1272673
13535121,2,1272673
13536333,5,1272673
13537546,7,1272673
13538758,4,1272673
13539971,5,1272673
13541183,4,1272673
13542396,5,1272673
13543608,6,1272673
13544821,6,1279714
13546034,3,1279714
13547247,5,1279714
13548460,3,1279714
13549671,5,1279714
13550885,4,1279714
13552097,6,1279714
13553309,6,1279714
13554522,3,1279714
13555735,2,1288451
13556947,5,1288451
13564222,6,1288451
13565435,17,1288451
13566647,7,1285727
13567860,1,1285727
13569073,4,1285727
13570284,7,1285727
13571497,1,1285727
13572710,5,1285727
13573922,5,1285727
13575135,7,1285727
13576348,4,1285727
13577560,4,1285734
13578773,3,1287782
13579985,7,1287782
13581198,7,1287782
13582411,2,1287782
13583623,5,1287782
13584835,5,1287782
13586047,5,1287782
13587259,4,1287782
13588472,4,1287864
13589684,4,1282232
13590896,7,1282232
13592109,3,1282232
13593322,6,1282232
13594533,5,1282232
13595746,4,1282232
13596958,6,1282232
13598171,5,1282232
13599383,4,1282232
13600595,4,1282232
13601808,7,1282232
13603020,4,1282232
13604231,5,1282232
13605444,9,1282232
13606656,8,1282232
13607869,8,1282232
13609081,9,1286703
13610294,4,1286703
13611506,3,1286703
13612718,5,1286703
13613930,4,1286703
13615142,6,1286703
13616355,6,1286703
13617568,6,1286703
13618780,7,1286703
13619993,5,1286703
13621205,3,1285161
13622417,2,1285161
13623630,5,1285161
13624842,5,1285161
13626053,7,1285161
13627266,6,1285161
13628478,6,1285161
13629690,7,1285161
13630903,4,1285161
13632115,5,1282489
13633327,3,1282489
13634540,3,1282489
13635752,7,1282489
13636965,9,1282489
13638177,6,1282489
13639389,8,1282489
13640601,11,1282489
13649088,9,1282489
13650301,4,1282489
13651513,7,1282489
13652725,4,1282489
13653937,4,1284339
13655150,3,1284339
13656363,9,1284339
13657575,6,1284339
13658787,9,1284339
13659999,7,1284339
13661211,6,1284339
13662424,8,1284339
13663637,5,1284339
13664849,5,1282181
13666061,7,1282181
13667274,6,1282181
13668486,7,1282181
13669699,7,1282181
13670911,7,1282181
13672124,5,1282181
13673335,5,1282181
13674548,6,1282181
13675760,5,1282284
13676973,2,1282284
13678185,8,1282284
13679397,6,1282284
13680609,8,1282284
13681822,9,1282284
13683035,4,1282284
13684246,5,1282284
13685460,8,1282284
13686672,9,1285727
13687883,4,1285727
13689096,8,1285727
13690309,5,1285727
13691521,5,1285727
13692733,5,1285727
13693945,4,1285727
13695158,7,1285727
13696370,11,1285727
13697582,7,1282643
13698795,4,1282643
13700007,5,1282643
13701219,6,1282643
13702432,4,1282643
13703645,7,1282643
13704857,7,1282643
13706069,6,1282643
13707281,8,1282643
13708494,10,1283620
13709706,5,1283157
13710918,4,1283157
13712131,2,1283157
13713343,3,1283157
13714555,2,1283157
13715767,4,1283157
13716980,7,1283157
13718192,5,1283157
13719404,4,1283157
13720617,6,1279714
13721829,4,1279714
13723042,3,1279714
13724254,4,1279714
13725466,2,1279714
13733953,5,1279714
13735165,5,1279714
13736377,8,1279714
13737590,6,1279714
13738802,9,1279714
13740015,7,1279714
13741227,8,1280845
13742440,4,1282541
13743652,4,1282541
13744865,5,1282541
13746077,4,1282541
13747289,6,1282541
13748501,3,1282541
13749714,3,1282541
13750926,4,1282541
13752138,3,1282541
13753352,3,1289376
13754563,3,1289376
13755776,4,1289376
13756988,6,1289376
13758200,5,1289376
13759413,3,1289376
13760625,3,1289376
13761837,4,1289376
13763050,4,1289376
13764262,4,1289450
13765474,5,1281770
13766687,6,1281770
13767899,4,1281770
13769112,4,1281770
13770324,4,1281770
13771536,4,1281770
13772748,4,1281770
13773961,5,1281770
13775173,7,1281770
13776386,8,1281770
13777598,4,1281770
13778810,4,1281770
13780022,1,1281770
13781235,5,1281770
13782448,2,1281770
13783659,4,1281770
13784872,4,1281770
13786084,4,1281770
13787297,6,1281770
13788508,8,1281770
13789721,9,1281770
13790933,6,1281770
13792146,5,1281770
13793358,7,1281770
13794570,5,1281770
13795782,7,1283414
13796994,5,1283414
13798207,6,1283414
13799420,6,1283414
13800632,4,1283414
13801844,6,1283414
13803057,5,1283414
13804268,4,1283414
13805481,8,1283414
13806694,8,1283414
13807906,8,1282027
13809118,4,1282027
13810330,5,1282027
13817604,8,1282027
13818817,7,1281924
13820029,4,1281924
13821242,5,1281924
13822454,6,1281924
13823666,8,1281924
13824878,5,1281924
13826091,7,1281924
13827304,5,1281924
13828516,3,1281924
13829729,5,1281872
13830941,5,1281872
13832153,7,1281872
13833365,8,1281872
13834578,6,1281872
13835790,6,1281872
13837002,6,1281872
13838215,6,1281872
13839427,6,1281872
13840640,7,1282438
13841852,5,1282438
13843064,6,1282438
13844277,7,1282438
13845489,7,1282438
13846702,5,1282438
13847914,8,1282438
13849126,3,1282438
13850338,4,1282438
13851551,4,1282386
13852763,3,1282386
13853975,7,1282386
13855188,7,1282386
13856400,8,1282386
13857612,7,1282386
13858825,6,1282386
13860038,6,1282386
13861250,6,1282386
13862462,5,1284493
13863674,8,1284493
13864887,6,1284493
13866099,5,1284493
13867312,7,1284493
13868524,6,1284493
13869737,5,1284493
13870948,9,1284493
13872161,4,1284493
13873373,8,1283106
13874585,4,1283106
13875798,6,1283106
13877010,4,1283106
13878222,6,1283106
13879435,5,1283106
13880648,5,1283106
13881859,9,1283106
13883072,7,1283106
13884284,11,1283157
13885497,5,1283157
13886709,3,1283157
13887921,6,1283157
13889134,7,1283157
13890346,7,1283157
13891558,9,1283157
13892771,8,1283157
13893983,12,1283157
13901257,3,1283157
13902470,6,1283157
13903682,9,1283157
13904894,6,1283157
13906107,4,1283055
13907319,3,1283620
13908531,2,1283620
13909744,3,1283620
13910957,6,1283620
13912168,6,1283620
13913382,7,1283620
13914593,4,1283620
13915806,4,1283620
13917018,3,1283620
13918231,2,1285161
13919442,4,1285161
13920655,3,1285161
13921867,4,1285161
13923079,5,1285161
13924292,4,1285161
13925505,4,1285161
13926716,4,1285161
13927929,4,1285161
13929142,2,1283157
13930354,5,1283157
13931567,4,1283157
13932778,4,1283157
13933990,4,1283157
13935203,4,1283157
13936416,2,1283157
13937628,3,1283157
13938840,3,1283157
13940053,5,1283157
13941264,3,1283157
13942477,4,1283157
13943689,5,1283157
13944901,5,1283157
13946114,4,1283157
13947326,3,1283157
13948538,2,1283157
13949751,5,1283157
13950964,2,1283102
13952176,9,1282078
13953388,4,1282078
13954600,4,1282078
13955813,5,1282078
13957025,5,1282078
13958237,3,1282078
13959450,3,1282078
13960661,3,1282078
13961874,3,1282226
13963086,5,1280434
13964299,5,1280434
13965512,4,1280434
13966723,6,1280434
13967936,7,1280434
13969148,4,1280434
13970361,2,1280434
13971573,3,1280434
13972785,5,1280434
13973998,6,1280434
13975210,10,1280434
13976423,6,1280434
13977634,7,1280434
13986121,5,1280434
13987334,9,1280434
13988545,9,1280434
13989758,8,1280434
13990970,6,1280434
13992182,4,1280434
13993396,5,1280434
13994607,6,1281975
13995820,7,1281975
13997032,7,1281975
13998245,7,1281975
13999457,5,1281975
14000669,6,1281975
14001881,3,1281975
14003094,11,1281975
14004306,7,1281975
14005518,8,1284956
14006731,5,1284956
14007943,7,1284956
14009156,6,1284956
14010368,6,1284956
14011579,9,1284956
14012792,7,1284956
14014005,6,1284956
14015216,9,1284956
14016429,6,1281410
14017641,4,1281410
14018854,6,1281410
14020066,8,1281410
14021278,3,1281410
14022491,7,1281410
14023704,5,1281410
14024915,7,1281410
14026128,6,1281410
14027341,6,1283414
14028552,6,1283414
14029765,6,1283414
14030977,8,1283414
14032190,5,1283414
14033402,3,1283414
14034614,5,1283414
14035827,4,1283414
14037039,7,1283414
14038251,5,1280279
14039464,4,1280279
14040676,7,1280279
14041888,6,1280279
14043101,7,1280279
14044313,6,1280279
14045525,9,1280279
14046738,5,1280279
14047950,5,1280279
14049163,4,1280382
14050375,9,1280382
14051588,3,1280382
14052800,5,1280382
14054013,6,1280382
14055225,7,1280382
14056437,7,1280382
14057649,6,1280382
14058861,5,1280382
14060074,5,1280434
14061286,4,1280434
14062498,5,1280434
14069772,10,1280434
14070985,9,1280999
14072197,4,1280999
14073409,6,1280999
14074621,5,1280999
14075834,7,1280999
14077047,3,1280999
14078258,6,1280999
14079471,7,1280999
14080683,10,1280999
14081895,6,1284647
14083108,5,1283260
14084320,5,1283260
14085533,3,1283260
14086745,4,1283260
14087957,4,1283260
14089169,4,1283260
14090382,6,1283260
14091594,4,1283260
14092807,4,1283260
14094019,3,1282489
14095231,4,1282489
14096443,4,1282489
14097656,3,1282489
14098869,4,1282489
14100080,5,1282489
14101293,4,1282489
14102506,3,1282489
14103717,5,1282489
14104930,6,1281461
14106142,2,1281461
14107354,4,1281461
14108567,5,1281461
14109780,4,1281461
14110992,7,1281461
14112204,4,1281461
14113416,3,1281461
14114628,4,1281461
14115843,4,1282489
14117053,4,1282489
14118265,5,1282489
14119478,7,1282489
14120690,3,1282489
14121902,4,1282489
14123115,3,1282489
14124327,4,1282489
14125539,3,1282489
14126752,4,1282489
14127965,5,1282489
14129177,10,1282489
14130389,5,1282489
14131602,4,1282489
14132814,4,1282489
14134026,5,1282489
14135238,2,1282489
14136450,2,1282489
14137663,5,1282482
14138875,6,1280434
14140088,5,1280434
14141300,4,1280434
14142513,5,1280434
14143724,2,1280434
14144937,3,1280434
14146149,5,1280434
14154635,12,1280434
14155848,8,1280434
14157060,7,1280434
14158272,5,1278840
14159484,6,1278840
14160697,4,1278840
14161909,5,1278840
14163121,9,1278840
14164334,8,1278840
14165546,7,1278840
14166758,3,1278840
14167971,9,1278840
14169183,6,1278840
14170396,6,1279817
14171607,3,1279817
14172820,4,1279817
14174032,4,1279817
14175245,9,1279817
14176456,7,1279817
14177669,6,1279817
14178881,5,1279817
14180094,7,1279817
14181306,8,1279097
14182518,3,1279097
14183730,7,1279097
14184942,7,1279097
14186154,7,1279097
14187367,9,1279097
14188579,6,1279097
14189792,5,1279097
14191003,8,1279097
14192215,6,1282952
14193428,3,1282952
14194641,6,1282952
14195853,7,1282952
14197064,5,1282952
14198277,7,1282952
14199489,7,1282952
14200702,7,1282952
14201914,5,1282952
14203126,6,1283568
14204338,3,1283568
14205550,6,1283568
14206763,5,1283568
14207975,5,1283568
14209188,7,1283568
14210400,7,1283568
14211612,6,1283568
14212825,6,1283568
14214037,5,1283928
14215249,4,1283928
14216461,5,1283928
14217674,9,1283928
14218886,8,1283928
14220098,7,1283928
14221310,7,1283928
14222523,7,1283928
14223735,7,1283928
14224947,6,1285161
14226159,4,1285161
14227372,9,1285161
14228584,9,1285161
14229797,8,1285161
14231009,9,1285161
14238284,-1,1285161
14239496,7,1285161
14240708,4,1285161
14241920,7,1285161
14243132,10,1285161
14244344,6,1285161
14245556,5,1285161
14246769,8,1278686
14247981,7,1278686
14249193,7,1278686
14250406,8,1278686
14251618,10,1278686
14252831,5,1278686
14254043,7,1278686
14255255,6,1278686
14256467,7,1278686
14257680,10,1280485
14258892,3,1280485
14260104,7,1280485
14261317,4,1280485
14262529,6,1280485
14263741,9,1280485
14264954,8,1280485
14266166,6,1280485
14267378,7,1280485
14268591,9,1281821
14269803,5,1279046
14271016,0,1279046
14272227,1,1279046
14273440,4,1279046
14274653,1,1279046
14275865,6,1279046
14277077,6,1279046
14278290,4,1279046
14279502,3,1279046
14280714,4,1278686
14281927,4,1278686
14283139,3,1278686
14284351,5,1278686
14285563,4,1278686
14286775,5,1278686
14287989,5,1278686
14289200,4,1278686
14290412,2,1278686
14291625,2,1282643
14292837,2,1282643
14294050,-1,1282643
14295262,4,1282643
14296474,5,1282643
14297686,6,1282643
14298898,5,1282643
14300111,4,1282643
14301323,3,1282643
14302536,3,1281256
14303748,7,1281256
14304960,5,1281256
14306172,9,1281256
14307384,3,1281256
14308597,3,1281256
14309809,4,1281256
14311021,3,1281256
14312234,3,1281256
14313446,5,1281222
14314658,5,1286086
14323144,9,1286086
14324357,5,1285915
14325569,5,1281307
14326781,6,1281307
14327994,8,1281307
14329206,5,1281307
14330418,2,1281307
14331631,5,1281307
14332842,5,1281307
14334056,5,1281307
14335268,5,1281503
14336481,6,1281503
14337693,6,1281503
14338905,6,1281503
14340117,6,1281503
14341329,8,1281503
14342542,3,1281503
14343754,7,1281503
14344967,9,1278943
14346179,8,1278943
14347391,5,1278943
14348604,7,1278943
14349816,8,1278943
14351028,6,1278943
14352240,5,1278943
14353452,6,1278943
14354665,7,1278943
14355877,8,1278943
14357089,7,1281718
14358302,4,1281718
14359514,8,1281718
14360726,5,1281718
14361938,4,1281718
14363151,7,1281718
14364363,5,1281718
14365575,7,1281718
14366787,9,1281718
14367999,6,1280228
14369212,7,1280228
14370424,5,1280228
14371637,5,1280228
14372849,8,1280228
14374061,8,1280228
14375273,6,1280228
14376485,6,1280228
14377698,4,1280228
14378909,8,1277401
14380121,4,1277401
14381334,6,1277401
14382545,5,1277401
14383758,7,1277401
14384970,5,1277401
14386182,9,1277401
14387395,8,1277401
14388606,7,1277401
14389818,5,1281050
14391031,3,1281050
14392243,8,1281050
14393455,8,1281050
14394668,9,1281050
14395879,7,1281050
14397092,6,1281050
14398304,6,1281050
14399516,7,1281050
14406790,12,1281050
14408002,4,1281050
14409214,3,1281050
14410426,3,1281050
14411638,5,1282746
14412850,5,1282746
14414062,4,1282746
14415274,5,1282746
14416487,7,1282746
14417699,5,1282746
14418911,6,1282746
14420123,9,1282746
14421336,7,1282746
14422548,6,1283465
14423760,5,1283465
14424972,7,1283465
14426185,6,1283465
14427396,5,1283465
14428608,8,1283465
14429821,6,1283465
14431033,6,1283465
14432245,6,1283465
14433457,9,1285316
14434669,5,1285316
14435882,9,1285316
14437094,7,1285316
14438306,3,1285316
14439518,5,1285316
14440730,5,1285316
14441942,5,1285316
14443154,7,1285316
14444367,7,1277967
14445579,4,1281153
14446792,6,1281153
14448004,6,1281153
14449215,5,1281153
14450428,4,1281153
14451640,3,1281153
14452853,3,1281153
14454064,5,1281153
14455277,5,1281153
14456489,4,1276785
14457701,4,1276785
14458913,6,1276785
14460125,7,1276785
14461338,3,1276785
14462550,4,1276785
14463762,5,1276785
14464974,5,1276785
14466186,3,1276785
14467398,0,1281256
14468610,2,1281256
14469822,4,1281256
14471034,5,1281256
14472246,6,1281256
14473459,4,1281256
14474671,5,1281256
14475883,4,1281256
14477096,4,1281256
14478308,5,1280434
14479520,4,1280434
14480732,5,1280434
14481944,6,1280434
14483156,7,1280434
14491642,17,1280434
14492854,9,1280434
14494067,4,1280434
14495279,4,1280434
14496491,2,1280434
14497704,6,1280434
14498915,6,1287166
14500128,7,1287087
14501341,6,1279663
14502552,4,1279663
14503765,4,1279663
14504977,6,1279663
14506189,3,1279663
14507401,1,1279663
14508614,4,1279663
14509825,5,1279663
14511038,4,1279510
14512250,5,1279766
14513463,5,1279766
14514675,7,1279766
14515886,4,1279766
14517099,5,1279766
14518311,4,1279766
14519523,5,1279766
14520736,4,1279766
14521947,4,1279766
14523160,3,1279766
14524372,8,1279766
14525584,9,1279766
14526797,6,1279766
14528009,9,1279766
14529221,8,1279766
14530433,10,1279766
14531645,7,1283877
14532858,4,1283877
14534070,3,1283877
14535282,5,1283877
14536494,6,1283877
14537706,4,1283877
14538918,8,1283877
14540132,6,1283877
14541343,8,1283877
14542556,9,1283877
14543768,6,1282541
14544980,8,1282541
14546193,10,1282541
14547405,6,1282541
14548617,4,1282541
14549830,7,1282541
14551041,5,1282541
14552254,8,1282541
14553466,9,1282541
14554678,7,1283209
14555891,6,1283209
14557103,7,1283209
14558315,5,1283209
14559528,6,1283209
14560739,4,1283209
14561952,7,1283209
14563164,8,1283209
14564376,12,1283209
14565589,5,1279663
14566801,4,1279663
14568013,4,1279663
14575289,0,1279663
14576499,2,1281564
14577712,5,1281564
14578923,8,1281564
14580136,6,1281564
14581348,8,1281564
14582560,6,1281564
14583772,6,1281564
14584985,9,1281564
14586198,10,1281564
14587409,5,1279611
14588622,4,1279611
14589835,7,1279611
14591046,6,1279611
14592259,6,1279611
14593471,7,1279611
14594684,9,1279611
14595896,8,1279611
14597109,6,1279611
14598321,5,1282335
14599533,3,1282335
14600745,6,1282335
14601958,6,1282335
14603170,8,1282335
14604382,8,1282335
14605594,10,1282335
14606806,6,1282335
14608019,8,1282335
14609232,5,1280434
14610443,3,1280434
14611656,8,1280434
14612869,6,1280434
14614080,8,1280434
14615293,8,1280434
14616505,8,1280434
14617717,5,1280434
14618929,7,1280434
14620141,9,1283723
14621354,6,1283723
14622567,7,1283723
14623778,7,1283723
14624991,8,1283723
14626204,5,1283723
14627416,5,1283723
14628627,8,1283723
14629839,6,1283723
14631052,3,1282797
14632264,4,1281616
14633477,4,1281616
14634689,3,1281616
14635902,3,1281616
14637113,5,1281616
14638326,4,1281616
14639538,5,1281616
14640751,4,1281616
14641963,5,1281616
14643175,8,1280639
14644387,5,1280639
14645599,4,1280639
14646812,5,1280639
14648025,4,1280639
14649236,6,1280639
14650448,0,1280639
14651661,7,1280639
14660147,6,1280639
14661359,7,1280639
14662572,7,1280639
14663784,9,1279714
14664997,5,1282797
14666208,4,1282797
14667421,4,1282797
14668633,4,1282797
14669846,5,1282797
14671058,4,1282797
14672270,4,1282797
14673482,6,1282797
14674694,3,1282797
14675906,5,1281307
14677119,4,1281307
14678331,4,1281307
14679544,5,1281307
14680755,1,1281307
14681967,5,1281307
14683180,9,1281307
14684392,6,1281307
14685605,4,1281307
14686816,5,1281459
14688029,3,1280947
14689241,3,1280947
14690454,5,1280947
14691666,3,1280947
14692878,5,1280947
14694090,5,1280947
14695302,4,1280947
14696515,4,1280947
14697727,3,1280788
14698939,5,1279252
14700151,6,1279252
14701363,3,1279252
14702575,3,1279252
14703788,3,1279252
14705000,4,1279252
14706212,3,1279252
14707425,4,1279252
14708637,6,1279252
14709849,5,1279252
14711061,6,1279252
14712273,5,1279252
14713485,7,1279252
14714698,5,1279252
14715910,7,1279252
14717122,6,1279252
14718334,5,1282027
14719547,2,1282027
14720759,4,1282027
14721971,8,1282027
14723183,4,1282027
14724396,3,1282027
14725609,5,1282027
14726821,5,1282027
14728032,8,1282027
14729245,8,1282027
14730457,8,1285161
14731669,5,1285161
14732882,6,1285161
14734094,6,1285161
14735306,9,1285161
14736518,8,1285161
14743791,6,1285161
14745003,5,1285161
14746216,7,1285161
14747428,7,1285161
14748641,6,1285161
14749853,5,1285161
14751065,6,1285161
14752277,3,1283620
14753490,5,1283620
14754702,4,1283620
14755914,7,1283620
14757126,9,1283620
14758338,11,1283620
14759551,6,1283620
14760763,7,1283620
14761975,6,1283620
14763187,6,1280999
14764400,4,1280999
14765612,7,1280999
14766824,8,1280999
14768037,6,1280999
14769249,9,1280999
14770461,6,1280999
14771673,11,1280999
14772886,6,1280999
14774098,3,1281718
14775310,4,1281718
14776522,7,1281718
14777734,6,1281718
14778946,10,1281718
14780159,5,1281718
14781371,12,1281718
14782583,3,1281718
14783795,8,1281718
14785007,6,1279303
14786220,4,1279303
14787432,5,1279303
14788645,5,1279303
14789857,7,1279303
14791069,8,1279303
14792281,10,1279303
14793494,8,1279303
14794706,4,1279303
14795918,5,1282386
14797131,6,1282386
14798343,6,1282386
14799556,4,1282386
14800767,7,1282386
14801979,7,1282386
14803192,6,1282386
14804404,5,1282386
14805616,5,1282386
14806829,7,1279868
14808041,3,1279868
14809253,5,1279868
14810465,8,1279868
14811678,8,1279868
14812890,7,1279868
14814102,9,1279868
14815314,7,1279868
14816527,7,1279868
14817740,6,1282335
14818951,5,1282129
14820164,2,1282129
14828650,16,1282129
14829862,11,1282386
14831074,5,1282386
14832286,3,1282386
14833499,5,1282386
14834711,5,1282386
14835924,5,1282386
14837136,2,1282386
14838348,3,1282386
14839561,3,1282386
14840772,3,1282129
14841985,6,1282129
14843197,4,1282129
14844410,4,1282129
14845622,2,1282129
14846834,4,1282129
14848046,-1,1282129
14849259,4,1282129
14850472,5,1282129
14851684,7,1281616
14852897,5,1281616
14854109,4,1281616
14855320,3,1281616
14856534,4,1281616
14857745,5,1281616
14858958,6,1281616
14860170,6,1281616
14861383,7,1281616
14862596,1,1282335
14863807,5,1282335
14865019,4,1282335
14866232,5,1282335
14867445,3,1282335
14868656,4,1282335
14869869,3,1282335
14871081,4,1282335
14872293,3,1282335
14873507,7,1282538
14874718,6,1281770
14875931,6,1281770
14877143,5,1281770
14878355,5,1281770
14879567,3,1281770
14880780,4,1281770
14881993,4,1281770
14883204,3,1281770
14884417,3,1281562
14885630,3,1281050
14886842,5,1281050
14888054,4,1281050
14889267,3,1281050
14890479,5,1281050
14891691,6,1281050
14892903,4,1281050
14894116,3,1281050
14895328,4,1281050
14896540,4,1281050
14897753,7,1281050
14898965,8,1281050
14900177,4,1281050
14901390,7,1281050
14902602,7,1281050
14903815,6,1281050
14905027,5,1281050
14912300,3,1281050
14913513,5,1281050
14914725,6,1281050
14915937,7,1281050
14917150,6,1281872
14918362,6,1281872
14919574,7,1281872
14920786,8,1281872
14921999,6,1281872
14923212,6,1281872
14924424,5,1281872
14925636,8,1281872
14926848,4,1281872
14928060,7,1281821
14929272,5,1281821
14930485,7,1281821
14931697,8,1281821
14932909,11,1281821
14934121,7,1281821
14935334,6,1281821
14936546,7,1281821
14937758,10,1281821
14938970,8,1282797
14940183,6,1282797
14941394,5,1282797
14942607,6,1282797
14943819,6,1282797
14945031,7,1282797
14946243,6,1282797
14947456,7,1282797
14948668,4,1282797
14949880,8,1281204
14951093,5,1281204
14952305,7,1281204
14953517,8,1281204
14954729,3,1281204
14955941,6,1281204
14957154,6,1281204
14958366,5,1281204
14959578,8,1281204
14960790,7,1281102
14962002,5,1281102
14963215,7,1281102
14964427,7,1281102
14965640,7,1281102
14966851,5,1281102
14968065,6,1281102
14969276,9,1281102
14970489,6,1281102
14971701,6,1283209
14972913,4,1283209
14974125,7,1283209
14975338,6,1283209
14976550,8,1283209
14977762,8,1283209
14978974,8,1283209
14980187,6,1283209
14981399,8,1283209
14982611,4,1279354
14983823,4,1279354
14985036,4,1279354
14986248,6,1279354
14987460,7,1279354
14988673,3,1279354
14997159,4,1279354
14998371,9,1279354
14999583,6,1279354
15000796,7,1279354
15002009,8,1279354
15003221,6,1279354
15004433,6,1280690
15005645,4,1280793
15006857,2,1280793
15008070,3,1280793
15009282,5,1280793
15010495,6,1280793
15011707,4,1280793
15012919,4,1280793
15014131,5,1280793
15015344,6,1280793
15016556,5,1278481
15017769,3,1278481
15018980,7,1278481
15020192,5,1278481
15021405,4,1278481
15022617,3,1278481
15023830,5,1278481
15025042,1,1278481
15026254,2,1278481
15027467,4,1280999
15028679,7,1280999
15029892,5,1280999
15031103,6,1280999
15032316,5,1280999
15033529,3,1280999
15034740,4,1280999
15035953,6,1280999
15037164,4,1280999
15038378,7,1285470
15039589,6,1285470
15040801,7,1285470
15042014,3,1285470
15043226,3,1285470
15044438,4,1285470
15045650,4,1285470
15046863,5,1285470
15048075,5,1285470
15049287,4,1285470
15050500,3,1285470
15051712,4,1285470
15052924,5,1285470
15054136,4,1285470
15055349,4,1285470
15056561,4,1285470
15057774,-1,1285470
15058986,7,1285470
15060198,4,1285607
15061410,3,1280999
15062623,3,1280999
15063835,4,1280999
15065047,3,1280999
15066259,5,1280999
15067472,3,1280999
15068684,7,1280999
15069897,3,1280999
15071109,5,1280829
15072321,6,1276733
15073533,7,1276733
15082020,0,1276733
15083232,5,1276733
15084445,5,1276733
15085657,4,1276733
15086869,8,1276733
15088081,7,1276733
15089294,7,1276733
15090506,6,1276733
15091719,5,1279663
15092930,4,1279663
15094143,5,1279663
15095355,5,1279663
15096568,5,1279663
15097779,4,1279663
15098992,6,1279663
15100204,6,1279663
15101416,4,1279663
15102628,7,1279663
15103842,6,1277761
15105053,4,1277761
15106265,9,1277761
15107477,7,1277761
15108690,9,1277761
15109902,5,1277761
15111114,6,1277761
15112326,6,1277761
15113538,6,1277761
15114751,5,1279920
15115963,5,1279920
15117175,3,1279920
15118388,6,1279920
15119600,9,1279920
15120812,8,1279920
15122025,2,1279920
15123237,6,1279920
15124449,9,1279920
15125661,9,1280639
15126873,8,1280639
15128086,7,1280639
15129298,5,1280639
15130510,5,1280639
15131722,4,1280639
15132935,4,1280639
15134147,5,1280639
15135359,6,1280639
15136572,12,1279868
15137784,9,1279868
15138996,8,1279868
15140208,5,1279868
15141420,2,1279868
15142633,5,1279868
15143845,8,1279868
15145057,6,1279868
15146269,9,1279868
15147481,7,1281513
15148694,4,1281513
15149906,8,1281513
15151118,5,1281513
15152331,5,1281513
15153544,4,1281513
15154755,8,1281513
15155968,8,1281513
15157180,8,1281513
15158392,4,1281513
15165666,11,1281513
15166878,9,1281513
15168091,8,1281513
15169303,4,1282232
15170515,0,1282232
15171727,4,1282232
15172939,7,1282232
15174151,10,1282232
15175364,8,1282232
15176576,7,1282232
15177788,7,1282232
15179001,5,1282232
15180214,2,1283825
15181426,4,1283825
15182638,7,1283825
15183850,11,1283825
15185062,9,1283825
15186275,7,1283825
15187486,7,1283825
15188699,4,1283825
15189911,4,1283825
15191124,1,1280279
15192336,3,1281770
15193548,3,1281770
15194761,6,1281770
15195973,5,1281770
15197185,5,1281770
15198398,2,1281770
15199610,2,1281770
15200822,0,1281770
15202034,2,1281770
15203248,5,1284545
15204459,8,1284545
15205672,10,1284545
15206884,4,1284545
15208097,3,1284545
15209309,3,1284545
15210521,3,1284545
15211733,4,1284545
15212945,4,1284545
15214158,5,1284031
15215370,7,1284031
15216582,6,1284031
15217794,5,1284031
15219007,3,1284031
15220219,2,1284031
15221431,3,1284031
15222644,4,1284031
15223857,6,1284031
15225068,5,1279406
15226281,7,1279406
15227494,4,1279406
15228705,4,1279406
15229918,3,1279406
15231130,3,1279406
15232342,3,1279406
15233555,4,1279406
15234767,5,1279406
15235979,6,1279381
15237192,4,1286549
15238404,4,1286549
15239617,2,1286549
15240829,2,1286549
15242041,4,1286549
15250527,3,1286549
15251739,4,1286549
15252952,8,1286549
15254163,4,1286549
15255376,11,1286549
15256588,7,1282335
15257800,2,1282484
15259013,4,1281204
15260226,4,1281204
15261437,3,1281204
15262649,3,1281204
15263862,4,1281204
15265074,5,1281204
15266286,6,1281204
15267499,7,1281204
15268711,4,1281204
15269924,3,1281204
15271135,9,1281204
15272347,4,1281204
15273560,6,1281204
15274773,10,1281204
15275985,9,1281204
15277197,7,1281204
15278409,6,1281204
15279621,7,1280947
15280834,5,1280947
15282046,4,1280947
15283258,5,1280947
15284470,6,1280947
15285683,8,1280947
15286895,6,1280947
15288107,7,1280947
15289319,6,1280947
15290532,6,1278789
15291744,3,1278789
15292957,3,1278789
15294169,7,1278789
15295381,8,1278789
15296593,6,1278789
15297806,6,1278789
15299017,9,1278789
15300230,7,1278789
15301442,6,1280536
15302654,6,1280536
15303866,8,1280536
15305079,5,1280536
15306292,8,1280536
15307504,8,1280536
15308716,4,1280536
15309929,7,1280536
15311141,5,1280536
15312352,3,1280896
15313565,2,1280896
15314777,6,1280896
15315990,9,1280896
15317202,8,1280896
15318415,6,1280896
15319626,6,1280896
15320839,7,1280896
15322051,6,1280896
15323263,8,1282900
15324476,5,1282900
15325689,6,1282900
15326900,3,1283055
15334174,12,1282958
15335386,5,1284750
15336599,3,1284750
15337811,9,1284750
15339024,6,1284750
15340236,5,1284750
15341449,2,1284750
15342661,2,1284750
15343873,4,1284750
15345085,5,1284750
15346298,3,1284750
15347510,7,1284750
15348722,2,1284750
15349934,6,1284750
15351146,6,1284750
15352360,9,1284750
15353572,10,1284750
15354784,8,1284750
15355996,6,1284750
15357208,4,1284750
15358421,7,1284750
15359633,6,1284750
15360846,7,1284750
15362058,8,1284750
15363270,8,1284750
15364483,5,1284750
15365695,6,1284750
15366906,6,1284853
15368120,6,1284853
15369331,9,1284853
15370544,8,1284853
15371755,7,1284853
15372968,3,1284853
15374181,6,1284853
15375392,5,1284853
15376605,6,1284853
15377817,4,1279971
15379029,2,1282335
15380241,4,1282335
15381454,3,1282335
15382666,7,1282335
15383878,2,1282335
15385091,5,1282335
15386303,3,1282335
15387516,4,1282335
15388727,4,1282335
15389940,6,1283157
15391152,5,1283157
15392365,4,1283157
15393577,5,1283157
15394789,4,1283157
15396002,1,1283157
15397214,2,1283157
15398426,5,1283157
15399639,7,1283157
15400851,4,1281513
15402064,5,1281513
15403275,4,1281513
15404488,5,1281513
15405700,3,1281513
15406913,3,1281513
15408125,4,1281513
15409337,4,1281513
15410549,5,1281513
15419035,4,1281513
15420247,5,1281513
15421459,6,1282592
15422671,6,1282689
15423883,5,1281153
15425096,4,1281153
15426308,5,1281153
15427521,5,1281153
15428733,4,1281153
15429945,6,1281153
15431158,5,1281153
15432370,6,1281153
15433582,4,1281263
15434794,4,1283311
15436007,3,1283311
15437219,5,1283311
15438432,5,1283311
15439643,5,1283311
15440855,3,1283311
15442068,4,1283311
15443280,2,1283311
15444493,2,1283311
15445705,4,1283311
15446917,9,1283311
15448129,6,1283311
15449342,9,1283311
15450553,9,1283311
15451766,8,1283311
15452978,8,1283311
15454190,5,1283311
15455403,2,1283311
15456615,3,1283311
15457827,4,1283311
15459039,2,1283311
15460251,7,1283311
15461464,8,1283311
15462676,13,1283311
15463888,7,1283311
15465100,4,1283311
15466313,2,1281050
15467525,6,1281050
15468737,7,1281050
15469949,7,1281050
15471161,5,1281050
15472373,9,1281050
15473585,6,1281050
15474798,6,1281050
15476010,4,1281050
15477222,7,1283928
15478435,5,1283928
15479647,7,1283928
15480858,7,1283928
15482071,9,1283928
15483283,10,1283928
15484495,8,1283928
15485708,5,1283928
15486919,3,1283928
15488131,4,1282592
15489344,7,1282592
15490556,7,1282592
15491768,7,1282592
15492981,8,1282592
15494193,7,1282592
15495405,4,1282592
15502678,11,1282592
15503890,7,1282592
15505102,9,1282592
15506314,8,1282592
15507527,5,1282592
15508739,6,1282592
15509951,7,1282489
15511164,3,1282489
15512375,7,1282489
15513588,5,1282489
15514800,7,1282489
15516013,6,1282489
15517224,7,1282489
15518437,8,1282489
15519650,5,1282489
15520861,5,1284031
15522074,5,1284031
15523286,8,1284031
15524498,8,1284031
15525710,6,1284031
15526923,9,1284031
15528135,6,1284031
15529348,7,1284031
15530560,5,1284031
15531772,7,1284699
15532985,6,1284699
15534197,7,1284699
15535409,4,1284699
15536622,8,1284699
15537834,6,1284699
15539046,6,1284699
15540258,10,1284699
15541470,7,1284699
15542683,11,1282335
15543894,4,1282335
15545107,5,1282335
15546319,6,1282335
15547532,7,1282335
15548744,6,1282335
15549955,6,1282335
15551168,7,1282335
15552380,8,1282335
15553592,8,1284596
15554805,4,1282797
15556017,3,1282797
15557229,3,1282797
15558441,4,1282797
15559653,4,1282797
15560866,4,1282797
15562078,6,1282797
15563290,4,1282797
15564502,5,1282797
15565714,0,1283979
15566927,5,1283979
15568139,4,1283979
15569352,5,1283979
15570564,5,1283979
15571775,5,1283979
15572988,6,1283979
15574200,5,1283979
15575413,6,1283979
15576624,5,1281770
15577837,5,1281770
15579049,9,1281770
15587534,2,1281770
15588747,7,1281770
15589959,7,1281770
15591171,7,1281770
15592384,7,1281770
15593596,7,1281770
15594808,6,1281770
15596021,6,1281770
15597232,5,1284596
15598445,3,1284493
15599658,5,1284493
15600869,1,1284493
15602082,3,1284493
15603294,3,1284493
15604506,4,1284493
15605719,4,1284493
15606930,4,1284493
15608143,5,1284493
15609355,4,1284573
15610567,6,1278429
15611779,5,1278429
15612993,6,1278429
15614204,3,1278429
15615416,4,1278429
15616628,5,1278429
15617843,2,1278429
15619053,-5,1278429
15620265,6,1278457
15621478,9,1285881
15622689,11,1285881
15623902,6,1285881
15625114,4,1285881
15626326,-1,1285881
15627538,1,1285881
15628750,-3,1285881
15629963,3,1285881
15631175,9,1285881
15632388,12,1285881
15633600,16,1285881
15634812,11,1285881
15636025,6,1285881
15637237,2,1285881
15638449,2,1285881
15639661,-2,1285881
15640874,5,1281410
15642086,8,1281410
15643298,10,1281410
15644510,12,1281410
15645723,9,1281410
15646936,6,1281410
15648147,-15,1281410
15649360,-9,1281410
15650572,9,1281410
15651785,17,1281410
15652997,16,1285676
15654209,15,1285676
15655421,10,1285676
15656633,10,1285676
15657846,3,1285676
15659058,6,1285676
15660270,4,1285676
15661483,21,1285676
15662695,36,1285676
15663907,-8,1285676
15671183,0,1285676
15672393,17,1285676
15673605,17,1285676
15674818,29,1287114
15676030,13,1287114
15677242,13,1287114
15678455,-2,1287114
15679667,-33,1287114
15680879,9,1287114
15682091,14,1287114
15683304,36,1287114
15684516,24,1287114
15685729,-30,1285573
15686941,-32,1285573
15688154,-32,1285573
15689365,-19,1285573
15690578,10,1285573
15691790,37,1285573
15693003,49,1285573
15694216,12,1285573
15695427,9,1285573
15696640,-2,1285161
15697853,-42,1285161
15699065,-38,1285161
15700277,-4,1285161
15701489,24,1285161
15702702,40,1285161
15703914,43,1285161
15705126,22,1285161
15706338,-2,1285161
15707551,-22,1286292
15708763,-31,1286292
15709976,-13,1286292
15711188,10,1286292
15712400,22,1286292
15713613,36,1286292
15714825,31,1286292
15716037,11,1286292
15717249,-1,1286292
15718462,-10,1278892
15719674,-3,1278892
15720886,-1,1278892
15722099,10,1278892
15723311,17,1278892
15724524,20,1278892
15725735,10,1278892
15726947,6,1278892
15728161,0,1278892
15729372,5,1280845
15730585,1,1280845
15731797,9,1280845
15733009,10,1280845
15734222,13,1280845
15735434,6,1280845
15736647,5,1280845
15737859,6,1280845
15739071,12,1280845
15740283,14,1281924
15741496,10,1286035
15742708,5,1286035
15743921,7,1286035
15745133,9,1286035
15746345,7,1286035
15747558,5,1286035
15756045,9,1286035
15757257,2,1286035
15758469,6,1286035
15759681,9,1286035
15760894,3,1286035
15762106,2,1285984
15763318,7,1288553
15764530,6,1288553
15765742,9,1288553
15766955,2,1288553
15768167,1,1288553
15769380,4,1288553
15770592,4,1288553
15771804,4,1288553
15773017,3,1288553
15774229,7,1287012
15775441,8,1287012
15776653,4,1287012
15777866,4,1287012
15779078,8,1287012
15780290,2,1287012
15781503,2,1287012
15782715,6,1287012
15783928,10,1287012
15785139,10,1289838
15786353,5,1289838
15787565,4,1289838
15788777,2,1289838
15789989,2,1289838
15791201,2,1289838
15792414,4,1289838
15793626,9,1289838
15794839,6,1289838
15796051,3,1289939
15797263,6,1289427
15798476,4,1289427
15799687,1,1289427
15800900,-1,1289427
15802112,3,1289427
15803325,5,1289427
15804538,8,1289427
15805749,7,1289427
15806962,7,1289257
15808174,8,1285161
15809387,1,1285161
15810600,1,1285161
15811811,1,1285161
15813023,1,1285161
15814236,5,1285161
15815449,6,1285161
15816660,8,1285161
15817873,1,1285161
15819085,1,1285161
15820297,3,1285161
15821509,4,1285161
15822722,4,1285161
15823934,9,1285161
15825146,12,1285161
15826359,10,1285161
15827571,10,1283774
15828783,4,1283774
15829995,4,1283774
15831208,3,1283774
15832420,6,1283003
15839694,5,1283003
15840907,14,1283003
15842119,7,1283003
15843331,4,1283003
15844543,9,1283003
15845756,9,1283003
15846969,9,1283003
15848181,10,1283003
15849393,4,1283003
15850605,5,1287628
15851818,3,1287628
15853030,5,1287628
15854243,8,1287628
15855456,7,1287628
15856668,6,1287628
15857881,7,1287628
15859092,4,1287628
15860305,5,1287628
15861517,3,1287268
15862729,3,1287268
15863942,8,1287268
15865154,9,1287268
15866366,8,1287268
15867578,7,1287268
15868792,7,1287268
15870003,6,1287268
15871216,5,1287268
15872428,5,1286344
15873640,2,1286344
15874852,6,1286344
15876065,6,1286344
15877277,10,1286344
15878489,13,1286344
15879702,7,1286344
15880914,7,1286344
15882127,6,1286344
15883339,0,1287114
15884551,3,1287114
15885764,5,1287114
15886977,7,1287114
15888189,8,1287114
15889401,7,1287114
15890613,5,1287114
15891826,5,1287114
15893037,1,1287114
15894250,5,1287834
15895463,4,1287834
15896675,12,1287834
15897887,8,1287834
15899099,9,1287834
15900311,7,1287834
15901524,3,1287834
15902737,3,1287834
15903948,7,1287834
15905161,4,1286857
15906373,7,1286857
15907585,9,1286857
15908798,10,1286857
15910010,9,1286857
15911222,5,1286857
15912435,7,1286857
15913647,4,1286857
15914858,4,1286857
15916071,5,1286857
15923344,9,1286857
15924556,8,1286857
15925768,10,1286857
15926980,13,1296365
15928193,3,1295389
15929405,3,1295389
15930617,3,1295389
15931830,5,1295389
15933041,5,1295389
15934254,6,1295389
15935466,5,1295389
15936678,8,1295389
15937890,7,1295389
15939103,6,1292254
15940315,3,1292254
15941528,4,1292254
15942739,4,1292254
15943951,3,1292254
15945164,4,1292254
15946376,6,1292254
15947588,3,1292254
15948801,3,1292254
15950013,3,1292254
15951225,5,1292254
15952437,6,1292254
15953650,6,1292254
15954862,5,1292254
15956074,6,1292254
15957286,6,1292254
15958499,3,1292254
15959710,3,1292254
15960923,1,1297393
15962135,3,1297393
15963347,4,1297393
15964561,6,1297393
15965773,5,1297393
15966985,8,1297393
15968197,3,1297393
15969410,1,1297393
15970622,4,1297393
15971834,2,1297444
15973046,3,1297444
15974259,4,1297444
15975471,7,1297444
15976683,8,1297444
15977896,7,1297444
15979108,6,1297444
15980320,2,1297444
15981533,3,1297444
15982745,2,1297662
15983958,1,1287166
15985170,3,1287166
15986383,6,1287166
15987594,8,1287166
15988807,4,1287166
15990020,5,1287166
15991232,5,1287166
15992444,0,1287166
15993656,2,1286956
15994869,3,1285932
15996081,2,1285932
15997294,3,1285932
15998506,8,1285932
15999718,4,1285932
16007119,5,1285932
16008204,11,1285932
16009416,9,1285932
16010628,9,1285932
16011840,10,1285932
16013054,9,1285932
16014266,7,1286086
16015478,3,1286086
16016690,3,1286086
16017902,7,1286086
16019115,8,1286086
16020328,9,1286086
16021540,5,1286086
16022752,5,1286086
16023964,4,1286086
16025177,1,1286086
16026388,1,1287114
16027601,4,1287114
16028814,9,1287114
16030026,16,1287114
16031238,11,1287114
16032450,12,1287114
16033663,4,1287114
16034874,3,1287114
16036087,4,1287114
16037300,1,1279766
16038511,5,1279766
16039724,6,1279766
16040936,11,1279766
16042148,11,1279766
16043361,12,1279766
16044573,7,1279766
16045786,5,1279766
16046998,3,1279766
16048210,2,1267688
16049422,2,1267688
16050635,8,1267688
16051846,8,1267688
16053059,8,1267688
16054272,11,1267688
16055484,9,1267688
16056696,7,1267688
16057908,6,1267688
16059121,6,1262292
16060333,6,1262292
16061545,10,1262292
16062758,8,1262292
16063970,10,1262292
16065182,9,1262292
16066394,7,1262292
16067606,4,1262292
16068819,5,1262292
16070031,5,1259517
16071243,4,1259517
16072456,9,1259517
16073668,9,1259517
16074880,7,1259517
16076092,6,1259517
16077305,4,1259517
16078517,4,1259517
16079729,3,1259517
16080942,6,1256280
16082154,5,1256280
16083366,3,1256280
16090640,11,1256280
16091853,6,1256074
16093065,5,1256074
16094277,7,1256074
16095489,7,1256074
16096702,2,1256074
16097914,8,1256074
16099126,6,1256074
16100339,4,1256074
16101551,3,1256074
16102763,6,1257307
16103976,8,1257307
16105188,13,1257307
16106400,13,1257307
16107612,10,1257307
16108825,3,1257307
16110037,4,1257307
16111250,3,1257307
16112462,4,1257307
16113675,12,1254789
16114886,7,1258746
16116098,9,1258746
16117311,5,1258746
16118524,3,1258746
16119735,0,1258746
16120948,1,1258746
16122160,3,1258746
16123373,2,1258746
16124585,3,1258746
16125797,7,1252065
16127010,6,1252065
16128222,5,1252065
16129435,5,1252065
16130646,0,1252065
16131859,-2,1252065
16133072,2,1252065
16134284,2,1252065
16135496,5,1252065
16136708,5,1255920
16137921,8,1255920
16139132,8,1255920
16140345,3,1255920
16141557,1,1255920
16142769,-3,1255920
16143982,7,1255920
16145194,6,1255920
16146407,6,1255920
16147618,11,1258644
16148831,6,1258644
16150043,4,1258644
16151255,4,1258644
16152468,2,1258644
16153680,4,1258644
16154892,1,1258644
16156105,3,1258644
16157317,7,1258644
16158529,8,1279611
16159741,5,1279611
16160954,5,1279611
16162166,4,1279611
16163378,7,1279611
16164591,4,1279611
16165803,3,1279611
16167015,6,1279611
16174289,-1,1279611
16175502,3,1279611
16176714,3,1279611
16177926,9,1279611
16179139,13,1266455
16180351,6,1266474
16181563,3,1257770
16182775,4,1257770
16183988,4,1257770
16185200,3,1257770
16186413,2,1257770
16187625,5,1257770
16188837,4,1257770
16190050,6,1257770
16191262,6,1257770
16192475,8,1257770
16193687,8,1257770
16194899,5,1257770
16196111,3,1257770
16197324,5,1257770
16198536,8,1257770
16199748,8,1257770
16200961,9,1251655
16202172,6,1251655
16203385,5,1251655
16204597,7,1251655
16205810,5,1251655
16207022,3,1251655
16208234,3,1251655
16209446,6,1251655
16210659,7,1251655
16211871,10,1251655
16213083,6,1255303
16214295,7,1255303
16215508,3,1255303
16216721,3,1255303
16217932,5,1255303
16219145,5,1255303
16220357,6,1255303
16221570,7,1255303
16222782,9,1255303
16223994,6,1274215
16225206,5,1274215
16226419,4,1274215
16227631,7,1274215
16228843,6,1274215
16230056,5,1274215
16231269,4,1274215
16232480,4,1274215
16233693,6,1274215
16234905,9,1260031
16236117,7,1260031
16237330,9,1260031
16238542,7,1260031
16239754,2,1260031
16240967,5,1260031
16242179,2,1260031
16243391,6,1260031
16244603,10,1260031
16245816,8,1275500
16247029,5,1275500
16248241,6,1275500
16249453,4,1275500
16250665,8,1275500
16259153,6,1275500
16260364,11,1275500
16261577,7,1275500
16262789,2,1275500
16264002,2,1275500
16265214,4,1275500
16266426,8,1275500
16267639,8,1271080
16268851,8,1271080
16270063,10,1271080
16271276,7,1271080
16272488,3,1271080
16273701,4,1271080
16274913,6,1271080
16276125,7,1271080
16277338,9,1271080
16278551,6,1273650
16279762,6,1273650
16280975,9,1273650
16282187,5,1273650
16283400,3,1273650
16284612,5,1273650
16285825,8,1273650
16287036,7,1273650
16288249,7,1273650
16289461,4,1281358
16290674,3,1281358
16291886,3,1281358
16293099,9,1281358
16294311,8,1281358
16295524,10,1281358
16296735,10,1281358
16297948,7,1281358
16299160,6,1281358
16300372,9,1315534
16301585,2,1311577
16302797,3,1311577
16304009,2,1311577
16305222,5,1311577
16306434,8,1311577
16307647,8,1311577
16308859,3,1311577
16310072,4,1311577
16311283,3,1311577
16312496,3,1290044
16313708,3,1290044
16314921,5,1290044
16316132,7,1290044
16317345,6,1290044
16318557,5,1290044
16319770,4,1290044
16320982,8,1290044
16322195,5,1290044
16323407,0,1268254
16324619,4,1268254
16325832,5,1268254
16327045,6,1268254
16328256,6,1268254
16329469,5,1268254
16330681,7,1268254
16331893,3,1268254
16333106,4,1268254
16334318,3,1278378
16335531,5,1278378
16344017,3,1278378
16345230,3,1275706
16346441,6,1275706
16347654,6,1275706
16348866,6,1275706
16350079,6,1275706
16351291,4,1275706
16352504,4,1275706
16353716,0,1275706
16354928,3,1275706
16356141,5,1275670
16357353,7,1280022
16358565,5,1280022
16359778,2,1280022
16360990,5,1280022
16362203,3,1280022
16363415,-1,1280022
16364627,0,1280022
16365839,3,1280022
16367051,4,1280219
16368264,4,1277915
16369477,7,1277915
16370688,4,1277915
16371901,5,1277915
16373114,5,1277915
16374325,3,1277915
16375538,0,1277915
16376751,1,1277915
16377962,3,1277915
16379175,8,1277915
16380387,9,1277915
16381600,11,1277915
16382812,10,1277915
16384025,7,1277915
16385236,6,1277915
16386449,2,1277915
16387661,2,1263012
16388874,0,1263012
16390086,3,1263012
16391298,8,1263012
16392510,10,1263012
16393723,11,1263012
16394935,11,1263012
16396147,7,1263012
16397360,2,1263012
16398573,1,1263012
16399785,6,1260648
16400997,4,1260648
16402210,7,1260648
16403422,10,1260648
16404634,15,1260648
16405846,13,1260648
16407059,12,1260648
16408271,5,1260648
16409484,0,1260648
16410697,1,1282541
16411908,-3,1282541
16413121,4,1282541
16414334,11,1282541
16415546,14,1282541
16416758,14,1282541
16417971,6,1282541
16419183,1,1282541
16420395,14,1282541
16427669,14,1282541
16428882,9,1282541
16430094,1,1282541
16431307,-2,1282541
16432520,-2,1276219
16433732,-5,1276219
16434944,5,1276219
16436156,13,1276219
16437369,15,1276219
16438581,13,1276219
16439793,7,1276219
16441006,2,1276219
16442218,-1,1276219
16443430,0,1263629
16444642,4,1263629
16445855,13,1263629
16447067,17,1263629
16448280,16,1263629
16449492,12,1263629
16450705,4,1263629
16451917,1,1263629
16453129,-2,1263629
16454341,1,1244254
16455553,4,1244254
16456766,15,1244254
16457978,19,1244254
16459191,14,1244254
16460403,6,1244254
16461616,1,1244254
16462828,-2,1244254
16464041,-5,1244254
16465252,3,1243483
16466465,8,1243483
16467677,21,1243483
16468890,18,1243483
16470102,16,1243483
16471314,6,1243483
16472528,-3,1243483
16473739,-11,1243483
16474951,-5,1243483
16476164,0,1249393
16477377,12,1249393
16478589,19,1249393
16479801,22,1249393
16481013,17,1249393
16482226,3,1249393
16483438,-7,1249393
16484650,-8,1249393
16485863,-3,1249393
16487075,6,1272416
16488287,15,1261984
16489500,16,1261984
16490712,14,1261984
16491925,10,1261984
16493137,3,1261984
16494349,-6,1261984
16495561,-12,1261984
16496774,-11,1261984
16497986,3,1261984
16499198,10,1248879
16500411,14,1248879
16501623,21,1248879
16502835,12,1248879
16504048,16,1248879
16512535,15,1248879
16513747,18,1248879
16514959,6,1248879
16516172,-3,1248879
16517384,-9,1248879
16518596,-6,1248879
16519808,2,1242507
16521020,5,1240914
16522233,15,1240914
16523445,17,1240914
16524658,12,1240914
16525870,3,1240914
16527082,-7,1240914
16528294,-12,1240914
16529507,-8,1240914
16530719,4,1240914
16531931,12,1240914
16533143,17,1240914
16534356,17,1240914
16535568,11,1240914
16536780,-1,1240914
16537993,-6,1240914
16539205,-8,1240914
16540418,-8,1240914
16541629,3,1240914
16542843,13,1240840
16544054,19,1248776
16545266,14,1248776
16546479,9,1248776
16547691,3,1248776
16548903,-10,1248776
16550116,-12,1248776
16551328,-7,1248776
16552541,4,1248776
16553753,17,1248883
16554965,21,1263731
16556178,17,1263731
16557390,8,1263731
16558602,-7,1263731
16559815,-14,1263731
16561027,-14,1263731
16562239,-4,1263731
16563452,8,1263731
16564663,20,1263731
16565876,22,1263731
16567088,19,1263731
16568301,8,1263731
16569513,-1,1263731
16570725,-14,1263731
16571938,-16,1263731
16573150,-8,1263731
16574362,11,1253659
16575575,22,1253659
16576787,28,1253659
16577999,25,1253659
16579212,11,1253659
16580424,-6,1253659
16581637,-19,1253659
16582849,-20,1253659
16584061,-7,1253659
16585273,9,1253659
16586485,25,1249290
16587698,37,1249290
16588910,-11,1249290
16596184,15,1249290
16597397,25,1246721
16598609,30,1246721
16599822,34,1246721
16601034,12,1246721
16602246,-2,1246721
16603459,-15,1246721
16604671,-15,1246721
16605883,-4,1246721
16607095,10,1246721
16608308,25,1245282
16609521,29,1245282
16610732,18,1245282
16611945,7,1245282
16613157,-7,1245282
16614370,-13,1245282
16615582,-12,1245282
16616794,3,1245282
16618007,17,1245282
16619219,25,1247903
16620432,25,1247903
16621645,20,1247903
16622856,7,1247903
16624069,-9,1247903
16625281,-14,1247903
16626493,-12,1247903
16627706,3,1247903
16628918,15,1247903
16630130,27,1259826
16631343,25,1259826
16632555,15,1259826
16633767,3,1259826
16634980,-9,1259826
16636193,-11,1259826
16637404,-3,1259826
16638618,8,1259826
16639830,21,1259826
16641042,29,1274112
16642254,17,1274112
16643467,11,1274112
16644679,3,1274112
16645892,-10,1274112
16647104,-9,1274112
16648316,-1,1274112
16649528,10,1274112
16650741,21,1274112
16651953,22,1260802
16653165,17,1260802
16654377,11,1260802
16655590,-3,1260802
16656802,-7,1260802
16658015,-3,1260802
16659228,1,1260802
16660439,13,1260802
16661652,17,1260802
16662865,19,1256434
16664077,10,1256434
16665289,3,1256434
16666501,1,1256434
16667714,-2,1256434
16668926,3,1256434
16670138,4,1256434
16671351,11,1256434
16672563,4,1256434
16681049,7,1256434
16682262,12,1256434
16683475,15,1256434
16684687,11,1270721
16685899,4,1339019
16687111,1,1339019
16688324,0,1339019
16689536,-2,1339019
16690748,4,1339019
16691961,8,1339019
16693173,14,1339019
16694386,9,1339019
16695598,5,1339019
16696810,2,1326223
16698022,1,1326223
16699235,-5,1326223
16700447,2,1326223
16701659,4,1326223
16702871,7,1326223
16704084,6,1326223
16705297,4,1326223
16706508,6,1326223
16707720,0,1335319
16708933,4,1335319
16710145,4,1335319
16711358,3,1335319
16712570,6,1335319
16713782,5,1335319
16714994,5,1335319
16716206,6,1335319
16717419,1,1335319
16718631,4,1335319
16719843,1,1335319
16721056,6,1335319
16722268,7,1335319
16723481,10,1335319
16724692,3,1335319
16725905,2,1335319
16727117,1,1335319
16728329,6,1335319
16729542,6,1335537
16730754,6,1338865
16731966,5,1338865
16733179,5,1338865
16734391,-1,1338865
16735603,-2,1338865
16736816,1,1338865
16738029,3,1338865
16739240,6,1338865
16740452,13,1338726
16741665,12,1342822
16742877,8,1342822
16744090,1,1342822
16745302,-3,1342822
16746514,-3,1342822
16747727,-2,1342822
16748939,5,1342822
16750151,7,1342822
16751364,4,1342822
16752576,6,1342822
16753788,11,1342822
16755000,5,1342822
16756213,2,1342822
16757425,10,1342822
16764699,3,1342822
16765911,2,1342822
16767124,5,1342822
16768335,3,1342822
16769548,6,1342822
16770761,8,1342822
16771973,11,1342822
16773185,13,1338094
16774397,7,1338094
16775609,7,1338094
16776822,4,1338094
16778034,0,1338094
16779246,-2,1338094
16780458,3,1338094
16781671,10,1338094
16782883,12,1338094
16784095,17,1335936
16785308,10,1335936
16786520,9,1335936
16787732,2,1335936
16788945,0,1335936
16790157,1,1335936
16791369,1,1335936
16792582,7,1335936
16793794,13,1335936
16795006,16,1334754
16796219,12,1334754
16797431,7,1334754
16798643,3,1334754
16799856,-1,1334754
16801069,-1,1334754
16802280,3,1334754
16803493,9,1334754
16804705,11,1334754
16805917,14,1334343
16807130,8,1334343
16808343,6,1334343
16809555,1,1334343
16810767,0,1334343
16811979,2,1334343
16813192,4,1334343
16814403,9,1334343
16815616,12,1334343
16816829,13,1337221
16818041,6,1337221
16819253,5,1337221
16820465,2,1337221
16821678,6,1337221
16822890,2,1337221
16824102,5,1337221
16825314,8,1337221
16826526,12,1337221
16827739,12,1334857
16828952,6,1334857
16830163,7,1334857
16831376,7,1334857
16832588,1,1334857
16833800,2,1334857
16835012,9,1334857
16836225,10,1334857
16837437,13,1334857
16838650,11,1332236
16839861,5,1332236
16841074,4,1332236
16848347,12,1332236
16849559,13,1332287
16850771,5,1332287
16851984,6,1332287
16853196,5,1332287
16854409,2,1332287
16855620,4,1332287
16856833,7,1332287
16858045,7,1332287
16859258,6,1332287
16860470,9,1332544
16861682,5,1336450
16862895,3,1336450
16864107,5,1336450
16865319,5,1336450
16866531,2,1336450
16867745,3,1336450
16868956,4,1336450
16870169,5,1336450
16871381,4,1336450
16872593,3,1333932
16873805,3,1333932
16875018,3,1333932
16876230,1,1333932
16877442,4,1333932
16878655,3,1333932
16879867,7,1333932
16881079,4,1333932
16882292,5,1333932
16883505,2,1336450
16884716,-1,1336450
16885929,4,1336450
16887142,5,1336450
16888354,4,1336450
16889565,3,1336450
16890778,4,1336450
16891990,4,1336450
16893203,3,1336450
16894415,4,1333367
16895627,2,1333367
16896840,-1,1333367
16898052,0,1333367
16899264,-3,1333367
16900476,9,1333367
16901689,14,1333367
16902901,17,1333367
16904114,10,1333367
16905325,3,1333421
16906538,-2,1334189
16907751,-4,1334189
16908963,-2,1334189
16910175,4,1334189
16911387,4,1334189
16912599,3,1334189
16913812,4,1334189
16915025,5,1334189
16916236,5,1334193
16917448,6,1335217
16918661,5,1335217
16919874,5,1335217
16921086,2,1335217
16922298,2,1335217
16923510,3,1335217
16924722,9,1335217
16932119,2,1335217
16933208,3,1335217
16934421,1,1335217
16935633,4,1335217
16936845,7,1333418
16938058,6,1333418
16939270,6,1333418
16940483,10,1333418
16941695,4,1333418
16942906,4,1333418
16944120,3,1333418
16945331,5,1333418
16946544,6,1333418
16947756,7,1333418
16948968,9,1334343
16950180,6,1334343
16951393,7,1334343
16952605,3,1334343
16953818,5,1334343
16955030,5,1334343
16956242,5,1334343
16957455,4,1334343
16958667,5,1334343
16959879,9,1333778
16961092,5,1333778
16962303,4,1333778
16963516,5,1333778
16964729,2,1333778
16965941,4,1333778
16967153,2,1333778
16968365,7,1333778
16969577,7,1333778
16970790,7,1337221
16972002,2,1337221
16973214,4,1337221
16974426,4,1337221
16975639,8,1337221
16976851,8,1337221
16978063,13,1337221
16979276,13,1337221
16980488,9,1337221
16981701,6,1332750
16982913,-2,1332750
16984125,1,1332750
16985338,4,1332750
16986550,9,1332750
16987762,10,1332750
16988974,12,1332750
16990187,8,1332750
16991399,5,1332750
16992611,4,1336604
16993823,-4,1336604
16995037,1,1336604
16996248,7,1336604
16997461,9,1336604
16998673,16,1336604
16999885,11,1336604
17001097,8,1336604
17002309,2,1336604
17003522,2,1335217
17004734,-2,1335217
17005946,4,1335217
17007158,6,1335217
17008371,0,1334240
17015645,15,1334240
17016857,7,1334240
17018069,11,1334240
17019281,14,1334240
17020494,13,1334240
17021706,9,1334240
17022918,3,1334240
17024130,1,1334240
17025342,4,1334291
17026556,3,1334291
17027767,6,1334291
17028979,11,1334291
17030191,13,1334291
17031404,10,1334291
17032616,7,1334291
17033829,3,1334291
17035041,2,1334291
17036253,3,1335782
17037465,4,1346471
17038677,8,1346471
17039890,8,1346471
17041101,6,1346471
17042313,5,1346471
17043526,3,1346471
17044738,-2,1346471
17045950,2,1346471
17047162,5,1346471
17048375,9,1330746
17049587,4,1330746
17050800,6,1330746
17052012,4,1330746
17053224,5,1330746
17054435,2,1330746
17055648,3,1330746
17056860,3,1330746
17058073,4,1330746
17059284,6,1335679
17060497,3,1335679
17061709,5,1335679
17062921,6,1335679
17064134,3,1335679
17065345,-1,1335679
17066558,2,1335679
17067770,4,1335679
17068982,6,1335679
17070195,5,1336347
17071407,4,1336347
17072619,2,1336347
17073832,5,1336347
17075043,4,1336347
17076256,7,1336347
17077468,5,1336347
17078680,8,1336347
17079893,5,1336347
17081105,3,1337221
17082317,4,1337221
17083530,5,1337221
17084741,2,1337221
17085954,2,1337221
17087166,5,1337221
17088378,6,1337221
17089590,4,1337221
17090804,4,1337221
17092015,11,1337221
17099289,7,1337221
17100501,1,1337221
17101713,3,1336347
17102925,2,1336450
17104137,2,1336450
17105350,4,1336450
17106562,6,1336450
17107774,7,1336450
17108986,8,1336450
17110199,3,1336450
17111411,2,1336450
17112623,-1,1336450
17113836,1,1336450
17115048,2,1336450
17116260,9,1336450
17117473,13,1336450
17118685,19,1336450
17119897,12,1336450
17121110,4,1336450
17122321,1,1336450
17123534,-2,1336450
17124746,-6,1336450
17125958,2,1336450
17127170,12,1336450
17128383,18,1336450
17129596,17,1336450
17130808,12,1336450
17132020,5,1336450
17133232,1,1336450
17134444,-2,1336450
17135657,1,1333726
17136869,4,1333726
17138082,12,1333726
17139294,17,1333726
17140506,18,1333726
17141718,11,1333726
17142931,5,1333726
17144143,-1,1333726
17145355,-3,1333726
17146568,1,1332647
17147780,4,1332647
17148993,17,1332647
17150205,20,1332647
17151417,13,1332647
17152629,4,1332647
17153843,1,1332647
17155053,-3,1332647
17156266,-2,1332647
17157478,5,1330694
17158690,12,1330694
17159902,15,1330694
17161115,15,1330694
17162327,11,1330694
17163539,6,1330694
17164751,-1,1330694
17165963,0,1330694
17167176,4,1330694
17168388,6,1332904
17169600,12,1332904
17170813,14,1332904
17172025,11,1332904
17173237,7,1332904
17174449,3,1332904
17175662,11,1332904
17184147,4,1332904
17185360,1,1332904
17186572,1,1332904
17187785,1,1332904
17188997,5,1332904
17190209,13,1334137
17191421,13,1334137
17192634,15,1334137
17193846,13,1334137
17195058,5,1334137
17196270,1,1334137
17197483,-1,1334137
17198696,1,1334137
17199908,8,1334137
17201120,13,1335679
17202332,9,1335679
17203544,14,1335679
17204757,10,1335679
17205969,6,1335679
17207181,3,1335679
17208393,2,1335679
17209605,1,1335679
17210818,5,1335679
17212030,6,1335833
17213242,3,1335833
17214454,5,1335833
17215667,5,1335833
17216879,2,1335833
17218091,7,1335833
17219304,8,1335833
17220516,10,1335833
17221729,10,1335833
17222940,10,1334394
17224153,6,1335936
17225365,5,1335936
17226577,2,1335936
17227790,4,1335936
17229002,4,1335936
17230214,5,1335936
17231426,5,1335936
17232639,9,1335936
17233851,3,1335936
17235063,3,1336193
17236275,-3,1336193
17237489,4,1336193
17238700,3,1336193
17239912,5,1336193
17241125,8,1336193
17242337,7,1336193
17243550,5,1336193
17244762,4,1336193
17245974,5,1334394
17247186,3,1334394
17248398,3,1334394
17249611,5,1334394
17250823,8,1334394
17252035,5,1334394
17253248,8,1334394
17254460,4,1334394
17255672,7,1334394
17256885,3,1337426
17258097,1,1337426
17259309,1,1337426
17260521,11,1337118
17269008,13,1337118
17270219,10,1337118
17271432,4,1337118
17272644,3,1337118
17273857,-3,1337118
17275069,-8,1337118
17276281,-4,1337118
17277493,2,1337118
17278705,13,1337147
17279918,20,1331259
17281130,17,1331259
17282342,9,1331259
17283554,1,1331259
17284767,-7,1331259
17285980,-17,1331259
17287191,-27,1331259
17288404,-12,1331259
17289616,9,1331264
17290828,35,1332544
17292041,40,1332544
17293253,34,1332544
17294465,14,1332544
17295678,-10,1332544
17296890,-30,1332544
17298102,-37,1332544
17299314,-22,1332544
17300526,1,1332544
17301739,27,1332544
17302951,54,1332544
17304163,54,1332544
17305376,31,1332544
17306588,0,1332544
17307800,-26,1332544
17309012,-39,1332544
17310225,-26,1315893
17311437,1,1315893
17312649,31,1315893
17313862,49,1315893
17315074,46,1315893
17316286,25,1315893
17317498,-2,1315893
17318711,-23,1315893
17319923,-30,1315893
17321135,-19,1315893
17322348,3,1321855
17323560,24,1321855
17324772,42,1321855
17325985,41,1321855
17327197,18,1321855
17328409,-6,1321855
17329621,-17,1321855
17330834,-21,1321855
17332046,-10,1321855
17333258,12,1322883
17334470,24,1322883
17335683,35,1322883
17336895,26,1322883
17338107,7,1322883
17339320,-6,1322883
17340532,-14,1322883
17341744,-12,1322883
17342956,0,1322883
17344169,16,1324424
17345381,-2,1324424
17353866,3,1324424
17355079,14,1326891
17356291,16,1326891
17357504,18,1326891
17358716,10,1326891
17359927,2,1326891
17361141,-8,1326891
17362352,-5,1326891
17363565,-4,1326891
17364777,10,1326891
17365989,17,1325606
17367201,19,1325606
17368413,12,1325606
17369626,6,1325606
17370838,-1,1325606
17372050,-3,1325606
17373262,-3,1325606
17374475,3,1325606
17375687,11,1325606
17376899,17,1334086
17378112,14,1334086
17379324,11,1334086
17380536,5,1334086
17381748,3,1334086
17382961,-2,1334086
17384173,1,1334086
17385385,5,1334086
17386597,7,1334086
17387809,13,1330900
17389022,7,1330900
17390234,7,1330900
17391447,10,1330900
17392659,3,1330900
17393870,1,1330900
17395083,4,1330900
17396296,3,1330900
17397508,8,1330900
17398720,9,1333932
17399932,9,1333932
17401144,8,1333932
17402356,5,1333932
17403568,4,1333932
17404780,4,1333932
17405993,4,1333932
17407205,10,1333932
17408417,6,1333932
17409629,9,1334137
17410843,4,1337118
17412054,3,1337118
17413266,5,1337118
17414479,7,1337118
17415691,5,1337118
17416904,5,1337118
17418115,3,1337118
17419328,2,1337118
17420540,5,1337118
17421752,3,1335011
17422965,5,1335011
17424177,10,1335011
17425389,6,1335011
17426601,4,1335011
17427813,6,1335011
17429026,2,1335011
17430238,9,1335011
17438724,5,1335011
17439936,6,1335011
17441149,7,1335011
17442360,5,1340047
17443573,5,1333726
17444785,5,1333726
17445998,4,1333726
17447210,4,1333726
17448422,3,1333726
17449634,5,1333726
17450846,-2,1333726
17452059,-1,1333726
17453271,2,1333726
17454483,7,1341332
17455695,7,1341332
17456908,5,1341332
17458121,5,1341332
17459332,4,1341332
17460545,2,1341332
17461757,0,1341332
17462970,4,1341332
17464182,8,1341332
17465394,5,1341312
17466606,5,1335936
17467819,4,1335936
17469032,4,1335936
17470243,4,1335936
17471455,1,1335936
17472667,3,1335936
17473881,3,1335936
17475093,5,1335936
17476304,6,1336029
17477517,9,1333469
17478729,4,1333469
17479942,2,1333469
17481154,-2,1333469
17482366,3,1333469
17483578,2,1333469
17484790,5,1333469
17486003,5,1333469
17487215,6,1333469
17488428,5,1333469
17489641,8,1333469
17490853,6,1333469
17492065,1,1333469
17493277,3,1333469
17494489,5,1333469
17495702,6,1333469
17496914,11,1335987
17498126,11,1335987
17499339,5,1335987
17500551,7,1335987
17501763,2,1335987
17502976,3,1335987
17504189,1,1335987
17505400,6,1335987
17506612,7,1335987
17507825,11,1335987
17509037,8,1335628
17510249,3,1335628
17511461,2,1335628
17512674,6,1335628
17513886,4,1335628
17515098,3,1335628
17522372,6,1335628
17523585,1,1335628
17524796,6,1335628
17526009,7,1335628
17527221,8,1335628
17528433,10,1335628
17529646,9,1335628
17530858,6,1338197
17532070,5,1338197
17533283,6,1338197
17534496,6,1338197
17535708,4,1338197
17536920,4,1338197
17538132,4,1338197
17539345,6,1338197
17540556,11,1338197
17541770,8,1339893
17542981,8,1339893
17544194,9,1339893
17545406,2,1339893
17546618,2,1339893
17547831,1,1339893
17549043,2,1339893
17550255,5,1339893
17551468,7,1339893
17552680,16,1336090
17553892,8,1336090
17555104,7,1336090
17556317,3,1336090
17557529,1,1336090
17558741,1,1336090
17559954,4,1336090
17561166,7,1336090
17562378,11,1336090
17563591,10,1332647
17564803,9,1332647
17566015,7,1332647
17567228,2,1332647
17568440,4,1332647
17569653,3,1332647
17570865,5,1332647
17572077,5,1332647
17573289,9,1332647
17574501,9,1337735
17575714,6,1337735
17576926,8,1337735
17578138,7,1337735
17579351,2,1337735
17580563,2,1337735
17581775,5,1337735
17582987,5,1337735
17584201,7,1337735
17585413,9,1338608
17586624,4,1338608
17587837,8,1338608
17589050,2,1338608
17590262,6,1338608
17591474,5,1338608
17592687,8,1338608
17593898,8,1338608
17595111,8,1338608
17596323,7,1332647
17597536,4,1335011
17598748,7,1335011
17606119,8,1335011
17607235,8,1335011
17608446,0,1335011
17609658,2,1335011
17610871,4,1335011
17612083,6,1335011
17613296,8,1335011
17614508,8,1335011
17615721,7,1335011
17616933,3,1335011
17618145,3,1337838
17619357,2,1337838
17620569,4,1337838
17621782,5,1337838
17622994,4,1337838
17624206,5,1337838
17625419,1,1337838
17626631,1,1337838
17627843,6,1337838
17629056,5,1337838
17630268,4,1338197
17631481,6,1338197
17632693,5,1338197
17633906,3,1338197
17635117,4,1338197
17636330,5,1338197
17637542,2,1338197
17638755,4,1338197
17639967,6,1338197
17641179,9,1335987
17642391,4,1335987
17643603,1,1335987
17644816,5,1335987
17646029,4,1335987
17647240,5,1335987
17648452,1,1335987
17649665,5,1335987
17650877,4,1335987
17652090,4,1335942
17653302,4,1337478
17654514,1,1337478
17655726,4,1337478
17656938,3,1337478
17658151,7,1337478
17659363,4,1337478
17660575,3,1337478
17661787,4,1337478
17663000,4,1337372
17664212,4,1336604
17665424,5,1336604
17666637,5,1336604
17667849,3,1336604
17669061,3,1336604
17670273,6,1336604
17671485,8,1336604
17672697,5,1336604
17673910,5,1336604
17675122,3,1336604
17676334,7,1336604
17677546,6,1336604
17678759,6,1336604
17679971,5,1336604
17681184,7,1336604
17682395,2,1336604
17689670,2,1336604
17690881,-15,1336604
17692094,-18,1336604
17693307,-7,1336604
17694519,12,1336604
17695731,20,1334651
17696943,29,1334651
17698156,29,1334651
17699368,15,1334651
17700581,3,1334651
17701793,-4,1334651
17703005,-3,1334651
17704218,3,1334651
17705430,7,1334651
17706643,17,1331722
17707856,20,1331722
17709068,20,1331722
17710280,11,1331722
17711492,2,1331722
17712705,-4,1331722
17713917,-4,1331722
17715129,-2,1331722
17716341,7,1331722
17717553,16,1326429
17718766,14,1326429
17719978,16,1326429
17721190,11,1326429
17722403,5,1326429
17723615,1,1326429
17724828,3,1326429
17726040,4,1326429
17727253,11,1326429
17728465,13,1335576
17729677,12,1335576
17730889,10,1335576
17732102,5,1335576
17733314,3,1335576
17734526,0,1335576
17735738,3,1335576
17736951,7,1335576
17738164,12,1335576
17739376,16,1334908
17740587,10,1334908
17741800,8,1334908
17743013,4,1334908
17744225,3,1334908
17745437,3,1334908
17746649,4,1334908
17747862,7,1334908
17749074,6,1334908
17750286,11,1337889
17751499,7,1337889
17752711,3,1337889
17753923,4,1337889
17755135,5,1337889
17756347,7,1337889
17757560,6,1337889
17758773,6,1337889
17759984,12,1337889
17761197,7,1339019
17762409,4,1339019
17763622,4,1339019
17764834,4,1339019
17766046,7,1335439
17773320,8,1339791
17774532,-1,1339791
17775744,2,1339791
17776957,3,1339791
17778169,4,1339791
17779381,7,1339791
17780593,5,1339791
17781806,2,1339791
17783018,3,1339791
17784231,2,1338300
17785442,4,1338300
17786654,5,1338300
17787868,4,1338300
17789080,4,1338300
17790292,7,1338300
17791505,5,1338300
17792716,4,1338300
17793929,4,1338300
17795141,5,1335628
17796353,5,1335628
17797566,2,1335628
17798778,3,1335628
17799990,7,1335628
17801203,5,1335628
17802415,5,1335628
17803627,4,1335628
17804840,3,1335628
17806053,2,1338094
17807264,4,1338094
17808477,9,1338094
17809689,6,1338094
17810901,4,1338094
17812114,4,1338094
17813326,4,1338094
17814538,4,1338094
17815751,3,1338094
17816963,5,1336861
17818175,7,1336861
17819388,3,1336861
17820600,5,1336861
17821813,3,1336861
17823024,4,1336861
17824237,5,1336861
17825449,4,1336861
17826661,5,1336861
17827874,6,1336861
17829086,5,1336861
17830298,4,1336861
17831511,4,1336861
17832723,2,1336861
17833935,4,1336861
17835148,6,1336861
17836360,4,1336861
17837572,5,1336861
17838785,4,1337002
17839997,4,1333418
17841209,5,1333418
17842422,-1,1333418
17843634,6,1333418
17844846,4,1333418
17846058,3,1333418
17847271,5,1333418
17848484,5,1333418
17849696,7,1333418
17858184,7,1333418
17859395,4,1335422
17860608,4,1335422
17861820,4,1335422
17863033,4,1335422
17864246,8,1335422
17865458,7,1335422
17866671,12,1335422
17867883,6,1335422
17869096,4,1335422
17870308,7,1333161
17871521,4,1333161
17872733,4,1333161
17873946,5,1333161
17875158,8,1333161
17876371,9,1333161
17877583,7,1333161
17878795,7,1333161
17880009,8,1333161
17881221,7,1333161
17882433,4,1334086
17883645,4,1334086
17884858,4,1334086
17886071,6,1334086
17887283,9,1334086
17888496,8,1334086
17889708,5,1334086
17890921,7,1334086
17892133,9,1334086
17893346,7,1335730
17894558,4,1335730
17895770,6,1335730
17896983,11,1335730
17898195,6,1335730
17899408,3,1335730
17900621,4,1335730
17901834,7,1335730
17903046,6,1335730
17904258,7,1336810
17905471,5,1336810
17906684,10,1336810
17907895,7,1336810
17909109,5,1336810
17910321,9,1336810
17911533,9,1336810
17912746,7,1336810
17913958,6,1336810
17915171,6,1336553
17916384,5,1336553
17917596,5,1336553
17918809,6,1336553
17920021,4,1336553
17921233,7,1336553
17922446,5,1336553
17923659,6,1336553
17924871,8,1336553
17926083,6,1329615
17927297,4,1329615
17928508,8,1329615
17929721,4,1329615
17930934,7,1329615
17932146,9,1329615
17933358,7,1329615
17934571,5,1329615
17943059,7,1329615
17944272,8,1329615
17945485,9,1329615
17946697,6,1329615
17947909,6,1336758
17949122,3,1336758
17950335,9,1336758
17951548,9,1336758
17952759,5,1336758
17953973,6,1336758
17955185,7,1336758
17956397,7,1336758
17957609,5,1336758
17958822,8,1336707
17960035,4,1336707
17961247,8,1336707
17962460,8,1336707
17963672,9,1336707
17964885,7,1336707
17966097,7,1336707
17967310,6,1336707
17968522,8,1336707
17969734,5,1333007
17970947,6,1335062
17972159,4,1335062
17973372,8,1335062
17974584,5,1335062
17975797,3,1335062
17977009,3,1335062
17978222,4,1335062
17979434,4,1335062
17980647,4,1335062
17981859,3,1335679
17983072,7,1335679
17984285,4,1335679
17985497,4,1335679
17986710,6,1335679
17987922,6,1335679
17989135,5,1335679
17990347,4,1335679
17991560,5,1335679
17992771,5,1335679
17993984,5,1335679
17995196,4,1335679
17996409,4,1335679
17997622,4,1335679
17998834,0,1335679
18000046,3,1335679
18001259,5,1335679
18002471,4,1335679
18003684,6,1334549
18004897,4,1334549
18006109,1,1334549
18007321,5,1334549
18008534,3,1334549
18009746,6,1334549
18010959,5,1334549
18012171,4,1334549
18013384,3,1334549
18014596,4,1332493
18015809,5,1332493
18017022,2,1332493
18018233,3,1332493
18019446,4,1332493
18027933,6,1332493
18029146,6,1332493
18030359,8,1332493
18031571,8,1332493
18032783,7,1332493
18033996,7,1332493
18035209,5,1334137
18036421,3,1334186
18037634,3,1333418
18038846,5,1333418
18040059,2,1333418
18041272,4,1333418
18042484,8,1333418
18043697,5,1333418
18044909,6,1333418
18046121,4,1333418
18047334,4,1333418
18048547,2,1333418
18049759,7,1333418
18050971,8,1333418
18052184,7,1333418
18053396,2,1333418
18054609,5,1333418
18055821,8,1333418
18057034,7,1336758
18058246,4,1336758
18059459,4,1336758
18060671,10,1336758
18061883,5,1336758
18063097,6,1336758
18064309,4,1336758
18065521,10,1336758
18066734,5,1336758
18067946,5,1336758
18069158,4,1334959
18070371,6,1334959
18071584,7,1334959
18072796,6,1334959
18074009,5,1334959
18075221,8,1334959
18076433,6,1334959
18077646,5,1334959
18078858,9,1334959
18080070,10,1334086
18081283,6,1334086
18082495,7,1334086
18083708,6,1334086
18084921,7,1334086
18086133,10,1334086
18087345,8,1334086
18088558,9,1334086
18089770,7,1334086
18090982,6,1336039
18092195,4,1336039
18093408,4,1336039
18094621,7,1336039
18095833,5,1336039
18097045,7,1336039
18098257,7,1336039
18099469,6,1336039
18100682,12,1336039
18101894,7,1332184
18103107,4,1332184
18104319,9,1332184
18111594,3,1332184
18112807,5,1333161
18114019,5,1333161
18115231,8,1333161
18116444,8,1333161
18117656,7,1333161
18118869,7,1333161
18120081,8,1333161
18121294,7,1333161
18122506,7,1333161
18123718,3,1331362
18124931,3,1331362
18126144,6,1331362
18127356,7,1331362
18128568,4,1331362
18129781,6,1331362
18130993,8,1331362
18132206,9,1331362
18133418,5,1331362
18134631,4,1332441
18135842,5,1332441
18137055,5,1332441
18138267,6,1332441
18139480,7,1332441
18140692,7,1332441
18141905,7,1332441
18143117,5,1332441
18144330,6,1332441
18145543,8,1332184
18146755,0,1332184
18147967,7,1332184
18149179,6,1332184
18150392,4,1332184
18151605,6,1332184
18152817,4,1332184
18154030,3,1332184
18155242,7,1332184
18156455,5,1337375
18157668,4,1335422
18158879,3,1335422
18160092,7,1335422
18161304,3,1335422
18162518,4,1335422
18163730,6,1335422
18164942,4,1335422
18166155,5,1335422
18167367,4,1335422
18168580,2,1331157
18169793,5,1331157
18171005,2,1331157
18172218,4,1331157
18173430,4,1331157
18174642,6,1331157
18175855,2,1331157
18177068,4,1331157
18178280,5,1331157
18179492,5,1332390
18180705,4,1332390
18181917,3,1332390
18183130,5,1332390
18184343,4,1332390
18185555,4,1332390
18186768,3,1332390
18187980,5,1332390
18195255,-1,1332390
18196468,4,1332390
18197680,10,1332390
18198893,7,1332390
18200105,8,1333572
18201318,3,1335217
18202530,4,1335217
18203743,3,1335217
18204956,3,1335217
18206168,4,1335217
18207380,5,1335217
18208593,5,1335217
18209806,3,1335217
18211018,3,1335217
18212231,3,1335052
18213444,1,1332236
18214655,2,1332236
18215868,3,1332236
18217081,4,1332236
18218292,5,1332236
18219505,3,1332236
18220719,4,1332236
18221930,3,1332236
18223143,5,1332405
18224356,6,1336501
18225568,1,1336501
18226780,3,1336501
18227993,2,1336501
18229205,3,1336501
18230418,4,1336501
18231631,6,1336501
18232842,6,1336501
18234056,3,1336501
18235268,4,1336501
18236480,5,1336501
18237693,7,1336501
18238905,6,1336501
18240118,9,1336501
18241330,6,1336501
18242543,6,1336501
18243755,6,1336501
18244968,3,1336501
18246180,9,1336501
18247393,5,1336501
18248605,8,1336501
18249818,6,1336501
18251030,10,1336501
18252244,10,1336501
18253455,8,1336501
18254669,8,1336501
18255881,7,1335422
18257093,5,1335422
18258306,7,1335422
18259519,6,1335422
18260730,7,1335422
18261943,9,1335422
18263155,7,1335422
18264368,8,1335422
18265581,7,1335422
18266793,9,1333007
18268006,3,1333007
18269218,7,1333007
18270431,7,1333007
18271643,5,1333007
18280131,5,1333007
18281344,8,1333007
18282556,8,1333007
18283768,6,1333007
18284981,10,1333007
18286194,7,1333007
18287406,6,1333007
18288619,9,1332904
18289831,5,1332904
18291043,5,1332904
18292256,7,1332904
18293468,6,1332904
18294681,8,1332904
18295894,8,1332904
18297106,6,1332904
18298318,5,1332904
18299532,5,1333367
18300743,4,1333367
18301957,7,1333367
18303169,6,1333367
18304381,7,1333367
18305593,5,1333367
18306806,5,1333367
18308019,4,1333367
18309232,6,1333367
18310443,7,1332184
18311656,4,1332184
18312869,7,1332184
18314081,9,1332184
18315294,7,1332184
18316506,9,1332184
18317718,7,1332184
18318931,5,1332184
18320144,8,1332184
18321356,8,1333161
18322568,3,1333161
18323782,6,1333161
18324993,6,1333161
18326206,7,1333161
18327419,5,1333161
18328631,4,1333161
18329843,9,1333161
18331056,4,1333161
18332269,4,1337786
18333481,8,1337786
18334694,8,1337786
18335906,5,1337786
18337118,7,1337786
18338330,5,1337786
18339543,7,1337786
18340755,4,1337786
18341968,5,1337786
18343180,8,1332030
18344393,3,1331568
18345606,5,1331568
18346818,4,1331568
18348030,5,1331568
18349243,4,1331568
18350456,5,1331568
18351668,4,1331568
18352881,6,1331568
18354094,3,1331568
18355306,3,1335833
18356519,6,1335833
18365006,6,1335833
18366219,5,1333264
18367432,3,1333264
18368644,5,1333264
18369856,2,1333264
18371069,4,1333264
18372282,5,1333264
18373495,5,1333264
18374707,6,1333264
18375919,3,1333264
18377132,3,1334086
18378344,4,1334086
18379558,7,1334086
18380770,4,1334086
18381982,3,1334086
18383194,2,1334086
18384407,2,1334086
18385620,3,1334086
18386832,3,1334086
18388044,4,1331773
18389257,4,1331773
18390470,4,1331773
18391682,8,1331773
18392894,5,1331773
18394107,5,1331773
18395319,3,1331773
18396532,3,1331773
18397744,6,1331773
18398957,5,1331832
18400170,5,1333880
18401382,5,1333880
18402594,4,1333880
18403807,6,1333880
18405020,3,1333880
18406232,4,1333880
18407444,4,1333880
18408657,4,1333880
18409870,3,1333818
18411082,4,1331002
18412295,5,1331002
18413507,4,1331002
18414719,4,1331002
18415932,4,1331002
18417144,5,1331002
18418358,5,1331002
18419569,5,1331002
18420782,3,1331004
18421994,6,1331516
18423207,5,1331516
18424419,3,1331516
18425632,3,1331516
18426844,4,1331516
18428057,3,1331516
18429269,3,1331516
18430482,4,1331516
18431695,4,1331516
18432907,3,1331516
18434120,7,1331516
18435332,8,1331516
18436545,3,1331516
18437758,5,1331516
18438970,8,1331516
18440182,8,1331516
18441395,7,1331516
18448670,8,1331516
18449882,9,1331516
18451095,7,1331516
18452308,4,1331516
18453520,7,1335217
18454733,1,1335217
18455945,7,1335217
18457158,7,1335217
18458371,7,1335217
18459583,6,1335217
18460795,9,1335217
18462008,7,1335217
18463221,5,1335217
18464433,5,1332698
18465645,5,1332698
18466858,6,1332698
18468070,7,1332698
18469282,4,1332698
18470496,6,1332698
18471708,7,1332698
18472921,7,1332698
18474133,5,1332698
18475345,9,1335782
18476558,3,1335782
18477771,4,1335782
18478983,5,1335782
18480196,7,1335782
18481408,4,1335782
18482621,8,1335782
18483833,10,1335782
18485046,7,1335782
18486258,7,1335011
18487471,5,1335011
18488683,13,1335011
18489895,8,1335011
18491108,5,1335011
18492321,5,1335011
18493533,6,1335011
18494745,6,1335011
18495958,7,1335011
18497170,6,1332955
18498383,6,1332955
18499596,6,1332955
18500808,9,1332955
18502021,6,1332955
18503233,6,1332955
18504445,8,1332955
18505658,4,1332955
18506870,7,1332955
18508082,7,1335268
18509295,5,1335268
18510507,5,1335268
18511721,4,1335268
18512932,6,1335268
18514145,5,1335268
18515358,4,1335268
18516570,8,1335268
18517783,5,1335268
18518996,6,1331928
18520207,4,1331928
18521420,5,1331928
18522633,5,1331928
18523845,4,1331928
18525058,7,1331928
18532333,13,1331928
18533545,8,1331928
18534758,7,1331928
18535970,9,1331928
18537183,6,1331928
18538395,6,1331928
18539607,6,1331928
18540820,4,1331979
18542032,4,1332338
18543245,5,1332338
18544457,4,1332338
18545670,4,1332338
18546882,5,1332338
18548095,5,1332338
18549307,4,1332338
18550520,4,1332338
18551732,4,1332338
18552945,6,1332801
18554157,6,1332801
18555369,6,1332801
18556582,5,1332801
18557794,5,1332801
18559007,4,1332801
18560219,5,1332801
18561433,3,1332801
18562644,7,1332801
18563857,3,1338197
18565070,3,1338197
18566282,3,1338197
18567494,6,1338197
18568707,5,1338197
18569919,5,1338197
18571132,3,1338197
18572344,4,1338197
18573557,2,1338197
18574770,4,1334035
18575982,6,1334035
18577194,4,1334035
18578407,-1,1334035
18579620,2,1334035
18580831,4,1334035
18582044,5,1334035
18583256,3,1334035
18584469,4,1334035
18585681,6,1334035
18586894,5,1334035
18588106,4,1334035
18589319,6,1334035
18590532,6,1334035
18591744,1,1334035
18592957,4,1334035
18594169,6,1334035
18595382,5,1334035
18596594,4,1334179
18597806,4,1331619
18599019,4,1331619
18600232,3,1331619
18601445,4,1331619
18602656,5,1331619
18603869,4,1331619
18605082,4,1331619
18606294,4,1331619
18607507,3,1331586
18608719,8,1336450
18616119,5,1336450
18617206,1,1336450
18618419,4,1333264
18619632,14,1333264
18620844,3,1333264
18622057,4,1333264
18623269,5,1333264
18624482,6,1333264
18625694,3,1333264
18626907,5,1333264
18628119,5,1333264
18629332,3,1333264
18630545,5,1333264
18631757,5,1333264
18632969,8,1333264
18634182,10,1333264
18635395,5,1333264
18636607,6,1333264
18637820,7,1333264
18639032,5,1333264
18640244,7,1331362
18641457,5,1331362
18642670,7,1331362
18643882,6,1331362
18645094,3,1331362
18646307,8,1331362
18647519,7,1331362
18648733,8,1331362
18649944,5,1331362
18651157,6,1333212
18652370,5,1333212
18653583,6,1333212
18654795,5,1333212
18656008,4,1333212
18657220,7,1333212
18658433,6,1333212
18659645,9,1333212
18660858,7,1333212
18662071,11,1327816
18663283,5,1327816
18664496,6,1327816
18665708,4,1327816
18666920,5,1327816
18668133,5,1327816
18669345,9,1327816
18670558,6,1327816
18671770,8,1327816
18672983,9,1337170
18674195,5,1337170
18675408,7,1337170
18676621,4,1337170
18677833,5,1337170
18679046,5,1337170
18680258,6,1337170
18681471,6,1337170
18682683,11,1337170
18683896,6,1331414
18685109,3,1331414
18686321,5,1331414
18687533,5,1331414
18688746,2,1331414
18689958,7,1331414
18691171,7,1331414
18692383,5,1331414
18699658,9,1331414
18700871,5,1331414
18702083,6,1331414
18703296,7,1331414
18704508,7,1331414
18705721,7,1331773
18706934,3,1331773
18708146,6,1331773
18709359,6,1331773
18710571,9,1331773
18711783,8,1331773
18712995,6,1331773
18714208,5,1331773
18715421,5,1331773
18716633,4,1336296
18717845,4,1336296
18719058,5,1336296
18720270,7,1336296
18721482,6,1336296
18722695,6,1336296
18723907,5,1336296
18725121,9,1336296
18726333,7,1336296
18727545,5,1336039
18728758,5,1331054
18729970,5,1331054
18731182,5,1331054
18732395,5,1331054
18733607,5,1331054
18734820,3,1331054
18736033,5,1331054
18737245,6,1331054
18738457,4,1331054
18739670,6,1334394
18740882,6,1334394
18742094,4,1334394
18743307,2,1334394
18744519,4,1334394
18745732,0,1334394
18746945,3,1334394
18748157,4,1334394
18749370,6,1334394
18750582,3,1338351
18751794,-1,1338351
18753007,4,1338351
18754219,5,1338351
18755432,4,1338351
18756644,6,1338351
18757857,4,1338351
18759070,3,1338351
18760282,4,1338351
18761495,5,1339122
18762708,2,1339122
18763920,6,1339122
18765132,6,1339122
18766345,3,1339122
18767557,4,1339122
18768771,5,1339122
18769982,8,1339122
18771195,5,1339122
18772408,3,1332750
18773620,3,1332750
18774833,4,1332750
18776045,10,1332750
18784533,3,1332750
18785745,6,1332750
18786958,7,1332750
18788170,1,1332750
18789383,6,1332750
18790595,8,1332750
18791809,9,1332750
18793021,5,1331002
18794234,4,1331007
18795446,3,1332287
18796658,1,1332287
18797870,4,1332287
18799083,3,1332287
18800295,5,1332287
18801508,3,1332287
18802720,4,1332287
18803933,3,1332287
18805145,4,1332287
18806358,3,1332287
18807570,5,1332287
18808783,10,1332287
18809995,6,1332287
18811208,5,1332287
18812420,7,1332287
18813633,5,1332287
18814845,4,1330334
18816057,3,1330334
18817270,4,1330334
18818482,9,1330334
18819695,4,1330334
18820907,8,1330334
18822120,8,1330334
18823332,7,1330334
18824544,9,1330334
18825757,5,1330334
18826969,7,1334086
18828182,6,1334086
18829394,5,1334086
18830607,8,1334086
18831820,7,1334086
18833032,6,1334086
18834244,5,1334086
18835457,5,1334086
18836670,6,1334086
18837882,5,1332236
18839094,2,1332236
18840306,8,1332236
18841519,6,1332236
18842732,2,1332236
18843944,6,1332236
18845157,6,1332236
18846369,8,1332236
18847582,7,1332236
18848794,6,1333983
18850007,4,1333983
18851219,6,1333983
18852432,7,1333983
18853644,8,1333983
18854857,9,1333983
18856069,9,1333983
18857281,6,1333983
18858495,6,1333983
18859707,6,1332184
18860919,8,1332184
18868194,13,1332184
18869406,9,1332184
18870619,5,1330900
18871831,4,1330900
18873044,5,1330900
18874256,5,1330900
18875469,6,1330900
18876682,10,1330900
18877894,7,1330900
18879106,6,1330900
18880319,5,1330900
18881532,7,1334497
18882743,3,1334497
18883957,9,1334497
18885169,8,1334497
18886381,10,1334497
18887593,7,1334497
18888806,5,1334497
18890018,5,1334497
18891231,7,1334497
18892444,7,1332647
18893656,4,1332647
18894868,7,1332647
18896080,5,1332647
18897293,6,1332647
18898505,10,1332647
18899718,5,1332647
18900930,6,1332647
18902143,4,1332647
18903355,7,1335217
18904568,4,1335217
18905780,8,1335217
18906992,6,1335217
18908205,7,1335217
18909417,6,1335217
18910630,6,1335217
18911842,7,1335217
18913055,6,1335217
18914268,6,1331825
18915480,5,1335473
18916692,5,1335473
18917905,3,1335473
18919117,2,1335473
18920329,5,1335473
18921542,2,1335473
18922754,1,1335473
18923966,6,1335473
18925179,7,1335473
18926392,7,1331465
18927604,5,1331465
18928816,4,1331465
18930029,5,1331465
18931241,4,1331465
18932454,4,1331465
18933666,4,1331465
18934878,4,1331465
18936091,8,1331465
18937303,2,1334703
18938516,4,1334703
18939728,5,1334703
18940940,5,1334703
18942153,5,1334703
18943366,5,1334703
18944578,7,1334703
18953065,7,1334703
18954278,5,1334703
18955490,6,1334703
18956702,5,1334703
18957915,8,1332801
18959128,3,1334549
18960340,2,1334549
18961552,5,1334549
18962765,6,1334549
18963978,6,1334549
18965190,3,1334549
18966402,3,1334549
18967615,5,1334549
18968827,5,1334549
18970040,4,1334751
18971253,4,1333983
18972465,5,1333983
18973677,6,1333983
18974890,3,1333983
18976103,4,1333983
18977315,5,1333983
18978527,3,1333983
18979740,0,1333983
18980952,5,1333837
18982165,3,1335885
18983377,7,1335885
18984590,3,1335885
18985802,4,1335885
18987015,3,1335885
18988227,3,1335885
18989440,4,1335885
18990652,5,1335885
18991864,7,1335885
18993077,5,1335885
18994290,9,1335885
18995502,8,1335885
18996714,4,1335885
18997927,4,1335885
18999140,6,1335885
19000352,9,1335885
19001564,5,1335885
19002777,3,1335885
19003990,3,1335885
19005202,8,1335885
19006414,5,1335885
19007626,6,1335885
19008839,5,1335885
19010052,10,1335885
19011263,8,1335885
19012476,7,1335885
19013689,8,1334754
19014901,5,1334754
19016114,5,1334754
19017326,5,1334754
19018538,6,1334754
19019750,9,1334754
19020964,8,1334754
19022175,4,1334754
19023388,6,1334754
19024600,4,1333880
19025813,5,1333880
19027025,6,1333880
19028238,6,1333880
19029450,6,1331926
19036725,3,1331670
19037938,7,1331670
19039150,4,1331670
19040362,2,1331670
19041574,4,1331670
19042788,4,1331670
19043999,3,1331670
19045212,5,1331670
19046424,2,1331670
19047637,4,1331670
19048849,5,1331670
19050062,5,1331670
19051274,6,1331670
19052487,6,1331670
19053699,3,1331670
19054912,5,1331670
19056124,10,1331670
19057337,5,1328227
19058550,5,1328227
19059762,4,1328227
19060975,9,1328227
19062188,6,1328227
19063400,10,1328227
19064613,4,1328227
19065825,7,1328227
19067038,7,1328227
19068250,5,1334394
19069463,5,1334394
19070676,8,1334394
19071889,10,1334394
19073100,6,1334394
19074313,5,1334394
19075526,6,1334394
19076738,7,1334394
19077951,9,1334394
19079163,6,1334651
19080376,6,1334651
19081589,6,1334651
19082801,6,1334651
19084014,9,1334651
19085227,6,1334651
19086439,8,1334651
19087652,8,1334651
19088863,6,1334651
19090076,6,1331928
19091289,5,1331928
19092501,7,1331928
19093714,5,1331928
19094926,7,1331928
19096139,6,1331928
19097351,7,1331928
19098564,7,1331928
19099777,6,1331928
19100989,9,1337015
19102202,4,1337015
19103414,5,1337015
19104626,4,1337015
19105839,9,1337015
19107051,9,1337015
19108264,5,1337015
19109476,4,1337015
19110689,6,1337015
19111902,5,1332544
19113114,9,1332544
19121602,8,1332544
19122814,6,1333932
19124027,3,1331516
19125239,5,1331516
19126451,4,1331516
19127664,5,1331516
19128877,6,1331516
19130089,2,1331516
19131302,3,1331516
19132514,3,1331516
19133727,-1,1331516
19134939,3,1335319
19136151,5,1335319
19137365,5,1335319
19138577,4,1335319
19139789,6,1335319
19141002,6,1335319
19142214,5,1335319
19143427,4,1335319
19144640,6,1335319
19145853,4,1327867
19147065,8,1327867
19148277,5,1327867
19149490,6,1327867
19150702,5,1327867
19151915,3,1327867
19153128,3,1327867
19154340,5,1327867
19155553,4,1327867
19156766,3,1327867
19157978,5,1327867
19159191,5,1327867
19160403,3,1327867
19161616,4,1327867
19162828,5,1327867
19164042,2,1327867
19165254,3,1327867
19166466,4,1327867
19167680,9,1327821
19168891,6,1329101
19170105,8,1329101
19171317,4,1329101
19172530,5,1329101
19173742,6,1329101
19174954,3,1329101
19176167,5,1329101
19177380,6,1329101
19178592,4,1328915
19179805,5,1334291
19181018,2,1334291
19182231,3,1334291
19183443,4,1334291
19184655,6,1334291
19185869,4,1334291
19187080,1,1334291
19188294,1,1334291
19189506,3,1334291
19190719,2,1334291
19191931,5,1334291
19193143,8,1334291
19194356,8,1334291
19195569,6,1334291
19196782,9,1334291
19197994,8,1334291
19205270,2,1334291
19206482,6,1334291
19207696,7,1334291
19208908,7,1334291
19210121,7,1334291
19211333,6,1332236
19212546,5,1332236
19213759,7,1332236
19214971,9,1332236
19216184,8,1332236
19217396,6,1332236
19218609,3,1332236
19219822,7,1332236
19221034,6,1332236
19222247,7,1337786
19223460,5,1337786
19224672,7,1337786
19225885,5,1337786
19227098,7,1337786
19228310,6,1337786
19229523,7,1337786
19230735,7,1337786
19231948,7,1337786
19233161,8,1334549
19234373,6,1334549
19235586,6,1334549
19236798,6,1334549
19238012,6,1334549
19239224,6,1334549
19240437,2,1334549
19241649,8,1334549
19242862,8,1334549
19244074,7,1333418
19245287,4,1333418
19246500,4,1333418
19247712,8,1333418
19248925,7,1333418
19250138,6,1333418
19251350,7,1333418
19252564,3,1333418
19253776,7,1333418
19254989,9,1332184
19256201,3,1332184
19257414,6,1332184
19258626,7,1332184
19259839,6,1332184
19261051,7,1332184
19262264,7,1332184
19263477,6,1332184
19264689,8,1332184
19265902,9,1334343
19267115,5,1334343
19268327,6,1334343
19269540,6,1334343
19270752,8,1334343
19271965,7,1334343
19273178,7,1334343
19274390,7,1334343
19275603,7,1334343
19276816,5,1331311
19278029,3,1331311
19279241,5,1331311
19280453,5,1331311
19281666,1,1332544
19290154,4,1332544
19291366,5,1332544
19292579,3,1332544
19293792,4,1332544
19295005,4,1332544
19296217,1,1332544
19297429,0,1332544
19298642,3,1332544
19299854,4,1333315
19301068,5,1333315
19302280,6,1333315
19303492,4,1333315
19304705,4,1333315
19305918,4,1333315
19307130,7,1333315
19308343,4,1333315
19309556,6,1333315
19310769,3,1330900
19311981,5,1330900
19313193,3,1330900
19314406,3,1330900
19315618,4,1330900
19316831,3,1330900
19318044,3,1330900
19319256,3,1330900
19320469,3,1330900
19321682,5,1330900
19322895,4,1330900
19324108,6,1330900
19325320,3,1330900
19326533,3,1330900
19327746,5,1330900
19328958,4,1330900
19330171,6,1330900
19331383,6,1330900
19332596,5,1333521
19333808,4,1333521
19335021,3,1333521
19336233,5,1333521
19337447,3,1333521
19338659,5,1333521
19339872,5,1333521
19341085,4,1333521
19342297,6,1333521
19343510,6,1331465
19344723,4,1331465
19345935,4,1331465
19347148,4,1331465
19348360,4,1331465
19349573,3,1331465
19350785,4,1331465
19351998,3,1331465
19353211,4,1331465
19354423,4,1331669
19355636,4,1331157
19356849,5,1331157
19358062,6,1331157
19359275,4,1331157
19360487,5,1331157
19361700,3,1331157
19362913,4,1331157
19364124,6,1331157
19365337,4,1331097
19366550,5,1329049
19375038,2,1329049
19376250,4,1329049
19377463,4,1329049
19378675,12,1329049
19379888,7,1329049
19381101,8,1329049
19382313,8,1329049
19383525,5,1329049
19384738,4,1329049
19385951,4,1334189
19387163,4,1334189
19388376,8,1334189
19389589,5,1334189
19390801,5,1334189
19392014,3,1334189
19393226,4,1334189
19394438,7,1334189
19395651,9,1334189
19396864,9,1334189
19398077,5,1333469
19399289,5,1333469
19400501,6,1333469
19401714,7,1333469
19402926,4,1333469
19404139,8,1333469
19405352,6,1333469
19406564,8,1333469
19407777,10,1333469
19408990,4,1329923
19410202,4,1329923
19411415,7,1329923
19412627,5,1329923
19413839,5,1329923
19415053,4,1329923
19416265,10,1329923
19417478,7,1329923
19418691,8,1329923
19419903,6,1330488
19421116,5,1330488
19422328,7,1330488
19423541,6,1330488
19424754,7,1330488
19425966,6,1330488
19427178,5,1330488
19428392,6,1330488
19429604,9,1330488
19430817,7,1335422
19432029,2,1335422
19433242,7,1335422
19434454,8,1335422
19435666,7,1335422
19436879,5,1335422
19438092,5,1335422
19439305,8,1335422
19440517,7,1335422
19441729,4,1334240
19442942,4,1334240
19444154,6,1334240
19445368,6,1334240
19446580,6,1334240
19447793,6,1334240
19449005,6,1334240
19450218,8,1334240
19451430,4,1334240
19458706,4,1334240
19459918,8,1334240
19461131,7,1334240
19462344,6,1334240
19463556,8,1334394
19464769,5,1334394
19465981,8,1334394
19467193,5,1334394
19468406,3,1334394
19469619,7,1334394
19470831,6,1334394
19472043,6,1334394
19473256,7,1334394
19474468,7,1329358
19475681,8,1329358
19476894,5,1329358
19478106,6,1329358
19479318,9,1329358
19480531,6,1329358
19481743,4,1329358
19482956,7,1329358
19484169,7,1329358
19485381,9,1333367
19486594,4,1332596
19487806,6,1332596
19489018,3,1332596
19490232,3,1332596
19491443,3,1332596
19492656,2,1332596
19493869,2,1332596
19495081,3,1332596
19496293,4,1332596
19497507,5,1334035
19498718,4,1334035
19499931,4,1334035
19501144,4,1334035
19502356,4,1334035
19503569,2,1334035
19504781,3,1334035
19505994,5,1334035
19507206,5,1334035
19508419,2,1330951
19509631,4,1330951
19510844,5,1330951
19512057,2,1330951
19513269,5,1330951
19514481,7,1330951
19515694,7,1330951
19516907,4,1330951
19518120,4,1330951
19519332,4,1325298
19520545,4,1325298
19521757,5,1325298
19522969,4,1325298
19524182,5,1325298
19525395,2,1325298
19526608,3,1325298
19527820,5,1325298
19529032,4,1325298
19530245,5,1334086
19531458,7,1334086
19532670,5,1334086
19533883,5,1334086
19535095,8,1334086
19543583,4,1334086
19544795,4,1334086
19546009,3,1334086
19547221,3,1334086
19548433,4,1334086
19549646,7,1334086
19550858,6,1335165
19552072,5,1335157
19553284,4,1333109
19554496,4,1333109
19555708,4,1333109
19556921,5,1333109
19558134,4,1333109
19559347,4,1333109
19560559,4,1333109
19561771,3,1333109
19562984,6,1332996
19564196,5,1330180
19565408,4,1330180
19566622,5,1330180
19567834,6,1330180
19569046,4,1330180
19570259,5,1330180
19571471,3,1330180
19572685,3,1330180
19573897,5,1330180
19575109,3,1330180
19576322,5,1330180
19577534,5,1330180
19578747,9,1330180
19579959,9,1330180
19581172,7,1330180
19582384,5,1330180
19583597,7,1330180
19584809,6,1336090
19586022,4,1336090
19587234,7,1336090
19588447,3,1336090
19589660,9,1336090
19590873,6,1336090
19592085,3,1336090
19593297,7,1336090
19594510,8,1336090
19595723,4,1332493
19596935,4,1332493
19598149,7,1332493
19599360,4,1332493
19600573,8,1332493
19601786,8,1332493
19602998,6,1332493
19604212,10,1332493
19605423,5,1332493
19606636,10,1331928
19607849,5,1331928
19609062,7,1331928
19610274,4,1331928
19611486,5,1331928
19612699,4,1331928
19613912,8,1331928
19615124,7,1331928
19616337,9,1331928
19617549,6,1333367
19618762,6,1333367
19619975,6,1333367
19627250,2,1333367
19628464,7,1330180
19629675,7,1330180
19630889,6,1330180
19632101,5,1330180
19633314,5,1330180
19634526,6,1330180
19635740,6,1330180
19636951,8,1330180
19638164,9,1330180
19639377,11,1334703
19640589,3,1334703
19641802,6,1334703
19643014,7,1334703
19644227,5,1334703
19645439,7,1334703
19646652,3,1334703
19647865,7,1334703
19649077,5,1334703
19650290,5,1336090
19651503,5,1336090
19652715,7,1336090
19653928,7,1336090
19655140,5,1336090
19656353,5,1336090
19657565,7,1336090
19658778,5,1336090
19659990,7,1336090
19661203,5,1336861
19662416,3,1336861
19663628,3,1336861
19664842,4,1336861
19666054,7,1336861
19667266,5,1336861
19668479,6,1336861
19669692,6,1336861
19670905,4,1336861
19672116,10,1330283
19673329,5,1330283
19674542,9,1330283
19675754,4,1330283
19676967,6,1330283
19678180,7,1330283
19679392,5,1330283
19680605,7,1330283
19681817,7,1330283
19683030,7,1329615
19684243,5,1332750
19685456,4,1332750
19686668,5,1332750
19687881,4,1332750
19689094,4,1332750
19690306,4,1332750
19691519,5,1332750
19692731,0,1332750
19693944,3,1332750
19695156,5,1331928
19696370,6,1331928
19697581,5,1331928
19698794,4,1331928
19700007,2,1331928
19701219,1,1331928
19702433,3,1331928
19703645,6,1331928
19712133,2,1331928
19713345,6,1331928
19714557,7,1331928
19715770,6,1331465
19716982,7,1329512
19718195,4,1329512
19719408,1,1329512
19720621,4,1329512
19721833,4,1329512
19723046,6,1329512
19724258,6,1329512
19725470,3,1329512
19726684,9,1329512
19727895,4,1333058
19729108,5,1333058
19730321,5,1333058
19731534,6,1333058
19732746,5,1333058
19733958,5,1333058
19735171,4,1333058
19736384,3,1333058
19737597,0,1333058
19738808,4,1333160
19740022,4,1332904
19741234,4,1332904
19742446,5,1332904
19743659,3,1332904
19744871,5,1332904
19746084,4,1332904
19747297,6,1332904
19748509,3,1332904
19749722,2,1332859
19750934,5,1334651
19752146,4,1334651
19753359,5,1334651
19754571,4,1334651
19755784,6,1334651
19756997,3,1334651
19758209,4,1334651
19759421,3,1334651
19760634,5,1334651
19761846,3,1334651
19763059,5,1334651
19764272,5,1334651
19765484,6,1334651
19766697,6,1334651
19767909,8,1334651
19769121,10,1334651
19770334,9,1329204
19771547,6,1329204
19772759,5,1329204
19773971,7,1329204
19775185,7,1329204
19776397,4,1329204
19777609,6,1329204
19778822,8,1329204
19780034,6,1329204
19781246,5,1329204
19782459,5,1334497
19783671,4,1334497
19784883,5,1334497
19786096,6,1334497
19787309,5,1334497
19788520,4,1334497
19795795,9,1334497
19797007,4,1334497
19798220,6,1334497
19799432,4,1334497
19800645,7,1334497
19801856,5,1334497
19803069,5,1334497
19804282,6,1335011
19805494,6,1335011
19806706,4,1335011
19807920,8,1335011
19809131,6,1335011
19810343,6,1335011
19811556,8,1335011
19812769,5,1335011
19813981,6,1335011
19815194,4,1332287
19816405,3,1332287
19817618,9,1332287
19818831,5,1332287
19820043,8,1332287
19821255,5,1332287
19822467,5,1332287
19823681,9,1332287
19824893,10,1332287
19826105,6,1332904
19827317,5,1332904
19828529,4,1332904
19829742,6,1332904
19830954,4,1332904
19832167,7,1332904
19833379,9,1332904
19834592,10,1332904
19835804,5,1332904
19837017,6,1335217
19838229,5,1335217
19839441,9,1335217
19840654,7,1335217
19841866,5,1335217
19843079,7,1335217
19844291,9,1335217
19845504,6,1335217
19846716,3,1335217
19847929,6,1332441
19849141,4,1332441
19850353,5,1332441
19851566,4,1332441
19852779,7,1332441
19853991,9,1332441
19855203,7,1332441
19856416,6,1332441
19857628,5,1332441
19858842,7,1335268
19860054,4,1335268
19861265,8,1335268
19862479,7,1335268
19863691,7,1335268
19864904,6,1335268
19866115,8,1335268
19867328,7,1335268
19868541,4,1335268
19869753,8,1333264
19870966,4,1332853
19872178,2,1332853
19880666,13,1332853
19881878,11,1330746
19883090,4,1330746
19884303,3,1330746
19885516,4,1330746
19886728,3,1330746
19887941,5,1330746
19889153,5,1330746
19890366,4,1330746
19891578,4,1330746
19892790,3,1328073
19894003,4,1328073
19895215,4,1328073
19896428,3,1328073
19897640,4,1328073
19898853,3,1328073
19900065,5,1328073
19901277,5,1328073
19902490,8,1328073
19903702,3,1329358
19904915,6,1329358
19906128,4,1329358
19907340,4,1329358
19908552,3,1329358
19909764,2,1329358
19910978,9,1329358
19912189,6,1329358
19913402,0,1329358
19914615,2,1331465
19915827,4,1331465
19917039,3,1331465
19918253,4,1331465
19919464,2,1331465
19920677,2,1331465
19921890,4,1331465
19923102,4,1331465
19924314,7,1331465
19925527,4,1331622
19926739,4,1332390
19927951,2,1332390
19929164,4,1332390
19930377,10,1332390
19931589,5,1332390
19932802,4,1332390
19934014,4,1332390
19935227,4,1332390
19936439,4,1332435
19937651,3,1330643
19938865,5,1330643
19940076,5,1330643
19941289,5,1330643
19942502,2,1330643
19943714,4,1330643
19944926,4,1330643
19946139,5,1330643
19947352,3,1330643
19948564,6,1330643
19949777,4,1330643
19950989,7,1330643
19952201,6,1330643
19953413,5,1330643
19954626,5,1330643
19955838,4,1330643
19957050,5,1330643
19964325,9,1330643
19965537,8,1330643
19966750,4,1330643
19967962,6,1330643
19969176,6,1334908
19970388,5,1334908
19971600,6,1334908
19972813,8,1334908
19974025,4,1334908
19975237,6,1334908
19976450,7,1334908
19977663,7,1334908
19978875,7,1334908
19980087,7,1328998
19981300,5,1328998
19982512,6,1328998
19983724,7,1328998
19984937,8,1328998
19986149,6,1328998
19987362,5,1328998
19988574,8,1328998
19989787,8,1328998
19991000,4,1333880
19992211,3,1333880
19993424,7,1333880
19994636,8,1333880
19995849,5,1333880
19997061,6,1333880
19998274,7,1333880
19999486,6,1333880
20000698,5,1333880
20001911,7,1335422
20003123,5,1335422
20004335,7,1335422
20005548,4,1335422
20006760,9,1335422
20007973,6,1335422
20009185,4,1335422
20010397,3,1335422
20011610,6,1335422
20012822,6,1332030
20014036,2,1332030
20015247,6,1332030
20016460,7,1332030
20017672,9,1332030
20018885,8,1332030
20020097,8,1332030
20021310,5,1332030
20022522,4,1332030
20023734,6,1331259
20024947,4,1331259
20026160,8,1331259
20027372,9,1331259
20028584,8,1331259
20029797,7,1331259
20031009,8,1331259
20032222,6,1331259
20033434,7,1331259
20034647,8,1332750
20035859,6,1332750
20037071,8,1332750
20038283,9,1332750
20039496,9,1332750
20040708,10,1332750
20048119,3,1332750
20049196,5,1332750
20050408,6,1332750
20051621,6,1332750
20052834,8,1332750
20054046,7,1332750
20055258,5,1332750
20056471,7,1335628
20057683,5,1332441
20058897,4,1332441
20060109,5,1332441
20061321,5,1332441
20062533,3,1332441
20063746,4,1332441
20064958,2,1332441
20066171,4,1332441
20067384,5,1332441
20068596,3,1329358
20069808,5,1329358
20071021,4,1329358
20072234,6,1329358
20073446,3,1329358
20074658,4,1329358
20075871,4,1329358
20077084,5,1329358
20078296,4,1329358
20079509,5,1328381
20080721,4,1328381
20081933,7,1328381
20083146,5,1328381
20084359,5,1328381
20085571,4,1328381
20086784,4,1328381
20087997,3,1328381
20089209,2,1328381
20090422,4,1331825
20091634,4,1331825
20092846,5,1331825
20094059,4,1331825
20095272,6,1331825
20096484,7,1331825
20097696,6,1331825
20098909,5,1331825
20100121,5,1331825
20101333,3,1329307
20102546,4,1329307
20103758,5,1329307
20104971,5,1329307
20106183,5,1329307
20107395,-1,1329307
20108608,-1,1329307
20109821,6,1329307
20111033,4,1329307
20112245,5,1329326
20113458,4,1334446
20114670,6,1334446
20115883,2,1334446
20117096,4,1334446
20118308,3,1334446
20119521,4,1334446
20120733,0,1334446
20121945,5,1334446
20123157,3,1334433
20124370,6,1331105
20132858,3,1331105
20134070,5,1331063
20135282,5,1333367
20136496,3,1333367
20137707,5,1333367
20138920,3,1333367
20140132,5,1333367
20141345,6,1333367
20142557,5,1333367
20143770,3,1333367
20144982,7,1333367
20146194,4,1333367
20147407,5,1333367
20148619,8,1333367
20149832,7,1333367
20151045,8,1333367
20152257,5,1333367
20153469,9,1333367
20154681,9,1333367
20155894,9,1334240
20157106,3,1334240
20158319,7,1334240
20159531,10,1334240
20160744,10,1334240
20161956,7,1334240
20163169,9,1334240
20164381,8,1334240
20165594,6,1334240
20166806,5,1330540
20168018,3,1330540
20169232,7,1330540
20170444,5,1330540
20171656,6,1330540
20172869,6,1330540
20174081,7,1330540
20175294,6,1330540
20176506,6,1330540
20177718,4,1330797
20178931,4,1330797
20180143,8,1330797
20181356,8,1330797
20182568,6,1330797
20183781,5,1330797
20184993,6,1330797
20186205,5,1330797
20187418,5,1330797
20188631,6,1329820
20189842,5,1329820
20191055,6,1329820
20192267,8,1329820
20193480,8,1329820
20194692,6,1329820
20195905,7,1329820
20197118,8,1329820
20198330,7,1329820
20199542,6,1333983
20200754,4,1333983
20201967,5,1333983
20203180,9,1333983
20204392,8,1333983
20205604,8,1333983
20206817,6,1333983
20208030,3,1333983
20209241,5,1333983
20216516,6,1333983
20217729,7,1333983
20218941,9,1333983
20220153,8,1333983
20221366,8,1328844
20222578,4,1328844
20223791,7,1328844
20225004,6,1328844
20226215,8,1328844
20227428,4,1328844
20228640,5,1328844
20229853,5,1328844
20231065,6,1328844
20232278,6,1334394
20233491,4,1334394
20234703,6,1334394
20235916,5,1334394
20237128,8,1334394
20238340,9,1334394
20239552,6,1334394
20240765,7,1334394
20241977,4,1334394
20243190,6,1331979
20244402,3,1331979
20245614,4,1331979
20246827,9,1331979
20248040,5,1331979
20249251,5,1331979
20250464,7,1331979
20251677,9,1331979
20252889,7,1331979
20254102,6,1331722
20255314,6,1331157
20256527,6,1331157
20257739,4,1331157
20258951,3,1331157
20260164,4,1331157
20261376,10,1331157
20262588,3,1331157
20263801,4,1331157
20265014,4,1331157
20266226,4,1333623
20267438,5,1333623
20268651,4,1333623
20269863,3,1333623
20271076,4,1333623
20272289,5,1333623
20273501,4,1333623
20274713,4,1333623
20275926,5,1333623
20277139,3,1334651
20278351,4,1334651
20279564,5,1334651
20280777,3,1334651
20281989,4,1334651
20283201,2,1334651
20284413,3,1334651
20285626,3,1334651
20286838,4,1334651
20288050,2,1333932
20289263,3,1333932
20290476,5,1333932
20291688,4,1333932
20292900,5,1333932
20300175,12,1333932
20301388,7,1333932
20302600,8,1333932
20303813,7,1333932
20305025,4,1333932
20306237,6,1333932
20307450,6,1333932
20308663,5,1333469
20309875,5,1333468
20311088,5,1333212
20312300,6,1333212
20313513,5,1333212
20314724,3,1333212
20315937,2,1333212
20317149,4,1333212
20318362,4,1333212
20319574,5,1333212
20320787,3,1332992
20321999,4,1329152
20323211,2,1329152
20324425,4,1329152
20325637,5,1329152
20326849,3,1329152
20328062,2,1329152
20329275,3,1329152
20330487,5,1329152
20331699,4,1329152
20332911,5,1329152
20334124,7,1329152
20335337,7,1329152
20336548,4,1329152
20337761,9,1329152
20338974,4,1329152
20340186,5,1329152
20341398,6,1329152
20342611,8,1326120
20343823,4,1326120
20345035,4,1326120
20346248,7,1326120
20347460,7,1326120
20348673,10,1326120
20349885,8,1326120
20351098,7,1326120
20352310,7,1326120
20353522,5,1330129
20354735,5,1330129
20355947,8,1330129
20357159,5,1330129
20358372,6,1330129
20359584,6,1330129
20360797,7,1330129
20362009,6,1330129
20363222,6,1330129
20364434,4,1334857
20365646,3,1334857
20366859,6,1334857
20368071,5,1334857
20369284,7,1334857
20370496,7,1334857
20371709,5,1334857
20372921,5,1334857
20374134,7,1334857
20375346,6,1333264
20376558,7,1333264
20385045,8,1333264
20386257,8,1333264
20387470,4,1333264
20388682,11,1333264
20389895,9,1333264
20391107,10,1333264
20392320,5,1333264
20393532,7,1333264
20394745,6,1333264
20395957,7,1333264
20397169,9,1330951
20398381,5,1330951
20399593,7,1330951
20400807,5,1330951
20402019,6,1330951
20403231,8,1330951
20404443,7,1330951
20405656,8,1330951
20406869,3,1330951
20408081,5,1332801
20409293,3,1332801
20410505,6,1332801
20411718,6,1332801
20412930,9,1332801
20414143,4,1332801
20415355,5,1332801
20416567,6,1332801
20417780,7,1332801
20418993,7,1329307
20420205,5,1329307
20421417,4,1329307
20422629,6,1329307
20423842,4,1329307
20425054,6,1329307
20426267,9,1329307
20427479,9,1329307
20428692,9,1329307
20429904,7,1331619
20431117,4,1331619
20432329,6,1331619
20433541,9,1331619
20434754,6,1331619
20435966,6,1331619
20437180,7,1331619
20438391,8,1331619
20439604,5,1331619
20440817,6,1332236
20442029,5,1333572
20443241,2,1333572
20444454,4,1333572
20445666,6,1333572
20446879,4,1333572
20448091,3,1333572
20449305,3,1333572
20450517,4,1333572
20451730,4,1333572
20452942,5,1334600
20454154,5,1334600
20455367,6,1334600
20456579,3,1334600
20457791,3,1334600
20459005,4,1334600
20460217,3,1334600
20461429,6,1334600
20469917,9,1334600
20471130,8,1334600
20472342,6,1334600
20473555,8,1332904
20474767,5,1333161
20475980,6,1333161
20477192,3,1333161
20478404,-1,1333161
20479617,2,1333161
20480829,2,1333161
20482042,3,1333161
20483255,5,1333161
20484467,4,1333161
20485679,9,1333058
20486891,3,1333058
20488105,2,1333058
20489317,3,1333058
20490529,4,1333058
20491741,6,1333058
20492954,4,1333058
20494167,3,1333058
20495379,9,1333058
20496592,5,1333164
20497804,4,1333932
20499017,4,1333932
20500229,5,1333932
20501442,3,1333932
20502654,3,1333932
20503866,3,1333932
20505079,6,1333932
20506292,6,1333932
20507504,2,1333809
20508716,0,1328433
20509929,3,1328433
20511141,5,1328433
20512354,4,1328433
20513567,6,1328433
20514779,5,1328433
20515992,4,1328433
20517204,4,1328433
20518416,4,1328433
20519630,7,1328433
20520842,7,1328433
20522054,5,1328433
20523267,6,1328433
20524480,7,1328433
20525692,6,1328433
20526905,9,1328433
20528117,7,1330591
20529329,6,1330591
20530543,5,1330591
20531754,5,1330591
20532967,7,1330591
20534179,6,1330591
20535392,3,1330591
20536604,5,1330591
20537817,3,1330591
20539030,6,1330591
20540242,5,1331928
20541454,4,1331928
20542667,5,1331928
20543879,7,1331928
20545092,6,1331928
20546304,4,1331928
20553579,1,1331928
20554792,8,1331928
20556005,7,1331928
20557217,7,1331928
20558430,8,1331928
20559643,7,1331928
20560855,6,1331928
20562067,8,1329461
20563280,6,1329461
20564493,8,1329461
20565705,8,1329461
20566918,6,1329461
20568130,6,1329461
20569343,5,1329461
20570555,8,1329461
20571768,8,1329461
20572981,11,1332698
20574193,5,1332698
20575406,5,1332698
20576618,6,1332698
20577831,10,1332698
20579043,7,1332698
20580255,7,1332698
20581469,3,1332698
20582681,10,1332698
20583893,8,1336244
20585106,5,1336244
20586318,7,1336244
20587531,9,1336244
20588743,3,1336244
20589956,5,1336244
20591169,7,1336244
20592381,7,1336244
20593593,7,1336244
20594806,6,1333521
20596018,3,1333521
20597230,6,1333521
20598443,10,1333521
20599655,7,1333521
20600867,8,1333521
20602081,9,1333521
20603293,10,1333521
20604505,7,1333521
20605717,7,1331928
20606930,6,1331928
20608142,6,1331928
20609354,8,1331928
20610567,5,1331928
20611780,7,1331928
20612992,4,1331928
20614205,8,1331928
20615417,9,1331928
20616630,8,1332390
20617842,5,1332390
20619054,5,1332390
20620266,7,1332390
20621479,6,1332390
20622692,7,1332390
20623905,7,1332390
20625116,8,1332390
20626329,6,1332390
20627541,9,1334908
20628754,4,1331208
20629966,6,1331208
20637241,2,1331208
20638455,9,1331208
20639666,14,1331619
20640878,4,1331619
20642091,5,1331619
20643303,5,1331619
20644515,4,1331619
20645728,5,1331619
20646941,4,1331619
20648153,4,1331619
20649365,5,1331619
20650578,5,1331619
20651790,5,1331619
20653002,3,1331619
20654215,5,1331619
20655427,4,1331619
20656640,3,1331619
20657853,4,1331619
20659064,4,1331619
20660277,4,1331619
20661490,1,1333675
20662702,4,1333675
20663914,5,1333675
20665126,4,1333675
20666339,3,1333675
20667551,6,1333675
20668764,2,1333675
20669977,6,1333675
20671189,4,1333675
20672401,5,1332698
20673613,2,1332698
20674826,5,1332698
20676038,3,1332698
20677251,4,1332698
20678463,7,1332698
20679675,9,1332698
20680889,3,1332698
20682100,2,1332698
20683313,3,1332706
20684525,5,1334754
20685738,4,1334754
20686950,4,1334754
20688163,4,1334754
20689375,8,1334754
20690588,1,1334754
20691801,4,1334754
20693014,0,1334754
20694225,2,1334698
20695438,3,1333418
20696650,3,1333418
20697863,6,1333418
20699076,3,1333418
20700288,6,1333418
20701500,5,1333418
20702712,4,1333418
20703925,3,1333418
20705137,5,1333418
20706350,6,1333418
20707562,9,1333418
20708776,6,1333418
20709987,8,1333418
20711201,7,1333418
20712412,6,1333418
20713625,8,1333418
20722112,5,1333418
20723325,6,1333418
20724537,8,1333418
20725750,5,1333418
20726962,7,1334805
20728175,9,1334805
20729387,7,1334805
20730599,7,1334805
20731813,4,1334805
20733025,6,1334805
20734237,7,1334805
20735449,9,1334805
20736662,10,1334805
20737874,5,1328330
20739087,3,1328330
20740299,5,1328330
20741512,7,1328330
20742724,4,1328330
20743937,5,1328330
20745150,8,1328330
20746363,7,1328330
20747575,6,1328330
20748787,8,1332030
20750000,6,1332030
20751213,7,1332030
20752424,7,1332030
20753637,10,1332030
20754850,6,1332030
20756062,7,1332030
20757274,8,1332030
20758487,9,1332030
20759700,5,1330334
20760912,6,1330334
20762125,7,1330334
20763337,5,1330334
20764549,8,1330334
20765762,5,1330334
20766974,6,1330334
20768187,6,1330334
20769399,4,1330334
20770611,6,1332955
20771824,5,1332955
20773037,6,1332955
20774249,6,1332955
20775462,7,1332955
20776675,10,1332955
20777887,7,1332955
20779099,7,1332955
20780312,4,1332955
20781524,5,1330951
20782737,2,1330951
20783950,8,1330951
20785162,9,1330951
20786375,10,1330951
20787588,7,1330951
20788800,7,1330951
20790013,5,1330951
20791225,7,1330951
20792437,8,1333161
20793650,5,1333161
20794863,6,1333161
20796075,7,1333161
20797288,4,1333161
20798500,7,1333161
20805776,12,1333161
20806989,10,1333161
20808201,5,1333161
20809413,6,1333161
20810626,6,1333161
20811839,3,1333161
20813051,7,1333161
20814263,7,1330900
20815477,5,1334549
20816688,4,1334549
20817901,3,1334549
20819114,4,1334549
20820325,6,1334549
20821538,5,1334549
20822750,4,1334549
20823963,5,1334549
20825175,8,1334549
20826388,4,1327199
20827600,4,1327199
20828812,3,1327199
20830025,4,1327199
20831237,3,1327199
20832451,3,1327199
20833662,4,1327199
20834875,2,1327199
20836088,4,1327199
20837300,4,1332955
20838513,2,1332955
20839725,4,1332955
20840937,3,1332955
20842150,5,1332955
20843363,4,1332955
20844574,5,1332955
20845788,5,1332955
20847000,4,1332955
20848212,5,1331516
20849425,3,1331516
20850638,5,1331516
20851850,7,1331516
20853062,3,1331516
20854275,3,1331516
20855488,4,1331516
20856700,3,1331516
20857913,4,1331516
20859126,3,1334805
20860339,4,1334805
20861551,5,1334805
20862763,3,1334805
20863975,6,1334805
20865188,4,1334805
20866400,3,1334805
20867614,4,1334805
20868825,4,1334805
20870038,4,1335037
20871251,6,1328125
20872463,6,1328125
20873676,8,1328125
20874889,5,1328125
20876101,5,1328125
20877314,6,1328125
20878526,4,1328125
20879738,4,1328125
20880951,4,1328035
20882164,7,1331619
20890652,13,1331619
20891865,8,1331619
20893076,4,1331619
20894289,7,1331619
20895501,5,1331619
20896714,7,1331619
20897927,9,1331619
20899140,7,1331619
20900352,8,1331619
20901564,7,1331619
20902777,0,1331619
20903989,5,1331619
20905202,5,1331619
20906415,5,1331619
20907627,5,1331619
20908840,8,1331619
20910052,6,1331619
20911264,8,1331619
20912477,5,1331619
20913689,10,1334035
20914901,5,1334035
20916114,5,1334035
20917326,6,1334035
20918539,6,1334035
20919751,5,1334035
20920964,8,1334035
20922177,5,1334035
20923389,5,1334035
20924601,3,1331825
20925814,3,1331825
20927026,4,1331825
20928239,6,1331825
20929452,3,1331825
20930664,9,1331825
20931877,5,1331825
20933089,8,1331825
20934302,3,1331825
20935514,7,1331208
20936727,5,1331208
20937940,7,1331208
20939151,6,1331208
20940364,8,1331208
20941577,4,1331208
20942789,9,1331208
20944002,6,1331208
20945215,7,1331208
20946427,5,1332698
20947639,2,1332698
20948852,8,1332698
20950064,8,1332698
20951277,6,1332698
20952490,4,1332698
20953702,5,1332698
20954914,9,1332698
20956127,5,1332698
20957340,7,1332493
20958552,4,1332493
20959765,4,1332493
20960977,6,1332493
20962190,5,1332493
20963403,4,1332493
20964615,7,1332493
20965828,8,1332493
20967040,8,1332493
20974315,10,1332493
20975527,5,1332493
20976740,6,1332493
20977953,11,1332493
20979165,7,1331568
20980377,8,1331568
20981590,5,1331568
20982802,7,1331568
20984015,7,1331568
20985228,8,1331568
20986440,4,1331568
20987653,4,1331568
20988865,5,1331568
20990077,6,1331362
20991290,2,1331362
20992502,7,1331362
20993715,7,1331362
20994927,8,1331362
20996140,8,1331362
20997352,5,1331362
20998564,7,1331362
20999777,7,1331362
21000989,7,1334394
21002202,4,1334394
21003415,6,1334394
21004627,6,1334394
21005840,6,1334394
21007052,7,1334394
21008264,8,1334394
21009477,7,1334394
21010689,7,1334394
21011902,5,1331825
21013114,1,1334549
21014326,4,1334549
21015539,4,1334549
21016751,4,1334549
21017963,4,1334549
21019176,8,1334549
21020389,5,1334549
21021601,3,1334549
21022813,7,1334549
21024026,5,1336244
21025239,4,1336244
21026451,1,1336244
21027663,4,1336244
21028875,4,1336244
21030088,5,1336244
21031300,5,1336244
21032513,5,1336244
21033725,3,1336244
21034938,5,1331619
21036150,6,1331619
21037363,3,1331619
21038575,4,1331619
21039787,5,1331619
21041000,3,1331619
21042212,2,1331619
21043425,4,1331619
21044637,4,1331619
21045850,3,1329666
21047062,3,1329666
21048275,0,1329666
21049487,4,1329666
21050699,5,1329666
21059186,7,1329666
21060399,6,1329666
21061612,6,1329666
21062824,7,1329666
21064037,6,1329666
21065248,9,1329666
21066461,6,1333161
21067673,10,1333003
21068886,5,1331979
21070098,3,1331979
21071311,4,1331979
21072524,4,1331979
21073735,4,1331979
21074949,5,1331979
21076160,3,1331979
21077373,6,1331979
21078585,5,1332132
21079798,4,1331876
21081010,3,1331876
21082222,5,1331876
21083435,5,1331876
21084648,2,1331876
21085860,4,1331876
21087073,4,1331876
21088285,6,1331876
21089498,4,1331876
21090709,5,1331876
21091922,5,1331876
21093134,7,1331876
21094347,7,1331876
21095559,8,1331876
21096771,6,1331876
21097985,12,1331876
21099197,5,1331876
21100409,2,1332493
21101621,3,1332493
21102834,6,1332493
21104046,9,1332493
21105259,8,1332493
21106472,7,1332493
21107684,9,1332493
21108897,6,1332493
21110109,8,1332493
21111321,5,1333058
21112533,2,1333058
21113746,8,1333058
21114958,7,1333058
21116170,5,1333058
21117384,11,1333058
21118596,7,1333058
21119808,5,1333058
21121020,6,1333058
21122233,6,1333418
21123445,3,1333418
21124658,6,1333418
21125870,5,1333418
21127082,5,1333418
21128295,7,1333418
21129508,6,1333418
21130720,7,1333418
21131933,7,1333418
21133145,7,1332853
21134358,4,1332853
21135570,5,1332853
21144057,7,1332955
21145269,4,1332955
21146482,8,1332955
21147694,5,1332955
21148906,9,1332955
21150119,5,1332955
21151332,6,1332955
21152544,7,1332955
21153756,5,1332955
21154969,4,1330283
21156181,6,1330283
21157393,7,1330283
21158606,9,1330283
21159819,7,1330283
21161031,6,1330283
21162243,6,1330283
21163456,5,1330283
21164668,6,1330283
21165881,7,1332236
21167093,6,1332236
21168306,7,1332236
21169518,6,1332236
21170731,4,1332236
21171943,6,1332236
21173155,8,1332236
21174368,9,1332236
21175580,4,1332236
21176793,5,1331311
21178005,2,1331311
21179218,6,1331311
21180431,5,1331311
21181643,5,1331311
21182855,5,1331311
21184067,5,1331311
21185280,7,1331311
21186492,5,1331311
21187705,7,1331773
21188917,3,1331773
21190130,8,1331773
21191343,5,1331773
21192555,6,1331773
21193767,5,1331773
21194979,6,1331773
21196192,6,1331773
21197404,8,1331773
21198617,4,1331928
21199829,4,1333418
21201041,4,1333418
21202254,3,1333418
21203466,5,1333418
21204679,7,1333418
21205891,2,1333418
21207104,3,1333418
21208316,3,1333418
21209530,5,1333418
21210741,0,1331465
21211954,4,1331465
21213166,4,1331465
21214379,7,1331465
21215592,3,1331465
21216804,5,1331465
21218016,4,1331465
21219228,5,1331465
21220441,5,1331465
21228928,10,1331465
21230141,8,1331465
21231353,9,1333418
21232565,4,1333932
21233778,4,1333932
21234990,6,1333932
21236203,4,1333932
21237415,3,1333932
21238627,7,1333932
21239840,3,1333932
21241052,4,1333932
21242264,4,1333932
21243477,7,1333932
21244689,5,1333932
21245902,5,1333932
21247115,4,1333932
21248327,2,1333932
21249539,3,1333932
21250752,0,1333932
21251965,5,1333932
21253177,8,1333932
21254389,5,1333821
21255601,4,1331773
21256814,4,1331773
21258026,5,1331773
21259238,5,1331773
21260451,2,1331773
21261663,7,1331773
21262876,3,1331773
21264088,4,1331773
21265300,4,1331722
21266513,6,1331722
21267726,4,1331722
21268938,3,1331722
21270150,2,1331722
21271363,4,1331722
21272576,3,1331722
21273787,4,1331722
21275000,5,1331722
21276212,3,1331722
21277425,3,1331722
21278637,5,1331722
21279850,7,1331722
21281062,8,1331722
21282274,6,1331722
21283487,9,1331722
21284699,6,1331722
21285911,5,1332544
21287124,5,1332544
21288336,2,1332544
21289549,6,1332544
21290761,9,1332544
21291974,7,1332544
21293186,5,1332544
21294399,3,1332544
21295611,5,1332544
21296823,5,1332544
21298036,6,1332904
21299248,3,1332904
21300461,5,1332904
21301673,10,1332904
21302886,7,1332904
21304098,8,1332904
21305310,9,1332904
21312586,3,1332904
21313798,6,1332904
21315010,7,1332904
21316223,9,1332904
21317435,5,1332904
21318648,9,1332904
21319861,6,1336039
21321072,5,1336039
21322285,9,1336039
21323497,5,1336039
21324710,6,1336039
21325923,5,1336039
21327135,5,1336039
21328348,6,1336039
21329560,8,1336039
21330772,7,1332236
21331985,8,1332236
21333198,6,1332236
21334410,7,1332236
21335623,5,1332236
21336835,6,1332236
21338047,5,1332236
21339259,8,1332236
21340472,6,1332236
21341685,8,1333726
21342897,5,1333726
21344109,5,1333726
21345322,6,1333726
21346534,8,1333726
21347746,6,1333726
21348960,5,1333726
21350171,7,1333726
21351384,9,1333726
21352596,7,1333161
21353809,4,1333161
21355021,4,1333161
21356233,5,1333161
21357446,7,1333161
21358659,7,1333161
21359871,7,1333161
21361083,9,1333161
21362296,8,1333161
21363508,7,1333880
21364720,4,1333880
21365933,5,1333880
21367146,7,1333880
21368357,7,1333880
21369570,3,1333880
21370782,7,1333880
21371994,6,1333880
21373207,7,1333880
21374420,3,1330951
21375632,5,1330951
21376844,7,1330951
21378057,5,1330951
21379269,3,1330951
21380481,6,1330951
21381694,6,1330951
21382906,4,1330951
21384119,5,1330951
21385331,6,1334754
21386544,3,1333726
21387755,5,1333726
21388968,8,1333726
21396242,4,1333726
21397456,8,1333726
21398667,8,1333726
21399880,6,1333726
21401091,7,1333726
21402304,6,1333726
21403516,8,1333726
21404729,7,1333726
21405942,8,1333726
21407154,4,1333109
21408366,5,1333880
21409579,3,1333880
21410792,2,1333880
21412003,2,1333880
21413216,3,1333880
21414429,2,1333880
21415641,5,1333880
21416854,4,1333880
21418066,5,1333880
21419279,0,1328844
21420491,4,1328844
21421703,4,1328844
21422915,4,1328844
21424128,5,1328844
21425340,4,1328844
21426552,6,1328844
21427765,4,1328844
21428978,5,1328844
21430190,3,1336553
21431402,5,1336553
21432614,5,1336553
21433827,5,1336553
21435039,2,1336553
21436252,3,1336553
21437465,4,1336553
21438677,11,1336553
21439889,6,1336553
21441102,3,1336482
21442314,3,1331362
21443527,6,1331362
21444739,4,1331362
21445951,3,1331362
21447164,4,1331362
21448377,6,1331362
21449589,5,1331362
21450801,3,1331362
21452014,3,1331366
21453226,5,1332390
21454438,4,1332390
21455651,4,1332390
21456863,5,1332390
21458075,4,1332390
21459289,5,1332390
21460501,6,1332390
21461713,4,1332390
21462925,4,1332390
21464137,5,1332390
21465351,4,1332390
21466563,10,1332390
21467776,6,1332390
21468987,5,1332390
21470200,8,1332390
21471412,4,1332390
21472624,9,1332390
21481111,6,1332390
21482324,6,1332390
21483536,7,1332390
21484749,7,1333109
21485961,6,1333109
21487173,7,1333109
21488385,6,1333109
21489597,5,1333109
21490810,6,1333109
21492022,5,1333109
21493235,6,1333109
21494447,10,1333109
21495660,5,1330026
21496873,6,1330026
21498084,8,1330026
21499297,7,1330026
21500509,4,1330026
21501722,5,1330026
21502934,8,1330026
21504147,8,1330026
21505359,6,1330026
21506571,4,1329666
21507784,4,1329666
21508997,5,1329666
21510209,6,1329666
21511421,9,1329666
21512634,6,1329666
21513846,7,1329666
21515058,3,1329666
21516270,6,1329666
21517483,5,1334343
21518695,4,1334343
21519907,6,1334343
21521121,7,1334343
21522333,6,1334343
21523545,6,1334343
21524757,6,1334343
21525970,5,1334343
21527183,7,1334343
21528394,6,1333623
21529607,5,1333623
21530820,7,1333623
21532031,8,1333623
21533244,7,1333623
21534457,7,1333623
21535669,7,1333623
21536882,6,1333623
21538094,6,1333623
21539306,7,1332596
21540518,4,1332596
21541731,7,1332596
21542943,6,1332596
21544155,6,1332596
21545368,7,1332596
21546580,9,1332596
21547793,8,1332596
21549005,2,1332596
21550218,6,1333367
21551430,3,1333367
21552643,7,1333367
21553855,7,1333367
21555067,5,1333367
21556280,7,1333367
21557492,5,1333367
21564766,8,1333367
21565978,9,1333367
21567190,6,1333367
21568403,7,1333367
21569616,6,1333367
21570828,8,1333367
21572041,7,1331311
21573252,4,1335730
21574465,5,1335730
21575677,7,1335730
21576890,4,1335730
21578102,3,1335730
21579314,3,1335730
21580528,5,1335730
21581739,4,1335730
21582952,4,1335730
21584164,4,1327919
21585376,7,1327919
21586589,3,1327919
21587802,4,1327919
21589014,4,1327919
21590226,6,1327919
21591439,4,1327919
21592651,5,1327919
21593864,4,1327919
21595075,6,1331002
21596288,3,1331002
21597501,5,1331002
21598712,3,1331002
21599925,3,1331002
21601137,4,1331002
21602349,5,1331002
21603562,4,1331002
21604774,3,1331002
21605987,4,1332287
21607199,4,1332287
21608411,3,1332287
21609624,5,1332287
21610836,7,1332287
21612049,5,1332287
21613261,3,1332287
21614473,1,1332287
21615685,5,1332287
21616897,3,1332287
21618109,3,1332287
21619321,2,1332287
21620534,4,1332287
21621745,5,1332287
21622958,5,1332287
21624170,5,1332287
21625383,6,1332287
21626594,5,1332287
21627807,4,1332282
21629019,4,1331002
21630231,3,1331002
21631443,5,1331002
21632656,5,1331002
21633869,6,1331002
21635080,4,1331002
21636292,5,1331002
21637505,4,1331002
21638717,6,1331012
21639930,5,1333572
21641142,4,1333572
21649629,16,1333724
21650842,3,1333212
21652052,3,1333212
21653265,5,1333212
21654477,7,1333212
21655689,6,1333212
21656902,4,1333212
21658114,3,1333212
21659326,3,1333212
21660538,3,1333212
21661751,4,1333212
21662963,7,1333212
21664176,7,1333212
21665388,8,1333212
21666600,7,1333212
21667812,5,1333212
21669025,7,1333212
21670236,6,1333212
21671449,7,1329666
21672661,5,1329666
21673873,5,1329666
21675085,7,1329666
21676297,8,1329666
21677509,8,1329666
21678722,6,1329666
21679934,6,1329666
21681146,7,1329666
21682359,6,1334189
21683571,6,1334189
21684783,5,1334189
21685995,1,1334189
21687207,5,1334189
21688420,7,1334189
21689632,7,1334189
21690845,7,1334189
21692057,3,1334189
21693269,8,1332184
21694481,7,1332184
21695694,6,1332184
21696906,7,1332184
21698118,6,1332184
21699330,5,1332184
21700542,8,1332184
21701755,6,1332184
21702968,7,1332184
21704179,9,1333932
21705391,4,1333932
21706604,5,1333932
21707817,6,1333932
21709028,5,1333932
21710240,6,1333932
21711453,6,1333932
21712665,7,1333932
21713877,7,1333932
21715089,5,1333726
21716302,4,1333726
21717514,10,1333726
21718726,5,1333726
21719938,6,1333726
21721150,5,1333726
21722362,6,1333726
21723575,7,1333726
21724787,6,1333726
21725999,9,1333726
21733272,2,1333726
21734485,6,1333726
21735697,5,1333726
21736910,5,1334137
21738122,5,1334137
21739334,6,1334137
21740547,8,1334137
21741758,6,1334137
21742971,6,1334137
21744184,6,1334137
21745396,6,1334137
21746607,7,1334137
21747820,8,1337015
21749032,4,1337015
21750245,8,1337015
21751457,7,1337015
21752669,7,1337015
21753881,7,1337015
21755093,7,1337015
21756306,4,1337015
21757518,7,1337015
21758731,6,1335987
21759942,4,1333778
21761155,6,1333778
21762367,4,1333778
21763579,4,1333778
21764792,4,1333778
21766004,4,1333778
21767216,5,1333778
21768428,2,1333778
21769640,9,1333778
21770853,4,1335165
21772065,5,1335165
21773277,4,1335165
21774490,4,1335165
21775702,3,1335165
21776914,5,1335165
21778126,3,1335165
21779339,3,1335165
21780551,3,1335165
21781763,2,1331619
21782975,6,1331619
21784188,4,1331619
21785400,5,1331619
21786612,4,1331619
21787825,4,1331619
21789037,5,1331619
21790249,5,1331619
21791461,3,1331619
21792674,6,1334291
21793886,4,1334291
21795098,3,1334291
21796311,3,1334291
21797523,4,1334291
21798735,1,1334291
21799947,4,1334291
21801160,6,1334291
21802372,5,1334291
21803584,4,1334425
21804796,5,1329049
21806009,5,1329049
21807220,2,1329049
21808433,4,1329049
21809645,6,1329049
21818131,8,1329049
21819344,5,1329049
21820556,7,1329049
21821769,7,1329049
21822980,5,1329049
21824193,7,1337118
21825405,4,1337260
21826617,4,1337260
21827830,7,1337260
21829042,6,1337260
21830254,8,1337260
21831466,7,1337260
21832679,12,1337260
21833890,6,1337260
21835103,4,1333932
21836315,5,1333932
21837527,4,1333932
21838740,4,1333932
21839951,6,1333932
21841164,8,1333932
21842376,7,1333932
21843588,4,1333932
21844801,5,1333932
21846013,4,1333932
21847225,8,1336296
21848437,5,1336296
21849649,6,1336296
21850862,9,1336296
21852074,8,1336296
21853286,6,1336296
21854498,7,1336296
21855710,6,1336296
21856923,5,1336296
21858136,5,1336707
21859348,1,1336707
21860560,5,1336707
21861771,7,1336707
21862984,11,1336707
21864196,6,1336707
21865408,6,1336707
21866620,5,1336707
21867833,6,1336707
21869045,7,1333572
21870258,3,1333572
21871469,7,1333572
21872682,8,1333572
21873894,4,1333572
21875106,5,1333572
21876318,8,1333572
21877531,9,1333572
21878743,6,1333572
21879955,8,1337940
21881167,4,1337940
21882379,7,1337940
21883592,5,1337940
21884805,7,1337940
21886017,6,1337940
21887228,7,1337940
21888441,7,1337940
21889654,7,1337940
21890866,8,1334240
21892078,7,1334240
21893290,5,1334240
21894502,4,1334240
21901776,7,1335217
21902988,5,1335217
21904201,6,1335217
21905412,8,1335217
21906625,7,1335217
21907838,7,1335217
21909050,4,1335217
21910262,8,1335217
21911474,8,1335217
21912686,5,1333675
21913899,6,1333675
21915111,8,1333675
21916323,4,1333675
21917536,6,1333675
21918747,9,1333675
21919960,7,1333675
21921172,9,1333675
21922385,7,1333675
21923597,7,1336810
21924808,4,1336810
21926021,5,1336810
21927233,6,1336810
21928445,5,1336810
21929658,6,1336810
21930870,7,1336810
21932082,8,1336810
21933294,7,1336810
21934506,4,1334189
21935719,3,1335062
21936931,3,1335062
21938143,4,1335062
21939356,5,1335062
21940568,3,1335062
21941780,4,1335062
21942992,3,1335062
21944204,5,1335062
21945417,0,1335062
21946630,4,1334600
21947842,4,1334600
21949054,3,1334600
21950266,1,1334600
21951479,5,1334600
21952690,5,1334600
21953902,5,1334600
21955115,3,1334600
21956327,5,1334600
21957539,3,1333623
21958752,4,1333623
21959963,4,1333623
21961176,6,1333623
21962388,4,1333623
21963600,5,1333623
21964813,5,1333623
21966025,4,1333623
21967237,3,1333623
21968449,2,1335885
21969662,5,1335885
21970874,2,1335885
21972086,3,1335885
21973298,4,1335885
21974510,6,1335885
21975723,4,1335885
21976936,6,1335885
21978147,4,1335885
21986634,13,1335885
21987845,6,1335885
21989058,4,1333418
21990269,3,1333426
21991482,7,1335730
21992694,4,1335730
21993906,3,1335730
21995118,3,1335730
21996331,4,1335730
21997543,5,1335730
21998755,4,1335730
21999967,6,1335730
22001180,2,1335731
22002392,3,1335987
22003605,3,1335987
22004817,5,1335987
22006029,6,1335987
22007241,4,1335987
22008453,2,1335987
22009666,4,1335987
22010878,5,1335987
22012090,4,1335987
22013303,5,1335987
22014515,6,1335987
22015728,5,1335987
22016939,8,1335987
22018153,6,1335987
22019364,8,1335987
22020577,9,1335987
22021789,9,1338094
22023001,4,1338094
22024213,2,1338094
22025426,3,1338094
22026638,6,1338094
22027850,4,1338094
22029063,5,1338094
22030275,6,1338094
22031488,6,1338094
22032700,5,1338094
22033913,5,1335987
22035124,5,1335987
22036336,7,1335987
22037549,6,1335987
22038762,8,1335987
22039974,10,1335987
22041186,6,1335987
22042399,7,1335987
22043610,6,1335987
22044823,7,1335114
22046036,4,1335114
22047247,8,1335114
22048459,7,1335114
22049672,8,1335114
22050883,9,1335114
22052096,5,1335114
22053308,4,1335114
22054520,5,1335114
22055732,7,1341537
22056945,4,1341537
22058156,9,1341537
22059369,8,1341537
22060581,4,1341537
22061793,5,1341537
22063005,8,1341537
22070278,-1,1341537
22071490,2,1341537
22072703,6,1341537
22073915,9,1341537
22075127,7,1341537
22076340,5,1341537
22077552,6,1337067
22078764,3,1337067
22079975,6,1337067
22081187,7,1337067
22082400,7,1337067
22083612,6,1337067
22084825,8,1337067
22086036,7,1337067
22087249,6,1337067
22088461,5,1335217
22089673,6,1335217
22090885,9,1335217
22092097,7,1335217
22093309,6,1335217
22094521,6,1335217
22095733,5,1335217
22096946,6,1335217
22098158,6,1335217
22099370,9,1338403
22100582,3,1338403
22101795,5,1338403
22103007,7,1338403
22104219,8,1338403
22105432,5,1338403
22106644,8,1338403
22107856,6,1338403
22109068,6,1338403
22110280,6,1336039
22111493,6,1336039
22112705,7,1336039
22113917,5,1336039
22115129,7,1336039
22116341,8,1336039
22117553,7,1336039
22118766,2,1336039
22119978,8,1336039
22121190,7,1334959
22122403,4,1335885
22123615,2,1335885
22124827,5,1335885
22126039,3,1335885
22127252,3,1335885
22128464,5,1335885
22129676,6,1335885
22130888,4,1335885
22132100,6,1335885
22133312,5,1335576
22134524,4,1335576
22135737,5,1335576
22136949,3,1335576
22138161,4,1335576
22139374,8,1335576
22140586,4,1335576
22141798,5,1335576
22143010,2,1335576
22144222,4,1335576
22145434,4,1335576
22146646,6,1335576
22155132,12,1336861
22156344,4,1336861
22157556,6,1336861
22158769,4,1336861
22159981,6,1336861
22161194,4,1336861
22162405,3,1336861
22163618,4,1336861
22164830,4,1336861
22166042,4,1340407
22167255,3,1340407
22168467,4,1340407
22169679,8,1340407
22170892,6,1340407
22172104,5,1340407
22173315,7,1340407
22174528,4,1340407
22175740,5,1340407
22176952,5,1340354
22178164,6,1339842
22179377,7,1339842
22180589,3,1339842
22181801,3,1339842
22183014,3,1339842
22184226,1,1339842
22185438,3,1339842
22186651,3,1339842
22187862,6,1339810
22189075,3,1331362
22190287,4,1331362
22191500,4,1331362
22192711,4,1331362
22193923,4,1331362
22195136,4,1331362
22196348,3,1331362
22197561,2,1331362
22198772,4,1331362
22199985,5,1331362
22201197,5,1331362
22202409,7,1331362
22203621,4,1331362
22204834,6,1331362
22206046,8,1331362
22207258,8,1331362
22208470,7,1337324
22209682,6,1337324
22210894,3,1337324
22212107,6,1337324
22213320,10,1337324
22214532,8,1337324
22215743,6,1337324
22216956,6,1337324
22218168,8,1337324
22219381,9,1337324
22220593,8,1336090
22221805,7,1336090
22223017,5,1336090
22224229,6,1336090
22225442,6,1336090
22226654,10,1336090
22227866,7,1336090
22229079,8,1336090
22230291,9,1336090
22231504,6,1336090
22238779,9,1336090
22239991,6,1336090
22241205,7,1336090
22242416,6,1336398
22243628,5,1336398
22244843,5,1336398
22246053,5,1336398
22247266,8,1336398
22248479,9,1336398
22249691,10,1336398
22250904,6,1336398
22252116,5,1336398
22253328,7,1338197
22254540,3,1338197
22255753,7,1338197
22256965,7,1338197
22258177,5,1338197
22259390,8,1338197
22260602,8,1338197
22261814,7,1338197
22263027,7,1338197
22264239,7,1331157
22265451,3,1331157
22266664,6,1331157
22267877,5,1331157
22269089,6,1331157
22270302,7,1331157
22271514,7,1331157
22272726,8,1331157
22273939,7,1331157
22275152,6,1335730
22276364,5,1335730
22277576,6,1335730
22278788,7,1335730
22280000,7,1335730
22281213,6,1335730
22282425,6,1335730
22283638,4,1335730
22284850,6,1335730
22286062,8,1337272
22287275,3,1337272
22288487,7,1337272
22289700,4,1337272
22290911,6,1337272
22292125,5,1337272
22293337,8,1337272
22294548,6,1337272
22295761,3,1337272
22296973,8,1335011
22298185,5,1335011
22299398,9,1335011
22300610,5,1335011
22301823,6,1335011
22303035,9,1335011
22304247,7,1335011
22305460,7,1335011
22306672,10,1335011
22307885,8,1333315
22309097,4,1336142
22310309,5,1336142
22311522,4,1336142
22312734,4,1336142
22313946,5,1336142
22315159,7,1336142
22323646,11,1336142
22324857,5,1336142
22326070,7,1336142
22327282,9,1336142
22328495,7,1336142
22329707,9,1330078
22330919,5,1334240
22332131,3,1334240
22333344,3,1334240
22334556,5,1334240
22335768,4,1334240
22336980,6,1334240
22338193,2,1334240
22339405,4,1334240
22340617,4,1334240
22341829,4,1338762
22343042,4,1338762
22344254,4,1338762
22345466,3,1338762
22346679,10,1338762
22347892,3,1338762
22349103,4,1338762
22350315,4,1338762
22351529,4,1338762
22352740,3,1334291
22353953,4,1334291
22355165,3,1334291
22356378,7,1334291
22357589,2,1334291
22358802,4,1334291
22360014,5,1334291
22361227,3,1334291
22362439,4,1334291
22363651,3,1334402
22364864,4,1336450
22366076,5,1336450
22367288,3,1336450
22368501,4,1336450
22369713,6,1336450
22370926,5,1336450
22372137,3,1336450
22373350,4,1336450
22374563,4,1336556
22375776,3,1337580
22376988,6,1337580
22378200,5,1337580
22379413,3,1337580
22380624,5,1337580
22381837,4,1337580
22383050,4,1337580
22384262,6,1337580
22385475,6,1337580
22386686,6,1337580
22387899,6,1337580
22389111,4,1337580
22390324,6,1337580
22391537,7,1337580
22392749,7,1337580
22393962,9,1337580
22395174,6,1334446
22396386,4,1334446
22397599,2,1334446
22398811,6,1334446
22400023,8,1335730
22407298,4,1333932
22408510,2,1333932
22409723,6,1333932
22410935,6,1333932
22412147,3,1333932
22413360,5,1333932
22414572,2,1333932
22415785,4,1333932
22416997,3,1333932
22418210,0,1333932
22419422,3,1333932
22420635,7,1333932
22421847,6,1333932
22423060,8,1333932
22424272,10,1333932
22425485,7,1333932
22426698,4,1333932
22427910,5,1333932
22429122,5,1337683
22430335,3,1337683
22431548,6,1337683
22432760,7,1337683
22433973,8,1337683
22435185,7,1337683
22436397,7,1337683
22437610,7,1337683
22438823,4,1337683
22440035,4,1335782
22441248,5,1335782
22442460,4,1335782
22443673,11,1335782
22444885,9,1335782
22446097,7,1335782
22447310,6,1335782
22448522,5,1335782
22449736,6,1335782
22450948,7,1335525
22452161,4,1335525
22453372,10,1335525
22454585,6,1335525
22455798,7,1335525
22457010,4,1335525
22458222,7,1335525
22459436,5,1335525
22460648,6,1335525
22461861,5,1334703
22463072,3,1334703
22464285,6,1334703
22465497,8,1334703
22466710,4,1334703
22467922,6,1334703
22469136,7,1334703
22470347,7,1334703
22471560,6,1334703
22472772,7,1338248
22473985,4,1338248
22475197,7,1338248
22476409,4,1338248
22477621,9,1338248
22478834,6,1338248
22480047,5,1338248
22481259,5,1338248
22482472,7,1338248
22483684,4,1338248
22492171,5,1338248
22493384,7,1338248
22494596,9,1336347
22495809,5,1336604
22497021,5,1336604
22498234,4,1336604
22499446,4,1336604
22500659,6,1336604
22501871,4,1336604
22503084,6,1336604
22504297,7,1336604
22505509,4,1336604
22506721,7,1331516
22507934,7,1331516
22509147,4,1331516
22510359,5,1331516
22511571,7,1331516
22512785,4,1331516
22513997,4,1331516
22515209,4,1331516
22516422,0,1331516
22517634,3,1331516
22518847,4,1331516
22520060,4,1331516
22521272,5,1331516
22522485,6,1331516
22523698,5,1331516
22524910,6,1331516
22526122,5,1331516
22527335,4,1331516
22528547,4,1333932
22529760,5,1333932
22530973,4,1333932
22532185,4,1333932
22533397,3,1333932
22534610,4,1333932
22535822,4,1333932
22537035,3,1333932
22538248,5,1333932
22539460,4,1335730
22540672,7,1335730
22541885,4,1335730
22543097,5,1335730
22544310,7,1335730
22545523,3,1335730
22546735,1,1335730
22547947,5,1335730
22549160,4,1335730
22550373,6,1335571
22551585,4,1334035
22552798,3,1334035
22554010,4,1334035
22555223,2,1334035
22556435,2,1334035
22557648,6,1334035
22558861,5,1334035
22560073,4,1334035
22561286,5,1334247
22562498,3,1336039
22563710,4,1336039
22564923,5,1336039
22566136,6,1336039
22567348,5,1336039
22568561,3,1336039
22577049,6,1336039
22578262,7,1336039
22579474,4,1336039
22580687,7,1336039
22581899,7,1332133
22583111,6,1332133
22584324,5,1332133
22585537,8,1332133
22586749,7,1332133
22587962,9,1332133
22589174,4,1332133
22590387,4,1332133
22591600,5,1332133
22592812,10,1332133
22594025,6,1336861
22595237,5,1336861
22596449,5,1336861
22597662,8,1336861
22598874,5,1336861
22600087,7,1336861
22601300,8,1336861
22602512,7,1336861
22603724,6,1336861
22604938,6,1336964
22606149,5,1336964
22607362,7,1336964
22608575,7,1336964
22609787,7,1336964
22611000,3,1336964
22612213,4,1336964
22613425,6,1336964
22614638,5,1336964
22615850,7,1336707
22617062,3,1336707
22618275,6,1336707
22619488,7,1336707
22620700,5,1336707
22621913,8,1336707
22623125,8,1336707
22624338,9,1336707
22625550,8,1336707
22626762,5,1335011
22627975,4,1335011
22629188,8,1335011
22630400,6,1335011
22631612,5,1335011
22632825,6,1335011
22634037,7,1335011
22635250,6,1335011
22636462,7,1335011
22637675,9,1332904
22638888,5,1332904
22640100,6,1332904
22641313,3,1332904
22642526,5,1332904
22643737,7,1332904
22644950,5,1332904
22646162,7,1332904
22647376,9,1332904
22648587,8,1332441
22649800,4,1332441
22651012,10,1332441
22652225,7,1332441
22653438,7,1333623
22660713,4,1333623
22661926,6,1333623
22663138,6,1333623
22664351,7,1333623
22665564,3,1333623
22666776,7,1333623
22667989,8,1333623
22669201,6,1333623
22670413,7,1336142
22671626,5,1336142
22672839,5,1336142
22674051,7,1336142
22675263,6,1336142
22676476,11,1336142
22677689,7,1336142
22678901,7,1336142
22680114,7,1336142
22681326,5,1335062
22682538,4,1337324
22683750,3,1337324
22684963,3,1337324
22686176,9,1337324
22687388,2,1337324
22688600,4,1337324
22689813,3,1337324
22691026,4,1337324
22692238,5,1337324
22693450,3,1329461
22694663,3,1329461
22695875,4,1329461
22697088,3,1329461
22698300,2,1329461
22699513,5,1329461
22700726,5,1329461
22701938,5,1329461
22703150,2,1329461
22704363,3,1332904
22705575,3,1332904
22706787,0,1332904
22708001,4,1332904
22709212,6,1332904
22710425,3,1332904
22711638,3,1332904
22712850,3,1332904
22714063,4,1332904
22715275,4,1331928
22716488,5,1331928
22717700,4,1331928
22718913,4,1331928
22720126,4,1331928
22721338,3,1331928
22722550,5,1331928
22723763,5,1331928
22724975,6,1331928
22726188,3,1334086
22727401,0,1334086
22728614,5,1334086
22729825,5,1334086
22731038,4,1334086
22732251,5,1334086
22733463,5,1334086
22734676,6,1334086
22735888,6,1334086
22737101,13,1334086
22745588,6,1334086
22746801,7,1330797
22748013,4,1330800
22749225,4,1331568
22750438,2,1331568
22751650,3,1331568
22752862,5,1331568
22754075,1,1331568
22755287,5,1331568
22756499,3,1331568
22757712,2,1331568
22758925,4,1331568
22760137,3,1331568
22761349,4,1331568
22762562,8,1331568
22763774,9,1331568
22764986,7,1331568
22766199,8,1331568
22767412,6,1331568
22768625,8,1331568
22769836,4,1331568
22771049,5,1331568
22772262,6,1331568
22773474,6,1331568
22774686,5,1331568
22775899,5,1331568
22777111,4,1331568
22778324,4,1331568
22779536,6,1331568
22780749,5,1335217
22781961,4,1335217
22783174,9,1335217
22784386,9,1335217
22785598,5,1335217
22786811,7,1335217
22788024,8,1335217
22789237,8,1335217
22790449,6,1335217
22791661,4,1336398
22792874,3,1336398
22794086,4,1336398
22795299,8,1336398
22796511,8,1336398
22797725,6,1336398
22798936,8,1336398
22800149,5,1336398
22801362,7,1336398
22802574,7,1333367
22803787,5,1333367
22804999,5,1333367
22806212,5,1333367
22807424,7,1333367
22808637,5,1333367
22809849,8,1333367
22811062,9,1333367
22812274,7,1333367
22813486,6,1336810
22814699,4,1336810
22815911,8,1336810
22817125,9,1336810
22818336,7,1336810
22819549,7,1336810
22820762,7,1336810
22821974,5,1336810
22829249,1,1336810
22830462,4,1336810
22831674,11,1336810
22832886,7,1336810
22834099,6,1336810
22835311,7,1333418
22836524,4,1333418
22837737,8,1333418
22838949,7,1333418
22840162,7,1333418
22841374,5,1333418
22842587,8,1333418
22843799,6,1333418
22845011,5,1333418
22846224,6,1337940
22847436,3,1337940
22848649,5,1337940
22849862,7,1337940
22851074,4,1337940
22852287,8,1337940
22853500,6,1337940
22854712,6,1337940
22855925,6,1337940
22857136,7,1335062
22858349,7,1335062
22859561,6,1335062
22860774,7,1335062
22861986,6,1335062
22863200,7,1335062
22864412,6,1335062
22865624,7,1335062
22866837,4,1335062
22868049,9,1337838
22869261,5,1337838
22870473,4,1337838
22871686,8,1337838
22872898,4,1337838
22874110,8,1337838
22875323,6,1337838
22876536,5,1337838
22877747,5,1337838
22878961,5,1333880
22880172,6,1334446
22881386,5,1334446
22882597,3,1334446
22883810,4,1334446
22885022,0,1334446
22886235,4,1334446
22887447,5,1334446
22888659,3,1334446
22889872,4,1334446
22891084,4,1335217
22892297,3,1335217
22893510,4,1335217
22894722,6,1335217
22895934,5,1335217
22897147,4,1335217
22898360,5,1335217
22899571,5,1335217
22900784,4,1335217
22901997,6,1337272
22903209,6,1337272
22904421,4,1337272
22905634,6,1335422
22914121,14,1335422
22915333,4,1335422
22916545,4,1335422
22917758,5,1335422
22918970,4,1335422
22920182,6,1335422
22921395,2,1335422
22922608,4,1335422
22923820,6,1335422
22925032,3,1335422
22926245,3,1335422
22927457,3,1335422
22928669,4,1335422
22929882,4,1335422
22931094,7,1335422
22932307,7,1335422
22933519,4,1335422
22934731,5,1335373
22935944,3,1335885
22937156,4,1335885
22938368,9,1335885
22939581,5,1335885
22940793,5,1335885
22942006,2,1335885
22943218,4,1335885
22944430,3,1335885
22945643,5,1335930
22946855,4,1334394
22948068,5,1334394
22949280,3,1334394
22950493,4,1334394
22951705,3,1334394
22952918,6,1334394
22954130,5,1334394
22955342,3,1334394
22956555,4,1334394
22957767,4,1334394
22958979,8,1334394
22960192,10,1334394
22961404,7,1334394
22962617,6,1334394
22963829,9,1334394
22965042,4,1334394
22966254,8,1334394
22967467,7,1336656
22968679,8,1336656
22969891,7,1336656
22971103,5,1336656
22972316,6,1336656
22973528,7,1336656
22974741,7,1336656
22975953,4,1336656
22977166,5,1336656
22978378,9,1333109
22979591,5,1333109
22980804,5,1333109
22982015,6,1333109
22983228,9,1333109
22984440,4,1333109
22985653,7,1333109
22986866,7,1333109
22988078,8,1333109
22989290,8,1334343
22990503,6,1334343
22998990,7,1334343
23000202,3,1336244
23001414,2,1336244
23002627,7,1336244
23003840,5,1336244
23005053,7,1336244
23006264,3,1336244
23007477,5,1336244
23008690,6,1336244
23009902,6,1336244
23011114,6,1333212
23012326,3,1333212
23013540,5,1333212
23014751,6,1333212
23015963,5,1333212
23017177,9,1333212
23018388,7,1333212
23019601,5,1333212
23020814,7,1333212
23022026,5,1335062
23023238,4,1335062
23024451,9,1335062
23025663,6,1335062
23026875,8,1335062
23028088,8,1335062
23029300,4,1335062
23030512,7,1335062
23031725,5,1335062
23032938,8,1333829
23034150,4,1333829
23035363,7,1333829
23036575,6,1333829
23037788,8,1333829
23038999,7,1333829
23040212,6,1333829
23041424,6,1333829
23042637,7,1333829
23043849,8,1335628
23045062,5,1335628
23046273,5,1335628
23047486,9,1335628
23048699,6,1335628
23049911,5,1335628
23051123,6,1335628
23052336,7,1335628
23053548,7,1335628
23054760,7,1334189
23055972,3,1334189
23057185,5,1334189
23058397,8,1334189
23059610,6,1334189
23060823,9,1334189
23062035,5,1334189
23063247,7,1334189
23064460,5,1334189
23065672,7,1335730
23066884,4,1332750
23068097,5,1332750
23069310,3,1332750
23070522,3,1332750
23071734,4,1332750
23072947,6,1332750
23074159,5,1332750
23075372,6,1332750
23083860,4,1332750
23085073,4,1332750
23086285,8,1332750
23087497,8,1331876
23088709,5,1336501
23089922,4,1336501
23091134,4,1336501
23092347,4,1336501
23093560,0,1336501
23094773,2,1336501
23095985,6,1336501
23097197,6,1336501
23098410,3,1336501
23099623,5,1337580
23100835,4,1337580
23102049,4,1337580
23103261,4,1337580
23104473,6,1337580
23105686,4,1337580
23106898,3,1337580
23108111,4,1337580
23109323,5,1337580
23110537,2,1334343
23111748,4,1334343
23112961,4,1334343
23114173,8,1334343
23115386,5,1334343
23116599,2,1334343
23117811,4,1334343
23119024,2,1334343
23120236,3,1334343
23121449,3,1334337
23122661,4,1332801
23123874,4,1332801
23125086,4,1332801
23126299,4,1332801
23127512,5,1332801
23128724,4,1332801
23129937,4,1332801
23131149,5,1332801
23132362,4,1332962
23133574,1,1334754
23134787,4,1334754
23135999,4,1334754
23137212,5,1334754
23138424,4,1334754
23139636,6,1334754
23140849,4,1334754
23142062,5,1334754
23143275,3,1334754
23144487,3,1334754
23145699,3,1334754
23146911,6,1334754
23148124,6,1334754
23149337,6,1334754
23150549,5,1334754
23151761,5,1334754
23152974,5,1329461
23154186,4,1329461
23155399,3,1329461
23156612,6,1329461
23157824,8,1329461
23159037,7,1329461
23160249,7,1329461
23167523,5,1329461
23168736,4,1329461
23169948,9,1329461
23171161,8,1329461
23172373,11,1329461
23173585,5,1329461
23174798,6,1329461
23176010,7,1331825
23177223,2,1331825
23178436,7,1331825
23179648,7,1331825
23180861,5,1331825
23182073,5,1331825
23183285,7,1331825
23184498,5,1331825
23185710,6,1331825
23186923,6,1338197
23188135,5,1338197
23189348,6,1338197
23190561,8,1338197
23191772,3,1338197
23192985,8,1338197
23194198,4,1338197
23195410,4,1338197
23196623,5,1338197
23197835,7,1336604
23199048,4,1336604
23200260,7,1336604
23201473,7,1336604
23202685,10,1336604
23203898,8,1336604
23205110,7,1336604
23206322,5,1336604
23207536,6,1336604
23208747,6,1333418
23209960,4,1333418
23211173,4,1333418
23212385,5,1333418
23213597,4,1333418
23214810,6,1333418
23216022,7,1333418
23217234,7,1333418
23218446,7,1333418
23219660,6,1333161
23220871,6,1333161
23222085,8,1333161
23223297,4,1333161
23224509,6,1333161
23225722,7,1333161
23226934,7,1333161
23228146,2,1333161
23229358,6,1333161
23230571,5,1334600
23231784,3,1334600
23232996,5,1334600
23234209,7,1334600
23235421,5,1334600
23236633,7,1334600
23237845,6,1334600
23239058,7,1334600
23240270,6,1334600
23241483,8,1338248
23242695,4,1338248
23243907,5,1338248
23251183,11,1338248
23252394,6,1332236
23253607,4,1333880
23254819,2,1333880
23256031,4,1333880
23257244,5,1333880
23258456,3,1333880
23259669,4,1333880
23260882,2,1333880
23262094,4,1333880
23263306,5,1333880
23264519,7,1333726
23265731,2,1333726
23266944,4,1333726
23268156,3,1333726
23269369,8,1333726
23270581,3,1333726
23271793,4,1333726
23273006,4,1333726
23274218,3,1333726
23275431,1,1333726
23276643,6,1333726
23277856,4,1333726
23279068,4,1333726
23280280,6,1333726
23281493,5,1333726
23282705,4,1333726
23283918,3,1333726
23285130,4,1333726
23286342,5,1335525
23287555,3,1335525
23288767,3,1335525
23289980,7,1335525
23291192,6,1335525
23292405,3,1335525
23293617,3,1335525
23294830,3,1335525
23296042,5,1335525
23297255,5,1332441
23298467,4,1332441
23299679,8,1332441
23300891,6,1332441
23302104,3,1332441
23303316,4,1332441
23304529,4,1332441
23305741,4,1332441
23306953,3,1332441
23308166,5,1332258
23309379,7,1338146
23310590,5,1338146
23311804,4,1338146
23313015,3,1338146
23314227,2,1338146
23315440,3,1338146
23316652,4,1338146
23317864,6,1338146
23319077,5,1338184
23320290,6,1334600
23321502,4,1334600
23322714,5,1334600
23323927,4,1334600
23325139,3,1334600
23326352,5,1334600
23327564,5,1334600
23336050,4,1334600
23337263,7,1334600
23338475,8,1334600
23339688,7,1336861
23340901,5,1336861
23342112,4,1336861
23343325,6,1336861
23344538,4,1336861
23345750,4,1336861
23346962,10,1336861
23348174,6,1336861
23349388,7,1336861
23350600,3,1336861
23351812,5,1332904
23353025,5,1332904
23354237,10,1332904
23355449,9,1332904
23356662,8,1332904
23357874,7,1332904
23359086,6,1332904
23360298,7,1332904
23361511,6,1332904
23362723,3,1333418
23363936,4,1333418
23365148,6,1333418
23366361,8,1333418
23367573,11,1333418
23368785,9,1333418
23369997,6,1333418
23371210,6,1333418
23372422,8,1333418
23373634,9,1333058
23374847,4,1333058
23376059,6,1333058
23377272,8,1333058
23378483,9,1333058
23379697,4,1333058
23380908,5,1333058
23382121,8,1333058
23383333,8,1333058
23384545,7,1334394
23385758,5,1334394
23386970,6,1334394
23388183,7,1334394
23389395,6,1334394
23390607,8,1334394
23391821,7,1334394
23393033,5,1334394
23394245,6,1334394
23395457,6,1335885
23396670,7,1335885
23397882,7,1335885
23399096,7,1335885
23400307,8,1335885
23401520,7,1335885
23402732,4,1335885
23403945,7,1335885
23405158,8,1335885
23406370,10,1331311
23407582,4,1331311
23408795,5,1331311
23410008,4,1331311
23411220,7,1331311
23412432,2,1331311
23419707,2,1331311
23420920,8,1331311
23422132,7,1331311
23423345,6,1331311
23424557,5,1331311
23425770,7,1331311
23426982,9,1331311
23428195,7,1334549
23429407,4,1334549
23430620,4,1334549
23431833,7,1334549
23433045,5,1334549
23434257,5,1334549
23435469,6,1334549
23436683,9,1334549
23437895,8,1334549
23439107,6,1337015
23440319,4,1335371
23441533,6,1335371
23442744,4,1335371
23443957,6,1335371
23445170,7,1335371
23446382,6,1335371
23447595,1,1335371
23448807,4,1335371
23450020,2,1335371
23451232,2,1335319
23452444,3,1335319
23453657,6,1335319
23454870,5,1335319
23456082,6,1335319
23457294,5,1335319
23458507,5,1335319
23459719,4,1335319
23460932,3,1335319
23462144,5,1334651
23463357,4,1334651
23464570,4,1334651
23465783,5,1334651
23466994,4,1334651
23468207,4,1334651
23469419,4,1334651
23470632,4,1334651
23471844,3,1334651
23473057,3,1338968
23474269,3,1338968
23475482,6,1338968
23476694,6,1338968
23477906,4,1338968
23479120,3,1338968
23480332,2,1338968
23481545,3,1338968
23482757,3,1338968
23483970,4,1333367
23485182,7,1333367
23486395,3,1333367
23487606,3,1333367
23488819,4,1333367
23490031,4,1333367
23491244,3,1333367
23492457,3,1333367
23493669,4,1333367
23494882,3,1333501
23496094,10,1328125
23504581,2,1328125
23505794,7,1327949
23507006,4,1335885
23508219,5,1335885
23509431,3,1335885
23510643,3,1335885
23511856,2,1335885
23513069,4,1335885
23514281,3,1335885
23515493,7,1335885
23516705,4,1335885
23517918,6,1335885
23519130,10,1335885
23520343,7,1335885
23521555,5,1335885
23522768,5,1335885
23523981,9,1335885
23525193,5,1335885
23526405,5,1336758
23527618,4,1336758
23528830,5,1336758
23530042,6,1336758
23531255,8,1336758
23532467,8,1336758
23533680,11,1336758
23534893,6,1336758
23536105,5,1336758
23537317,3,1336758
23538529,7,1336090
23539742,5,1336090
23540954,6,1336090
23542167,7,1336090
23543379,7,1336090
23544592,7,1336090
23545805,6,1336090
23547017,5,1336090
23548230,5,1336090
23549442,7,1335268
23550654,4,1335268
23551867,8,1335268
23553079,7,1335268
23554292,6,1335268
23555505,10,1335268
23556717,4,1335268
23557929,7,1335268
23559142,6,1335268
23560354,5,1335473
23561567,4,1335473
23562780,9,1335473
23563993,11,1335473
23565205,7,1335473
23566417,5,1335473
23567630,4,1335473
23568842,7,1335473
23570055,11,1335473
23571268,6,1334343
23572480,9,1334343
23573692,7,1334343
23574905,6,1334343
23576117,6,1334343
23577330,6,1334343
23578543,5,1334343
23579755,5,1334343
23580967,6,1334343
23588242,3,1334343
23589456,4,1334343
23590668,5,1334343
23591881,7,1334343
23593093,5,1335062
23594305,3,1335062
23595518,9,1335062
23596730,8,1335062
23597943,3,1335062
23599156,8,1335062
23600369,8,1335062
23601581,5,1335062
23602793,6,1335062
23604006,7,1333778
23605218,6,1333778
23606431,5,1333778
23607644,9,1333778
23608856,7,1333778
23610068,8,1333778
23611281,7,1333778
23612493,8,1333778
23613706,5,1333778
23614918,6,1335525
23616131,5,1335525
23617343,5,1335525
23618556,7,1335525
23619768,9,1335525
23620981,9,1335525
23622194,6,1335525
23623407,3,1335525
23624618,6,1335525
23625831,4,1330540
23627043,5,1334549
23628256,4,1334549
23629469,4,1334549
23630681,6,1334549
23631894,3,1334549
23633106,3,1334549
23634319,4,1334549
23635531,7,1334549
23636743,4,1334549
23637957,4,1338454
23639168,3,1338454
23640381,6,1338454
23641593,4,1338454
23642806,7,1338454
23644018,2,1338454
23645231,4,1338454
23646443,3,1338454
23647655,6,1338454
23648868,3,1338608
23650081,2,1338608
23651294,5,1338608
23652506,3,1338608
23653718,3,1338608
23654930,4,1338608
23656143,5,1338608
23657355,4,1338608
23658568,5,1338608
23659780,4,1334959
23660993,4,1334959
23662205,5,1334959
23663418,3,1334959
23664631,6,1334959
23673118,8,1334959
23674331,3,1334959
23675544,5,1334959
23676755,4,1334959
23677969,7,1334959
23679181,6,1334959
23680393,5,1330232
23681606,3,1330250
23682818,3,1335114
23684031,3,1335114
23685243,4,1335114
23686455,3,1335114
23687668,4,1335114
23688881,4,1335114
23690093,4,1335114
23691305,3,1335114
23692518,5,1335081
23693731,3,1326377
23694944,3,1326377
23696155,5,1326377
23697369,5,1326377
23698580,4,1326377
23699793,4,1326377
23701006,4,1326377
23702218,5,1326377
23703430,3,1326391
23704643,7,1329975
23705855,5,1329975
23707068,4,1329975
23708281,5,1329975
23709493,5,1329975
23710705,4,1329975
23711918,4,1329975
23713131,5,1329975
23714343,4,1329975
23715555,3,1329975
23716769,7,1329975
23717980,10,1329975
23719193,7,1329975
23720405,7,1329975
23721618,7,1329975
23722831,7,1329975
23724043,8,1329975
23725255,5,1333058
23726468,4,1333058
23727681,11,1333058
23728893,5,1333058
23730105,7,1333058
23731318,6,1333058
23732530,7,1333058
23733742,6,1333058
23734956,7,1333058
23736167,5,1335422
23737380,6,1335422
23738593,3,1335422
23739805,6,1335422
23741017,5,1335422
23742230,9,1335422
23743442,7,1335422
23744655,5,1335422
23745867,5,1335422
23747080,9,1331825
23748292,3,1331825
23749505,4,1331825
23756780,6,1331825
23757992,6,1333315
23759205,4,1333315
23760417,8,1333315
23761630,6,1333315
23762843,8,1333315
23764055,3,1333315
23765267,7,1333315
23766480,3,1333315
23767692,7,1333315
23768905,8,1334497
23770118,5,1334497
23771330,7,1334497
23772542,9,1334497
23773755,8,1334497
23774967,6,1334497
23776180,7,1334497
23777392,6,1334497
23778605,4,1334497
23779817,4,1334600
23781031,3,1334600
23782244,6,1334600
23783456,7,1334600
23784668,8,1334600
23785880,8,1334600
23787093,5,1334600
23788306,5,1334600
23789519,5,1334600
23790730,5,1332904
23791943,3,1332904
23793156,7,1332904
23794368,6,1332904
23795581,7,1332904
23796793,6,1332904
23798006,8,1332904
23799218,7,1332904
23800431,8,1332904
23801643,7,1333418
23802856,4,1333418
23804069,5,1333418
23805281,7,1333418
23806493,6,1333418
23807706,7,1333418
23808918,6,1333418
23810131,7,1333418
23811344,7,1333418
23812556,7,1333007
23813768,5,1333007
23814981,7,1333007
23816194,4,1333007
23817406,5,1333007
23818618,8,1333007
23819831,7,1333007
23821043,9,1333007
23822256,7,1333007
23823468,7,1333778
23824681,10,1335679
23825893,3,1335679
23827105,1,1335679
23828318,5,1335679
23829530,5,1335679
23830742,5,1335679
23831955,2,1335679
23833168,7,1335679
23841655,10,1335679
23842868,9,1335679
23844080,9,1335679
23845293,8,1332544
23846505,5,1337426
23847717,-1,1337426
23848930,5,1337426
23850142,4,1337426
23851355,8,1337426
23852568,3,1337426
23853780,4,1337426
23854993,5,1337426
23856205,4,1337426
23857417,2,1330180
23858630,4,1330180
23859843,6,1330180
23861055,4,1330180
23862268,4,1330180
23863480,6,1330180
23864692,5,1330180
23865905,5,1330180
23867118,5,1330180
23868330,4,1333829
23869542,3,1333829
23870755,4,1333829
23871968,7,1333829
23873180,8,1333829
23874393,4,1333829
23875606,5,1333829
23876818,3,1333829
23878030,5,1333829
23879243,4,1333978
23880456,2,1332698
23881668,5,1332698
23882881,6,1332698
23884094,4,1332698
23885306,4,1332698
23886519,4,1332698
23887731,4,1332698
23888943,6,1332698
23890156,4,1332538
23891368,5,1331002
23892581,4,1331002
23893793,5,1331002
23895006,3,1331002
23896218,4,1331002
23897432,2,1331002
23898643,3,1331002
23899856,5,1331002
23901069,5,1331002
23902282,5,1331002
23903493,7,1331002
23904706,4,1331002
23905918,7,1331002
23907131,9,1331002
23908344,7,1331002
23909556,6,1331002
23910769,7,1333212
23911981,5,1333212
23913193,4,1333212
23914406,9,1333212
23915619,7,1333212
23916831,7,1333212
23918043,7,1333212
23925319,12,1333212
23926531,6,1333212
23927743,5,1333212
23928956,9,1333212
23930169,9,1333212
23931381,9,1333212
23932593,6,1333212
23933806,6,1333572
23935018,5,1333572
23936231,5,1333572
23937443,6,1333572
23938656,5,1333572
23939869,6,1333572
23941080,7,1333572
23942293,6,1333572
23943506,7,1333572
23944719,5,1335114
23945930,4,1335114
23947144,6,1335114
23948355,4,1335114
23949568,8,1335114
23950781,6,1335114
23951993,5,1335114
23953206,3,1335114
23954418,3,1335114
23955631,3,1333109
23956842,5,1333109
23958055,5,1333109
23959268,8,1333109
23960480,6,1333109
23961693,6,1333109
23962905,7,1333109
23964118,6,1333109
23965330,9,1333109
23966544,7,1331568
23967755,4,1331568
23968968,4,1331568
23970181,7,1331568
23971393,6,1331568
23972605,7,1331568
23973818,7,1331568
23975030,7,1331568
23976242,5,1331568
23977456,6,1332750
23978667,4,1332750
23979880,5,1332750
23981092,7,1332750
23982305,7,1332750
23983517,8,1332750
23984729,8,1332750
23985942,6,1332750
23987155,6,1332750
23988367,9,1336501
23989579,5,1336501
23990792,6,1336501
23992004,6,1336501
23993217,8,1336501
23994429,3,1336501
23995642,8,1336501
23996854,7,1336501
23998067,8,1336501
23999280,9,1333726
24000492,7,1333726
24001704,13,1333726
24009119,5,1333726
24010191,4,1332750
24011403,2,1330694
24012616,3,1330694
24013828,4,1330694
24015041,3,1330694
24016254,5,1330694
24017466,4,1330694
24018678,6,1330694
24019891,3,1330694
24021103,3,1330694
24022315,4,1331414
24023528,5,1331414
24024740,3,1331414
24025953,4,1331414
24027165,4,1331414
24028378,8,1331414
24029591,7,1331414
24030803,2,1331414
24032015,4,1331414
24033227,3,1331414
24034440,5,1331414
24035652,4,1331414
24036865,6,1331414
24038078,5,1331414
24039290,5,1331414
24040502,4,1331414
24041715,3,1331414
24042927,2,1331414
24044140,5,1333058
24045352,0,1333058
24046564,1,1333058
24047777,3,1333058
24048990,4,1333058
24050202,3,1333058
24051414,0,1333058
24052627,5,1333058
24053839,3,1333058
24055051,4,1334600
24056264,3,1334600
24057477,5,1334600
24058689,4,1334600
24059902,5,1334600
24061114,4,1334600
24062326,3,1334600
24063539,2,1334600
24064752,4,1334600
24065965,4,1334531
24067176,8,1329923
24068390,5,1329923
24069601,5,1329923
24070814,2,1329923
24072027,2,1329923
24073239,6,1329923
24074452,3,1329923
24075664,4,1329923
24076877,3,1330092
24078089,4,1333932
24079302,3,1333932
24080514,3,1333932
24081726,4,1333932
24082939,5,1333932
24084151,2,1333932
24085364,6,1333932
24093851,9,1333932
24095064,10,1333932
24096277,9,1333932
24097489,7,1331516
24098702,5,1331516
24099914,4,1331516
24101127,8,1331516
24102340,7,1331516
24103552,7,1331516
24104764,8,1331516
24105976,8,1331516
24107189,8,1331516
24108401,4,1331516
24109614,6,1333315
24110826,5,1333315
24112039,7,1333315
24113252,5,1333315
24114464,5,1333315
24115677,9,1333315
24116889,3,1333315
24118102,6,1333315
24119314,7,1333315
24120526,7,1334240
24121739,3,1334240
24122951,9,1334240
24124164,5,1334240
24125376,9,1334240
24126589,6,1334240
24127801,7,1334240
24129014,8,1334240
24130226,6,1334240
24131438,8,1332698
24132651,5,1332698
24133864,9,1332698
24135076,7,1332698
24136289,7,1332698
24137501,8,1332698
24138713,5,1332698
24139926,7,1332698
24141138,7,1332698
24142350,8,1332647
24143563,4,1332647
24144775,9,1332647
24145988,7,1332647
24147201,6,1332647
24148413,3,1332647
24149626,5,1332647
24150838,7,1332647
24152051,5,1332647
24153263,6,1335011
24154475,5,1335011
24155689,6,1335011
24156900,8,1335011
24158113,10,1335011
24159326,7,1335011
24160538,6,1335011
24161750,6,1335011
24162963,8,1335011
24164175,4,1335114
24165388,6,1335114
24166600,6,1335114
24167813,5,1335114
24169026,9,1335114
24170238,7,1335114
24177513,6,1335114
24178726,4,1335114
24179938,7,1335114
24181150,11,1335114
24182364,6,1335114
24183576,5,1335114
24184788,8,1335114
24186000,8,1339019
24187213,4,1339019
24188425,6,1339019
24189638,6,1339019
24190850,7,1339019
24192062,4,1339019
24193276,6,1339019
24194487,9,1339019
24195701,3,1339019
24196913,6,1332955
24198125,4,1334240
24199337,5,1334240
24200550,6,1334240
24201762,5,1334240
24202975,5,1334240
24204187,5,1334240
24205400,5,1334240
24206612,5,1334240
24207824,6,1334240
24209037,5,1334857
24210249,5,1334857
24211462,6,1334857
24212674,9,1334857
24213887,3,1334857
24215099,5,1334857
24216312,4,1334857
24217525,3,1334857
24218736,2,1334857
24219949,4,1327816
24221162,4,1327816
24222374,6,1327816
24223587,5,1327816
24224798,5,1327816
24226011,2,1327816
24227223,3,1327816
24228436,3,1327816
24229649,3,1327816
24230861,3,1332955
24232073,6,1332955
24233286,5,1332955
24234498,3,1332955
24235711,3,1332955
24236923,5,1332955
24238136,5,1332955
24239348,4,1332955
24240561,5,1332955
24241773,4,1336912
24242986,5,1336912
24244198,5,1336912
24245411,3,1336912
24246623,3,1336912
24247835,5,1336912
24249048,3,1336912
24250261,3,1336912
24251473,5,1336912
24252685,8,1336995
24253898,6,1331619
24261173,8,1331619
24262385,6,1331619
24263597,3,1331529
24264810,10,1334857
24266023,3,1334857
24267235,2,1334857
24268447,4,1334857
24269660,5,1334857
24270873,5,1334857
24272084,4,1334857
24273297,6,1334857
24274510,4,1334857
24275722,4,1334857
24276935,8,1334857
24278148,6,1334857
24279359,5,1334857
24280572,5,1334857
24281785,6,1334857
24282997,6,1334857
24284210,5,1334857
24285422,3,1334857
24286635,4,1334857
24287847,6,1334857
24289059,7,1334857
24290272,6,1334857
24291484,6,1334857
24292697,5,1334857
24293910,6,1334857
24295122,7,1334857
24296334,6,1333058
24297546,6,1333058
24298759,7,1333058
24299971,8,1333058
24301183,8,1333058
24302396,6,1333058
24303608,5,1333058
24304821,7,1333058
24306033,7,1333058
24307245,7,1333418
24308457,4,1333418
24309670,9,1333418
24310882,7,1333418
24312094,6,1333418
24313307,4,1333418
24314519,8,1333418
24315731,5,1333418
24316944,6,1333418
24318157,8,1333521
24319369,5,1333521
24320581,6,1333521
24321793,3,1333521
24323006,6,1333521
24324218,6,1333521
24325431,7,1333521
24326643,5,1333521
24327855,8,1333521
24329068,9,1331876
24330280,5,1331876
24331492,8,1331876
24332705,5,1331876
24333917,7,1331876
24335129,6,1331876
24336341,6,1331876
24337554,7,1331876
24346041,5,1331876
24347253,7,1331876
24348465,5,1331876
24349678,7,1331876
24350890,6,1329923
24352102,2,1329923
24353315,8,1329923
24354528,5,1329923
24355739,4,1329923
24356952,5,1329923
24358165,6,1329923
24359377,11,1329923
24360589,7,1329923
24361802,5,1333264
24363014,0,1333264
24364227,7,1333264
24365439,7,1333264
24366652,7,1333264
24367864,4,1333264
24369076,7,1333264
24370289,8,1333264
24371501,4,1333264
24372714,4,1336501
24373926,4,1336501
24375138,6,1336501
24376351,4,1336501
24377564,8,1336501
24378776,5,1336501
24379989,7,1336501
24381201,7,1336501
24382413,7,1336501
24383626,5,1332287
24384838,6,1333315
24386050,5,1333315
24387263,6,1333315
24388475,5,1333315
24389687,3,1333315
24390901,4,1333315
24392112,3,1333315
24393325,4,1333315
24394537,7,1333315
24395751,4,1332390
24396962,4,1332390
24398175,9,1332390
24399388,3,1332390
24400601,1,1332390
24401812,4,1332390
24403025,5,1332390
24404237,5,1332390
24405449,4,1332390
24406662,3,1331002
24407874,4,1331002
24409087,5,1331002
24410299,6,1331002
24411512,5,1331002
24412724,4,1331002
24413937,3,1331002
24415149,5,1331002
24416362,4,1331002
24417574,5,1329409
24418786,4,1329409
24419999,3,1329409
24421211,4,1329409
24422424,6,1329409
24430911,6,1329409
24432124,7,1329409
24433336,6,1329409
24434548,8,1329409
24435761,5,1329409
24436973,8,1329409
24438186,7,1333264
24439398,5,1333362
24440611,4,1332338
24441823,4,1332338
24443035,4,1332338
24444248,3,1332338
24445460,2,1332338
24446673,5,1332338
24447886,4,1332338
24449098,7,1332338
24450310,5,1332442
24451522,2,1332698
24452735,2,1332698
24453947,3,1332698
24455160,5,1332698
24456372,5,1332698
24457585,5,1332698
24458797,4,1332698
24460010,4,1332698
24461222,5,1332665
24462435,2,1337529
24463647,3,1337529
24464859,4,1337529
24466072,5,1337529
24467284,8,1337529
24468497,4,1337529
24469709,5,1337529
24470922,4,1337529
24472135,3,1337529
24473347,4,1337529
24474560,10,1337529
24475773,6,1337529
24476985,10,1337529
24478197,7,1337529
24479409,6,1337529
24480622,9,1337529
24481834,8,1337529
24483047,7,1333109
24484259,3,1333109
24485472,5,1333109
24486684,7,1333109
24487897,5,1333109
24489109,7,1333109
24490321,6,1333109
24491534,6,1333109
24492746,5,1333109
24493959,6,1335576
24495171,4,1335576
24496384,10,1335576
24497596,4,1335576
24498809,5,1335576
24500021,7,1335576
24501233,4,1335576
24502445,8,1335576
24503658,7,1335576
24504870,7,1333161
24506083,2,1333161
24507295,5,1333161
24514570,2,1333161
24515782,6,1334703
24516994,4,1334703
24518207,8,1334703
24519419,9,1334703
24520632,5,1334703
24521844,7,1334703
24523056,7,1334703
24524269,6,1334703
24525481,9,1334703
24526694,5,1330797
24527906,4,1330797
24529119,5,1330797
24530332,7,1330797
24531544,10,1330797
24532756,6,1330797
24533968,4,1330797
24535181,5,1330797
24536393,3,1330797
24537606,5,1335422
24538818,6,1335422
24540031,6,1335422
24541244,8,1335422
24542455,7,1335422
24543669,4,1335422
24544881,7,1335422
24546093,5,1335422
24547305,7,1335422
24548518,6,1333367
24549730,4,1333367
24550942,5,1333367
24552155,7,1333367
24553367,10,1333367
24554579,9,1333367
24555792,5,1333367
24557005,7,1333367
24558217,7,1333367
24559429,7,1335062
24560641,5,1335062
24561854,6,1335062
24563066,7,1335062
24564279,8,1335062
24565492,7,1335062
24566704,4,1335062
24567917,7,1335062
24569129,3,1335062
24570341,4,1336861
24571554,4,1336861
24572766,5,1336861
24573978,7,1336861
24575191,7,1336861
24576403,3,1336861
24577616,5,1336861
24578828,7,1336861
24580041,7,1336861
24581253,9,1333932
24582465,6,1335062
24583677,11,1335062
24584890,4,1335062
24586102,6,1335062
24587314,3,1335062
24588528,4,1335062
24589739,3,1335062
24590952,7,1335062
24598226,6,1335062
24599438,2,1335062
24600652,8,1335062
24601864,9,1335062
24603076,3,1333521
24604289,6,1336090
24605501,2,1336090
24606713,5,1336090
24607926,2,1336090
24609139,5,1336090
24610351,4,1336090
24611563,4,1336090
24612775,4,1336090
24613989,6,1336090
24615200,3,1337221
24616413,4,1337221
24617626,9,1337221
24618838,5,1337221
24620050,4,1337221
24621262,5,1337221
24622476,6,1337221
24623687,4,1337221
24624901,4,1337221
24626112,7,1337221
24627325,4,1337221
24628538,3,1337221
24629750,3,1337221
24630962,4,1337221
24632175,7,1337221
24633388,4,1337221
24634599,5,1337221
24635812,3,1337221
24637025,4,1337199
24638236,6,1331311
24639450,5,1331311
24640661,5,1331311
24641874,3,1331311
24643086,3,1331311
24644299,4,1331311
24645512,3,1331311
24646724,4,1331311
24647937,6,1331453
24649148,4,1328381
24650361,4,1328381
24651573,5,1328381
24652786,3,1328381
24653998,4,1328381
24655210,5,1328381
24656423,5,1328381
24657635,4,1328381
24658848,4,1328381
24660060,5,1328381
24661273,12,1328381
24662485,9,1328381
24663698,7,1328381
24664910,8,1328381
24666122,5,1328381
24667334,6,1328381
24668548,10,1333264
24669759,5,1333264
24670972,3,1333264
24672185,6,1333264
24673397,7,1333264
24674609,7,1333264
24683097,5,1333264
24684309,6,1333264
24685521,3,1333264
24686734,5,1333264
24687946,6,1333264
24689158,5,1333264
24690370,9,1333264
24691583,4,1335268
24692796,4,1335268
24694008,5,1335268
24695221,6,1335268
24696432,6,1335268
24697645,6,1335268
24698858,6,1335268
24700070,5,1335268
24701282,7,1335268
24702494,8,1337067
24703707,3,1337067
24704919,7,1337067
24706132,6,1337067
24707344,9,1337067
24708556,9,1337067
24709770,5,1337067
24710981,8,1337067
24712194,7,1337067
24713406,6,1334959
24714618,5,1334959
24715831,5,1334959
24717044,5,1334959
24718255,7,1334959
24719468,6,1334959
24720681,12,1334959
24721893,6,1334959
24723105,6,1334959
24724318,6,1331105
24725530,4,1331105
24726742,6,1331105
24727955,5,1331105
24729167,7,1331105
24730380,9,1331105
24731592,7,1331105
24732804,7,1331105
24734017,7,1331105
24735230,6,1336810
24736441,2,1336810
24737654,9,1336810
24738866,5,1336810
24740079,6,1336810
24741291,6,1336810
24742504,7,1336810
24743716,3,1336810
24744929,6,1336810
24746141,8,1334703
24747354,6,1334703
24748566,8,1334703
24749778,5,1334703
24750990,4,1334703
24752202,10,1334703
24753415,6,1334703
24754627,9,1334703
24755839,7,1334703
24757052,5,1335165
24758264,3,1335165
24759477,3,1335165
24766751,8,1335165
24767964,8,1333675
24769176,11,1335987
24770389,6,1335987
24771601,5,1335987
24772813,2,1335987
24774026,4,1335987
24775238,5,1335987
24776451,3,1335987
24777663,4,1335987
24778875,3,1335987
24780088,3,1333212
24781300,3,1333212
24782513,4,1333212
24783726,3,1333212
24784938,3,1333212
24786150,4,1333212
24787362,2,1333212
24788575,3,1333212
24789787,4,1333212
24790999,5,1327148
24792211,4,1327148
24793424,0,1327148
24794636,4,1327148
24795848,4,1327148
24797061,5,1327148
24798273,4,1327148
24799486,6,1327148
24800698,5,1327148
24801910,2,1335782
24803123,4,1335782
24804335,4,1335782
24805547,2,1335782
24806760,4,1335782
24807972,6,1335782
24809184,4,1335782
24810397,5,1335782
24811609,5,1335782
24812821,4,1335782
24814034,2,1335782
24815246,3,1335782
24816459,5,1335782
24817671,4,1335782
24818883,5,1335782
24820096,5,1335782
24821308,5,1335782
24822521,4,1335782
24823733,4,1335739
24824945,5,1338043
24826158,5,1338043
24827371,5,1338043
24828582,3,1338043
24829795,1,1338043
24831007,3,1338043
24832220,4,1338043
24833433,4,1338043
24834644,3,1338001
24835857,4,1340561
24837070,2,1340561
24838282,5,1340561
24839495,5,1340561
24840706,4,1340561
24841919,5,1340561
24843131,8,1340561
24851618,10,1340561
24852831,7,1340561
24854042,4,1340561
24855255,9,1329923
24856468,5,1329923
24857680,6,1329923
24858893,5,1329923
24860104,6,1329923
24861317,6,1329923
24862529,6,1329923
24863741,5,1329923
24864954,7,1329923
24866166,9,1329923
24867379,7,1329615
24868591,4,1329615
24869804,7,1329615
24871016,5,1329615
24872229,5,1329615
24873441,5,1329615
24874654,6,1329615
24875866,6,1329615
24877078,6,1329615
24878291,8,1336193
24879504,3,1336193
24880716,4,1336193
24881929,8,1336193
24883141,8,1336193
24884353,8,1336193
24885565,3,1336193
24886777,5,1336193
24887990,5,1336193
24889203,7,1338968
24890414,3,1338968
24891627,7,1338968
24892840,5,1338968
24894051,9,1338968
24895264,8,1338968
24896477,6,1338968
24897689,6,1338968
24898901,6,1338968
24900114,5,1332698
24901326,3,1332698
24902539,5,1332698
24903751,5,1332698
24904964,7,1332698
24906175,7,1332698
24907388,4,1332698
24908600,5,1332698
24909813,5,1332698
24911025,5,1337786
24912238,4,1337786
24913450,7,1337786
24914662,5,1337786
24915876,5,1337786
24917088,10,1337786
24918300,10,1337786
24919513,8,1337786
24920724,5,1337786
24921937,4,1335473
24923149,4,1335473
24924362,4,1335473
24925575,7,1335473
24926787,8,1335473
24927999,9,1335473
24935273,2,1335473
24936486,5,1335473
24937699,4,1335473
24938911,6,1335473
24940124,7,1335473
24941335,8,1335473
24942548,7,1335473
24943761,5,1331465
24944973,6,1331465
24946185,9,1331465
24947398,6,1331465
24948610,7,1331465
24949823,5,1331465
24951035,5,1331465
24952247,4,1331465
24953460,8,1331465
24954672,8,1332955
24955884,5,1332904
24957097,5,1332904
24958309,4,1332904
24959522,4,1332904
24960734,5,1332904
24961947,3,1332904
24963159,3,1332904
24964372,6,1332904
24965584,5,1332904
24966796,3,1329718
24968009,4,1329718
24969221,3,1329718
24970434,3,1329718
24971646,5,1329718
24972859,3,1329718
24974071,6,1329718
24975284,5,1329718
24976496,6,1329718
24977708,5,1334549
24978921,3,1334549
24980134,5,1334549
24981346,5,1334549
24982559,5,1334549
24983772,4,1334549
24984983,6,1334549
24986196,5,1334549
24987408,4,1334549
24988621,5,1333469
24989833,5,1333469
24991046,4,1333469
24992258,4,1333469
24993472,4,1333469
24994683,6,1333469
24995897,5,1333469
24997109,4,1333469
24998321,5,1333469
24999533,3,1340099
25000746,5,1340099
25001958,4,1340099
25003170,5,1340099
25004384,5,1340099
25005595,3,1340099
25006808,4,1340099
25008021,1,1340099
25009233,4,1340099
25010445,6,1340003
25011658,7,1328227
25020145,7,1328227
25021357,3,1328303
25022570,3,1334703
25023783,2,1334703
25024994,4,1334703
25026207,5,1334703
25027420,3,1334703
25028632,4,1334703
25029844,5,1334703
25031056,4,1334703
25032269,6,1334703
25033482,8,1334703
25034694,7,1334703
25035906,7,1334703
25037119,7,1334703
25038332,6,1334703
25039544,5,1334703
25040756,7,1334703
25041969,10,1331208
25043181,5,1331208
25044394,0,1331208
25045606,7,1331208
25046819,7,1331208
25048031,7,1331208
25049243,8,1331208
25050456,7,1331208
25051668,6,1331208
25052881,7,1331208
25054094,4,1332750
25055306,3,1332750
25056518,4,1332750
25057731,6,1332750
25058943,7,1332750
25060157,9,1332750
25061368,9,1332750
25062581,7,1332750
25063794,8,1332750
25065006,6,1333161
25066218,4,1333161
25067431,3,1333161
25068643,8,1333161
25069857,9,1333161
25071068,9,1333161
25072281,6,1333161
25073493,3,1333161
25074706,5,1333161
25075918,7,1333983
25077131,5,1333983
25078344,6,1333983
25079556,4,1333983
25080769,8,1333983
25081980,10,1333983
25083193,5,1333983
25084405,10,1333983
25085618,7,1333983
25086831,8,1335936
25088043,2,1335936
25089256,7,1335936
25090468,5,1335936
25091681,11,1335936
25092893,8,1335936
25094105,5,1335936
25095318,6,1335936
25096530,10,1335936
25105017,6,1335936
25106230,5,1335936
25107443,6,1335936
25108655,8,1331414
25109867,4,1331414
25111079,6,1331414
25112292,7,1331414
25113505,7,1331414
25114717,3,1331414
25115929,5,1331414
25117142,5,1331414
25118355,3,1331414
25119567,6,1336501
25120780,4,1336501
25121993,7,1336501
25123205,6,1336501
25124417,3,1336501
25125630,5,1336501
25126842,6,1336501
25128055,8,1336501
25129266,8,1336501
25130479,6,1336193
25131691,4,1336193
25132904,6,1336193
25134117,8,1336193
25135329,7,1336193
25136541,5,1336193
25137754,4,1336193
25138966,5,1336193
25140178,7,1336193
25141392,7,1332750
25142603,3,1333109
25143816,3,1333109
25145029,3,1333109
25146241,5,1333109
25147453,2,1333109
25148666,4,1333109
25149878,3,1333109
25151090,5,1333109
25152303,5,1333109
25153516,4,1331465
25154727,4,1331465
25155941,5,1331465
25157152,5,1331465
25158365,5,1331465
25159577,5,1331465
25160790,3,1331465
25162002,5,1331465
25163215,5,1331465
25164428,5,1331465
25165639,6,1331465
25166853,2,1331465
25168064,3,1331465
25169277,5,1331465
25170489,5,1331465
25171702,3,1331465
25172914,5,1331465
25174126,3,1331465
25175339,2,1336193
25176551,5,1336193
25177764,5,1336193
25178977,6,1336193
25180189,3,1336193
25181401,11,1336193
25189889,3,1336193
25191101,7,1336193
25192313,6,1336193
25193525,6,1336193
25194738,4,1336193
25195950,5,1329975
25197163,5,1330041
25198375,8,1334137
25199588,5,1334137
25200800,3,1334137
25202012,3,1334137
25203225,4,1334137
25204438,5,1334137
25205649,7,1334137
25206862,4,1334137
25208074,5,1334241
25209287,5,1334497
25210500,6,1334497
25211713,4,1334497
25212925,5,1334497
25214137,4,1334497
25215349,4,1334497
25216562,3,1334497
25217774,2,1334497
25218986,6,1334497
25220199,4,1334497
25221412,5,1334497
25222624,6,1334497
25223836,7,1334497
25225049,6,1334497
25226261,6,1334497
25227473,8,1334497
25228686,8,1336244
25229898,4,1336244
25231110,3,1336244
25232322,5,1336244
25233536,5,1336244
25234747,5,1336244
25235960,6,1336244
25237173,5,1336244
25238385,8,1336244
25239597,5,1336244
25240810,6,1334240
25242022,6,1334240
25243235,8,1334240
25244447,5,1334240
25245660,8,1334240
25246873,5,1334240
25248085,8,1334240
25249298,8,1334240
25250510,5,1334240
25251722,4,1332133
25252935,4,1332133
25254148,4,1332133
25255360,8,1332133
25256573,6,1332133
25257785,6,1332133
25258998,7,1332133
25260210,4,1332133
25261424,5,1332133
25262636,10,1332698
25263849,4,1332698
25265061,6,1332698
25266273,8,1333007
25273549,1,1333007
25274762,14,1333007
25275974,6,1333007
25277186,7,1333007
25278399,9,1333007
25279612,8,1333007
25280824,7,1333007
25282037,4,1333007
25283249,7,1333007
25284462,7,1334857
25285674,9,1334857
25286887,6,1334857
25288099,7,1334857
25289312,6,1334857
25290524,5,1334857
25291737,6,1334857
25292949,5,1334857
25294162,4,1334857
25295374,8,1333058
25296587,4,1333058
25297800,8,1333058
25299013,5,1333058
25300225,4,1333058
25301437,6,1333058
25302651,7,1333058
25303863,6,1333058
25305075,8,1333058
25306287,9,1334651
25307500,4,1334651
25308713,6,1334651
25309925,8,1334651
25311138,5,1334651
25312351,7,1334651
25313563,7,1334651
25314775,6,1334651
25315988,10,1334651
25317201,7,1334035
25318413,3,1334035
25319626,6,1334035
25320838,7,1334035
25322051,5,1334035
25323263,7,1334035
25324476,6,1334035
25325688,4,1334035
25326901,7,1334035
25328114,8,1335062
25329326,4,1334291
25330538,6,1334291
25331751,4,1334291
25332963,4,1334291
25334176,6,1334291
25335389,5,1334291
25336601,3,1334291
25337813,5,1334291
25339026,3,1334291
25340238,5,1330694
25341451,4,1330694
25342663,7,1330694
25343876,4,1330694
25345089,4,1330694
25346302,4,1330694
25347514,3,1330694
25348726,4,1330694
25349939,8,1330694
25357214,8,1330694
25358426,4,1330694
25359639,5,1330694
25360852,5,1329152
25362064,3,1331208
25363277,4,1331208
25364490,2,1331208
25365702,6,1331208
25366914,5,1331208
25368127,4,1331208
25369339,4,1331208
25370552,5,1331208
25371764,5,1331208
25372976,5,1334908
25374189,5,1334908
25375402,3,1334908
25376615,5,1334908
25377827,6,1334908
25379039,4,1334908
25380252,2,1334908
25381464,5,1334908
25382677,5,1334908
25383889,2,1335009
25385102,5,1334497
25386315,4,1334497
25387527,6,1334497
25388739,3,1334497
25389952,7,1334497
25391164,4,1334497
25392377,9,1334497
25393590,5,1334497
25394802,4,1334513
25396015,3,1338865
25397227,4,1338865
25398440,6,1338865
25399652,4,1338865
25400866,5,1338865
25402078,5,1338865
25403290,5,1338865
25404503,3,1338865
25405715,3,1338865
25406929,5,1338865
25408141,5,1338865
25409353,8,1338865
25410566,9,1338865
25411778,6,1338865
25412991,7,1338865
25414204,9,1338865
25415416,7,1338865
25416628,4,1338865
25417843,5,1338865
25419054,4,1338865
25420266,5,1338865
25421478,6,1338865
25422692,5,1338865
25423903,9,1338865
25425116,8,1338865
25426329,5,1338865
25427541,7,1333521
25428753,7,1333521
25429966,7,1333521
25431179,5,1333521
25432392,8,1333521
25433604,9,1333521
25442092,5,1333521
25443303,5,1333521
25444516,6,1333521
25445729,7,1333521
25446941,5,1333521
25448154,5,1333521
25449366,5,1332133
25450578,4,1332133
25451792,5,1332133
25453004,4,1332133
25454217,5,1332133
25455429,5,1332133
25456642,6,1332133
25457854,9,1332133
25459066,8,1332133
25460278,6,1335319
25461491,5,1335319
25462703,3,1335319
25463916,6,1335319
25465128,5,1335319
25466341,7,1335319
25467553,5,1335319
25468766,8,1335319
25469978,8,1335319
25471191,8,1333572
25472403,6,1333572
25473617,9,1333572
25474829,7,1333572
25476041,7,1333572
25477254,7,1333572
25478466,8,1333572
25479679,10,1333572
25480891,7,1333572
25482104,6,1333418
25483316,4,1333418
25484529,6,1333418
25485742,6,1333418
25486954,5,1333418
25488166,8,1333418
25489379,8,1333418
25490591,4,1333418
25491804,5,1333418
25493016,6,1330643
25494228,3,1330643
25495441,6,1330643
25496654,4,1330643
25497866,5,1330643
25499079,8,1330643
25500291,5,1330643
25501504,6,1330643
25502716,5,1330643
25503929,6,1336142
25505141,6,1336142
25506354,8,1336142
25507566,7,1336142
25508780,8,1336142
25509991,7,1336142
25511205,6,1336142
25512416,5,1336142
25513630,7,1336142
25514842,5,1335114
25516054,4,1335114
25517266,7,1335114
25518479,4,1335114
25525754,5,1333058
25526967,5,1334857
25528179,6,1334857
25529392,5,1334857
25530604,5,1334857
25531817,5,1334857
25533030,4,1334857
25534241,4,1334857
25535455,4,1334857
25536666,5,1334857
25537880,4,1335165
25539091,3,1335165
25540304,3,1335165
25541516,5,1335165
25542730,4,1335165
25543942,5,1335165
25545154,4,1335165
25546367,6,1335165
25547579,5,1335165
25548791,5,1334549
25550005,5,1334549
25551216,4,1334549
25552429,4,1334549
25553641,7,1334549
25554854,5,1334549
25556067,4,1334549
25557280,3,1334549
25558492,5,1334549
25559704,2,1332904
25560917,4,1332904
25562130,7,1332904
25563343,4,1332904
25564555,4,1332904
25565767,4,1332904
25566980,7,1332904
25568192,6,1332904
25569405,1,1332904
25570617,3,1332904
25571830,4,1332904
25573043,5,1332904
25574255,3,1332904
25575468,2,1332904
25576680,9,1332904
25577893,6,1332904
25579105,4,1332904
25580317,4,1332904
25581530,5,1332743
25582742,3,1330951
25583955,5,1330951
25585167,4,1330951
25586380,6,1330951
25587593,5,1330951
25588805,5,1330951
25590018,5,1330951
25591230,3,1330951
25592442,4,1330987
25593655,6,1340715
25594867,3,1340715
25596080,4,1340715
25597292,4,1340715
25598505,2,1340715
25599717,5,1340715
25600930,6,1340715
25602142,6,1340715
25610630,15,1340715
25611842,7,1340715
25613054,6,1332493
25614267,4,1332493
25615480,4,1332493
25616692,6,1332493
25617905,8,1332493
25619117,7,1332493
25620330,7,1332493
25621542,9,1332493
25622755,7,1332493
25623967,7,1332493
25625180,6,1334908
25626393,4,1334908
25627606,6,1334908
25628818,8,1334908
25630030,5,1334908
25631242,8,1334908
25632456,4,1334908
25633668,7,1334908
25634881,5,1334908
25636093,6,1333058
25637305,6,1333058
25638518,8,1333058
25639730,7,1333058
25640943,6,1333058
25642155,5,1333058
25643368,5,1333058
25644580,5,1333058
25645793,5,1333058
25647006,6,1336450
25648218,3,1336450
25649431,6,1336450
25650643,6,1336450
25651856,8,1336450
25653068,7,1336450
25654281,6,1336450
25655493,7,1336450
25656706,2,1336450
25657918,8,1334291
25659131,7,1334291
25660343,8,1334291
25661556,3,1334291
25662769,4,1334291
25663981,10,1334291
25665194,7,1334291
25666406,4,1334291
25667618,6,1334291
25668831,7,1333007
25670044,4,1333007
25671256,5,1333007
25672469,5,1333007
25673681,9,1333007
25674894,7,1333007
25676106,6,1333007
25677319,4,1333007
25678532,7,1333007
25679744,7,1331619
25680956,7,1331619
25682169,7,1331619
25683381,7,1331619
25684594,4,1331619
25685806,7,1331619
25687018,6,1331619
25694293,1,1331619
25695506,7,1331619
25696718,5,1331619
25697931,6,1331619
25699143,5,1331619
25700356,3,1331619
25701568,6,1336450
25702781,6,1336450
25703994,5,1336450
25705206,7,1336450
25706418,2,1336450
25707631,7,1336450
25708843,8,1336450
25710057,7,1336450
25711269,5,1336450
25712481,8,1332544
25713694,3,1333880
25714906,2,1333880
25716119,5,1333880
25717331,4,1333880
25718544,5,1333880
25719757,4,1333880
25720969,4,1333880
25722181,7,1333880
25723394,4,1333880
25724606,4,1335217
25725819,2,1335217
25727032,4,1335217
25728244,3,1335217
25729457,5,1335217
25730669,5,1335217
25731882,3,1335217
25733094,3,1335217
25734307,1,1335217
25735520,1,1335217
25736732,3,1335217
25737945,4,1335217
25739156,4,1335217
25740369,6,1335217
25741582,4,1335217
25742794,5,1335217
25744007,4,1335217
25745220,5,1335217
25746432,3,1334805
25747644,3,1334805
25748858,3,1334805
25750070,5,1334805
25751282,7,1334805
25752495,7,1334805
25753707,5,1334805
25754920,4,1334805
25756132,4,1334805
25757345,4,1329563
25758557,5,1329563
25759770,7,1329563
25760982,6,1329563
25762195,3,1329563
25763407,3,1329563
25764620,4,1329563
25765832,6,1329563
25767045,4,1329563
25768257,4,1329480
25769470,4,1334600
25770683,3,1334600
25779170,0,1334741
25780383,6,1331157
25781595,5,1331157
25782808,4,1331157
25784021,3,1331157
25785234,4,1331157
25786445,4,1331157
25787658,6,1331157
25788870,5,1331157
25790083,5,1331157
25791295,5,1331157
25792508,4,1331157
25793721,5,1331157
25794933,6,1331157
25796146,8,1331157
25797359,6,1331157
25798571,6,1331157
25799783,5,1332493
25800996,5,1332493
25802208,4,1332493
25803421,9,1332493
25804634,7,1332493
25805846,5,1332493
25807058,4,1332493
25808272,7,1332493
25809484,8,1332493
25810696,6,1332493
25811909,5,1331157
25813121,4,1331157
25814333,6,1331157
25815546,5,1331157
25816758,5,1331157
25817971,6,1331157
25819183,7,1331157
25820396,6,1331157
25821608,5,1331157
25822821,8,1335011
25824033,4,1335011
25825246,7,1335011
25826458,8,1335011
25827671,8,1335011
25828883,5,1335011
25830095,7,1335011
25831307,6,1335011
25832520,8,1335011
25833732,5,1335319
25834945,4,1335319
25836157,7,1335319
25837370,10,1335319
25838582,8,1335319
25839795,7,1335319
25841008,7,1335319
25842219,5,1335319
25843432,4,1335319
25844645,4,1334651
25845856,7,1334651
25847069,3,1334651
25848282,7,1334651
25849494,7,1334651
25850707,4,1334651
25851918,6,1334651
25853131,10,1334651
25854344,7,1334651
25855556,8,1334651
25864043,3,1334651
25865255,7,1334651
25866468,8,1331979
25867680,6,1331979
25868893,7,1331979
25870104,5,1331979
25871317,9,1331979
25872529,7,1331979
25873742,7,1331979
25874954,6,1331979
25876167,6,1331979
25877379,10,1334805
25878591,3,1334805
25879805,9,1334805
25881017,7,1334805
25882229,7,1334805
25883441,7,1334805
25884654,6,1334805
25885866,4,1334805
25887078,7,1334805
25888291,7,1334549
25889503,4,1334549
25890716,4,1334549
25891928,3,1334549
25893141,7,1334549
25894353,7,1334549
25895565,10,1334549
25896778,8,1334549
25897990,5,1334549
25899202,9,1334805
25900415,3,1335422
25901627,5,1335422
25902839,2,1335422
25904053,3,1335422
25905264,5,1335422
25906477,3,1335422
25907689,3,1335422
25908902,5,1335422
25910114,4,1335422
25911326,6,1330488
25912538,5,1330488
25913751,4,1330488
25914963,4,1330488
25916176,8,1330488
25917388,7,1330488
25918601,1,1330488
25919813,4,1330488
25921025,2,1330488
25922238,1,1333623
25923451,5,1333623
25924662,6,1333623
25925875,2,1333623
25927088,5,1333623
25928300,5,1333623
25929513,5,1333623
25930724,4,1333623
25931937,6,1333623
25933149,4,1334240
25934361,4,1334240
25935574,4,1334240
25936787,4,1334240
25938000,3,1334240
25939211,4,1334240
25940424,5,1334240
25948911,6,1334240
25950124,6,1334240
25951337,4,1334240
25952549,10,1334240
25953762,9,1335422
25954974,6,1335410
25956187,5,1332338
25957399,4,1332338
25958611,5,1332338
25959824,7,1332338
25961037,3,1332338
25962249,3,1332338
25963461,4,1332338
25964673,5,1332338
25965886,6,1332246
25967098,4,1335062
25968311,3,1335062
25969523,6,1335062
25970736,4,1335062
25971949,4,1335062
25973161,4,1335062
25974374,6,1335062
25975586,6,1335062
25976798,5,1335062
25978011,3,1335062
25979223,6,1335062
25980436,7,1335062
25981648,8,1335062
25982861,6,1335062
25984073,7,1335062
25985286,6,1335062
25986498,9,1332493
25987710,3,1332493
25988923,5,1332493
25990136,6,1332493
25991348,11,1332493
25992561,6,1332493
25993773,8,1332493
25994986,8,1332493
25996198,8,1332493
25997410,9,1332493
25998623,7,1333058
25999836,3,1333058
26001047,4,1333058
26002261,9,1333058
26003472,7,1333058
26004685,8,1333058
26005898,5,1333058
26007110,4,1333058
26008322,5,1333058
26009536,8,1331619
26010747,5,1331619
26011960,7,1331619
26013173,7,1331619
26014385,5,1331619
26015597,7,1331619
26016810,7,1331619
26018022,6,1331619
26019234,5,1331619
26020448,8,1332493
26021659,4,1332493
26022872,6,1332493
26024085,7,1332493
26025297,7,1336546
26032571,1,1334754
26033784,7,1334754
26034996,3,1334754
26036208,5,1334754
26037421,3,1334754
26038634,4,1334754
26039846,4,1334754
26041058,2,1334754
26042270,6,1334754
26043483,7,1334754
26044695,3,1334754
26045908,8,1334754
26047120,5,1334754
26048333,6,1334754
26049545,6,1334754
26050758,5,1334754
26051970,8,1334754
26053183,6,1336398
26054395,3,1336398
26055608,6,1336398
26056821,6,1336398
26058032,8,1336398
26059246,6,1336398
26060457,8,1336398
26061670,10,1336398
26062883,6,1336398
26064095,4,1333109
26065307,3,1333109
26066520,8,1333109
26067732,3,1333109
26068945,6,1333109
26070157,6,1333109
26071369,8,1333109
26072581,7,1333109
26073794,9,1333109
26075006,7,1334035
26076218,3,1334035
26077431,5,1334035
26078644,4,1334035
26079855,8,1334035
26081068,6,1334035
26082281,9,1334035
26083493,4,1334035
26084705,5,1334035
26085918,8,1331568
26087130,2,1335165
26088342,6,1335165
26089555,7,1335165
26090767,3,1335165
26091979,5,1335165
26093192,3,1335165
26094404,3,1335165
26095617,4,1335165
26096829,5,1335165
26098042,5,1335628
26099254,3,1335628
26100466,3,1335628
26101679,9,1335628
26102891,5,1335628
26104104,4,1335628
26105316,7,1335628
26106528,5,1335628
26107742,1,1335628
26108953,8,1335628
26116228,6,1335628
26117441,6,1335628
26118653,6,1329358
26119866,5,1333212
26121078,3,1333212
26122290,5,1333212
26123503,4,1333212
26124715,4,1333212
26125928,6,1333212
26127140,3,1333212
26128353,2,1333212
26129565,5,1333212
26130777,4,1333726
26131989,5,1333726
26133202,4,1333726
26134415,3,1333726
26135627,3,1333726
26136839,3,1333726
26138051,3,1333726
26139264,3,1333726
26140476,5,1333726
26141689,4,1333742
26142901,5,1337838
26144114,4,1337838
26145326,3,1337838
26146538,4,1337838
26147751,4,1337838
26148963,4,1337838
26150176,5,1337838
26151388,3,1337838
26152601,3,1337680
26153813,5,1336656
26155026,5,1336656
26156238,2,1336656
26157452,4,1336656
26158663,5,1336656
26159876,4,1336656
26161089,11,1336656
26162301,5,1336656
26163514,3,1336656
26164727,4,1336656
26165938,8,1336656
26167152,7,1336656
26168363,7,1336656
26169576,6,1336656
26170789,7,1336656
26172001,8,1336656
26173214,5,1336656
26174426,4,1336656
26175639,5,1336656
26176851,6,1336656
26178064,5,1336656
26179277,7,1336656
26180489,9,1336656
26181701,8,1336656
26182914,8,1336656
26184126,5,1336656
26185340,3,1335885
26186551,3,1335885
26187764,7,1335885
26188977,9,1335885
26190189,5,1335885
26191402,3,1335885
26192614,7,1335885
26201102,7,1335885
26202315,8,1335885
26203527,8,1335885
26204740,7,1335885
26205952,6,1335885
26207165,4,1333418
26208378,7,1333418
26209591,7,1333418
26210803,9,1333418
26212015,6,1333418
26213228,5,1333418
26214440,5,1333418
26215653,6,1333418
26216866,8,1333418
26218078,7,1333521
26219291,3,1333521
26220504,4,1333521
26221716,4,1333521
26222929,5,1333521
26224141,7,1333521
26225353,8,1333521
26226567,4,1333521
26227778,5,1333521
26228992,6,1334343
26230203,5,1334343
26231416,5,1334343
26232628,7,1334343
26233842,3,1334343
26235053,5,1334343
26236266,6,1334343
26237478,8,1334343
26238691,6,1334343
26239903,7,1331773
26241116,4,1331773
26242329,6,1331773
26243541,8,1331773
26244754,7,1331773
26245966,6,1331773
26247178,5,1331773
26248391,7,1331773
26249603,5,1331773
26250816,7,1333315
26252029,4,1333315
26253241,7,1333315
26254453,4,1333315
26255666,5,1333315
26256879,7,1333315
26258091,7,1333315
26259304,7,1333315
26260516,8,1333315
26261729,8,1332184
26262941,4,1332184
26264154,7,1332184
26265367,9,1332184
26266580,6,1332184
26267792,9,1332184
26269005,7,1332184
26270217,9,1332184
26271430,5,1332184
26272642,6,1335525
26273855,5,1335525
26275067,10,1335525
26276280,10,1335525
26277492,7,1335114
26284768,8,1332801
26285981,4,1332801
26287193,4,1332801
26288406,-1,1332801
26289618,3,1332801
26290831,3,1332801
26292043,3,1332801
26293256,4,1332801
26294469,6,1332801
26295681,10,1332338
26296894,3,1332338
26298106,5,1332338
26299319,5,1332338
26300531,4,1332338
26301743,3,1332338
26302957,6,1332338
26304169,4,1332338
26305382,4,1332338
26306594,3,1332698
26307806,3,1332698
26309019,-1,1332698
26310232,5,1332698
26311444,6,1332698
26312657,6,1332698
26313870,3,1332698
26315082,4,1332698
26316295,4,1332698
26317507,5,1325658
26318720,2,1325658
26319932,3,1325658
26321145,3,1325658
26322357,4,1325658
26323570,3,1325658
26324783,4,1325658
26325996,8,1325658
26327208,6,1325658
26328420,3,1325658
26329634,3,1325658
26330846,4,1325658
26332058,3,1325658
26333271,6,1325658
26334483,4,1325658
26335696,5,1325658
26336908,4,1325658
26338122,4,1325658
26339334,6,1325584
26340547,5,1333264
26341760,5,1333264
26342971,3,1333264
26344184,4,1333264
26345397,4,1333264
26346610,3,1333264
26347822,8,1333264
26349034,5,1333264
26350247,5,1333356
26351460,5,1330540
26352672,4,1330540
26353885,5,1330540
26355098,5,1330540
26356310,4,1330540
26357523,1,1330540
26358735,2,1330540
26359947,5,1330540
26361160,8,1330540
26369648,9,1330540
26370861,7,1330797
26372073,1,1330797
26373286,4,1330797
26374498,8,1330797
26375711,7,1330797
26376923,4,1330797
26378136,7,1330797
26379348,5,1330797
26380560,8,1330797
26381774,8,1330797
26382985,9,1331208
26384198,5,1331208
26385410,5,1331208
26386623,6,1331208
26387835,5,1331208
26389048,6,1331208
26390261,5,1331208
26391473,7,1331208
26392685,7,1331208
26393898,7,1331773
26395110,3,1331773
26396323,5,1331773
26397536,8,1331773
26398747,5,1331773
26399960,8,1331773
26401173,7,1331773
26402385,7,1331773
26403597,7,1331773
26404811,7,1330643
26406022,4,1330643
26407235,7,1330643
26408447,9,1330643
26409660,5,1330643
26410873,6,1330643
26412084,7,1330643
26413297,7,1330643
26414509,5,1330643
26415723,3,1332647
26416934,5,1332647
26418148,7,1332647
26419360,7,1332647
26420572,6,1332647
26421785,6,1332647
26422997,6,1332647
26424210,7,1332647
26425422,6,1332647
26426634,6,1331773
26427847,4,1331773
26429059,7,1331773
26430272,5,1331773
26431485,6,1331773
26432697,5,1331773
26433910,6,1331773
26435123,7,1331773
26436335,6,1331773
26437548,4,1327508
26438761,4,1327508
26439972,5,1327508
26441185,6,1327508
26442398,9,1327508
26443610,5,1327508
26444823,7,1327508
26446035,6,1327508
26453311,9,1327508
26454523,8,1327508
26455735,4,1327508
26456948,7,1327508
26458160,7,1327508
26459373,10,1332493
26460585,5,1332493
26461798,8,1332493
26463010,7,1332493
26464223,8,1332493
26465435,3,1332493
26466648,6,1332493
26467861,5,1332493
26469073,10,1332493
26470285,9,1332493
26471497,5,1331362
26472710,3,1331362
26473922,5,1331362
26475135,4,1331362
26476347,5,1331362
26477560,4,1331362
26478772,1,1331362
26479985,6,1331362
26481197,5,1331362
26482410,2,1328998
26483622,5,1328998
26484835,7,1328998
26486047,5,1328998
26487260,2,1328998
26488473,5,1328998
26489685,5,1328998
26490897,6,1328998
26492110,5,1328998
26493322,4,1328998
26494535,3,1328998
26495747,4,1328998
26496959,4,1328998
26498172,5,1328998
26499385,5,1328998
26500597,4,1328998
26501809,4,1328998
26503022,3,1328998
26504235,3,1321033
26505448,5,1321033
26506659,5,1321033
26507872,3,1321033
26509084,3,1321033
26510297,4,1321033
26511510,5,1321033
26512722,6,1321033
26513934,5,1321033
26515147,4,1329615
26516359,3,1329615
26517572,5,1329615
26518784,7,1329615
26519996,5,1329615
26521209,3,1329615
26522421,4,1329615
26523634,3,1329615
26524846,3,1329615
26526060,4,1329425
26527272,3,1333521
26528484,5,1333521
26529697,3,1333521
26538184,2,1333521
26539396,4,1333521
26540609,7,1333521
26541822,9,1333521
26543034,6,1333521
26544246,3,1333521
26545459,4,1333521
26546672,10,1333572
26547884,6,1333572
26549097,4,1333572
26550309,6,1333572
26551521,3,1333572
26552734,5,1333572
26553946,5,1333572
26555159,9,1333572
26556372,10,1333572
26557584,9,1329461
26558797,3,1329461
26560009,4,1329461
26561222,7,1329461
26562434,7,1329461
26563647,7,1329461
26564859,7,1329461
26566072,4,1329461
26567285,7,1329461
26568497,7,1329461
26569710,4,1332647
26570922,3,1332647
26572134,4,1332647
26573347,7,1332647
26574560,4,1332647
26575772,4,1332647
26576984,8,1332647
26578197,4,1332647
26579409,6,1332647
26580622,7,1329204
26581834,5,1329204
26583046,8,1329204
26584258,7,1329204
26585472,5,1329204
26586684,8,1329204
26587896,5,1329204
26589109,9,1329204
26590321,8,1329204
26591533,8,1332441
26592745,5,1332441
26593958,9,1332441
26595170,8,1332441
26596382,8,1332441
26597595,5,1332441
26598808,9,1332441
26600020,6,1332441
26601233,8,1332441
26602445,8,1329975
26603657,5,1329975
26604869,6,1329975
26606082,6,1329975
26607294,6,1329975
26608507,5,1329975
26609720,4,1329975
26610932,7,1329975
26612145,7,1329975
26613357,6,1330591
26614569,7,1330591
26623057,8,1330591
26624270,7,1328330
26625482,8,1328330
26626694,7,1328330
26627907,10,1328330
26629120,7,1328330
26630332,6,1328330
26631544,4,1328330
26632757,6,1328330
26633970,7,1328330
26635182,9,1327354
26636394,3,1327354
26637607,6,1327354
26638820,5,1327354
26640033,10,1327354
26641245,8,1327354
26642457,9,1327354
26643670,7,1327354
26644882,3,1327354
26646095,5,1328895
26647307,4,1328895
26648520,7,1328895
26649732,3,1328895
26650945,6,1328895
26652158,4,1328895
26653370,7,1328895
26654582,9,1328895
26655795,8,1328895
26657008,7,1325966
26658220,4,1328947
26659432,3,1328947
26660645,5,1328947
26661858,4,1328947
26663070,5,1328947
26664282,3,1328947
26665495,5,1328947
26666707,3,1328947
26667919,5,1328947
26669132,4,1330643
26670344,6,1330643
26671558,3,1330643
26672770,4,1330643
26673982,5,1330643
26675195,4,1330643
26676407,3,1330643
26677620,5,1330643
26678832,5,1330643
26680045,5,1330900
26681257,1,1330900
26682469,3,1330900
26683682,7,1330900
26684895,5,1330900
26686107,5,1330900
26687319,5,1330900
26688532,4,1330900
26689744,3,1330900
26690957,4,1330488
26692170,5,1330488
26693382,6,1330488
26694595,5,1330488
26695807,3,1330488
26697019,4,1330488
26698232,3,1330488
26699445,6,1330488
26707932,8,1330488
26709145,4,1330488
26710357,8,1330488
26711569,7,1334343
26712781,5,1334510
26713994,3,1337838
26715206,5,1337838
26716419,3,1337838
26717632,0,1337838
26718844,4,1337838
26720057,6,1337838
26721269,4,1337838
26722482,4,1337838
26723694,3,1337637
26724907,3,1338917
26726120,2,1338917
26727332,3,1338917
26728545,6,1338917
26729758,3,1338917
26730970,2,1338917
26732182,5,1338917
26733395,3,1338917
26734607,3,1338917
26735819,8,1338917
26737032,6,1338917
26738245,6,1338917
26739457,7,1338917
26740670,5,1338917
26741882,5,1338917
26743094,5,1338917
26744306,7,1343336
26745519,4,1343336
26746732,6,1343336
26747944,8,1343336
26749157,9,1343336
26750368,8,1343336
26751581,6,1343336
26752794,8,1343336
26754006,6,1343336
26755218,7,1343336
26756431,7,1337580
26757643,4,1337580
26758855,3,1337580
26760068,6,1337580
26761281,7,1337580
26762493,6,1337580
26763706,5,1337580
26764918,5,1337580
26766130,5,1337580
26767343,4,1335628
26768556,3,1335628
26769768,10,1335628
26770981,8,1335628
26772193,4,1335628
26773405,5,1335628
26774618,6,1335628
26775831,5,1335628
26777043,7,1335628
26778256,5,1339893
26779468,4,1339893
26780681,13,1339893
26781893,6,1339893
26783105,7,1339893
26784318,8,1339893
26791592,4,1339893
26792805,7,1339893
26794018,6,1339893
26795230,9,1339893
26796443,6,1339893
26797656,5,1339893
26798868,7,1339893
26800081,5,1336861
26801293,2,1336861
26802505,4,1336861
26803718,6,1336861
26804930,7,1336861
26806143,6,1336861
26807356,7,1336861
26808568,8,1336861
26809781,6,1336861
26810993,7,1341024
26812205,5,1341024
26813418,5,1341024
26814631,9,1341024
26815842,4,1341024
26817055,6,1341024
26818268,8,1341024
26819481,8,1341024
26820693,7,1341024
26821906,7,1342309
26823118,4,1342309
26824331,7,1342309
26825543,7,1342309
26826755,3,1342309
26827968,9,1342309
26829181,6,1342309
26830393,4,1342309
26831605,6,1342309
26832818,5,1340664
26834030,3,1340664
26835243,6,1340664
26836455,4,1340664
26837668,9,1340664
26838880,9,1340664
26840094,5,1340664
26841306,6,1340664
26842518,9,1340664
26843731,5,1340047
26844943,4,1336604
26846157,6,1336604
26847369,4,1336604
26848581,3,1336604
26849793,7,1336604
26851006,8,1336604
26852219,4,1336604
26853432,4,1336604
26854643,4,1336604
26855857,6,1340561
26857069,5,1340561
26858282,7,1340561
26859494,3,1340561
26860707,0,1340561
26861920,3,1340561
26863131,3,1340561
26864344,4,1340561
26865557,5,1340561
26866770,4,1338762
26867981,6,1338762
26875257,1,1338762
26876469,4,1338762
26877682,18,1342925
26878894,4,1342925
26880107,4,1342925
26881319,3,1342925
26882532,4,1342925
26883744,5,1342925
26884957,4,1342925
26886169,5,1342925
26887382,5,1342925
26888595,1,1342668
26889807,2,1342668
26891020,4,1342668
26892232,5,1342668
26893444,4,1342668
26894656,4,1342668
26895868,5,1342668
26897081,4,1342668
26898294,3,1342668
26899506,6,1342654
26900718,5,1338814
26901930,4,1338814
26903143,4,1338814
26904355,3,1338814
26905567,2,1338814
26906780,4,1338814
26907993,5,1338814
26909205,3,1338814
26910416,3,1338841
26911630,4,1346009
26912842,4,1346009
26914054,3,1346009
26915266,4,1346009
26916479,7,1346009
26917690,4,1346009
26918903,3,1346009
26920115,5,1346009
26921327,5,1345896
26922540,5,1345896
26923752,6,1345896
26924964,5,1345896
26926177,9,1345896
26927389,8,1345896
26928601,9,1345896
26929814,5,1345896
26931026,7,1343080
26932238,4,1343080
26933451,5,1343080
26934663,7,1343080
26935875,10,1343080
26937088,9,1343080
26938300,5,1343080
26939512,6,1343080
26940725,5,1343080
26941937,7,1343080
26943150,7,1342514
26944362,5,1342514
26945574,7,1342514
26946787,7,1342514
26947999,7,1342514
26949211,9,1342514
26950424,6,1342514
26951636,6,1342514
26960124,8,1342514
26961335,7,1342514
26962548,5,1342514
26963760,7,1342514
26964972,6,1342257
26966184,4,1342257
26967397,4,1342257
26968609,7,1342257
26969821,5,1342257
26971034,6,1342257
26972246,10,1342257
26973459,7,1342257
26974671,8,1342257
26975883,5,1339893
26977096,4,1339893
26978307,9,1339893
26979520,7,1339893
26980732,7,1339893
26981945,9,1339893
26983157,7,1339893
26984369,9,1339893
26985581,8,1339893
26986794,6,1340047
26988006,4,1340047
26989219,3,1340047
26990431,4,1340047
26991644,5,1340047
26992857,7,1340047
26994068,10,1340047
26995281,6,1340047
26996493,7,1340047
26997706,5,1342822
26998918,5,1342822
27000130,7,1342822
27001343,8,1342822
27002556,7,1342822
27003767,6,1342822
27004980,7,1342822
27006192,4,1342822
27007405,6,1342822
27008617,7,1342309
27009829,4,1342309
27011042,5,1342309
27012254,3,1342309
27013466,6,1342309
27014679,11,1342309
27015891,8,1342309
27017104,7,1342309
27018316,5,1342309
27019529,4,1342051
27020742,4,1342051
27021953,8,1342051
27023166,5,1342051
27024379,8,1342051
27025591,7,1342051
27026804,7,1342051
27028016,5,1342051
27029229,5,1342051
27030440,7,1339174
27031653,5,1339174
27032865,7,1339174
27034078,8,1339174
27035290,5,1339174
27036502,5,1339174
27043778,9,1339174
27044989,8,1339174
27046202,8,1339174
27047414,7,1339174
27048627,8,1339174
27049840,6,1339174
27051051,9,1339174
27052264,7,1338762
27053477,6,1342874
27054688,5,1342874
27055901,4,1342874
27057114,3,1342874
27058326,5,1342874
27059538,4,1342874
27060751,2,1342874
27061963,6,1342874
27063176,9,1342874
27064388,2,1340459
27065600,4,1340459
27066813,5,1340459
27068025,4,1340459
27069238,2,1340459
27070451,3,1340459
27071663,4,1340459
27072876,5,1340459
27074087,6,1340459
27075300,6,1338814
27076513,4,1338814
27077726,3,1338814
27078938,4,1338814
27080150,5,1338814
27081363,4,1338814
27082574,4,1338814
27083788,4,1338814
27085000,3,1338814
27086212,4,1338658
27087425,3,1338146
27088637,3,1338146
27089850,2,1338146
27091062,3,1338146
27092275,5,1338146
27093487,3,1338146
27094700,4,1338146
27095911,5,1338146
27097124,5,1338167
27098336,3,1343799
27099549,5,1343799
27100761,4,1343799
27101974,5,1343799
27103186,5,1343799
27104398,3,1343799
27105611,4,1343799
27106823,3,1343799
27108036,4,1343985
27109248,3,1338865
27110461,6,1338865
27111673,6,1338865
27112886,4,1338865
27114098,6,1338865
27115311,5,1338865
27116523,2,1338865
27117736,3,1338865
27118949,6,1338865
27120161,5,1338865
27128648,12,1338865
27129860,8,1340818
27131073,4,1340818
27132285,5,1340818
27133498,5,1340818
27134711,4,1340818
27135923,7,1340818
27137136,7,1340818
27138348,7,1340818
27139560,8,1340818
27140772,4,1341897
27141985,7,1341897
27143198,6,1341897
27144410,5,1341897
27145623,7,1341897
27146835,10,1341897
27148047,7,1341897
27149260,4,1341897
27150472,7,1341897
27151685,8,1342566
27152897,6,1342566
27154110,8,1342566
27155322,3,1342566
27156534,5,1342566
27157746,5,1342566
27158959,6,1342566
27160171,6,1342566
27161384,6,1342566
27162596,5,1342977
27163809,2,1342977
27165022,5,1342977
27166234,5,1342977
27167446,7,1342977
27168659,6,1342977
27169870,8,1342977
27171084,7,1342977
27172295,6,1342977
27173508,7,1340664
27174720,3,1340664
27175933,6,1340664
27177145,7,1340664
27178357,8,1340664
27179569,6,1340664
27180782,8,1340664
27181994,6,1340664
27183207,6,1340664
27184419,4,1339791
27185631,4,1339791
27186843,9,1339791
27188056,7,1339791
27189268,7,1339791
27190481,6,1339791
27191694,5,1339791
27192906,8,1339791
27194118,9,1339791
27195331,7,1343748
27196543,4,1343748
27197755,4,1343748
27198968,8,1343748
27200181,4,1343748
27201392,9,1343748
27202605,6,1343748
27203817,7,1343748
27205030,7,1343748
27212304,7,1343748
27213517,7,1343748
27214729,5,1343748
27215942,4,1343748
27217154,7,1343645
27218367,4,1343645
27219580,4,1343645
27220792,7,1343645
27222005,6,1343645
27223217,5,1343645
27224429,6,1343645
27225642,8,1343645
27226854,5,1343645
27228066,7,1346369
27229279,4,1344004
27230492,6,1344004
27231704,3,1344004
27232917,5,1344004
27234129,3,1344004
27235341,5,1344004
27236554,4,1344004
27237766,3,1344004
27238979,3,1344004
27240191,4,1340459
27241403,4,1340459
27242616,5,1340459
27243828,3,1340459
27245041,5,1340459
27246253,3,1340459
27247466,2,1340459
27248678,7,1340459
27249891,5,1340459
27251103,5,1339533
27252315,3,1339533
27253528,3,1339533
27254740,0,1339533
27255953,2,1339533
27257165,5,1339533
27258377,8,1339533
27259589,4,1339533
27260802,5,1339533
27262015,4,1338403
27263227,5,1338403
27264439,4,1338403
27265652,3,1338403
27266865,4,1338403
27268077,3,1338403
27269290,4,1338403
27270502,3,1338403
27271714,4,1338403
27272927,6,1338403
27274139,5,1338403
27275352,7,1338403
27276564,4,1338403
27277776,5,1338403
27278989,5,1338403
27280201,5,1338403
27281414,3,1338403
27282627,3,1338403
27283839,3,1338528
27285052,4,1344416
27286264,5,1344416
27287477,7,1344416
27288690,6,1344416
27297177,3,1344416
27298390,5,1344416
27299602,5,1344416
27300815,6,1344416
27302027,5,1344416
27303239,5,1344416
27304452,5,1345495
27305665,3,1345495
27306877,5,1345495
27308089,5,1345495
27309302,6,1345495
27310515,7,1345495
27311728,4,1345495
27312939,8,1345495
27314152,6,1345495
27315365,7,1343902
27316577,5,1343902
27317790,3,1343902
27319002,4,1343902
27320214,6,1343902
27321428,7,1343902
27322640,4,1343902
27323852,6,1343902
27325064,7,1343902
27326277,5,1343902
27327489,8,1343285
27328702,5,1343285
27329914,7,1343285
27331127,6,1343285
27332340,6,1343285
27333552,7,1343285
27334765,7,1343285
27335977,7,1343285
27337190,9,1343285
27338401,9,1344878
27339614,5,1344878
27340827,7,1344878
27342039,5,1344878
27343251,8,1344878
27344464,6,1344878
27345676,10,1344878
27346889,8,1344878
27348101,7,1344878
27349314,7,1343850
27350526,4,1343850
27351738,6,1343850
27352951,8,1343850
27354164,5,1343850
27355375,11,1343850
27356588,9,1343850
27357801,9,1343850
27359013,8,1343850
27360225,8,1339533
27361437,3,1339533
27362651,5,1339533
27363862,7,1339533
27365074,6,1339533
27366287,5,1339533
27367500,6,1339533
27368712,6,1339533
27369924,6,1339533
27371137,7,1339636
27372349,3,1339636
27373561,4,1339636
27382049,5,1342771
27383261,4,1342771
27384473,6,1342771
27385686,12,1342771
27386898,7,1342771
27388110,7,1342771
27389322,6,1342771
27390535,7,1342771
27391748,6,1342771
27392960,6,1341537
27394172,10,1341537
27395385,8,1341537
27396597,8,1341537
27397810,6,1341537
27399022,5,1341537
27400234,7,1341537
27401448,6,1341537
27402660,5,1341537
27403872,7,1342206
27405084,4,1342206
27406297,5,1342206
27407509,6,1342206
27408721,5,1342206
27409934,5,1342206
27411146,7,1342206
27412358,7,1342206
27413572,5,1342206
27414783,6,1343490
27415995,4,1340561
27417208,3,1340561
27418420,4,1340561
27419633,6,1340561
27420846,5,1340561
27422058,4,1340561
27423270,2,1340561
27424483,5,1340561
27425696,3,1340561
27426908,4,1342874
27428120,3,1342874
27429333,4,1342874
27430545,5,1342874
27431758,4,1342874
27432970,4,1342874
27434182,6,1342874
27435395,2,1342874
27436607,4,1342874
27437820,4,1341743
27439033,4,1341743
27440245,5,1341743
27441457,3,1341743
27442669,3,1341743
27443882,5,1341743
27445094,6,1341743
27446307,4,1341743
27447520,4,1341743
27448732,3,1344313
27449944,4,1344313
27451156,6,1344313
27452368,5,1344313
27453581,3,1344313
27454793,5,1344313
27456006,5,1344313
27457218,3,1344313
27458431,6,1344313
27466917,9,1344313
27468130,7,1344313
27469342,5,1342360
27470555,2,1342405
27471767,6,1340613
27472979,6,1340613
27474192,4,1340613
27475404,3,1340613
27476617,4,1340613
27477829,5,1340613
27479041,4,1340613
27480253,4,1340613
27481466,5,1340650
27482678,8,1336810
27483891,4,1336810
27485103,6,1336810
27486315,6,1336810
27487528,4,1336810
27488741,5,1336810
27489953,6,1336810
27491165,4,1336810
27492377,7,1336810
27493590,3,1336810
27494803,6,1336810
27496015,8,1336810
27497228,7,1336810
27498440,7,1336810
27499653,7,1336810
27500865,4,1336810
27502077,6,1344313
27503290,4,1344313
27504502,4,1344313
27505714,2,1344313
27506926,8,1344313
27508138,6,1344313
27509351,8,1344313
27510564,4,1344313
27511775,7,1344313
27512988,5,1344313
27514201,8,1342977
27515412,3,1342977
27516625,7,1342977
27517838,5,1342977
27519050,8,1342977
27520262,8,1342977
27521474,4,1342977
27522687,9,1342977
27523899,8,1342977
27525112,11,1342206
27526324,4,1342206
27527537,6,1342206
27528749,6,1342206
27529962,7,1342206
27531174,6,1342206
27532386,8,1342206
27533598,6,1342206
27534811,6,1342206
27536024,6,1345546
27537235,4,1345546
27538448,5,1345546
27539660,5,1345546
27540873,4,1345546
27542085,6,1345546
27543297,5,1345546
27550571,4,1345546
27551783,7,1345546
27552995,9,1345546
27554209,7,1345546
27555420,6,1345546
27556633,4,1345546
27557845,5,1342720
27559058,4,1342720
27560270,7,1342720
27561482,5,1342720
27562695,7,1342720
27563906,5,1342720
27565118,4,1342720
27566331,5,1342720
27567544,9,1342720
27568756,7,1343645
27569968,4,1343645
27571181,6,1343645
27572393,3,1343645
27573605,8,1343645
27574818,7,1343645
27576030,6,1343645
27577242,7,1343645
27578455,2,1343645
27579667,4,1342463
27580879,4,1342463
27582092,10,1342463
27583305,8,1342463
27584517,7,1342463
27585729,4,1342463
27586942,5,1342463
27588154,6,1342463
27589366,4,1342463
27590579,6,1342206
27591792,5,1342206
27593004,3,1342206
27594216,6,1342206
27595429,4,1342206
27596641,8,1342206
27597853,8,1342206
27599066,6,1342206
27600278,5,1342206
27601490,3,1340253
27602703,4,1344929
27603915,5,1344929
27605128,4,1344929
27606340,3,1344929
27607552,4,1344929
27608765,3,1344929
27609977,4,1344929
27611189,5,1344929
27612402,3,1344929
27613614,1,1338351
27614826,3,1338351
27616039,2,1338351
27617251,4,1338351
27618464,3,1338351
27619676,6,1338351
27620889,4,1338351
27622101,3,1338351
27623313,5,1338351
27624527,5,1338351
27625738,0,1338351
27626951,5,1338351
27634224,4,1338351
27635437,14,1338351
27636649,8,1338351
27637862,5,1338351
27639074,4,1338351
27640286,8,1338351
27641498,6,1338351
27642712,5,1338351
27643924,4,1338351
27645136,6,1342822
27646348,5,1343748
27647561,4,1343748
27648773,4,1343748
27649985,5,1343748
27651198,3,1343748
27652411,3,1343748
27653622,5,1343748
27654835,5,1343748
27656048,3,1343748
27657260,3,1343943
27658472,6,1341127
27659684,9,1341127
27660897,6,1341127
27662109,3,1341127
27663321,4,1341127
27664534,4,1341127
27665746,0,1341127
27666958,5,1341127
27668170,5,1341085
27669383,5,1343645
27670595,2,1343645
27671808,5,1343645
27673020,3,1343645
27674232,5,1343645
27675444,5,1343645
27676656,4,1343645
27677869,2,1343645
27679081,1,1343645
27680294,0,1343645
27681506,7,1343645
27682718,4,1343645
27683930,5,1343645
27685143,7,1343645
27686355,5,1343645
27687568,6,1343645
27688780,7,1339945
27689993,6,1339945
27691204,4,1339945
27692417,6,1339945
27693630,5,1339945
27694842,5,1339945
27696054,7,1339945
27697266,7,1339945
27698478,9,1339945
27699691,7,1339945
27700903,5,1340459
27702116,3,1340459
27703328,7,1340459
27704541,5,1340459
27705752,4,1340459
27706965,5,1340459
27708178,8,1340459
27709389,10,1340459
27710602,10,1340459
27719089,8,1340459
27720302,7,1340459
27721514,9,1340459
27722726,4,1340972
27723939,5,1340972
27725151,6,1340972
27726364,6,1340972
27727576,5,1340972
27728789,7,1340972
27730001,7,1340972
27731213,9,1340972
27732425,5,1340972
27733638,7,1344929
27734850,4,1344929
27736062,8,1344929
27737275,5,1344929
27738488,7,1344929
27739700,5,1344929
27740912,5,1344929
27742125,4,1344929
27743337,5,1344929
27744550,5,1339945
27745762,5,1339945
27746974,6,1339945
27748187,7,1339945
27749399,4,1339945
27750612,7,1339945
27751824,6,1339945
27753037,4,1339945
27754249,9,1339945
27755462,9,1344210
27756674,7,1344210
27757886,7,1344210
27759099,7,1344210
27760311,5,1344210
27761524,7,1344210
27762737,4,1344210
27763949,5,1344210
27765162,3,1344210
27766373,6,1342360
27767586,5,1342360
27768799,9,1342360
27770011,8,1342360
27771224,5,1342360
27772436,6,1342360
27773649,6,1342360
27774861,5,1342360
27776073,6,1342360
27777286,8,1339945
27778499,4,1339945
27779711,6,1339945
27780924,6,1339945
27782135,7,1339945
27783348,7,1339945
27784560,5,1339945
27785774,5,1339945
27786986,8,1339945
27788198,7,1341024
27789411,3,1341897
27790623,4,1341897
27791835,4,1341897
27793048,4,1341897
27794260,5,1341897
27795473,5,1341897
27803960,9,1341897
27805173,5,1341897
27806385,3,1341897
27807597,6,1341897
27808810,9,1341897
27810022,4,1343234
27811235,5,1343234
27812447,3,1343234
27813659,4,1343234
27814872,4,1343234
27816084,3,1343234
27817297,3,1343234
27818509,2,1343234
27819721,3,1343234
27820934,3,1343234
27822146,5,1342514
27823359,3,1342514
27824571,5,1342514
27825783,4,1342514
27826995,3,1342514
27828208,5,1342514
27829421,2,1342514
27830633,4,1342514
27831846,6,1342514
27833058,5,1343593
27834270,5,1343593
27835483,4,1343593
27836695,4,1343593
27837907,5,1343593
27839120,4,1343593
27840332,4,1343593
27841545,4,1343593
27842757,3,1343593
27843970,4,1343612
27845182,7,1348732
27846394,5,1348732
27847607,5,1348732
27848819,5,1348732
27850032,3,1348732
27851244,3,1348732
27852457,6,1348732
27853669,5,1348732
27854882,6,1348824
27856094,6,1345752
27857306,6,1345752
27858520,5,1345752
27859732,5,1345752
27860944,4,1345752
27862156,3,1345752
27863369,8,1345752
27864581,5,1345752
27865794,4,1345752
27867006,3,1345752
27868218,6,1345752
27869431,6,1345752
27870643,9,1345752
27871855,8,1345752
27873069,9,1345752
27874281,8,1345752
27875493,8,1335833
27876705,5,1335833
27877918,4,1335833
27879130,7,1335833
27880342,6,1342154
27887618,12,1341997
27888829,2,1341229
27890041,4,1341229
27891253,3,1341229
27892466,5,1341229
27893678,8,1341229
27894891,4,1341229
27896103,5,1341229
27897315,4,1341229
27898527,4,1341229
27899740,5,1341229
27900953,6,1341229
27902165,5,1341229
27903377,7,1341229
27904590,6,1341229
27905803,6,1341229
27907014,6,1341229
27908227,6,1341229
27909440,5,1341846
27910651,6,1341846
27911864,7,1341846
27913076,9,1341846
27914289,8,1341846
27915501,6,1341846
27916714,4,1341846
27917926,5,1341846
27919138,6,1341846
27920350,9,1337889
27921563,3,1337889
27922775,8,1337889
27923988,6,1337889
27925200,7,1337889
27926413,7,1337889
27927625,8,1337889
27928838,8,1337889
27930050,5,1337889
27931262,6,1340561
27932475,4,1340561
27933687,7,1340561
27934899,8,1340561
27936112,6,1340561
27937325,6,1340561
27938537,8,1340561
27939749,6,1340561
27940961,7,1340561
27942174,5,1340921
27943387,3,1340921
27944598,4,1340921
27945811,7,1340921
27947023,7,1340921
27948236,8,1340921
27949448,6,1340921
27950660,5,1340921
27951872,5,1340921
27953085,5,1343593
27954298,4,1343593
27955510,10,1343593
27956722,8,1343593
27957934,9,1343593
27959148,4,1343593
27960360,6,1343593
27961572,8,1343593
27962784,6,1343593
27963997,7,1343593
27971271,1,1343593
27972484,5,1343593
27973697,3,1343593
27974909,7,1342257
27976122,4,1341281
27977333,4,1341281
27978546,5,1341281
27979759,3,1341281
27980972,5,1341281
27982184,7,1341281
27983396,4,1341281
27984608,5,1341281
27985820,3,1341281
27987033,3,1329975
27988245,4,1329975
27989457,5,1329975
27990670,3,1329975
27991883,5,1329975
27993095,5,1329975
27994307,5,1329975
27995519,0,1329975
27996732,3,1329975
27997945,3,1329975
27999156,7,1329975
28000370,4,1329975
28001581,3,1329975
28002794,2,1329975
28004006,3,1329975
28005219,6,1329975
28006432,5,1329975
28007643,4,1329975
28008856,3,1342103
28010069,4,1342103
28011281,5,1342103
28012493,5,1342103
28013705,4,1342103
28014918,3,1342103
28016130,4,1342103
28017343,3,1342103
28018555,4,1342103
28019767,4,1342463
28020980,6,1342463
28022192,4,1342463
28023404,4,1342463
28024617,3,1342463
28025829,4,1342463
28027042,3,1342463
28028254,5,1342463
28029466,4,1342463
28030679,8,1342411
28031891,6,1342411
28033103,5,1342411
28034316,6,1342411
28035529,5,1342411
28036741,5,1342411
28037954,3,1342411
28039166,3,1342411
28040379,10,1342411
28041591,4,1342362
28042803,5,1342874
28044016,4,1342874
28045228,4,1342874
28046441,4,1342874
28047653,2,1342874
28056141,9,1342874
28057352,7,1342874
28058565,8,1342874
28059777,7,1342874
28060990,10,1342874
28062202,4,1339174
28063415,3,1339174
28064627,4,1339174
28065839,5,1339174
28067052,7,1339174
28068265,5,1339174
28069477,9,1339174
28070689,8,1339174
28071902,7,1339174
28073114,5,1339174
28074326,7,1341589
28075539,3,1341589
28076751,6,1341589
28077963,8,1341589
28079176,6,1341589
28080388,5,1341589
28081600,7,1341589
28082813,8,1341589
28084025,8,1341589
28085238,3,1342051
28086450,5,1342051
28087663,9,1342051
28088874,7,1342051
28090087,6,1342051
28091300,8,1342051
28092512,7,1342051
28093724,6,1342051
28094936,6,1342051
28096149,7,1340921
28097361,6,1340921
28098573,7,1340921
28099786,7,1340921
28100998,7,1340921
28102210,6,1340921
28103423,3,1340921
28104636,7,1340921
28105847,5,1340921
28107060,6,1342000
28108272,1,1342000
28109485,5,1342000
28110698,6,1342000
28111909,7,1342000
28113122,10,1342000
28114334,6,1342000
28115546,5,1342000
28116759,6,1342000
28117971,5,1340201
28119184,4,1340201
28120396,8,1340201
28121609,5,1340201
28122821,3,1340201
28124034,6,1340201
28125246,5,1340201
28126459,8,1340201
28127671,9,1340201
28128884,6,1341949
28130095,5,1341949
28131308,5,1341949
28132520,5,1341949
28139795,10,1341846
28141008,6,1341846
28142221,8,1341846
28143432,9,1341846
28144645,8,1341846
28145857,8,1341846
28147070,4,1341846
28148282,7,1341846
28149495,10,1341846
28150708,6,1341846
28151920,4,1341846
28153133,7,1341846
28154345,6,1341846
28155557,6,1341846
28156770,7,1341846
28157982,6,1341846
28159195,6,1341846
28160408,3,1341846
28161619,6,1343748
28162832,5,1341435
28164045,4,1341435
28165257,2,1341435
28166469,3,1341435
28167682,8,1341435
28168894,6,1341435
28170106,5,1341435
28171319,-1,1341435
28172531,4,1341435
28173744,5,1344672
28174956,5,1344672
28176168,4,1344672
28177381,5,1344672
28178593,3,1344672
28179806,3,1344672
28181018,1,1344672
28182230,5,1344672
28183443,3,1344672
28184656,4,1344364
28185869,3,1344364
28187081,5,1344364
28188293,4,1344364
28189506,2,1344364
28190717,5,1344364
28191930,5,1344364
28193143,4,1344364
28194355,6,1344364
28195567,3,1343028
28196780,3,1343028
28197993,4,1343028
28199205,3,1343028
28200417,3,1343028
28201629,4,1343028
28202843,3,1343028
28204054,3,1343028
28205268,4,1343028
28206480,7,1341692
28207692,5,1341692
28208905,6,1341692
28210117,6,1341692
28211329,3,1341692
28212542,5,1341692
28213754,2,1341692
28214967,5,1341692
28216179,3,1341692
28224667,5,1341692
28225879,7,1341692
28227091,6,1344929
28228304,4,1344858
28229517,5,1339482
28230729,5,1339482
28231941,5,1339482
28233153,4,1339482
28234366,5,1339482
28235578,4,1339482
28236792,5,1339482
28238003,2,1339482
28239217,3,1339482
28240428,5,1339482
28241641,7,1339482
28242853,4,1339482
28244066,6,1339482
28245278,5,1339482
28246491,6,1339482
28247704,5,1339482
28248916,9,1342771
28250129,5,1342771
28251341,4,1342771
28252553,9,1342771
28253766,8,1342771
28254978,5,1342771
28256191,6,1342771
28257404,6,1342771
28258617,7,1342771
28259829,5,1342771
28261041,5,1340253
28262253,4,1340253
28263466,8,1340253
28264678,12,1340253
28265891,7,1340253
28267104,8,1340253
28268317,6,1340253
28269528,8,1340253
28270741,6,1340253
28271954,6,1339636
28273166,4,1339636
28274379,7,1339636
28275591,6,1339636
28276804,10,1339636
28278016,4,1339636
28279229,7,1339636
28280441,4,1339636
28281654,6,1339636
28282866,7,1341178
28284079,3,1341178
28285291,9,1341178
28286504,6,1341178
28287717,4,1341178
28288929,6,1341178
28290142,6,1341178
28291354,6,1341178
28292567,7,1341178
28293780,3,1338917
28294991,3,1338917
28296205,2,1338917
28297417,6,1338917
28298630,6,1338917
28299842,7,1338917
28301054,7,1338917
28308329,9,1338917
28309541,4,1338917
28310754,4,1338917
28311966,5,1338917
28313178,10,1338917
28314391,7,1338917
28315604,6,1338506
28316815,6,1338506
28318029,6,1338506
28319241,7,1338506
28320453,6,1338506
28321665,9,1338506
28322878,8,1338506
28324090,5,1338506
28325302,4,1338506
28326515,7,1343490
28327727,4,1343490
28328941,6,1343490
28330153,5,1343490
28331365,8,1343490
28332577,5,1343490
28333790,7,1343490
28335002,8,1343490
28336214,6,1343490
28337427,4,1338660
28338639,4,1338660
28339853,7,1338660
28341064,4,1338660
28342277,6,1338660
28343489,8,1338660
28344702,8,1338660
28345914,7,1338660
28347126,6,1338660
28348339,5,1342360
28349551,6,1342309
28350763,4,1342309
28351976,6,1342309
28353188,6,1342309
28354401,2,1342309
28355613,3,1342309
28356826,4,1342309
28358038,3,1342309
28359251,3,1342309
28360463,4,1341743
28361676,8,1341743
28362888,6,1341743
28364100,5,1341743
28365312,4,1341743
28366526,4,1341743
28367737,3,1341743
28368950,3,1341743
28370162,5,1341743
28371375,6,1338043
28372587,4,1338043
28373800,3,1338043
28375012,3,1338043
28376224,3,1338043
28377437,3,1338043
28378649,6,1338043
28379861,3,1338043
28381074,2,1338043
28382286,6,1341178
28383498,1,1341178
28384711,5,1341178
28392119,9,1341178
28393198,1,1341178
28394410,2,1341178
28395623,8,1341178
28396836,6,1341178
28398048,9,1341178
28399260,7,1341178
28400473,9,1341178
28401685,7,1341178
28402897,7,1341127
28404110,3,1340960
28405322,3,1337632
28406534,3,1337632
28407747,5,1337632
28408960,5,1337632
28410171,6,1337632
28411385,4,1337632
28412596,2,1337632
28413809,6,1337632
28415021,3,1337847
28416234,3,1340407
28417446,3,1340407
28418659,5,1340407
28419872,3,1340407
28421083,2,1340407
28422296,5,1340407
28423509,5,1340407
28424721,2,1340407
28425934,5,1340407
28427146,3,1340407
28428359,9,1340407
28429571,7,1340407
28430783,6,1340407
28431995,3,1340407
28433208,4,1340407
28434421,8,1340407
28435633,7,1340407
28436846,5,1340407
28438058,4,1340407
28439270,6,1340407
28440483,5,1340407
28441696,5,1340407
28442908,9,1340407
28444120,8,1340407
28445333,7,1340407
28446545,7,1340407
28447758,6,1337529
28448970,5,1337529
28450183,6,1337529
28451396,5,1337529
28452609,5,1337529
28453821,8,1337529
28455034,6,1337529
28456246,9,1337529
28457458,8,1337529
28458671,6,1339225
28459884,6,1339225
28461096,7,1339225
28462309,7,1339225
28463522,7,1339225
28464734,5,1339225
28465946,5,1339225
28467159,8,1339225
28468371,3,1339225
28475646,11,1339225
28476858,5,1339225
28478071,7,1339225
28479283,6,1339225
28480496,8,1342566
28481709,3,1342566
28482921,6,1342566
28484134,6,1342566
28485346,5,1342566
28486558,6,1342566
28487772,5,1342566
28488984,7,1342566
28490197,5,1342566
28491409,3,1342668
28492622,4,1342668
28493834,6,1342668
28495046,7,1342668
28496259,5,1342668
28497471,6,1342668
28498684,8,1342668
28499897,8,1342668
28501109,6,1342668
28502322,8,1340613
28503534,3,1340613
28504746,6,1340613
28505960,6,1340613
28507171,8,1340613
28508384,6,1340613
28509597,4,1340613
28510809,12,1340613
28512022,5,1340613
28513234,5,1340510
28514447,3,1340510
28515660,6,1340510
28516873,7,1340510
28518084,8,1340510
28519297,6,1340510
28520509,9,1340510
28521722,5,1340510
28522934,7,1340510
28524147,6,1338043
28525359,4,1338043
28526572,6,1338043
28527785,8,1338043
28528997,6,1338043
28530209,6,1338043
28531422,7,1338043
28532634,6,1338043
28533847,5,1338043
28535059,6,1340201
28536272,5,1340201
28537484,8,1340201
28538697,5,1340201
28539909,5,1340201
28541122,5,1340201
28542334,8,1340201
28543546,9,1340201
28544759,6,1340201
28545972,7,1340150
28547184,4,1339431
28548396,3,1339431
28549608,3,1339431
28550821,5,1339431
28552033,7,1339431
28560520,6,1339431
28561732,5,1339431
28562945,4,1339431
28564157,6,1339431
28565369,9,1339431
28566582,7,1339431
28567794,6,1340047
28569007,5,1342925
28570219,5,1342925
28571431,3,1342925
28572644,5,1342925
28573856,3,1342925
28575069,5,1342925
28576281,2,1342925
28577494,3,1342925
28578706,3,1342925
28579919,4,1337786
28581131,4,1337786
28582344,3,1337786
28583557,3,1337786
28584769,1,1337786
28585982,7,1337786
28587194,4,1337786
28588406,3,1337786
28589618,3,1337786
28590831,5,1337726
28592043,4,1335422
28593257,5,1335422
28594469,5,1335422
28595681,9,1335422
28596893,5,1335422
28598106,4,1335422
28599318,5,1335422
28600531,3,1335422
28601743,4,1335393
28602955,4,1341281
28604168,3,1341281
28605381,8,1341281
28606594,3,1341281
28607805,4,1341281
28609018,1,1341281
28610231,4,1341281
28611443,3,1341281
28612656,4,1341345
28613869,5,1344929
28615081,4,1344929
28616294,4,1344929
28617506,2,1344929
28618718,2,1344929
28619930,4,1344929
28621143,5,1344929
28622356,6,1344929
28623568,4,1344929
28624781,5,1344929
28625993,6,1344929
28627206,7,1344929
28628418,8,1344929
28629631,8,1344929
28630842,7,1344929
28632055,6,1344929
28633267,7,1344929
28634480,6,1338865
28635692,5,1338865
28636905,3,1338865
28644183,11,1343182
28645393,16,1343182
28646604,5,1343182
28647817,6,1343182
28649029,7,1343182
28650242,9,1343182
28651454,8,1343182
28652667,8,1343182
28653879,9,1343182
28655092,5,1343182
28656305,7,1337940
28657517,3,1337940
28658729,6,1337940
28659942,7,1337940
28661154,6,1337940
28662366,7,1337940
28663579,5,1337940
28664792,7,1337940
28666004,7,1337940
28667217,8,1341640
28668429,0,1341640
28669641,5,1341640
28670854,6,1341640
28672066,9,1341640
28673278,7,1341640
28674491,6,1341640
28675704,6,1341640
28676916,7,1341640
28678128,6,1339791
28679341,3,1339791
28680553,8,1339791
28681766,6,1339791
28682978,6,1339791
28684191,8,1339791
28685404,8,1339791
28686616,9,1339791
28687828,4,1339791
28689040,7,1338300
28690253,4,1338300
28691466,7,1338300
28692678,9,1338300
28693890,9,1338300
28695103,7,1338300
28696316,5,1338300
28697528,4,1338300
28698741,4,1338300
28699953,6,1341640
28701166,5,1341640
28702377,7,1341640
28703590,8,1341640
28704803,7,1341640
28706015,6,1341640
28707227,7,1341640
28708440,6,1341640
28709653,9,1341640
28710865,7,1338248
28712077,3,1338248
28713290,5,1338248
28714503,8,1338248
28715715,5,1338248
28716927,5,1338248
28718141,7,1338248
28719353,6,1338248
28720565,5,1338248
28729052,5,1338248
28730265,8,1338248
28731477,5,1338248
28732691,6,1337015
28733902,5,1337838
28735115,6,1337838
28736327,5,1337838
28737540,3,1337838
28738753,4,1337838
28739965,4,1337838
28741177,7,1337838
28742390,3,1337838
28743602,3,1337838
28744815,6,1335217
28746027,4,1335217
28747240,5,1335217
28748453,2,1335217
28749664,5,1335217
28750877,5,1335217
28752090,4,1335217
28753302,5,1335217
28754515,4,1335217
28755727,1,1340921
28756940,3,1340921
28758152,6,1340921
28759365,6,1340921
28760577,5,1340921
28761790,4,1340921
28763002,3,1340921
28764215,4,1340921
28765427,5,1340921
28766640,5,1342720
28767853,4,1342720
28769065,4,1342720
28770277,4,1342720
28771490,6,1342720
28772702,5,1342720
28773915,6,1342720
28775127,5,1342720
28776340,3,1342720
28777553,6,1339379
28778766,5,1339379
28779978,5,1339379
28781191,2,1339379
28782403,3,1339379
28783616,4,1339379
28784828,3,1339379
28786041,4,1339379
28787253,4,1339379
28788465,4,1339332
28789678,8,1340356
28790890,5,1340356
28792103,4,1340356
28793315,8,1340356
28794529,5,1340356
28795740,4,1340356
28796953,5,1340356
28798165,3,1340356
28799378,8,1340279
28800591,3,1333367
28801803,4,1333367
28803016,5,1333367
28804229,3,1333367
28805441,5,1333367
28813929,8,1333367
28815141,7,1333367
28816353,5,1333367
28817567,6,1333367
28818779,6,1333367
28819991,9,1340510
28821204,5,1340510
28822416,-1,1340510
28823629,5,1340510
28824842,7,1340510
28826054,5,1340510
28827266,7,1340510
28828480,7,1340510
28829692,7,1340510
28830905,8,1340510
28832117,7,1338608
28833329,4,1338608
28834541,6,1338608
28835754,7,1338608
28836967,5,1338608
28838179,9,1338608
28839392,5,1338608
28840604,8,1338608
28841817,6,1338608
28843030,5,1340150
28844242,5,1340150
28845454,6,1340150
28846668,9,1340150
28847879,7,1340150
28849092,3,1340150
28850305,4,1340150
28851517,8,1340150
28852730,8,1340150
28853942,8,1338711
28855154,3,1338711
28856367,6,1338711
28857580,9,1338711
28858793,6,1338711
28860005,3,1338711
28861218,6,1338711
28862430,5,1338711
28863643,7,1338711
28864855,6,1341281
28866068,5,1341281
28867280,7,1341281
28868492,7,1341281
28869705,4,1341281
28870918,5,1341281
28872130,8,1341281
28873343,7,1341281
28874556,5,1341281
28875767,6,1337786
28876981,5,1337786
28878193,5,1337786
28879405,5,1337786
28880618,5,1337786
28881831,5,1337786
28883043,7,1337786
28884255,7,1337786
28885468,5,1337786
28886681,10,933235
28887894,4,933235
28889106,7,933235
28890318,8,933235
28897594,5,766522
28898806,4,766522
28900019,7,766522
28901232,8,766522
28902444,9,766522
28903656,5,766522
28904869,5,766522
28906082,4,766522
28907294,6,766522
28908507,7,1221693
28909719,4,1221693
28910932,9,1221693
28912144,9,1221693
28913357,6,1221693
28914570,7,1221693
28915782,6,1221693
28916995,7,1221693
28918208,9,1221693
28919420,4,1339945
28920632,5,1333983
28921845,5,1333983
28923058,5,1333983
28924270,5,1333983
28925483,8,1333983
28926696,5,1333983
28927909,3,1333983
28929121,4,1333983
28930333,4,1333983
28931546,3,1332390
28932759,3,1332390
28933971,5,1332390
28935184,5,1332390
28936396,4,1332390
28937609,2,1332390
28938821,6,1332390
28940034,5,1332390
28941247,5,1332390
28942459,4,1337632
28943672,5,1337632
28944884,5,1337632
28946098,2,1337632
28947310,4,1337632
28948522,3,1337632
28949735,6,1337632
28950947,3,1337632
28952160,6,1337632
28953373,6,1334549
28954585,4,1334549
28955798,4,1334549
28957011,3,1334549
28958223,3,1334549
28959436,4,1334549
28960648,5,1334549
28961861,5,1334549
28963074,3,1334549
28964287,5,1340818
28965499,3,1340818
28966711,4,1340818
28967925,5,1340818
28969137,3,1340818
28970349,1,1340818
28971562,2,1340818
28972774,5,1340818
28973987,9,1340818
28981262,3,1340818
28982476,5,1340818
28983688,8,1340818
28984901,8,1335628
28986112,4,1335640
28987325,4,1338968
28988538,4,1338968
28989750,4,1338968
28990963,4,1338968
28992175,8,1338968
28993388,4,1338968
28994601,5,1338968
28995813,3,1338968
28997026,2,1338968
28998238,1,1338968
28999451,8,1338968
29000663,9,1338968
29001876,6,1338968
29003088,5,1338968
29004300,6,1338968
29005513,7,1338968
29006725,4,1338968
29007938,5,1338968
29009150,4,1338968
29010363,6,1338968
29011575,8,1338968
29012788,6,1338968
29014001,7,1338968
29015213,5,1338968
29016425,6,1338968
29017638,7,1338968
29018851,5,1332030
29020064,2,1332030
29021276,7,1332030
29022488,8,1332030
29023701,5,1332030
29024914,8,1332030
29026126,7,1332030
29027338,5,1332030
29028551,8,1332030
29029764,4,1335885
29030976,6,1335885
29032188,6,1335885
29033401,6,1335885
29034614,4,1335885
29035826,5,1335885
29037039,7,1335885
29038251,7,1335885
29039464,8,1335885
29040676,9,1336450
29041889,4,1336450
29043102,8,1336450
29044314,8,1336450
29045526,6,1336450
29046739,3,1336450
29047951,9,1336450
29049164,7,1336450
29050377,9,1336450
29051589,8,1336810
29052801,5,1336810
29054014,7,1336810
29055227,9,1336810
29056439,8,1336810
29057651,7,1336810
29066139,4,1336810
29067352,7,1336810
29068564,6,1336810
29069777,6,1336810
29070989,3,1336810
29072202,4,1336810
29073415,8,1332287
29074627,5,1332287
29075839,6,1332287
29077053,6,1332287
29078265,6,1332287
29079478,7,1332287
29080690,6,1332287
29081903,9,1332287
29083115,7,1332287
29084328,5,1333264
29085540,3,1333264
29086753,4,1333264
29087966,7,1333264
29089179,6,1333264
29090391,5,1333264
29091604,5,1333264
29092817,6,1333264
29094029,4,1333264
29095241,9,1338557
29096454,5,1338557
29097667,7,1338557
29098879,7,1338557
29100091,10,1338557
29101304,7,1338557
29102516,6,1338557
29103728,3,1338557
29104940,6,1338557
29106153,6,1333829
29107366,3,1334035
29108578,3,1334035
29109790,5,1334035
29111002,4,1334035
29112215,5,1334035
29113427,3,1334035
29114639,4,1334035
29115851,5,1334035
29117065,5,1334035
29118277,5,1332338
29119489,5,1332338
29120701,3,1332338
29121914,4,1332338
29123126,6,1332338
29124338,3,1332338
29125550,5,1332338
29126762,4,1332338
29127975,5,1332338
29129187,5,1330746
29130400,4,1330746
29131612,6,1330746
29132824,3,1330746
29134037,4,1330746
29135249,2,1330746
29136461,5,1330746
29137673,10,1330746
29138886,6,1330746
29140098,4,1332647
29141310,2,1332647
29142523,6,1332647
29151009,5,1334343
29152222,4,1334343
29153434,3,1334343
29154646,5,1334343
29155858,4,1334343
29157070,2,1334343
29158283,6,1334343
29159496,3,1334343
29160707,4,1334343
29161920,5,1334325
29163132,5,1329461
29164345,4,1329461
29165557,5,1329461
29166769,6,1329461
29167981,7,1329461
29169194,6,1329461
29170406,2,1329461
29171618,4,1329461
29172831,2,1329588
29174043,2,758196
29175255,5,758196
29176468,5,758196
29177680,7,758196
29178893,7,758196
29180105,3,758196
29181317,5,758196
29182529,3,758196
29183741,3,758196
29184954,1,758196
29186166,4,758196
29187378,9,758196
29188591,8,758196
29189804,7,758196
29191016,4,758196
29192228,5,758196
29193441,5,758196
29194653,4,758196
29195865,4,758196
29197077,6,758196
29198290,8,758196
29199502,6,758196
29200714,4,758196
29201927,4,758196
29203140,9,758196
29204351,5,758196
29205564,7,774641
29206777,5,774641
29207989,7,774641
29209201,8,774641
29210414,6,774641
29211626,7,774641
29212839,5,774641
29214051,6,774641
29215263,6,774641
29216476,7,1333932
29217688,4,1333932
29218901,6,1333932
29220112,4,1333932
29221325,5,1333932
29222537,5,1333932
29223750,7,1333932
29224962,5,1333932
29226174,6,1333932
29227387,6,1333932
29234661,8,1333932
29235873,7,1333932
29237086,6,1333932
29238298,6,1336450
29239511,4,1336450
29240723,7,1336450
29241935,6,1336450
29243147,7,1336450
29244360,4,1336450
29245572,7,1336450
29246785,7,1336450
29247998,6,1336450
29249210,8,1334035
29250422,5,1334035
29251635,7,1334035
29252847,5,1334035
29254060,7,1334035
29255272,6,1334035
29256484,7,1334035
29257697,7,1334035
29258909,6,1334035
29260121,8,1333623
29261334,3,1333623
29262547,5,1333623
29263758,10,1333623
29264971,7,1333623
29266184,5,1333623
29267396,6,1333623
29268608,7,1333623
29269820,8,1333623
29271032,7,1334754
29272245,3,1334754
29273457,6,1334754
29274670,6,1334754
29275882,8,1334754
29277094,8,1334754
29278306,3,1334754
29279518,7,1334754
29280731,5,1334754
29281944,8,1336656
29283155,3,1336656
29284368,9,1336656
29285580,6,1336656
29286792,4,1336656
29288005,5,1336656
29289217,7,1336656
29290429,6,1336656
29291642,7,1336656
29292854,8,1337324
29294066,4,1337324
29295278,7,1337324
29296490,5,1337324
29297703,5,1337324
29298915,5,1337324
29300128,5,1337324
29301339,4,1337324
29302552,6,1337324
29303764,9,1336398
29304977,4,1340715
29306189,6,1340715
29307402,3,1340715
29308614,2,1340715
29309826,4,1340715
29311038,7,1340715
29319524,4,1340715
29320737,6,1340715
29321949,6,1340715
29323162,7,1340715
29324374,6,1340715
29325586,11,1347859
29326798,7,1339431
29328011,4,1339431
29329223,4,1339431
29330436,3,1339431
29331648,4,1339431
29332861,4,1339431
29334073,5,1339431
29335285,3,1339431
29336498,4,1339431
29337710,6,1342000
29338922,6,1342000
29340135,7,1342000
29341347,3,1342000
29342560,4,1342000
29343771,4,1342000
29344984,6,1342000
29346196,6,1342000
29347408,3,1342000
29348621,3,1342035
29349833,5,1337683
29351046,4,1337683
29352258,5,1337683
29353471,6,1337683
29354683,8,1337683
29355895,5,1337683
29357108,3,1337683
29358320,4,1337683
29359533,4,1337602
29360744,4,1343490
29361957,3,1343490
29363169,4,1343490
29364382,7,1343490
29365594,3,1343490
29366807,6,1343490
29368020,6,1343490
29369231,3,1343490
29370443,4,1343490
29371656,6,1343490
29372869,7,1343490
29374080,7,1343490
29375293,4,1343490
29376505,6,1343490
29377718,5,1343490
29378930,5,1343490
29380142,5,1343490
29381355,3,1343490
29382567,3,1343490
29383779,8,1343490
29384991,5,1343490
29386203,6,1343490
29387416,6,1343490
29388628,8,1343490
29389842,7,1343490
29391052,5,1343490
29392265,8,1338300
29393477,5,1338300
29394689,6,1338300
29395902,4,1342411
29403176,10,1343131
29404388,11,1343131
29405600,3,1343131
29406813,11,1343131
29408025,4,1343131
29409237,3,1343131
29410450,5,1343131
29411662,5,1343131
29412874,5,1343131
29414086,6,1343131
29415298,3,1343131
29416511,6,1343131
29417723,8,1343131
29418935,9,1343131
29420148,6,1343131
29421360,4,1343131
29422572,4,1343131
29423785,6,1343131
29424997,7,1254584
29426210,3,1254584
29427422,4,1254584
29428635,6,1254584
29429846,6,1254584
29431059,8,1254584
29432272,7,1254584
29433483,8,1254584
29434697,5,1254584
29435908,8,750539
29437121,4,750539
29438332,5,750539
29439545,7,750539
29440757,6,750539
29441970,5,750539
29443182,6,750539
29444395,6,750539
29445607,7,750539
29446820,4,751464
29448031,6,751464
29449243,8,751464
29450456,8,751464
29451668,6,751464
29452880,7,751464
29454093,6,751464
29455305,9,751464
29456517,6,751464
29457730,4,748637
29458942,4,748637
29460154,6,748637
29461367,6,748637
29462579,7,748637
29463792,5,748637
29465003,6,748637
29466216,6,748637
29467428,6,748637
29468640,7,755472
29469852,5,755472
29471065,6,755472
29472277,7,755472
29473489,8,755472
29474702,3,755472
29475914,5,755472
29477126,8,755472
29478338,7,755472
29479551,5,755472
29488037,2,755472
29489250,7,755472
29490462,7,751155
29491674,6,748843
29492886,6,748843
29494098,2,748843
29495311,4,748843
29496524,4,748843
29497736,5,748843
29498949,7,748843
29500161,5,748843
29501373,7,748843
29502585,3,747558
29503797,1,747558
29505010,5,747558
29506222,5,747558
29507434,4,747558
29508647,5,747558
29509859,4,747558
29511072,6,747558
29512285,5,747558
29513497,6,750539
29514709,5,750539
29515921,4,750539
29517134,3,750539
29518346,6,750539
29519558,3,750539
29520770,3,750539
29521983,6,750539
29523195,6,750539
29524407,5,763015
29525619,7,828551
29526832,5,828551
29528045,5,828551
29529256,5,828551
29530469,2,828551
29531681,7,828551
29532893,4,828551
29534106,4,828551
29535318,4,828605
29536530,5,843197
29537743,3,843197
29538955,6,843197
29540167,7,843197
29541379,9,843197
29542591,3,843197
29543804,5,843197
29545016,3,843197
29546228,4,843133
29547441,3,1280125
29548653,3,1280125
29549866,4,1280125
29551078,6,1280125
29552291,4,1280125
29553503,4,1280125
29554715,6,1280125
29555928,4,1280125
29557139,5,1280125
29558353,5,1280125
29559564,7,1280125
29560776,7,1280125
29561989,7,1280125
29563202,7,1280125
29564414,8,1280125
29571688,2,1280125
29572900,4,1280125
29574112,5,1280125
29575325,5,1280125
29576537,12,1280125
29577749,7,1280125
29578962,7,762873
29580175,4,762873
29581387,4,762873
29582600,5,762873
29583812,9,762873
29585024,5,762873
29586236,5,762873
29587449,5,762873
29588661,5,762873
29589873,7,749511
29591086,6,749511
29592298,8,749511
29593510,8,749511
29594723,3,749511
29595935,6,749511
29597148,8,749511
29598359,7,749511
29599572,7,749511
29600784,5,748843
29601996,4,748843
29603209,7,748843
29604421,7,748843
29605634,8,748843
29606846,5,748843
29608058,6,748843
29609270,6,748843
29610483,6,748843
29611696,4,749717
29612908,4,749717
29614121,5,749717
29615333,7,749717
29616545,6,749717
29617757,6,749717
29618969,10,749717
29620181,9,749717
29621394,7,749717
29622606,6,745297
29623819,2,745297
29625031,6,745297
29626243,8,745297
29627456,7,745297
29628668,8,745297
29629881,9,745297
29631092,6,745297
29632305,6,745297
29633517,6,749665
29634730,4,749665
29635942,7,749665
29637154,4,749665
29638367,8,749665
29639579,4,749665
29640792,8,749665
29642004,5,749665
29643216,6,749665
29644428,7,751823
29645641,5,751823
29646853,6,751823
29648065,6,749048
29655340,15,749048
29656552,7,749048
29657765,4,749048
29658976,5,749048
29660189,7,749048
29661401,5,749048
29662614,7,749048
29663826,5,749048
29665038,5,749048
29666251,7,752492
29667463,4,750487
29668675,10,750487
29669888,7,750487
29671100,5,750487
29672312,5,750487
29673524,3,750487
29674737,5,750487
29675949,5,750487
29677162,6,750487
29678374,8,752852
29679586,4,752852
29680798,5,752852
29682011,4,752852
29683223,3,752852
29684436,4,752852
29685648,3,752852
29686861,4,752852
29688073,5,752852
29689285,4,747096
29690497,5,747096
29691709,4,747096
29692922,7,747096
29694134,2,747096
29695346,3,747096
29696559,5,747096
29697771,5,747096
29698984,6,747096
29700196,5,749203
29701409,4,749203
29702620,4,749203
29703832,5,749203
29705044,4,749203
29706257,5,749203
29707470,4,749203
29708681,10,749203
29709894,6,749203
29711106,4,752286
29712318,7,752286
29713532,3,752286
29714743,4,752286
29715956,3,752286
29717168,6,752286
29718381,7,752286
29719592,6,752286
29720805,4,752286
29722017,4,752210
29723229,2,745554
29724442,5,745554
29725654,5,745554
29726866,5,745554
29728079,2,745554
29729291,6,745554
29730504,5,745554
29731716,8,745554
29739119,4,745554
29740202,8,745554
29741415,8,745554
29742627,6,747404
29743839,5,747404
29745051,3,747404
29746263,5,747404
29747476,7,747404
29748688,6,747404
29749900,7,747404
29751113,7,747404
29752325,3,747404
29753537,6,747352
29754749,5,747352
29755962,4,747352
29757174,5,747352
29758386,7,747352
29759598,4,747352
29760810,4,747352
29762023,6,747352
29763235,6,747352
29764447,9,747352
29765660,8,750796
29766872,3,750796
29768084,5,750796
29769297,6,750796
29770508,5,750796
29771721,3,750796
29772933,7,750796
29774145,7,750796
29775358,4,750796
29776570,8,748380
29777783,5,748380
29778994,8,748380
29780206,7,748380
29781419,5,748380
29782631,7,748380
29783842,10,748380
29785056,5,748380
29786269,7,748380
29787480,10,752440
29788692,5,752440
29789905,5,752440
29791117,6,752440
29792329,7,752440
29793542,6,752440
29794754,4,752440
29795966,9,752440
29797178,5,752440
29798390,7,747610
29799603,5,747610
29800816,5,747610
29802028,11,747610
29803240,9,747610
29804452,6,747610
29805665,8,747610
29806876,5,747610
29808088,6,747610
29809301,6,747404
29810513,4,747404
29811726,7,747404
29812938,8,747404
29814150,7,747404
29815362,4,747404
29822636,12,747404
29823848,8,747404
29825061,4,747404
29826273,7,747404
29827485,6,747404
29828697,5,747404
29829909,5,747404
29831122,6,749100
29832334,3,749100
29833546,4,749100
29834758,9,749100
29835971,7,749100
29837184,7,749100
29838396,4,749100
29839607,10,749100
29840820,6,749100
29842033,5,749151
29843244,4,749151
29844457,5,749151
29845669,5,749151
29846881,5,749151
29848094,7,749151
29849306,6,749151
29850518,8,749151
29851730,8,749151
29852942,5,746942
29854155,2,750796
29855367,6,750796
29856579,5,750796
29857792,6,750796
29859003,3,750796
29860216,3,750796
29861428,3,750796
29862640,5,750796
29863852,3,750796
29865065,5,746890
29866277,4,746890
29867489,1,746890
29868701,4,746890
29869914,6,746890
29871126,4,746890
29872338,4,746890
29873550,3,746890
29874762,4,746890
29875975,5,754599
29877187,3,754599
29878399,2,754599
29879611,3,754599
29880823,0,754599
29882036,3,754599
29883248,3,754599
29884460,4,754599
29885672,6,754599
29886885,4,750539
29888097,3,750539
29889309,3,750539
29890521,3,750539
29891733,3,750539
29892945,3,750539
29894157,4,750539
29895370,7,750539
29896582,4,750539
29897794,5,750847
29899006,9,750847
29906284,0,750847
29907491,1,750847
29908704,13,750636
29909916,7,749100
29911128,5,749100
29912341,6,749100
29913552,6,749100
29914765,5,749100
29915977,6,749100
29917189,5,749100
29918402,3,749100
29919614,4,749079
29920826,4,743447
29922038,4,743447
29923251,5,743447
29924463,5,743447
29925675,7,743447
29926887,5,743447
29928100,4,743447
29929311,3,743447
29930524,4,743447
29931736,4,743447
29932949,6,743447
29934160,3,743447
29935373,8,743447
29936585,8,743447
29937798,8,743447
29939010,6,743447
29940222,8,750899
29941434,3,750899
29942647,5,750899
29943860,5,750899
29945072,5,750899
29946283,7,750899
29947496,8,750899
29948709,8,750899
29949921,7,750899
29951133,6,750899
29952345,8,751310
29953558,4,751310
29954770,4,751310
29955982,9,751310
29957194,10,751310
29958406,7,751310
29959618,5,751310
29960831,7,751310
29962044,4,751310
29963255,8,756346
29964468,4,756346
29965680,12,756346
29966893,8,756346
29968105,6,756346
29969317,4,756346
29970529,5,756346
29971741,9,756346
29972953,7,756346
29974165,7,751618
29975378,7,751618
29976590,7,751618
29977802,8,751618
29979014,9,751618
29980227,4,751618
29981439,5,751618
29982651,6,751618
29991137,7,751618
29992349,9,751618
29993561,6,751618
29994773,7,751618
29995986,7,757836
29997198,3,757836
29998411,5,757836
29999622,5,757836
30000835,7,757836
30002047,7,757836
30003260,4,757836
30004471,5,757836
30005683,12,757836
30006896,6,758453
30008108,5,758453
30009320,5,758453
30010532,6,758453
30011745,5,758453
30012957,6,758453
30014169,9,758453
30015381,7,758453
30016594,9,758453
30017806,7,761845
30019018,4,761845
30020231,7,761845
30021443,6,761845
30022656,8,761845
30023869,9,761845
30025080,7,761845
30026293,7,761845
30027505,4,761845
30028717,4,757733
30029930,3,757733
30031142,5,757733
30032355,6,757733
30033566,5,757733
30034779,9,757733
30035991,7,757733
30037204,7,757733
30038416,7,757733
30039628,6,760612
30040843,4,760612
30042053,6,760612
30043265,2,760612
30044478,5,760612
30045690,4,760612
30046902,4,760612
30048115,3,760612
30049327,3,760612
30050539,2,760612
30051751,4,764774
30052963,4,764774
30054176,6,764774
30055388,5,764774
30056600,3,764774
30057812,3,764774
30059024,3,764774
30060237,2,764774
30061450,4,764774
30062661,3,761691
30063874,5,761691
30065086,5,761691
30066298,4,761691
30067511,7,761691
30075997,6,761691
30077209,5,761691
30078421,7,761691
30079633,6,761691
30080846,6,761691
30082058,7,761691
30083270,10,758093
30084483,4,763952
30085695,4,763952
30086907,5,763952
30088120,3,763952
30089331,2,763952
30090544,5,763952
30091756,4,763952
30092969,5,763952
30094180,8,763952
30095393,4,764097
30096605,3,761793
30097817,2,761793
30099029,3,761793
30100242,3,761793
30101454,3,761793
30102667,2,761793
30103878,5,761793
30105091,3,761793
30106303,5,761758
30107516,5,766110
30108727,4,766110
30109940,4,766110
30111152,3,766110
30112364,4,766110
30113576,4,766110
30114789,4,766110
30116001,3,766110
30117214,5,766110
30118425,3,766110
30119638,6,766110
30120850,8,766110
30122062,8,766110
30123274,6,766110
30124487,6,766110
30125699,5,766110
30126911,6,763746
30128124,4,763746
30129336,5,763746
30130548,6,763746
30131761,7,763746
30132973,6,763746
30134185,6,763746
30135397,6,763746
30136610,8,763746
30137822,5,763746
30139034,5,764980
30140246,3,764980
30141458,6,764980
30142671,7,764980
30143883,7,764980
30145095,3,764980
30146307,5,764980
30147520,7,764980
30148732,4,764980
30149944,7,763592
30151157,3,763592
30152369,6,763592
30159643,15,763592
30160856,4,763952
30162068,4,763952
30163280,5,763952
30164493,7,763952
30165705,7,763952
30166918,7,763952
30168130,6,763952
30169342,4,763952
30170555,5,763952
30171767,6,763901
30172979,9,763901
30174192,7,763901
30175404,7,763901
30176616,8,763901
30177828,6,763901
30179041,5,763901
30180252,5,763901
30181465,7,763901
30182677,13,763746
30183890,2,763746
30185102,8,763746
30186314,11,763746
30187527,8,763746
30188739,5,763746
30189951,6,763746
30191164,8,763746
30192376,9,763746
30193588,9,764569
30194801,3,764569
30196013,6,764569
30197225,5,764569
30198437,9,764569
30199649,6,764569
30200862,6,764569
30202074,8,764569
30203286,8,764569
30204498,6,763746
30205711,4,763746
30206924,7,763746
30208135,9,763746
30209347,7,763746
30210560,5,763746
30211772,5,763746
30212984,11,763746
30214197,6,763746
30215409,7,762102
30216621,5,762102
30217834,7,762102
30219046,6,762102
30220258,4,762102
30221471,7,762102
30222683,10,762102
30223894,6,762102
30225107,4,762102
30226319,3,763387
30227532,2,764569
30228744,4,764569
30229957,4,764569
30231169,4,764569
30232381,7,764569
30233593,2,764569
30234805,6,764569
30236017,8,764569
30243291,5,764569
30244503,5,764569
30245716,6,764569
30246927,5,764569
30248140,4,761177
30249352,5,760714
30250565,3,760714
30251777,3,760714
30252989,4,760714
30254201,3,760714
30255414,0,760714
30256626,5,760714
30257838,10,760714
30259050,5,760714
30260263,4,762359
30261475,6,762359
30262687,5,762359
30263899,4,762359
30265111,4,762359
30266323,5,762359
30267535,4,762359
30268748,4,762359
30269961,4,762359
30271172,7,762359
30272386,6,762359
30273597,5,762359
30274810,3,762359
30276022,-1,762359
30277234,0,762359
30278446,4,762359
30279659,5,762359
30280871,6,762359
30282083,6,762135
30283295,5,757271
30284507,2,757271
30285720,4,757271
30286933,5,757271
30288144,5,757271
30289357,4,757271
30290569,2,757271
30291781,3,757271
30292994,4,757348
30294206,4,764260
30295418,5,764260
30296631,0,764260
30297842,5,764260
30299056,3,764260
30300268,5,764260
30301480,8,764260
30302692,5,764260
30303905,6,764260
30305117,4,764260
30306329,4,764260
30307541,9,764260
30308753,4,764260
30309966,6,764260
30311178,4,764260
30312390,8,764260
30313602,3,764260
30314815,7,755935
30316027,2,755935
30317239,4,755935
30318452,5,755935
30319663,5,755935
30328149,2,755935
30329361,6,755935
30330574,6,755935
30331786,8,755935
30332998,8,755935
30334210,6,755935
30335422,4,755935
30336634,8,761434
30337847,5,761434
30339059,3,761434
30340272,7,761434
30341483,4,761434
30342696,3,761434
30343908,4,761434
30345120,9,761434
30346333,5,761434
30347545,4,757323
30348757,5,757323
30349970,5,757323
30351182,9,757323
30352394,7,757323
30353606,7,757323
30354818,8,757323
30356031,7,757323
30357243,9,757323
30358455,9,761742
30359668,6,761742
30360879,6,761742
30362091,8,761742
30363305,8,761742
30364516,9,761742
30365729,8,761742
30366940,9,761742
30368153,6,761742
30369365,5,763181
30370577,5,763181
30371790,9,763181
30373002,6,763181
30374214,7,763181
30375426,4,763181
30376639,7,763181
30377851,6,763181
30379063,7,763181
30380276,8,759841
30381488,5,759841
30382700,5,759841
30383913,5,759841
30385125,7,759841
30386337,5,759841
30387549,7,759841
30388761,5,759841
30389974,6,759841
30391186,7,761485
30392398,0,761485
30393610,7,761485
30394823,7,761485
30396035,5,761485
30397248,7,761485
30398460,7,761485
30399672,8,761485
30400884,4,761485
30402096,9,759018
30403308,4,759018
30404520,5,759018
30411795,9,759018
30413006,6,762873
30414219,4,758093
30415431,3,758093
30416644,3,758093
30417855,4,758093
30419069,4,758093
30420280,4,758093
30421493,5,758093
30422705,5,758093
30423917,3,758093
30425129,4,762205
30426342,3,762205
30427554,4,762205
30428766,5,762205
30429979,6,762205
30431191,4,762205
30432403,3,762205
30433615,3,762205
30434828,5,762205
30436041,3,758145
30437252,3,758145
30438465,4,758145
30439677,9,758145
30440890,4,758145
30442102,3,758145
30443314,2,758145
30444527,4,758145
30445739,4,758145
30446952,3,757991
30448163,3,757991
30449376,5,757991
30450588,4,757991
30451801,3,757991
30453013,4,757991
30454225,0,757991
30455438,5,757991
30456650,4,757991
30457862,3,757857
30459075,4,763489
30460287,3,763489
30461500,5,763489
30462711,2,763489
30463923,3,763489
30465136,6,763489
30466349,4,763489
30467561,4,763489
30468773,2,763471
30469986,8,758607
30471198,6,758607
30472410,2,758607
30473623,6,758607
30474835,3,758607
30476047,1,758607
30477259,3,758607
30478472,5,758607
30479684,4,758776
30480897,6,758776
30482108,6,758776
30483321,6,758776
30484533,9,758776
30485745,6,758776
30486958,8,758776
30488169,4,758776
30495443,8,758776
30496655,4,758776
30497867,5,758776
30499079,4,758776
30500291,8,758776
30501504,8,756809
30502716,4,756809
30503927,5,756809
30505140,7,756809
30506352,4,756809
30507564,7,756809
30508776,8,756809
30509989,7,756809
30511201,8,756809
30512413,5,759584
30513625,5,759584
30514837,5,759584
30516049,4,759584
30517261,6,759584
30518473,8,759584
30519686,8,759584
30520898,5,759584
30522110,5,759584
30523322,8,757374
30524534,3,757374
30525746,3,757374
30526958,4,757374
30528170,6,757374
30529383,8,757374
30530595,7,757374
30531808,5,757374
30533020,4,757374
30534231,5,759224
30535444,2,759224
30536656,8,759224
30537869,9,759224
30539081,8,759224
30540293,8,759224
30541505,7,759224
30542717,8,759224
30543929,6,759224
30545141,5,758504
30546354,3,758504
30547565,7,758504
30548777,5,758504
30549989,3,758504
30551202,5,758504
30552414,4,758504
30553626,5,758504
30554838,5,758504
30556050,11,757631
30557262,4,757631
30558474,4,757631
30559687,7,757631
30560899,6,757631
30562111,6,757631
30563324,4,757631
30564536,4,757631
30565748,5,757631
30566960,8,760200
30568172,9,760200
30569385,7,760200
30570597,7,760200
30571809,8,759995
30579119,7,759995
30580295,14,759995
30581507,17,759995
30582719,0,759995
30583932,4,759995
30585144,5,759995
30586357,4,759995
30587569,3,759995
30588781,3,759995
30589993,6,757014
30591205,3,757014
30592417,5,757014
30593630,4,757014
30594842,4,757014
30596054,3,757014
30597266,5,757014
30598479,5,757014
30599690,3,757014
30600902,4,755215
30602115,6,755215
30603327,5,755215
30604539,2,755215
30605751,5,755215
30606963,4,755215
30608176,9,755215
30609388,4,755215
30610600,6,755215
30611813,3,756038
30613025,2,756038
30614237,5,756038
30615449,3,756038
30616661,3,756038
30617873,4,756038
30619085,2,756038
30620298,3,756038
30621510,3,756038
30622722,5,759686
30623934,2,759686
30625147,3,759686
30626359,4,759686
30627571,3,759686
30628783,4,759686
30629995,4,759686
30631208,4,759686
30632420,3,759686
30633633,7,753160
30634844,4,753160
30636057,5,753160
30637268,4,753160
30638480,5,753160
30639693,5,753160
30640905,4,753160
30642117,4,753160
30643329,3,753160
30644542,4,753295
30645754,5,748175
30646966,4,748175
30648179,11,748175
30649391,3,748175
30650603,4,748175
30651815,3,748175
30653027,4,748175
30654240,4,748175
30655452,6,748175
30663938,8,748175
30665150,5,762821
30666362,4,762821
30667574,5,762821
30668787,9,762821
30669998,10,762821
30671211,6,762821
30672423,3,762821
30673635,8,762821
30674847,8,762821
30676059,4,756706
30677272,4,756706
30678485,4,756706
30679697,6,756706
30680909,9,756706
30682121,7,756706
30683333,3,756706
30684545,4,756706
30685757,7,756706
30686969,4,756706
30688182,6,758659
30689394,3,758659
30690606,8,758659
30691819,9,758659
30693030,4,758659
30694243,6,758659
30695455,9,758659
30696668,6,758659
30697879,8,758659
30699092,6,759686
30700304,4,759686
30701516,5,759686
30702729,4,759686
30703941,7,759686
30705153,4,759686
30706365,6,759686
30707577,6,759686
30708789,6,759686
30710001,5,763284
30711214,5,763284
30712426,8,763284
30713639,12,763284
30714850,15,763284
30716063,17,763284
30717274,48,763284
30718487,14,763284
30719699,6,763284
30720911,6,746171
30722124,5,746171
30723335,4,746171
30724548,12,746171
30725760,6,746171
30726972,8,746171
30728185,5,746171
30729396,7,746171
30730608,-1,746171
30731821,8,730496
30733033,3,730496
30734245,5,730496
30735457,4,730496
30736670,3,730496
30737882,7,730496
30739094,7,730496
30740306,16,730496
30747579,3,730496
30748792,5,730496
30750003,7,730496
30751216,4,730496
30752428,3,730496
30753641,8,763027
30754853,5,763027
30756065,8,763027
30757277,7,763027
30758489,7,763027
30759701,15,763027
30760913,4,763027
30762125,7,763027
30763338,-3,763027
30764550,13,770067
30765762,5,770067
30766974,5,770067
30768186,9,770067
30769399,7,770067
30770610,5,770067
30771823,6,770067
30773035,7,770067
30774247,28,770067
30775459,5,755935
30776671,15,766110
30777884,18,766110
30779096,8,766110
30780308,3,766110
30781521,4,766110
30782732,5,766110
30783945,3,766110
30785156,2,766110
30786368,5,766110
30787581,4,766932
30788793,3,766932
30790006,5,766932
30791218,3,766932
30792429,3,766932
30793642,3,766932
30794854,5,766932
30796066,3,766932
30797278,4,766932
30798492,3,767035
30799703,4,767035
30800915,4,767035
30802128,3,767035
30803340,3,767035
30804553,5,767035
30805764,3,767035
30806976,5,767035
30808189,4,767035
30809401,4,764466
30810614,3,764466
30811825,5,764466
30813038,4,764466
30814250,3,764466
30815462,3,764466
30816674,7,764466
30817887,5,764466
30819098,4,764466
30820311,4,766008
30821524,4,766008
30822735,4,766008
30823947,7,766008
30831220,8,766008
30832433,12,766008
30833645,8,766008
30834857,6,766008
30836070,8,766008
30837281,6,766008
30838494,7,766008
30839706,8,766008
30840918,8,765494
30842131,4,765455
30843343,3,768783
30844555,6,768783
30845767,5,768783
30846979,6,768783
30848191,4,768783
30849403,3,768783
30850616,4,768783
30851827,4,768783
30853039,4,768783
30854252,4,768783
30855464,5,768783
30856676,9,768783
30857888,4,768783
30859101,6,768783
30860312,7,768783
30861525,10,768783
30862737,8,764928
30863949,3,764928
30865162,5,764928
30866374,9,764928
30867586,7,764928
30868798,7,764928
30870010,8,764928
30871222,7,764928
30872435,2,764928
30873647,8,764928
30874859,7,766727
30876072,4,766727
30877283,5,766727
30878496,7,766727
30879708,6,766727
30880920,4,766727
30882132,7,766727
30883345,6,766727
30884557,3,766727
30885770,7,767035
30886982,6,767035
30888194,3,767035
30889406,3,767035
30890618,6,767035
30891831,8,767035
30893044,5,767035
30894256,6,767035
30895467,8,767035
30896680,13,764825
30897893,3,764825
30899105,6,764825
30900317,5,764825
30901529,4,764825
30902742,7,764825
30903954,4,764825
30905166,8,764825
30906378,10,764825
30907590,6,764825
30916077,6,764825
30917288,4,764825
30918501,6,767395
30919713,4,767395
30920925,8,767395
30922137,7,767395
30923350,8,767395
30924562,6,767395
30925774,8,767395
30926986,4,767395
30928199,7,767395
30929411,4,768988
30930623,5,768988
30931835,5,768988
30933048,7,768988
30934259,5,768988
30935472,6,768988
30936684,9,768988
30937896,8,768988
30939109,7,768988
30940321,8,767858
30941534,4,767858
30942746,5,767858
30943958,5,767858
30945170,7,767858
30946382,8,767858
30947595,7,767858
30948807,6,767858
30950020,5,767858
30951231,5,771558
30952444,3,771558
30953656,6,771558
30954868,7,771558
30956081,6,771558
30957293,6,771558
30958505,3,771558
30959718,4,771558
30960930,4,771558
30962142,6,766110
30963355,5,769399
30964567,4,769399
30965779,6,769399
30966992,4,769399
30968204,3,769399
30969416,6,769399
30970628,5,769399
30971843,3,769399
30973053,5,769399
30974265,4,759944
30975478,5,759944
30976690,7,759944
30977902,4,759944
30979115,5,759944
30980327,3,759944
30981540,2,759944
30982751,2,759944
30983963,9,759944
30985176,2,775875
30986389,4,775875
30987600,14,775875
30988813,7,775875
30990025,3,775875
30991237,4,775875
30992450,4,775875
31000936,8,775875
31002149,8,775875
31003361,4,775875
31004573,5,775875
31005786,9,774538
31006997,4,774640
31008209,3,774384
31009422,1,774384
31010634,5,774384
31011846,4,774384
31013058,0,774384
31014271,7,774384
31015483,4,774384
31016695,-5,774384
31017907,6,774297
31019120,14,764569
31020332,6,764569
31021545,4,764569
31022757,4,764569
31023969,5,764569
31025181,4,764569
31026394,4,764569
31027606,6,764569
31028818,3,764569
31030030,3,764569
31031243,6,764569
31032455,4,764569
31033668,6,764569
31034880,5,764569
31036093,7,764569
31037305,8,764569
31038517,8,764569
31039729,3,764569
31040942,2,764569
31042154,7,764569
31043366,7,764569
31044578,6,764569
31045790,3,764569
31047003,8,764569
31048216,8,764569
31049427,6,764569
31050641,7,777725
31051853,4,777725
31053065,6,777725
31054277,12,777725
31055489,9,777725
31056702,5,777725
31057914,7,777725
31059127,5,777725
31060339,6,777725
31061551,9,771609
31062763,3,771609
31063975,5,771609
31065188,6,771609
31066400,5,771609
31067613,5,771609
31068825,5,771609
31070037,8,771609
31071249,5,771609
31072461,4,776491
31073674,5,776491
31074886,7,776491
31076098,9,776491
31077311,14,773621
31084584,-1,775669
31085796,5,775669
31087009,5,775669
31088221,3,775669
31089434,3,775669
31090646,3,775669
31091859,3,775669
31093070,5,775669
31094284,0,775669
31095496,3,775669
31096708,5,775669
31097920,7,775669
31099133,5,775669
31100344,4,775669
31101557,5,775669
31102770,6,775669
31103981,9,775669
31105193,8,767241
31106406,3,767241
31107618,6,767241
31108831,5,767241
31110043,7,767241
31111255,8,767241
31112467,6,767241
31113680,9,767241
31114892,4,767241
31116104,6,770941
31117317,3,770941
31118529,6,770941
31119741,5,770941
31120954,5,770941
31122166,6,770941
31123378,7,770941
31124590,6,770941
31125803,6,770941
31127016,5,770890
31128227,5,770890
31129440,5,770890
31130653,7,770890
31131864,7,770890
31133076,8,770890
31134289,8,770890
31135501,8,770890
31136713,3,770890
31137925,5,769502
31139138,4,774076
31140350,4,774076
31141562,4,774076
31142774,3,774076
31143987,6,774076
31145199,4,774076
31146412,3,774076
31147624,5,774076
31148836,5,774076
31150049,4,771609
31151261,2,771609
31152473,3,771609
31153686,3,771609
31154898,4,771609
31156110,5,771609
31157322,3,771609
31158535,4,771609
31159747,2,771609
31160959,6,771609
31168233,3,771609
31169446,8,771609
31170659,6,778033
31171870,5,769451
31173082,5,769451
31174295,6,769451
31175508,4,769451
31176719,5,769451
31177932,5,769451
31179144,5,769451
31180357,5,769451
31181569,4,769451
31182781,3,774847
31183994,4,774847
31185206,3,774847
31186419,2,774847
31187631,4,774847
31188842,4,774847
31190055,1,774847
31191268,4,774847
31192481,5,774847
31193693,3,774906
31194905,4,776954
31196117,4,776954
31197329,3,776954
31198542,4,776954
31199755,4,776954
31200966,5,776954
31202179,5,776954
31203392,4,776954
31204604,4,776715
31205816,3,781579
31207029,4,781579
31208241,4,781579
31209453,3,781579
31210666,5,781579
31211878,6,781579
31213090,4,781579
31214303,4,781579
31215516,3,781579
31216727,2,781579
31217940,7,781579
31219152,8,781579
31220365,6,781579
31221577,7,781579
31222789,7,781579
31224002,8,781579
31225214,5,779061
31226426,4,779061
31227639,3,779061
31228852,6,779061
31230064,7,779061
31231275,6,779061
31232488,6,779061
31233701,4,779061
31234913,8,779061
31236125,7,779061
31237338,4,780243
31238550,3,780243
31239762,7,780243
31240974,7,780243
31242187,7,780243
31243399,9,780243
31244611,9,780243
31253098,6,780243
31254310,5,780243
31255523,5,780243
31256734,5,780243
31257947,6,780243
31259160,7,778496
31260372,5,778496
31261584,6,778496
31262797,7,778496
31264009,8,778496
31265221,7,778496
31266433,6,778496
31267645,6,778496
31268858,6,778496
31270070,4,785125
31271282,5,785125
31272495,3,785125
31273708,5,785125
31274919,5,785125
31276132,5,785125
31277345,6,785125
31278556,11,785125
31279768,6,785125
31280981,5,781271
31282193,3,781271
31283405,6,781271
31284617,7,781271
31285830,10,781271
31287042,5,781271
31288254,7,781271
31289467,8,781271
31290680,12,781271
31291892,4,786256
31293103,4,786256
31294317,8,786256
31295529,8,786256
31296740,6,786256
31297953,5,786256
31299165,7,786256
31300377,9,786256
31301590,7,786256
31302802,7,782299
31304014,6,782299
31305226,7,782299
31306439,7,782299
31307652,6,782299
31308863,5,782299
31310076,3,782299
31311289,6,782299
31312500,7,782299
31313713,3,787438
31314925,4,787438
31316138,6,787438
31317349,9,787438
31318562,6,787438
31319774,5,787438
31320986,6,787438
31322199,8,787438
31323411,7,787438
31324623,6,783532
31325836,3,784251
31327049,5,784251
31328260,4,784251
31329473,5,784251
31337958,5,784251
31339171,4,784251
31340383,8,784251
31341595,7,784251
31342809,6,784251
31344021,6,784251
31345233,6,784251
31346445,6,785176
31347657,4,785176
31348870,3,785176
31350082,5,785176
31351294,-1,785176
31352507,5,785176
31353719,4,785176
31354931,5,785176
31356143,5,785176
31357356,4,785176
31358568,4,726476
31359780,3,792012
31360992,4,792012
31362205,5,792012
31363417,2,792012
31364629,4,792012
31365843,3,792012
31367054,3,792012
31368267,4,792012
31369480,5,786667
31370691,6,786667
31371904,5,786667
31373116,3,786667
31374328,4,786667
31375541,4,786667
31376754,3,786667
31377965,4,786667
31379177,10,786667
31380390,3,786669
31381602,3,787181
31382814,2,787181
31384026,2,787181
31385239,5,787181
31386451,4,787181
31387664,4,787181
31388876,3,787181
31390089,5,787181
31391300,3,786967
31392514,5,784663
31393725,4,784663
31394938,2,784663
31396150,5,784663
31397362,3,784663
31398575,3,784663
31399788,5,784663
31400999,4,784663
31402212,0,784663
31403425,3,784663
31404637,6,784663
31405849,7,784663
31407061,6,784663
31408273,7,784663
31409486,4,784663
31410699,6,784663
31411910,5,790727
31413123,4,790727
31414335,6,790727
31422822,7,790727
31424034,5,788311
31425246,4,788311
31426458,6,788311
31427671,10,788311
31428883,6,788311
31430095,4,788311
31431308,6,788311
31432520,10,788311
31433733,5,788311
31434945,5,793039
31436157,5,793039
31437369,9,793039
31438582,4,793039
31439794,5,793039
31441007,5,793039
31442219,6,793039
31443431,4,793039
31444644,7,793039
31445855,4,789545
31447068,4,789545
31448280,7,789545
31449493,6,789545
31450705,6,789545
31451918,7,789545
31453129,5,789545
31454342,6,789545
31455555,9,789545
31456766,10,791703
31457979,7,791703
31459192,6,791703
31460404,6,791703
31461616,7,791703
31462828,7,791703
31464041,6,791703
31465252,6,791703
31466465,8,791703
31467678,12,789647
31468890,4,789647
31470102,7,789647
31471314,7,789647
31472526,6,789647
31473739,4,789647
31474951,6,789647
31476164,4,789647
31477375,10,789647
31478588,5,793810
31479801,4,793810
31481013,6,793810
31482225,4,793810
31483437,4,793810
31484650,7,793810
31485862,10,793810
31487074,6,793810
31488286,8,793810
31489498,6,790470
31490711,4,790470
31491923,6,790470
31493136,7,790470
31494348,5,790470
31495560,9,790470
31496773,5,790470
31497985,8,790470
31499197,5,790470
31506472,14,790470
31507685,10,790470
31508896,7,790470
31510109,3,790470
31511321,6,790007
31512534,3,791960
31513746,5,791960
31514958,4,791960
31516171,3,791960
31517383,4,791960
31518595,4,791960
31519807,5,791960
31521020,4,791960
31522232,3,791960
31523444,3,794427
31524656,1,794427
31525869,3,794427
31527081,3,794427
31528294,5,794427
31529506,3,794427
31530718,5,794427
31531930,3,794427
31533142,4,794427
31534355,4,792525
31535567,3,792525
31536780,0,792525
31537992,4,792525
31539204,4,792525
31540416,3,792525
31541628,3,792525
31542843,4,792525
31544053,5,792525
31545265,4,796842
31546478,6,796842
31547690,5,796842
31548902,6,796842
31550115,4,796842
31551327,4,796842
31552539,4,796842
31553751,4,796842
31554963,4,796842
31556176,9,796842
31557388,5,796842
31558600,4,796842
31559813,4,796842
31561026,2,796842
31562237,4,796842
31563450,4,796842
31564662,5,796842
31565875,3,796842
31567088,4,796730
31568299,4,794170
31569513,5,794170
31570724,3,794170
31571936,2,794170
31573149,5,794170
31574361,3,794170
31575574,3,794170
31576786,4,794170
31577998,3,794223
31579211,4,794735
31580423,2,794735
31581635,3,794735
31582848,7,794735
31590124,7,794735
31591335,2,794735
31592546,8,794735
31593759,6,794735
31594972,5,794735
31596183,8,794735
31597396,5,794735
31598608,6,795352
31599820,3,795352
31601033,4,795352
31602245,8,795352
31603457,8,795352
31604670,4,795352
31605882,7,795352
31607094,8,795352
31608306,6,795352
31609519,7,795352
31610731,3,791292
31611943,0,791292
31613156,4,791292
31614368,9,791292
31615580,5,791292
31616793,5,791292
31618005,5,791292
31619218,4,791292
31620430,8,791292
31621643,8,795866
31622854,5,795866
31624068,3,795866
31625280,5,795866
31626492,5,795866
31627705,4,795866
31628916,7,795866
31630129,8,795866
31631342,6,795866
31632554,8,793296
31633766,3,793296
31634978,5,793296
31636191,6,793296
31637403,6,793296
31638616,9,793296
31639828,6,793296
31641041,5,793296
31642253,6,793296
31643465,10,794375
31644677,7,794375
31645890,9,794375
31647102,6,794375
31648315,5,794375
31649527,7,794375
31650739,5,794375
31651952,8,794375
31653165,5,794375
31654377,9,794992
31655590,2,794992
31656802,6,794992
31658014,7,794992
31659227,5,794992
31660438,7,794992
31661652,8,794992
31662863,8,794992
31664075,8,794992
31665288,7,791652
31666500,5,791652
31674986,5,791652
31676199,5,795506
31677411,3,795506
31678623,7,795506
31679836,8,795506
31681049,4,795506
31682261,5,795506
31683473,7,795506
31684685,7,795506
31685897,6,795506
31687110,6,793656
31688322,3,793656
31689535,4,793656
31690746,8,793656
31691959,10,793656
31693172,9,793656
31694383,10,793656
31695596,8,793656
31696809,7,793656
31698020,7,797510
31699233,5,793656
31700445,4,793656
31701658,3,793656
31702870,3,793656
31704082,3,793656
31705295,2,793656
31706507,5,793656
31707719,4,793656
31708932,3,793656
31710144,5,795917
31711356,2,795917
31712568,5,795917
31713780,4,795917
31714993,5,795917
31716205,6,795917
31717417,4,795917
31718629,5,795917
31719843,4,795917
31721054,3,793913
31722266,3,793913
31723480,5,793913
31724691,5,793913
31725904,3,793913
31727116,4,793913
31728328,4,793913
31729541,4,793913
31730754,3,793913
31731966,5,789185
31733178,7,789185
31734390,4,789185
31735602,3,789185
31736815,4,789185
31738027,-2,789185
31739239,5,789185
31740451,4,789185
31741664,3,789185
31742877,3,789008
31744088,4,796688
31745301,5,796688
31746514,2,796688
31747725,3,796688
31748938,5,796688
31750151,3,796688
31751363,5,796688
31759849,4,796688
31761062,5,796688
31762274,7,796688
31763486,8,795146
31764698,5,795239
31765911,4,792423
31767123,4,792423
31768335,3,792423
31769548,1,792423
31770760,4,792423
31771972,4,792423
31773185,3,792423
31774397,2,792423
31775609,4,792423
31776822,4,792423
31778034,6,792423
31779247,6,792423
31780459,3,792423
31781672,10,792423
31782884,7,792423
31784096,4,792423
31785309,7,792423
31786521,6,795557
31787733,3,795557
31788946,5,795557
31790158,6,795557
31791370,9,795557
31792584,5,795557
31793795,7,795557
31795007,7,795557
31796220,5,795557
31797433,4,797305
31798645,4,797305
31799857,6,797305
31801070,9,797305
31802282,5,797305
31803494,5,797305
31804707,8,797305
31805919,5,797305
31807132,8,797305
31808343,4,796277
31809556,6,796277
31810768,7,796277
31811980,8,796277
31813193,5,796277
31814405,5,796277
31815617,7,796277
31816830,7,796277
31818042,4,796277
31819254,6,797408
31820467,4,797408
31821680,10,797408
31822892,6,797408
31824104,6,797408
31825316,5,797408
31826529,7,797408
31827740,4,797408
31828952,4,797408
31830165,6,790881
31831377,7,790881
31832589,4,790881
31833802,5,790881
31835014,6,790881
31836226,7,790881
31843500,10,790881
31844713,9,790881
31845925,7,790881
31847137,4,790881
31848349,6,790881
31849561,7,790881
31850774,5,790881
31851986,9,790573
31853198,4,790573
31854410,5,790573
31855623,10,790573
31856835,7,790573
31858047,8,790573
31859260,6,790573
31860472,4,790573
31861685,9,790573
31862897,5,797202
31864109,3,797202
31865322,5,797202
31866534,5,797202
31867746,4,797202
31868958,4,797202
31870170,5,797202
31871383,10,797202
31872595,7,797202
31873807,3,795506
31875020,0,794633
31876232,3,794633
31877444,4,794633
31878657,4,794633
31879869,4,794633
31881082,5,794633
31882293,3,794633
31883506,2,794633
31884718,4,794633
31885930,3,792577
31887143,3,792577
31888355,3,792577
31889568,5,792577
31890780,3,792577
31891992,3,792577
31893204,5,792577
31894417,3,792577
31895629,3,792577
31896843,3,794838
31898053,3,794838
31899265,0,794838
31900478,5,794838
31901690,5,794838
31902903,3,794838
31904115,7,794838
31905327,3,794838
31906539,3,794838
31907752,4,794324
31908965,3,794324
31910176,7,794324
31911388,4,794324
31912601,4,794324
31913813,2,794324
31915026,3,794324
31916238,4,794324
31917451,3,794324
31918663,5,793862
31919875,2,793862
31927149,9,793862
31928361,6,793862
31929573,7,794170
31930786,17,794170
31931998,4,794170
31933211,3,794170
31934422,3,794170
31935635,3,794170
31936848,3,794170
31938060,4,794170
31939272,3,794170
31940485,3,794116
31941697,3,793348
31942909,3,793348
31944121,5,793348
31945333,3,793348
31946547,3,793348
31947758,4,793348
31948971,5,793348
31950183,5,793348
31951395,4,793348
31952608,5,793348
31953821,4,793348
31955032,6,793348
31956245,5,793348
31957457,10,793348
31958670,7,793348
31959882,6,793348
31961095,5,793348
31962307,3,793348
31963519,4,793348
31964732,7,793348
31965945,7,793348
31967157,8,793348
31968369,10,793348
31969581,3,793348
31970794,5,793348
31972006,9,793348
31973219,6,791909
31974431,3,791909
31975644,7,791909
31976857,6,791909
31978068,6,791909
31979281,7,791909
31980493,6,791909
31981706,4,791909
31982918,4,791909
31984130,6,795301
31985343,4,795301
31986556,6,795301
31987768,7,795301
31988980,9,795301
31990193,5,795301
31991405,4,795301
31992617,6,795301
31993830,8,795301
31995042,6,789802
31996255,4,789802
31997467,7,789802
31998680,10,789802
31999891,4,789802
32001104,7,789802
32002317,8,789802
32003529,6,789802
32012016,4,789802
32013229,5,789802
32014441,5,789802
32015654,6,789802
32016866,9,791754
32018078,4,791754
32019290,8,791754
32020503,9,791754
32021715,4,791754
32022927,5,791754
32024140,8,791754
32025353,5,791754
32026565,7,791754
32027778,8,795198
32028990,4,795198
32030203,7,795198
32031414,5,795198
32032627,7,795198
32033840,6,795198
32035051,5,795198
32036264,9,795198
32037476,5,795198
32038689,6,794427
32039901,4,794427
32041114,5,794427
32042326,4,794427
32043539,8,794427
32044750,7,794427
32045963,5,794427
32047176,7,794427
32048388,8,794427
32049600,7,793862
32050812,3,793862
32052025,3,793862
32053238,7,793862
32054450,3,793862
32055663,8,793862
32056874,5,793862
32058087,5,793862
32059300,7,793862
32060512,9,793142
32061724,4,796020
32062936,2,796020
32064148,2,796020
32065361,3,796020
32066573,4,796020
32067786,6,796020
32068998,5,796020
32070210,4,796020
32071423,3,796020
32072635,6,793656
32073848,4,793656
32075059,4,793656
32076272,4,793656
32077485,5,793656
32078696,0,793656
32079909,4,793656
32081121,5,793656
32082333,4,793656
32083547,4,791138
32084758,0,791138
32085971,3,791138
32087183,4,791138
32088396,6,791138
32096882,4,791138
32098094,4,791138
32099306,7,791138
32100519,8,791138
32101731,7,791138
32102943,6,791138
32104156,8,795455
32105368,5,795506
32106581,4,795506
32107793,4,795506
32109005,3,795506
32110217,4,795506
32111429,3,795506
32112642,3,795506
32113855,4,795506
32115066,4,795506
32116279,5,795553
32117491,5,794273
32118703,4,794273
32119915,4,794273
32121128,4,794273
32122341,5,794273
32123553,3,794273
32124765,4,794273
32125977,6,794273
32127190,7,794162
32128402,2,792114
32129615,4,792114
32130827,4,792114
32132039,6,792114
32133251,4,792114
32134464,4,792114
32135676,6,792114
32136889,5,792114
32138101,4,792114
32139313,5,792114
32140525,6,792114
32141737,4,792114
32142950,5,792114
32144163,7,792114
32145374,12,792114
32146586,10,792114
32147799,7,795455
32149011,3,795455
32150223,4,795455
32151436,5,795455
32152648,9,795455
32153860,6,795455
32155073,5,795455
32156286,7,795455
32157497,8,795455
32158710,8,795455
32159922,5,791806
32161135,4,791806
32162347,7,791806
32163559,8,791806
32164771,5,791806
32165984,8,791806
32167197,9,791806
32168408,7,791806
32169621,5,791806
32170834,9,795609
32172046,4,795609
32173258,6,795609
32180532,3,795609
32181744,8,791498
32182957,5,791498
32184169,4,791498
32185381,7,791498
32186593,6,791498
32187806,7,791498
32189018,6,791498
32190230,6,791498
32191443,5,791498
32192655,5,794016
32193867,5,794016
32195079,9,794016
32196291,8,794016
32197504,6,794016
32198717,3,794016
32199929,7,794016
32201141,8,794016
32202353,5,794016
32203565,8,791909
32204778,3,791909
32205990,4,791909
32207202,5,791909
32208414,3,791909
32209627,8,791909
32210840,8,791909
32212051,6,791909
32213263,6,791909
32214476,9,791138
32215688,6,791138
32216901,5,791138
32218113,5,791138
32219325,6,791138
32220537,8,791138
32221750,5,791138
32222962,5,791138
32224174,7,791138
32225387,6,792782
32226599,5,792782
32227811,5,792782
32229023,8,792782
32230236,7,792782
32231448,7,792782
32232660,5,792782
32233873,6,792782
32235086,5,792782
32236298,5,791241
32237510,6,791241
32238723,6,791241
32239934,8,791241
32241147,7,791241
32242359,7,791241
32243572,8,791241
32244784,8,791241
32245996,4,791241
32247208,7,794684
32248420,3,787541
32249633,4,787541
32250845,3,787541
32252057,2,787541
32253270,3,787541
32254482,6,787541
32255694,4,787541
32256907,3,787541
32264183,13,787541
32265393,8,787541
32266605,7,787541
32267818,6,787541
32269030,5,793862
32270242,0,793862
32271455,3,793862
32272667,3,793862
32273880,4,793862
32275091,5,793862
32276303,5,793862
32277517,3,793862
32278728,2,793862
32279940,4,793862
32281153,5,794119
32282365,4,794119
32283578,3,794119
32284790,3,794119
32286002,4,794119
32287215,3,794119
32288427,4,794119
32289639,7,794119
32290851,6,794119
32292064,4,789853
32293277,3,789853
32294489,3,789853
32295701,4,789853
32296914,3,789853
32298126,4,789853
32299338,4,789853
32300550,4,789853
32301763,5,789853
32302976,6,789955
32304187,5,789699
32305400,3,789699
32306613,4,789699
32307825,1,789699
32309037,4,789699
32310250,4,789699
32311461,3,789699
32312674,7,789699
32313886,5,789739
32315099,3,786667
32316311,3,786667
32317524,3,786667
32318735,5,786667
32319948,4,786667
32321160,4,786667
32322373,6,786667
32323586,1,786667
32324797,4,786667
32326010,2,786667
32327222,6,786667
32328434,6,786667
32329647,9,786667
32330859,5,786667
32332071,7,786667
32333284,7,786667
32334496,7,791189
32335709,5,791189
32336921,3,791189
32338133,7,791189
32339345,5,791189
32340557,6,791189
32349044,4,791189
32350257,5,791189
32351468,5,791189
32352681,11,791189
32353893,8,791189
32355105,6,791189
32356318,4,791189
32357530,6,791189
32358743,4,791189
32359955,6,791189
32361168,7,791189
32362380,7,791189
32363592,4,791189
32364804,6,791189
32366017,5,791189
32367230,8,791189
32368442,6,787746
32369654,5,787746
32370866,3,787746
32372079,7,787746
32373291,6,787746
32374504,8,787746
32375716,4,787746
32376929,7,787746
32378141,7,787746
32379353,6,787900
32380565,4,787900
32381779,6,787900
32382990,8,787900
32384203,5,787900
32385415,3,787900
32386627,3,787900
32387839,6,787900
32389053,6,787900
32390264,7,791241
32391477,4,791241
32392690,6,791241
32393902,4,791241
32395114,6,791241
32396326,7,791241
32397539,7,791241
32398750,5,791241
32399963,7,791241
32401176,5,789750
32402388,2,789750
32403600,6,789750
32404812,5,789750
32406025,5,789750
32407237,7,789750
32408449,4,789750
32409662,7,789750
32410874,6,789750
32412086,5,792320
32413298,5,792320
32414512,6,792320
32415723,6,792320
32416935,7,792320
32418148,8,792320
32419360,5,792320
32420572,5,792320
32421785,5,792320
32422997,4,786564
32424209,4,786564
32425422,9,786564
32432696,4,786564
32433908,6,791395
32435120,3,787797
32436332,3,787797
32437545,3,787797
32438757,2,787797
32439970,3,787797
32441182,4,787797
32442395,2,787797
32443606,5,787797
32444819,5,787797
32446032,5,786975
32447243,4,786975
32448456,4,786975
32449669,5,786975
32450881,4,786975
32452093,3,786975
32453306,5,786975
32454518,4,786975
32455731,4,786975
32456942,4,850815
32458155,5,785279
32459367,5,785279
32460579,7,785279
32461791,3,785279
32463005,4,785279
32464217,4,785279
32465429,2,785279
32466641,4,785279
32467854,4,725037
32469066,6,790573
32470278,3,790573
32471490,4,790573
32472703,4,790573
32473915,7,790573
32475128,4,790573
32476340,6,790573
32477552,2,790573
32478764,5,790573
32479977,5,790573
32481189,5,790573
32482402,4,790573
32483614,2,790573
32484826,3,790573
32486039,-1,790573
32487251,4,790573
32488464,5,790573
32489676,6,790550
32490889,6,784406
32492100,3,784406
32493313,5,784406
32494526,0,784406
32495737,6,784406
32496950,2,784406
32498162,4,784406
32499375,6,784406
32500587,3,784624
32501800,4,787952
32503012,4,787952
32504224,3,787952
32505437,4,787952
32506649,4,787952
32507861,4,787952
32509073,4,787952
32517560,2,787952
32518772,8,787952
32519985,5,787952
32521197,7,787438
32522409,4,787438
32523621,4,787438
32524834,5,787438
32526046,7,787438
32527258,9,787438
32528471,3,787438
32529683,10,787438
32530895,4,787438
32532107,6,787438
32533319,7,788157
32534532,4,788157
32535744,6,788157
32536956,8,788157
32538169,5,788157
32539382,4,788157
32540593,6,788157
32541805,7,788157
32543017,5,788157
32544230,6,785690
32545442,3,785690
32546655,7,785690
32547866,7,785690
32549079,4,785690
32550291,7,785690
32551504,8,785690
32552716,5,785690
32553928,8,785690
32555140,8,786410
32556353,3,786410
32557565,7,786410
32558777,7,786410
32559989,7,786410
32561202,6,786410
32562414,5,786410
32563626,8,786410
32564839,8,786410
32566051,7,787232
32567263,4,787232
32568476,8,787232
32569688,7,787232
32570901,7,787232
32572113,8,787232
32573324,5,787232
32574537,8,787232
32575749,3,787232
32576962,5,790624
32578174,6,790624
32579386,4,790624
32580598,5,790624
32581811,9,790624
32583023,7,790624
32584235,5,790624
32585448,7,790624
32586660,7,790624
32587872,4,787386
32589084,4,787386
32590297,6,787386
32591509,6,787386
32592722,5,787386
32593933,7,787386
32601207,10,787386
32602419,6,787386
32603632,8,787386
32604844,8,787386
32606056,5,787386
32607269,5,787386
32608481,7,787386
32609694,6,787438
32610906,5,787438
32612118,6,787438
32613331,7,787438
32614543,7,787438
32615755,4,787438
32616967,7,787438
32618180,7,787438
32619392,6,787438
32620605,7,788465
32621816,3,787078
32623029,4,787078
32624241,4,787078
32625453,4,787078
32626666,3,787078
32627879,3,787078
32629090,2,787078
32630303,3,787078
32631516,3,787078
32632727,3,791344
32633940,5,791344
32635152,5,791344
32636364,4,791344
32637577,5,791344
32638789,3,791344
32640002,6,791344
32641214,4,791344
32642426,4,791344
32643639,3,789750
32644851,3,789750
32646063,4,789750
32647275,4,789750
32648488,3,789750
32649700,3,789750
32650913,5,789750
32652126,2,789750
32653337,3,789750
32654550,4,787541
32655762,4,787541
32656974,6,787541
32658187,3,787541
32659399,3,787541
32660611,3,787541
32661824,3,787541
32663036,4,787541
32664248,6,787541
32665460,3,787492
32666673,7,788260
32667885,3,788260
32669097,4,788260
32670310,4,788260
32671522,2,788260
32672734,0,788260
32673947,4,788260
32675159,4,788260
32676372,8,788459
32677584,5,786667
32686071,2,786667
32687284,5,786667
32688496,4,786667
32689708,6,786667
32690920,6,786667
32692133,4,786667
32693345,4,786667
32694557,7,786667
32695769,5,786667
32696982,9,786667
32698194,6,786667
32699406,2,786667
32700618,4,786667
32701831,2,786667
32703043,7,786667
32704255,8,786667
32705468,6,786667
32706680,10,786667
32707893,7,786667
32709105,6,787129
32710317,5,787129
32711529,7,787129
32712742,6,787129
32713954,7,787129
32715167,5,787129
32716378,9,787129
32717591,5,787129
32718804,6,787129
32720015,7,787335
32721228,4,787335
32722441,4,787335
32723653,5,787335
32724865,8,787335
32726077,8,787335
32727290,9,787335
32728502,6,787335
32729715,4,787335
32730926,9,786358
32732139,4,786358
32733352,8,786358
32734564,8,786358
32735775,8,786358
32736989,6,786358
32738201,6,786358
32739413,6,786358
32740625,7,786358
32741838,8,788774
32743049,3,788774
32744262,6,788774
32745475,6,788774
32746687,6,788774
32747899,7,788774
32749111,6,788774
32750324,6,788774
32751536,3,788774
32752748,9,787643
32753960,5,787643
32755172,6,787643
32756385,9,787643
32757597,7,787643
32758810,5,787643
32760022,4,787643
32761234,5,787643
32762446,5,787643
32769720,3,787643
32770933,7,787643
32772145,6,787643
32773357,9,787643
32774569,6,786770
32775782,4,786770
32776994,5,786770
32778207,7,786770
32779418,5,786770
32780631,4,786770
32781843,8,786770
32783055,5,786770
32784268,6,786770
32785480,9,785844
32786692,5,785844
32787905,7,785844
32789118,7,785844
32790330,6,785844
32791542,7,785844
32792754,6,785844
32793966,8,785844
32795180,7,785844
32796392,7,785793
32797603,4,790213
32798816,4,790213
32800029,4,790213
32801241,5,790213
32802454,3,790213
32803666,2,790213
32804878,4,790213
32806090,3,790213
32807303,4,790213
32808516,4,784508
32809727,5,784508
32810939,7,784508
32812152,4,784508
32813365,6,784508
32814576,4,784508
32815788,4,784508
32817001,3,784508
32818213,2,784508
32819426,2,785434
32820638,4,785434
32821850,5,785434
32823063,6,785434
32824275,5,785434
32825487,5,785434
32826700,4,785434
32827912,3,785434
32829124,1,785434
32830337,2,723597
32831549,2,789133
32832761,5,789133
32833974,7,789133
32835186,5,789133
32836398,3,789133
32837611,5,789133
32838823,2,789133
32840035,1,789133
32841248,4,788209
32842460,4,788209
32843672,4,788209
32844885,4,788209
32846097,9,788209
32854583,3,788209
32855795,6,788209
32857009,5,788209
32858221,5,788209
32859433,4,788209
32860646,7,788209
32861858,7,787181
32863070,7,787126
32864282,6,786102
32865495,4,786102
32866707,4,786102
32867920,5,786102
32869132,5,786102
32870344,6,786102
32871557,4,786102
32872769,2,786102
32873981,6,786102
32875194,3,786102
32876407,5,786102
32877619,7,786102
32878832,6,786102
32880044,5,786102
32881256,7,786102
32882469,5,786102
32883681,11,790573
32884893,4,790573
32886106,6,790573
32887318,5,790573
32888531,6,790573
32889743,6,790573
32890955,7,790573
32892167,7,790573
32893380,7,790573
32894592,2,790573
32895804,7,786975
32897017,3,786975
32898229,5,786975
32899441,5,786975
32900653,2,786975
32901866,9,786975
32903078,7,786975
32904290,8,786975
32905503,5,786975
32906716,6,787489
32907928,3,787489
32909140,6,787489
32910352,7,787489
32911565,6,787489
32912777,10,787489
32913990,7,787489
32915202,4,787489
32916415,4,787489
32917627,5,784508
32918839,5,784508
32920052,7,784508
32921264,6,784508
32922476,7,784508
32923689,3,784508
32924901,5,784508
32926113,5,784508
32927326,7,784508
32928538,6,784971
32929750,3,784971
32930962,8,784971
32938236,4,784971
32939449,4,788260
32940662,4,788260
32941873,4,788260
32943086,4,788260
32944298,8,788260
32945510,6,788260
32946723,4,788260
32947935,5,788260
32949148,4,788260
32950359,7,783635
32951572,2,783635
32952785,7,783635
32953997,6,783635
32955209,6,783635
32956421,5,783635
32957633,8,783635
32958845,7,783635
32960058,5,783635
32961270,5,787695
32962483,5,787695
32963695,7,787695
32964907,6,787695
32966119,5,787695
32967331,5,787695
32968544,5,787695
32969757,5,787695
32970968,6,787695
32972181,7,785022
32973393,2,785022
32974605,5,785022
32975818,7,785022
32977030,6,785022
32978242,5,785022
32979455,4,785022
32980667,5,785022
32981880,6,785022
32983092,7,787643
32984304,3,785588
32985517,4,785588
32986728,5,785588
32987941,3,785588
32989153,3,785588
32990366,2,785588
32991578,3,785588
32992790,0,785588
32994002,2,785588
32995215,4,788723
32996428,3,788723
32997639,4,788723
32998851,3,788723
33000064,2,788723
33001277,5,788723
33002489,4,788723
33003701,4,788723
33004913,3,788723
33006126,4,788723
33007338,3,788723
33008550,4,788723
33009762,5,788723
33010975,6,788723
33012187,4,788723
33013399,4,788723
33014612,10,788723
33023098,7,788723
33024310,4,788723
33025522,8,788723
33026735,3,789904
33027947,3,850661
33029159,4,785125
33030371,9,785125
33031583,2,785125
33032796,4,785125
33034008,5,785125
33035220,5,785125
33036433,2,785125
33037645,4,785125
33038857,4,785091
33040069,4,789699
33041281,5,789699
33042494,4,789699
33043706,4,789699
33044918,4,789699
33046131,3,789699
33047343,4,789699
33048555,5,789699
33049768,3,789623
33050980,6,783223
33052192,3,783223
33053405,3,783223
33054617,2,783223
33055829,4,783223
33057041,5,783223
33058253,3,783223
33059465,3,783223
33060678,6,783223
33061890,5,783223
33063102,7,783223
33064314,7,783223
33065526,8,783223
33066739,6,783223
33067950,9,783223
33069163,6,783223
33070375,10,785639
33071588,5,785639
33072800,3,785639
33074011,5,785639
33075224,5,785639
33076436,9,785639
33077648,7,785639
33078861,8,785639
33080073,5,785639
33081285,5,785639
33082497,6,788055
33083710,3,788055
33084922,5,788055
33086134,7,788055
33087346,6,788055
33088558,4,788055
33089771,8,788055
33090984,10,788055
33092195,11,788055
33093408,8,787797
33094620,4,787797
33095832,4,787797
33097045,4,787797
33098257,6,787797
33099469,6,787797
33106743,7,787797
33107955,6,787797
33109168,6,787797
33110380,8,787797
33111592,4,787797
33112804,10,787797
33114017,4,787797
33115229,8,785742
33116441,4,785742
33117653,6,785742
33118865,7,785742
33120078,7,785742
33121289,7,785742
33122501,6,785742
33123714,5,785742
33124926,6,785742
33126138,5,787386
33127350,4,787386
33128562,5,787386
33129775,6,787386
33130988,7,787386
33132199,6,787386
33133412,4,787386
33134625,8,787386
33135836,5,787386
33137049,5,787695
33138261,4,787695
33139473,6,787695
33140685,6,787695
33141898,7,787695
33143110,9,787695
33144322,6,787695
33145534,4,787695
33146746,5,787695
33147958,7,787026
33149171,4,787026
33150383,9,787026
33151595,6,787026
33152807,4,787026
33154019,3,787026
33155233,4,787026
33156444,7,787026
33157656,8,787026
33158868,7,786564
33160081,4,786564
33161293,6,786564
33162505,7,786564
33163717,5,786564
33164930,8,786564
33166142,7,786564
33167354,6,786564
33168567,6,786564
33169779,6,789236
33170992,4,790778
33172203,2,790778
33173415,4,790778
33174628,4,790778
33175839,5,790778
33177053,5,790778
33178264,4,790778
33179476,5,790778
33180689,3,790778
33181901,3,785279
33183113,5,785279
33191599,4,785279
33192811,2,724009
33194023,3,789545
33195235,4,789545
33196448,5,789545
33197660,3,789545
33198873,2,789545
33200084,5,789545
33201297,4,789545
33202509,3,789545
33203721,3,850456
33204934,3,784920
33206146,5,784920
33207359,4,784920
33208571,3,784920
33209782,4,784920
33210995,3,784920
33212207,3,784920
33213420,3,784920
33214632,5,784920
33215844,2,784920
33217057,4,784920
33218268,4,784920
33219481,5,784920
33220693,4,784920
33221905,5,784920
33223117,6,784920
33224330,3,784920
33225542,4,785084
33226754,3,787900
33227966,4,787900
33229179,7,787900
33230391,4,787900
33231603,4,787900
33232816,4,787900
33234028,3,787900
33235240,5,787900
33236453,4,787747
33237664,4,788003
33238877,4,788003
33240089,5,788003
33241302,4,788003
33242514,5,788003
33243726,3,788003
33244938,5,788003
33246151,4,788003
33247363,5,788003
33248575,4,788003
33249787,10,788003
33250999,6,788003
33252212,5,788003
33253424,4,788003
33254636,7,788003
33255849,6,788003
33257061,6,788003
33258273,10,783583
33259486,6,783583
33260698,7,783583
33261910,5,783583
33263122,9,783583
33264334,5,783583
33265546,5,783583
33266759,6,783583
33267971,6,783583
33275244,2,783583
33276457,2,783583
33277669,6,783583
33278881,7,783583
33280094,4,786410
33281305,4,786410
33282517,7,786410
33283729,3,786410
33284942,5,786410
33286154,9,786410
33287367,8,786410
33288579,5,786410
33289790,6,786410
33291003,6,785485
33292215,5,785485
33293428,5,785485
33294640,5,785485
33295852,4,785485
33297064,4,785485
33298277,5,785485
33299489,8,785485
33300702,4,785485
33301914,7,787592
33303125,6,787592
33304338,8,787592
33305551,7,787592
33306762,7,787592
33307974,7,787592
33309187,7,787592
33310400,7,787592
33311611,9,787592
33312824,6,789493
33314036,4,789493
33315249,8,789493
33316461,7,789493
33317673,11,789493
33318885,7,789493
33320097,7,789493
33321309,5,789493
33322521,6,789493
33323734,5,788928
33324946,3,788928
33326158,5,788928
33327370,9,788928
33328583,7,788928
33329795,5,788928
33331007,4,788928
33332220,7,788928
33333432,5,788928
33334645,6,788568
33335857,3,788568
33337069,5,788568
33338282,8,788568
33339494,7,788568
33340706,4,788568
33341918,9,788568
33343130,7,788568
33344343,5,788568
33345556,10,787541
33346767,4,789699
33347980,7,789699
33349192,4,789699
33350405,5,789699
33351617,11,789699
33360102,6,789699
33361314,6,789699
33362527,6,789699
33363739,5,789699
33364952,7,789699
33366163,7,789699
33367376,8,791086
33368588,2,787746
33369800,2,787746
33371013,2,787746
33372225,3,787746
33373437,3,787746
33374650,4,787746
33375862,5,787746
33377074,4,787746
33378286,6,787746
33379498,2,789082
33380710,4,789082
33381923,5,789082
33383135,5,789082
33384347,3,789082
33385559,4,789082
33386772,4,789082
33387985,6,789082
33389197,4,789082
33390409,2,792577
33391622,4,792577
33392834,5,792577
33394046,3,792577
33395258,2,792577
33396471,3,792577
33397683,7,792577
33398895,5,792577
33400108,3,792577
33401320,6,792605
33402533,4,786461
33403744,4,786461
33404957,1,786461
33406169,2,786461
33407382,6,786461
33408593,2,786461
33409806,5,786461
33411018,1,786461
33412231,3,786462
33413442,2,786718
33414655,3,786718
33415867,7,786718
33417079,2,786718
33418291,3,786718
33419504,4,786718
33420716,3,786718
33421928,6,786718
33423140,5,786718
33424352,2,786718
33425565,5,786718
33426777,9,786718
33427989,8,786718
33429202,6,786718
33430414,6,786718
33431626,4,786718
33432839,7,788414
33434051,5,788414
33435263,3,788414
33436475,5,788414
33443748,5,788414
33444961,6,786770
33446174,3,786770
33447386,5,786770
33448598,10,786770
33449810,7,786770
33451022,6,786770
33452234,7,786770
33453447,5,786770
33454659,4,786770
33455871,6,788209
33457083,3,788209
33458296,8,788209
33459508,7,788209
33460720,5,788209
33461932,7,788209
33463145,5,788209
33464357,5,788209
33465569,6,788209
33466782,8,786358
33467994,4,786358
33469206,8,786358
33470418,6,786358
33471631,6,786358
33472842,7,786358
33474056,8,786358
33475267,7,786358
33476480,6,786358
33477692,6,788106
33478905,5,788106
33480117,5,788106
33481329,4,788106
33482542,6,788106
33483754,6,788106
33484966,6,788106
33486178,6,788106
33487391,6,788106
33488603,7,788106
33489815,4,788106
33491028,6,788106
33492239,4,788106
33493452,6,788106
33494664,6,788106
33495876,7,788106
33497088,4,788106
33498301,10,788106
33499513,8,792114
33500726,4,792114
33501938,10,792114
33503150,7,792114
33504362,7,792114
33505574,8,792114
33506787,5,792114
33507999,5,792114
33509212,4,792114
33510423,7,784868
33511636,3,784868
33512848,8,784868
33514060,8,784868
33515273,7,784868
33516485,7,784868
33517698,4,784868
33518910,6,784868
33520121,7,784868
33527395,8,784868
33528608,7,784868
33529820,7,784868
33531032,5,784868
33532244,7,786358
33533456,3,789082
33534668,4,789082
33535881,5,789082
33537093,6,789082
33538306,4,789082
33539518,4,789082
33540729,3,789082
33541942,3,789082
33543155,4,789082
33544367,5,786770
33545579,5,786770
33546792,2,786770
33548003,3,786770
33549215,5,786770
33550428,3,786770
33551640,2,786770
33552853,5,786770
33554064,4,786770
33555277,4,786770
33556489,2,786770
33557701,4,786770
33558914,6,786770
33560126,3,786770
33561338,3,786770
33562550,3,786770
33563762,4,786770
33564975,3,786770
33566187,3,787695
33567400,3,787695
33568611,3,787695
33569824,4,787695
33571036,3,787695
33572248,3,787695
33573461,5,787695
33574673,6,787695
33575886,3,787695
33577098,2,789802
33578310,4,789802
33579522,3,789802
33580734,0,789802
33581947,4,789802
33583159,3,789802
33584372,6,789802
33585584,3,789802
33586796,3,789802
33588008,5,789958
33589221,2,790470
33590433,2,790470
33591645,4,790470
33592858,5,790470
33594070,3,790470
33595282,4,790470
33596495,3,790470
33597707,3,790470
33598919,6,790518
33600132,5,789750
33601344,4,789750
33602557,3,789750
33603769,5,789750
33611119,7,789750
33612255,7,789750
33613467,4,789750
33614680,9,789750
33615891,7,789750
33617104,9,789750
33618317,8,789750
33619529,4,787643
33620742,6,787643
33621953,4,787643
33623166,7,787643
33624378,8,787643
33625590,8,787643
33626803,6,787643
33628015,7,787643
33629227,5,787643
33630440,6,787643
33631652,9,787643
33632865,3,787643
33634077,4,787643
33635289,3,787643
33636502,5,787643
33637714,3,787643
33638926,5,787643
33640138,7,787643
33641352,7,787643
33642564,5,788825
33643775,4,788825
33644988,7,788825
33646200,6,788825
33647412,4,788825
33648625,7,788825
33649837,7,788825
33651050,6,788825
33652262,5,788825
33653473,7,785999
33654686,3,785999
33655898,7,785999
33657111,6,785999
33658323,7,785999
33659535,6,785999
33660748,5,785999
33661960,7,785999
33663172,5,785999
33664385,8,789442
33665597,0,789442
33666810,5,789442
33668021,7,789442
33669234,8,789442
33670447,5,789442
33671659,6,789442
33672870,7,789442
33674083,9,789442
33675296,7,787797
33676508,4,787797
33677720,2,787797
33678933,8,787797
33680145,7,787797
33681357,6,787797
33682569,7,787797
33683782,6,787797
33684994,6,787797
33686206,4,786872
33687419,6,786872
33695905,3,786872
33697117,6,786564
33698330,6,786564
33699542,6,786564
33700754,5,786564
33701967,7,786564
33703179,5,786564
33704391,3,786564
33705604,5,786564
33706817,4,786564
33708028,4,785896
33709240,2,785896
33710453,7,785896
33711665,6,785896
33712878,3,785896
33714090,7,785896
33715302,7,785896
33716515,8,785896
33717726,6,785896
33718939,7,788877
33720151,4,785228
33721363,1,785228
33722575,3,785228
33723787,2,785228
33725000,3,785228
33726212,2,785228
33727425,3,785228
33728637,4,785228
33729849,4,785228
33731061,4,788106
33732273,4,788106
33733485,6,788106
33734698,4,788106
33735910,5,788106
33737122,2,788106
33738334,4,788106
33739546,4,788106
33740759,3,788106
33741971,3,849017
33743184,4,783481
33744396,3,783481
33745608,4,783481
33746820,4,783481
33748033,4,783481
33749245,3,783481
33750458,2,783481
33751670,3,783481
33752882,1,786358
33754094,3,786358
33755307,3,786358
33756519,4,786358
33757731,4,786358
33758943,1,786358
33760156,4,786358
33761368,6,786358
33762581,4,786358
33763793,5,785022
33765005,3,785022
33766218,3,785022
33767430,-1,785022
33768643,4,785022
33769855,2,785022
33771067,2,785022
33772280,7,785022
33780766,6,785022
33781978,7,785022
33783191,10,785022
33784404,5,791909
33785616,2,791987
33786828,2,785331
33788040,2,785331
33789252,3,785331
33790465,4,785331
33791677,5,785331
33792890,2,785331
33794102,3,785331
33795314,6,785331
33796526,4,785331
33797739,2,785331
33798951,9,785331
33800163,7,785331
33801376,8,785331
33802588,7,785331
33803801,7,785331
33805013,6,785331
33806225,8,788671
33807437,3,788671
33808650,2,788671
33809862,7,788671
33811074,8,788671
33812286,6,788671
33813499,4,788671
33814712,6,788671
33815924,7,788671
33817136,7,788671
33818348,5,785690
33819560,5,785690
33820774,5,785690
33821985,7,785690
33823197,6,785690
33824410,8,785690
33825622,5,785690
33826835,4,785690
33828047,7,785690
33829260,8,785742
33830472,5,785742
33831684,11,785742
33832896,7,785742
33834108,5,785742
33835321,5,785742
33836533,8,785742
33837744,5,785742
33838957,6,785742
33840169,7,790316
33841381,4,790316
33842593,7,790316
33843806,5,790316
33845018,5,790316
33846230,7,790316
33847443,6,790316
33848655,7,790316
33849866,8,790316
33851079,7,784097
33852291,4,784097
33853504,8,784097
33854716,3,784097
33855928,5,784097
33857140,7,784097
33864414,5,784097
33865626,6,784097
33866839,7,784097
33868050,7,784097
33869263,6,784097
33870475,6,784097
33871688,6,784097
33872900,6,787797
33874112,4,787797
33875324,7,787797
33876537,6,787797
33877749,5,787797
33878961,6,787797
33880173,8,787797
33881385,9,787797
33882597,7,787797
33883811,8,784817
33885022,4,784817
33886234,5,784817
33887447,7,784817
33888659,5,784817
33889871,5,784817
33891084,8,784817
33892297,5,784817
33893508,8,784817
33894721,5,787078
33895932,2,787078
33897145,7,787078
33898357,5,787078
33899570,3,787078
33900782,6,787078
33901994,5,787078
33903207,10,787078
33904419,7,787078
33905631,7,786667
33906843,2,786204
33908055,4,786204
33909268,3,786204
33910481,6,786204
33911693,5,786204
33912905,4,786204
33914117,4,786204
33915330,5,786204
33916542,3,786204
33917754,4,786153
33918966,3,786153
33920178,4,786153
33921390,4,786153
33922603,3,786153
33923815,3,786153
33925027,2,786153
33926240,4,786153
33927452,2,786153
33928664,4,724728
33929877,5,790264
33931089,3,790264
33932302,4,790264
33933513,4,790264
33934725,3,790264
33935938,5,790264
33937150,3,790264
33938362,4,790264
33939574,6,849376
33940787,6,783840
33948119,9,783840
33949273,13,783840
33950484,4,788209
33951697,1,788209
33952909,3,788209
33954121,4,788209
33955334,4,788209
33956546,4,788209
33957758,3,788209
33958970,4,788209
33960182,5,788209
33961394,2,788102
33962607,4,787078
33963819,4,787078
33965032,2,787078
33966243,5,787078
33967456,5,787078
33968668,4,787078
33969880,3,787078
33971092,3,787078
33972304,2,787132
33973516,3,787900
33974729,6,787900
33975941,4,787900
33977153,5,787900
33978366,5,787900
33979578,3,787900
33980790,0,787900
33982002,4,787900
33983214,4,787900
33984427,3,787900
33985639,5,787900
33986851,6,787900
33988063,6,787900
33989276,7,787900
33990487,8,787900
33991699,4,787900
33992912,4,787900
33994125,7,788568
33995337,5,788568
33996549,6,788568
33997761,8,788568
33998974,9,788568
34000186,8,788568
34001398,8,788568
34002610,7,788568
34003823,9,788568
34005035,6,790470
34006247,4,790470
34007459,6,790470
34008672,9,790470
34009884,3,790470
34011096,7,790470
34012309,7,790470
34013521,6,790470
34014733,5,790470
34015945,3,784406
34017158,4,784406
34018370,7,784406
34019582,6,784406
34020794,7,784406
34022007,7,784406
34023220,7,784406
34024431,5,784406
34031705,5,784406
34032917,5,784406
34034130,8,784406
34035342,8,784406
34036554,5,784406
34037766,7,785947
34038978,6,785947
34040191,5,785947
34041403,6,785947
34042616,10,785947
34043828,7,785947
34045040,7,785947
34046252,8,785947
34047464,8,785947
34048677,10,786770
34049889,4,786770
34051101,3,786770
34052313,4,786770
34053525,6,786770
34054738,5,786770
34055950,7,786770
34057162,7,786770
34058375,10,786770
34059588,4,786872
34060800,3,786872
34062012,8,786872
34063225,5,786872
34064437,5,786872
34065649,3,786872
34066861,5,786872
34068073,6,786872
34069286,9,786872
34070498,6,786358
34071710,3,786358
34072922,8,786358
34074134,7,786358
34075347,3,786358
34076560,6,786358
34077771,8,786358
34078983,9,786358
34080197,5,786358
34081408,6,787952
34082620,3,785074
34083833,5,785074
34085046,5,785074
34086257,5,785074
34087470,5,785074
34088682,7,785074
34089895,4,785074
34091107,4,785074
34092319,3,785074
34093531,3,789545
34094744,3,789545
34095956,4,789545
34097168,5,789545
34098380,6,789545
34099593,4,789545
34100805,2,789545
34102018,4,789545
34103230,6,789545
34104442,1,788671
34105654,4,788671
34106867,4,788671
34108079,7,788671
34116566,0,788671
34117778,6,788671
34118990,10,788671
34120203,8,788671
34121415,6,788671
34122627,5,788671
34123839,8,788671
34125052,8,786718
34126264,3,789236
34127477,5,789236
34128689,4,789236
34129902,5,789236
34131114,4,789236
34132326,4,789236
34133539,4,789236
34134751,0,789236
34135963,5,789236
34137176,6,789119
34138388,4,785279
34139601,3,785279
34140813,3,785279
34142025,3,785279
34143237,4,785279
34144450,3,785279
34145662,6,785279
34146874,5,785279
34148087,3,785183
34149299,4,786975
34150511,4,786975
34151724,4,786975
34152937,4,786975
34154148,4,786975
34155362,3,786975
34156573,5,786975
34157786,-1,786975
34158998,4,786975
34160210,4,786975
34161422,6,786975
34162636,10,786975
34163847,7,786975
34165059,5,786975
34166273,5,786975
34167484,9,786975
34168697,4,786975
34169909,5,786975
34171121,2,786975
34172334,6,786975
34173546,5,786975
34174758,3,786975
34175970,5,786975
34177183,4,786975
34178396,6,786975
34179607,3,786975
34180820,6,787541
34182033,3,787541
34183244,7,787541
34184457,8,787541
34185669,5,787541
34186881,5,787541
34188093,8,787541
34189306,8,787541
34190519,8,787541
34191730,6,785022
34192943,5,785022
34200216,7,785022
34201429,8,785022
34202641,6,784406
34203854,5,784406
34205066,4,784406
34206278,4,784406
34207490,4,784406
34208703,5,784406
34209915,6,784406
34211128,7,784406
34212340,7,784406
34213552,3,785896
34214765,2,785896
34215977,7,785896
34217189,6,785896
34218401,8,785896
34219614,7,785896
34220826,7,785896
34222038,8,785896
34223250,8,785896
34224463,9,786256
34225675,9,786256
34226887,7,786256
34228099,7,786256
34229312,4,786256
34230524,8,786256
34231737,5,786256
34232949,6,786256
34234161,8,786256
34235373,7,786153
34236585,4,786153
34237798,5,786153
34239010,6,786153
34240222,6,786153
34241435,5,786153
34242647,4,786153
34243859,7,786153
34245071,6,786153
34246284,9,787386
34247496,3,787386
34248709,5,787386
34249921,7,787386
34251133,6,787386
34252345,6,787386
34253557,7,787386
34254770,8,787386
34255982,10,787386
34257194,6,788620
34258407,3,788620
34259619,5,788620
34260831,6,788620
34262044,7,788620
34263255,7,788620
34264468,6,788620
34265681,11,788620
34266892,6,788620
34268105,7,787284
34269318,4,789391
34270530,5,789391
34271742,0,789391
34272954,3,789391
34274167,3,789391
34275379,7,789391
34276591,6,789391
34285077,6,789391
34286289,6,789391
34287502,8,789391
34288715,2,789391
34289926,8,786821
34291139,5,791960
34292352,3,791960
34293563,5,791960
34294775,2,791960
34295988,5,791960
34297200,5,791960
34298413,3,791960
34299625,4,791960
34300837,6,791960
34302050,3,850353
34303262,4,784817
34304474,5,784817
34305687,5,784817
34306898,3,784817
34308111,3,784817
34309323,3,784817
34310536,4,784817
34311748,3,784817
34312960,2,721439
34314172,5,786975
34315386,4,786975
34316597,3,786975
34317810,5,786975
34319022,6,786975
34320234,4,786975
34321446,2,786975
34322659,3,786975
34323871,2,787113
34325083,3,782761
34326295,3,782761
34327508,4,782761
34328720,4,782761
34329933,4,782761
34331145,4,782761
34332358,4,782761
34333570,5,782761
34334782,1,782742
34335995,3,791446
34337206,3,791446
34338419,3,791446
34339631,4,791446
34340843,7,791446
34342055,3,791446
34343268,4,791446
34344480,6,791446
34345692,3,791446
34346905,5,791446
34348117,6,791446
34349329,6,791446
34350542,6,791446
34351754,3,791446
34352966,6,791446
34354178,7,791446
34355391,8,785074
34356603,3,785074
34357816,6,785074
34359028,6,785074
34360239,6,785074
34361452,5,789956
34368725,3,789956
34369938,8,789956
34371149,4,789956
34372362,4,789956
34373574,5,789956
34374786,4,789956
34375999,2,789956
34377211,3,789956
34378423,3,789956
34379636,6,789956
34380848,5,789956
34382060,6,789956
34383272,5,789956
34384484,8,789956
34385697,6,789956
34386909,7,789956
34388121,6,789956
34389333,7,783172
34390546,3,783172
34391758,7,783172
34392970,6,783172
34394183,6,783172
34395395,7,783172
34396607,7,783172
34397820,6,783172
34399033,8,783172
34400244,8,786461
34401457,4,786461
34402669,7,786461
34403881,6,786461
34405094,6,786461
34406306,6,786461
34407518,6,786461
34408731,3,786461
34409943,5,786461
34411155,5,784046
34412367,5,784046
34413579,9,784046
34414792,6,784046
34416004,6,784046
34417217,7,784046
34418428,6,784046
34419641,6,784046
34420852,6,784046
34422065,5,784920
34423277,4,784920
34424489,8,784920
34425702,5,784920
34426914,7,784920
34428126,4,784920
34429338,3,784920
34430550,7,784920
34431763,8,784920
34432975,5,784354
34434187,6,784354
34435400,8,784354
34436611,7,784354
34437823,4,784354
34439035,6,784354
34440248,7,784354
34441460,7,784354
34442673,10,784354
34443885,5,790007
34445097,11,790007
34453583,3,790007
34454795,8,785793
34456007,3,789185
34457220,0,789185
34458432,2,789185
34459644,3,789185
34460857,4,789185
34462069,5,789185
34463281,6,789185
34464494,4,789185
34465706,3,789185
34466918,4,785331
34468131,5,785331
34469343,5,785331
34470555,3,785331
34471767,4,785331
34472980,4,785331
34474192,4,785331
34475405,2,785331
34476617,5,785331
34477829,4,785331
34479042,2,785331
34480254,3,785331
34481466,4,785331
34482678,8,785331
34483891,6,785331
34485103,4,785331
34486315,5,785331
34487527,5,785331
34488740,4,722673
34489952,3,788209
34491164,4,788209
34492377,8,788209
34493589,5,788209
34494802,4,788209
34496014,3,788209
34497226,4,788209
34498439,3,788209
34499651,3,790521
34500864,3,790521
34502075,2,790521
34503287,5,790521
34504500,2,790521
34505712,6,790521
34506925,3,790521
34508137,3,790521
34509349,0,790521
34510562,3,790316
34511774,3,790316
34512987,3,790316
34514199,2,790316
34515412,2,790316
34516623,3,790316
34517836,4,790316
34519048,2,790316
34520260,3,790316
34521473,5,790406
34522685,4,787078
34523897,3,787078
34525110,4,787078
34526322,4,787078
34527534,5,787078
34528747,6,787078
34529959,7,787078
34537233,4,787078
34538445,4,787078
34539658,5,787078
34540870,4,787078
34542082,8,790830
34543295,4,790830
34544508,-1,790830
34545720,4,790830
34546933,7,790830
34548145,7,790830
34549356,7,790830
34550569,5,790830
34551781,6,790830
34552993,5,790830
34554206,7,784868
34555418,4,784868
34556631,6,784868
34557842,7,784868
34559055,5,784868
34560267,4,784868
34561480,7,784868
34562692,6,784868
34563904,6,784868
34565116,3,787026
34566329,5,787026
34567541,5,787026
34568753,5,787026
34569966,4,787026
34571178,5,787026
34572390,5,787026
34573602,4,787026
34574815,8,787026
34576028,6,787284
34577239,3,787284
34578452,4,787284
34579664,4,787284
34580877,8,787284
34582089,7,787284
34583301,7,787284
34584514,9,787284
34585726,8,787284
34586938,5,789082
34588151,2,789082
34589363,5,789082
34590576,8,789082
34591787,8,789082
34592999,5,789082
34594213,7,789082
34595424,5,789082
34596637,6,789082
34597849,6,783121
34599061,3,783121
34600273,7,783121
34601486,6,783121
34602698,5,783121
34603910,3,783121
34605122,6,783121
34606334,7,783121
34607548,9,783121
34608759,6,792988
34609971,4,792988
34611184,6,792988
34612396,6,792988
34613608,9,792988
34622094,6,792988
34623307,8,792988
34624520,6,792988
34625731,6,792988
34626943,5,792988
34628156,8,792988
34629368,8,792988
34630581,8,787181
34631793,4,787181
34633005,6,787181
34634217,7,787181
34635429,7,787181
34636642,4,787181
34637854,7,787181
34639066,5,787181
34640278,9,787181
34641491,6,788311
34642703,5,786924
34643915,4,786924
34645128,-1,786924
34646340,2,786924
34647553,5,786924
34648764,4,786924
34649976,5,786924
34651188,3,786924
34652401,2,786924
34653614,3,786512
34654825,2,786512
34656038,3,786512
34657250,4,786512
34658463,3,786512
34659674,8,786512
34660887,4,786512
34662099,4,786512
34663311,3,786512
34664523,3,849428
34665736,4,783892
34666949,4,783892
34668160,2,783892
34669373,6,783892
34670585,5,783892
34671797,5,783892
34673010,3,783892
34674222,3,783892
34675434,3,721234
34676647,5,786770
34677860,4,786770
34679072,4,786770
34680284,4,786770
34681496,4,786770
34682708,5,786770
34683921,5,786770
34685134,5,786770
34686346,5,786772
34687558,3,787284
34688770,2,787284
34689982,5,787284
34691194,4,787284
34692407,4,787284
34693620,4,787284
34694831,5,787284
34696045,3,787284
34697256,4,787299
34698469,5,791395
34706954,10,791395
34708167,4,791522
34709379,6,784354
34710591,4,784354
34711804,4,784354
34713016,2,784354
34714228,4,784354
34715440,4,784354
34716653,3,784354
34717865,3,784354
34719077,3,784354
34720290,6,784354
34721502,8,784354
34722714,5,784354
34723926,3,784354
34725138,3,784354
34726351,8,784354
34727564,12,784354
34728775,7,784354
34729988,3,789802
34731200,3,789802
34732413,4,789802
34733625,5,789802
34734837,7,789802
34736050,8,789802
34737262,8,789802
34738474,8,789802
34739687,5,789802
34740899,6,785125
34742111,5,785125
34743324,5,785125
34744536,6,785125
34745748,4,785125
34746961,6,785125
34748173,5,785125
34749385,4,785125
34750597,7,785125
34751810,7,788414
34753023,3,788414
34754234,8,788414
34755447,6,788414
34756660,6,788414
34757871,7,788414
34759084,7,788414
34760296,6,788414
34761508,5,788414
34762721,7,783429
34763933,7,783429
34765145,6,783429
34766358,6,783429
34767570,7,783429
34768783,6,783429
34769994,6,783429
34771207,9,783429
34772419,6,783429
34773631,7,784097
34774844,3,784097
34776056,6,784097
34777268,9,784097
34778481,8,784097
34779693,8,784097
34780905,7,784097
34782117,7,784097
34783329,8,784097
34790603,4,784097
34791815,7,784097
34793027,7,784097
34794240,11,784097
34795452,5,783429
34796665,3,783429
34797877,5,783429
34799089,7,783429
34800301,7,783429
34801513,6,783429
34802726,3,783429
34803938,8,783429
34805150,5,783429
34806362,6,784868
34807575,6,784868
34808787,7,784868
34809999,9,784868
34811212,8,784868
34812423,7,784868
34813636,9,784868
34814848,6,784868
34816061,7,784868
34817272,8,782710
34818485,4,789133
34819697,3,789133
34820909,7,789133
34822122,5,789133
34823334,4,789133
34824547,4,789133
34825758,6,789133
34826971,3,789133
34828183,5,789133
34829395,3,779729
34830607,4,779729
34831820,3,779729
34833032,3,779729
34834245,3,779729
34835457,5,779729
34836669,5,779729
34837882,3,779729
34839094,4,779729
34840306,2,785588
34841518,5,785588
34842730,-1,785588
34843943,3,785588
34845155,3,785588
34846367,4,785588
34847580,3,785588
34848792,2,785588
34850005,4,785588
34851216,4,783840
34852429,2,783840
34853641,3,783840
34854853,5,783840
34856066,3,783840
34857279,3,783840
34858491,5,783840
34859702,3,783840
34860915,5,783840
34862128,4,722724
34863339,4,788260
34864552,7,788260
34865764,5,788260
34866976,7,788260
34874250,-1,788260
34875462,4,788260
34876675,9,788260
34877887,9,788260
34879099,9,788260
34880311,8,788260
34881524,7,788260
34882736,5,780654
34883949,2,780780
34885160,7,786924
34886372,8,786924
34887585,1,786924
34888797,3,786924
34890010,1,786924
34891222,3,786924
34892434,2,786924
34893646,4,786924
34894858,4,786924
34896071,3,786924
34897284,6,786924
34898496,5,786924
34899708,4,786924
34900920,5,786924
34902132,5,786924
34903345,7,786924
34904557,8,781168
34905769,4,781168
34906981,8,781168
34908194,7,781168
34909406,4,781168
34910618,6,781168
34911831,4,781168
34913043,7,781168
34914255,7,781168
34915468,6,781168
34916680,13,785022
34917892,3,785022
34919104,4,785022
34920317,9,785022
34921529,8,785022
34922742,5,785022
34923954,6,785022
34925166,7,785022
34926379,10,785022
34927591,6,786050
34928804,6,786050
34930016,6,786050
34931228,6,786050
34932440,6,786050
34933653,7,786050
34934865,5,786050
34936077,5,786050
34937290,6,786050
34938501,7,783532
34939714,2,783532
34940926,5,783532
34942138,5,783532
34943351,8,783532
34944563,6,783532
34945775,4,783532
34946988,9,783532
34948200,7,783532
34949412,4,783840
34950625,10,783840
34959111,5,783840
34960324,6,782658
34961535,3,782658
34962747,5,782658
34963960,6,782658
34965172,5,782658
34966385,7,782658
34967597,5,782658
34968809,6,782658
34970021,4,782658
34971233,4,785639
34972446,6,785639
34973658,4,785639
34974870,6,785639
34976082,7,785639
34977295,9,785639
34978507,7,785639
34979719,5,785639
34980931,7,785639
34982144,5,778342
34983357,4,778342
34984568,6,778342
34985781,3,778342
34986993,5,778342
34988206,7,778342
34989418,5,778342
34990630,4,778342
34991842,9,778342
34993055,9,788517
34994267,6,788517
34995479,7,788517
34996692,6,788517
34997904,9,788517
34999116,6,788517
35000329,6,788517
35001541,6,788517
35002753,5,788517
35003966,6,780603
35005177,10,786512
35006390,4,786512
35007602,4,786512
35008815,7,786512
35010027,4,786512
35011239,4,786512
35012452,4,786512
35013664,3,786512
35014877,5,786512
35016088,4,782710
35017301,4,782710
35018514,5,782710
35019725,2,782710
35020939,4,782710
35022150,4,782710
35023363,3,782710
35024575,4,782710
35025788,6,782710
35026999,4,782710
35028212,4,782710
35029425,2,782710
35030636,4,782710
35031849,2,782710
35033062,3,782710
35034273,4,782710
35035486,3,782710
35043972,8,782710
35045185,8,782710
35046396,4,782710
35047609,8,783326
35048821,5,783121
35050034,4,783121
35051246,3,783121
35052458,3,783121
35053671,5,783121
35054882,4,783121
35056095,2,783121
35057307,3,783121
35058519,4,783121
35059732,1,783183
35060944,2,785999
35062156,3,785999
35063369,6,785999
35064581,5,785999
35065793,3,785999
35067006,4,785999
35068218,4,785999
35069430,3,785999
35070642,4,786132
35071854,2,780500
35073066,4,780500
35074279,4,780500
35075491,4,780500
35076703,4,780500
35077915,4,780500
35079128,4,780500
35080340,4,780500
35081552,2,780500
35082765,4,780500
35083977,8,780500
35085189,5,780500
35086401,3,780500
35087613,7,780500
35088826,10,780500
35090038,5,780500
35091250,7,783943
35092463,2,783943
35093675,6,783943
35094887,6,783943
35096099,5,783943
35097312,5,783943
35098524,8,783943
35099737,5,783943
35100949,5,783943
35102161,6,783943
35103373,10,782504
35104586,2,782504
35105798,6,782504
35107010,6,782504
35108222,9,782504
35109435,9,782504
35110647,7,782504
35111859,5,782504
35113072,7,782504
35114283,7,783583
35115496,3,783583
35116708,6,783583
35117920,6,783583
35119133,4,783583
35120345,6,783583
35127618,16,783583
35128831,7,783583
35130042,9,783583
35131254,8,783583
35132467,8,783583
35133680,9,783583
35134892,5,783583
35136104,8,784046
35137315,4,784046
35138528,7,784046
35139740,3,784046
35140952,5,784046
35142165,9,784046
35143377,10,784046
35144589,9,784046
35145802,7,784046
35147014,6,783326
35148226,4,783326
35149439,9,783326
35150651,9,783326
35151862,7,783326
35153075,6,783326
35154287,4,783326
35155499,7,783326
35156712,7,783326
35157924,8,787232
35159136,4,787232
35160349,7,787232
35161561,4,787232
35162773,6,787232
35163985,9,787232
35165198,7,787232
35166410,6,787232
35167622,5,787232
35168835,6,779266
35170046,3,779266
35171259,7,779266
35172471,5,779266
35173684,10,779266
35174896,7,779266
35176108,6,779266
35177321,3,779266
35178532,7,779266
35179745,5,782299
35180957,6,782299
35182170,7,782299
35183381,10,782299
35184593,5,782299
35185806,6,782299
35187017,5,782299
35188230,5,782299
35189442,9,782299
35190655,4,783583
35191866,4,780243
35193079,3,780243
35194291,1,780243
35195504,3,780243
35196715,3,780243
35197928,3,780243
35199140,4,780243
35200352,3,780243
35201564,4,780243
35202777,3,782813
35203989,8,782813
35211262,2,782813
35212474,6,782813
35213687,19,780911
35214900,5,780911
35216112,4,780911
35217323,4,780911
35218536,6,780911
35219748,3,780911
35220960,5,780911
35222172,3,780911
35223385,3,780911
35224597,4,783892
35225810,2,783892
35227022,2,783892
35228233,5,783892
35229446,4,783892
35230659,4,783892
35231870,5,783892
35233082,3,783892
35234295,4,783892
35235508,4,783892
35236719,4,783892
35237931,7,783892
35239144,3,783892
35240356,4,783892
35241568,3,783892
35242780,4,783892
35243993,5,783892
35245205,5,783892
35246417,2,784122
35247629,5,790778
35248843,2,790778
35250054,5,790778
35251267,5,790778
35252479,6,790778
35253691,3,790778
35254903,2,790778
35256115,3,790778
35257328,5,790669
35258539,6,775309
35259752,5,775309
35260965,2,775309
35262177,8,775309
35263389,4,775309
35264601,3,775309
35265813,4,775309
35267025,4,775309
35268237,4,775309
35269450,3,775309
35270662,7,775309
35271874,6,775309
35273086,7,775309
35274298,6,775309
35275510,4,775309
35276723,8,775309
35277935,7,775309
35279147,6,782504
35280359,5,782504
35281571,6,782504
35282783,4,782504
35283996,5,782504
35285209,6,782504
35286420,5,782504
35287632,9,782504
35296118,5,782504
35297330,5,782504
35298543,6,782504
35299755,5,782504
35300967,6,782915
35302180,3,782915
35303392,8,782915
35304604,5,782915
35305817,4,782915
35307029,6,782915
35308241,6,782915
35309453,6,782915
35310665,6,782915
35311878,4,780808
35313090,3,780808
35314302,6,780808
35315514,7,780808
35316727,5,780808
35317939,8,780808
35319152,9,780808
35320364,6,780808
35321575,5,780808
35322787,6,781528
35324000,3,781528
35325213,6,781528
35326424,6,781528
35327637,6,781528
35328849,6,781528
35330061,5,781528
35331273,6,781528
35332485,8,781528
35333698,6,779318
35334910,6,779318
35336123,7,779318
35337334,10,779318
35338546,7,779318
35339759,5,779318
35340971,5,779318
35342184,3,779318
35343395,2,779318
35344608,9,781271
35345821,4,781271
35347033,6,781271
35348245,4,781271
35349457,7,781271
35350669,7,781271
35351882,8,781271
35353094,7,781271
35354306,6,781271
35355519,5,783378
35356730,3,783378
35357942,7,783378
35359155,8,783378
35360367,6,783378
35361580,6,783378
35362792,7,783378
35364004,6,783378
35365216,4,783378
35366428,7,776543
35367640,4,781939
35368853,3,781939
35370065,4,781939
35371277,3,781939
35372490,4,781939
35380976,8,781939
35382187,7,781939
35383400,5,781939
35384612,6,781939
35385825,6,781939
35387037,6,781939
35388248,8,779780
35389462,3,782299
35390673,4,782299
35391885,4,782299
35393098,4,782299
35394310,5,782299
35395522,5,782299
35396734,3,782299
35397947,4,782299
35399159,4,782299
35400372,7,784303
35401584,5,784303
35402796,4,784303
35404009,4,784303
35405221,1,784303
35406433,3,784303
35407645,4,784303
35408857,3,784303
35410070,3,784303
35411282,4,785382
35412494,4,785382
35413707,3,785382
35414919,2,785382
35416131,5,785382
35417344,3,785382
35418557,2,785382
35419770,3,785382
35420982,6,785382
35422194,3,785259
35423406,4,779883
35424620,3,779883
35425831,5,779883
35427044,3,779883
35428257,4,779883
35429470,3,779883
35430681,10,779883
35431894,5,779883
35433106,3,779897
35434319,3,783481
35435532,5,783481
35436744,0,783481
35437957,4,783481
35439169,3,783481
35440382,4,783481
35441594,2,783481
35442806,3,783481
35444019,3,783481
35445232,4,783481
35446444,5,783481
35447657,6,783481
35448869,6,783481
35450081,4,783481
35451294,6,783481
35452506,5,783481
35453719,3,783481
35454931,3,783481
35456144,4,783481
35457356,7,783481
35464631,13,783481
35465843,5,778033
35467056,3,778033
35468269,5,778033
35469481,5,778033
35470694,6,778033
35471906,7,778033
35473118,8,778033
35474331,8,778033
35475544,7,778033
35476755,4,781887
35477968,4,781887
35479181,5,781887
35480393,5,781887
35481605,6,781887
35482818,5,781887
35484031,7,781887
35485243,6,781887
35486455,5,781887
35487668,8,778907
35488880,6,778907
35490092,5,778907
35491305,6,778907
35492517,6,778907
35493730,7,778907
35494942,6,778907
35496154,6,778907
35497367,9,778907
35498579,7,785125
35499792,4,785125
35501005,6,785125
35502217,8,785125
35503429,8,785125
35504642,4,785125
35505854,5,785125
35507067,5,785125
35508279,8,785125
35509491,5,775875
35510704,4,775875
35511917,5,775875
35513129,4,775875
35514341,6,775875
35515553,5,775875
35516766,10,775875
35517978,12,775875
35519192,8,775875
35520404,5,784303
35521616,3,784303
35522829,5,784303
35524040,5,784303
35525253,8,784303
35526465,6,784303
35527678,11,784303
35528890,4,784303
35530103,7,784303
35531316,6,779524
35532528,5,779524
35533740,5,779524
35534953,5,779524
35536165,6,779524
35537378,12,779524
35538590,7,779524
35539803,6,779524
35541015,6,779524
35548290,5,779524
35549502,7,779524
35550716,4,779524
35551927,8,779524
35553141,7,779575
35554353,4,781579
35555565,3,781579
35556778,3,781579
35557990,4,781579
35559203,3,781579
35560416,4,781579
35561627,4,781579
35562840,3,781579
35564053,4,781579
35565265,3,777776
35566478,4,777776
35567689,4,777776
35568902,4,777776
35570115,2,777776
35571327,2,777776
35572539,5,777776
35573752,3,777776
35574965,3,777776
35576176,10,777468
35577390,3,777468
35578601,2,777468
35579814,4,777468
35581026,4,777468
35582238,5,777468
35583451,5,777468
35584663,6,777468
35585876,5,777468
35587089,3,784097
35588301,5,784097
35589514,3,784097
35590726,4,784097
35591938,5,784097
35593151,3,784097
35594363,4,784097
35595575,2,784097
35596789,5,784097
35598001,3,782453
35599213,2,782453
35600425,2,782453
35601638,4,782453
35602850,4,782453
35604064,3,782453
35605275,1,782453
35606488,4,782453
35607700,4,782453
35608913,3,782557
35610125,4,783069
35611338,3,783069
35612550,2,783069
35613763,4,783069
35614976,6,783069
35616188,5,783069
35617400,3,783069
35618613,2,783069
35619825,3,782904
35621038,3,779832
35622250,5,779832
35623463,6,779832
35624675,4,779832
35633162,8,779832
35634374,10,779832
35635587,10,779832
35636800,6,779832
35638012,7,779832
35639225,7,779832
35640437,8,781887
35641649,4,781887
35642862,5,781887
35644074,6,781887
35645287,8,781887
35646499,9,781887
35647712,5,781887
35648924,6,781887
35650137,6,781887
35651349,6,781887
35652561,6,779164
35653774,3,779164
35654986,5,779164
35656198,5,779164
35657412,6,779164
35658623,7,779164
35659836,5,779164
35661048,8,779164
35662261,5,779164
35663473,9,784200
35664685,4,784200
35665898,6,784200
35667110,5,784200
35668323,8,784200
35669536,7,784200
35670747,3,784200
35671961,6,784200
35673173,8,784200
35674385,7,779215
35675597,4,779215
35676810,7,779215
35678022,7,779215
35679235,7,779215
35680448,6,779215
35681660,10,779215
35682873,6,779215
35684085,10,779215
35685297,6,781065
35686510,4,781065
35687722,5,781065
35688935,5,781065
35690147,10,781065
35691360,7,781065
35692572,7,781065
35693785,2,781065
35694997,5,781065
35696210,6,780037
35697422,2,780037
35698635,3,780037
35699847,6,780037
35701060,6,780037
35702272,8,780037
35703484,6,780037
35704697,6,780037
35705910,6,780037
35707122,7,778547
35708334,5,778547
35709547,6,778547
35718034,2,779164
35719247,4,779164
35720459,8,779164
35721672,10,779164
35722884,6,779164
35724097,6,779164
35725310,6,779164
35726522,4,779164
35727734,5,779164
35728947,8,779626
35730159,5,779626
35731372,8,779626
35732585,8,779626
35733797,7,779626
35735009,6,779626
35736222,7,779626
35737435,3,779626
35738647,3,779626
35739859,6,781631
35741073,4,778136
35742285,6,778136
35743497,4,778136
35744709,3,778136
35745922,3,778136
35747135,5,778136
35748347,4,778136
35749560,5,778136
35750772,4,778136
35751985,7,787026
35753196,3,787026
35754409,2,787026
35755622,4,787026
35756834,5,787026
35758046,4,787026
35759260,6,787026
35760472,3,787026
35761684,7,787026
35762896,4,776594
35764109,2,776594
35765321,2,776594
35766534,3,776594
35767747,3,776594
35768959,3,776594
35770173,6,776594
35771385,5,776594
35772597,2,776594
35773809,2,778444
35775022,3,778444
35776235,4,778444
35777447,4,778444
35778659,3,778444
35779873,4,778444
35781084,3,778444
35782297,3,778444
35783509,3,778444
35784722,3,776389
35785934,3,776389
35787147,3,776389
35788359,2,776389
35789572,5,776389
35790784,4,776389
35791997,6,776389
35793209,4,776389
35794422,4,776389
35802909,4,776389
35804122,7,776389
35805334,7,780192
35806547,2,780139
35807759,4,779883
35808971,5,779883
35810184,4,779883
35811397,2,779883
35812609,3,779883
35813822,3,779883
35815034,2,779883
35816246,6,779883
35817459,3,780014
35818671,4,780014
35819884,5,780014
35821097,7,780014
35822309,4,780014
35823521,4,780014
35824734,7,780014
35825946,8,780014
35827160,5,773614
35828372,6,773614
35829584,0,773614
35830796,6,773614
35832009,7,773614
35833222,6,773614
35834434,6,773614
35835647,4,773614
35836859,3,773614
35838073,4,773614
35839285,9,779729
35840497,4,779729
35841710,5,779729
35842922,4,779729
35844134,8,779729
35845347,5,779729
35846559,6,779729
35847772,8,779729
35848985,10,779729
35850197,4,779164
35851410,4,779164
35852622,7,779164
35853835,7,779164
35855048,5,779164
35856260,6,779164
35857472,4,779164
35858685,8,779164
35859897,4,779164
35861110,5,780243
35862322,4,780243
35863535,9,780243
35864747,5,780243
35865959,4,780243
35867172,7,780243
35868384,8,780243
35869597,6,780243
35870810,8,780243
35872022,4,776389
35873234,3,776389
35874446,7,776389
35875660,4,776389
35876871,5,776389
35878084,5,776389
35879296,8,776389
35886571,1,776389
35887784,7,776389
35888997,4,776389
35890209,5,776389
35891421,7,776389
35892634,5,776389
35893846,5,777673
35895059,4,777673
35896272,6,777673
35897484,6,777673
35898697,8,777673
35899910,4,777673
35901121,4,777673
35902334,5,777673
35903546,4,777673
35904759,8,783532
35905972,5,783532
35907184,5,783532
35908397,4,783532
35909609,10,783532
35910822,9,783532
35912034,4,783532
35913246,10,783532
35914459,5,783532
35915672,7,776389
35916884,4,776389
35918096,5,776389
35919309,9,776389
35920521,10,776389
35921734,5,776389
35922946,7,776389
35924158,9,776389
35925371,9,776389
35926584,7,779575
35927796,3,779575
35929008,4,779575
35930221,5,779575
35931433,5,779575
35932646,7,779575
35933858,8,779575
35935070,6,779575
35936284,7,779575
35937496,6,779575
35938708,3,780654
35939921,6,780654
35941132,5,780654
35942345,5,780654
35943558,4,780654
35944770,4,780654
35945983,6,780654
35947195,3,780654
35948407,4,780654
35949620,4,781528
35950833,3,781528
35952045,4,781528
35953257,3,781528
35954470,3,781528
35955682,7,781528
35956895,5,781528
35958107,2,781528
35959320,2,781528
35960532,5,781373
35961745,5,781373
35962957,7,781373
35970232,4,781373
35971444,12,781373
35972656,7,781373
35973869,8,781373
35975081,5,781373
35976294,7,781373
35977506,8,781373
35978719,4,781373
35979931,7,781373
35981144,9,779626
35982356,5,779626
35983569,4,779626
35984781,4,779626
35985993,4,779626
35987206,5,779626
35988418,3,779626
35989631,5,779626
35990842,5,779626
35992055,4,779626
35993268,2,779699
35994481,6,785331
35995693,5,785331
35996906,4,785331
35998118,4,785331
35999330,7,785331
36000542,7,785331
36001755,3,785331
36002967,5,785331
36004180,6,785191
36005393,4,775207
36006605,3,775207
36007817,4,775207
36009030,4,775207
36010243,2,775207
36011455,4,775207
36012667,4,775207
36013880,4,775207
36015093,5,775207
36016304,4,775207
36017517,6,775207
36018730,6,775207
36019942,6,775207
36021154,5,775207
36022367,6,775207
36023579,6,775207
36024792,7,782145
36026005,3,782145
36027216,3,782145
36028429,7,782145
36029642,8,782145
36030854,5,782145
36032066,6,782145
36033279,4,782145
36034492,4,782145
36035704,6,782145
36036917,3,779934
36038129,5,779934
36039341,6,779934
36040553,7,779934
36041766,5,779934
36042979,6,779934
36044192,5,779934
36045404,6,779934
36046616,9,779934
36055104,6,779934
36056315,5,779934
36057528,4,779934
36058740,5,777468
36059953,3,777468
36061166,3,777468
36062378,11,777468
36063590,7,777468
36064802,7,777468
36066015,5,777468
36067227,7,777468
36068440,7,777468
36069653,7,781425
36070865,4,781425
36072077,6,781425
36073290,6,781425
36074502,8,781425
36075716,4,781425
36076927,5,781425
36078139,8,781425
36079352,8,781425
36080564,5,780089
36081777,1,780089
36082990,6,780089
36084202,7,780089
36085414,6,780089
36086627,7,780089
36087840,6,780089
36089052,7,780089
36090264,7,780089
36091477,8,781271
36092689,5,781271
36093901,6,781271
36095114,8,781271
36096326,5,781271
36097538,7,781271
36098751,8,781271
36099963,5,781271
36101176,9,781271
36102388,6,777776
36103602,4,777776
36104814,9,777776
36106026,8,777776
36107238,7,777776
36108450,5,777776
36109664,8,777776
36110875,7,777776
36112088,10,777776
36113301,7,778958
36114513,4,778958
36115726,7,778958
36116938,8,778958
36118151,9,778958
36119363,6,778958
36120576,7,778958
36121788,8,778958
36123001,8,778958
36124214,7,780962
36125425,0,776697
36126638,1,776697
36127851,4,776697
36129064,5,776697
36130275,3,776697
36131488,4,776697
36139975,8,776697
36141187,10,776697
36142400,7,776697
36143613,5,776697
36144826,7,776697
36146038,6,786770
36147250,4,841205
36148463,4,775669
36149675,8,775669
36150887,5,775669
36152100,6,775669
36153312,5,775669
36154525,3,775669
36155738,3,775669
36156950,4,775669
36158162,4,785536
36159375,6,785536
36160587,3,785536
36161800,5,785536
36163013,3,785536
36164225,3,785536
36165437,4,785536
36166650,4,785536
36167862,4,785536
36169074,4,785536
36170287,4,785536
36171499,5,785536
36172712,4,785536
36173925,5,785536
36175137,4,785536
36176349,5,785536
36177562,5,785536
36178774,3,785536
36179987,4,785622
36181199,2,781014
36182411,2,781014
36183625,3,781014
36184836,2,781014
36186049,3,781014
36187262,4,781014
36188474,4,781014
36189686,4,781014
36190899,4,780963
36192111,4,781219
36193324,4,781219
36194537,4,781219
36195749,3,781219
36196961,6,781219
36198173,9,781219
36199387,6,781219
36200598,5,781219
36201811,5,781219
36203023,2,781219
36204236,7,781219
36205448,7,781219
36206661,7,781219
36207873,4,781219
36209085,7,781219
36210298,7,781219
36211510,5,782350
36212722,4,782350
36213936,5,782350
36215147,7,782350
36216360,3,777365
36223634,10,777365
36224846,2,777365
36226059,5,777365
36227272,6,777365
36228483,8,777365
36229697,4,777365
36230909,4,777365
36232121,4,777365
36233333,4,777365
36234545,7,780808
36235758,4,780808
36236970,6,780808
36238183,8,780808
36239395,6,780808
36240608,9,780808
36241821,6,780808
36243033,7,780808
36244245,6,780808
36245457,4,782607
36246670,3,782607
36247882,6,782607
36249095,6,782607
36250308,5,782607
36251520,7,782607
36252732,3,782607
36253945,7,782607
36255157,6,782607
36256369,7,779010
36257582,3,779010
36258794,7,779010
36260007,6,779010
36261220,6,779010
36262431,5,779010
36263644,8,779010
36264856,6,779010
36266069,7,779010
36267281,5,782504
36268494,3,782504
36269706,5,782504
36270918,7,782504
36272131,4,782504
36273344,7,782504
36274556,5,782504
36275768,7,782504
36276980,6,782504
36278193,6,777057
36279405,3,777057
36280618,6,777057
36281830,5,777057
36283042,5,777057
36284255,8,777057
36285467,7,777057
36286681,8,777057
36287892,8,777057
36289106,6,779112
36290318,2,779112
36291530,5,779112
36292742,3,779112
36293955,8,779112
36295167,7,779112
36296380,11,779112
36297593,6,779112
36298805,7,779112
36300017,6,779112
36307292,4,779112
36308504,6,779112
36309718,2,779112
36310929,9,782761
36312142,6,776440
36313355,4,776440
36314566,2,776440
36315779,4,776440
36316992,5,776440
36318204,2,776440
36319416,2,776440
36320629,4,776440
36321843,4,776440
36323054,3,780911
36324267,4,780911
36325479,6,780911
36326691,4,780911
36327903,5,780911
36329116,4,780911
36330328,5,780911
36331541,4,780911
36332753,3,780911
36333966,4,778598
36335178,9,778598
36336390,5,778598
36337603,3,778598
36338815,5,778598
36340028,4,778598
36341240,5,778598
36342453,3,778598
36343665,6,778598
36344878,5,780603
36346090,4,780603
36347302,4,780603
36348515,4,780603
36349727,4,780603
36350939,5,780603
36352152,2,780603
36353364,3,780603
36354577,4,780603
36355789,3,778907
36357002,3,778907
36358214,1,778907
36359427,3,778907
36360639,4,778907
36361852,4,778907
36363065,4,778907
36364277,4,778907
36365489,4,778907
36366702,2,779001
36367914,3,776697
36369126,4,776697
36370338,4,776697
36371551,3,776697
36372764,4,776697
36373976,5,776697
36375188,2,776697
36376401,3,776697
36377614,4,776582
36378826,3,787078
36380038,4,787078
36381250,5,787078
36382463,4,787078
36383676,6,787078
36392162,7,787078
36393374,8,787078
36394587,6,787078
36395800,7,787078
36397012,4,787078
36398225,7,774950
36399437,3,774950
36400649,2,774950
36401862,6,774950
36403074,5,774950
36404286,7,774950
36405499,8,774950
36406711,3,774950
36407923,4,774950
36409136,8,774950
36410349,6,783378
36411560,5,783378
36412773,7,783378
36413985,10,783378
36415198,7,783378
36416411,4,783378
36417623,7,783378
36418835,5,783378
36420047,7,783378
36421260,8,775207
36422473,5,775207
36423685,8,775207
36424897,3,775207
36426110,6,775207
36427322,6,775207
36428535,5,775207
36429747,6,775207
36430959,8,775207
36432172,6,782864
36433385,5,782864
36434597,4,782864
36435810,7,782864
36437022,10,782864
36438234,5,782864
36439448,4,782864
36440660,7,782864
36441873,3,782864
36443084,7,780192
36444297,3,780192
36445509,6,780192
36446722,6,780192
36447934,6,780192
36449147,6,780192
36450360,4,780192
36451571,7,780192
36452784,4,780192
36453997,7,781579
36455210,4,781579
36456421,7,781579
36457634,6,781579
36458846,7,781579
36460059,5,781579
36461272,3,781579
36462484,8,781579
36463697,5,781579
36464909,8,778342
36466121,4,778342
36467334,6,778342
36468546,6,782710
36477033,1,782710
36478246,7,782710
36479458,9,782710
36480671,8,782710
36481883,9,782710
36483095,6,782710
36484308,8,782710
36485520,7,782710
36486733,7,780037
36487945,3,780037
36489158,5,780037
36490370,10,780037
36491582,7,780037
36492795,8,780037
36494008,6,780037
36495219,9,780037
36496432,5,780037
36497645,5,779524
36498857,2,785382
36500070,4,785382
36501282,4,785382
36502495,4,785382
36503707,4,785382
36504919,5,785382
36506131,2,785382
36507344,4,785382
36508557,5,785382
36509770,4,780654
36510982,8,780654
36512194,4,780654
36513406,3,780654
36514619,4,780654
36515831,4,780654
36517043,3,780654
36518256,4,780654
36519469,4,780654
36520681,7,783686
36521894,4,783686
36523106,4,783686
36524318,5,783686
36525532,3,783686
36526743,0,783686
36527956,3,783686
36529168,5,783686
36530381,5,783686
36531594,2,776286
36532806,4,776286
36534019,4,776286
36535231,1,776286
36536443,3,776286
36537656,4,776286
36538869,2,776286
36540081,4,776286
36541294,4,776286
36542506,3,779421
36543719,3,779421
36544931,5,779421
36546143,3,779421
36547356,5,779421
36548568,2,779421
36549781,4,779421
36550993,6,779421
36552206,4,779421
36553419,6,779421
36561906,4,779421
36563118,7,779421
36564331,4,779481
36565543,7,781785
36566755,4,781785
36567968,2,781785
36569180,5,781785
36570393,5,781785
36571606,4,781785
36572818,4,781785
36574030,4,781785
36575243,4,781785
36576455,5,781785
36577668,7,781785
36578880,6,781785
36580092,8,781785
36581305,5,781785
36582517,5,781785
36583730,4,781785
36584942,5,780654
36586154,3,780654
36587367,5,780654
36588579,3,780654
36589792,7,780654
36591004,6,780654
36592217,8,780654
36593428,6,780654
36594641,7,780654
36595854,8,780654
36597066,7,782042
36598279,4,782042
36599491,8,782042
36600703,7,782042
36601916,7,782042
36603127,5,782042
36604340,5,782042
36605552,5,782042
36606765,4,782042
36607977,9,781785
36609189,3,781785
36610402,5,781785
36611615,7,781785
36612827,4,781785
36614039,6,781785
36615253,6,781785
36616464,7,781785
36617677,8,781785
36618889,5,781065
36620102,4,781065
36621314,6,781065
36622526,6,781065
36623739,6,781065
36624951,5,781065
36626165,5,781065
36627376,6,781065
36628589,8,781065
36629802,4,781579
36631014,4,781579
36632226,4,781579
36633438,6,781579
36634651,7,781579
36635863,5,781579
36637076,8,781579
36638288,7,781579
36645563,2,781579
36646776,5,781579
36647987,6,781579
36649201,6,781579
36650412,6,781579
36651625,6,785176
36652837,4,785176
36654050,4,785176
36655262,8,785176
36656475,6,785176
36657687,7,785176
36658900,7,785176
36660113,7,785176
36661325,6,785176
36662537,10,777673
36663749,3,777673
36664962,5,777673
36666174,6,777673
36667387,6,777673
36668600,7,777673
36669812,6,777673
36671025,5,777673
36672237,6,777673
36673449,5,783994
36674662,4,783994
36675874,5,783994
36677086,6,783994
36678299,6,783994
36679512,5,783994
36680723,6,783994
36681937,5,783994
36683149,5,783994
36684360,6,776748
36685573,5,785382
36686785,3,785382
36687998,4,785382
36689210,5,785382
36690422,2,785382
36691635,3,785382
36692848,4,785382
36694059,2,785382
36695272,3,785382
36696484,4,774950
36697696,4,774950
36698909,5,774950
36700122,3,774950
36701334,5,774950
36702546,4,774950
36703758,1,774950
36704971,5,774950
36706183,5,774950
36707396,4,780962
36708608,4,780962
36709820,4,780962
36711033,4,780962
36712245,3,780962
36713457,3,780962
36714670,4,780962
36715882,5,780962
36717095,4,780962
36718307,4,780860
36719520,1,780860
36720732,-1,780860
36721944,8,780860
36729218,8,780860
36730431,13,780860
36731643,5,780860
36732855,6,780860
36734068,7,780860
36735280,3,780860
36736493,9,780860
36737705,7,780860
36738917,5,782093
36740130,2,782247
36741342,2,782247
36742555,2,782247
36743766,4,782247
36744980,6,782247
36746191,2,782247
36747404,3,782247
36748617,4,782247
36749829,4,782247
36751041,3,782189
36752254,4,780397
36753466,4,780397
36754678,4,780397
36755891,4,780397
36757103,6,780397
36758316,4,780397
36759529,4,780397
36760741,3,780397
36761954,4,780397
36763166,3,780397
36764379,8,780397
36765591,8,780397
36766804,10,780397
36768016,5,780397
36769229,5,780397
36770441,4,780397
36771653,7,785279
36772866,4,785279
36774078,3,785279
36775290,6,785279
36776503,5,785279
36777715,6,785279
36778928,6,785279
36780141,7,785279
36781353,9,785279
36782565,6,785279
36783778,4,777313
36784990,2,777313
36786202,6,777313
36787415,3,777313
36788627,6,777313
36789839,6,777313
36791052,6,777313
36792264,6,777313
36793477,7,777313
36794690,6,781476
36795902,5,781476
36797114,6,781476
36798327,5,781476
36799540,6,781476
36800751,6,781476
36801964,7,781476
36803177,6,781476
36804389,3,781476
36805601,6,781476
36814089,8,781476
36815301,8,781476
36816513,7,782042
36817726,5,782042
36818938,6,782042
36820150,4,782042
36821362,6,782042
36822575,9,782042
36823787,9,782042
36825001,9,782042
36826213,5,782042
36827425,4,779729
36828637,5,779729
36829850,5,779729
36831062,6,779729
36832274,6,779729
36833488,8,779729
36834699,5,779729
36835912,6,779729
36837125,6,779729
36838337,7,780654
36839550,4,780654
36840763,4,780654
36841974,7,780654
36843187,6,780654
36844399,8,780654
36845612,9,780654
36846825,8,780654
36848037,7,780654
36849250,8,781117
36850462,5,781117
36851675,9,781117
36852887,7,781117
36854099,5,781117
36855312,6,781117
36856524,7,781117
36857736,7,781117
36858949,8,781117
36860162,10,780500
36861374,5,780500
36862586,5,780500
36863799,4,780500
36865012,3,780500
36866224,9,780500
36867437,5,780500
36868649,9,780500
36869862,7,780500
36871074,6,782453
36872286,4,784868
36873499,4,784868
36874711,3,784868
36875924,2,784868
36877136,2,784868
36878349,4,784868
36879561,4,784868
36880774,4,784868
36881986,5,784868
36883199,5,781219
36884411,3,781219
36885623,5,781219
36886836,4,781219
36888048,5,781219
36889261,4,781219
36890474,5,781219
36898961,9,781219
36900174,7,781219
36901386,5,781219
36902598,8,781219
36903812,8,777519
36905024,3,781117
36906236,4,781117
36907449,4,781117
36908661,4,781117
36909874,2,781117
36911086,4,781117
36912298,4,781117
36913511,2,781117
36914723,4,781117
36915935,5,780551
36917148,3,780551
36918361,5,780551
36919573,3,780551
36920785,3,780551
36921998,4,780551
36923210,3,780551
36924423,4,780551
36925635,5,780551
36926848,3,780695
36928061,2,777879
36929273,4,777879
36930486,5,777879
36931697,2,777879
36932910,5,777879
36934122,3,777879
36935335,4,777879
36936548,3,777879
36937760,3,777814
36938973,4,774230
36940185,6,774230
36941397,3,774230
36942609,3,774230
36943822,2,774230
36945035,4,774230
36946247,8,774230
36947460,3,774230
36948672,6,774230
36949885,3,774230
36951097,6,774230
36952310,6,774230
36953522,7,774230
36954734,5,774230
36955948,5,774230
36957159,5,774230
36958372,8,781990
36959585,4,781990
36960797,3,781990
36962009,6,781990
36963222,8,781990
36964434,5,781990
36965647,4,781990
36966859,5,781990
36968072,8,781990
36969285,8,781990
36970497,6,781271
36971710,4,781271
36972922,7,781271
36974135,9,781271
36975347,5,780037
36982622,10,780037
36983835,2,780037
36985047,3,780037
36986259,3,780037
36987473,4,780037
36988684,6,780037
36989897,4,780037
36991109,5,780037
36992322,3,780037
36993534,4,780037
36994746,5,780037
36995959,4,780037
36997171,7,780037
36998384,4,780037
36999597,5,780037
37000809,4,780037
37002022,6,780037
37003234,10,776029
37004446,3,776029
37005659,7,776029
37006871,4,776029
37008083,5,776029
37009297,6,776029
37010508,6,776029
37011721,2,776029
37012933,7,776029
37014145,6,782710
37015358,6,782710
37016571,6,782710
37017783,5,782710
37018995,7,782710
37020207,5,782710
37021420,5,782710
37022632,6,782710
37023845,7,782710
37025057,4,777673
37026270,4,777673
37027482,6,777673
37028694,6,777673
37029908,6,777673
37031119,7,777673
37032333,5,777673
37033545,8,777673
37034757,6,777673
37035969,5,779266
37037181,7,779266
37038394,5,779266
37039606,6,779266
37040819,6,779266
37042031,7,779266
37043244,6,779266
37044456,5,779266
37045668,5,779266
37046881,6,776800
37048094,2,776800
37049306,7,776800
37050519,6,776800
37051731,4,776800
37052943,7,776800
37054156,7,776800
37055368,6,776800
37056581,5,776800
37057793,7,780757
37059006,11,780757
37066284,4,780757
37067493,6,780757
37068706,5,776954
37069918,3,782813
37071131,5,782813
37072343,4,782813
37073556,3,782813
37074769,1,782813
37075981,7,782813
37077194,4,782813
37078406,4,782813
37079618,3,782813
37080831,4,784303
37082043,2,784303
37083255,4,784303
37084468,3,784303
37085680,6,784303
37086893,4,784303
37088105,2,784303
37089317,6,784303
37090531,5,784303
37091742,3,783326
37092955,2,783326
37094168,3,783326
37095380,6,783326
37096593,4,783326
37097805,4,783326
37099017,5,783326
37100229,4,783326
37101442,3,783326
37102654,5,778187
37103867,3,778187
37105079,6,778187
37106291,3,778187
37107505,5,778187
37108716,4,778187
37109929,4,778187
37111141,4,778187
37112354,5,778187
37113566,4,778197
37114778,3,780757
37115991,5,780757
37117203,3,780757
37118416,5,780757
37119628,3,780757
37120843,2,780757
37122054,3,780757
37123266,5,780757
37124478,6,780566
37125691,7,784406
37126903,4,784406
37128116,4,784406
37129328,4,784406
37130540,4,784406
37131753,2,784406
37132966,4,784406
37134178,8,784406
37135390,2,784406
37136603,3,784406
37137816,6,784406
37139029,4,784406
37140241,5,784406
37141453,6,784406
37142665,5,784406
37151153,4,784406
37152365,8,784406
37153577,6,784406
37154790,7,784406
37156003,4,784406
37157214,7,780654
37158427,3,780654
37159640,6,780654
37160853,7,780654
37162064,5,780654
37163277,6,780654
37164489,6,780654
37165702,3,780654
37166914,9,780654
37168126,6,780192
37169339,4,780192
37170552,7,780192
37171763,8,780192
37172976,8,780192
37174189,7,780192
37175401,5,780192
37176613,8,780192
37177826,6,780192
37179038,5,782299
37180250,4,782299
37181463,6,782299
37182675,11,782299
37183887,5,782299
37185100,6,782299
37186313,5,782299
37187524,7,782299
37188737,4,782299
37189950,7,780294
37191162,5,780294
37192375,7,780294
37193587,5,780294
37194800,5,780294
37196011,4,780294
37197224,9,780294
37198437,5,780294
37199649,6,780294
37200862,4,782350
37202074,4,782350
37203286,5,782350
37204499,5,782350
37205712,5,782350
37206924,6,782350
37208136,6,782350
37209349,6,782350
37210561,8,782350
37211773,6,782915
37212986,5,782915
37214198,7,782915
37215411,4,782915
37216623,5,782915
37217836,10,782915
37219049,7,782915
37220261,6,782915
37221473,4,782915
37222686,7,776389
37223898,4,776389
37225111,6,776389
37226324,5,776389
37227535,5,776389
37236023,4,776389
37237236,7,776389
37238447,6,776389
37239661,5,776389
37240873,6,776389
37242086,5,776389
37243298,5,776389
37244510,8,780089
37245722,3,779010
37246935,5,779010
37248147,4,779010
37249360,4,779010
37250572,1,779010
37251785,1,779010
37252996,3,779010
37254209,4,779010
37255422,3,779010
37256634,4,780346
37257846,3,780346
37259059,4,780346
37260272,5,780346
37261484,7,780346
37262696,5,780346
37263908,3,780346
37265121,3,780346
37266333,4,780346
37267546,4,787129
37268758,1,787129
37269970,5,787129
37271182,4,787129
37272395,2,787129
37273607,4,787129
37274820,4,787129
37276032,5,787129
37277245,3,787129
37278457,3,834524
37279670,3,768988
37280882,5,768988
37282095,3,768988
37283307,3,768988
37284519,3,768988
37285732,2,768988
37286945,3,768988
37288156,4,768988
37289370,6,776286
37290581,4,776286
37291794,4,776286
37293006,4,776286
37294219,6,776286
37295431,2,776286
37296643,4,776286
37297856,3,776286
37299069,4,776286
37300282,6,776231
37301494,5,775207
37302706,3,775207
37303918,3,775207
37305131,4,775207
37306343,3,775207
37307556,4,775207
37308768,5,775207
37309981,5,775207
37311193,4,775361
37312406,9,775361
37320893,0,775361
37322105,1,775361
37323317,5,775361
37324530,7,775361
37325743,8,775361
37326955,6,775361
37328167,7,775361
37329380,8,775361
37330593,6,775361
37331805,7,779010
37333018,6,779010
37334230,5,779010
37335442,5,779010
37336655,6,779010
37337867,7,779010
37339080,4,779010
37340293,3,779010
37341505,3,779010
37342718,4,779010
37343930,7,781014
37345142,4,781014
37346355,10,781014
37347567,4,781014
37348780,7,781014
37349993,6,781014
37351205,4,781014
37352417,7,781014
37353630,7,781014
37354842,9,778650
37356055,5,778650
37357267,7,778650
37358480,6,778650
37359693,6,778650
37360905,7,778650
37362117,5,778650
37363330,7,778650
37364542,8,778650
37365755,4,777211
37366968,5,777211
37368180,8,777211
37369392,7,777211
37370605,4,777211
37371817,9,777211
37373030,6,777211
37374242,6,777211
37375454,7,777211
37376668,6,790110
37377879,3,790110
37379093,5,790110
37380305,6,790110
37381517,3,790110
37382729,5,790110
37383942,3,790110
37385154,6,790110
37386366,5,790110
37387579,7,773202
37388791,-2,773202
37390005,4,773202
37391217,8,773202
37392429,8,773202
37393642,8,773202
37394854,6,773202
37396066,5,773202
37397279,10,773202
37404554,3,773202
37405766,7,773202
37406979,8,773202
37408192,6,773202
37409403,5,783840
37410616,3,783840
37411829,7,783840
37413041,3,783840
37414253,6,783840
37415465,6,783840
37416678,8,783840
37417890,4,783840
37419103,7,783840
37420315,8,774538
37421528,3,774538
37422741,6,774538
37423953,3,774538
37425166,6,774538
37426377,13,774538
37427590,4,774538
37428803,7,774538
37430014,4,774538
37431227,8,779369
37432440,3,767446
37433652,5,767446
37434865,2,767446
37436077,5,767446
37437289,3,767446
37438502,1,767446
37439714,4,767446
37440926,4,767446
37442139,5,767446
37443352,3,783069
37444564,3,783069
37445777,2,783069
37446989,5,783069
37448202,6,783069
37449414,4,783069
37450627,5,783069
37451839,3,783069
37453051,2,783069
37454264,4,776491
37455477,5,776491
37456689,4,776491
37457901,2,776491
37459114,2,776491
37460326,5,776491
37461539,2,776491
37462751,3,776491
37463965,4,776491
37465176,9,727195
37466389,5,792731
37467602,3,792731
37468814,3,792731
37470026,2,792731
37471238,3,792731
37472451,2,792731
37473663,5,792731
37474877,4,792731
37476088,5,845162
37477301,4,779626
37478514,5,779626
37479726,3,779626
37480938,5,779626
37488213,8,779626
37489425,5,779626
37490638,6,779626
37491850,4,779626
37493063,4,779626
37494276,7,779626
37495487,9,779626
37496701,3,782299
37497912,4,782201
37499126,4,783481
37500337,3,783481
37501550,3,783481
37502762,4,783481
37503975,3,783481
37505187,3,783481
37506400,5,783481
37507613,1,783481
37508824,4,783481
37510037,4,783481
37511249,7,783481
37512461,7,783481
37513674,10,783481
37514886,6,783481
37516099,6,783481
37517311,7,783481
37518524,5,779164
37519736,5,779164
37520949,2,779164
37522162,9,779164
37523374,9,779164
37524586,8,779164
37525798,6,779164
37527011,6,779164
37528224,8,779164
37529436,6,779164
37530649,3,788671
37531861,4,788671
37533074,7,788671
37534286,7,788671
37535499,7,788671
37536711,6,788671
37537923,7,788671
37539137,5,788671
37540349,5,788671
37541561,5,770530
37542774,3,770530
37543986,7,770530
37545199,6,770530
37546411,5,770530
37547623,5,770530
37548836,6,770530
37550048,7,770530
37551261,6,770530
37552473,9,783172
37553686,4,783172
37554898,7,783172
37556111,8,783172
37557324,9,783172
37558536,6,783172
37559748,6,783172
37560960,4,783172
37562173,4,783172
37563386,8,782299
37564598,9,782299
37573085,4,782299
37574298,5,777468
37575511,3,777468
37576723,6,777468
37577936,7,777468
37579147,6,777468
37580360,6,777468
37581572,6,777468
37582786,7,777468
37583997,7,777468
37585210,6,777057
37586422,3,777057
37587635,6,777057
37588847,8,777057
37590061,6,777057
37591272,8,777057
37592485,7,777057
37593698,3,777057
37594910,6,777057
37596122,5,784663
37597335,4,784663
37598548,5,784663
37599760,7,784663
37600972,10,784663
37602185,8,784663
37603397,7,784663
37604610,7,784663
37605822,7,784663
37607035,5,775926
37608248,4,775926
37609460,8,775926
37610672,9,775926
37611885,7,775926
37613097,4,775926
37614310,7,775926
37615523,4,775926
37616735,6,775926
37617947,4,776594
37619160,4,786718
37620373,3,786718
37621585,4,786718
37622797,3,786718
37624010,1,786718
37625222,4,786718
37626434,5,786718
37627647,5,786718
37628859,4,786718
37630073,6,773151
37631284,5,773151
37632498,5,773151
37633709,3,773151
37634922,4,773151
37636135,4,773151
37637347,4,773151
37638561,3,773151
37639773,3,773151
37640985,5,779986
37642198,3,779986
37643410,3,779986
37644622,5,779986
37645835,2,779986
37647047,4,779986
37648260,4,779986
37649473,6,779986
37657961,5,779986
37659173,4,779986
37660385,4,779986
37661597,5,782299
37662810,3,777468
37664022,5,777468
37665235,4,777468
37666447,3,777468
37667659,4,777468
37668872,3,777468
37670085,4,777468
37671297,6,777468
37672510,2,777468
37673722,3,777347
37674934,3,786307
37676147,4,786307
37677359,3,786307
37678572,4,786307
37679785,3,786307
37680998,4,786307
37682209,5,786307
37683422,3,786307
37684635,3,786354
37685848,6,785074
37687060,3,785074
37688272,2,785074
37689485,5,785074
37690698,3,785074
37691909,4,785074
37693122,5,785074
37694334,4,785074
37695547,4,785074
37696759,4,785074
37697972,7,785074
37699185,6,785074
37700397,8,785074
37701609,6,785074
37702822,6,785074
37704034,5,785074
37705246,7,785074
37706460,4,785074
37707671,3,785074
37708884,5,785074
37710096,7,785074
37711309,10,785074
37712522,8,785074
37713734,7,785074
37714947,8,785074
37716159,6,785074
37717371,10,774795
37718584,5,774795
37719797,11,774795
37721009,8,774795
37722221,9,774795
37723433,2,774795
37724646,5,774795
37725858,10,774795
37727070,8,774795
37728283,9,780243
37729495,2,780243
37730709,4,780243
37731920,6,780243
37733133,4,780243
37734345,7,780243
37741620,12,780243
37742834,8,780243
37744046,8,780243
37745258,7,780243
37746471,7,780243
37747683,8,780243
37748896,7,780243
37750108,8,781425
37751321,4,781425
37752534,7,781425
37753745,7,781425
37754958,7,781425
37756170,8,781425
37757382,6,781425
37758596,8,781425
37759808,7,781425
37761021,5,777673
37762233,5,777673
37763445,8,777673
37764658,7,777673
37765870,5,777673
37767083,6,777673
37768296,6,777673
37769508,8,777673
37770720,4,777673
37771933,7,777879
37773145,5,777879
37774358,5,777879
37775570,6,777879
37776784,7,777879
37777996,9,777879
37779208,7,777879
37780420,6,777879
37781633,4,777879
37782845,6,773511
37784058,4,773511
37785270,8,773511
37786482,5,773511
37787695,3,773511
37788907,5,773511
37790121,5,773511
37791333,6,773511
37792545,5,773511
37793758,5,794016
37794970,4,794016
37796183,4,794016
37797396,7,794016
37798607,4,794016
37799821,8,794016
37801033,6,794016
37802245,6,794016
37803457,6,794016
37804670,6,771147
37805883,5,781990
37807096,4,781990
37808307,6,781990
37809520,4,781990
37810732,2,781990
37811945,4,781990
37813158,2,781990
37814370,7,781990
37815582,2,781990
37816795,2,777365
37818007,7,777365
37825284,0,777365
37826495,0,777365
37827708,13,783275
37828920,3,783275
37830132,2,783275
37831345,2,783275
37832557,4,783275
37833770,3,783275
37834982,6,783275
37836195,6,783275
37837407,4,783275
37838619,2,782864
37839832,3,782864
37841044,4,782864
37842257,4,782864
37843470,4,782864
37844682,5,782864
37845894,3,782864
37847107,3,782864
37848319,4,782864
37849533,4,773870
37850744,3,773870
37851957,5,773870
37853169,4,773870
37854382,5,773870
37855594,3,773870
37856807,3,773870
37858019,3,773870
37859232,-1,773870
37860444,3,773730
37861657,4,791138
37862869,3,791138
37864081,4,791138
37865294,4,791138
37866507,4,791138
37867719,5,791138
37868931,4,791138
37870144,4,791138
37871356,4,791159
37872569,5,783223
37873781,2,783223
37874994,5,783223
37876206,2,783223
37877419,3,783223
37878631,4,783223
37879843,4,783223
37881056,3,783223
37882268,4,783356
37883481,6,783356
37884694,8,783356
37885906,6,783356
37887118,8,783356
37888331,4,783356
37889544,3,783356
37890757,6,783356
37891968,6,777468
37893180,5,777468
37894393,4,777468
37895606,8,777468
37896818,7,777468
37898030,5,777468
37899243,5,777468
37900455,8,777468
37901668,5,777468
37910156,2,777468
37911368,7,777468
37912580,5,777468
37913793,7,777468
37915005,8,779061
37916217,5,779061
37917430,5,779061
37918642,6,779061
37919855,6,779061
37921067,7,779061
37922280,5,779061
37923492,7,779061
37924705,8,779061
37925918,7,774230
37927130,4,774230
37928342,6,774230
37929554,5,774230
37930767,6,774230
37931980,8,774230
37933193,5,774230
37934405,7,774230
37935617,5,774230
37936830,9,786307
37938042,3,786307
37939255,7,786307
37940466,6,786307
37941680,10,786307
