timestamp_us,acceleration,capacitance
603,2,0
1815,60,1740539
3028,32,1740539
4240,48,1740539
5451,2,1740539
6663,-58,1740539
7875,-82,1740539
9088,-43,1740539
10299,23,1740539
11511,83,1740539
12723,91,1751897
13936,53,1751897
15148,0,1751897
16359,-37,1751897
17571,-50,1751897
18784,-27,1751897
19996,6,1751897
21207,40,1751897
22419,56,1751897
23632,36,1764282
24844,-5,1764282
26055,-23,1764282
27267,-41,1764282
28479,-28,1764282
29691,7,1764282
30903,31,1764282
32115,41,1764282
33327,41,1764282
34539,20,1759399
35751,-28,1759913
36963,-45,1759913
38175,-42,1759913
39387,-18,1759913
40599,20,1759913
41811,50,1759913
43023,48,1759913
44235,26,1759913
45446,-8,1759913
46659,-40,1756316
47871,-44,1756316
49082,-26,1756316
50294,13,1756316
51507,36,1756316
52719,44,1756316
53931,22,1756316
55142,-5,1756316
56355,-32,1756316
57567,-38,1750612
58778,-14,1750612
59991,14,1750612
61202,33,1750612
62414,39,1750612
63625,52,1750612
64838,24,1750612
66049,-3,1750612
67262,-39,1750612
68473,-42,1768290
69686,21,1768290
70897,50,1768290
72109,35,1768290
73321,-18,1768290
74533,-46,1768290
75746,-51,1768290
76958,-13,1768290
78169,-34,1768290
86654,-85,1768290
87865,-116,1768290
89077,-67,1762791
90289,21,1762590
91502,76,1763614
92713,108,1763614
93925,98,1763614
95137,33,1763614
96349,-24,1763614
97561,-74,1763614
98773,-109,1763614
99986,-96,1763614
101197,-24,1763666
102409,51,1750098
103621,104,1750098
104833,116,1750098
106045,66,1750098
107257,-16,1750098
108469,-83,1750098
109681,-107,1750098
110894,-82,1750098
112106,-11,1750098
113317,63,1750098
114530,104,1750098
115741,94,1750098
116953,39,1750098
118165,-43,1750098
119378,-101,1750098
120590,-109,1750098
121802,-46,1750098
123013,35,1748299
124225,82,1748299
125437,107,1748299
126650,90,1748299
127861,41,1748299
129073,-48,1748299
130285,-99,1748299
131497,-91,1748299
132709,-23,1748299
133921,50,1763459
135133,87,1763459
136345,89,1763459
137557,59,1763459
138769,-9,1763459
139980,-52,1763459
141192,-64,1763459
142404,-34,1763459
143616,16,1763459
144828,56,1774868
146040,63,1774868
147252,47,1774868
148465,9,1774868
149676,-20,1774868
150888,-30,1774868
152101,-14,1774868
153312,21,1774868
154524,50,1774868
155736,61,1780573
156948,25,1780573
158160,-9,1780573
159372,-39,1780573
160584,-36,1780573
161796,-33,1780573
163008,-112,1780573
170280,-154,1780573
171492,-171,1780573
172704,-73,1780573
173916,30,1780573
175128,187,1780573
176340,210,1780573
177551,99,1774046
178764,-11,1774046
179976,-127,1774046
181187,-235,1774046
182399,-130,1774046
183611,17,1774046
184823,137,1774046
186035,125,1774046
187247,136,1774046
188459,25,1744188
189671,-70,1744188
190883,-118,1744188
192095,-94,1744188
193307,-38,1744188
194519,45,1744188
195731,111,1744188
196943,125,1744188
198154,79,1744188
199366,-26,1747579
200578,-95,1747579
201790,-120,1747579
203002,-83,1747579
204214,25,1747579
205426,83,1747579
206639,124,1747579
207851,123,1747579
209062,40,1747579
210274,-38,1747682
211486,-111,1749276
212698,-103,1749276
213909,-60,1749276
215121,35,1749276
216334,103,1749276
217545,148,1749276
218757,96,1749276
219969,-5,1749276
221182,-61,1749276
222393,-125,1736839
223605,-87,1736839
224818,-23,1736839
226030,59,1736839
227241,98,1736839
228453,106,1736839
229665,46,1736839
230877,-23,1736839
232089,-78,1736839
233301,-87,1732111
234513,-59,1732111
235725,0,1732111
236936,59,1732111
238149,82,1732111
239360,73,1732111
240573,34,1732111
241784,-19,1732111
242996,-52,1732111
244209,-59,1721575
245421,-32,1721575
246633,-45,1721575
255116,-35,1722449
256329,-24,1722449
257541,5,1722449
258752,25,1722449
259964,40,1722449
261176,24,1722449
262389,-4,1722449
263600,-17,1722449
264813,7,1722449
266024,41,1722512
267236,49,1725584
268448,30,1725584
269660,-19,1725584
270872,-49,1725584
272084,-56,1725584
273296,-22,1725584
274508,12,1725584
275720,43,1725584
276932,55,1725665
278144,43,1747425
279356,28,1747425
280568,18,1747425
281780,-10,1747425
282992,-22,1747425
284204,-43,1747425
285416,-30,1747425
286628,-5,1747425
287840,31,1747425
289051,47,1747425
290263,45,1747425
291475,32,1747425
292687,-1,1747425
293899,-31,1747425
295112,-41,1747425
296323,-30,1747425
297535,7,1747425
298747,35,1758423
299959,36,1758423
301171,26,1758423
302383,3,1758423
303595,-19,1758423
304807,-25,1758423
306019,-9,1758423
307231,12,1758423
308443,30,1758423
309655,38,1754363
310867,19,1754363
312079,6,1754363
313290,4,1754363
314502,1,1754363
315715,-13,1754363
316927,-11,1754363
318139,22,1754363
319351,18,1754363
320562,10,1752667
321775,9,1752667
322986,-2,1752667
324199,-4,1752667
325410,-12,1752667
326622,-5,1752667
327834,4,1752667
329046,8,1752667
330258,16,1752667
331470,19,1752667
338741,27,1752667
339953,33,1752667
341166,35,1752667
342378,38,1757704
343589,21,1757704
344801,11,1757704
346013,-4,1757704
347225,-3,1757704
348437,-9,1757704
349649,-4,1757704
350860,4,1757704
352072,-2,1757704
353284,8,1763716
354497,39,1763716
355708,66,1763716
356920,36,1763716
358132,-17,1763716
359344,-15,1763716
360555,-82,1763716
361768,-67,1763716
362980,29,1763716
364191,37,1762020
365404,67,1762020
366615,40,1762020
367827,11,1762020
369039,-9,1762020
370251,-38,1762020
371463,-33,1762020
372676,-18,1762020
373887,4,1762020
375099,29,1736119
376311,37,1736119
377523,35,1736119
378735,10,1736119
379947,-17,1736119
381158,-30,1736119
382370,-17,1736119
383583,3,1736119
384795,14,1736119
386006,28,1704874
387218,37,1696805
388430,15,1696805
389643,1,1696805
390854,-11,1696805
392066,-17,1696805
393278,-11,1696805
394490,4,1696805
395702,16,1696805
396913,19,1696805
398126,17,1687657
399338,3,1687657
400549,-9,1687657
401761,-15,1687657
402973,-7,1687657
404185,4,1687657
405397,9,1687657
406609,21,1687657
407821,13,1687657
409033,-1,1687657
410244,-9,1687657
411457,-12,1687657
412668,-4,1687657
413880,5,1687657
415092,7,1687657
423575,10,1687657
424788,9,1687657
426000,0,1687657
427212,10,1687657
428423,3,1687657
429635,24,1687246
430848,8,1640930
432059,-3,1706466
433271,-9,1706466
434483,-1,1706466
435695,7,1706466
436907,23,1706466
438119,13,1706466
439331,7,1706466
440542,-4,1706466
441754,-14,1706462
442967,3,1691614
444179,9,1691614
445391,15,1691614
446602,16,1691614
447815,8,1691614
449026,4,1691614
450238,2,1691614
451451,0,1691614
452662,-4,1691645
453873,10,1713661
455085,8,1713661
456297,9,1713661
457509,2,1713661
458722,-6,1713661
459934,-12,1713661
461145,3,1713661
462358,3,1713661
463570,12,1713661
464781,12,1713661
465993,10,1713661
467205,5,1713661
468416,0,1713661
469628,-5,1713661
470841,-3,1713661
472052,5,1713661
473264,14,1713661
474477,21,1699734
475688,18,1699734
476900,11,1699734
478112,-3,1699734
479324,-10,1699734
480535,-6,1699734
481748,1,1699734
482960,12,1699734
484171,19,1699734
485383,29,1718389
486595,22,1718389
487807,17,1718389
489019,1,1718389
490231,0,1718389
491442,-1,1718389
492654,12,1718389
493866,44,1718389
495078,61,1718389
496290,4,1727845
497501,-55,1727845
498713,-69,1727845
499925,84,1739203
507198,32,1736788
508410,-16,1736788
509622,-80,1736788
510834,-94,1736788
512046,-60,1736788
513258,7,1736788
514470,71,1736788
515682,101,1736788
516894,75,1736788
518106,30,1736788
519318,14,1736788
520529,-37,1736788
521742,-67,1736788
522954,-62,1736788
524165,-17,1736788
525378,32,1736788
526590,75,1736788
527801,74,1736788
529013,36,1742338
530226,-17,1742338
531438,-50,1742338
532649,-57,1742338
533861,-31,1742338
535073,10,1742338
536285,43,1742338
537497,64,1742338
538709,51,1742338
539922,8,1751331
541133,-35,1751331
542346,-50,1751331
543558,-44,1751331
544769,-10,1751331
545981,32,1751331
547193,57,1751331
548405,96,1751331
549617,75,1751331
550829,24,1751331
552041,-46,1751331
553253,-89,1751331
554464,-90,1751331
555676,-42,1751331
556888,24,1751331
558100,79,1751331
559312,113,1751331
560525,105,1751331
561736,72,1763562
562948,-22,1765669
564161,-77,1765669
565372,-67,1765669
566584,-99,1765669
567796,-59,1765669
569008,-7,1765669
570221,54,1765669
571432,104,1765669
572644,97,1765669
573856,30,1760838
575068,-47,1760838
576279,-48,1760838
577492,-53,1760838
578704,-53,1760838
579916,-21,1760838
581127,32,1760838
582340,68,1760838
583551,10,1760838
592035,51,1760838
593247,85,1760838
594458,92,1750200
595670,59,1767211
596882,10,1767211
598095,-41,1767211
599306,-81,1767211
600518,-72,1767211
601730,-35,1767211
602942,26,1767211
604154,73,1767211
605366,86,1767211
606577,51,1744547
607790,-11,1744547
609002,-50,1744547
610214,-75,1744547
611425,-58,1744547
612638,-17,1744547
613849,32,1744547
615062,66,1744547
616274,63,1744547
617485,44,1744422
618697,-10,1724454
619909,-46,1724454
621122,-59,1724454
622333,-39,1724454
623545,5,1724454
624757,46,1724454
625970,70,1724454
627181,57,1724454
628394,10,1724663
629605,-35,1725687
630818,-52,1725687
632030,-51,1725687
633241,-23,1725687
634453,16,1725687
635665,41,1725687
636878,57,1725687
638090,50,1725687
639301,14,1725687
640513,-23,1725687
641725,-42,1725687
642938,-46,1725687
644149,-22,1725687
645361,19,1725687
646573,48,1725687
647785,51,1725687
648998,39,1713045
650209,2,1713045
651421,-25,1713045
652633,-27,1713045
653844,-14,1713045
655058,9,1713045
656269,32,1713045
657481,30,1713045
658693,16,1713045
659905,2,1713045
661117,-5,1704154
662329,-12,1704154
663541,-9,1704154
664753,-6,1704154
665965,9,1704154
667177,22,1704154
668389,-3,1704154
675661,11,1704154
676873,17,1704154
678085,23,1704154
679298,22,1704154
680510,10,1704154
681721,-11,1704154
682933,-11,1705901
684145,-3,1705901
685357,14,1705901
686570,23,1705901
687781,26,1705901
688993,11,1705901
690204,2,1705901
691416,-8,1705901
692629,-9,1705901
693840,4,1696085
695052,7,1696085
696265,16,1696085
697476,19,1696085
698688,11,1696085
699901,3,1696085
701112,-6,1696085
702324,-7,1696085
703537,0,1696085
704749,7,1694749
705961,9,1694749
707173,11,1694749
708385,7,1694749
709597,5,1694749
710809,0,1694749
712022,-11,1694749
713233,-7,1694749
714445,15,1694749
715658,28,1669054
716869,34,1669054
718082,25,1669054
719293,6,1669054
720506,-13,1669054
721718,-26,1669054
722930,-11,1669054
724142,2,1669054
725354,22,1669054
726566,34,1682467
727778,26,1682467
728990,16,1682467
730202,-4,1682467
731414,-20,1682467
732627,-21,1682467
733838,-8,1682467
735051,18,1682467
736262,30,1682467
737474,37,1681439
738686,29,1680617
739898,12,1680617
741110,-7,1680617
742322,-16,1680617
743534,-20,1680617
744746,-15,1680617
745958,3,1680617
747170,21,1680617
748382,30,1680617
749594,16,1670493
750806,7,1670493
752018,18,1670493
759291,22,1670493
760501,10,1670493
761713,5,1670493
762925,-1,1670493
764137,-7,1670493
765349,-6,1670493
766562,0,1670493
767773,10,1670493
768986,19,1670493
770197,23,1662322
771410,9,1663606
772622,3,1663606
773834,-4,1663606
775045,-9,1663606
776257,-3,1663606
777470,5,1663606
778682,14,1663606
779894,9,1663606
781106,11,1663606
782318,4,1664788
783530,-1,1664788
784742,-4,1664788
785955,-4,1664788
787166,0,1664788
788379,7,1664788
789590,10,1664788
790802,10,1664788
792015,5,1664788
793226,3,1664983
794439,1,1620695
795651,-2,1620695
796863,3,1620695
798075,5,1620695
799287,7,1620695
800499,10,1620695
801711,9,1620695
802924,4,1620695
804136,5,1620702
805347,4,1663966
806559,2,1663966
807772,1,1663966
808984,4,1663966
810196,7,1663966
811408,8,1663966
812620,6,1663966
813832,4,1663966
815044,0,1663966
816256,-1,1663966
817469,7,1663966
818680,10,1663966
819892,7,1663966
821104,8,1663966
822316,10,1663966
823528,7,1663966
824740,3,1640583
825952,0,1640583
827165,3,1640583
828377,9,1640583
829589,12,1640583
830801,12,1640583
832013,11,1640583
833225,5,1640583
834437,3,1640583
835649,6,1640583
844134,1,1640583
845345,-1,1640583
846558,1,1640583
847769,2,1643255
848981,5,1643255
850193,15,1643255
851405,14,1643255
852617,12,1643255
853829,7,1643255
855041,0,1643255
856254,1,1643255
857466,2,1643255
858678,7,1649062
859890,10,1649062
861102,14,1649062
862315,10,1649062
863526,10,1649062
864738,5,1649062
865950,3,1649062
867163,2,1649062
868374,6,1649062
869586,11,1660882
870798,10,1660882
872010,12,1660882
873223,10,1660882
874434,10,1660882
875646,5,1660882
876858,3,1660882
878070,4,1660882
879282,5,1660882
880494,6,1680514
881706,7,1680514
882918,23,1680514
884130,4,1680514
885343,4,1680514
886554,7,1680514
887766,1,1680514
888979,2,1680514
890190,7,1680514
891402,16,1678972
892614,12,1678972
893826,4,1678972
895038,26,1678972
896250,11,1678972
897462,-3,1678972
898674,-2,1678972
899886,5,1678972
901098,21,1678972
902311,27,1687452
903523,21,1687452
904735,13,1687452
905947,3,1687452
907159,-17,1687452
908371,-19,1687452
909583,-7,1687452
910795,12,1687452
912007,20,1687452
913219,26,1687657
914431,15,1687657
915643,7,1687657
916855,-3,1687657
918067,-13,1687657
919279,-7,1687657
920491,3,1687657
927763,-2,1687657
928976,-7,1687657
930188,-1,1687657
931399,3,1687657
932612,14,1687657
933824,18,1687657
935036,14,1690895
936248,4,1682724
937460,3,1682724
938672,-6,1682724
939884,-6,1682724
941096,2,1682724
942308,9,1682724
943520,14,1682724
944732,10,1682724
945944,6,1682724
947157,-1,1666227
948368,-2,1666227
949580,-7,1666227
950792,-3,1666227
952004,3,1666227
953216,7,1666227
954428,9,1666227
955640,8,1666227
956852,3,1666227
958064,2,1668694
959277,-2,1668694
960489,3,1668694
961701,4,1668694
962912,6,1668694
964124,8,1668694
965336,9,1668694
966548,7,1668694
967761,5,1668694
968972,3,1668628
970185,3,1650964
971397,2,1650964
972608,-1,1650964
973821,4,1650964
975033,0,1650964
976245,6,1650964
977457,7,1650964
978669,15,1650964
979881,5,1651154
981093,5,1674450
982305,-3,1674450
983517,-9,1674450
984729,0,1674450
985941,5,1674450
987154,13,1674450
988365,13,1674450
989577,9,1674450
990790,3,1674450
992001,-5,1674450
993213,-1,1674450
994426,0,1674450
995638,8,1674450
996849,15,1674450
998062,14,1674450
999274,10,1674450
1000486,4,1674450
1001698,-3,1674450
1002910,-3,1674450
1004122,15,1674450
1011394,5,1674450
1012606,1,1675940
1013819,-5,1675940
1015030,1,1675940
1016242,10,1675940
1017455,13,1675940
1018666,13,1675940
1019879,11,1675940
1021090,2,1675940
1022303,1,1675940
1023515,3,1679538
1024726,3,1679538
1025939,11,1679538
1027151,17,1679538
1028363,14,1679538
1029575,10,1679538
1030787,1,1679538
1031999,-1,1679538
1033211,1,1679538
1034423,5,1687914
1035635,8,1687914
1036847,8,1687914
1038059,9,1687914
1039271,6,1687914
1040483,4,1687914
1041695,4,1687914
1042907,2,1687914
1044120,5,1687914
1045331,6,1680411
1046543,11,1680411
1047756,11,1680411
1048968,9,1680411
1050180,5,1680411
1051392,1,1680411
1052604,1,1680411
1053816,4,1680411
1055028,7,1680411
1056240,14,1686732
1057452,8,1686732
1058664,5,1686732
1059876,4,1686732
1061088,4,1686732
1062300,0,1686732
1063512,2,1686732
1064724,5,1686732
1065936,12,1686732
1067148,12,1672497
1068360,6,1672497
1069572,9,1672497
1070784,4,1672497
1071996,3,1672497
1073209,7,1672497
1074420,7,1672497
1075633,11,1672497
1076844,10,1672497
1078057,7,1676763
1079270,3,1676763
1080482,4,1676763
1081694,5,1676763
1082905,4,1676763
1084117,9,1676763
1085329,11,1676763
1086542,9,1676763
1087754,7,1676763
1095121,7,1676763
1096238,12,1676763
1097450,7,1676763
1098663,7,1676763
1099875,4,1677636
1101087,2,1668591
1102299,2,1668591
1103511,4,1668591
1104723,3,1668591
1105935,4,1668591
1107147,5,1668591
1108359,4,1668591
1109571,7,1668591
1110783,6,1668591
1111995,4,1669362
1113208,3,1669362
1114419,1,1669362
1115632,2,1669362
1116845,5,1669362
1118056,4,1669362
1119267,6,1669362
1120480,9,1669362
1121692,5,1669362
1122904,3,1662013
1124116,4,1662013
1125328,2,1662013
1126540,3,1662013
1127753,4,1662013
1128964,4,1662013
1130177,9,1662013
1131389,4,1662013
1132600,3,1662013
1133813,3,1671829
1135024,6,1671829
1136236,5,1671829
1137449,-1,1671829
1138661,1,1671829
1139872,12,1671829
1141084,7,1671829
1142297,4,1671829
1143508,1,1671829
1144721,5,1671829
1145932,3,1671829
1147144,2,1671829
1148356,4,1671829
1149568,5,1671829
1150780,3,1671829
1151992,7,1671829
1153204,2,1671829
1154416,1,1671829
1155628,3,1671843
1156841,3,1675683
1158052,4,1675683
1159264,6,1675683
1160477,7,1675683
1161688,6,1675683
1162900,6,1675683
1164112,7,1675683
1165324,4,1675683
1166536,5,1675575
1167748,2,1687863
1168960,4,1687863
1170173,0,1687863
1171384,2,1687863
1179868,-1,1687863
1181081,1,1687863
1182292,5,1687863
1183504,10,1687863
1184717,6,1687863
1185928,10,1687863
1187140,8,1687863
1188352,9,1676300
1189564,6,1676300
1190776,3,1676300
1191988,3,1676300
1193201,4,1676300
1194412,4,1676300
1195624,3,1676300
1196836,8,1676300
1198048,8,1676300
1199260,12,1675786
1200473,7,1675786
1201684,11,1675786
1202896,4,1675786
1204108,1,1675786
1205320,4,1675786
1206532,12,1675786
1207744,14,1675786
1208956,13,1675786
1210168,12,1676968
1211380,6,1676968
1212592,2,1676968
1213803,1,1676968
1215016,1,1676968
1216228,5,1676968
1217440,8,1676968
1218652,16,1676968
1219864,15,1676968
1221076,9,1674398
1222288,4,1674398
1223500,0,1674398
1224712,-1,1674398
1225924,2,1674398
1227136,7,1674398
1228348,11,1674398
1229559,13,1674398
1230772,8,1674398
1231984,6,1672600
1233195,5,1672600
1234408,1,1672600
1235619,2,1672600
1236831,6,1672600
1238044,9,1672600
1239256,7,1672600
1240467,7,1672600
1241679,10,1672600
1242892,3,1633337
1244104,2,1633337
1245316,5,1633337
1246528,6,1633337
1247740,6,1633337
1248952,11,1633337
1250164,9,1633337
1251376,12,1633337
1252588,6,1633337
1253800,5,1653328
1255012,3,1653328
1256224,3,1653328
1263497,8,1653328
1264708,3,1628249
1265920,6,1628249
1267132,8,1628249
1268344,7,1628249
1269557,10,1628249
1270768,7,1628249
1271980,9,1628249
1273192,4,1628249
1274405,2,1628249
1275617,8,1593714
1276829,8,1051023
1278041,4,1051023
1279253,6,1051023
1280465,4,1051023
1281677,8,1051023
1282889,1,1051023
1284101,5,1051023
1285313,7,1051023
1286526,6,1051023
1287737,5,1652711
1288949,5,1652711
1290161,2,1652711
1291373,5,1652711
1292585,3,1652711
1293797,5,1652711
1295010,5,1652711
1296221,5,1652711
1297433,5,1652711
1298646,6,1658159
1299857,3,1658159
1301069,1,1658159
1302281,3,1658159
1303493,3,1658159
1304705,4,1658159
1305917,5,1658159
1307129,4,1658159
1308341,4,1658159
1309553,5,1655486
1310765,3,1655486
1311977,4,1655486
1313189,3,1655486
1314401,4,1655486
1315613,6,1655486
1316825,6,1655486
1318037,5,1655486
1319249,4,1655486
1320461,4,1661499
1321673,2,1661499
1322885,4,1661499
1324098,2,1661499
1325309,1,1661499
1326521,3,1661499
1327733,1,1661499
1328945,5,1661499
1330157,5,1661499
1331369,4,1661538
1332581,5,1658210
1333794,5,1658210
1335006,4,1658210
1336218,4,1658210
1337429,-1,1658210
1338642,1,1658210
1339853,6,1658210
1347126,3,1658210
1348337,2,1658210
1349550,3,1658210
1350762,8,1658210
1351973,9,1678047
1353186,10,1678047
1354398,7,1678047
1355609,7,1678047
1356822,6,1678047
1358033,6,1678047
1359245,6,1678047
1360458,5,1678047
1361670,9,1678047
1362882,8,1665199
1364094,4,1665199
1365306,4,1665199
1366518,7,1665199
1367730,4,1665199
1368942,6,1665199
1370154,6,1665199
1371366,8,1665199
1372578,8,1665199
1373790,7,1665199
1375003,5,1671983
1376214,6,1671983
1377426,4,1671983
1378639,7,1671983
1379851,5,1671983
1381063,6,1671983
1382274,6,1671983
1383486,9,1671983
1384699,6,1671983
1385911,7,1666176
1387122,5,1666176
1388334,6,1666176
1389546,7,1666176
1390758,4,1666176
1391971,3,1666176
1393182,7,1666176
1394394,5,1666176
1395606,8,1666176
1396818,7,1666484
1398030,5,1666484
1399242,5,1666484
1400454,5,1666484
1401666,7,1666484
1402878,5,1666484
1404090,7,1666484
1405302,4,1666484
1406514,6,1666484
1407726,4,1658775
1408937,6,1658775
1410150,7,1658775
1411362,5,1658775
1412574,6,1658775
1413786,7,1658775
1414998,5,1658775
1416210,9,1658775
1417422,4,1658775
1418634,4,1662424
1419846,3,1662424
1421058,6,1662424
1422271,3,1662424
1423482,6,1662219
1430754,0,1662219
1431966,2,1662219
1433179,7,1662219
1434391,5,1662219
1435603,6,1662219
1436815,6,1662219
1438027,7,1662219
1439239,5,1662219
1440451,7,1666793
1441663,7,1666793
1442875,11,1666793
1444087,8,1666793
1445299,7,1666793
1446511,3,1666793
1447723,7,1666793
1448935,9,1666793
1450147,8,1666793
1451359,5,1677276
1452572,3,1677276
1453783,2,1677276
1454995,5,1677276
1456207,5,1677276
1457419,9,1677276
1458632,10,1677276
1459844,7,1677276
1461055,12,1677276
1462267,7,1686218
1463480,3,1688171
1464691,1,1688171
1465903,2,1688171
1467116,0,1688171
1468327,8,1688171
1469539,9,1688171
1470751,9,1688171
1471963,8,1688171
1473175,9,1688171
1474388,1,1700916
1475599,1,1700916
1476811,-1,1700916
1478023,4,1700916
1479235,6,1700916
1480447,7,1700916
1481660,9,1700916
1482871,5,1700916
1484083,4,1700916
1485296,3,1645659
1486507,4,1711195
1487719,4,1711195
1488932,6,1711195
1490144,8,1711195
1491356,7,1711195
1492568,1,1711195
1493780,4,1711195
1494992,2,1711195
1496204,3,1710424
1497416,-2,1710424
1498628,-1,1710424
1499841,2,1710424
1501052,7,1710424
1502264,5,1710424
1503476,5,1710424
1504688,3,1710424
1505900,-4,1710424
1507112,10,1710424
1515597,6,1710424
1516809,5,1710578
1518022,2,1710572
1519234,1,1709036
1520446,6,1709036
1521658,9,1709036
1522870,6,1709036
1524082,7,1709036
1525294,3,1709036
1526507,3,1709036
1527718,4,1709036
1528931,9,1709036
1530142,4,1709036
1531355,6,1709036
1532567,6,1709036
1533779,4,1709036
1534991,3,1709036
1536203,2,1709036
1537415,3,1709036
1538627,5,1714895
1539839,4,1714895
1541051,4,1714895
1542264,6,1714895
1543475,1,1714895
1544687,8,1714895
1545900,14,1714895
1547111,6,1714895
1548324,1,1714895
1549536,0,1714895
1550748,3,1708368
1551960,4,1708368
1553172,9,1708368
1554384,10,1708368
1555596,12,1708368
1556808,7,1708368
1558020,7,1708368
1559232,8,1708368
1560445,3,1708368
1561656,1,1705644
1562868,3,1705644
1564080,8,1705644
1565292,9,1705644
1566504,9,1705644
1567716,2,1705644
1568928,2,1705644
1570140,1,1705644
1571353,4,1705644
1572565,7,1707957
1573777,9,1707957
1574989,11,1707957
1576201,11,1707957
1577413,3,1707957
1578625,2,1707957
1579837,0,1707957
1581049,3,1707957
1582261,4,1707957
1583474,10,1703126
1584685,15,1703126
1585898,11,1703126
1587110,9,1703126
1588323,4,1703126
1589534,4,1703126
1590746,2,1703126
1591958,7,1703126
1599231,4,1703126
1600443,6,1703126
1601655,7,1703126
1602867,8,1703126
1604079,7,1703126
1605291,6,1710938
1606504,4,1710938
1607715,7,1710938
1608927,7,1710938
1610139,10,1710938
1611351,9,1710938
1612564,5,1710938
1613776,3,1710938
1614988,2,1710938
1616200,3,1712171
1617412,0,1712171
1618624,10,1712171
1619836,13,1712171
1621048,14,1712171
1622260,15,1712171
1623473,9,1712171
1624685,4,1712171
1625896,-3,1712171
1627109,-3,1719931
1628321,-1,1719931
1629533,10,1719931
1630746,13,1719931
1631957,16,1719931
1633170,9,1719931
1634382,9,1719931
1635594,-3,1719931
1636806,-3,1719931
1638017,-3,1707957
1639230,4,1711349
1640442,8,1711349
1641654,13,1711349
1642866,9,1711349
1644078,3,1711349
1645291,3,1711349
1646503,-3,1711349
1647715,-5,1711349
1648926,1,1711349
1650139,9,1697113
1651351,11,1697113
1652563,10,1697113
1653775,6,1697113
1654987,1,1697113
1656199,-4,1697113
1657411,-3,1697113
1658623,3,1697113
1659836,5,1697113
1661047,6,1649821
1662259,13,1715357
1663472,5,1715357
1664683,4,1715357
1665895,-2,1715357
1667108,-4,1715357
1668319,1,1715357
1669532,4,1715357
1670744,7,1715357
1671956,8,1768251
1673168,8,1702715
1674380,7,1702715
1675592,12,1702753
1684076,8,1726561
1685289,4,1726561
1686500,3,1726561
1687712,4,1726561
1688924,11,1726561
1690137,15,1726561
1691349,12,1726561
1692560,7,1726561
1693773,4,1726473
1694985,-1,1716745
1696197,-4,1716745
1697409,-4,1716745
1698620,3,1716745
1699833,4,1716745
1701045,9,1716745
1702257,10,1716745
1703469,12,1716745
1704681,11,1716792
1705892,2,1729336
1707105,1,1729336
1708317,-3,1729336
1709529,0,1729336
1710741,0,1729336
1711953,5,1729336
1713165,7,1729336
1714377,8,1729336
1715589,3,1729336
1716801,3,1729336
1718013,2,1729336
1719225,3,1729336
1720437,5,1729336
1721649,9,1729336
1722861,10,1729336
1724073,8,1729336
1725285,5,1729336
1726497,2,1712017
1727710,2,1712017
1728922,8,1712017
1730133,9,1712017
1731346,9,1712017
1732557,7,1712017
1733769,5,1712017
1734981,5,1712017
1736193,4,1712017
1737405,4,1716950
1738617,3,1716950
1739829,6,1716950
1741041,8,1716950
1742253,8,1716950
1743465,10,1716950
1744677,10,1716950
1745889,5,1716950
1747101,8,1716950
1748313,5,1697936
1749525,3,1697936
1750737,3,1697936
1751949,6,1697936
1753162,8,1697936
1754374,10,1697936
1755585,3,1697936
1756797,7,1697936
1758009,2,1697936
1759222,1,1696445
1760434,1,1696445
1768917,7,1696445
1770130,6,1692077
1771342,4,1692077
1772554,7,1692077
1773766,6,1692077
1774978,8,1692077
1776189,10,1692077
1777401,8,1692077
1778614,8,1692077
1779826,6,1692077
1781037,5,1684420
1782250,3,1684420
1783462,6,1684420
1784674,7,1684420
1785886,7,1684420
1787098,7,1684420
1788309,8,1684420
1789522,10,1684420
1790734,3,1684420
1791945,6,1683855
1793157,4,1683855
1794369,6,1683855
1795581,3,1683855
1796794,7,1683855
1798005,4,1683855
1799217,8,1683855
1800429,9,1683855
1801641,13,1683855
1802853,11,1687554
1804064,6,1687554
1805277,10,1687554
1806488,6,1687554
1807700,6,1687554
1808912,4,1687554
1810124,4,1687554
1811336,9,1687554
1812548,5,1687554
1813760,7,1692128
1814972,9,1697833
1816185,11,1697833
1817397,4,1697833
1818608,2,1697833
1819821,-2,1697833
1821032,-3,1697833
1822245,1,1697833
1823456,5,1697833
1824669,8,1697833
1825881,7,1691614
1827093,10,1691614
1828305,5,1691614
1829517,2,1691614
1830729,-3,1691614
1831941,-1,1691614
1833153,0,1691614
1834365,4,1691614
1835577,5,1691614
1836789,6,1691614
1838001,7,1691614
1839213,5,1691614
1840425,1,1691614
1841637,1,1691614
1842849,2,1691614
1844061,6,1691614
1845273,11,1691614
1853757,14,1691614
1854969,7,1691614
1856181,8,1691614
1857394,2,1692180
1858606,2,1644168
1859818,1,1709704
1861031,7,1709704
1862242,11,1709704
1863454,13,1709704
1864667,10,1709704
1865879,6,1709704
1867091,4,1709704
1868302,-3,1709704
1869514,1,1709729
1870727,2,1702561
1871938,4,1702561
1873151,9,1702561
1874363,11,1702561
1875575,10,1702561
1876787,16,1702561
1877999,12,1702561
1879211,3,1702561
1880423,-3,1702560
1881635,-3,1716128
1882847,-4,1716128
1884060,0,1716128
1885271,6,1716128
1886484,9,1716128
1887696,9,1716128
1888907,7,1716128
1890119,3,1716128
1891332,1,1716128
1892543,-1,1716128
1893756,1,1716128
1894967,3,1716128
1896179,10,1716128
1897391,13,1716128
1898603,12,1716128
1899816,9,1716128
1901028,2,1699374
1902239,0,1699374
1903451,-2,1699374
1904664,8,1699374
1905875,9,1699374
1907088,8,1699374
1908299,10,1699374
1909511,9,1699374
1910724,4,1699374
1911935,3,1699374
1913148,5,1712942
1914359,5,1712942
1915571,7,1712942
1916784,2,1712942
1917995,3,1712942
1919208,9,1712942
1920419,8,1712942
1921632,6,1712942
1922844,9,1712942
1924055,4,1701276
1925268,-1,1701276
1926480,1,1701276
1927693,5,1701276
1928904,5,1701276
1930116,-8,1701276
1937389,-2,1701276
1938600,11,1701276
1939813,29,1701276
1941025,34,1701276
1942236,21,1701276
1943449,6,1701276
1944661,-10,1701276
1945873,-23,1704514
1947085,-21,1704514
1948298,-2,1704514
1949510,13,1704514
1950722,24,1704514
1951933,23,1704514
1953145,19,1704514
1954357,5,1704514
1955569,-6,1704514
1956781,-14,1697473
1957994,-7,1697473
1959206,7,1697473
1960418,16,1697473
1961630,18,1697473
1962841,19,1697473
1964054,16,1697473
1965267,5,1697473
1966478,-1,1697473
1967690,1,1667923
1968902,0,1667923
1970115,8,1667923
1971327,13,1667923
1972539,19,1667923
1973751,18,1667923
1974963,5,1667923
1976175,-2,1667923
1977387,-1,1667923
1978599,1,1677071
1979810,1,1677071
1981022,7,1677071
1982235,13,1677071
1983447,15,1677071
1984659,12,1677071
1985871,3,1677071
1987083,2,1677071
1988295,1,1677071
1989507,1,1674244
1990719,5,1671521
1991931,10,1671521
1993144,10,1671521
1994355,6,1671521
1995567,4,1671521
1996779,-1,1671521
1997992,1,1671521
1999204,2,1671521
2000416,0,1671521
2001628,6,1660934
2002840,8,1660934
2004051,9,1660934
2005264,5,1660934
2006476,4,1660934
2007688,2,1660934
2008900,-1,1660934
2010111,1,1660934
2011324,3,1660934
2012536,4,1679846
2013748,1,1679846
2021121,2,1679846
2022232,4,1679846
2023444,2,1679846
2024656,4,1679846
2025868,11,1679846
2027080,9,1679846
2028292,5,1679846
2029504,4,1679846
2030716,3,1679846
2031928,5,1679846
2033140,6,1672446
2034352,10,1675478
2035565,4,1675478
2036776,2,1675478
2037988,3,1675478
2039201,-1,1675478
2040413,-2,1675478
2041624,2,1675478
2042837,5,1675478
2044049,5,1675478
2045261,7,1675474
2046473,9,1660626
2047685,9,1660626
2048896,2,1660626
2050108,1,1660626
2051321,-1,1660626
2052533,2,1660626
2053745,5,1660626
2054957,6,1660626
2056169,4,1660437
2057381,7,1692437
2058593,-2,1692437
2059805,2,1692437
2061018,2,1692437
2062229,4,1692437
2063441,5,1692437
2064654,11,1692437
2065865,8,1692437
2067077,12,1692437
2068290,4,1692437
2069501,1,1692437
2070713,1,1692437
2071925,5,1692437
2073138,4,1692437
2074350,12,1692437
2075562,18,1692437
2076775,13,1676351
2077987,6,1676351
2079198,-5,1676351
2080410,-4,1676351
2081622,-1,1676351
2082834,8,1676351
2084047,14,1676351
2085259,15,1676351
2086470,10,1676351
2087683,12,1676351
2088895,4,1690895
2090107,2,1690895
2091319,4,1690895
2092531,5,1690895
2093743,9,1690895
2094955,10,1690895
2096167,15,1690895
2097379,5,1690895
2104652,18,1690895
2105863,10,1690895
2107076,12,1690895
2108288,9,1690895
2109500,4,1690895
2110712,2,1689867
2111924,5,1689867
2113136,9,1689867
2114348,10,1689867
2115560,12,1689867
2116772,14,1689867
2117984,10,1689867
2119196,4,1689867
2120408,-1,1689867
2121620,0,1682878
2122832,0,1682878
2124044,5,1682878
2125256,7,1682878
2126469,7,1682878
2127680,14,1682878
2128892,5,1682878
2130104,3,1682878
2131316,2,1682878
2132529,3,1689867
2133741,6,1689867
2134952,6,1689867
2136164,11,1689867
2137376,12,1689867
2138588,4,1689867
2139800,6,1689867
2141012,3,1689867
2142225,2,1689867
2143436,5,1676454
2144649,2,1676454
2145861,7,1676454
2147072,11,1676454
2148284,11,1676454
2149496,7,1676454
2150709,2,1676454
2151920,3,1676454
2153132,3,1676454
2154344,7,1686064
2155556,11,1686064
2156768,8,1686064
2157980,10,1686064
2159192,4,1686064
2160404,4,1686064
2161616,3,1686064
2162829,5,1686064
2164040,5,1686064
2165252,7,1679332
2166464,8,1679332
2167676,11,1679332
2168888,9,1679332
2170100,6,1679332
2171312,5,1679332
2172524,3,1679332
2173736,2,1679332
2174948,9,1679332
2176160,7,1688274
2177372,6,1684831
2178584,6,1684831
2179796,4,1684831
2181008,11,1684831
2188279,4,1684831
2189491,3,1684831
2190703,4,1684831
2191916,6,1684831
2193128,9,1684831
2194340,9,1684831
2195552,15,1684831
2196764,13,1684831
2197976,8,1689919
2199187,2,1694441
2200400,-5,1694441
2201612,-2,1694441
2202824,-1,1694441
2204036,2,1694441
2205248,4,1694441
2206460,5,1694441
2207672,8,1694441
2208884,6,1694441
2210096,4,1695469
2211308,3,1695469
2212520,2,1695469
2213732,-2,1695469
2214944,2,1695469
2216157,2,1695469
2217369,10,1695469
2218581,6,1695469
2219792,5,1695469
2221005,4,1695394
2222217,-1,1702818
2223429,2,1702818
2224642,3,1702818
2225853,4,1702818
2227066,3,1702818
2228277,6,1702818
2229490,9,1702818
2230701,6,1702818
2231913,4,1702850
2233126,2,1697730
2234338,5,1697730
2235550,3,1697730
2236762,7,1697730
2237973,7,1697730
2239186,6,1697730
2240398,3,1697730
2241610,2,1697730
2242822,1,1697730
2244035,3,1697730
2245247,6,1697730
2246458,4,1697730
2247670,9,1697730
2248883,11,1697730
2250095,9,1697730
2251307,5,1697730
2252519,2,1697730
2253731,-1,1697730
2254943,5,1697730
2256155,8,1697730
2257367,9,1697730
2258579,8,1697730
2259790,4,1697730
2261003,5,1697730
2262215,2,1697730
2263427,8,1697730
2264638,8,1697730
2273123,9,1697730
2274334,9,1697730
2275547,11,1697370
2276758,6,1697370
2277971,7,1697370
2279182,2,1697370
2280394,0,1697370
2281607,2,1697370
2282818,6,1697370
2284030,9,1697370
2285242,12,1697370
2286454,11,1699272
2287667,6,1699272
2288878,4,1699272
2290090,2,1699272
2291303,1,1699272
2292514,6,1699272
2293726,7,1699272
2294938,10,1699272
2296150,15,1699272
2297362,16,1693670
2298574,5,1693670
2299787,3,1693670
2300999,1,1693670
2302210,-2,1693670
2303422,0,1693670
2304635,7,1693670
2305846,14,1693670
2307058,13,1693670
2308270,14,1696394
2309483,5,1696394
2310694,2,1696394
2311906,3,1696394
2313118,7,1696394
2314330,9,1696394
2315542,19,1696394
2316755,17,1696394
2317966,12,1696394
2319179,4,1705387
2320390,-5,1705387
2321602,0,1705387
2322815,2,1705387
2324026,7,1705387
2325238,14,1705387
2326450,14,1705387
2327663,8,1705387
2328875,6,1705387
2330087,1,1702561
2331299,-3,1702561
2332510,2,1702561
2333722,4,1702561
2334935,12,1702561
2336147,12,1702561
2337359,11,1702561
2338572,5,1702561
2339783,3,1702561
2340995,5,1709704
2342208,3,1709704
2343419,6,1709704
2344632,8,1709704
2345844,6,1709704
2347055,5,1709704
2348268,6,1709704
2349480,7,1709704
2356752,10,1709704
2357964,8,1709704
2359176,5,1709704
2360388,6,1709704
2361600,4,1709704
2362812,5,1705387
2364024,7,1698398
2365237,6,1698398
2366449,3,1698398
2367661,3,1698398
2368873,3,1698398
2370085,3,1698398
2371297,4,1698398
2372510,0,1698398
2373722,5,1698398
2374933,3,1648434
2376146,4,1713970
2377358,4,1713970
2378570,5,1713970
2379782,3,1713970
2380994,4,1713970
2382206,2,1713970
2383419,7,1713970
2384630,5,1713970
2385841,5,1756431
2387055,4,1690895
2388266,2,1690895
2389479,4,1690895
2390691,4,1690895
2391903,5,1690895
2393116,5,1690895
2394327,3,1690895
2395539,5,1690895
2396751,2,1647252
2397963,0,1712788
2399175,6,1712788
2400387,3,1712788
2401599,5,1712788
2402812,4,1712788
2404024,6,1712788
2405236,6,1712788
2406448,3,1712788
2407660,1,1712649
2408872,-1,1689353
2410084,3,1689353
2411296,5,1689353
2412509,9,1689353
2413721,11,1689353
2414932,12,1689353
2416145,7,1689353
2417357,2,1689353
2418569,-3,1689491
2419781,-4,1712531
2420993,2,1712531
2422205,5,1712531
2423417,8,1712531
2424629,9,1712531
2425841,5,1712531
2427053,5,1712531
2428265,2,1712531
2429478,2,1712531
2430690,1,1712531
2431902,6,1712531
2433113,8,1696651
2440385,1,1638875
2441598,4,1704411
2442809,2,1704411
2444022,0,1704411
2445234,10,1704411
2446446,14,1704411
2447657,14,1704411
2448869,6,1704411
2450082,-1,1704411
2451294,-4,1704411
2452506,1,1704411
2453719,1,1704411
2454930,8,1704411
2456142,13,1704411
2457354,15,1704411
2458566,14,1704411
2459778,9,1704411
2460990,6,1704411
2462202,0,1693002
2463414,-8,1693002
2464627,1,1693002
2465838,4,1693002
2467050,8,1693002
2468263,11,1693002
2469474,14,1693002
2470686,15,1693002
2471899,4,1693002
2473111,3,1706672
2474323,0,1706672
2475534,5,1706672
2476747,6,1706672
2477959,11,1706672
2479171,14,1706672
2480383,8,1706672
2481595,5,1706672
2482807,2,1706672
2484019,4,1698398
2485232,2,1698398
2486443,8,1698398
2487655,7,1698398
2488867,9,1698398
2490079,7,1698398
2491291,7,1698398
2492503,8,1698398
2493715,4,1698398
2494927,6,1707032
2496139,4,1707032
2497351,7,1707032
2498563,8,1707032
2499775,7,1707032
2500988,8,1707032
2502199,5,1707032
2503411,4,1707032
2504623,5,1707032
2505835,5,1699118
2507048,1,1699118
2508260,6,1699118
2509472,7,1699118
2510684,10,1699118
2511896,8,1699118
2513108,7,1699118
2514320,7,1699118
2515532,6,1699118
2516744,4,1699118
2524121,0,1699118
2525228,6,1699118
2526441,7,1699118
2527653,8,1689970
2528864,7,1693773
2530077,4,1693773
2531288,3,1693773
2532501,-1,1693773
2533713,4,1693773
2534925,2,1693773
2536137,6,1693773
2537350,6,1693773
2538561,10,1693773
2539773,6,1675066
2540986,6,1675066
2542197,2,1675066
2543410,2,1675066
2544621,4,1675066
2545834,5,1675066
2547046,7,1675066
2548259,5,1675066
2549470,3,1675066
2550682,10,1693876
2551895,5,1693876
2553107,3,1693876
2554318,2,1693876
2555531,7,1693876
2556742,6,1693876
2557955,6,1693876
2559167,6,1693876
2560379,8,1693876
2561590,2,1675683
2562803,2,1675683
2564015,5,1675683
2565227,4,1675683
2566440,5,1675683
2567651,4,1675683
2568863,4,1675683
2570075,3,1675683
2571287,5,1675683
2572499,6,1696085
2573712,6,1696085
2574923,4,1696085
2576136,4,1696085
2577347,6,1696085
2578559,3,1696085
2579771,4,1696085
2580984,6,1696085
2582196,4,1696085
2583407,4,1696119
2584620,5,1677431
2585832,4,1677431
2587044,2,1677431
2588256,5,1677431
2589468,3,1677431
2590680,9,1677431
2591892,7,1677431
2593104,7,1677431
2594317,3,1677338
2595528,4,1693978
2596741,2,1693978
2597952,-2,1693978
2599165,4,1693978
2600377,5,1693978
2608861,2,1693978
2610073,11,1693978
2611286,10,1693978
2612498,10,1693978
2613710,8,1693978
2614922,7,1681593
2616134,4,1681593
2617346,5,1681593
2618558,7,1681593
2619770,11,1681593
2620983,10,1681593
2622194,11,1681593
2623407,7,1681593
2624618,7,1681593
2625830,4,1681593
2627044,1,1690844
2628255,3,1690844
2629467,8,1690844
2630679,12,1690844
2631891,13,1690844
2633103,10,1690844
2634315,8,1690844
2635527,8,1690844
2636739,4,1690844
2637952,6,1680976
2639164,7,1680976
2640376,10,1680976
2641588,8,1680976
2642800,8,1680976
2644012,7,1680976
2645224,2,1680976
2646436,3,1680976
2647649,5,1680976
2648860,5,1687452
2650072,5,1687452
2651284,8,1687452
2652496,8,1687452
2653708,5,1687452
2654920,7,1687452
2656132,4,1687452
2657344,3,1687452
2658555,4,1687452
2659768,4,1675735
2660979,5,1675735
2662191,4,1675735
2663403,5,1675735
2664615,6,1675735
2665827,7,1675735
2667039,4,1675735
2668251,3,1675735
2669463,8,1675735
2670675,11,1680257
2671887,3,1680257
2673099,5,1680257
2674310,5,1680257
2675522,3,1680257
2676734,4,1680257
2677946,7,1680257
2679157,7,1680257
2680369,9,1680257
2681581,7,1673011
2682793,4,1673011
2684004,5,1673011
2685216,2,1682415
2692487,15,1682415
2693699,7,1682415
2694911,8,1682415
2696123,6,1682415
2697335,5,1682415
2698546,3,1682415
2699758,1,1682415
2700969,2,1682415
2702181,4,1682415
2703394,6,1678613
2704605,7,1678613
2705817,13,1678613
2707030,9,1678613
2708241,7,1678613
2709453,2,1678613
2710665,4,1678613
2711877,4,1678613
2713088,5,1678613
2714300,13,1682004
2715512,9,1673936
2716724,7,1673936
2717936,4,1673936
2719148,2,1673936
2720360,1,1673936
2721572,-1,1673936
2722783,2,1673936
2723995,7,1673936
2725208,9,1673936
2726420,10,1689045
2727632,19,1689045
2728845,10,1689045
2730055,-3,1689045
2731267,-12,1689045
2732478,-6,1689045
2733690,-4,1689045
2734903,6,1689045
2736114,15,1689045
2737326,13,1671880
2738538,8,1671880
2739750,3,1671880
2740961,-4,1671880
2742174,-2,1671880
2743385,-2,1671880
2744597,5,1671880
2745809,11,1671880
2747021,10,1671880
2748233,9,1686064
2749444,-2,1686064
2750657,0,1686064
2751868,1,1686064
2753080,-2,1686064
2754292,5,1686064
2755503,8,1686064
2756716,5,1686064
2757927,6,1686064
2759139,5,1686149
2760351,5,1667461
2761563,4,1667461
2762775,4,1667461
2763986,7,1667461
2765198,7,1667461
2766410,5,1667461
2767621,7,1667461
2768833,6,1667461
2776121,14,1667461
2777316,11,1667461
2778527,8,1667461
2779739,5,1689456
2780951,-3,1689456
2782163,-2,1689456
2783375,5,1689456
2784586,5,1689456
2785797,8,1689456
2787009,14,1689456
2788221,10,1689456
2789433,8,1689456
2790646,4,1677173
2791857,1,1677173
2793068,-1,1677173
2794280,9,1677173
2795493,8,1677173
2796705,7,1677173
2797916,6,1677173
2799128,8,1677173
2800340,3,1677173
2801552,2,1677173
2802764,5,1684009
2803976,4,1684009
2805187,8,1684009
2806399,11,1684009
2807611,9,1684009
2808823,8,1684009
2810035,3,1684009
2811246,1,1684009
2812458,4,1684009
2813670,6,1674296
2814881,4,1674296
2816094,9,1674296
2817305,6,1674296
2818517,7,1674296
2819730,3,1674296
2820941,5,1674296
2822152,8,1674296
2823365,6,1674296
2824576,13,1682570
2825788,10,1682570
2826999,13,1682570
2828211,7,1682570
2829423,1,1682570
2830635,-7,1682570
2831847,-1,1682570
2833059,1,1682570
2834270,11,1682570
2835482,14,1682621
2836694,13,1682621
2837906,3,1682621
2839117,2,1682621
2840329,-3,1682621
2841541,78,1682621
2842753,48,1682621
2843965,15,1682621
2845177,-30,1682621
2846389,-38,1689867
2847601,-42,1689867
2848813,-2,1689867
2850024,27,1689867
2851236,48,1689867
2852448,-18,1689867
2859720,7,1689867
2860931,38,1689867
2862143,43,1689867
2863355,36,1689867
2864567,10,1689867
2865778,-9,1689867
2866990,-22,1689867
2868202,-20,1686064
2869414,-5,1686064
2870625,22,1686064
2871837,33,1686064
2873050,30,1686064
2874261,17,1686064
2875473,1,1686064
2876685,-16,1686064
2877897,-24,1686064
2879109,-10,1682827
2880321,13,1690844
2881532,30,1690844
2882744,33,1690844
2883956,23,1690844
2885168,10,1690844
2886379,-5,1690844
2887592,-15,1690844
2888804,-13,1690844
2890015,-7,1690844
2891227,5,1678715
2892439,17,1678715
2893651,22,1678715
2894862,14,1678715
2896074,3,1678715
2897286,-12,1678715
2898497,-15,1678715
2899710,-8,1678715
2900922,4,1678715
2902133,17,1697216
2903346,24,1697216
2904557,22,1697216
2905768,6,1697216
2906980,-4,1697216
2908192,-7,1697216
2909404,-8,1697216
2910616,1,1697216
2911828,6,1697216
2913040,10,1678870
2914252,15,1678870
2915463,8,1678870
2916675,7,1678870
2917887,-6,1678870
2919099,-3,1678870
2920310,3,1678870
2921522,7,1678870
2922734,6,1678870
2923946,17,1699272
2925158,10,1699272
2926370,6,1699272
2927581,-2,1699272
2928794,-7,1699272
2930005,-4,1699272
2931217,4,1699272
2932429,7,1699272
2933640,11,1699272
2934852,11,1699300
2936063,13,1679332
2944546,7,1679332
2945757,19,1679121
2946970,4,1691409
2948181,1,1691409
2949394,-1,1691409
2950605,1,1691409
2951817,5,1691409
2953029,5,1691409
2954241,14,1691409
2955452,5,1691409
2956663,-2,1691409
2957876,-1,1691409
2959088,1,1691409
2960299,6,1691409
2961511,10,1691409
2962722,6,1691409
2963934,9,1691409
2965146,10,1691409
2966358,8,1678047
2967570,5,1678047
2968782,6,1678047
2969993,4,1678047
2971205,2,1678047
2972417,3,1678047
2973629,4,1678047
2974841,5,1678047
2976053,11,1678047
2977266,12,1678047
2978478,8,1692026
2979689,2,1692026
2980902,5,1692026
2982113,3,1692026
2983326,3,1692026
2984537,4,1692026
2985749,4,1692026
2986961,6,1692026
2988174,10,1692026
2989386,8,1683032
2990597,3,1683032
2991809,5,1683032
2993021,7,1683032
2994232,10,1683032
2995445,9,1683032
2996657,5,1683032
2997869,5,1683032
2999081,6,1683032
3000292,2,1695161
3001504,6,1695161
3002716,9,1695161
3003928,7,1695161
3005140,7,1695161
3006353,3,1695161
3007565,36,1695161
3008776,27,1695161
3009989,12,1695161
3011201,-10,1682261
3012413,-18,1682261
3013624,-16,1682261
3014836,-3,1682261
3016048,14,1682261
3017260,27,1682261
3018472,26,1682261
3019685,18,1682261
3020896,16,1682261
3028168,30,1682261
3029380,26,1682261
3030592,10,1682261
3031803,-4,1682261
3033016,-12,1686681
3034228,-10,1686681
3035439,3,1686681
3036651,12,1686681
3037864,17,1686681
3039075,16,1686681
3040288,12,1686681
3041499,5,1686681
3042711,-5,1686681
3043924,-4,1686886
3045136,-3,1686886
3046347,9,1686886
3047559,19,1686886
3048771,18,1686886
3049983,14,1686886
3051195,6,1686886
3052407,0,1686886
3053619,1,1686886
3054830,1,1684368
3056043,3,1689559
3057254,10,1689559
3058467,14,1689559
3059679,8,1689559
3060890,1,1689559
3062102,0,1689559
3063314,-2,1689559
3064526,2,1689559
3065738,1,1689559
3066950,4,1677636
3068162,7,1677636
3069375,11,1677636
3070587,7,1677636
3071798,5,1677636
3073011,2,1677636
3074222,0,1677636
3075434,-1,1677636
3076646,2,1677636
3077858,4,1692591
3079070,-1,1692591
3080282,-5,1692591
3081494,-6,1692591
3082706,-15,1692591
3083917,-17,1692591
3085130,-9,1692591
3086342,14,1692591
3087553,30,1692591
3088766,38,1692951
3089977,42,1692951
3091190,11,1692951
3092402,-14,1692951
3093614,-20,1692951
3094825,-24,1692951
3096038,-8,1692951
3097249,12,1692951
3098461,25,1692951
3099673,39,1648896
3100885,25,1714432
3102098,-12,1714432
3103309,-37,1714432
3104521,4,1714432
3113005,-22,1714432
3114216,-18,1714432
3115428,-2,1714432
3116640,10,1714432
3117853,26,1714432
3119064,33,1714432
3120276,29,1723272
3121488,3,1723210
3122701,-8,1734218
3123912,-12,1734218
3125125,25,1734218
3126336,40,1734218
3127548,44,1734218
3128760,18,1734218
3129972,-4,1734218
3131184,-46,1734218
3132396,-55,1734218
3133608,-33,1734218
3134819,10,1734218
3136031,35,1734218
3137243,58,1734218
3138455,52,1734218
3139667,19,1734218
3140879,-28,1734218
3142091,-58,1745010
3143302,-56,1745010
3144514,-17,1745010
3145727,23,1745010
3146938,61,1745010
3148149,61,1745010
3149362,30,1745010
3150574,4,1745010
3151785,-3,1745010
3152997,7,1745010
3154210,13,1736274
3155421,4,1736274
3156633,5,1736274
3157844,8,1736274
3159057,0,1736274
3160268,-11,1736274
3161480,-14,1736274
3162691,-12,1736274
3163904,-1,1736274
3165116,10,1739614
3166328,14,1739614
3167540,20,1739614
3168752,13,1739614
3169964,8,1739614
3171175,-3,1739614
3172387,0,1739614
3173599,-6,1739614
3174812,3,1739614
3176023,8,1734064
3177235,13,1734064
3178448,10,1734064
3179660,13,1734064
3180872,4,1734064
3182084,5,1734064
3183295,4,1734064
3184507,23,1734064
3185719,22,1734064
3186932,13,1736016
3188144,1,1736016
3189355,18,1736016
3196628,16,1736016
3197839,4,1734886
3199051,5,1734886
3200263,6,1734886
3201475,-4,1734886
3202687,0,1734886
3203900,5,1734886
3205111,16,1734886
3206323,28,1734886
3207536,33,1734886
3208747,23,1737712
3209959,5,1737712
3211171,-13,1737712
3212383,-20,1737712
3213595,-26,1737712
3214807,-11,1737712
3216019,14,1737712
3217231,26,1737712
3218443,39,1737712
3219656,22,1736016
3220867,-6,1736016
3222079,-29,1736016
3223291,-26,1736016
3224503,-7,1736016
3225715,28,1736016
3226927,52,1736016
3228139,39,1736016
3229351,17,1736016
3230563,-25,1741104
3231775,-44,1741104
3232987,-32,1741104
3234199,8,1741104
3235411,30,1741104
3236623,56,1741104
3237835,48,1741104
3239047,20,1741104
3240259,-25,1741104
3241471,-35,1739717
3242683,-38,1753901
3243895,-12,1753901
3245107,23,1753901
3246320,33,1753901
3247531,25,1753901
3248743,11,1753901
3249956,11,1753901
3251168,29,1753901
3252380,73,1753901
3253592,75,1751126
3254804,54,1751126
3256016,11,1751126
3257228,-40,1751126
3258440,-80,1751126
3259652,-95,1751126
3260864,-65,1751126
3262076,-12,1751126
3263288,53,1751126
3264500,81,1745575
3265712,72,1745575
3266924,26,1745575
3268136,-38,1745575
3269349,-73,1745575
3270560,-69,1745575
3271773,-31,1745575
3272984,-28,1745575
3280257,-65,1745575
3281469,-50,1745575
3282681,-14,1745575
3283893,15,1745575
3285105,49,1709858
3286317,46,1709863
3287530,16,1724967
3288741,0,1724967
3289953,-20,1724967
3291165,-21,1724967
3292377,-18,1724967
3293589,11,1724967
3294802,27,1724967
3296014,27,1724967
3297226,24,1725176
3298437,14,1712120
3299650,-9,1712120
3300861,-5,1712120
3302073,-15,1712120
3303285,-7,1712120
3304497,3,1712120
3305710,17,1712120
3306922,14,1712120
3308133,12,1712120
3309346,4,1712120
3310558,-7,1712120
3311769,-6,1712120
3312982,4,1712120
3314193,9,1712120
3315406,11,1712120
3316617,20,1712120
3317829,12,1712120
3319041,-3,1712120
3320253,-13,1712120
3321466,-11,1712120
3322678,-5,1712120
3323890,5,1712120
3325102,16,1712120
3326313,31,1712120
3327525,56,1712120
3328737,50,1712120
3329949,29,1718852
3331162,-19,1718852
3332374,-41,1718852
3333586,-57,1718852
3334797,-25,1718852
3336009,10,1718852
3337222,39,1718852
3338434,59,1718852
3339646,38,1718852
3340857,7,1734577
3342070,-11,1734577
3343282,-29,1734577
3344494,-33,1734577
3345705,-17,1734577
3346918,10,1734577
3348129,36,1734577
3349342,55,1734577
3350554,39,1734577
3351765,11,1723323
3352978,-22,1723323
3354189,-37,1723323
3355402,-36,1723323
3356613,-24,1723323
3365098,-33,1723323
3366309,-24,1723323
3367522,4,1723323
3368734,30,1723323
3369946,50,1723323
3371158,50,1723323
3372370,19,1723323
3373582,-8,1711246
3374794,-34,1711246
3376007,-29,1711246
3377219,-7,1711246
3378430,25,1711246
3379643,48,1711246
3380855,55,1711246
3382067,45,1711246
3383279,-3,1711246
3384491,-33,1723940
3385703,-45,1723940
3386915,-18,1723940
3388127,10,1723940
3389339,40,1723940
3390551,47,1723940
3391763,43,1723940
3392976,24,1723940
3394188,-12,1723940
3395400,-37,1731802
3396612,-44,1731802
3397825,-14,1731802
3399036,26,1731802
3400248,42,1731802
3401461,44,1731802
3402673,29,1731802
3403884,10,1731802
3405097,-18,1731802
3406309,-22,1749070
3407520,-9,1749070
3408733,2,1749070
3409945,10,1749070
3411157,22,1749070
3412369,27,1749070
3413581,21,1749070
3414794,-2,1749070
3416005,-26,1749070
3417218,-22,1746655
3418429,-1,1757806
3419642,69,1757806
3420854,104,1757806
3422066,74,1757806
3423278,9,1757806
3424491,-41,1757806
3425702,-114,1757806
3426914,-122,1757806
3428126,-47,1757806
3429338,29,1749070
3430550,109,1749070
3431763,136,1749070
3432974,60,1749070
3434187,-25,1749070
3435399,-96,1749070
3436610,-130,1749070
3437823,-84,1749070
3439035,-6,1749070
3440247,75,1747271
3441459,-9,1747271
3449943,37,1747271
3451156,61,1753592
3452368,59,1753592
3453579,23,1753592
3454792,-16,1753592
3456004,-32,1753592
3457216,-5,1753592
3458428,28,1753592
3459641,48,1753592
3460852,28,1753592
3462064,-4,1753592
3463277,-39,1753592
3464489,-45,1753592
3465701,-27,1753592
3466913,11,1753592
3468125,37,1753592
3469337,41,1753592
3470549,31,1753592
3471761,4,1753592
3472974,-20,1753514
3474185,-39,1746346
3475398,-34,1746346
3476609,-7,1746346
3477822,20,1746346
3479034,38,1746346
3480246,30,1746346
3481458,4,1746346
3482670,-30,1746346
3483882,-44,1746331
3485094,-26,1742235
3486306,3,1742235
3487518,36,1742235
3488730,43,1742235
3489943,79,1742235
3491155,42,1742235
3492367,1,1742235
3493579,-54,1742235
3494791,-66,1742235
3496003,-53,1742235
3497216,4,1742235
3498427,49,1742235
3499640,66,1742235
3500852,58,1742235
3502064,17,1742235
3503276,-25,1742235
3504488,-38,1742235
3505700,-33,1746141
3506912,-16,1746141
3508124,11,1746141
3509336,36,1746141
3510549,49,1746141
3511760,40,1746141
3512972,7,1746141
3514184,-26,1746141
3515396,-42,1746141
3516609,-38,1747631
3517821,-9,1747631
3519033,24,1747631
3520246,47,1747631
3521458,39,1747631
3522670,16,1747631
3523881,-14,1747631
3525093,-15,1747631
3526305,40,1747631
3533578,28,1747631
3534790,-4,1747631
3536003,-15,1747631
3537215,-8,1747631
3538426,-13,1756368
3539639,-11,1756368
3540851,17,1756368
3542063,17,1756368
3543276,15,1756368
3544487,11,1756368
3545699,6,1756368
3546911,-2,1756368
3548124,-3,1756368
3549336,7,1764179
3550548,13,1764179
3551760,43,1764179
3552972,45,1764179
3554184,32,1764179
3555396,-2,1764179
3556609,-29,1764179
3557821,-34,1764179
3559032,-28,1764179
3560244,1,1754774
3561456,23,1754774
3562668,33,1754774
3563880,49,1754774
3565093,8,1754774
3566304,-40,1754774
3567517,-78,1754774
3568729,-64,1754774
3569941,-9,1754774
3571153,50,1757190
3572365,83,1757190
3573577,96,1757190
3574789,83,1757190
3576002,53,1757190
3577213,10,1757190
3578425,-58,1757190
3579637,-67,1757190
3580849,-60,1757190
3582061,13,1754415
3583273,51,1754415
3584485,97,1754415
3585698,75,1754415
3586910,19,1754415
3588122,-43,1754415
3589334,-83,1754415
3590546,-82,1754415
3591759,-51,1754415
3592970,9,1764590
3594183,59,1725533
3595395,85,1725533
3596607,74,1725533
3597820,25,1725533
3599032,-25,1725533
3600244,-62,1725533
3601456,-61,1725533
3602668,-39,1725533
3603880,7,1725533
3605092,51,1704205
3606304,63,1704205
3607516,42,1704205
3608728,1,1704205
3609940,74,1704205
3617213,61,1704205
3618425,10,1704205
3619638,-41,1704205
3620850,-56,1704205
3622061,-36,1704205
3623274,9,1704205
3624486,51,1704205
3625698,67,1705644
3626909,54,1748967
3628122,14,1748967
3629334,-27,1748967
3630546,-37,1748967
3631758,-19,1748967
3632970,9,1748967
3634182,35,1748967
3635395,46,1748967
3636606,41,1748967
3637818,42,1752256
3639031,34,1752256
3640243,3,1752256
3641454,-4,1752256
3642667,-26,1752256
3643879,-39,1752256
3645091,-14,1752256
3646302,0,1752256
3647514,23,1752256
3648727,37,1752186
3649939,19,1760890
3651151,30,1760890
3652363,-7,1760890
3653575,-41,1760890
3654787,-61,1760890
3656000,-29,1760890
3657212,4,1760890
3658423,37,1760890
3659636,44,1760946
3660848,25,1721010
3662060,0,1721010
3663272,-38,1721010
3664485,-25,1721010
3665697,-12,1721010
3666908,20,1721010
3668120,40,1721010
3669333,42,1721010
3670544,22,1721010
3671756,-5,1721010
3672969,-35,1721010
3674180,-56,1721010
3675393,-41,1721010
3676605,-7,1721010
3677817,27,1721010
3679029,54,1721010
3680241,55,1733807
3681453,10,1733807
3682665,-19,1733807
3683877,-32,1733807
3685089,-22,1733807
3686301,-9,1733807
3687513,16,1733807
3688725,38,1733807
3689938,42,1733807
3691150,33,1733807
3692362,12,1740539
3693574,21,1740539
3702059,18,1740539
3703271,19,1772145
3704483,19,1772145
3705695,17,1772145
3706907,33,1772145
3708119,61,1772145
3709331,40,1772145
3710543,-5,1772145
3711755,-28,1772145
3712967,-42,1772145
3714179,-23,1775177
3715391,2,1775177
3716603,38,1775177
3717815,48,1775177
3719027,28,1775177
3720239,-12,1775177
3721451,-41,1775177
3722664,-60,1775177
3723875,-32,1775177
3725088,3,1766903
3726299,38,1766903
3727511,59,1766903
3728723,47,1766903
3729936,17,1766903
3731147,-8,1766903
3732359,-32,1766903
3733571,-36,1766903
3734784,-15,1766903
3735996,10,1702509
3737208,26,1702509
3738420,25,1702509
3739631,22,1702509
3740844,-2,1702509
3742056,-10,1702509
3743268,-12,1702509
3744480,1,1702509
3745692,4,1702509
3746904,2,1699374
3748116,3,1699374
3749328,9,1699374
3750540,10,1699374
3751752,3,1699374
3752964,1,1699374
3754176,7,1699374
3755389,13,1699374
3756600,21,1699374
3757812,18,1720034
3759025,11,1720034
3760237,3,1720034
3761449,4,1720034
3762661,3,1720034
3763873,2,1720034
3765085,8,1720034
3766298,16,1720034
3767510,15,1720034
3768722,9,1754312
3769934,8,1754312
3771145,7,1754312
3772358,2,1754312
3773570,2,1754312
3774782,10,1754312
3775995,11,1754312
3777206,21,1754312
3778418,8,1754312
3785690,4,1754312
3786903,4,1754312
3788115,10,1754312
3789327,11,1754312
3790539,16,1776256
3791751,13,1779134
3792964,14,1779134
3794176,-1,1779134
3795388,-27,1779134
3796599,-32,1779134
3797812,-17,1779134
3799024,1,1779134
3800236,22,1779134
3801448,33,1779134
3802660,36,1834134
3803872,17,1768598
3805084,-11,1768598
3806296,-34,1768598
3807509,-37,1768598
3808721,-15,1768598
3809932,32,1768598
3811145,66,1768598
3812357,74,1768598
3813569,73,1709024
3814781,12,1774560
3815993,-63,1774560
3817205,-114,1774560
3818418,-109,1774560
3819629,-44,1774560
3820842,44,1774560
3822053,110,1774560
3823266,112,1774560
3824478,71,1774566
3825690,12,1762534
3826903,-62,1762534
3828114,-104,1762534
3829327,-98,1762534
3830538,-41,1762534
3831751,38,1762534
3832963,86,1762534
3834176,97,1762534
3835388,53,1762442
3836599,-2,1765258
3837812,-38,1765258
3839024,-56,1765258
3840236,-34,1765258
3841448,6,1765258
3842661,31,1765258
3843872,52,1765258
3845084,39,1765258
3846297,6,1765348
3847509,-30,1762020
3848721,-44,1762020
3849933,-29,1762020
3851145,2,1762020
3852357,45,1762020
3853570,50,1762020
3854781,30,1762020
3855993,4,1762020
3857206,-27,1762020
3858418,-50,1762020
3859629,-39,1762020
3860841,-4,1762020
3862054,-2,1762020
3869326,1,1762020
3870539,1,1762020
3871751,7,1762020
3872963,24,1762020
3874175,25,1762020
3875387,16,1762020
3876599,4,1762020
3877811,-12,1762020
3879023,-22,1771939
3880235,-10,1771939
3881447,8,1771939
3882659,12,1771939
3883872,8,1771939
3885083,3,1771939
3886296,1,1771939
3887508,9,1771939
3888720,14,1771939
3889932,28,1776102
3891144,33,1776102
3892356,58,1776102
3893568,40,1776102
3894781,3,1776102
3895992,-25,1776102
3897204,-52,1776102
3898416,-55,1776102
3899629,-15,1776102
3900841,30,1775690
3902053,47,1775690
3903265,51,1775690
3904477,25,1775690
3905689,-11,1775690
3906901,-13,1775690
3908113,-14,1775690
3909326,-6,1775690
3910538,-3,1775690
3911750,37,1773224
3912962,41,1773224
3914173,6,1773224
3915386,-22,1773224
3916598,-22,1773224
3917810,-33,1773224
3919022,3,1773224
3920234,31,1773224
3921446,45,1773224
3922659,31,1764950
3923870,-9,1764950
3925083,-33,1764950
3926294,-37,1764950
3927506,-19,1764950
3928718,5,1764950
3929931,36,1764950
3931143,48,1764950
3932354,38,1764950
3933567,14,1765772
3934778,-6,1765772
3935990,-1,1765772
3937203,-3,1765772
3938414,1,1765772
3939627,18,1765772
3940839,23,1765772
3942051,19,1765772
3943263,10,1765772
3944475,2,1767160
3945686,5,1767160
3954171,3,1767160
3955382,4,1775536
3956595,3,1777643
3957806,1,1777643
3959018,5,1777643
3960230,5,1777643
3961443,4,1777643
3962654,5,1777643
3963867,5,1777643
3965078,3,1777643
3966291,0,1777643
3967503,-1,1780367
3968715,-1,1780367
3969927,3,1780367
3971139,9,1780367
3972351,7,1780367
3973563,9,1780367
3974774,6,1780367
3975987,4,1780367
3977199,-2,1780367
3978411,-2,1772350
3979623,2,1772350
3980835,-1,1772350
3982047,6,1772350
3983259,10,1772350
3984472,15,1772350
3985683,20,1772350
3986895,5,1772350
3988108,2,1772350
3989320,-1,1787613
3990532,0,1787613
3991744,-2,1787613
3992956,5,1787613
3994168,9,1787613
3995380,14,1787613
3996592,18,1787613
3997805,16,1787613
3999016,7,1787613
4000229,-3,1771939
4001440,-16,1771939
4002653,-23,1771939
4003865,-17,1771939
4005076,-4,1771939
4006288,8,1771939
4007500,22,1771939
4008713,23,1771939
4009925,20,1771939
4011137,5,1772020
4012348,-7,1779956
4013560,-10,1779956
4014772,-9,1779956
4015985,5,1779956
4017197,16,1779956
4018409,14,1779956
4019621,5,1779956
4020833,2,1779956
4022045,-2,1779872
4023257,2,1771168
4024469,5,1771168
4025681,4,1771168
4026893,1,1771168
4028106,2,1771168
4029317,6,1771168
4030529,6,1771168
4039014,5,1771168
4040225,8,1771168
4041438,8,1771168
4042650,7,1778157
4043861,6,1778157
4045074,1,1778157
4046286,5,1778157
4047498,4,1778157
4048710,5,1778157
4049922,7,1778157
4051134,5,1778157
4052346,9,1778157
4053558,8,1778157
4054770,5,1764333
4055982,4,1764333
4057195,6,1764333
4058406,4,1764333
4059618,3,1764333
4060830,3,1764333
4062043,7,1764333
4063254,7,1764333
4064467,7,1764333
4065679,12,1776050
4066891,5,1776050
4068102,7,1776050
4069315,3,1776050
4070527,4,1776050
4071739,5,1776050
4072951,7,1776050
4074163,10,1776050
4075375,8,1776050
4076587,6,1768342
4077799,3,1768342
4079011,9,1768342
4080223,7,1768342
4081435,8,1768342
4082647,6,1768342
4083860,9,1768342
4085071,7,1768342
4086284,8,1768342
4087495,9,1774149
4088708,3,1774149
4089920,8,1774149
4091131,7,1774149
4092344,8,1774149
4093556,7,1774149
4094768,8,1774149
4095980,9,1774149
4097192,6,1774149
4098404,3,1769164
4099617,4,1769164
4100828,7,1769164
4102040,6,1769164
4103253,3,1769164
4104465,8,1769164
4105677,10,1769164
4106889,7,1769164
4108101,10,1769164
4109313,9,1775999
4110526,4,1775999
4111738,6,1775999
4112949,8,1775999
4114162,7,1775999
4115373,3,1775999
4122646,13,1775999
4123858,7,1775999
4125071,8,1775999
4126282,8,1775999
4127495,4,1775999
4128707,5,1775999
4129919,6,1775999
4131131,7,1770911
4132343,5,1770911
4133555,8,1770911
4134767,4,1770911
4135980,7,1770911
4137191,8,1770911
4138403,9,1770911
4139615,5,1770911
4140828,6,1770911
4142040,8,1769524
4143252,4,1763511
4144463,3,1763511
4145676,7,1763511
4146888,8,1763511
4148100,5,1763511
4149312,7,1763511
4150524,6,1763511
4151736,5,1763511
4152948,4,1763511
4154160,5,1766286
4155372,7,1766286
4156585,4,1766286
4157796,5,1766286
4159008,3,1766286
4160220,6,1766286
4161433,2,1766286
4162645,3,1766286
4163856,2,1766286
4165069,3,1768907
4166281,5,1768907
4167493,5,1768907
4168705,4,1768907
4169917,5,1768907
4171130,2,1768907
4172342,4,1768907
4173553,4,1768907
4174766,4,1768907
4175977,5,1761044
4177190,3,1761044
4178402,2,1761044
4179614,3,1761044
4180827,3,1761044
4182038,4,1761044
4183250,3,1761044
4184462,5,1761044
4185675,6,1761044
4186887,5,1761128
4188099,5,1769832
4189310,5,1769832
4190522,5,1769832
4191735,3,1769832
4192947,1,1769832
4194158,5,1769832
4195370,6,1769832
4196583,5,1769832
4197795,4,1769950
4199007,9,1760222
4206279,3,1760222
4207491,2,1760222
4208703,17,1760222
4209916,4,1760222
4211127,5,1760222
4212340,6,1760222
4213552,5,1760222
4214764,10,1760222
4215976,9,1760222
4217188,5,1760222
4218400,5,1768496
4219612,5,1768496
4220824,8,1768496
4222036,7,1768496
4223248,7,1768496
4224460,6,1768496
4225672,10,1768496
4226884,5,1768496
4228096,4,1768496
4229308,4,1768496
4230520,4,1762329
4231732,5,1762329
4232944,5,1762329
4234156,6,1762329
4235368,7,1762329
4236580,7,1762329
4237792,6,1762329
4239004,7,1762329
4240216,7,1762329
4241428,4,1764539
4242641,2,1764539
4243852,5,1764539
4245065,7,1764539
4246277,7,1764539
4247489,5,1764539
4248701,5,1764539
4249912,5,1764539
4251124,7,1764539
4252337,4,1749430
4253549,4,1749430
4254761,8,1749430
4255973,9,1749430
4257185,6,1749430
4258397,4,1749430
4259609,7,1749430
4260821,8,1749430
4262034,7,1749430
4263246,6,1745164
4264457,5,1745164
4265669,7,1745164
4266881,9,1745164
4268093,7,1745164
4269306,6,1745164
4270518,6,1745164
4271730,4,1745164
4272941,7,1745164
4274153,3,1725738
4275365,4,1725738
4276578,5,1725738
4277790,4,1725738
4279003,5,1725738
4280214,6,1725738
4281426,7,1725738
4282638,9,1725738
4291123,6,1725738
4292335,7,1725738
4293547,5,1725738
4294759,7,1725738
4295971,8,1697370
4297183,9,1697370
4298395,5,1697370
4299607,10,1697370
4300819,8,1697370
4302031,7,1697370
4303244,6,1697370
4304456,6,1697370
4305669,5,1697370
4306880,7,1572644
4308092,2,1572644
4309304,5,1572644
4310517,7,1572644
4311728,4,1572644
4312940,7,1572644
4314152,8,1572644
4315365,4,1572644
4316577,7,1572644
4317788,10,1570999
4319000,4,1549261
4320213,4,1549261
4321424,3,1549261
4322636,4,1549261
4323849,5,1549261
4325061,4,1549261
4326273,3,1549261
4327485,7,1549261
4328697,5,1549261
4329909,5,1530503
4331122,4,1530503
4332334,5,1530503
4333545,4,1530503
4334757,2,1530503
4335970,2,1530503
4337181,5,1530503
4338393,4,1530503
4339606,2,1530503
4340818,3,1543762
4342030,0,1543762
4343242,4,1543762
4344455,3,1543762
4345667,3,1543762
4346879,7,1543762
4348090,4,1543762
4349302,6,1543762
4350514,2,1543762
4351727,4,1539291
4352939,5,1539291
4354151,2,1539291
4355364,4,1539291
4356575,4,1539291
4357787,5,1539291
4359000,3,1539291
4360212,4,1539291
4361423,2,1539291
4362636,2,1539291
4363848,3,1539291
4365060,5,1539291
4366272,3,1539291
4367484,2,1539291
4375970,6,1539291
4377181,8,1539291
4378394,5,1539291
4379605,8,1539291
4380817,8,1539291
4382029,6,1539291
4383241,7,1525261
4384454,4,1525480
4385666,3,1529064
4386878,4,1529064
4388090,5,1529064
4389302,5,1529064
4390515,6,1529064
4391726,5,1529064
4392939,5,1529064
4394151,3,1529064
4395363,4,1529064
4396575,5,1529064
4397787,8,1529064
4398999,7,1529064
4400211,7,1529064
4401423,5,1529064
4402635,5,1529064
4403847,8,1529064
4405059,5,1529064
4406271,7,1524593
4407483,4,1524593
4408696,4,1524593
4409907,6,1524593
4411119,6,1524593
4412331,4,1524593
4413543,7,1524593
4414756,7,1524593
4415967,8,1524593
4417179,6,1524131
4418392,4,1524131
4419603,5,1524131
4420815,9,1524131
4422028,8,1524131
4423240,9,1524131
4424452,5,1524131
4425665,5,1524131
4426876,6,1524131
4428088,5,1523822
4429300,6,1523822
4430513,5,1523822
4431724,4,1523822
4432936,6,1523822
4434148,7,1523822
4435360,7,1523822
4436573,6,1523822
4437785,9,1523822
4438998,6,1521921
4440209,5,1521921
4441421,3,1521921
4442633,6,1521921
4443845,7,1521921
4445057,6,1521921
4446269,5,1521921
4447482,4,1521921
4448694,7,1521921
4449906,8,1523206
4451118,4,1523206
4452330,3,1523206
4459602,5,1523206
4460815,4,1526957
4462026,3,1526957
4463239,6,1526957
4464451,7,1526957
4465663,7,1526957
4466875,9,1526957
4468087,9,1526957
4469299,6,1526957
4470511,6,1526957
4471723,8,1525004
4472935,5,1525004
4474147,8,1525004
4475359,5,1525004
4476571,6,1525004
4477783,7,1525004
4478995,6,1525004
4480207,8,1525004
4481419,10,1525004
4482632,7,1528448
4483844,4,1528448
4485055,7,1528448
4486267,7,1528448
4487479,5,1528448
4488692,5,1528448
4489903,4,1528448
4491116,6,1528448
4492327,7,1528448
4493539,9,1526032
4494752,4,1530349
4495964,4,1530349
4497176,5,1530349
4498388,4,1530349
4499600,4,1530349
4500812,3,1530349
4502024,2,1530349
4503237,4,1530349
4504448,3,1530349
4505661,3,1528653
4506873,4,1528653
4508085,4,1528653
4509297,2,1528653
4510510,5,1528653
4511722,4,1528653
4512933,5,1528653
4514145,3,1528653
4515357,2,1528653
4516570,2,1525672
4517782,5,1525672
4518993,5,1525672
4520206,3,1525672
4521418,2,1525672
4522630,4,1525672
4523842,4,1525672
4525054,5,1525672
4526265,2,1525672
4527478,5,1516370
4528690,7,1516370
4529902,3,1516370
4531114,3,1516370
4532326,4,1516370
4533538,6,1516370
4534750,3,1516370
4535962,5,1516370
4543234,1,1516370
4544446,4,1516370
4545658,5,1516370
4546870,5,1516370
4548082,7,1510306
4549294,5,1510362
4550507,2,1525210
4551718,4,1525210
4552931,5,1525210
4554142,4,1525210
4555354,2,1525210
4556566,4,1525210
4557778,4,1525210
4558991,7,1525210
4560202,2,1524995
4561414,2,1522435
4562626,3,1522435
4563838,4,1522435
4565050,3,1522435
4566262,3,1522435
4567474,4,1522435
4568686,5,1522435
4569897,4,1522435
4571110,5,1522435
4572322,5,1522435
4573534,7,1522435
4574746,5,1522435
4575959,5,1522435
4577170,9,1522435
4578382,9,1522435
4579594,7,1522435
4580806,4,1523514
4582018,3,1523514
4583230,5,1523514
4584442,7,1523514
4585655,7,1523514
4586867,7,1523514
4588079,5,1523514
4589291,7,1523514
4590503,8,1523514
4591715,5,1523514
4592927,8,1519300
4594139,5,1519300
4595351,3,1519300
4596563,8,1519300
4597776,8,1519300
4598987,7,1519300
4600199,7,1519300
4601411,5,1519300
4602623,7,1519300
4603836,4,1515702
4605047,1,1515702
4606260,5,1515702
4607471,8,1515702
4608683,8,1515702
4609896,6,1515702
4611108,6,1515702
4612320,6,1515702
4613531,7,1515702
4614744,6,1507583
4615955,6,1507583
4617168,7,1507583
4618380,8,1507583
4619592,6,1507583
4628076,7,1507583
4629288,7,1507583
4630501,7,1507583
4631713,5,1507583
4632924,5,1507583
4634136,5,1507583
4635348,6,1507583
4636560,8,1519197
4637772,4,1519197
4638985,8,1519197
4640196,4,1519197
4641409,5,1519197
4642621,3,1519197
4643833,5,1519197
4645045,4,1519197
4646257,7,1519197
4647469,6,1513236
4648681,11,1513236
4649893,6,1513236
4651105,6,1513236
4652318,6,1513236
4653530,6,1513236
4654742,5,1513236
4655953,7,1513236
4657166,8,1513236
4658377,10,1515394
4659589,-2,1515394
4660802,5,1515394
4662014,5,1515394
4663226,7,1515394
4664438,7,1515394
4665650,5,1515394
4666862,7,1515394
4668074,5,1515394
4669286,4,1515394
4670499,5,1515394
4671711,4,1515394
4672923,4,1515394
4674135,9,1515394
4675346,9,1515394
4676559,6,1515394
4677772,5,1515394
4678983,8,1515394
4680195,6,1515446
4681407,4,1511540
4682619,5,1511540
4683832,3,1511540
4685044,4,1511540
4686256,5,1511540
4687468,4,1511540
4688680,6,1511540
4689892,3,1511540
4691104,5,1511540
4692317,3,1513698
4693529,5,1513698
4694740,1,1513698
4695952,4,1513698
4697165,5,1513698
4698377,7,1513698
4699589,4,1513698
4700801,5,1513698
4702013,5,1513698
4703225,4,1517141
4704437,4,1517141
4712922,4,1517141
4714133,4,1515188
4715346,5,1515188
4716557,4,1515188
4717769,-1,1515188
4718982,6,1515188
4720193,6,1515188
4721405,6,1515188
4722618,4,1515188
4723829,4,1515188
4725042,5,1515076
4726253,4,1512516
4727465,5,1512516
4728678,8,1512516
4729889,4,1512516
4731101,3,1512516
4732314,4,1512516
4733525,5,1512516
4734738,1,1512516
4735949,3,1512461
4737162,5,1511437
4738373,7,1511437
4739586,4,1511437
4740798,3,1511437
4742009,3,1511437
4743222,2,1511437
4744434,4,1511437
4745646,5,1511437
4746858,5,1511437
4748070,3,1511437
4749282,8,1511437
4750494,6,1511437
4751707,5,1511437
4752919,5,1511437
4754130,7,1511437
4755343,5,1511437
4756554,6,1511437
4757766,4,1511437
4758979,3,1511437
4760191,6,1511437
4761403,2,1511437
4762615,6,1511437
4763827,8,1511437
4765039,6,1511437
4766251,5,1511437
4767463,7,1511437
4768676,12,1511283
4769888,4,1511283
4771100,6,1511283
4772312,9,1511283
4773523,6,1511283
4774736,5,1511283
4775948,6,1511283
4777160,8,1511283
4778372,8,1511283
4779584,8,1512311
4780796,4,1512311
4782008,6,1512311
4783220,9,1512311
4784432,5,1512311
4785645,6,1512311
4786856,8,1512311
4788068,9,1512311
4789280,6,1512311
4796553,2,1512311
4797764,9,1512311
4798977,8,1512311
4800188,6,1512311
4801400,7,1511231
4802613,3,1511231
4803825,7,1511231
4805037,6,1511231
4806248,6,1511231
4807461,7,1511231
4808672,7,1511231
4809885,5,1511231
4811096,4,1511231
4812309,8,1513441
4813520,4,1513441
4814733,9,1513441
4815945,6,1513441
4817156,8,1513441
4818368,5,1513441
4819580,7,1513441
4820792,9,1513441
4822005,6,1513441
4823217,8,1508610
4824429,2,1508610
4825641,6,1508610
4826853,7,1508610
4828065,4,1508610
4829277,7,1508610
4830489,7,1508610
4831701,4,1508610
4832913,6,1508610
4834126,8,1498949
4835337,4,1498949
4836550,6,1498949
4837761,5,1498949
4838973,4,1498949
4840185,7,1498949
4841398,4,1498949
4842609,6,1498949
4843822,6,1498949
4845033,8,1509998
4846246,4,1509998
4847458,7,1509998
4848670,8,1509998
4849881,3,1509998
4851094,4,1509998
4852305,7,1509998
4853518,5,1509998
4854730,4,1509998
4855942,6,1504705
4857154,5,1510666
4858366,4,1510666
4859577,5,1510666
4860790,4,1510666
4862001,5,1510666
4863214,4,1510666
4864425,5,1510666
4865637,5,1510666
4866850,4,1510666
4868061,4,1508045
4869273,4,1508045
4870485,4,1508045
4871697,6,1508045
4872909,3,1508045
4880180,13,1508045
4881392,5,1508045
4882604,7,1508045
4883816,5,1508045
4885028,8,1508045
4886240,8,1508045
4887452,6,1508045
4888664,7,1505938
4889876,3,1442047
4891088,3,1507583
4892300,5,1507583
4893512,3,1507583
4894724,5,1507583
4895935,5,1507583
4897148,5,1507583
4898359,4,1507583
4899571,4,1507583
4900783,2,1507583
4901995,7,1507583
4903208,5,1507583
4904419,2,1507583
4905631,4,1507583
4906845,4,1507583
4908055,4,1507583
4909266,6,1507583
4910478,6,1507583
4911691,3,1507439
4912902,6,1510255
4914114,4,1510255
4915326,4,1510255
4916538,4,1510255
4917750,4,1510255
4918962,4,1510255
4920174,6,1510255
4921386,6,1510255
4922597,4,1510365
4923809,5,1510365
4925021,5,1510365
4926233,7,1510365
4927445,5,1510365
4928657,8,1510365
4929869,7,1510365
4931081,5,1510365
4932292,7,1512413
4933504,5,1512413
4934716,4,1512413
4935928,9,1512413
4937140,6,1512413
4938352,9,1512413
4939563,10,1512413
4940776,7,1512413
4941988,9,1512413
4943199,8,1512413
4944411,6,1509176
4945623,3,1509176
4946835,5,1509176
4948047,6,1509176
4949258,4,1509176
4950470,5,1509176
4951683,8,1509176
4952895,7,1509176
4954107,4,1509176
4955318,7,1511386
4956530,5,1511386
4965013,8,1511386
4966225,7,1506915
4967437,4,1506915
4968648,7,1506915
4969861,2,1506915
4971072,6,1506915
4972284,6,1506915
4973496,5,1506915
4974709,6,1506915
4975920,10,1506915
4977132,10,1509638
4978344,5,1509638
4979555,6,1509638
4980768,8,1509638
4981980,9,1509638
4983191,6,1509638
4984403,5,1509638
4985615,6,1509638
4986827,5,1509638
4988040,6,1509073
4989252,4,1509073
4990463,7,1509073
4991676,9,1509073
4992888,7,1509073
4994100,6,1509073
4995311,6,1509073
4996523,6,1509073
4997736,6,1509073
4998948,8,1510872
5000159,4,1510872
5001372,9,1510872
5002583,9,1510872
5003795,7,1510872
5005008,5,1510872
5006220,7,1510872
5007431,5,1510872
5008643,6,1510872
5009856,6,1503677
5011068,5,1503677
5012280,6,1503677
5013492,6,1503677
5014703,5,1503677
5015916,6,1503677
5017128,6,1503677
5018340,7,1503677
5019551,6,1503677
5020763,7,1512054
5021976,6,1512054
5023188,7,1512054
5024399,6,1512054
5025612,7,1512054
5026824,7,1512054
5028036,7,1512054
5029248,6,1512054
5030460,7,1512054
5031671,4,1510923
5032884,4,1505013
5034096,4,1505013
5035308,4,1505013
5036521,6,1505013
5037732,5,1505013
5038944,4,1505013
5040156,5,1505013
5041368,8,1505013
5049852,5,1505013
5051064,7,1505013
5052276,6,1505013
5053488,5,1511180
5054700,4,1571577
5055912,4,1506041
5057124,5,1506041
5058336,2,1506041
5059548,3,1506041
5060760,4,1506041
5061972,5,1506041
5063184,7,1506041
5064397,1,1506041
5065608,4,1448676
5066820,3,1514212
5068032,3,1514212
5069244,5,1514212
5070456,4,1514212
5071669,4,1514212
5072880,6,1514212
5074092,5,1514212
5075304,6,1514212
5076516,5,1508919
5077728,4,1508919
5078940,4,1508919
5080153,5,1508919
5081364,4,1508919
5082576,5,1508919
5083788,3,1508919
5085000,3,1508919
5086213,4,1508919
5087424,2,1508869
5088636,4,1509381
5089848,5,1509381
5091060,4,1509381
5092272,4,1509381
5093484,7,1509381
5094697,6,1509381
5095909,3,1509381
5097120,3,1509381
5098333,6,1509497
5099545,5,1512825
5100757,4,1512825
5101969,6,1512825
5103181,7,1512825
5104393,2,1512825
5105605,4,1512825
5106817,6,1512825
5108029,4,1512825
5109241,4,1512825
5110453,5,1512825
5111666,5,1512825
5112877,6,1512825
5114089,6,1512825
5115302,4,1512825
5116514,8,1512825
5117726,10,1512825
5118937,5,1512825
5120150,5,1510358
5121362,3,1510358
5122574,7,1510358
5123785,5,1510358
5124998,8,1510358
5126210,3,1510358
5133482,6,1510358
5134695,7,1510358
5135907,8,1510358
5137119,6,1510358
5138331,8,1510358
5139543,4,1510358
5140756,7,1510358
5141968,4,1509381
5143180,9,1509381
5144392,9,1509381
5145604,9,1509381
5146816,3,1509381
5148028,4,1509381
5149240,6,1509381
5150452,9,1509381
5151664,5,1509381
5152876,4,1507840
5154089,4,1507840
5155301,7,1507840
5156514,5,1507840
5157725,3,1507840
5158937,5,1507840
5160149,6,1507840
5161361,5,1507840
5162574,7,1507840
5163785,6,1505065
5164998,4,1505065
5166210,7,1505065
5167422,6,1505065
5168634,9,1505065
5169846,7,1505065
5171058,4,1505065
5172271,7,1505065
5173483,9,1505065
5174695,6,1510512
5175907,5,1510512
5177119,6,1510512
5178331,7,1510512
5179543,8,1510512
5180755,4,1510512
5181967,7,1510512
5183179,6,1510512
5184391,7,1510512
5185603,5,1509690
5186815,4,1509690
5188027,8,1509690
5189240,7,1509690
5190451,6,1509690
5191663,7,1509690
5192876,7,1509690
5194088,5,1509690
5195300,7,1509690
5196512,7,1516576
5197724,4,1516576
5198936,7,1516576
5200148,6,1516576
5201360,9,1516576
5202572,6,1516576
5203784,8,1516576
5204996,8,1516576
5206209,6,1516576
5207420,6,1509073
5208633,0,1509381
5209844,4,1509381
5217121,9,1509381
5218329,4,1509381
5219541,17,1509381
5220753,7,1509381
5221966,6,1509381
5223177,6,1509381
5224390,9,1509381
5225601,7,1509381
5226813,7,1509381
5228026,5,1509381
5229238,8,1507994
5230450,5,1519865
5231662,4,1519865
5232874,6,1519865
5234087,4,1519865
5235298,4,1519865
5236511,5,1519865
5237722,4,1519865
5238935,6,1519865
5240146,5,1519865
5241359,3,1508765
5242570,4,1508765
5243782,3,1508765
5244994,5,1508765
5246206,4,1508765
5247418,6,1508765
5248630,4,1508765
5249842,6,1508765
5251055,3,1508765
5252266,4,1510255
5253479,6,1510255
5254690,4,1510255
5255902,4,1510255
5257114,4,1510255
5258326,2,1510255
5259538,3,1510255
5260751,4,1510255
5261963,5,1510255
5263174,5,1510304
5264387,4,1509536
5265598,5,1509536
5266810,5,1509536
5268022,2,1509536
5269234,6,1509536
5270446,3,1509536
5271658,3,1509536
5272870,6,1509536
5274082,3,1509524
5275294,4,1506452
5276506,4,1506452
5277718,5,1506452
5278930,5,1506452
5280142,5,1506452
5281354,5,1506452
5282566,2,1506452
5283779,3,1506452
5284991,5,1506452
5286203,3,1506452
5287415,5,1506452
5288627,4,1506452
5289839,7,1506452
5291052,6,1506452
5292263,6,1506452
5293475,6,1506452
5300747,4,1506452
5301960,3,1506452
5303172,4,1506452
5304384,8,1506452
5305596,5,1506452
5306808,6,1507840
5308020,3,1507840
5309232,5,1507840
5310444,7,1507840
5311657,6,1507840
5312868,6,1507840
5314080,6,1507840
5315292,7,1507840
5316505,7,1507840
5317717,7,1508354
5318928,4,1508354
5320141,6,1508354
5321352,8,1508354
5322565,7,1508354
5323777,3,1508354
5324989,9,1508354
5326201,6,1508354
5327413,7,1508354
5328625,4,1509330
5329837,4,1509330
5331049,9,1509330
5332262,9,1509330
5333474,4,1509330
5334686,7,1509330
5335897,3,1509330
5337109,6,1509330
5338322,5,1509330
5339534,4,1507171
5340745,4,1507171
5341958,5,1507171
5343170,4,1507171
5344382,8,1507171
5345594,9,1507171
5346806,7,1507171
5348018,7,1507171
5349230,6,1507171
5350442,5,1506144
5351654,4,1506144
5352867,6,1506144
5354078,5,1506144
5355291,7,1506144
5356503,3,1506144
5357715,4,1506144
5358927,5,1506144
5360139,10,1506144
5361351,6,1508970
5362564,4,1508970
5363775,4,1508970
5364988,8,1508970
5366200,6,1508970
5367412,6,1508970
5368624,9,1508970
5369836,4,1508970
5371048,6,1508970
5372260,9,1505475
5373473,4,1505475
5374684,8,1505475
5375896,4,1505475
5377109,9,1507634
5384382,6,1507634
5385594,11,1507634
5386807,7,1507634
5388019,5,1507634
5389230,7,1507634
5390442,5,1507634
5391655,4,1507634
5392867,5,1507634
5394079,5,1509895
5395291,0,1507377
5396502,5,1507377
5397714,5,1507377
5398927,4,1507377
5400138,4,1507377
5401351,3,1507377
5402563,5,1507377
5403775,3,1507377
5404987,6,1507377
5406199,5,1510717
5407411,4,1510717
5408623,4,1510717
5409836,5,1510717
5411047,3,1510717
5412259,2,1510717
5413472,5,1510717
5414683,9,1510717
5415895,4,1510717
5417107,4,1511334
5418319,4,1511334
5419532,4,1511334
5420744,1,1511334
5421956,4,1511334
5423168,5,1511334
5424381,8,1511334
5425592,5,1511334
5426804,3,1511334
5428016,3,1569521
5429229,4,1503985
5430440,4,1503985
5431653,6,1503985
5432865,4,1503985
5434077,5,1503985
5435289,6,1503985
5436501,3,1503985
5437713,3,1503985
5438925,4,1503853
5440137,6,1509741
5441350,4,1509741
5442561,4,1509741
5443773,-1,1509741
5444986,7,1509741
5446197,4,1509741
5447409,4,1509741
5448622,4,1509741
5449833,3,1509684
5451046,1,1508148
5452258,3,1508148
5453470,4,1508148
5454682,8,1508148
5455893,4,1508148
5457105,6,1508148
5458318,6,1508148
5459530,5,1508148
5460742,3,1508148
5468121,3,1508148
5469226,8,1508148
5470438,6,1505167
5471650,5,1505167
5472863,5,1505167
5474074,3,1505167
5475286,9,1505167
5476499,9,1505167
5477710,6,1505167
5478923,8,1505167
5480135,7,1505167
5481346,5,1505167
5482558,7,1507840
5483771,4,1507840
5484983,9,1507840
5486195,6,1507840
5487407,4,1507840
5488618,5,1507840
5489830,7,1507840
5491043,6,1507840
5492255,7,1507840
5493466,5,1508610
5494679,9,1508610
5495891,7,1508610
5497103,6,1508610
5498315,8,1508610
5499527,5,1508610
5500739,8,1508610
5501951,8,1508610
5503163,4,1508610
5504375,10,1507891
5505587,5,1507891
5506799,7,1507891
5508011,7,1507891
5509223,7,1507891
5510434,6,1507891
5511647,3,1507891
5512859,6,1507891
5514071,10,1507891
5515283,6,1509638
5516495,3,1509638
5517706,7,1509638
5518919,6,1509638
5520130,8,1509638
5521343,4,1509638
5522554,5,1509638
5523767,7,1509638
5524979,7,1509638
5526191,7,1505835
5527402,4,1505835
5528614,3,1505835
5529827,5,1505835
5531039,6,1505835
5532251,6,1505835
5533462,6,1505835
5534675,8,1505835
5535887,8,1505835
5537099,5,1498281
5538310,5,1498281
5539522,6,1498281
5540735,6,1498281
5541946,8,1498281
5543159,8,1498281
5544370,4,1498281
5551643,13,1498281
5552855,6,1498281
5554067,8,1498281
5555279,9,1498281
5556491,5,1498281
5557703,6,1498281
5558915,9,1505938
5560127,4,1505938
5561339,8,1505938
5562551,9,1505938
5563763,6,1505938
5564976,6,1505938
5566187,3,1505938
5567399,6,1505938
5568611,7,1505938
5569824,6,1507428
5571036,2,1507017
5572247,5,1507017
5573459,4,1507017
5574671,6,1507017
5575883,3,1507017
5577095,4,1507017
5578307,3,1507017
5579519,3,1507017
5580731,5,1507017
5581943,3,1508867
5583155,6,1508867
5584367,4,1508867
5585579,4,1508867
5586791,3,1508867
5588002,3,1508867
5589215,3,1508867
5590427,5,1508867
5591639,3,1508867
5592851,4,1570755
5594063,4,1505219
5595275,3,1505219
5596487,6,1505219
5597699,4,1505219
5598911,4,1505219
5600123,4,1505219
5601335,1,1505219
5602547,4,1505219
5603759,3,1507274
5604971,3,1507274
5606183,6,1507274
5607395,2,1507274
5608607,5,1507274
5609819,3,1507274
5611031,5,1507274
5612244,4,1507274
5613455,3,1507274
5614668,3,1507274
5615879,3,1507274
5617091,4,1507274
5618304,3,1507274
5619515,4,1507274
5620727,6,1507274
5621940,4,1507274
5623152,3,1507274
5624364,4,1507274
5625576,4,1507183
5626787,4,1510255
5627999,8,1510255
5635271,1,1510255
5636483,2,1507428
5637695,14,1507428
5638908,4,1507428
5640120,5,1507428
5641332,5,1507428
5642544,4,1507428
5643756,4,1507428
5644968,3,1507428
5646180,6,1507428
5647392,6,1507428
5648604,3,1507428
5649816,7,1507428
5651028,8,1507428
5652240,6,1507428
5653452,7,1507428
5654665,7,1507428
5655876,5,1507428
5657088,5,1507428
5658300,6,1503214
5659512,2,1503214
5660725,5,1503214
5661936,6,1503214
5663148,8,1503214
5664361,9,1503214
5665572,6,1503214
5666785,8,1503214
5667997,6,1503214
5669209,7,1507840
5670421,5,1507840
5671633,4,1507840
5672845,7,1507840
5674057,4,1507840
5675270,6,1507840
5676482,8,1507840
5677694,8,1507840
5678905,5,1507840
5680118,4,1508508
5681331,3,1508508
5682542,6,1508508
5683755,7,1508508
5684966,7,1508508
5686179,5,1508508
5687390,5,1508508
5688603,5,1508508
5689815,5,1508508
5691027,9,1504499
5692239,4,1504499
5693452,5,1504499
5694663,9,1504499
5695875,6,1504499
5697087,7,1504499
5698299,6,1504499
5699511,7,1504499
5700724,5,1504499
5701935,4,1512054
5703147,5,1512054
5704360,7,1512054
5705572,7,1512054
5706784,5,1512054
5707996,6,1512054
5709208,7,1512054
5710420,4,1512054
5711632,9,1512054
5720116,5,1512054
5721328,5,1512054
5722541,5,1512054
5723753,3,1507223
5724964,2,1507223
5726176,7,1507223
5727389,6,1507223
5728600,6,1507223
5729813,7,1507223
5731024,7,1507223
5732236,7,1507223
5733449,6,1507223
5734661,8,1506401
5735872,5,1506401
5737084,5,1506401
5738296,6,1506401
5739509,8,1506401
5740721,5,1506401
5741932,4,1506401
5743144,7,1506401
5744357,6,1506401
5745569,6,1506195
5746781,5,1505321
5747993,3,1505321
5749205,6,1505321
5750417,4,1505321
5751629,4,1505321
5752841,2,1505321
5754053,2,1505321
5755265,4,1505321
5756477,4,1505321
5757689,4,1509690
5758901,3,1509690
5760114,4,1509690
5761326,4,1509690
5762537,3,1509690
5763749,3,1509690
5764961,6,1509690
5766174,5,1509690
5767385,5,1509690
5768597,4,1506503
5769809,3,1506503
5771022,4,1506503
5772233,4,1506503
5773445,3,1506503
5774658,3,1506503
5775869,4,1506503
5777081,4,1506503
5778293,5,1506503
5779505,5,1444102
5780718,4,1509638
5781929,4,1509638
5783142,3,1509638
5784354,5,1509638
5785566,4,1509638
5786778,4,1509638
5787989,6,1509638
5789202,5,1509638
5790414,2,1572810
5791625,6,1507274
5792838,3,1507274
5794049,2,1507274
5795261,4,1507274
5796473,5,1507274
5804957,4,1507274
5806169,6,1507274
5807381,9,1507274
5808593,8,1507274
5809805,7,1507274
5811017,7,1509381
5812229,6,1509524
5813440,3,1506452
5814653,4,1506452
5815864,4,1506452
5817077,5,1506452
5818288,5,1506452
5819501,4,1506452
5820713,3,1506452
5821924,3,1506452
5823137,1,1506452
5824349,4,1506452
5825560,7,1506452
5826773,6,1506452
5827984,9,1506452
5829196,6,1506452
5830408,10,1506452
5831621,4,1506452
5832833,7,1506606
5834045,3,1506606
5835257,4,1506606
5836468,5,1506606
5837681,10,1506606
5838893,4,1506606
5840104,5,1506606
5841316,7,1506606
5842529,9,1506606
5843741,4,1506606
5844953,6,1501621
5846165,2,1501621
5847378,9,1501621
5848590,4,1501621
5849802,10,1501621
5851013,7,1501621
5852225,6,1501621
5853437,8,1501621
5854649,6,1501621
5855861,7,1505116
5857074,6,1505116
5858285,8,1505116
5859497,6,1505116
5860710,9,1505116
5861921,8,1505116
5863133,9,1505116
5864345,4,1505116
5865558,5,1505116
5866769,4,1506657
5867982,6,1506657
5869193,6,1506657
5870406,6,1506657
5871618,6,1506657
5872831,10,1506657
5874042,4,1506657
5875254,6,1506657
5876466,8,1506657
5877678,11,1505167
5878891,5,1505167
5880102,7,1505167
5881314,8,1504551
5888586,1,1504551
5889799,2,1504551
5891011,7,1504551
5892222,5,1504551
5893435,6,1504551
5894646,7,1504551
5895859,7,1504551
5897071,6,1504551
5898282,7,1504551
5899495,5,1505630
5900707,4,1505630
5901918,8,1505630
5903131,6,1505630
5904343,9,1505630
5905555,6,1505630
5906767,8,1505630
5907979,7,1505630
5909191,7,1505630
5910403,7,1505013
5911615,4,1505013
5912827,7,1505013
5914039,6,1505013
5915251,8,1505013
5916463,7,1505013
5917675,6,1505013
5918887,5,1505013
5920099,5,1505013
5921311,6,1506247
5922523,5,1506247
5923735,3,1506247
5924948,6,1506247
5926159,6,1506247
5927371,8,1506247
5928583,6,1506247
5929796,6,1506247
5931008,8,1506247
5932219,5,1503368
5933431,3,1506915
5934644,4,1506915
5935856,5,1506915
5937068,4,1506915
5938280,0,1506915
5939492,6,1506915
5940704,3,1506915
5941916,5,1506915
5943129,5,1506915
5944340,5,1510820
5945552,4,1510820
5946765,3,1510820
5947976,5,1510820
5949188,6,1510820
5950400,3,1510820
5951612,5,1510820
5952825,2,1510820
5954036,3,1510820
5955248,4,1569470
5956460,3,1503934
5957673,7,1503934
5958885,5,1503934
5960097,3,1503934
5961309,5,1503934
5962521,5,1503934
5963733,4,1503934
5964945,9,1503934
5972217,7,1503934
5973430,6,1503934
5974642,7,1503934
5975853,4,1508508
5977065,4,1508354
5978277,4,1508610
5979489,6,1508610
5980702,3,1508610
5981913,3,1508610
5983126,3,1508610
5984338,4,1508610
5985550,6,1508610
5986762,3,1508610
5987974,4,1508805
5989186,4,1505989
5990398,2,1505989
5991611,3,1505989
5992822,3,1505989
5994035,3,1505989
5995246,7,1505989
5996458,5,1505989
5997670,5,1505989
5998883,5,1505989
6000095,4,1505989
6001306,8,1505989
6002518,7,1505989
6003731,5,1505989
6004943,8,1505989
6006155,6,1505989
6007367,6,1505989
6008579,6,1507994
6009790,4,1507994
6011003,4,1507994
6012215,6,1507994
6013426,5,1507994
6014639,8,1507994
6015850,7,1507994
6017062,3,1507994
6018274,6,1507994
6019487,8,1507994
6020698,6,1504345
6021911,4,1504345
6023123,7,1504345
6024335,6,1504345
6025547,7,1504345
6026759,7,1504345
6027971,4,1504345
6029183,7,1504345
6030395,6,1504345
6031607,5,1510872
6032819,3,1510872
6034031,7,1510872
6035243,7,1510872
6036455,5,1510872
6037667,5,1510872
6038879,7,1510872
6040091,6,1510872
6041303,4,1510872
6042515,7,1505527
6043727,3,1505527
6044939,4,1505527
6046151,6,1505527
6047363,6,1505527
6048575,5,1505527
6057059,8,1505527
6058271,7,1505527
6059483,5,1505527
6060695,6,1505527
6061907,5,1505527
6063119,7,1505527
6064331,7,1505475
6065543,3,1505475
6066754,7,1505475
6067966,6,1505475
6069179,4,1505475
6070390,6,1505475
6071603,8,1505475
6072815,8,1505475
6074026,5,1505475
6075238,6,1504191
6076450,3,1504191
6077663,6,1504191
6078875,5,1504191
6080087,7,1504191
6081298,6,1504191
6082510,7,1504191
6083723,4,1504191
6084935,8,1504191
6086146,8,1508302
6087358,4,1508302
6088570,6,1508302
6089782,6,1508302
6090995,6,1508302
6092206,7,1508302
6093418,6,1508302
6094630,8,1508302
6095841,4,1508302
6097054,6,1505065
6098266,0,1505065
6099478,7,1505065
6100690,5,1505065
6101902,9,1505065
6103113,9,1505065
6104325,6,1505065
6105538,2,1505065
6106750,9,1505065
6107962,8,1510049
6109173,4,1505321
6110385,3,1505321
6111597,6,1505321
6112810,4,1505321
6114021,3,1505321
6115234,6,1505321
6116445,6,1505321
6117658,4,1505321
6118869,4,1505321
6120081,5,1502084
6121293,5,1502084
6122505,6,1502084
6123717,2,1502084
6124929,4,1502084
6126141,3,1502084
6127353,5,1502084
6128565,3,1502084
6129777,5,1502084
6130989,7,1507274
6132201,5,1507274
6133413,9,1507274
6141896,3,1507326
6143109,5,1507326
6144321,4,1507326
6145532,4,1507326
6146745,3,1507326
6147956,3,1507326
6149169,2,1507326
6150381,7,1507326
6151592,5,1507326
6152805,6,1507116
6154016,4,1506092
6155229,4,1506092
6156440,3,1506092
6157653,3,1506092
6158864,4,1506092
6160076,5,1506092
6161288,5,1506092
6162500,3,1506092
6163712,5,1506247
6164924,6,1506247
6166137,4,1506247
6167348,5,1506247
6168560,5,1506247
6169772,3,1506247
6170985,5,1506247
6172197,4,1506247
6173409,3,1506247
6174620,4,1506247
6175833,4,1506247
6177045,7,1506247
6178256,6,1506247
6179469,6,1506247
6180681,12,1506247
6181893,8,1506247
6183105,5,1506247
6184317,5,1506247
6185528,3,1506247
6186741,4,1506247
6187953,7,1506247
6189164,7,1506247
6190376,7,1506247
6191589,5,1506247
6192801,4,1506247
6194012,7,1506247
6195225,8,1506247
6196437,5,1506657
6197649,3,1506657
6198861,7,1506657
6200073,9,1506657
6201285,6,1506657
6202497,6,1506657
6203709,5,1506657
6204921,9,1506657
6206132,5,1506657
6207346,4,1505835
6208557,4,1505835
6209769,6,1505835
6210981,9,1505835
6212193,4,1505835
6213405,7,1505835
6214617,7,1505835
6215829,3,1505835
6217041,6,1505835
6218253,6,1505835
6225525,3,1505835
6226737,4,1505835
6227949,9,1505835
6229161,3,1507994
6230374,7,1507994
6231585,8,1507994
6232797,5,1507994
6234009,6,1507994
6235222,6,1507994
6236434,4,1507994
6237646,6,1507994
6238857,7,1507994
6240069,9,1503266
6241282,5,1503266
6242494,7,1503266
6243706,5,1503266
6244918,6,1503266
6246130,8,1503266
6247342,9,1503266
6248554,4,1503266
6249766,4,1503266
6250979,6,1505527
6252190,4,1505527
6253402,6,1505527
6254614,7,1505527
6255826,5,1505527
6257038,6,1505527
6258250,4,1505527
6259463,6,1505527
6260674,10,1505527
6261886,6,1500902
6263099,3,1500902
6264310,5,1500902
6265523,6,1500902
6266735,8,1500902
6267947,8,1500902
6269159,3,1500902
6270371,6,1500902
6271583,4,1500902
6272795,6,1506915
6274006,2,1506915
6275218,7,1506915
6276431,5,1506915
6277642,6,1506915
6278855,7,1506915
6280066,8,1506915
6281278,7,1506915
6282490,9,1506915
6283702,4,1506144
6284914,4,1505116
6286126,1,1505116
6287338,4,1505116
6288550,5,1505116
6289762,4,1505116
6290974,5,1505116
6292186,2,1505116
6293398,3,1505116
6294610,4,1505116
6295822,4,1509844
6297034,3,1509844
6298246,5,1509844
6299458,4,1509844
6300670,4,1509844
6301882,3,1509844
6309154,9,1509844
6310366,6,1509844
6311578,7,1509844
6312789,6,1509844
6314001,4,1509844
6315214,5,1509844
6316425,6,1501467
6317637,7,1444359
6318850,5,1509895
6320061,3,1509895
6321273,4,1509895
6322486,5,1509895
6323697,5,1509895
6324909,4,1509895
6326121,3,1509895
6327333,5,1509895
6328545,1,1509895
6329757,6,1509895
6330969,5,1509895
6332181,5,1509895
6333393,3,1509895
6334605,6,1509895
6335817,6,1509895
6337029,3,1509895
6338241,3,1509895
6339452,5,1510031
6340665,5,1505167
6341877,4,1505167
6343088,4,1505167
6344301,2,1505167
6345512,5,1505167
6346725,4,1505167
6347936,3,1505167
6349149,4,1505167
6350361,7,1505248
6351573,5,1499360
6352785,3,1499360
6353996,5,1499360
6355208,3,1499360
6356420,3,1499360
6357632,4,1499360
6358845,5,1499360
6360056,3,1499360
6361268,5,1499360
6362481,7,1499360
6363692,4,1499360
6364904,8,1499360
6366116,8,1499360
6367328,7,1499360
6368541,7,1499360
6369753,4,1499360
6370964,8,1499360
6372176,6,1506863
6373389,3,1506863
6374601,8,1506863
6375813,7,1506863
6377024,9,1506863
6378236,7,1506863
6379449,4,1506863
6380661,8,1506863
6381873,7,1506863
6383085,6,1506041
6384297,4,1506041
6385509,5,1506041
6392782,6,1506041
6393994,7,1504962
6395206,3,1504962
6396418,6,1504962
6397630,6,1504962
6398844,5,1504962
6400054,7,1504962
6401267,8,1504962
6402479,9,1504962
6403691,7,1504962
6404903,7,1502444
6406114,4,1502444
6407327,5,1502444
6408539,5,1502444
6409751,7,1502444
6410963,5,1502444
6412175,7,1502444
6413387,5,1502444
6414599,8,1502444
6415812,9,1502032
6417024,2,1502032
6418236,6,1502032
6419447,7,1502032
6420659,6,1502032
6421872,8,1502032
6423084,6,1502032
6424296,9,1502032
6425508,9,1502032
6426720,5,1506760
6427932,3,1506760
6429144,7,1506760
6430356,6,1506760
6431568,9,1506760
6432780,8,1506760
6433992,9,1506760
6435204,5,1506760
6436416,4,1506760
6437628,6,1509330
6438841,5,1509330
6440052,8,1509330
6441264,8,1509330
6442476,3,1509330
6443688,7,1509330
6444900,6,1509330
6446113,9,1509330
6447325,8,1509330
6448537,6,1504499
6449749,6,1504499
6450961,7,1504499
6452173,4,1504499
6453385,9,1504499
6454598,6,1504499
6455810,3,1504499
6457021,8,1504499
6458233,4,1504499
6459446,11,1506195
6460657,4,1508559
6461870,5,1508559
6463082,3,1508559
6464294,4,1508559
6465505,4,1508559
6466718,6,1508559
6467930,4,1508559
6469142,5,1508559
6477626,10,1508559
6478838,7,1508559
6480051,4,1508559
6481263,5,1493450
6482475,5,1493450
6483687,5,1493450
6484899,5,1493450
6486111,6,1493450
6487324,3,1493450
6488535,4,1493450
6489747,5,1493450
6490959,4,1493450
6492171,5,1493450
6493384,8,1505270
6494595,0,1505270
6495808,3,1505270
6497019,4,1505270
6498232,5,1505270
6499443,3,1505270
6500656,4,1505270
6501868,5,1505270
6503080,5,1505270
6504292,4,1500285
6505504,4,1500285
6506716,5,1500285
6507928,4,1500285
6509141,3,1500285
6510353,3,1500285
6511564,3,1500285
6512776,4,1500285
6513989,6,1500285
6515201,4,1500323
6516413,4,1510563
6517625,6,1510563
6518837,6,1510563
6520049,5,1510563
6521261,3,1510563
6522473,2,1510563
6523685,7,1510563
6524898,2,1510563
6526110,4,1510506
6527321,2,1508970
6528534,4,1508970
6529746,5,1508970
6530958,5,1508970
6532169,4,1508970
6533382,9,1508970
6534594,4,1508970
6535806,3,1508970
6537018,4,1508970
6538230,4,1508970
6539442,7,1508970
6540654,7,1508970
6541866,6,1508970
6543079,6,1508970
6544290,8,1508970
6545503,5,1508970
6546715,5,1503214
6547927,4,1503214
6549139,3,1503214
6550351,6,1503214
6551563,6,1503214
6552775,6,1503214
6553987,6,1503214
6561259,2,1503214
6562472,7,1503214
6563684,10,1503214
6564896,7,1503214
6566108,8,1503214
6567320,6,1503214
6568532,7,1503214
6569744,6,1506760
6570956,3,1506760
6572168,5,1506760
6573381,6,1506760
6574592,7,1506760
6575804,7,1506760
6577017,5,1506760
6578229,6,1506760
6579440,6,1506760
6580653,6,1505835
6581866,3,1505835
6583077,8,1505835
6584289,7,1505835
6585501,5,1505835
6586714,7,1505835
6587925,6,1505835
6589137,8,1505835
6590349,8,1505835
6591562,8,1504859
6592773,3,1504859
6593986,7,1504859
6595198,5,1504859
6596410,5,1504859
6597622,8,1504859
6598834,7,1504859
6600047,6,1504859
6601258,6,1504859
6602470,8,1506247
6603682,7,1506247
6604894,8,1506247
6606107,7,1506247
6607318,6,1506247
6608531,7,1506247
6609743,3,1506247
6610954,5,1506247
6612167,6,1506247
6613378,7,1506092
6614590,1,1506092
6615802,5,1506092
6617015,8,1506092
6618227,8,1506092
6619439,8,1506092
6620651,4,1506092
6621863,5,1506092
6623075,7,1506092
6624287,6,1505219
6625499,6,1505219
6626712,7,1505219
6627924,8,1505219
6629136,6,1505219
6630347,7,1505219
6631559,7,1505219
6632772,5,1505219
6633984,8,1505219
6635196,7,1506503
6636408,3,1506503
6637620,8,1506503
6646104,7,1501878
6647317,4,1502598
6648529,3,1502598
6649740,3,1502598
6650952,4,1502598
6652165,5,1502598
6653377,8,1502598
6654589,4,1502598
6655801,3,1502598
6657013,4,1502598
6658225,4,1506349
6659437,4,1506349
6660649,6,1506349
6661862,6,1506349
6663074,5,1506349
6664286,4,1506349
6665497,5,1506349
6666710,3,1506349
6667921,4,1506349
6669134,4,1504910
6670346,4,1504910
6671559,5,1504910
6672770,5,1504910
6673982,5,1504910
6675194,2,1504910
6676406,2,1504910
6677619,4,1504910
6678831,3,1504910
6680042,5,1442355
6681255,3,1507891
6682467,5,1507891
6683679,7,1507891
6684891,6,1507891
6686103,4,1507891
6687315,5,1507891
6688527,3,1507891
6689739,4,1507891
6690951,6,1507936
6692163,2,1506144
6693375,7,1506144
6694587,3,1506144
6695799,5,1506144
6697011,4,1506144
6698224,3,1506144
6699435,4,1506144
6700648,3,1506144
6701859,1,1506187
6703071,5,1504139
6704283,5,1504139
6705496,3,1504139
6706707,4,1504139
6707919,5,1504139
6709131,5,1504139
6710344,3,1504139
6711555,4,1504139
6712767,4,1504139
6713979,6,1504139
6715191,4,1504139
6716403,5,1504139
6717615,5,1504139
6718827,3,1504139
6720039,8,1504139
6721251,8,1504139
6722463,7,1504139
6729736,4,1504139
6730947,6,1504139
6732160,5,1504139
6733371,8,1504139
6734584,7,1506915
6735796,2,1506915
6737008,7,1506915
6738220,6,1506915
6739432,6,1506915
6740644,10,1506915
6741856,7,1506915
6743068,6,1506915
6744280,4,1506915
6745492,7,1505989
6746704,4,1505989
6747916,8,1505989
6749128,9,1505989
6750340,7,1505989
6751552,6,1505989
6752764,7,1505989
6753976,5,1505989
6755188,8,1505989
6756400,5,1504396
6757613,3,1504396
6758824,5,1504396
6760036,3,1504396
6761248,8,1504396
6762460,6,1504396
6763672,9,1504396
6764884,6,1504396
6766096,5,1504396
6767308,4,1504294
6768521,5,1504294
6769732,8,1504294
6770944,6,1504294
6772156,8,1504294
6773368,7,1504294
6774580,6,1504294
6775792,7,1504294
6777004,6,1504294
6778216,8,1504294
6779428,3,1504294
6780640,7,1504294
6781852,7,1504294
6783064,8,1504294
6784277,8,1504294
6785488,6,1504294
6786700,6,1504294
6787912,5,1504294
6789125,7,1507326
6790336,4,1507326
6791549,8,1507326
6792760,5,1507326
6793972,6,1507326
6795184,8,1507326
6796396,5,1507326
6797608,6,1507326
6798820,7,1507326
6800032,4,1505681
6801245,3,1505681
6802457,7,1505681
6803669,6,1505681
6804880,7,1505681
6806092,6,1505681
6813365,11,1505681
6814577,7,1505681
6815789,9,1505681
6817001,7,1505681
6818213,7,1505681
6819425,5,1505681
6820637,6,1505681
6821849,5,1505733
6823061,4,1505527
6824274,5,1505527
6825485,5,1505527
6826697,5,1505527
6827909,4,1505527
6829121,5,1505527
6830334,4,1505527
6831545,4,1505527
6832758,0,1505527
6833969,4,1503214
6835182,8,1503214
6836394,3,1503214
6837606,5,1503214
6838818,5,1503214
6840030,4,1503214
6841242,5,1503214
6842454,3,1503214
6843666,2,1503214
6844878,4,1500336
6846090,6,1500336
6847302,2,1500336
6848514,6,1500336
6849726,6,1500336
6850939,4,1500336
6852151,2,1500336
6853363,4,1500336
6854575,5,1500336
6855787,5,1503677
6856999,6,1503677
6858211,4,1503677
6859423,3,1503677
6860635,2,1503677
6861847,3,1503677
6863059,5,1503677
6864271,4,1503677
6865484,5,1503677
6866696,5,1503622
6867908,3,1502598
6869119,1,1502598
6870332,4,1502598
6871544,3,1502598
6872756,4,1502598
6873968,2,1502598
6875181,6,1502598
6876392,4,1502598
6877604,6,1502649
6878816,5,1502649
6880029,3,1502649
6881240,3,1502649
6882453,4,1502649
6883665,7,1502649
6884877,4,1502649
6886089,5,1502649
6887301,4,1502649
6888513,4,1502716
6889725,4,1506812
6897121,5,1506812
6898210,1,1506812
6899422,3,1502906
6900634,15,1502906
6901846,4,1502906
6903059,5,1502906
6904270,6,1502906
6905483,4,1502906
6906695,4,1502906
6907906,3,1502906
6909119,4,1502906
6910330,4,1502906
6911543,2,1502906
6912755,7,1502906
6913967,9,1502906
6915179,5,1502906
6916391,7,1502906
6917603,4,1502906
6918816,6,1502906
6920028,8,1502906
6921239,6,1502598
6922451,4,1502598
6923663,5,1502598
6924876,6,1502598
6926088,8,1502598
6927300,5,1502598
6928512,8,1502598
6929723,4,1502598
6930936,5,1502598
6932148,7,1503626
6933359,5,1503626
6934572,6,1503626
6935784,7,1503626
6936996,4,1503626
6938208,6,1503626
6939420,5,1503626
6940633,7,1503626
6941844,9,1503626
6943057,6,1502186
6944268,4,1502186
6945480,7,1502186
6946693,6,1502186
6947905,5,1502186
6949117,8,1502186
6950329,5,1502186
6951541,5,1502186
6952753,4,1502186
6953966,8,1505321
6955178,8,1505321
6956390,8,1505321
6957602,7,1505321
6958814,7,1505321
6960027,6,1505321
6961239,7,1505321
6962451,5,1505321
6963663,5,1505321
6964874,6,1505681
6966087,3,1505681
6967299,6,1505681
6968511,5,1505681
6969723,7,1505681
6970936,8,1505681
6972148,8,1505681
6973359,5,1505681
6980632,17,1505681
6981844,8,1505681
6983056,9,1505681
6984268,4,1505681
6985481,6,1505681
6986693,7,1504345
6987905,2,1504345
6989117,7,1504345
6990329,6,1504345
6991541,6,1504345
6992753,7,1504345
6993965,6,1504345
6995178,5,1504345
6996390,6,1504345
6997601,6,1505270
6998813,4,1505887
7000026,3,1505887
7001238,4,1505887
7002450,3,1505887
7003662,4,1505887
7004874,4,1505887
7006086,4,1505887
7007299,1,1505887
7008511,4,1505887
7009723,3,1499309
7010935,4,1499309
7012147,5,1499309
7013359,3,1499309
7014571,7,1499309
7015783,3,1499309
7016995,3,1499309
7018208,6,1499309
7019419,2,1499309
7020631,3,1499309
7021845,6,1499309
7023056,4,1499309
7024269,5,1499309
7025480,7,1499309
7026692,4,1499309
7027904,4,1499309
7029117,3,1499309
7030329,3,1499309
7031541,4,1505784
7032753,5,1505784
7033965,5,1505784
7035177,11,1505784
7036389,3,1505784
7037601,4,1505784
7038814,4,1505784
7040025,3,1505784
7041238,4,1505784
7042450,5,1444462
7043662,4,1509998
7044874,4,1509998
7046086,5,1509998
7047299,5,1509998
7048511,5,1509998
7049723,4,1509998
7050935,4,1509998
7052147,6,1509998
7053359,2,1510039
7054571,4,1507223
7055783,3,1507223
7056995,7,1507223
7064268,3,1507223
7065480,1,1507223
7066693,6,1507223
7067904,5,1507223
7069116,8,1507223
7070328,7,1507223
7071540,7,1507223
7072753,6,1507223
7073965,7,1504551
7075177,5,1504551
7076389,5,1504551
7077601,8,1504551
7078813,8,1504551
7080026,8,1504551
7081238,6,1504551
7082449,6,1504551
7083662,7,1504551
7084875,8,1505527
7086087,4,1505527
7087299,5,1505527
7088511,7,1505527
7089723,4,1505527
7090935,7,1505527
7092147,6,1505527
7093359,9,1505527
7094571,9,1505527
7095783,7,1505527
7096995,8,1504705
7098208,5,1504705
7099419,6,1504705
7100632,10,1504705
7101844,8,1504705
7103055,5,1504705
7104268,5,1504705
7105480,8,1504705
7106691,7,1504705
7107904,6,1505733
7109116,4,1505733
7110328,5,1505733
7111541,5,1505733
7112753,7,1505733
7113964,7,1505733
7115176,7,1505733
7116388,7,1505733
7117600,5,1505733
7118812,5,1504705
7120024,5,1504705
7121236,6,1504705
7122449,6,1504705
7123661,7,1504705
7124873,4,1504705
7126085,8,1504705
7127297,6,1504705
7128510,6,1504705
7129722,2,1505424
7130933,4,1505424
7132146,6,1505424
7133358,7,1505424
7134569,5,1505424
7135781,10,1505424
7136994,9,1505424
7138206,7,1505424
7139418,4,1505424
7140630,8,1505424
7149115,3,1505424
7150327,7,1505424
7151539,8,1504962
7152751,5,1504962
7153963,7,1504962
7155175,4,1504962
7156387,6,1504962
7157599,8,1504962
7158811,5,1504962
7160023,4,1504962
7161235,7,1504962
7162447,6,1505989
7163659,6,1505989
7164871,7,1505989
7166083,6,1505989
7167295,8,1505989
7168507,5,1505989
7169720,2,1505989
7170931,7,1505989
7172144,8,1505989
7173355,8,1508816
7174568,2,1508816
7175779,7,1508816
7176992,4,1508816
7178204,7,1508816
7179416,6,1508816
7180628,7,1508816
7181840,7,1508816
7183052,8,1508816
7184264,9,1502546
7185476,6,1502957
7186688,7,1502957
7187900,6,1502957
7189112,4,1502957
7190325,3,1502957
7191536,3,1502957
7192749,5,1502957
7193961,3,1502957
7195173,4,1502957
7196385,5,1506195
7197597,4,1506195
7198809,4,1506195
7200021,3,1506195
7201233,6,1506195
7202445,4,1506195
7203657,5,1506195
7204869,3,1506195
7206081,4,1506195
7207293,4,1506606
7208506,3,1506606
7209717,3,1506606
7210929,4,1506606
7212141,5,1506606
7213353,4,1506606
7214565,5,1506606
7215777,4,1506606
7216990,7,1506606
7218201,4,1444822
7219414,2,1510358
7220626,4,1510358
7221838,6,1510358
7223050,6,1510358
7224262,4,1510358
7225474,5,1510358
7233959,8,1510358
7235171,7,1510358
7236383,10,1510358
7237595,8,1510358
7238807,6,1502598
7240019,3,1502661
7241231,5,1505989
7242443,5,1505989
7243655,2,1505989
7244867,2,1505989
7246079,6,1505989
7247291,4,1505989
7248504,4,1505989
7249716,4,1505989
7250928,5,1505989
7252139,3,1505989
7253352,6,1505989
7254564,5,1505989
7255776,7,1505989
7256988,6,1505989
7258200,5,1505989
7259412,3,1505989
7260624,5,1503677
7261837,3,1503677
7263049,4,1503677
7264260,7,1503677
7265473,6,1503677
7266685,11,1503677
7267897,9,1503677
7269109,6,1503677
7270321,8,1503677
7271533,4,1503677
7272745,6,1506247
7273957,5,1506247
7275169,6,1506247
7276382,8,1506247
7277593,8,1506247
7278806,12,1506247
7280017,6,1506247
7281229,7,1506247
7282441,7,1506247
7283654,7,1500388
7284865,3,1500388
7286077,8,1500388
7287289,6,1500388
7288502,5,1500388
7289714,3,1500388
7290925,7,1500388
7292138,7,1500388
7293349,7,1500388
7294562,7,1505681
7295774,3,1505681
7296986,8,1505681
7298197,7,1505681
7299410,5,1505681
7300621,8,1505681
7301834,8,1505681
7303046,4,1505681
7304258,3,1505681
7305470,7,1505167
7306683,5,1505167
7307895,6,1505167
7309107,6,1505167
7310318,11,1504455
7317590,2,1506503
7318803,2,1506503
7320015,4,1506503
7321227,4,1506503
7322438,3,1506503
7323651,4,1506503
7324863,5,1506503
7326075,4,1506503
7327286,6,1506503
7328498,5,1506503
7329711,6,1506503
7330923,6,1506503
7332134,6,1506503
7333347,7,1506503
7334559,5,1506503
7335770,6,1506503
7336983,8,1506503
7338195,8,1504345
7339406,4,1504345
7340619,4,1504345
7341831,5,1504345
7343042,7,1504345
7344255,5,1504345
7345466,5,1504345
7346678,11,1504345
7347891,5,1504345
7349102,4,1506349
7350315,4,1506349
7351527,7,1506349
7352739,5,1506349
7353951,6,1506349
7355162,6,1506349
7356375,6,1506349
7357587,7,1506349
7358799,4,1506349
7360011,4,1503677
7361223,3,1504705
7362435,5,1504705
7363648,4,1504705
7364859,5,1504705
7366071,4,1504705
7367284,3,1504705
7368495,3,1504705
7369708,4,1504705
7370920,4,1504705
7372132,3,1503266
7373344,4,1503266
7374557,5,1503266
7375769,4,1503266
7376980,6,1503266
7378193,4,1503266
7379404,2,1503266
7380616,4,1503266
7381829,4,1503266
7383040,3,1503163
7384253,2,1503163
7385465,5,1503163
7386677,9,1503163
7387888,5,1503163
7389100,5,1503163
7390313,3,1503163
7391524,1,1503163
7392737,3,1503163
7393948,6,1503163
7401220,7,1503163
7402432,5,1503163
7403645,7,1502238
7404856,4,1502344
7406070,2,1503112
7407281,3,1503112
7408493,3,1503112
7409705,4,1503112
7410917,4,1503112
7412129,3,1503112
7413341,3,1503112
7414553,1,1503112
7415765,4,1503111
7416977,6,1502855
7418189,2,1502855
7419401,3,1502855
7420613,3,1502855
7421826,4,1502855
7423037,4,1502855
7424249,4,1502855
7425462,3,1502855
7426674,4,1502867
7427885,4,1502867
7429098,9,1502867
7430310,7,1502867
7431522,4,1502867
7432735,7,1502867
7433946,7,1502867
7435159,8,1502867
7436370,9,1506195
7437583,4,1506195
7438794,5,1506195
7440007,5,1506195
7441219,9,1506195
7442431,8,1506195
7443643,6,1506195
7444855,8,1506195
7446067,7,1506195
7447279,5,1506195
7448491,6,1508662
7449703,2,1508662
7450915,7,1508662
7452127,7,1508662
7453338,7,1508662
7454551,5,1508662
7455762,5,1508662
7456975,5,1508662
7458187,8,1508662
7459399,8,1501159
7460610,4,1501159
7461822,6,1501159
7463035,7,1501159
7464247,4,1501159
7465459,6,1501159
7466671,9,1501159
7467883,5,1501159
7469095,7,1501159
7470307,6,1506247
7471519,2,1506247
7472732,6,1506247
7473943,8,1506247
7475155,9,1506247
7476367,6,1506247
7477579,5,1506247
7486063,6,1506247
7487275,9,1506247
7488487,7,1506247
7489699,6,1506247
7490911,5,1506247
7492123,10,1505681
7493335,4,1505681
7494547,7,1505681
7495759,4,1505681
7496971,7,1505681
7498183,7,1505681
7499395,3,1505681
7500607,8,1505681
7501819,7,1505681
7503031,8,1503728
7504243,5,1503728
7505455,8,1503728
7506668,6,1503728
7507879,5,1503728
7509091,6,1503728
7510304,7,1503728
7511515,5,1503728
7512727,3,1503728
7513940,5,1506298
7515152,6,1506298
7516363,8,1506298
7517575,5,1506298
7518787,5,1506298
7520000,6,1506298
7521212,6,1506298
7522424,6,1506298
7523636,9,1506298
7524848,7,1502803
7526060,3,1502803
7527272,6,1502803
7528484,8,1502803
7529696,8,1502803
7530908,6,1502803
7532120,7,1502803
7533332,7,1502803
7534544,6,1502803
7535756,6,1505630
7536968,5,1505578
7538181,9,1505578
7539392,4,1505578
7540605,3,1505578
7541816,4,1505578
7543028,4,1505578
7544241,1,1505578
7545452,3,1505578
7546665,5,1505578
7547876,4,1502341
7549089,5,1502341
7550301,5,1502341
7551513,4,1502341
7552725,3,1502341
7553937,6,1502341
7555149,2,1502341
7556361,2,1502341
7557573,4,1502341
7558785,5,1502341
7559998,3,1502341
7561210,4,1502341
7562421,8,1503780
7570906,3,1503780
7572119,3,1503780
7573331,5,1503780
7574542,5,1503780
7575755,3,1503780
7576967,3,1503780
7578180,7,1503780
7579392,3,1503780
7580604,4,1443383
7581816,6,1508919
7583028,4,1508919
7584240,5,1508919
7585452,3,1508919
7586665,3,1508919
7587877,6,1508919
7589089,5,1508919
7590301,5,1508919
7591513,5,1509051
7592725,3,1503163
7593937,5,1503163
7595150,6,1503163
7596362,5,1503163
7597574,5,1503163
7598787,2,1503163
7599999,3,1503163
7601211,3,1503163
7602423,4,1503218
7603634,3,1504242
7604846,3,1504242
7606059,4,1504242
7607271,5,1504242
7608483,5,1504242
7609695,3,1504242
7610907,5,1504242
7612119,6,1504242
7613331,3,1504242
7614544,4,1504242
7615756,7,1504242
7616968,7,1504242
7618180,10,1504242
7619392,8,1504242
7620604,6,1504242
7621817,8,1504242
7623028,9,1509484
7624241,5,1509484
7625453,7,1509484
7626665,7,1509484
7627877,3,1509484
7629089,5,1509484
7630302,5,1509484
7631514,7,1509484
7632725,6,1509484
7633937,7,1509484
7635149,7,1504191
7636362,5,1504191
7637574,5,1504191
7638786,7,1504191
7639999,6,1504191
7641211,9,1504191
7642423,4,1504191
7643635,7,1504191
7644847,7,1504191
7646059,7,1506966
7647271,6,1506966
7655756,8,1506966
7656968,9,1503985
7658180,6,1503985
7659393,6,1503985
7660605,6,1503985
7661817,6,1503985
7663029,5,1503985
7664241,5,1503985
7665453,4,1503985
7666665,5,1503985
7667877,6,1505116
7669089,5,1505116
7670301,5,1505116
7671514,6,1505116
7672726,4,1505116
7673938,8,1505116
7675150,8,1505116
7676363,4,1505116
7677575,7,1505116
7678786,5,1503163
7679999,4,1503163
7681211,8,1503163
7682423,5,1503163
7683635,7,1503163
7684847,7,1503163
7686059,7,1503163
7687272,7,1503163
7688484,6,1503163
7689696,7,1505784
7690908,6,1505784
7692121,5,1505784
7693333,6,1505784
7694546,6,1505784
7695757,6,1505784
7696969,5,1505784
7698182,7,1505784
7699393,5,1505784
7700606,8,1503780
7701818,4,1503780
7703031,6,1503780
7704243,10,1503780
7705454,7,1503780
7706667,6,1503780
7707879,8,1503780
7709091,7,1503780
7710303,7,1503780
7711515,7,1506401
7712727,4,1506401
7713939,6,1506401
7715152,7,1506401
7716364,5,1506401
7717576,6,1506401
7718788,7,1506401
7720000,4,1506401
7721212,5,1506401
7722425,7,1506041
7723636,3,1505527
7724849,4,1505527
7726060,5,1505527
7727273,4,1505527
7728486,4,1505527
7729698,4,1505527
7730909,4,1505527
7732122,5,1505527
7740606,5,1505527
7741819,7,1505527
7743031,6,1505527
7744243,8,1505116
7745454,3,1504756
7746667,5,1504756
7747879,5,1504756
7749091,3,1504756
7750303,3,1504756
7751515,2,1504756
7752727,5,1504756
7753939,4,1504756
7755152,6,1504756
7756363,4,1506092
7757575,3,1506092
7758787,6,1506092
7760000,5,1506092
7761212,3,1506092
7762424,3,1506092
7763636,4,1506092
7764847,5,1506092
7766060,4,1506092
7767272,4,1506130
7768484,7,1502546
7769696,5,1502546
7770908,6,1502546
7772120,5,1502546
7773333,1,1502546
7774544,4,1502546
7775757,4,1502546
7776969,4,1502546
7778181,6,1502707
7779393,3,1504499
7780605,4,1504499
7781817,6,1504499
7783029,4,1504499
7784242,1,1504499
7785453,3,1504499
7786665,6,1504499
7787877,4,1504499
7789089,3,1504499
7790301,5,1504499
7791513,5,1504499
7792725,6,1504499
7793938,4,1504499
7795149,6,1504499
7796362,5,1504499
7797574,5,1504499
7798786,7,1502649
7799998,4,1502649
7801210,3,1502649
7802422,5,1502649
7803634,4,1502649
7804845,7,1502649
7806058,8,1502649
7807270,7,1502649
7808482,6,1502649
7809694,6,1502649
7810905,8,1506144
7812118,4,1506144
7813330,7,1506144
7814542,5,1506144
7815754,4,1506144
7816966,7,1506144
7824238,4,1506144
7825451,6,1506144
7826662,5,1506144
7827875,6,1506144
7829087,8,1506144
7830299,5,1506144
7831511,7,1506144
7832723,5,1508405
7833934,5,1508405
7835147,7,1508405
7836359,3,1508405
7837571,7,1508405
7838783,7,1508405
7839995,9,1508405
7841207,5,1508405
7842419,5,1508405
7843631,7,1504910
7844845,4,1504910
7846055,7,1504910
7847267,6,1504910
7848479,9,1504910
7849691,4,1504910
7850903,4,1504910
7852116,5,1504910
7853327,7,1504910
7854539,7,1505270
7855751,2,1505270
7856964,3,1505270
7858175,6,1505270
7859387,7,1505270
7860600,6,1505270
7861812,8,1505270
7863024,5,1505270
7864236,4,1505270
7865449,6,1507171
7866661,5,1507171
7867872,6,1507171
7869084,6,1507171
7870296,7,1507171
7871508,7,1507171
7872720,3,1507171
7873933,8,1507171
7875145,5,1507171
7876356,6,1501262
7877569,5,1501262
7878781,6,1501262
7879993,6,1501262
7881206,6,1501262
7882418,6,1501262
7883629,7,1501262
7884842,7,1501262
7886053,6,1501262
7887265,7,1507634
7888477,5,1507634
7889690,5,1507634
7890902,8,1507634
7892113,5,1507634
7893325,4,1507634
7894537,6,1507634
7895750,7,1507634
7896961,10,1507634
7898174,7,1502135
7899387,6,1505270
7900598,7,1505270
7909082,9,1505270
7910294,4,1503112
7911507,5,1503112
7912718,3,1503112
7913930,4,1503112
7915142,1,1503112
7916355,5,1503112
7917567,5,1503112
7918778,3,1503112
7919990,6,1503112
7921202,4,1500593
7922414,4,1500593
7923626,4,1500593
7924838,4,1500593
7926049,3,1500593
7927262,5,1500593
7928474,3,1500593
7929686,5,1500593
7930897,4,1500593
7932109,4,1504242
7933322,5,1504242
7934533,6,1504242
7935746,3,1504242
7936957,5,1504242
7938170,4,1504242
7939382,5,1504242
7940594,6,1504242
7941806,4,1504242
7943018,4,1504242
7944230,2,1504242
7945442,3,1504242
7946654,3,1504242
7947867,6,1504242
7949079,4,1504242
7950290,5,1504242
7951503,4,1504242
7952715,5,1504242
7953926,4,1504209
7955138,5,1509073
7956351,4,1509073
7957563,5,1509073
7958775,2,1509073
7959987,5,1509073
7961199,5,1509073
7962410,2,1509073
7963623,5,1509073
7964835,5,1509098
7966047,3,1501930
7967259,3,1501930
7968471,2,1501930
7969683,6,1501930
7970895,2,1501930
7972108,3,1501930
7973320,4,1501930
7974531,4,1501930
7975743,1,1501930
7976956,3,1501930
7978168,8,1501930
7979380,7,1501930
7980592,8,1501930
7981804,4,1501930
7983016,5,1501930
7984228,9,1501930
7985440,5,1501930
7992713,4,1501930
7993924,5,1501930
7995137,8,1501930
7996350,6,1501930
7997562,7,1507891
7998773,4,1507891
7999985,8,1507891
8001198,6,1507891
8002409,6,1507891
8003621,2,1507891
8004834,7,1507891
8006047,5,1507891
8007258,7,1507891
8008470,6,1507428
8009682,8,1507428
8010895,6,1507428
8012106,7,1507428
8013319,4,1507428
8014531,8,1507428
8015743,6,1507428
8016955,5,1507428
8018167,8,1507428
8019379,9,1505887
8020591,5,1505887
8021803,3,1505887
8023016,6,1505887
8024227,4,1505887
8025439,6,1505887
8026652,4,1505887
8027864,5,1505887
8029076,5,1505887
8030288,5,1504653
8031500,4,1504653
8032713,8,1504653
8033924,8,1504653
8035136,6,1504653
8036349,4,1504653
8037561,6,1504653
8038773,7,1504653
8039985,9,1504653
8041198,9,1504242
8042409,4,1504242
8043622,4,1504242
8044834,7,1504242
8046047,6,1504242
8047259,5,1504242
8048470,6,1504242
8049682,12,1504242
8050895,8,1504242
8052107,7,1501878
8053319,3,1501878
8054531,6,1501878
8055743,7,1501878
8056955,8,1501878
8058167,6,1501878
8059379,8,1501878
8060591,9,1501878
8061804,12,1501878
8063016,7,1499565
8064228,4,1499565
8065439,5,1499565
8066652,7,1499565
8067863,7,1499565
8069075,4,1499565
8076347,14,1499565
8077560,9,1499565
8078772,4,1499565
8079984,7,1499565
8081196,6,1499565
8082408,6,1499565
8083620,3,1499565
8084832,9,1505270
8086044,4,1501005
8087256,3,1501005
8088468,3,1501005
8089680,9,1501005
8090892,5,1501005
8092104,4,1501005
8093317,8,1501005
8094528,4,1501005
8095740,3,1501005
8096952,3,1506144
8098165,5,1506144
8099376,6,1506144
8100588,3,1506144
8101800,1,1506144
8103012,3,1506144
8104225,4,1506144
8105436,4,1506144
8106649,5,1506144
8107861,4,1442355
8109073,1,1507891
8110285,7,1507891
8111498,4,1507891
8112709,4,1507891
8113921,6,1507891
8115133,5,1507891
8116346,4,1507891
8117557,3,1507891
8118769,3,1570652
8119981,6,1505116
8121194,5,1505116
8122407,2,1505116
8123618,4,1505116
8124830,3,1505116
8126042,0,1505116
8127254,4,1505116
8128466,4,1505116
8129679,9,1505071
8130891,6,1506863
8132103,0,1506863
8133315,3,1506863
8134528,5,1506863
8135739,4,1506863
8136951,4,1506863
8138164,7,1506863
8139376,7,1506863
8140588,4,1506863
8141800,6,1506863
8143012,4,1506863
8144224,5,1506863
8145436,3,1506863
8146649,1,1506863
8147860,4,1506863
8149073,4,1506863
8150285,4,1506863
8151497,5,1506863
8152709,11,1506863
8160121,3,1506863
8161193,3,1505167
8162406,4,1505167
8163617,5,1505167
8164829,6,1505167
8166042,4,1505167
8167254,8,1505167
8168466,9,1505167
8169678,12,1505167
8170890,5,1505167
8172103,6,1505167
8173315,5,1504962
8174526,5,1504962
8175739,5,1504962
8176950,6,1504962
8178162,7,1504962
8179374,10,1504962
8180587,7,1504962
8181799,5,1504962
8183011,5,1504962
8184223,7,1505373
8185435,3,1505373
8186647,5,1505373
8187859,8,1505373
8189072,5,1505373
8190284,6,1505373
8191495,8,1505373
8192708,8,1505373
8193920,8,1505373
8195132,7,1503163
8196344,3,1503163
8197556,7,1503163
8198768,7,1503163
8199980,9,1503163
8201192,5,1503163
8202404,6,1503163
8203616,5,1503163
8204829,6,1503163
8206040,5,1507017
8207253,5,1507017
8208465,9,1507017
8209676,8,1507017
8210888,8,1507017
8212100,6,1507017
8213312,7,1507017
8214524,8,1507017
8215736,6,1507017
8216948,8,1503882
8218161,4,1503882
8219372,5,1503882
8220584,7,1503882
8221796,5,1503882
8223008,4,1503882
8224220,7,1503882
8225433,7,1503882
8226645,5,1503882
8227856,5,1505989
8229069,4,1505989
8230280,6,1505989
8231493,5,1505989
8232705,5,1505989
8233917,9,1505989
8235129,4,1505989
8236341,6,1505989
8243613,10,1505989
8244825,4,1505989
8246037,5,1505989
8247250,8,1505989
8248462,5,1505989
8249673,9,1502855
8250886,5,1502855
8252097,7,1502855
8253310,6,1502855
8254521,8,1502855
8255733,5,1502855
8256945,7,1502855
8258157,5,1502855
8259369,7,1502855
8260581,4,1504191
8261794,3,1505835
8263006,4,1505835
8264218,5,1505835
8265429,4,1505835
8266641,3,1505835
8267853,4,1505835
8269066,6,1505835
8270277,4,1505835
8271490,9,1505835
8272701,3,1506760
8273913,4,1506760
8275125,2,1506760
8276338,4,1506760
8277549,4,1506760
8278762,5,1506760
8279973,5,1506760
8281186,4,1506760
8282398,5,1506760
8283609,2,1499874
8284822,5,1499874
8286034,6,1499874
8287245,7,1499874
8288457,3,1499874
8289670,2,1499874
8290882,4,1499874
8292094,4,1499874
8293306,6,1499874
8294517,4,1506915
8295730,-1,1506915
8296941,6,1506915
8298154,4,1506915
8299366,3,1506915
8300578,3,1506915
8301789,1,1506915
8303001,3,1506915
8304214,4,1506915
8305426,1,1506892
8306638,6,1500748
8307851,4,1500748
8309062,1,1500748
8310274,0,1500748
8311486,3,1500748
8312699,4,1500748
8313910,5,1500748
8315123,4,1500748
8316335,5,1500740
8317546,4,1498692
8318758,3,1498692
8319970,7,1498692
8327243,2,1498692
8328455,5,1498692
8329667,5,1498692
8330879,5,1498692
8332091,5,1498692
8333303,8,1498692
8334515,7,1498692
8335727,9,1498692
8336940,9,1501673
8338152,5,1501673
8339364,2,1501673
8340575,6,1501673
8341788,6,1501673
8342999,7,1501673
8344212,8,1501673
8345423,5,1501673
8346636,7,1501673
8347847,4,1501673
8349060,8,1505475
8350272,3,1505475
8351483,6,1505475
8352696,6,1505475
8353908,7,1505475
8355120,5,1505475
8356332,6,1505475
8357544,4,1505475
8358756,7,1505475
8359968,10,1503163
8361180,8,1503163
8362392,5,1503163
8363604,5,1503163
8364816,6,1503163
8366028,7,1503163
8367240,5,1503163
8368452,3,1503163
8369664,5,1503163
8370876,7,1504037
8372088,5,1504037
8373300,5,1504037
8374512,5,1504037
8375725,5,1504037
8376936,6,1504037
8378149,6,1504037
8379360,7,1504037
8380572,8,1504037
8381785,4,1505630
8382997,4,1505630
8384209,6,1505630
8385421,6,1505630
8386633,8,1505630
8387845,7,1505630
8389057,6,1505630
8390269,6,1505630
8391482,6,1505630
8392693,8,1502906
8393906,4,1502906
8395117,7,1502906
8396329,6,1502906
8397542,7,1502906
8398754,7,1502906
8399966,7,1502906
8401178,5,1502906
8402390,4,1502906
8403602,6,1502906
8412087,6,1502906
8413298,8,1502906
8414511,9,1501827
8415723,6,1501827
8416935,8,1501827
8418147,4,1501827
8419359,5,1501827
8420571,6,1501827
8421783,9,1501827
8422995,9,1501827
8424207,4,1501827
8425419,4,1505321
8426632,4,1505321
8427844,5,1505321
8429056,8,1505321
8430267,10,1505321
8431479,6,1505321
8432692,6,1505321
8433903,5,1505321
8435116,8,1505321
8436327,6,1504602
8437540,6,1507634
8438751,5,1507634
8439964,5,1507634
8441176,7,1507634
8442388,6,1507634
8443600,5,1507634
8444812,6,1507634
8446024,2,1507634
8447237,3,1507634
8448448,4,1503831
8449661,5,1503831
8450872,2,1503831
8452085,4,1503831
8453297,4,1503831
8454509,6,1503831
8455721,4,1503831
8456933,5,1503831
8458145,5,1503831
8459357,4,1504499
8460569,4,1504499
8461781,3,1504499
8462993,5,1504499
8464206,4,1504499
8465417,5,1504499
8466630,5,1504499
8467842,4,1504499
8469054,1,1504499
8470266,3,1505578
8471478,7,1505578
8472690,5,1505578
8473902,4,1505578
8475114,5,1505578
8476326,4,1505578
8477538,2,1505578
8478750,3,1505578
8479962,3,1505578
8481174,4,1505578
8482387,4,1505578
8483598,4,1505578
8484810,4,1505578
8486022,4,1505578
8487234,5,1505578
8488446,5,1505578
8496930,10,1505578
8498142,6,1505578
8499354,9,1505578
8500566,9,1505578
8501778,8,1504345
8502990,6,1504400
8504202,5,1505424
8505414,2,1505424
8506626,5,1505424
8507838,4,1505424
8509051,3,1505424
8510263,4,1505424
8511474,5,1505424
8512686,8,1505424
8513899,3,1505424
8515111,4,1505424
8516322,7,1505424
8517534,7,1505424
8518747,5,1505424
8519959,5,1505424
8521171,6,1505424
8522383,8,1505424
8523595,5,1505424
8524807,8,1504499
8526019,2,1504499
8527231,7,1504499
8528443,4,1504499
8529655,5,1504499
8530867,8,1504499
8532079,8,1504499
8533291,9,1504499
8534503,6,1504499
8535716,4,1502444
8536927,5,1502444
8538139,6,1502444
8539351,5,1502444
8540563,6,1502444
8541775,3,1502444
8542988,7,1502444
8544199,6,1502444
8545411,4,1502444
8546623,8,1506401
8547836,3,1506401
8549047,4,1506401
8550260,6,1506401
8551471,8,1506401
8552684,11,1506401
8553896,8,1506401
8555108,8,1506401
8556320,5,1506401
8557532,5,1504807
8558744,1,1504807
8559956,5,1504807
8561168,5,1504807
8562380,10,1504807
8563592,5,1504807
8564805,8,1504807
8566016,6,1504807
8567228,10,1504807
8568441,7,1503985
8569653,5,1503985
8570864,9,1503985
8572076,4,1503985
8573288,7,1504962
8580560,1,1504962
8581772,5,1504962
8582985,10,1504962
8584196,6,1504962
8585408,6,1504962
8586621,5,1504962
8587833,4,1504962
8589045,8,1504962
8590257,6,1504962
8591469,5,1504962
8592682,11,1504962
8593894,6,1504962
8595105,6,1504962
8596318,6,1504962
8597529,8,1504962
8598741,7,1504962
8599953,7,1504962
8601166,7,1505167
8602378,8,1505167
8603590,7,1505167
8604802,6,1505167
8606014,4,1505167
8607226,7,1505167
8608438,7,1505167
8609650,7,1505167
8610862,5,1505167
8612074,5,1503677
8613286,6,1506606
8614499,8,1506606
8615711,5,1506606
8616923,4,1506606
8618134,7,1506606
8619347,4,1506606
8620558,3,1506606
8621771,3,1506606
8622983,6,1506606
8624195,3,1503831
8625407,2,1503831
8626619,2,1503831
8627831,3,1503831
8629043,3,1503831
8630255,4,1503831
8631467,5,1503831
8632680,7,1503831
8633892,4,1503831
8635104,4,1502392
8636316,5,1502392
8637528,4,1502392
8638740,5,1502392
8639952,4,1502392
8641164,3,1502392
8642376,7,1502392
8643588,4,1502392
8644800,6,1502392
8646013,4,1507223
8647225,0,1507223
8648437,2,1507223
8649650,3,1507223
8650861,2,1507223
8652074,6,1507223
8653286,5,1507223
8654497,3,1507223
8655709,6,1507223
8656922,5,1507223
8664195,12,1507223
8665407,6,1507223
8666619,8,1509381
8667831,4,1509562
8669043,4,1502906
8670255,3,1502906
8671467,3,1502906
8672680,7,1502906
8673892,5,1502906
8675104,4,1502906
8676316,4,1502906
8677528,5,1502906
8678739,6,1502914
8679952,6,1504962
8681164,5,1504962
8682376,7,1504962
8683588,4,1504962
8684800,4,1504962
8686012,4,1504962
8687224,4,1504962
8688436,5,1504962
8689648,4,1504962
8690860,4,1504962
8692072,5,1504962
8693284,8,1504962
8694496,5,1504962
8695708,6,1504962
8696920,8,1504962
8698132,3,1504962
8699344,6,1507274
8700556,4,1507274
8701768,3,1507274
8702980,8,1507274
8704192,4,1507274
8705404,2,1507274
8706616,4,1507274
8707829,5,1507274
8709040,5,1507274
8710252,6,1507274
8711464,6,1504653
8712677,10,1504653
8713888,6,1504653
8715101,8,1504653
8716313,10,1504653
8717526,6,1504653
8718737,5,1504653
8719949,8,1504653
8721162,4,1504653
8722374,7,1504294
8723585,5,1504294
8724797,7,1504294
8726009,6,1504294
8727221,4,1504294
8728433,8,1504294
8729645,6,1504294
8730857,6,1504294
8732069,6,1504294
8733280,5,1503266
8734492,4,1503266
8735704,3,1503266
8736916,6,1503266
8738128,8,1503266
8739340,9,1503266
8740552,6,1503266
8749036,4,1503266
8750248,4,1503266
8751460,10,1503266
8752672,7,1503266
8753884,7,1503266
8755097,5,1506144
8756309,5,1506144
8757521,8,1506144
8758732,6,1506144
8759945,5,1506144
8761157,8,1506144
8762369,7,1506144
8763581,6,1506144
8764792,7,1506144
8766005,7,1500439
8767217,6,1500439
8768429,7,1500439
8769641,4,1500439
8770853,8,1500439
8772065,5,1500439
8773277,4,1500439
8774489,5,1500439
8775701,6,1500439
8776913,4,1502289
8778125,3,1502289
8779337,5,1502289
8780549,5,1502289
8781761,6,1502289
8782973,10,1502289
8784186,6,1502289
8785398,8,1502289
8786609,6,1502289
8787821,6,1502135
8789034,5,1502135
8790245,8,1502135
8791457,6,1502135
8792669,5,1502135
8793882,6,1502135
8795094,8,1502135
8796306,7,1502135
8797518,7,1502135
8798730,5,1501056
8799943,3,1500182
8801155,3,1500182
8802367,2,1500182
8803578,3,1500182
8804791,3,1500182
8806002,2,1500182
8807215,4,1500182
8808427,3,1500182
8809638,3,1500182
8810851,4,1505116
8812062,5,1505116
8813275,2,1505116
8814486,8,1505116
8815699,4,1505116
8816911,5,1505116
8818123,5,1505116
8819335,5,1505116
8820547,4,1505116
8821759,4,1498127
8822971,5,1498127
8824183,6,1498127
8825395,8,1503009
8833879,1,1503009
8835092,4,1503009
8836304,4,1503009
8837515,3,1503009
8838727,-1,1503009
8839940,2,1503009
8841152,3,1503009
8842364,4,1503009
8843576,4,1503221
8844788,4,1505013
8846000,5,1505013
8847212,4,1505013
8848424,2,1505013
8849636,2,1505013
8850848,4,1505013
8852060,3,1505013
8853272,3,1505013
8854485,7,1504803
8855696,4,1503523
8856908,4,1503523
8858120,5,1503523
8859332,5,1503523
8860545,4,1503523
8861756,2,1503523
8862968,4,1503523
8864181,5,1503523
8865393,4,1503523
8866605,5,1503523
8867817,7,1503523
8869028,8,1503523
8870240,7,1503523
8871453,6,1503523
8872665,7,1503523
8873876,5,1503523
8875089,9,1503523
8876301,3,1503523
8877513,5,1503523
8878725,5,1503523
8879937,7,1503523
8881149,7,1503523
8882361,5,1503523
8883574,6,1503523
8884785,5,1503523
8885997,3,1503523
8887210,6,1502186
8888422,5,1502186
8889633,7,1502186
8890846,7,1502186
8892058,5,1502186
8893270,7,1502186
8894482,6,1502186
8895694,9,1502186
8896907,8,1502186
8898118,4,1506863
8899330,5,1506863
8900543,5,1506863
8901755,3,1506863
8902966,8,1506863
8904179,6,1506863
8905391,8,1506863
8906603,6,1506863
8907816,6,1506863
8909027,7,1504499
8910239,9,1504499
8918724,3,1504499
8919935,6,1506298
8921148,5,1506298
8922359,5,1506298
8923571,7,1506298
8924783,7,1506298
8925996,5,1506298
8927207,5,1506298
8928419,2,1506298
8929631,5,1506298
8930844,9,1503060
8932056,5,1503060
8933268,4,1503060
8934480,7,1503060
8935692,7,1503060
8936904,5,1503060
8938116,10,1503060
8939328,7,1503060
8940540,10,1503060
8941752,5,1503523
8942964,4,1503523
8944176,8,1503523
8945388,5,1503523
8946601,8,1503523
8947813,7,1503523
8949024,6,1503523
8950236,2,1503523
8951448,5,1503523
8952660,3,1504242
8953873,3,1504242
8955085,10,1504242
8956297,7,1504242
8957509,7,1504242
8958720,4,1504242
8959932,6,1504242
8961144,8,1504242
8962356,10,1504242
8963568,5,1502598
8964780,2,1502598
8965992,5,1502598
8967204,4,1502598
8968417,5,1502598
8969628,7,1502598
8970841,6,1502598
8972052,4,1502598
8973264,5,1502598
8974476,6,1503780
8975689,4,1503728
8976901,3,1503728
8978114,2,1503728
8979325,4,1503728
8980537,1,1503728
8981749,5,1503728
8982961,5,1503728
8984173,4,1503728
8985385,5,1503728
8986597,3,1505167
8987810,4,1505167
8989021,3,1505167
8990233,4,1505167
8991445,3,1505167
8992658,3,1505167
8993869,4,1505167
8995082,7,1505167
9003566,1,1505167
9004778,6,1505167
9005990,9,1505167
9007202,5,1502186
9008414,4,1506041
9009626,3,1506041
9010838,3,1506041
9012050,4,1506041
9013263,4,1506041
9014474,4,1506041
9015686,8,1506041
9016898,6,1506041
9018111,3,1506041
9019323,4,1506041
9020535,4,1506041
9021747,0,1506041
9022959,3,1506041
9024171,4,1506041
9025384,8,1506041
9026595,5,1506041
9027807,5,1506041
9029019,5,1506041
9030232,2,1505953
9031443,4,1510049
9032655,5,1510049
9033867,3,1510049
9035079,5,1510049
9036291,4,1510049
9037503,6,1510049
9038716,4,1510049
9039927,6,1510049
9041139,4,1510033
9042351,3,1505681
9043564,3,1505681
9044776,5,1505681
9045988,7,1505681
9047200,5,1505681
9048412,2,1505681
9049624,-1,1505681
9050836,5,1505681
9052048,2,1505681
9053261,4,1505681
9054473,6,1505681
9055685,12,1505681
9056896,6,1505681
9058109,5,1505681
9059320,4,1505681
9060533,6,1505681
9061745,6,1505681
9062957,6,1505167
9064169,4,1505167
9065381,8,1505167
9066593,8,1505167
9067805,10,1505167
9069018,6,1505167
9070229,6,1505167
9071441,6,1505167
9072654,5,1505167
9073865,7,1505270
9075077,4,1505270
9076289,8,1505270
9077501,7,1505270
9078713,5,1505270
9079925,10,1505270
9087198,11,1505270
9088410,5,1505270
9089622,7,1505270
9090834,8,1505270
9092047,6,1505270
9093258,5,1505270
9094470,4,1505270
9095683,11,1505887
9096894,4,1505887
9098106,8,1505887
9099319,6,1505887
9100530,8,1505887
9101742,5,1505887
9102954,8,1505887
9104166,6,1505887
9105378,11,1505887
9106590,8,1505784
9107802,3,1505784
9109014,6,1505784
9110226,6,1505784
9111438,7,1505784
9112650,7,1505784
9113862,9,1505784
9115074,7,1505784
9116286,7,1505784
9117498,5,1507377
9118710,4,1507377
9119923,7,1507377
9121134,8,1507377
9122346,4,1507377
9123558,8,1507377
9124770,6,1507377
9125982,9,1507377
9127194,5,1507377
9128406,7,1503060
9129618,3,1503060
9130830,6,1503060
9132043,5,1503060
9133254,7,1503060
9134466,9,1503060
9135679,11,1503060
9136891,9,1503060
9138103,5,1503060
9139314,8,1504242
9140526,5,1504242
9141738,5,1504242
9142950,6,1504242
9144163,9,1504242
9145374,10,1504242
9146586,6,1504242
9147799,4,1504242
9149010,5,1504242
9150222,7,1501107
9151434,3,1505065
9152646,3,1505065
9153858,4,1505065
9155070,3,1505065
9156282,5,1505065
9157494,3,1505065
9158706,3,1505065
9159917,3,1505065
9161130,4,1505065
9162342,4,1501570
9163554,7,1501570
9172038,-4,1501570
9173250,5,1501570
9174462,4,1501570
9175675,6,1501570
9176886,5,1501570
9178099,4,1501570
9179311,6,1501570
9180522,4,1501570
9181734,4,1501570
9182947,3,1501570
9184159,4,1505065
9185370,3,1505065
9186583,4,1505065
9187794,4,1505065
9189007,2,1505065
9190219,7,1505065
9191430,6,1505065
9192643,3,1505065
9193854,5,1505065
9195067,4,1503831
9196279,3,1503831
9197491,5,1503831
9198703,7,1503831
9199915,4,1503831
9201126,5,1503831
9202339,3,1503831
9203550,4,1503831
9204763,6,1503831
9205974,6,1503746
9207187,6,1508354
9208399,4,1508354
9209610,4,1508354
9210823,5,1508354
9212035,5,1508354
9213247,5,1508354
9214458,4,1508354
9215671,5,1508354
9216883,4,1508604
9218095,5,1506812
9219307,6,1506812
9220519,6,1506812
9221731,5,1506812
9222943,4,1506812
9224155,5,1506812
9225367,4,1506812
9226578,3,1506812
9227791,2,1506812
9229002,2,1506812
9230215,3,1506812
9231427,2,1506812
9232639,3,1506812
9233851,10,1506812
9235062,5,1506812
9236275,8,1506812
9237487,5,1505219
9238699,3,1505219
9239911,4,1505219
9241123,8,1505219
9242335,7,1505219
9243548,7,1505219
9244759,6,1505219
9245972,6,1505219
9247183,8,1505219
9248395,5,1505219
9255668,10,1505219
9256879,6,1505219
9258092,6,1505219
9259303,5,1505219
9260515,8,1504499
9261727,4,1504499
9262940,8,1504499
9264151,6,1504499
9265363,6,1504499
9266575,5,1504499
9267787,7,1504499
9268999,8,1504499
9270211,7,1504499
9271423,5,1503009
9272635,4,1503009
9273846,5,1503009
9275059,7,1503009
9276271,5,1503009
9277483,6,1503009
9278695,6,1503009
9279907,4,1503009
9281119,9,1503009
9282330,4,1501930
9283542,4,1501930
9284755,3,1501930
9285967,6,1501930
9287178,7,1501930
9288390,2,1501930
9289602,6,1501930
9290814,7,1501930
9292026,7,1501930
9293238,7,1504037
9294449,0,1504037
9295662,4,1504037
9296873,4,1504037
9298086,6,1504037
9299298,4,1504037
9300510,8,1504037
9301722,6,1504037
9302934,6,1504037
9304145,7,1504242
9305358,3,1504242
9306570,6,1504242
9307781,8,1504242
9308993,4,1504242
9310205,5,1504242
9311418,4,1504242
9312629,8,1504242
9313841,6,1504242
9315054,3,1507069
9316265,3,1507069
9317478,5,1507069
9318689,7,1507069
9319901,6,1507069
9321114,7,1507069
9322325,5,1507069
9323537,5,1507069
9324749,2,1507069
9325961,6,1503523
9327173,6,1505167
9328386,5,1505167
9329597,4,1505167
9330809,6,1505167
9332021,6,1505167
9340505,7,1505167
9341716,2,1505167
9342928,4,1505167
9344140,4,1505167
9345352,5,1505167
9346564,8,1505167
9347776,7,1501364
9348988,6,1502341
9350201,3,1502341
9351412,3,1502341
9352624,1,1502341
9353836,4,1502341
9355048,2,1502341
9356261,4,1502341
9357472,5,1502341
9358684,8,1502341
9359896,3,1443845
9361108,4,1509381
9362321,4,1509381
9363532,5,1509381
9364744,3,1509381
9365956,5,1509381
9367168,4,1509381
9368380,6,1509381
9369593,4,1509381
9370804,4,1572296
9372016,4,1506760
9373228,3,1506760
9374441,4,1506760
9375653,3,1506760
9376864,3,1506760
9378076,7,1506760
9379289,4,1506760
9380501,4,1506760
9381713,3,1506603
9382924,3,1505835
9384137,4,1505835
9385349,5,1505835
9386560,4,1505835
9387772,4,1505835
9388984,6,1505835
9390196,3,1505835
9391408,2,1505835
9392620,4,1505939
9393833,6,1506195
9395045,2,1506195
9396257,5,1506195
9397468,4,1506195
9398681,7,1506195
9399893,4,1506195
9401105,5,1506195
9402317,4,1506195
9403529,5,1506195
9404741,4,1506195
9405954,7,1506195
9407165,6,1506195
9408378,10,1506195
9409590,8,1506195
9410802,5,1506195
9412013,7,1506195
9413225,6,1506657
9414438,5,1506657
9415650,5,1506657
9416861,3,1506657
9424135,7,1505013
9425346,-1,1505013
9426558,1,1505013
9427770,8,1505013
9428983,7,1505013
9430194,6,1505013
9431406,4,1505013
9432618,6,1505013
9433830,8,1505013
9435042,5,1505013
9436254,6,1504859
9437466,4,1504859
9438678,11,1504859
9439890,7,1504859
9441102,7,1504859
9442313,7,1504859
9443526,7,1504859
9444738,6,1504859
9445949,6,1504859
9447161,5,1504448
9448373,7,1504448
9449586,6,1504448
9450797,9,1504448
9452009,4,1504448
9453222,7,1504448
9454434,6,1504448
9455646,7,1504448
9456857,5,1504448
9458070,5,1503163
9459282,5,1503163
9460494,5,1503163
9461706,4,1503163
9462917,8,1503163
9464129,7,1503163
9465341,6,1503163
9466554,5,1503163
9467765,4,1503163
9468978,6,1503471
9470189,4,1503471
9471402,8,1503471
9472613,6,1503471
9473826,7,1503471
9475038,5,1503471
9476250,5,1503471
9477462,6,1503471
9478675,8,1503471
9479887,5,1503677
9481099,6,1503677
9482311,6,1503677
9483523,8,1503677
9484735,4,1503677
9485947,8,1503677
9487159,7,1503677
9488371,6,1503677
9489583,6,1503677
9490795,8,1506657
9492007,3,1506657
9493220,9,1506657
9494431,5,1506657
9495643,3,1506657
9496855,7,1506657
9498068,6,1506657
9499280,8,1506657
9500492,7,1506657
9507765,7,1506657
9508976,10,1506657
9510188,5,1506657
9511401,7,1506657
9512612,6,1506247
9513825,7,1503060
9515037,5,1503060
9516249,5,1503060
9517461,4,1503060
9518673,4,1503060
9519885,6,1503060
9521098,5,1503060
9522309,5,1503060
9523521,3,1503060
9524733,2,1505887
9525946,2,1505887
9527157,5,1505887
9528369,7,1505887
9529582,4,1505887
9530794,1,1505887
9532006,5,1505887
9533218,4,1505887
9534430,3,1505887
9535642,5,1505321
9536855,4,1505321
9538066,5,1505321
9539279,4,1505321
9540491,6,1505321
9541703,4,1505321
9542915,7,1505321
9544126,6,1505321
9545339,3,1505321
9546550,2,1502752
9547763,3,1502752
9548975,4,1502752
9550187,6,1502752
9551399,5,1502752
9552611,4,1502752
9553823,3,1502752
9555035,2,1502752
9556247,4,1502752
9557459,5,1502914
9558672,5,1504962
9559883,5,1504962
9561095,2,1504962
9562308,4,1504962
9563519,3,1504962
9564731,4,1504962
9565943,4,1504962
9567155,4,1504962
9568368,5,1505023
9569579,5,1507583
9570791,5,1507583
9572003,5,1507583
9573216,3,1507583
9574427,4,1507583
9575639,4,1507583
9576851,4,1507583
9578063,4,1507583
9579275,4,1507583
9580487,3,1507583
9581699,4,1507583
9582912,5,1507583
9584123,8,1507583
9591396,4,1507583
9592607,5,1507583
9593819,6,1507583
9595031,3,1507583
9596243,9,1507583
9597456,6,1507583
9598669,7,1507583
9599880,8,1507583
9601092,5,1502598
9602304,4,1502598
9603516,8,1502598
9604728,5,1502598
9605940,8,1502598
9607152,7,1502598
9608365,5,1502598
9609577,7,1502598
9610788,5,1502598
9612000,5,1503985
9613212,3,1503985
9614424,4,1503985
9615637,6,1503985
9616848,6,1503985
9618060,5,1503985
9619272,8,1503985
9620484,6,1503985
9621696,4,1503985
9622909,5,1504294
9624120,4,1504294
9625332,4,1504294
9626544,3,1504294
9627757,7,1504294
9628969,4,1504294
9630181,6,1504294
9631393,7,1504294
9632605,3,1504294
9633817,8,1505578
9635029,5,1505578
9636241,9,1505578
9637453,8,1505578
9638665,5,1505578
9639877,8,1505578
9641089,6,1505578
9642302,5,1505578
9643514,9,1505578
9644726,5,1504191
9645938,0,1504191
9647149,5,1504191
9648362,4,1504191
9649574,9,1504191
9650786,10,1504191
9651998,7,1504191
9653210,6,1504191
9654422,6,1504191
9655634,5,1507274
9656846,4,1507274
9658058,5,1507274
9659271,7,1507274
9660482,5,1507274
9661695,5,1507274
9662906,5,1507274
9664118,3,1507274
9665331,9,1507274
9666542,6,1503677
9667755,4,1503677
9675121,8,1503677
9676240,8,1503677
9677451,8,1505887
9678664,6,1505887
9679875,6,1505887
9681088,5,1505887
9682300,7,1505887
9683511,4,1505887
9684724,6,1505887
9685936,10,1505887
9687147,9,1505887
9688359,7,1500902
9689572,0,1506349
9690783,2,1506349
9691996,5,1506349
9693208,4,1506349
9694419,4,1506349
9695632,4,1506349
9696845,3,1506349
9698056,3,1506349
9699268,5,1506349
9700481,6,1505578
9701692,5,1505578
9702904,4,1505578
9704116,3,1505578
9705329,4,1505578
9706540,4,1505578
9707753,5,1505578
9708964,5,1505578
9710176,7,1505578
9711389,2,1501673
9712601,2,1501673
9713814,4,1501673
9715025,3,1501673
9716237,4,1501673
9717449,4,1501673
9718661,4,1501673
9719874,2,1501673
9721085,6,1501673
9722297,3,1503368
9723510,3,1503368
9724722,4,1503368
9725934,4,1503368
9727146,5,1503368
9728359,5,1503368
9729570,5,1503368
9730782,4,1503368
9731995,7,1503368
9733206,4,1498281
9734418,3,1498281
9735630,-1,1498281
9736842,4,1498281
9738055,4,1498281
9739266,4,1498281
9740479,5,1498281
9741690,7,1498281
9742902,6,1498281
9744114,4,1498157
9745326,6,1506349
9746539,4,1506349
9747751,4,1506349
9748962,5,1506349
9750174,6,1506349
9751387,4,1506349
9759871,4,1506349
9761083,4,1506349
9762295,7,1506349
9763507,5,1506349
9764719,5,1498229
9765931,6,1498229
9767142,5,1498229
9768355,7,1498229
9769567,6,1498229
9770779,10,1498229
9771991,4,1498229
9773203,5,1498229
9774415,3,1498229
9775627,6,1498229
9776839,5,1506760
9778051,5,1506760
9779263,6,1506760
9780475,5,1506760
9781687,6,1506760
9782899,4,1506760
9784111,5,1506760
9785323,6,1506760
9786535,5,1506760
9787747,6,1501313
9788959,5,1501313
9790171,8,1501313
9791383,9,1501313
9792595,4,1501313
9793807,4,1501313
9795019,6,1501313
9796231,9,1501313
9797443,6,1501313
9798656,8,1505681
9799868,6,1505681
9801080,8,1505681
9802291,7,1505681
9803503,7,1505681
9804715,5,1505681
9805927,3,1505681
9807139,6,1505681
9808351,4,1505681
9809563,8,1500645
9810775,4,1500645
9811988,8,1500645
9813199,7,1500645
9814411,5,1500645
9815623,7,1500645
9816835,6,1500645
9818047,3,1500645
9819259,6,1500645
9820471,4,1502855
9821683,7,1502855
9822895,5,1502855
9824107,4,1502855
9825319,6,1502855
9826531,5,1502855
9827743,4,1502855
9828955,8,1502855
9830167,7,1502855
9831379,11,1503780
9832591,5,1503780
9833803,7,1503780
9835015,9,1503780
9836227,6,1501210
9843499,14,1501210
9844711,7,1501210
9845923,7,1501210
9847135,6,1501210
9848347,6,1501210
9849559,5,1501210
9850771,6,1501210
9851983,8,1501210
9853195,6,1504653
9854407,1,1504653
9855618,5,1504653
9856831,6,1504653
9858043,7,1504653
9859255,6,1504653
9860467,6,1504653
9861679,11,1504653
9862890,7,1504653
9864103,5,1502392
9865315,6,1505270
9866527,6,1505270
9867739,3,1505270
9868951,4,1505270
9870164,5,1505270
9871376,9,1505270
9872588,5,1505270
9873799,5,1505270
9875012,2,1505270
9876224,4,1497716
9877436,3,1497716
9878648,2,1497716
9879860,4,1497716
9881072,3,1497716
9882285,4,1497716
9883496,4,1497716
9884708,4,1497716
9885920,5,1497716
9887133,3,1497716
9888345,5,1497716
9889556,4,1497716
9890769,1,1497716
9891980,6,1497716
9893193,4,1497716
9894405,3,1497716
9895616,5,1497716
9896828,6,1497716
9898041,1,1504088
9899253,4,1504088
9900465,7,1504088
9901677,6,1504088
9902889,3,1504088
9904101,5,1504088
9905313,5,1504088
9906526,2,1504088
9907737,1,1504088
9908949,4,1501313
9910161,5,1501313
9911373,6,1501313
9912585,3,1501313
9913798,2,1501313
9915009,5,1501313
9916221,4,1501313
9917433,5,1501313
9918645,5,1501313
9919857,5,1501313
9927130,8,1501313
9928342,2,1501313
9929555,6,1506349
9930766,4,1506339
9931979,5,1503523
9933190,4,1503523
9934403,3,1503523
9935616,5,1503523
9936827,4,1503523
9938039,4,1503523
9939252,5,1503523
9940463,4,1503523
9941676,6,1503523
9942888,5,1503523
9944100,8,1503523
9945312,6,1503523
9946524,6,1503523
9947736,4,1503523
9948948,5,1503523
9950160,7,1503523
9951372,8,1506812
9952585,5,1506812
9953796,5,1506812
9955009,7,1506812
9956221,7,1506812
9957433,7,1506812
9958645,5,1506812
9959857,8,1506812
9961069,7,1506812
9962282,7,1506812
9963494,7,1501981
9964705,4,1501981
9965918,5,1501981
9967130,8,1501981
9968342,6,1501981
9969554,7,1501981
9970766,4,1501981
9971978,6,1501981
9973191,7,1501981
9974402,6,1505065
9975614,5,1505065
9976826,5,1505065
9978038,2,1505065
9979251,6,1505065
9980463,6,1505065
9981675,8,1505065
9982887,8,1505065
9984099,5,1505065
9985311,9,1503368
9986524,5,1503368
9987736,8,1503368
9988948,6,1503368
9990160,8,1503368
9991372,8,1503368
9992584,4,1503368
9993797,9,1503368
9995009,7,1503368
9996221,8,1505219
9997433,4,1505219
9998645,4,1505219
9999857,8,1505219
10001070,6,1505219
10002282,8,1505219
10003494,7,1505219
10010768,9,1505219
10011979,8,1505219
10013191,7,1505219
10014403,5,1505219
10015615,8,1505219
10016828,9,1505219
10018039,9,1507274
10019252,4,1507274
10020464,6,1507274
10021677,9,1507274
10022888,7,1507274
10024100,6,1507274
10025312,9,1507274
10026525,7,1507274
10027736,6,1507274
10028948,6,1503317
10030161,4,1503317
10031373,9,1503317
10032585,5,1503317
10033797,6,1503317
10035010,3,1503317
10036221,5,1503317
10037434,6,1503317
10038646,8,1503317
10039857,6,1504345
10041069,4,1504345
10042282,6,1504345
10043494,7,1504345
10044707,5,1504345
10045919,7,1504345
10047130,10,1504345
10048343,6,1504345
10049554,5,1504345
10050767,7,1502803
10051979,4,1501930
10053190,4,1501930
10054403,4,1501930
10055616,7,1501930
10056827,4,1501930
10058039,4,1501930
10059252,6,1501930
10060463,4,1501930
10061676,8,1501930
10062888,5,1507223
10064100,3,1507223
10065312,5,1507223
10066524,4,1507223
10067736,4,1507223
10068948,5,1507223
10070161,4,1507223
10071373,7,1507223
10072585,2,1507223
10073796,5,1504910
10075010,4,1504910
10076221,4,1504910
10077433,4,1504910
10078646,2,1504910
10079857,4,1504910
10081069,3,1504910
10082282,5,1504910
10083494,5,1504910
10084706,4,1507017
10085918,4,1507017
10087130,4,1507017
10095615,9,1507017
10096826,1,1507017
10098038,2,1507017
10099250,4,1507017
10100462,3,1507017
10101675,6,1507017
10102886,5,1507017
10104099,4,1507017
10105311,4,1507017
10106523,4,1506980
10107735,2,1496996
10108947,4,1496996
10110160,4,1496996
10111372,6,1496996
10112583,5,1496996
10113796,3,1496996
10115008,4,1496996
10116220,3,1496996
10117433,2,1496996
10118644,4,1496996
10119857,6,1496996
10121069,5,1496996
10122281,7,1496996
10123494,5,1496996
10124706,7,1496996
10125917,7,1496996
10127130,8,1507069
10128342,3,1507069
10129555,5,1507069
10130766,4,1507069
10131979,9,1507069
10133191,8,1507069
10134403,8,1507069
10135615,7,1507069
10136828,6,1507069
10138040,4,1507069
10139252,9,1506452
10140464,3,1506452
10141677,12,1506452
10142888,7,1506452
10144101,4,1506452
10145313,6,1506452
10146525,6,1506452
10147737,6,1506452
10148949,7,1506452
10150161,5,1500953
10151374,6,1500953
10152585,8,1500953
10153797,4,1500953
10155010,9,1500953
10156222,9,1500953
10157434,5,1500953
10158647,7,1500953
10159859,6,1500953
10161071,4,1505475
10162283,7,1505475
10163495,6,1505475
10164707,4,1505475
10165919,4,1505475
10167132,7,1505475
10168344,7,1505475
10169556,7,1505475
10170768,6,1505475
10171980,6,1505475
10179254,2,1505475
10180466,4,1505475
10181678,9,1505475
10182890,6,1505013
10184102,6,1505013
10185315,7,1505013
10186527,9,1505013
10187739,4,1505013
10188951,6,1505013
10190163,7,1505013
10191375,6,1505013
10192587,5,1505013
10193800,6,1502186
10195012,3,1502186
10196224,8,1502186
10197437,8,1502186
10198649,5,1502186
10199860,6,1502186
10201073,4,1502186
10202285,6,1502186
10203497,5,1502186
10204709,7,1500850
10205921,3,1500850
10207134,7,1500850
10208345,6,1500850
10209558,7,1500850
10210770,8,1500850
10211982,8,1500850
10213194,7,1500850
10214406,6,1500850
10215618,7,1503728
10216831,7,1503728
10218043,6,1503728
10219254,9,1503728
10220467,7,1503728
10221679,10,1503728
10222891,6,1503728
10224103,6,1503728
10225315,9,1503728
10226528,8,1503831
10227739,4,1506503
10228951,5,1506503
10230164,4,1506503
10231375,6,1506503
10232587,6,1506503
10233799,4,1506503
10235011,5,1506503
10236223,3,1506503
10237436,-2,1506503
10238648,4,1503780
10239860,2,1503780
10241072,5,1503780
10242284,0,1503780
10243496,4,1503780
10244708,4,1503780
10245920,3,1503780
10247133,6,1503780
10248345,3,1503780
10249557,4,1503780
10250769,2,1503780
10251981,4,1503780
10253193,5,1503780
10254405,2,1503780
10255618,9,1503780
10264103,8,1503780
10265314,6,1503780
10266526,6,1503780
10267739,6,1503780
10268951,6,1503780
10270163,5,1503471
10271376,6,1504448
10272588,3,1504448
10273799,4,1504448
10275011,2,1504448
10276224,5,1504448
10277436,3,1504448
10278648,4,1504448
10279860,3,1504448
10281072,4,1504448
10282285,4,1504336
10283496,4,1502032
10284708,3,1502032
10285920,4,1502032
10287133,3,1502032
10288345,3,1502032
10289557,4,1502032
10290769,5,1502032
10291981,7,1502032
10293193,4,1502141
10294405,3,1503677
10295618,4,1503677
10296829,4,1503677
10298041,7,1503677
10299253,3,1503677
10300466,4,1503677
10301678,8,1503677
10302890,5,1503677
10304102,4,1503677
10305314,3,1503677
10306526,6,1503677
10307739,4,1503677
10308951,7,1503677
10310163,6,1503677
10311375,9,1503677
10312587,7,1503677
10313800,5,1497202
10315012,1,1497202
10316224,2,1497202
10317437,6,1497202
10318649,8,1497202
10319860,6,1497202
10321073,8,1497202
10322285,7,1497202
10323497,7,1497202
10324710,3,1497202
10325921,6,1504910
10327133,5,1504910
10328345,6,1504910
10329558,6,1504910
10330770,7,1504910
10331982,7,1504910
10333194,7,1504910
10334407,6,1504910
10335619,9,1504910
10336832,4,1507531
10338044,2,1507531
10339256,6,1507531
10340467,4,1501827
10347740,3,1501827
10348952,5,1501827
10350164,6,1501827
10351377,11,1501827
10352590,4,1501827
10353801,5,1501827
10355013,6,1501827
10356226,9,1501827
10357438,8,1501827
10358650,5,1506144
10359862,4,1506144
10361074,9,1506144
10362286,10,1506144
10363498,5,1506144
10364711,4,1506144
10365923,7,1506144
10367135,6,1506144
10368346,7,1506144
10369559,10,1506401
10370772,4,1506401
10371983,5,1506401
10373196,3,1506401
10374407,4,1506401
10375620,6,1506401
10376832,7,1506401
10378044,7,1506401
10379256,7,1506401
10380469,7,1504859
10381681,9,1504859
10382892,7,1504859
10384104,8,1504859
10385316,7,1504859
10386528,6,1504859
10387741,3,1504859
10388952,8,1504859
10390164,11,1504859
10391377,8,1504396
10392588,5,1504396
10393800,7,1504396
10395013,7,1504396
10396225,7,1504396
10397437,5,1504396
10398649,8,1504396
10399861,5,1504396
10401073,7,1504396
10402285,6,1502546
10403497,5,1502546
10404710,6,1502546
10405921,8,1502546
10407134,7,1502546
10408346,7,1502546
10409558,6,1502546
10410769,9,1502546
10411981,9,1502546
10413193,8,1504602
10414405,3,1502032
10415618,3,1502032
10416829,4,1502032
10418041,3,1502032
10419253,4,1502032
10420466,4,1502032
10421677,8,1502032
10422890,2,1502032
10424102,7,1502032
10432586,3,1502032
10433799,6,1502032
10435010,8,1502752
10436222,4,1504499
10437435,3,1504499
10438646,5,1504499
10439859,4,1504499
10441071,7,1504499
10442282,6,1504499
10443495,4,1504499
10444707,3,1504499
10445919,2,1504499
10447131,4,1502752
10448344,5,1502752
10449556,3,1502752
10450767,1,1502752
10451979,6,1502752
10453192,4,1502752
10454404,5,1502752
10455616,3,1502752
10456827,4,1502752
10458040,4,1502957
10459252,0,1502957
10460463,5,1502957
10461676,7,1502957
10462888,5,1502957
10464100,8,1502957
10465312,4,1502957
10466525,3,1502957
10467736,0,1502957
10468948,4,1502863
10470161,5,1505167
10471373,7,1505167
10472585,3,1505167
10473796,4,1505167
10475008,3,1505167
10476221,4,1505167
10477433,4,1505167
10478645,7,1505167
10479857,5,1505167
10481069,3,1505167
10482281,6,1505167
10483494,7,1505167
10484705,4,1505167
10485917,8,1505167
10487129,6,1505167
10488341,5,1505167
10489554,6,1501210
10490766,5,1501210
10491977,5,1501210
10493190,4,1501210
10494401,6,1501210
10495614,5,1501210
10496826,7,1501210
10498038,7,1501210
10499250,5,1501210
10500462,6,1501210
10501675,9,1504551
10502886,4,1504551
10504099,3,1504551
10505311,7,1504551
10506523,7,1504551
10507734,5,1504551
10508946,9,1504551
10516219,6,1504551
10517431,6,1504551
10518643,5,1504551
10519855,8,1504551
10521068,9,1504551
10522279,8,1504551
10523491,6,1505116
10524703,4,1505116
10525916,5,1505116
10527128,8,1505116
10528340,5,1505116
10529553,8,1505116
10530764,7,1505116
10531976,7,1505116
10533188,8,1505116
10534400,7,1502546
10535612,5,1502546
10536824,3,1502546
10538036,4,1502546
10539248,8,1502546
10540460,8,1502546
10541672,6,1502546
10542884,9,1502546
10544097,5,1502546
10545308,4,1504499
10546521,3,1504499
10547733,5,1504499
10548945,9,1504499
10550157,8,1504499
10551369,10,1504499
10552581,8,1504499
10553794,6,1504499
10555005,7,1504499
10556217,7,1504499
10557429,3,1504499
10558641,7,1504499
10559854,6,1504499
10561065,6,1504499
10562277,4,1504499
10563490,6,1504499
10564702,5,1504499
10565913,5,1504499
10567125,4,1505219
10568338,4,1505219
10569550,7,1505219
10570762,6,1505219
10571974,7,1505219
10573186,6,1505219
10574398,5,1505219
10575610,5,1505219
10576823,7,1505219
10578035,7,1502135
10579246,4,1502135
10580458,7,1502135
10581671,6,1502135
10582883,7,1502135
10584095,9,1502135
10585307,5,1502135
10586519,7,1502135
10587730,3,1502135
10588943,6,1502855
10590155,4,1504345
10591367,5,1504345
10592579,6,1504345
10601063,5,1505373
10602275,3,1505373
10603487,2,1505373
10604700,5,1505373
10605912,3,1505373
10607124,4,1505373
10608336,5,1505373
10609548,4,1505373
10610760,4,1505373
10611972,4,1506041
10613184,7,1506041
10614396,4,1506041
10615608,5,1506041
10616821,3,1506041
10618033,6,1506041
10619245,3,1506041
10620457,5,1506041
10621669,6,1506041
10622882,5,1504294
10624093,4,1504294
10625305,4,1504294
10626517,3,1504294
10627729,4,1504294
10628942,5,1504294
10630153,7,1504294
10631365,6,1504294
10632577,4,1504294
10633790,3,1504294
10635002,3,1504294
10636214,2,1504294
10637426,4,1504294
10638638,4,1504294
10639851,3,1504294
10641063,4,1504294
10642275,4,1504294
10643487,6,1504294
10644699,5,1504301
10645911,3,1506349
10647123,4,1506349
10648336,2,1506349
10649547,5,1506349
10650759,6,1506349
10651972,3,1506349
10653183,4,1506349
10654395,2,1506349
10655607,6,1506323
10656820,5,1499155
10658032,3,1499155
10659243,3,1499155
10660455,4,1499155
10661668,4,1499155
10662880,6,1499155
10664092,5,1499155
10665304,6,1499155
10666516,4,1499155
10667728,4,1499155
10668940,6,1499155
10670152,5,1499155
10671364,6,1499155
10672576,5,1499155
10673788,5,1499155
10675000,4,1499155
10676212,6,1499155
10677424,11,1499155
10684697,3,1499155
10685908,6,1499155
10687121,5,1499155
10688333,7,1505630
10689545,1,1505630
10690757,5,1505630
10691969,7,1505630
10693181,8,1505630
10694393,9,1505630
10695605,7,1505630
10696817,5,1505630
10698030,5,1505630
10699241,4,1502084
10700453,6,1502084
10701666,7,1502084
10702877,4,1502084
10704089,8,1502084
10705301,7,1502084
10706514,7,1502084
10707726,4,1502084
10708937,6,1502084
10710149,5,1506349
10711361,3,1506349
10712574,7,1506349
10713786,7,1506349
10714999,5,1506349
10716210,9,1506349
10717422,4,1506349
10718635,8,1506349
10719846,7,1506349
10721059,7,1503626
10722270,3,1503626
10723483,5,1503626
10724695,6,1503626
10725907,6,1503626
10727119,8,1503626
10728331,6,1503626
10729543,8,1503626
10730754,7,1503626
10731967,7,1505733
10733179,6,1505733
10734391,10,1505733
10735603,6,1505733
10736815,7,1505733
10738027,7,1505733
10739239,6,1505733
10740451,7,1505733
10741663,4,1505733
10742875,7,1499668
10744088,6,1499668
10745299,5,1499668
10746511,6,1499668
10747723,5,1499668
10748936,3,1499668
10750147,9,1499668
10751359,6,1499668
10752571,6,1499668
10753783,7,1502289
10754995,6,1502289
10756208,8,1502289
10757419,4,1502289
10758632,8,1502289
10759844,5,1502289
10761055,5,1502289
10768327,12,1502289
10769540,8,1502289
10770752,6,1502289
10771964,7,1502289
10773176,5,1502289
10774388,6,1502289
10775600,5,1499771
10776812,3,1505270
10778024,3,1505270
10779237,4,1505270
10780448,4,1505270
10781661,3,1505270
10782873,4,1505270
10784086,3,1505270
10785297,5,1505270
10786510,4,1505270
10787722,5,1505270
10788933,1,1505270
10790146,3,1505270
10791358,4,1505270
10792570,3,1505270
10793782,3,1505270
10794995,4,1505270
10796206,6,1505270
10797418,2,1505270
10798630,6,1502700
10799842,8,1502700
10801055,4,1502700
10802266,4,1502700
10803479,4,1502700
10804691,5,1502700
10805903,4,1502700
10807115,3,1502700
10808327,4,1502700
10809539,6,1503523
10810751,3,1503523
10811964,3,1503523
10813176,4,1503523
10814388,5,1503523
10815599,5,1503523
10816812,5,1503523
10818024,2,1503523
10819235,5,1503523
10820448,4,1503584
10821660,5,1506144
10822872,4,1506144
10824084,6,1506144
10825296,4,1506144
10826508,4,1506144
10827720,4,1506144
10828932,4,1506144
10830145,6,1506144
10831357,5,1506205
10832569,3,1508765
10833780,3,1508765
10834992,3,1508765
10836205,5,1508765
10837417,4,1508765
10838629,4,1508765
10839841,4,1508765
10841053,4,1508765
10842266,3,1508765
10843478,7,1508765
10844690,3,1508765
10853175,4,1503523
10854387,3,1503523
10855599,8,1503523
10856811,4,1503523
10858023,5,1503523
10859235,6,1503523
10860447,9,1503523
10861659,8,1503523
10862872,8,1503523
10864084,11,1503266
10865296,4,1503266
10866508,7,1503266
10867721,5,1503266
10868932,5,1503266
10870144,5,1503266
10871356,4,1503266
10872568,7,1503266
10873780,8,1503266
10874993,4,1506709
10876205,5,1506709
10877417,5,1506709
10878629,7,1506709
10879842,7,1506709
10881053,6,1506709
10882265,6,1506709
10883478,8,1506709
10884690,5,1506709
10885902,5,1506092
10887114,5,1506092
10888326,4,1506092
10889539,5,1506092
10890751,3,1506092
10891962,6,1506092
10893175,7,1506092
10894387,7,1506092
10895599,6,1506092
10896811,7,1502084
10898024,5,1502084
10899236,7,1502084
10900448,8,1502084
10901661,6,1502084
10902872,7,1502084
10904084,6,1502084
10905296,7,1502084
10906509,8,1502084
10907721,7,1502957
10908933,4,1502957
10910145,7,1502957
10911357,4,1502957
10912570,6,1502957
10913781,7,1502957
10914993,7,1502957
10916206,5,1502957
10917418,6,1502957
10918630,9,1504345
10919844,4,1504345
10921055,4,1504345
10922267,8,1504345
10923479,10,1504345
10924691,3,1504345
10925903,6,1504345
10927115,6,1504345
10928327,5,1504345
10929539,6,1504345
10938024,2,1504345
10939236,6,1504345
10940449,7,1503574
10941660,2,1503574
10942873,5,1503574
10944085,7,1503574
10945298,7,1503574
10946510,5,1503574
10947721,2,1503574
10948933,7,1503574
10950146,7,1503574
10951358,9,1506298
10952569,4,1504191
10953781,4,1504191
10954993,4,1504191
10956206,4,1504191
10957418,4,1504191
10958630,5,1504191
10959841,3,1504191
10961055,2,1504191
10962266,4,1504191
10963479,5,1502752
10964690,4,1502752
10965903,4,1502752
10967114,4,1502752
10968327,3,1502752
10969539,1,1502752
10970751,3,1502752
10971963,4,1502752
10973175,7,1502752
10974388,4,1502444
10975599,4,1502444
10976811,4,1502444
10978024,4,1502444
10979236,6,1502444
10980447,5,1502444
10981660,1,1502444
10982872,5,1502444
10984084,3,1502444
10985296,4,1503677
10986508,4,1503677
10987720,4,1503677
10988932,4,1503677
10990145,5,1503677
10991357,2,1503677
10992569,4,1503677
10993781,5,1503677
10994993,4,1503677
10996205,6,1503732
10997417,1,1504756
10998629,3,1504756
10999841,3,1504756
11001054,4,1504756
11002265,5,1504756
11003477,5,1504756
11004689,7,1504756
11005901,4,1504756
11007113,3,1504541
11008326,3,1501981
11009538,3,1501981
11010750,4,1501981
11011963,3,1501981
11013175,5,1501981
11014387,7,1501981
11022871,3,1501981
11024083,7,1501981
11025295,9,1501981
11026507,5,1501981
11027719,4,1500079
11028931,3,1500079
11030144,5,1500079
11031355,10,1500079
11032568,8,1500079
11033780,4,1500079
11034992,7,1500079
11036203,7,1500079
11037415,5,1500079
11038628,6,1500079
11039840,7,1503266
11041052,3,1503266
11042264,6,1503266
11043476,8,1503266
11044688,9,1503266
11045900,7,1503266
11047112,9,1503266
11048323,7,1503266
11049536,5,1503266
11050748,5,1502289
11051960,5,1502289
11053172,6,1502289
11054384,9,1502289
11055596,5,1502289
11056808,5,1502289
11058020,6,1502289
11059232,6,1502289
11060444,6,1502289
11061656,8,1504602
11062868,6,1504602
11064080,8,1504602
11065292,6,1504602
11066504,7,1504602
11067716,4,1504602
11068928,6,1504602
11070140,4,1504602
11071352,6,1504602
11072564,7,1504962
11073776,5,1504962
11074988,7,1504962
11076200,6,1504962
11077412,6,1504962
11078624,7,1504962
11079836,6,1504962
11081048,8,1504962
11082261,9,1504962
11083473,6,1504653
11084685,7,1504653
11085897,6,1504653
11087109,8,1504653
11088321,7,1504653
11089534,7,1504653
11090745,4,1504653
11091957,5,1504653
11093169,5,1504653
11094381,10,1507171
11095593,4,1507171
11096806,6,1507171
11098017,5,1507171
11099229,5,1505681
11106503,14,1505681
11107714,8,1505681
11108927,6,1505681
11110139,7,1505681
11111351,7,1505681
11112563,7,1505681
11113774,8,1505681
11114987,9,1505681
11116199,7,1504448
11117411,3,1504448
11118623,6,1504448
11119835,7,1504448
11121047,5,1504448
11122259,5,1504448
11123471,6,1504448
11124683,10,1504448
11125895,7,1504448
11127108,8,1504653
11128320,2,1504396
11129531,4,1504396
11130743,2,1504396
11131956,5,1504396
11133168,5,1504396
11134380,6,1504396
11135591,4,1504396
11136804,4,1504396
11138016,2,1504396
11139228,4,1507531
11140440,3,1507531
11141653,5,1507531
11142864,4,1507531
11144076,4,1507531
11145288,5,1507531
11146500,3,1507531
11147712,4,1507531
11148925,3,1507531
11150136,4,1563971
11151349,5,1498435
11152561,5,1498435
11153773,5,1498435
11154986,7,1498435
11156197,2,1498435
11157409,2,1498435
11158622,5,1498435
11159834,5,1498435
11161045,1,1504756
11162257,4,1504756
11163470,2,1504756
11164682,10,1504756
11165893,4,1504756
11167105,4,1504756
11168318,4,1504756
11169530,3,1504756
11170742,-1,1504756
11171954,6,1504037
11173166,5,1504037
11174379,7,1504037
11175590,4,1504037
11176803,4,1504037
11178015,3,1504037
11179226,5,1504037
11180439,4,1504037
11181650,5,1504037
11182863,3,1504037
11190135,8,1504037
11191348,4,1504037
11192559,4,1508816
11193772,3,1508847
11194984,4,1503471
11196196,5,1503471
11197408,3,1503471
11198620,4,1503471
11199832,4,1503471
11201044,4,1503471
11202256,3,1503471
11203468,5,1503471
11204680,9,1503471
11205892,6,1503471
11207104,6,1503471
11208316,8,1503471
11209528,7,1503471
11210740,7,1503471
11211952,5,1503471
11213164,3,1503471
11214377,10,1507223
11215588,5,1507223
11216800,4,1507223
11218013,7,1507223
11219224,8,1507223
11220436,4,1507223
11221649,7,1507223
11222861,6,1507223
11224073,7,1507223
11225285,5,1507223
11226497,6,1504859
11227710,5,1504859
11228922,8,1504859
11230133,8,1504859
11231345,7,1504859
11232557,8,1504859
11233769,6,1504859
11234980,8,1504859
11236192,8,1504859
11237405,8,1498589
11238616,4,1498589
11239828,7,1498589
11241039,9,1498589
11242252,5,1498589
11243463,5,1498589
11244675,7,1498589
11245888,8,1498589
11247099,6,1498589
11248310,7,1504037
11249523,3,1504037
11250734,5,1504037
11251946,5,1504037
11253159,7,1504037
11254370,7,1504037
11255582,8,1504037
11256793,7,1504037
11258006,6,1504037
11259217,6,1500953
11260429,6,1500953
11261640,6,1500953
11262853,6,1500953
11264065,7,1500953
11265276,6,1500953
11266488,5,1500953
11273760,9,1500953
11274971,7,1500953
11276183,6,1500953
11277395,7,1500953
11278607,6,1500953
11279818,5,1500953
11281031,9,1504088
11282242,5,1504088
11283455,6,1504088
11284666,6,1504088
11285878,6,1504088
11287090,9,1504088
11288303,8,1504088
11289514,8,1504088
11290726,8,1504088
11291938,7,1505013
11293149,4,1505013
11294362,2,1505013
11295573,4,1505013
11296785,6,1505013
11297997,7,1505013
11299210,4,1505013
11300422,4,1505013
11301633,6,1505013
11302844,8,1504602
11304057,3,1503112
11305268,5,1503112
11306480,2,1503112
11307693,4,1503112
11308904,5,1503112
11310117,3,1503112
11311329,4,1503112
11312540,1,1503112
11313752,4,1503112
11314964,6,1504088
11316176,7,1504088
11317388,4,1504088
11318600,5,1504088
11319811,5,1504088
11321024,2,1504088
11322235,2,1504088
11323447,4,1504088
11324659,5,1504088
11325871,4,1504088
11327082,5,1504088
11328294,4,1504088
11329506,3,1504088
11330719,5,1504088
11331931,5,1504088
11333142,4,1504088
11334355,5,1504088
11335566,3,1504088
11336778,2,1489339
11337990,6,1489339
11339202,4,1489339
11340414,5,1489339
11341625,5,1489339
11342838,4,1489339
11344049,3,1489339
11345261,4,1489339
11346473,4,1489339
11347685,7,1502598
11348897,3,1502598
11350108,7,1502598
11358591,5,1505321
11359803,2,1505321
11361015,4,1505321
11362227,3,1505321
11363439,4,1505321
11364651,4,1505321
11365862,4,1505321
11367075,5,1505321
11368286,4,1505321
11369498,5,1505414
11370710,5,1502598
11371921,5,1502598
11373133,2,1502598
11374345,4,1502598
11375557,6,1502598
11376768,5,1502598
11377980,8,1502598
11379193,6,1502598
11380404,3,1502598
11381616,1,1502598
11382828,7,1502598
11384039,7,1502598
11385251,4,1502598
11386463,5,1502598
11387674,10,1502598
11388887,6,1502598
11390099,5,1502598
11391310,7,1506915
11392521,3,1506915
11393734,4,1506915
11394946,8,1506915
11396157,6,1506915
11397369,7,1506915
11398581,8,1506915
11399793,4,1506915
11401004,4,1506915
11402216,8,1501210
11403428,4,1501210
11404640,6,1501210
11405852,9,1501210
11407064,6,1501210
11408276,5,1501210
11409487,7,1501210
11410699,8,1501210
11411911,7,1501210
11413123,7,1502598
11414334,5,1502598
11415546,6,1502598
11416758,7,1502598
11417970,9,1502598
11419181,7,1502598
11420392,5,1502598
11421604,9,1502598
11422817,6,1502598
11424028,7,1504653
11425240,5,1504653
11426451,7,1504653
11427663,6,1504653
11428875,8,1504653
11430087,6,1504653
11431299,7,1504653
11432510,12,1504653
11433722,5,1504653
11434933,8,1504653
11442204,13,1504653
11443415,5,1504653
11444627,2,1504653
11445839,7,1500748
11447051,6,1500748
11448263,7,1500748
11449474,4,1500748
11450686,7,1500748
11451898,6,1500748
11453109,6,1500748
11454320,7,1500748
11455533,10,1500748
11456745,7,1501930
11457956,1,1501930
11459167,7,1501930
11460379,10,1501930
11461591,7,1501930
11462802,7,1501930
11464015,8,1501930
11465226,5,1501930
11466438,5,1501930
11467649,7,1506144
11468861,5,1506144
11470073,3,1506144
11471285,5,1506144
11472496,6,1506144
11473709,6,1506144
11474920,7,1506144
11476132,8,1506144
11477343,8,1506144
11478555,5,1503574
11479767,4,1506041
11480979,7,1506041
11482190,5,1506041
11483402,4,1506041
11484614,4,1506041
11485826,5,1506041
11487037,2,1506041
11488249,5,1506041
11489461,3,1506041
11490673,7,1506606
11491884,5,1506606
11493096,6,1506606
11494307,4,1506606
11495519,3,1506606
11496731,4,1506606
11497942,5,1506606
11499154,4,1506606
11500366,3,1506606
11501578,3,1504088
11502789,4,1504088
11504001,7,1504088
11505213,4,1504088
11506425,4,1504088
11507636,5,1504088
11508848,6,1504088
11510060,4,1504088
11511272,4,1504088
11512483,7,1505167
11513696,3,1505167
11514907,2,1505167
11516118,4,1505167
11517330,2,1505167
11518542,4,1505167
11527024,5,1505167
11528236,7,1505167
11529447,6,1505167
11530659,6,1505167
11531871,6,1505167
11533083,6,1503780
11534294,3,1503835
11535506,5,1504859
11536718,3,1504859
11537930,5,1504859
11539141,5,1504859
11540352,5,1504859
11541565,6,1504859
11542776,4,1504859
11543988,5,1504859
11545200,4,1504885
11546411,2,1504885
11547623,8,1504885
11548835,8,1504885
11550046,6,1504885
11551258,6,1504885
11552469,11,1504885
11553681,10,1504885
11554893,6,1498229
11556104,3,1498229
11557317,1,1498229
11558528,4,1498229
11559740,9,1498229
11560952,8,1498229
11562163,8,1498229
11563375,11,1498229
11564586,5,1498229
11565799,6,1498229
11567010,5,1505527
11568222,4,1505527
11569434,4,1505527
11570645,8,1505527
11571857,3,1505527
11573068,7,1505527
11574280,5,1505527
11575492,8,1505527
11576703,8,1505527
11577915,6,1503574
11579127,5,1503574
11580338,6,1503574
11581550,6,1503574
11582763,8,1503574
11583973,7,1503574
11585185,6,1503574
11586397,6,1503574
11587609,4,1503574
11588820,5,1502495
11590032,4,1502495
11591244,7,1502495
11592456,7,1502495
11593667,6,1502495
11594880,4,1502495
11596091,6,1502495
11597303,6,1502495
11598515,7,1502495
11599727,4,1501518
11600938,2,1501518
11602150,7,1501518
11603361,4,1505835
11610631,15,1505835
11611844,3,1505835
11613055,6,1505835
11614267,9,1505835
11615479,6,1505835
11616691,5,1505835
11617903,4,1505835
11619115,4,1505835
11620326,4,1505835
11621538,8,1502700
11622750,2,1502700
11623962,7,1502700
11625173,5,1502700
11626385,6,1502700
11627598,7,1502700
11628810,9,1502700
11630021,8,1502700
11631234,9,1502700
11632446,8,1504962
11633657,6,1504962
11634869,6,1504962
11636081,6,1504962
11637293,6,1504962
11638505,8,1504962
11639717,6,1504962
11640929,7,1504962
11642140,9,1504962
11643353,5,1503985
11644564,2,1503985
11645776,8,1503985
11646988,5,1503985
11648200,6,1503985
11649412,5,1503985
11650624,6,1503985
11651836,6,1503985
11653048,8,1503985
11654260,9,1502906
11655472,5,1505373
11656684,9,1505373
11657895,7,1505373
11659107,3,1505373
11660319,5,1505373
11661531,3,1505373
11662743,4,1505373
11663955,4,1505373
11665167,4,1505373
11666378,7,1502495
11667591,3,1502495
11668803,4,1502495
11670015,2,1502495
11671227,3,1502495
11672438,3,1502495
11673651,4,1502495
11674862,3,1502495
11676074,5,1502495
11677286,3,1506966
11678498,4,1506966
11679710,4,1506966
11680922,4,1506966
11682134,3,1506966
11683346,5,1506966
11684557,3,1506966
11685769,4,1506966
11686981,7,1506966
11694252,2,1506966
11695464,5,1506966
11696676,10,1506966
11697888,9,1501518
11699100,4,1501683
11700312,4,1504499
11701524,4,1504499
11702736,1,1504499
11703948,3,1504499
11705160,3,1504499
11706371,5,1504499
11707584,2,1504499
11708795,6,1504499
11710007,3,1504284
11711220,4,1501724
11712431,3,1501724
11713643,6,1501724
11714855,4,1501724
11716067,4,1501724
11717279,3,1501724
11718491,3,1501724
11719702,3,1501724
11720915,4,1501724
11722126,5,1501724
11723338,4,1501724
11724551,6,1501724
11725762,8,1501724
11726974,7,1501724
11728187,7,1501724
11729398,6,1501724
11730610,7,1507634
11731822,2,1507634
11733034,5,1507634
11734245,5,1507634
11735458,6,1507634
11736669,5,1507634
11737881,5,1507634
11739093,8,1507634
11740304,5,1507634
11741516,10,1507634
11742728,4,1503626
11743940,3,1503626
11745152,5,1503626
11746364,6,1503626
11747576,7,1503626
11748788,6,1503626
11750000,8,1503626
11751211,5,1503626
11752423,5,1503626
11753635,7,1506657
11754847,3,1506657
11756060,6,1506657
11757271,6,1506657
11758483,3,1506657
11759695,4,1506657
11760907,7,1506657
11762119,7,1506657
11763330,8,1506657
11764542,5,1505630
11765754,5,1505630
11766966,4,1505630
11768179,6,1505630
11769390,5,1505630
11770602,10,1505630
11779085,7,1505630
11780297,6,1505630
11781509,6,1505630
11782720,5,1505630
11783932,8,1505630
11785144,8,1505630
11786356,8,1504037
11787568,3,1504037
11788780,6,1504037
11789992,5,1504037
11791204,5,1504037
11792416,7,1504037
11793628,8,1504037
11794839,8,1504037
11796051,6,1504037
11797263,8,1499463
11798475,5,1499463
11799688,10,1499463
11800899,6,1499463
11802111,9,1499463
11803323,6,1499463
11804535,5,1499463
11805747,7,1499463
11806959,8,1499463
11808171,6,1506760
11809382,6,1506760
11810594,5,1506760
11811806,5,1506760
11813018,8,1506760
11814230,7,1506760
11815442,8,1506760
11816654,4,1506760
11817865,4,1506760
11819077,10,1505784
11820289,4,1505784
11821501,5,1505784
11822714,4,1505784
11823925,6,1505784
11825136,7,1505784
11826349,8,1505784
11827560,7,1505784
11828772,8,1505784
11829984,7,1505321
11831196,4,1503728
11832408,4,1503728
11833620,5,1503728
11834832,5,1503728
11836044,5,1503728
11837256,3,1503728
11838467,4,1503728
11839679,6,1503728
11840891,4,1503728
11842103,3,1502546
11843315,4,1502546
11844527,4,1502546
11845739,3,1502546
11846951,3,1502546
11848163,4,1502546
11849374,8,1502546
11850586,5,1502546
11851798,4,1502546
11853009,3,1445952
11854222,3,1511488
11855433,4,1511488
11863916,3,1570292
11865128,4,1504756
11866340,5,1504756
11867552,5,1504756
11868764,4,1504756
11869976,2,1504756
11871188,6,1504756
11872399,3,1504756
11873611,2,1504756
11874823,4,1504709
11876035,3,1505733
11877247,2,1505733
11878458,5,1505733
11879670,3,1505733
11880882,4,1505733
11882093,4,1505733
11883306,2,1505733
11884517,4,1505733
11885729,6,1505616
11886941,4,1502032
11888153,4,1502032
11889364,3,1502032
11890576,3,1502032
11891788,5,1502032
11893000,4,1502032
11894212,4,1502032
11895424,3,1502032
11896635,3,1502032
11897847,4,1502032
11899059,7,1502032
11900271,8,1502032
11901483,8,1502032
11902695,8,1502032
11903907,7,1502032
11905118,6,1502032
11906330,7,1507326
11907542,6,1507326
11908754,4,1507326
11909965,5,1507326
11911178,7,1507326
11912389,6,1507326
11913601,4,1507326
11914813,7,1507326
11916024,9,1507326
11917236,7,1507326
11918449,4,1504242
11919661,5,1504242
11920872,4,1504242
11922084,5,1504242
11923296,4,1504242
11924508,8,1504242
11925719,5,1504242
11926932,6,1504242
11928143,7,1504242
11929355,6,1502289
11930567,3,1502289
11931779,2,1502289
11932991,7,1502289
11934203,6,1502289
11935415,4,1502289
11936627,6,1502289
11937839,7,1502289
11939051,6,1502289
11940262,4,1502289
11947533,3,1502289
11948745,7,1502289
11949957,4,1502289
11951168,7,1504499
11952380,6,1504499
11953593,4,1504499
11954804,7,1504499
11956016,5,1504499
11957228,7,1504499
11958440,4,1504499
11959651,7,1504499
11960864,3,1504499
11962075,5,1501776
11963287,6,1501776
11964499,7,1501776
11965711,7,1501776
11966922,5,1501776
11968135,7,1501776
11969346,6,1501776
11970559,4,1501776
11971770,7,1501776
11972982,7,1504807
11974194,5,1504807
11975406,7,1504807
11976617,6,1504807
11977829,7,1504807
11979041,7,1504807
11980253,4,1504807
11981465,4,1504807
11982677,11,1504807
11983889,6,1506195
11985100,2,1506195
11986312,7,1506195
11987525,6,1506195
11988736,4,1506195
11989948,6,1506195
11991160,8,1506195
11992372,10,1506195
11993584,6,1506195
11994796,7,1504602
11996007,3,1504602
11997219,6,1504602
11998431,9,1504602
11999644,5,1504602
12000855,5,1504602
12002067,6,1504602
12003279,6,1504602
12004491,5,1504602
12005703,4,1508251
12006915,5,1502752
12008126,4,1502752
12009339,5,1502752
12010550,3,1502752
12011763,5,1502752
12012974,4,1502752
12014186,3,1502752
12015399,4,1502752
12016610,5,1502752
12017822,3,1504037
12019034,4,1504037
12020246,4,1504037
12021458,4,1504037
12022669,4,1504037
12023881,2,1504037
12031153,11,1504037
12032365,10,1504037
12033577,6,1504037
12034788,6,1504037
12036000,9,1504037
12037212,7,1504037
12038424,5,1500028
12039636,2,1503266
12040848,6,1503266
12042060,3,1503266
12043271,4,1503266
12044483,5,1503266
12045695,3,1503266
12046907,4,1503266
12048119,4,1503266
12049331,5,1503266
12050543,0,1503468
12051754,5,1502444
12052967,3,1502444
12054179,7,1502444
12055391,4,1502444
12056602,7,1502444
12057814,5,1502444
12059025,6,1502444
12060238,3,1502444
12061449,2,1502286
12062662,4,1501518
12063873,6,1501518
12065085,6,1501518
12066297,4,1501518
12067508,5,1501518
12068721,3,1501518
12069932,4,1501518
12071144,5,1501518
12072356,5,1501518
12073568,4,1501518
12074779,5,1501518
12075991,5,1501518
12077203,7,1501518
12078415,5,1501518
12079627,7,1501518
12080838,6,1501518
12082051,6,1506452
12083262,0,1506452
12084474,4,1506452
12085686,9,1506452
12086897,6,1506452
12088109,7,1506452
12089321,4,1506452
12090534,7,1506452
12091745,7,1506452
12092957,7,1506452
12094168,7,1504448
12095380,8,1504448
12096593,7,1504448
12097804,7,1504448
12099016,6,1504448
12100228,9,1504448
12101440,7,1504448
12102651,7,1504448
12103864,6,1504448
12105076,9,1502906
12106287,4,1502906
12107499,6,1502906
12114770,6,1502906
12115982,9,1504139
12117194,4,1504139
12118406,5,1504139
12119618,8,1504139
12120830,5,1504139
12122041,6,1504139
12123254,6,1504139
12124466,8,1504139
12125678,10,1504139
12126889,7,1506452
12128101,7,1506452
12129314,9,1506452
12130525,8,1506452
12131737,4,1506452
12132949,7,1506452
12134161,7,1506452
12135373,10,1506452
12136585,6,1506452
12137797,10,1503934
12139008,5,1503934
12140221,2,1503934
12141432,8,1503934
12142644,10,1503934
12143856,7,1503934
12145068,8,1503934
12146280,6,1503934
12147492,7,1503934
12148705,3,1504242
12149916,4,1504242
12151128,7,1504242
12152340,8,1504242
12153551,8,1504242
12154764,6,1504242
12155975,7,1504242
12157187,7,1504242
12158399,8,1504242
12159611,8,1506195
12160823,5,1506195
12162035,7,1506195
12163247,9,1506195
12164459,6,1506195
12165671,6,1506195
12166883,8,1506195
12168096,8,1506195
12169307,7,1506195
12170519,8,1504962
12171731,5,1504962
12172943,7,1504962
12174154,9,1504962
12175367,7,1504962
12176579,4,1504962
12177790,8,1504962
12179003,2,1504962
12180215,7,1504962
12181427,4,1505784
12182639,5,1502803
12183850,5,1502803
12185062,3,1502803
12186274,4,1502803
12187486,5,1502803
12188698,3,1502803
12189909,3,1502803
12191122,5,1502803
12199605,8,1502803
12200817,7,1502803
12202028,8,1502803
12203241,8,1504242
12204452,3,1502238
12205665,4,1502238
12206876,2,1502238
12208088,4,1502238
12209300,3,1502238
12210512,4,1502238
12211724,5,1502238
12212936,5,1502238
12214148,3,1502238
12215359,4,1441841
12216572,5,1507377
12217783,2,1507377
12218995,6,1507377
12220208,3,1507377
12221419,3,1507377
12222631,4,1507377
12223842,4,1507377
12225055,3,1507377
12226266,2,1507516
12227479,5,1503420
12228690,5,1503420
12229902,2,1503420
12231114,4,1503420
12232326,3,1503420
12233538,4,1503420
12234750,4,1503420
12235962,5,1503420
12237174,5,1503375
12238387,6,1505167
12239598,2,1505167
12240810,2,1505167
12242022,3,1505167
12243234,4,1505167
12244445,1,1505167
12245657,4,1505167
12246869,5,1505167
12248081,4,1505167
12249294,4,1505167
12250505,7,1505167
12251717,4,1505167
12252929,5,1505167
12254142,5,1505167
12255354,4,1505167
12256565,5,1505167
12257777,6,1504705
12258989,7,1504705
12260201,4,1504705
12261412,6,1504705
12262625,5,1504705
12263837,7,1504705
12265048,5,1504705
12266260,7,1504705
12267473,6,1504705
12268684,9,1504705
12269896,7,1502444
12271108,6,1502444
12272320,8,1502444
12273532,5,1502444
12274744,10,1502444
12275956,9,1502444
12283227,4,1502444
12284439,2,1502444
12285652,4,1502444
12286864,6,1502444
12288076,8,1502444
12289288,8,1502444
12290499,7,1502444
12291711,6,1506195
12292923,5,1506195
12294135,8,1506195
12295347,4,1506195
12296559,9,1506195
12297771,6,1506195
12298983,9,1506195
12300194,6,1506195
12301406,6,1506195
12302618,8,1501570
12303831,4,1501570
12305042,7,1501570
12306254,4,1501570
12307466,7,1501570
12308678,11,1501570
12309890,8,1501570
12311102,8,1501570
12312313,7,1501570
12313526,7,1504242
12314737,5,1504242
12315949,5,1504242
12317162,7,1504242
12318373,10,1504242
12319585,3,1504242
12320797,6,1504242
12322010,8,1504242
12323221,9,1504242
12324433,7,1503728
12325645,8,1503728
12326857,5,1503728
12328069,5,1503728
12329280,6,1503728
12330493,7,1503728
12331705,3,1503728
12332916,3,1503728
12334128,3,1503728
12335340,4,1504962
12336552,4,1504962
12337764,7,1504962
12338976,8,1504962
12340188,6,1504962
12341400,3,1504962
12342612,5,1504962
12343823,6,1504962
12345036,6,1504962
12346247,7,1505065
12347459,5,1505065
12348672,6,1505065
12349883,9,1505065
12351095,5,1505065
12352307,7,1505065
12353519,10,1505065
12354731,7,1505065
12355943,7,1505065
12357154,3,1503368
12358366,3,1502238
12359578,7,1502238
12368062,4,1502238
12369274,5,1504037
12370485,5,1504037
12371697,4,1504037
12372909,4,1504037
12374120,5,1504037
12375332,4,1504037
12376544,4,1504037
12377757,4,1504037
12378968,5,1504037
12380180,5,1503214
12381392,4,1503214
12382604,2,1503214
12383816,3,1503214
12385027,3,1503214
12386239,5,1503214
12387451,3,1503214
12388663,4,1503214
12389875,4,1503214
12391086,4,1506247
12392299,2,1506247
12393511,7,1506247
12394723,6,1506247
12395934,6,1506247
12397146,4,1506247
12398359,4,1506247
12399570,3,1506247
12400782,5,1506247
12401994,5,1506177
12403205,4,1501313
12404417,3,1501313
12405629,2,1501313
12406842,4,1501313
12408053,2,1501313
12409265,5,1501313
12410477,6,1501313
12411689,5,1501313
12412900,4,1501274
12414112,2,1504602
12415325,3,1504602
12416536,3,1504602
12417748,3,1504602
12418960,6,1504602
12420172,4,1504602
12421384,5,1504602
12422595,4,1504602
12423808,3,1504602
12425020,4,1504602
12426231,6,1504602
12427443,3,1504602
12428656,5,1504602
12429867,8,1504602
12431079,6,1504602
12432291,8,1504602
12433503,5,1504602
12434715,4,1504602
12435926,4,1504602
12437139,7,1504602
12438350,6,1504602
12439562,10,1504602
12440774,7,1504602
12441986,9,1504602
12443197,6,1504602
12444409,4,1504602
12451681,13,1504602
12452893,6,1504602
12454104,6,1504602
12455316,4,1504602
12456529,6,1502649
12457741,5,1502649
12458952,7,1502649
12460164,6,1502649
12461376,10,1502649
12462588,5,1502649
12463800,6,1502649
12465012,5,1502649
12466224,5,1502649
12467435,5,1500850
12468648,4,1500850
12469859,6,1500850
12471071,7,1500850
12472283,6,1500850
12473495,7,1500850
12474707,9,1500850
12475919,8,1500850
12477130,7,1500850
12478343,4,1502341
12479554,3,1502341
12480767,8,1502341
12481979,9,1502341
12483190,6,1502341
12484402,3,1502341
12485614,8,1502341
12486826,6,1502341
12488038,8,1502341
12489250,8,1503882
12490462,4,1503882
12491673,8,1503882
12492885,7,1503882
12494097,4,1503882
12495310,6,1503882
12496522,7,1503882
12497734,6,1503882
12498945,7,1503882
12500158,6,1506247
12501369,5,1506247
12502581,4,1506247
12503793,9,1506247
12505005,7,1506247
12506216,8,1506247
12507428,5,1506247
12508640,6,1506247
12509852,5,1506247
12511064,6,1504602
12512277,7,1504602
12513489,7,1504602
12514700,7,1504602
12515912,7,1504602
12517124,8,1504602
12518335,5,1504602
12519548,7,1504602
12520760,6,1504602
12521971,3,1506760
12523184,5,1506760
12524395,4,1506760
12525608,5,1506760
12526820,8,1506760
12528031,7,1506760
12535302,6,1506760
12536514,7,1506760
12537727,9,1506760
12538938,7,1506760
12540150,5,1506760
12541362,6,1506760
12542574,6,1506760
12543786,7,1507223
12544997,3,1497818
12546210,4,1497818
12547422,4,1497818
12548633,4,1497818
12549845,5,1497818
12551057,3,1497818
12552270,3,1497818
12553481,6,1497818
12554693,4,1497818
12555905,3,1503060
12557117,3,1503060
12558329,2,1503060
12559540,3,1503060
12560753,5,1503060
12561965,3,1503060
12563177,6,1503060
12564388,2,1503060
12565600,5,1503060
12566812,3,1505887
12568024,3,1505887
12569236,3,1505887
12570448,4,1505887
12571660,3,1505887
12572872,5,1505887
12574084,3,1505887
12575295,2,1505887
12576507,6,1505887
12577718,4,1505879
12578931,6,1503831
12580143,4,1503831
12581354,4,1503831
12582567,4,1503831
12583778,4,1503831
12584989,7,1503831
12586202,4,1503831
12587414,4,1503831
12588625,3,1503761
12589838,7,1498641
12591050,5,1498641
12592261,-1,1498641
12593473,2,1498641
12594685,7,1498641
12595897,3,1498641
12597108,4,1498641
12598321,4,1498641
12599532,5,1498641
12600745,2,1498641
12601956,3,1498641
12603167,7,1498641
12604379,9,1498641
12605591,4,1498641
12606804,8,1498641
12608014,5,1498641
12609227,5,1498641
12610438,4,1498641
12611650,8,1498641
12620134,10,1498641
12621345,4,1505167
12622557,4,1505167
12623769,7,1505167
12624981,11,1505167
12626194,7,1505167
12627406,7,1505167
12628617,7,1505167
12629829,8,1505167
12631041,2,1505167
12632252,6,1503317
12633465,5,1503317
12634676,10,1503317
12635888,8,1503317
12637100,8,1503317
12638312,4,1503317
12639524,6,1503317
12640736,5,1503317
12641948,7,1503317
12643160,5,1503009
12644371,6,1503009
12645583,12,1503009
12646795,10,1503009
12648007,5,1503009
12649219,6,1503009
12650431,4,1503009
12651642,9,1503009
12652854,4,1503009
12654066,7,1504653
12655277,3,1504653
12656490,6,1504653
12657701,6,1504653
12658913,5,1504653
12660124,7,1504653
12661337,10,1504653
12662548,8,1504653
12663760,4,1504653
12664972,8,1505887
12666184,7,1505887
12667395,5,1505887
12668607,6,1505887
12669819,8,1505887
12671031,6,1505887
12672243,6,1505887
12673455,6,1505887
12674667,7,1505887
12675879,6,1503831
12677091,3,1503831
12678302,5,1503831
12679514,6,1503831
12680726,7,1503831
12681937,5,1503831
12683149,7,1503831
12684362,6,1503831
12685574,7,1503831
12686785,4,1503985
12687998,4,1503985
12689209,8,1503985
12690421,6,1503985
12691633,9,1503985
12692844,6,1503985
12694057,2,1503985
12695268,6,1503985
12696480,7,1503985
12703752,7,1503985
12704963,8,1503985
12706175,8,1503985
12707387,5,1503985
12708599,3,1504037
12709811,5,1500953
12711023,6,1500953
12712235,4,1500953
12713447,3,1500953
12714659,3,1500953
12715871,3,1500953
12717083,4,1500953
12718294,1,1500953
12719506,2,1500953
12720719,5,1502906
12721931,4,1502906
12723143,3,1502906
12724354,5,1502906
12725566,4,1502906
12726777,5,1502906
12727989,4,1502906
12729202,3,1502906
12730413,3,1502906
12731625,4,1505527
12732837,5,1505527
12734048,5,1505527
12735261,5,1505527
12736472,2,1505527
12737685,5,1505527
12738896,6,1505527
12740108,5,1505527
12741320,4,1505527
12742531,6,1442406
12743743,3,1507942
12744955,2,1507942
12746167,4,1507942
12747378,6,1507942
12748591,4,1507942
12749803,5,1507942
12751014,4,1507942
12752226,2,1507942
12753438,4,1507942
12754649,4,1507942
12755861,4,1507942
12757073,6,1507942
12758285,3,1507942
12759497,4,1507942
12760709,3,1507942
12761921,8,1507942
12763133,4,1507942
12764345,3,1507885
12765556,2,1506349
12766768,3,1506349
12767980,6,1506349
12769192,5,1506349
12770404,4,1506349
12771616,4,1506349
12772827,5,1506349
12774039,3,1506349
12775251,4,1506349
12776462,5,1506349
12777675,13,1506349
12778887,5,1506349
12780098,3,1506349
12787369,8,1506349
12788582,6,1506349
12789794,6,1506349
12791005,7,1506349
12792217,9,1506349
12793429,8,1506349
12794641,5,1506349
12795853,8,1506349
12797064,8,1504191
12798277,5,1504191
12799489,6,1504191
12800699,4,1504191
12801912,6,1504191
12803123,4,1504191
12804336,8,1504191
12805547,8,1504191
12806759,9,1504191
12807971,6,1502546
12809183,4,1502546
12810395,4,1502546
12811607,6,1502546
12812819,7,1502546
12814031,7,1502546
12815242,6,1502546
12816454,4,1502546
12817667,7,1502546
12818879,8,1498332
12820091,5,1498332
12821302,9,1498332
12822513,4,1498332
12823725,3,1498332
12824937,5,1498332
12826149,6,1498332
12827361,9,1498332
12828574,4,1498332
12829785,5,1504910
12830997,4,1504910
12832209,8,1504910
12833421,6,1504910
12834633,7,1504910
12835844,3,1504910
12837057,6,1504910
12838268,7,1504910
12839480,8,1504910
12840692,6,1507788
12841904,5,1507788
12843116,5,1507788
12844327,3,1507788
12845539,4,1507788
12846751,4,1507788
12847963,3,1507788
12849175,8,1507788
12850387,6,1507788
12851599,7,1502135
12852812,3,1502135
12854023,5,1502135
12855235,7,1502135
12856446,7,1502135
12857658,7,1502135
12858871,5,1502135
12860083,9,1502135
12861294,6,1502135
12862506,7,1508456
12863718,8,1508456
12871121,6,1508456
12872201,7,1508456
12873414,6,1501210
12874625,3,1501210
12875837,6,1501210
12877049,7,1501210
12878260,7,1501210
12879473,5,1501210
12880684,12,1501210
12881896,5,1501210
12883108,5,1501210
12884320,5,1505065
12885532,2,1506298
12886744,3,1506298
12887956,3,1506298
12889168,5,1506298
12890380,8,1506298
12891592,4,1506298
12892804,7,1506298
12894016,3,1506298
12895227,4,1506298
12896439,3,1504807
12897651,4,1504807
12898863,4,1504807
12900075,5,1504807
12901286,1,1504807
12902498,3,1504807
12903711,3,1504807
12904923,4,1504807
12906134,5,1504807
12907346,3,1502392
12908558,5,1502392
12909769,2,1502392
12910981,3,1502392
12912193,3,1502392
12913406,4,1502392
12914618,5,1502392
12915829,4,1502392
12917041,1,1502392
12918253,4,1506812
12919465,6,1506812
12920677,9,1506812
12921888,5,1506812
12923100,5,1506812
12924312,4,1506812
12925524,4,1506812
12926736,5,1506812
12927948,6,1506812
12929160,4,1506657
12930371,7,1506657
12931583,3,1506657
12932795,4,1506657
12934007,3,1506657
12935219,4,1506657
12936430,4,1506657
12937643,6,1506657
12938854,6,1506657
12940066,5,1506769
12941277,2,1509073
12942489,5,1509073
12943702,4,1509073
12944913,3,1509073
12946125,4,1509073
12947337,7,1509073
12955820,7,1509073
12957032,8,1509073
12958244,6,1509073
12959455,8,1509073
12960667,7,1504242
12961879,5,1504242
12963091,4,1504242
12964302,5,1504242
12965515,5,1504242
12966727,6,1504242
12967939,9,1504242
12969150,10,1504242
12970362,10,1504242
12971574,10,1504242
12972785,7,1504653
12973997,6,1504653
12975210,9,1504653
12976421,6,1504653
12977633,7,1504653
12978845,4,1504653
12980057,5,1504653
12981269,8,1504653
12982481,3,1504653
12983692,5,1506092
12984904,7,1506092
12986116,7,1506092
12987328,9,1506092
12988540,5,1506092
12989753,4,1506092
12990964,8,1506092
12992176,8,1506092
12993389,6,1506092
12994600,6,1500234
12995812,4,1500234
12997024,6,1500234
12998235,10,1500234
12999448,9,1500234
13000659,7,1500234
13001871,5,1500234
13003083,6,1500234
13004295,4,1500234
13005507,8,1502444
13006718,-1,1502444
13007931,8,1502444
13009142,5,1502444
13010354,9,1502444
13011567,7,1502444
13012778,8,1502444
13013990,6,1502444
13015203,6,1502444
13016414,3,1502855
13017626,3,1502855
13018838,7,1502855
13020050,5,1502855
13021261,10,1502855
13022473,4,1502855
13023685,9,1502855
13024897,8,1502855
13026109,5,1502855
13027322,7,1503882
13028533,5,1503882
13029745,6,1503882
13030957,7,1503882
13032169,5,1506657
13039440,4,1506657
13040652,5,1506657
13041864,5,1506657
13043076,8,1506657
13044288,7,1506657
13045499,5,1506657
13046711,2,1506657
13047924,7,1506657
13049135,8,1506657
13050347,6,1506657
13051559,5,1506657
13052771,7,1506657
13053983,6,1506657
13055194,7,1506657
13056406,7,1506657
13057618,7,1506657
13058830,7,1506657
13060042,6,1506349
13061253,4,1502186
13062466,2,1502186
13063678,8,1502186
13064890,5,1502186
13066101,6,1502186
13067313,4,1502186
13068524,5,1502186
13069737,4,1502186
13070948,6,1502186
13072161,8,1502289
13073372,6,1502289
13074584,3,1502289
13075796,5,1502289
13077008,3,1502289
13078220,6,1502289
13079431,5,1502289
13080643,3,1502289
13081855,3,1502289
13083067,5,1500182
13084279,3,1500182
13085491,5,1500182
13086703,4,1500182
13087915,4,1500182
13089126,4,1500182
13090338,4,1500182
13091549,5,1500182
13092762,0,1500182
13093974,4,1506144
13095185,3,1506144
13096397,2,1506144
13097609,4,1506144
13098821,2,1506144
13100033,3,1506144
13101245,4,1506144
13102456,3,1506144
13103669,5,1506144
13104880,4,1506226
13106092,4,1500850
13107304,4,1500850
13108516,3,1500850
13109728,4,1500850
13110940,1,1500850
13112151,7,1500850
13113363,4,1500850
13114575,4,1500850
13115787,3,1500850
13123121,6,1500850
13124270,6,1500850
13125482,7,1503831
13126694,4,1503831
13127906,6,1503831
13129118,6,1503831
13130329,10,1503831
13131542,7,1503831
13132753,5,1503831
13133965,6,1503831
13135178,6,1503831
13136390,6,1501467
13137601,3,1501467
13138813,3,1501467
13140024,3,1501467
13141236,8,1501467
13142448,11,1501467
13143661,7,1501467
13144872,6,1501467
13146084,5,1501467
13147296,6,1501467
13148507,7,1500542
13149720,6,1500542
13150931,5,1500542
13152143,6,1500542
13153355,7,1500542
13154567,6,1500542
13155778,6,1500542
13156991,4,1500542
13158203,6,1500542
13159415,4,1506863
13160626,2,1506863
13161838,4,1506863
13163049,6,1506863
13164261,8,1506863
13165474,7,1506863
13166686,7,1506863
13167897,7,1506863
13169109,7,1506863
13170320,4,1502186
13171532,5,1502186
13172745,5,1502186
13173956,5,1502186
13175168,5,1502186
13176380,7,1502186
13177591,6,1502186
13178803,8,1502186
13180015,7,1502186
13181228,8,1507428
13182440,4,1507428
13183651,4,1507428
13184863,6,1507428
13186075,9,1507428
13187286,8,1507428
13188498,8,1507428
13189711,3,1507428
13190923,9,1507428
13192134,7,1499206
13193346,3,1499206
13194558,5,1499206
13195769,8,1499206
13196982,8,1499206
13198193,6,1499206
13199405,3,1499206
13206677,11,1499206
13207888,7,1499206
13209100,6,1499206
13210312,6,1499206
13211523,8,1499206
13212736,7,1499206
13213948,7,1503780
13215160,5,1503780
13216371,8,1503780
13217583,5,1503780
13218795,5,1503780
13220007,7,1503780
13221219,7,1503780
13222431,5,1503780
13223642,7,1503780
13224855,6,1507480
13226066,4,1507480
13227279,5,1507480
13228491,7,1507480
13229702,4,1507480
13230914,4,1507480
13232126,7,1507480
13233338,3,1507480
13234550,4,1507480
13235762,7,1503574
13236974,5,1506041
13238186,6,1506041
13239398,2,1506041
13240610,4,1506041
13241821,3,1506041
13243034,4,1506041
13244245,3,1506041
13245457,3,1506041
13246669,5,1506041
13247881,5,1504705
13249093,6,1504705
13250305,4,1504705
13251517,4,1504705
13252729,5,1504705
13253940,4,1504705
13255153,4,1504705
13256364,5,1504705
13257576,5,1504705
13258788,6,1501364
13260000,0,1501364
13261213,3,1501364
13262424,1,1501364
13263636,3,1501364
13264848,4,1501364
13266060,5,1501364
13267272,5,1501364
13268484,4,1501364
13269696,5,1506041
13270907,7,1506041
13272119,5,1506041
13273332,4,1506041
13274543,3,1506041
13275756,3,1506041
13276967,5,1506041
13278179,7,1506041
13279392,5,1506041
13280603,5,1505923
13281815,3,1501827
13283026,7,1501827
13291514,14,1505681
13292723,12,1505681
13293934,3,1505681
13295146,4,1505681
13296358,2,1505681
13297570,4,1505681
13298782,3,1505681
13299993,4,1505681
13301206,4,1505681
13302418,3,1505681
13303629,3,1505681
13304841,5,1505681
13306053,8,1505681
13307266,8,1505681
13308478,9,1505681
13309689,8,1505681
13310901,4,1505681
13312113,7,1498589
13313325,6,1498589
13314537,4,1498589
13315749,7,1498589
13316961,6,1498589
13318172,7,1498589
13319384,5,1498589
13320597,5,1498589
13321809,8,1498589
13323020,7,1498589
13324232,6,1504807
13325444,3,1504807
13326656,5,1504807
13327868,7,1504807
13329080,9,1504807
13330292,7,1504807
13331504,8,1504807
13332716,4,1504807
13333928,4,1504807
13335140,6,1504396
13336351,5,1504396
13337563,6,1504396
13338776,5,1504396
13339988,6,1504396
13341199,7,1504396
13342411,6,1504396
13343623,6,1504396
13344835,8,1504396
13346047,4,1500799
13347259,3,1500799
13348471,6,1500799
13349683,8,1500799
13350895,8,1500799
13352107,8,1500799
13353319,3,1500799
13354531,6,1500799
13355743,5,1500799
13356954,6,1503060
13358166,6,1503060
13359378,10,1503060
13360590,5,1503060
13361802,7,1503060
13363014,5,1503060
13364227,9,1503060
13365438,7,1503060
13366650,8,1503060
13367862,6,1503060
13375135,6,1503060
13376346,6,1503060
13377558,7,1503060
13378771,5,1503317
13379982,7,1503317
13381194,7,1503317
13382406,5,1503317
13383617,6,1503317
13384829,7,1503317
13386041,7,1503317
13387254,6,1503317
13388466,8,1503317
13389678,11,1502855
13390889,2,1502855
13392101,9,1502855
13393312,4,1502855
13394524,7,1502855
13395737,4,1502855
13396948,5,1502855
13398160,5,1502855
13399372,11,1502855
13400584,9,1507942
13401795,4,1507942
13403007,5,1507942
13404219,5,1507942
13405431,6,1507942
13406643,8,1507942
13407855,6,1507942
13409067,5,1507942
13410279,9,1507942
13411490,6,1501673
13412703,5,1505989
13413915,7,1505989
13415126,5,1505989
13416338,5,1505989
13417549,4,1505989
13418762,0,1505989
13419973,5,1505989
13421185,5,1505989
13422397,3,1505989
13423609,3,1508610
13424821,5,1508610
13426032,7,1508610
13427244,4,1508610
13428456,3,1508610
13429668,3,1508610
13430879,3,1508610
13432091,4,1508610
13433304,3,1508610
13434515,2,1567517
13435727,-1,1501981
13436939,5,1501981
13438151,3,1501981
13439363,3,1501981
13440575,4,1501981
13441786,4,1501981
13442998,2,1501981
13444210,4,1501981
13445422,3,1504910
13446633,4,1504910
13447845,3,1504910
13449058,4,1504910
13450270,3,1504910
13451481,4,1504910
13459964,7,1504910
13461176,5,1504910
13462388,3,1504910
13463600,5,1504910
13464812,5,1504910
13466024,9,1500953
13467236,5,1501179
13468448,3,1506555
13469660,3,1506555
13470872,4,1506555
13472084,6,1506555
13473296,6,1506555
13474507,5,1506555
13475719,5,1506555
13476931,4,1506555
13478142,2,1506555
13479355,2,1506555
13480567,4,1506555
13481779,8,1506555
13482991,7,1506555
13484203,7,1506555
13485414,5,1506555
13486625,7,1506555
13487838,6,1502238
13489050,5,1502238
13490262,4,1502238
13491474,6,1502238
13492685,9,1502238
13493897,6,1502238
13495109,5,1502238
13496321,7,1502238
13497533,5,1502238
13498745,6,1502238
13499957,6,1507171
13501169,4,1507171
13502380,9,1507171
13503592,8,1507171
13504804,5,1507171
13506016,7,1507171
13507228,7,1507171
13508440,7,1507171
13509652,6,1507171
13510864,6,1502495
13512076,5,1502495
13513288,7,1502495
13514499,6,1502495
13515712,6,1502495
13516923,7,1502495
13518135,6,1502495
13519347,6,1502495
13520559,6,1502495
13521770,7,1505373
13522982,7,1505373
13524195,8,1505373
13525406,5,1505373
13526618,5,1505373
13527830,7,1505373
13529041,7,1505373
13530254,6,1505373
13531466,8,1505373
13532678,9,1501416
13533889,4,1501416
13535101,5,1501416
13536313,9,1503934
13543584,4,1503934
13544796,8,1503934
13546008,6,1503934
13547220,5,1503934
13548431,8,1503934
13549644,6,1503934
13550855,5,1503934
13552067,7,1503934
13553279,5,1503934
13554491,6,1504345
13555703,0,1504345
13556915,6,1504345
13558127,6,1504345
13559338,5,1504345
13560551,7,1504345
13561762,7,1504345
13562974,6,1504345
13564185,6,1504345
13565398,5,1503677
13566610,3,1503677
13567822,6,1503677
13569033,5,1503677
13570246,6,1503677
13571457,5,1503677
13572669,7,1503677
13573881,5,1503677
13575093,6,1503677
13576304,7,1502803
13577517,2,1502803
13578728,6,1502803
13579940,7,1502803
13581152,5,1502803
13582364,3,1502803
13583575,7,1502803
13584788,7,1502803
13586000,3,1502803
13587211,7,1501159
13588423,4,1506657
13589635,3,1506657
13590847,4,1506657
13592059,3,1506657
13593270,3,1506657
13594483,8,1506657
13595694,4,1506657
13596906,5,1506657
13598118,3,1506657
13599329,4,1500748
13600542,4,1500748
13601753,4,1500748
13602965,2,1500748
13604178,7,1500748
13605389,4,1500748
13606601,3,1500748
13607813,4,1500748
13609025,4,1500748
13610237,5,1501107
13611449,3,1501107
13612660,3,1501107
13613873,3,1501107
13615084,4,1501107
13616297,3,1501107
13617508,2,1501107
13618721,5,1501107
13619932,8,1501107
13627204,9,1501107
13628415,4,1501107
13629628,7,1501107
13630839,6,1500953
13632052,2,1501068
13633264,3,1504396
13634476,6,1504396
13635688,7,1504396
13636899,5,1504396
13638111,4,1504396
13639324,4,1504396
13640535,4,1504396
13641747,4,1504396
13642959,0,1504309
13644171,3,1508405
13645382,7,1508405
13646595,6,1508405
13647807,3,1508405
13649018,2,1508405
13650230,6,1508405
13651443,4,1508405
13652655,4,1508405
13653867,5,1508405
13655078,6,1508405
13656291,10,1508405
13657502,7,1508405
13658714,6,1508405
13659926,7,1508405
13661138,7,1508405
13662350,7,1508405
13663562,6,1504653
13664774,3,1504653
13665985,5,1504653
13667197,7,1504653
13668409,6,1504653
13669621,6,1504653
13670833,5,1504653
13672045,5,1504653
13673257,7,1504653
13674468,8,1504653
13675680,10,1503420
13676892,4,1503420
13678105,8,1503420
13679316,9,1503420
13680528,7,1503420
13681740,8,1503420
13682952,6,1503420
13684164,6,1503420
13685377,9,1503420
13686588,8,1504088
13687800,3,1504088
13689012,6,1504088
13690224,4,1504088
13691436,4,1504088
13692648,6,1504088
13693860,5,1504088
13695072,6,1504088
13696284,7,1504088
13697495,8,1507171
13698707,2,1507171
13699919,5,1507171
13701131,8,1507171
13702343,5,1507171
13703554,7,1507171
13712038,6,1507171
13713250,6,1507171
13714462,5,1507171
13715674,5,1507171
13716886,7,1507171
13718098,9,1507171
13719309,6,1505424
13720521,2,1505424
13721734,3,1505424
13722945,5,1505424
13724158,7,1505424
13725370,8,1505424
13726581,6,1505424
13727793,5,1505424
13729005,5,1505424
13730216,7,1501210
13731428,5,1501210
13732640,11,1501210
13733852,5,1501210
13735065,4,1501210
13736277,6,1501210
13737488,5,1501210
13738700,2,1501210
13739912,7,1501210
13741124,7,1500439
13742336,3,1500439
13743548,6,1500439
13744760,10,1500439
13745971,7,1500439
13747183,6,1500439
13748395,4,1500439
13749608,5,1500439
13750820,7,1500439
13752032,7,1505475
13753244,4,1505475
13754455,6,1505475
13755667,5,1505475
13756879,6,1505475
13758092,3,1505475
13759303,7,1505475
13760516,6,1505475
13761727,7,1505475
13762939,7,1500028
13764150,4,1505013
13765362,4,1505013
13766575,5,1505013
13767786,4,1505013
13768999,5,1505013
13770210,5,1505013
13771422,3,1505013
13772635,4,1505013
13773847,3,1505013
13775058,4,1502495
13776270,4,1502495
13777482,5,1502495
13778694,4,1502495
13779905,6,1502495
13781117,5,1502495
13782330,4,1502495
13783542,5,1502495
13784753,2,1502495
13785965,5,1503009
13787177,9,1503009
13788389,6,1503009
13796872,1,1502957
13798084,4,1502957
13799296,5,1502957
13800507,6,1502957
13801719,1,1502957
13802931,4,1502957
13804143,5,1502957
13805354,6,1502957
13806567,0,1502957
13807778,0,1502919
13808990,6,1506247
13810202,4,1506247
13811413,3,1506247
13812626,2,1506247
13813838,3,1506247
13815049,3,1506247
13816261,1,1506247
13817473,6,1506247
13818685,9,1506080
13819896,7,1502752
13821108,3,1502752
13822320,6,1502752
13823532,5,1502752
13824743,4,1502752
13825956,3,1502752
13827168,5,1502752
13828379,8,1502752
13829591,3,1502752
13830803,3,1502752
13832015,9,1502752
13833226,7,1502752
13834438,6,1502752
13835649,7,1502752
13836861,6,1502752
13838074,6,1502752
13839285,7,1508919
13840497,5,1508919
13841709,4,1508919
13842920,7,1508919
13844132,6,1508919
13845344,4,1508919
13846555,5,1508919
13847767,6,1508919
13848980,7,1508919
13850191,7,1508919
13851403,6,1502341
13852614,4,1502341
13853826,6,1502341
13855038,5,1502341
13856250,3,1502341
13857462,8,1502341
13858673,9,1502341
13859886,5,1502341
13861097,8,1502341
13862309,7,1503317
13863521,3,1503317
13864733,5,1503317
13865945,8,1503317
13867157,7,1503317
13868369,8,1503317
13869581,8,1503317
13870792,7,1503317
13872005,6,1503317
13873216,1,1503317
13880486,10,1503317
13881698,3,1503317
13882911,8,1503317
13884123,6,1502803
13885334,4,1502803
13886546,4,1502803
13887758,5,1502803
13888970,9,1502803
13890181,6,1502803
13891393,5,1502803
13892605,6,1502803
13893816,8,1502803
13895028,4,1502444
13896241,3,1502444
13897452,7,1502444
13898663,5,1502444
13899876,6,1502444
13901088,8,1502444
13902299,4,1502444
13903511,8,1502444
13904723,7,1502444
13905934,7,1501673
13907147,4,1501673
13908358,8,1501673
13909570,7,1501673
13910782,7,1501673
13911994,7,1501673
13913205,7,1501673
13914417,5,1501673
13915629,7,1501673
13916841,6,1505116
13918053,5,1505116
13919264,5,1505116
13920476,6,1505116
13921689,5,1505116
13922900,8,1505116
13924112,8,1505116
13925323,8,1505116
13926535,9,1505116
13927747,6,1505938
13928959,4,1504088
13930170,4,1504088
13931382,4,1504088
13932595,6,1504088
13933806,4,1504088
13935018,3,1504088
13936229,4,1504088
13937442,4,1504088
13938653,4,1504088
13939866,4,1501313
13941077,5,1501313
13942288,5,1501313
13943500,3,1501313
13944712,5,1501313
13945924,5,1501313
13947136,6,1501313
13948347,5,1501313
13949559,5,1501313
13950772,4,1504602
13951983,6,1504602
13953195,6,1504602
13954407,4,1504602
13955618,6,1504602
13956830,10,1504602
13964121,9,1504602
13965313,3,1504602
13966525,5,1504602
13967736,6,1504602
13968948,7,1504602
13970159,9,1504602
13971371,10,1502752
13972583,4,1504499
13973795,2,1504499
13975007,2,1504499
13976219,4,1504499
13977431,3,1504499
13978643,5,1504499
13979855,2,1504499
13981066,3,1504499
13982279,2,1504499
13983490,6,1504293
13984702,4,1504037
13985913,7,1504037
13987126,4,1504037
13988338,5,1504037
13989549,4,1504037
13990761,5,1504037
13991973,5,1504037
13993185,7,1504037
13994397,2,1504199
13995608,4,1506247
13996820,4,1506247
13998032,2,1506247
13999244,4,1506247
14000455,4,1506247
14001667,4,1506247
14002878,3,1506247
14004091,5,1506247
14005302,5,1506247
14006514,2,1506247
14007725,4,1506247
14008937,4,1506247
14010149,9,1506247
14011360,5,1506247
14012573,7,1506247
14013784,6,1506247
14014996,7,1507994
14016208,3,1507994
14017420,4,1507994
14018630,7,1507994
14019844,8,1507994
14021055,6,1507994
14022265,7,1507994
14023478,7,1507994
14024689,9,1507994
14025900,4,1507994
14027112,7,1505835
14028324,3,1505835
14029535,6,1505835
14030747,7,1505835
14031958,7,1505835
14033171,7,1505835
14034382,10,1505835
14035593,9,1505835
14036805,5,1505835
14038016,5,1507171
14039228,4,1507171
14040439,7,1507171
14047709,4,1507171
14048921,6,1503728
14050133,6,1503728
14051344,3,1503728
14052556,6,1503728
14053768,7,1503728
14054979,9,1503728
14056191,7,1503728
14057403,7,1503728
14058614,5,1503728
14059826,5,1505681
14061037,6,1505681
14062249,4,1505681
14063461,10,1505681
14064673,7,1505681
14065884,5,1505681
14067096,6,1505681
14068308,7,1505681
14069519,6,1505681
14070731,7,1503677
14071943,3,1503677
14073154,4,1503677
14074366,5,1503677
14075578,8,1503677
14076790,9,1503677
14078001,8,1503677
14079213,4,1503677
14080425,6,1503677
14081636,4,1500850
14082848,5,1500850
14084060,6,1500850
14085272,6,1500850
14086483,9,1500850
14087694,7,1500850
14088907,8,1500850
14090118,7,1500850
14091329,8,1500850
14092541,9,1506401
14093753,5,1506401
14094964,7,1506401
14096176,5,1506401
14097388,8,1506401
14098599,8,1506401
14099811,6,1506401
14101023,7,1506401
14102235,6,1506401
14103446,6,1503266
14104658,5,1507788
14105869,5,1507788
14107080,4,1507788
14108292,3,1507788
14109504,2,1507788
14110716,4,1507788
14111928,2,1507788
14113139,6,1507788
14114351,2,1507788
14115563,2,1498897
14116775,5,1498897
14117986,7,1498897
14119197,5,1498897
14120409,2,1498897
14121621,5,1498897
14122832,5,1498897
14124044,6,1498897
14132526,3,1498897
14133738,8,1498897
14134949,9,1498897
14136161,7,1506555
14137373,6,1501930
14138584,3,1501930
14139796,4,1501930
14141008,4,1501930
14142220,5,1501930
14143432,5,1501930
14144644,4,1501930
14145855,4,1501930
14147067,4,1501930
14148279,4,1501930
14149490,6,1501930
14150702,5,1501930
14151913,4,1501930
14153125,6,1501930
14154338,6,1501930
14155549,4,1501930
14156760,6,1501930
14157972,4,1501930
14159184,6,1501774
14160395,5,1501518
14161607,4,1501518
14162819,4,1501518
14164031,5,1501518
14165242,4,1501518
14166454,2,1501518
14167665,3,1501518
14168878,5,1501518
14170090,5,1501643
14171301,4,1507531
14172512,4,1507531
14173725,3,1507531
14174936,3,1507531
14176148,4,1507531
14177359,3,1507531
14178571,4,1507531
14179782,3,1507531
14180994,3,1507531
14182206,5,1507531
14183418,5,1507531
14184629,6,1507531
14185842,7,1507531
14187053,7,1507531
14188264,7,1507531
14189477,7,1507531
14190687,6,1507531
14191899,7,1508508
14193111,4,1508508
14194323,3,1508508
14195534,7,1508508
14196746,6,1508508
14197958,7,1508508
14199169,5,1508508
14200381,10,1508508
14201593,10,1508508
14202804,8,1503574
14204016,2,1503574
14205228,8,1503574
14206440,6,1503574
14207652,6,1503574
14208863,4,1503574
14216133,7,1503574
14217345,4,1503574
14218557,5,1503574
14219768,7,1503574
14220980,9,1503574
14222192,5,1503574
14223403,4,1503574
14224615,6,1504962
14225827,3,1504962
14227038,7,1504962
14228251,7,1504962
14229462,8,1504962
14230673,8,1504962
14231885,6,1504962
14233097,4,1504962
14234308,7,1504962
14235520,7,1504756
14236731,3,1504756
14237943,4,1504756
14239155,8,1504756
14240367,4,1504756
14241578,5,1504756
14242790,7,1504756
14244001,6,1504756
14245213,6,1504756
14246425,6,1502598
14247636,5,1502598
14248849,8,1502598
14250060,4,1502598
14251272,8,1502598
14252483,6,1502598
14253695,5,1502598
14254907,5,1502598
14256119,4,1502598
14257330,8,1505321
14258542,3,1505321
14259754,5,1505321
14260965,7,1505321
14262177,8,1505321
14263389,8,1505321
14264600,9,1505321
14265812,6,1505321
14267024,6,1505321
14268236,7,1504037
14269447,4,1504037
14270658,7,1504037
14271871,10,1504037
14273081,8,1504037
14274294,7,1504037
14275506,8,1504037
14276717,5,1504037
14277929,7,1504037
14279140,8,1505065
14280352,5,1503882
14281565,3,1503882
14282776,4,1503882
14283988,7,1503882
14285200,6,1503882
14286411,5,1503882
14287623,4,1503882
14288834,3,1503882
14290046,4,1503882
14291258,4,1505219
14292470,6,1505219
14300952,15,1505219
14302163,4,1504859
14303375,6,1504859
14304587,4,1504859
14305799,5,1504859
14307011,4,1504859
14308223,5,1504859
14309435,3,1504859
14310645,3,1504859
14311857,4,1504859
14313069,5,1502700
14314281,5,1502700
14315493,4,1502700
14316704,3,1502700
14317916,3,1502700
14319127,5,1502700
14320339,6,1502700
14321551,4,1502700
14322763,4,1502700
14323975,6,1502658
14325187,3,1504962
14326398,2,1504962
14327610,5,1504962
14328821,2,1504962
14330032,4,1504962
14331245,4,1504962
14332456,4,1504962
14333668,4,1504962
14334879,3,1504802
14336091,9,1503266
14337302,7,1503266
14338514,3,1503266
14339726,-2,1503266
14340938,7,1503266
14342150,7,1503266
14343361,4,1503266
14344573,-1,1503266
14345785,1,1503266
14346996,4,1503266
14348208,8,1503266
14349419,7,1503266
14350632,8,1503266
14351844,5,1503266
14353054,3,1503266
14354267,8,1503266
14355478,10,1505065
14356690,4,1505065
14357902,2,1505065
14359113,5,1505065
14360325,9,1505065
14361536,10,1505065
14362748,6,1505065
14363960,7,1505065
14365171,8,1505065
14366383,8,1505065
14367595,6,1503060
14368807,4,1503060
14370019,5,1503060
14371230,7,1503060
14372442,8,1503060
14373653,7,1503060
14374866,7,1503060
14376078,6,1503060
14377289,6,1503060
14384559,0,1503060
14385771,8,1503060
14386983,13,1503060
14388194,9,1503060
14389406,6,1500953
14390618,6,1500953
14391830,5,1500953
14393041,9,1500953
14394252,8,1500953
14395465,4,1500953
14396676,8,1500953
14397888,7,1500953
14399100,10,1500953
14400311,10,1505013
14401523,5,1505013
14402735,6,1505013
14403947,7,1505013
14405158,4,1505013
14406370,12,1505013
14407582,8,1505013
14408794,5,1505013
14410005,5,1505013
14411216,2,1500491
14412428,-1,1500491
14413640,3,1500491
14414851,10,1500491
14416064,8,1500491
14417276,11,1500491
14418487,10,1500491
14419698,6,1500491
14420911,7,1500491
14422122,4,1501107
14423334,2,1501107
14424546,2,1501107
14425758,6,1501107
14426970,8,1501107
14428181,10,1501107
14429392,13,1501107
14430604,11,1501107
14431816,6,1501107
14433028,3,1497253
14434240,-3,1497253
14435452,1,1497253
14436663,2,1497253
14437875,10,1497253
14439087,11,1497253
14440299,11,1497253
14441510,8,1497253
14442722,4,1497253
14443934,3,1499206
14445146,3,1501878
14446357,2,1501878
14447570,5,1501878
14448781,6,1501878
14449993,13,1501878
14451205,8,1501878
14452417,3,1501878
14453628,3,1501878
14454839,2,1501878
14456052,2,1499411
14457264,3,1499411
14458475,7,1499411
14459687,11,1499411
14460898,-5,1499411
14468169,6,1499411
14469382,10,1499411
14470593,10,1499411
14471804,12,1499411
14473016,6,1499411
14474228,4,1499411
14475440,2,1499411
14476651,6,1503214
14477863,5,1502032
14479075,8,1502032
14480287,7,1502032
14481499,7,1502032
14482711,2,1502032
14483923,3,1502032
14485134,1,1502032
14486346,2,1502032
14487557,4,1502032
14488769,4,1503060
14489981,9,1503060
14491193,7,1503060
14492405,3,1503060
14493616,0,1503060
14494829,3,1503060
14496040,2,1503060
14497252,2,1503060
14498463,3,1503060
14499675,6,1503037
14500888,7,1496893
14502099,6,1496893
14503311,4,1496893
14504522,5,1496893
14505735,2,1496893
14506946,4,1496893
14508158,5,1496893
14509369,5,1496893
14510581,5,1496964
14511792,5,1502084
14513004,4,1502084
14514216,0,1502084
14515428,3,1502084
14516640,5,1502084
14517851,3,1502084
14519063,7,1502084
14520275,5,1502084
14521486,6,1502084
14522699,6,1502084
14523910,7,1502084
14525122,5,1502084
14526334,3,1502084
14527545,6,1502084
14528758,5,1502084
14529969,7,1502084
14531180,6,1505167
14532392,4,1505167
14533604,0,1505167
14534815,3,1505167
14536027,7,1505167
14537239,8,1505167
14538451,7,1505167
14539662,9,1505167
14540874,7,1505167
14542086,7,1505167
14543297,6,1501056
14544509,3,1501056
14552991,1,1501056
14554203,5,1500593
14555415,2,1500593
14556627,7,1500593
14557838,10,1500593
14559049,8,1500593
14560261,7,1500593
14561473,7,1500593
14562685,9,1500593
14563896,4,1500593
14565108,5,1500542
14566319,5,1500542
14567531,9,1500542
14568744,7,1500542
14569955,9,1500542
14571167,10,1500542
14572379,8,1500542
14573590,9,1500542
14574802,8,1500542
14576013,6,1503060
14577225,4,1503060
14578438,7,1503060
14579649,10,1503060
14580860,6,1503060
14582072,6,1503060
14583284,6,1503060
14584495,10,1503060
14585707,4,1503060
14586919,8,1500182
14588130,5,1500182
14589343,8,1500182
14590554,5,1500182
14591766,4,1500182
14592977,6,1500182
14594189,5,1500182
14595401,6,1500182
14596613,6,1500182
14597825,6,1502289
14599036,2,1502289
14600248,6,1502289
14601459,5,1502289
14602671,7,1502289
14603883,7,1502289
14605095,3,1502289
14606306,9,1502289
14607519,9,1502289
14608729,6,1496276
14609942,5,1496276
14611153,6,1496276
14612364,6,1496276
14613577,6,1496276
14614788,8,1496276
14616000,4,1496276
14617211,11,1496276
14618423,6,1496276
14619635,5,1503780
14620847,4,1502855
14622059,2,1502855
14623270,4,1502855
14624481,6,1502855
14625694,4,1502855
14626905,6,1502855
14628116,6,1502855
14629328,6,1502855
14637809,10,1502855
14639021,5,1502855
14640233,7,1502855
14641445,5,1501621
14642657,4,1503214
14643868,5,1503214
14645080,4,1503214
14646291,5,1503214
14647503,5,1503214
14648714,4,1503214
14649927,2,1503214
14651138,5,1503214
14652350,4,1503214
14653562,5,1501570
14654773,7,1501570
14655985,5,1501570
14657197,4,1501570
14658409,3,1501570
14659620,3,1501570
14660832,3,1501570
14662044,2,1501570
14663256,4,1501570
14664467,5,1501570
14665680,10,1501570
14666891,5,1501570
14668103,3,1501570
14669315,5,1501570
14670526,4,1501570
14671738,4,1501570
14672950,5,1501570
14674162,4,1501570
14675374,7,1501574
14676585,4,1502598
14677796,3,1502598
14679008,2,1502598
14680220,4,1502598
14681432,1,1502598
14682644,5,1502598
14683855,5,1502598
14685067,4,1502598
14686279,4,1502595
14687490,4,1501827
14688702,2,1501827
14689913,6,1501827
14691125,4,1501827
14692338,3,1501827
14693549,3,1501827
14694760,5,1501827
14695972,5,1501827
14697184,8,1501827
14698396,2,1501827
14699608,8,1501827
14700819,7,1501827
14702031,5,1501827
14703243,4,1501827
14704454,7,1501827
14705666,7,1501827
14706878,8,1501827
14708090,9,1502341
14709301,3,1502341
14710514,8,1502341
14711725,4,1502341
14712937,4,1502341
14714148,6,1502341
14721418,8,1502341
14722630,8,1502341
14723842,7,1502341
14725054,7,1502341
14726265,5,1502341
14727477,10,1502341
14728689,9,1502341
14729901,7,1499720
14731112,3,1499720
14732324,5,1499720
14733537,4,1499720
14734748,6,1499720
14735959,8,1499720
14737171,9,1499720
14738383,10,1499720
14739594,9,1499720
14740806,8,1504037
14742019,3,1504037
14743230,5,1504037
14744442,4,1504037
14745653,10,1504037
14746865,10,1504037
14748077,9,1504037
14749289,6,1504037
14750500,7,1504037
14751712,4,1504396
14752924,1,1504396
14754136,6,1504396
14755347,7,1504396
14756560,10,1504396
14757771,6,1504396
14758983,6,1504396
14760195,3,1504396
14761407,6,1504396
14762618,4,1502392
14763830,4,1502392
14765042,7,1502392
14766253,7,1502392
14767465,9,1502392
14768677,9,1502392
14769889,6,1502392
14771100,7,1502392
14772312,7,1502392
14773525,7,1500748
14774736,4,1500748
14775948,8,1500748
14777159,6,1500748
14778371,4,1500748
14779583,5,1500748
14780795,6,1500748
14782006,8,1500748
14783218,8,1500748
14784430,8,1501518
14785642,6,1501518
14786853,10,1501518
14788065,7,1501518
14789276,6,1501518
14790488,6,1501518
14791701,5,1501518
14792912,5,1501518
14794124,8,1501518
14795335,8,1503009
14796547,3,1500491
14797759,5,1500491
14805121,9,1500491
14806241,4,1500491
14807453,0,1500491
14808664,1,1500491
14809876,3,1500491
14811088,9,1500491
14812300,6,1500491
14813511,7,1500491
14814723,5,1500491
14815935,9,1500491
14817146,6,1504962
14818358,3,1500799
14819570,2,1500799
14820782,1,1500799
14821994,4,1500799
14823205,5,1500799
14824418,2,1500799
14825629,6,1500799
14826841,4,1500799
14828052,2,1500799
14829264,2,1500079
14830476,5,1500079
14831688,5,1500079
14832900,5,1500079
14834111,4,1500079
14835323,5,1500079
14836535,4,1500079
14837746,4,1500079
14838959,5,1500079
14840170,4,1500087
14841381,6,1502135
14842593,4,1502135
14843805,6,1502135
14845016,5,1502135
14846229,5,1502135
14847440,5,1502135
14848652,3,1502135
14849863,3,1502135
14851075,3,1502066
14852286,6,1497458
14853498,2,1497458
14854710,4,1497458
14855922,5,1497458
14857133,6,1497458
14858346,4,1497458
14859557,3,1497458
14860769,4,1497458
14861980,5,1497458
14863192,5,1497458
14864403,9,1497458
14865615,9,1497458
14866826,7,1497458
14868039,5,1497458
14869250,6,1497458
14870462,6,1497458
14871673,7,1503780
14872885,4,1503780
14874098,5,1503780
14875309,8,1503780
14876521,7,1503780
14877733,6,1503780
14878944,6,1503780
14880156,5,1503780
14881367,5,1503780
14888638,12,1503780
14889850,8,1503780
14891061,5,1503780
14892273,7,1503780
14893485,6,1503780
14894696,8,1502598
14895908,5,1502598
14897120,9,1502598
14898331,8,1502598
14899543,6,1502598
14900754,5,1502598
14901967,6,1502598
14903178,8,1502598
14904390,8,1502598
14905601,9,1498589
14906814,3,1498589
14908024,7,1498589
14909237,9,1498589
14910449,6,1498589
14911660,8,1498589
14912872,7,1498589
14914084,7,1498589
14915295,8,1498589
14916507,4,1501262
14917719,3,1501262
14918931,5,1501262
14920142,3,1501262
14921354,6,1501262
14922566,5,1501262
14923777,8,1501262
14924989,7,1501262
14926201,10,1501262
14927412,4,1501313
14928624,3,1501313
14929836,3,1501313
14931048,5,1501313
14932260,5,1501313
14933471,6,1501313
14934684,11,1501313
14935895,8,1501313
14937107,7,1501313
14938318,4,1503985
14939530,3,1503985
14940742,3,1503985
14941954,6,1503985
14943165,7,1503985
14944377,9,1503985
14945589,4,1503985
14946800,6,1503985
14948012,7,1503985
14949224,7,1499771
14950436,2,1499771
14951647,7,1499771
14952859,5,1499771
14954071,6,1499771
14955283,8,1499771
14956494,7,1499771
14957706,4,1499771
14958918,8,1499771
14960130,8,1501621
14961342,4,1501621
14962553,7,1501621
14963765,5,1501621
14964977,7,1503560
14972247,1,1499720
14973459,7,1499720
14974671,18,1499720
14975883,4,1499720
14977094,6,1499720
14978306,4,1499720
14979517,3,1499720
14980729,5,1499720
14981941,4,1499720
14983153,6,1501262
14984364,5,1501262
14985576,4,1501262
14986787,6,1501262
14988000,3,1501262
14989212,4,1501262
14990423,4,1501262
14991635,6,1501262
14992846,3,1501262
14994058,5,1499463
14995270,3,1499463
14996482,5,1499463
14997694,6,1499463
14998906,3,1499463
15000117,6,1499463
15001329,5,1499463
15002540,2,1499463
15003752,1,1499463
15004964,5,1500542
15006176,9,1500542
15007387,3,1500542
15008599,3,1500542
15009810,3,1500542
15011022,3,1500542
15012234,6,1500542
15013445,4,1500542
15014658,4,1500542
15015869,4,1500535
15017081,4,1498743
15018292,5,1498743
15019504,4,1498743
15020716,0,1498743
15021927,3,1498743
15023139,5,1498743
15024351,4,1498743
15025563,2,1498743
15026775,0,1498646
15027986,4,1500182
15029197,6,1500182
15030410,5,1500182
15031621,7,1500182
15032833,5,1500182
15034044,4,1500182
15035256,4,1500182
15036468,5,1500182
15037680,8,1500182
15038892,5,1500182
15040104,4,1500182
15041315,9,1500182
15042527,7,1500182
15043739,4,1500182
15044951,8,1500182
15046162,11,1500182
15047374,9,1503728
15048585,6,1503728
15057068,5,1503728
15058279,6,1503728
15059491,4,1500799
15060703,5,1500799
15061915,9,1500799
15063126,6,1500799
15064338,8,1500799
15065550,7,1500799
15066762,3,1500799
15067974,6,1500799
15069185,7,1500799
15070396,6,1499823
15071608,6,1499823
15072820,7,1499823
15074032,6,1499823
15075244,4,1499823
15076455,6,1499823
15077667,11,1499823
15078879,7,1499823
15080091,7,1499823
15081302,5,1499977
15082514,4,1499977
15083725,5,1499977
15084937,6,1499977
15086149,7,1499977
15087360,6,1499977
15088573,8,1499977
15089784,7,1499977
15090996,8,1499977
15092207,6,1502238
15093420,-2,1502238
15094632,4,1502238
15095844,5,1502238
15097054,3,1502238
15098267,10,1502238
15099478,7,1502238
15100690,4,1502238
15101902,7,1502238
15103113,6,1501262
15104325,2,1501262
15105536,5,1501262
15106748,5,1501262
15107960,6,1501262
15109172,10,1501262
15110384,11,1501262
15111595,5,1501262
15112807,5,1501262
15114019,6,1505475
15115231,0,1505475
15116442,7,1505475
15117653,4,1505475
15118865,9,1505475
15120078,7,1505475
15121289,7,1505475
15122501,6,1505475
15123712,5,1505475
15124924,7,1500388
15126135,3,1500388
15127347,3,1500388
15128559,5,1500388
15129771,8,1500388
15130983,10,1500388
15132195,7,1500388
15133406,9,1500388
15140676,12,1500388
15141888,6,1500388
15143099,6,1500388
15144311,4,1500388
15145523,5,1500388
15146735,5,1497407
15147946,4,1503266
15149158,6,1503266
15150369,3,1503266
15151581,4,1503266
15152792,-1,1503266
15154004,4,1503266
15155217,5,1503266
15156428,4,1503266
15157640,3,1503266
15158851,4,1503266
15160063,6,1503266
15161275,3,1503266
15162486,7,1503266
15163699,2,1503266
15164910,4,1503266
15166121,3,1503266
15167333,4,1503266
15168545,6,1503266
15169757,5,1500850
15170968,7,1500850
15172180,4,1500850
15173392,5,1500850
15174603,3,1500850
15175816,5,1500850
15177027,4,1500850
15178238,5,1500850
15179450,3,1500850
15180662,5,1500850
15181873,3,1500850
15183085,4,1500850
15184297,4,1500850
15185508,4,1500850
15186720,1,1500850
15187932,5,1500850
15189143,8,1500850
15190355,5,1500850
15191567,3,1500752
15192779,2,1501776
15193990,1,1501776
15195202,6,1501776
15196414,-1,1501776
15197625,4,1501776
15198837,5,1501776
15200048,5,1501776
15201260,3,1501776
15202471,3,1501895
15203683,7,1506247
15204895,6,1506247
15206107,4,1506247
15207319,5,1506247
15208530,0,1506247
15209742,4,1506247
15210954,4,1506247
15212165,5,1506247
15213376,7,1506247
15214588,4,1506247
15215800,6,1506247
15217011,7,1501210
15224286,3,1502238
15225494,1,1502238
15226706,13,1502238
15227917,6,1502238
15229129,3,1502238
15230341,4,1502238
15231552,3,1502238
15232765,5,1502238
15233976,5,1502238
15235188,7,1502238
15236400,4,1502238
15237611,8,1502238
15238823,2,1502238
15240034,6,1502238
15241247,6,1502238
15242458,5,1502238
15243670,7,1502238
15244881,5,1502238
15246093,6,1502906
15247305,6,1502906
15248517,7,1502906
15249729,4,1502906
15250941,8,1502906
15252152,4,1502906
15253364,7,1502906
15254576,7,1502906
15255787,7,1502906
15257000,8,1501518
15258212,3,1501518
15259423,3,1501518
15260636,6,1501518
15261847,9,1501518
15263059,7,1501518
15264271,8,1501518
15265482,4,1501518
15266694,3,1501518
15267906,7,1498229
15269118,4,1498229
15270329,7,1498229
15271542,4,1498229
15272753,4,1498229
15273965,8,1498229
15275178,8,1498229
15276389,7,1498229
15277600,7,1498229
15278812,5,1497921
15280024,4,1497921
15281236,4,1497921
15282448,5,1497921
15283659,8,1497921
15284872,8,1497921
15286084,8,1497921
15287295,4,1497921
15288507,6,1497921
15289719,5,1500388
15290931,4,1500388
15292143,6,1500388
15293354,7,1500388
15294566,8,1500388
15295778,7,1500388
15296990,6,1500388
15298201,8,1500388
15299413,5,1500388
15300625,8,1500388
15309107,6,1500388
15310318,9,1500388
15311530,4,1499565
15312742,-2,1499463
15313954,1,1499463
15315166,1,1499463
15316377,7,1499463
15317590,7,1499463
15318801,11,1499463
15320013,8,1499463
15321224,6,1499463
15322436,0,1499463
15323648,1,1502546
15324859,2,1502546
15326072,2,1502546
15327284,5,1502546
15328495,11,1502546
15329707,9,1502546
15330919,6,1502546
15332130,5,1502546
15333342,2,1502546
15334553,-1,1499565
15335766,-1,1499565
15336977,3,1499565
15338189,6,1499565
15339401,5,1499565
15340613,5,1499565
15341825,7,1499565
15343036,3,1499565
15344247,3,1499565
15345459,3,1493810
15346671,5,1493810
15347883,5,1493810
15349095,6,1493810
15350306,5,1493810
15351519,3,1493810
15352730,0,1493810
15353942,4,1493810
15355154,4,1493810
15356365,3,1493992
15357577,5,1501416
15358789,4,1501416
15360001,1,1501416
15361212,4,1501416
15362425,5,1501416
15363636,3,1501416
15364847,3,1501416
15366059,3,1501416
15367271,3,1501271
15368483,8,1503831
15369694,9,1503831
15370907,6,1503831
15372118,4,1503831
15373330,3,1503831
15374542,0,1503831
15375753,3,1503831
15376965,4,1503831
15378177,6,1503831
15379389,7,1503831
15380601,6,1503831
15381812,5,1503831
15383024,5,1503831
15384236,4,1503831
15385447,8,1503831
15392718,4,1503831
15393931,4,1503831
15395142,5,1503831
15396354,6,1503831
15397566,8,1503831
15398778,9,1503831
15399989,9,1500696
15401201,5,1500696
15402413,5,1500696
15403625,8,1500696
15404837,6,1500696
15406048,6,1500696
15407260,6,1500696
15408473,5,1500696
15409684,10,1500696
15410896,7,1500902
15412108,4,1500902
15413319,7,1500902
15414531,6,1500902
15415744,4,1500902
15416955,6,1500902
15418167,8,1500902
15419379,10,1500902
15420591,7,1500902
15421802,5,1496534
15423014,1,1496534
15424226,6,1496534
15425438,5,1496534
15426649,8,1496534
15427861,9,1496534
15429073,4,1496534
15430285,7,1496534
15431496,6,1496534
15432708,5,1501416
15433920,0,1501416
15435132,8,1501416
15436344,6,1501416
15437557,5,1501416
15438768,5,1501416
15439980,9,1501416
15441191,6,1501416
15442403,7,1501416
15443615,5,1502135
15444827,6,1502135
15446039,8,1502135
15447250,8,1502135
15448462,7,1502135
15449675,9,1502135
15450887,7,1502135
15452098,9,1502135
15453310,8,1502135
15454522,6,1500285
15455734,0,1500285
15456945,8,1500285
15458156,5,1500285
15459368,8,1500285
15460580,6,1500285
15461792,5,1500285
15463004,7,1500285
15464216,6,1500285
15465427,3,1499000
15466639,3,1499000
15467851,9,1499000
15469062,4,1501673
15476334,11,1501673
15477545,5,1501673
15478757,5,1501673
15479968,6,1501673
15481180,8,1501673
15482392,4,1501673
15483604,5,1501673
15484816,7,1501673
15486027,6,1501673
15487240,6,1498795
15488451,4,1499823
15489663,6,1499823
15490875,3,1499823
15492087,4,1499823
15493299,5,1499823
15494510,5,1499823
15495722,5,1499823
15496934,4,1499823
15498146,5,1499823
15499357,4,1502238
15500569,6,1502238
15501781,4,1502238
15502993,3,1502238
15504205,6,1502238
15505417,3,1502238
15506629,2,1502238
15507841,3,1502238
15509052,3,1502238
15510265,4,1500131
15511477,4,1500131
15512689,6,1500131
15513900,5,1500131
15515111,2,1500131
15516324,3,1500131
15517535,6,1500131
15518747,6,1500131
15519959,4,1500131
15521171,6,1500131
15522383,8,1500131
15523595,4,1500131
15524807,6,1500131
15526019,4,1500131
15527231,4,1500131
15528442,4,1500131
15529655,2,1500131
15530866,3,1500131
15532078,1,1500018
15533290,4,1497202
15534502,4,1497202
15535714,6,1497202
15536925,4,1497202
15538138,3,1497202
15539350,2,1497202
15540562,5,1497202
15541773,5,1497202
15542986,7,1497217
15544197,5,1501313
15545409,4,1501313
15546621,4,1501313
15547833,4,1501313
15549044,5,1501313
15550257,3,1501313
15551468,6,1501313
15552680,4,1501313
15561164,5,1501313
15562375,8,1501313
15563587,9,1502135
15564799,5,1502135
15566011,1,1502135
15567223,6,1502135
15568435,3,1502135
15569647,6,1502135
15570859,9,1502135
15572071,9,1502135
15573283,5,1502135
15574495,7,1502135
15575706,4,1504191
15576919,5,1504191
15578130,4,1504191
15579343,4,1504191
15580554,9,1504191
15581766,6,1504191
15582978,6,1504191
15584189,9,1504191
15585402,8,1504191
15586613,6,1502135
15587825,3,1502135
15589037,6,1502135
15590248,6,1502135
15591460,5,1502135
15592672,7,1502135
15593884,5,1502135
15595096,6,1502135
15596308,6,1502135
15597520,7,1503471
15598731,4,1503471
15599943,9,1503471
15601156,5,1503471
15602367,5,1503471
15603579,3,1503471
15604790,3,1503471
15606003,6,1503471
15607215,7,1503471
15608426,9,1502186
15609638,4,1502186
15610850,6,1502186
15612062,5,1502186
15613274,5,1502186
15614486,5,1502186
15615697,5,1502186
15616909,7,1502186
15618120,6,1502186
15619332,9,1499155
15620544,3,1499155
15621756,5,1499155
15622967,4,1499155
15624179,5,1499155
15625391,6,1499155
15626604,5,1499155
15627814,8,1499155
15629027,5,1499155
15630239,3,1502957
15631450,5,1502957
15632662,4,1502957
15633874,3,1502957
15635085,4,1502957
15636298,6,1502957
15637509,6,1502957
15644781,10,1502957
15645992,7,1502957
15647204,5,1502957
15648417,6,1502957
15649628,7,1502957
15650840,6,1502957
15652052,8,1498127
15653264,5,1498127
15654475,6,1498127
15655687,9,1498127
15656899,6,1498127
15658111,7,1498127
15659323,5,1498127
15660535,8,1498127
15661747,5,1498127
15662959,8,1501570
15664170,4,1501416
15665382,6,1501416
15666594,5,1501416
15667805,5,1501416
15669017,5,1501416
15670229,4,1501416
15671441,5,1501416
15672653,5,1501416
15673865,2,1501416
15675077,4,1501467
15676288,5,1501467
15677500,5,1501467
15678713,3,1501467
15679924,4,1501467
15681136,3,1501467
15682347,3,1501467
15683559,3,1501467
15684772,6,1501467
15685983,8,1503574
15687195,3,1503574
15688407,3,1503574
15689619,3,1503574
15690831,1,1503574
15692043,2,1503574
15693254,5,1503574
15694466,6,1503574
15695678,11,1503574
15696889,5,1501313
15698101,3,1501313
15699313,3,1501313
15700524,3,1501313
15701737,2,1501313
15702948,2,1501313
15704160,5,1501313
15705372,8,1501313
15706583,4,1501313
15707795,6,1501357
15709007,4,1499309
15710219,2,1499309
15711431,1,1499309
15712643,4,1499309
15713855,5,1499309
15715067,7,1499309
15716279,6,1499309
15717490,6,1499309
15718702,3,1499283
15719914,3,1506195
15721126,4,1506195
15729609,6,1506195
15730821,1,1506195
15732033,2,1506195
15733245,3,1506195
15734457,1,1506195
15735669,5,1506195
15736880,4,1506195
15738092,6,1506195
15739305,4,1506195
15740516,3,1506195
15741729,3,1506195
15742940,6,1506195
15744152,6,1506195
15745364,7,1506195
15746577,7,1506195
15747788,8,1506195
15749000,6,1506195
15750212,5,1506195
15751423,5,1502598
15752636,4,1502598
15753848,2,1502598
15755060,4,1502598
15756272,4,1502598
15757483,8,1502598
15758695,5,1502598
15759907,6,1502598
15761119,6,1502598
15762331,6,1496585
15763542,4,1496585
15764755,5,1496585
15765967,5,1496585
15767179,9,1496585
15768391,10,1496585
15769603,4,1496585
15770814,8,1496585
15772026,7,1496585
15773237,6,1501262
15774449,2,1501262
15775661,6,1501262
15776874,6,1501262
15778086,3,1501262
15779297,6,1501262
15780510,8,1501262
15781721,4,1501262
15782933,5,1501262
15784146,6,1497664
15785357,4,1497664
15786569,5,1497664
15787781,7,1497664
15788993,7,1497664
15790205,4,1497664
15791417,7,1497664
15792629,7,1497664
15793840,6,1497664
15795052,7,1501776
15796264,4,1501776
15797476,8,1501776
15798688,8,1501776
15799900,7,1501776
15801112,8,1501776
15802324,6,1501776
15803537,5,1501776
15804749,2,1501776
15805960,3,1501776
15813231,5,1501776
15814443,3,1501776
15815655,7,1501776
15816868,7,1499874
15818079,5,1499874
15819291,5,1499874
15820503,6,1499874
15821715,5,1499874
15822927,7,1499874
15824139,7,1499874
15825351,7,1499874
15826562,6,1499874
15827775,7,1498487
15828987,6,1498487
15830198,5,1498487
15831411,7,1498487
15832622,5,1498487
15833834,5,1498487
15835047,7,1498487
15836259,8,1498487
15837470,4,1498487
15838682,7,1500542
15839894,5,1500285
15841106,4,1500285
15842319,4,1500285
15843530,6,1500285
15844742,4,1500285
15845954,4,1500285
15847166,3,1500285
15848378,7,1500285
15849590,1,1500285
15850802,7,1496174
15852013,3,1496174
15853226,5,1496174
15854438,4,1496174
15855649,4,1496174
15856861,7,1496174
15858073,6,1496174
15859285,7,1496174
15860496,6,1496174
15861708,3,1500182
15862920,4,1500182
15864132,6,1500182
15865345,4,1500182
15866556,5,1500182
15867768,5,1500182
15868980,5,1500182
15870192,3,1500182
15871404,4,1500182
15872616,4,1501005
15873827,5,1501005
15875039,2,1501005
15876251,4,1501005
15877462,4,1501005
15878675,8,1501005
15879886,5,1501005
15881098,4,1501005
15882310,3,1501005
15883521,5,1500965
15884734,3,1504037
15885945,5,1504037
15887158,2,1504037
15888369,3,1504037
15889581,4,1504037
15898064,4,1504037
15899275,5,1504037
15900487,6,1504037
15901700,5,1504037
15902911,9,1504037
15904123,9,1498229
15905335,2,1498229
15906547,2,1498229
15907758,4,1498229
15908971,6,1498229
15910183,8,1498229
15911394,7,1498229
15912605,8,1498229
15913817,9,1498229
15915029,5,1499668
15916241,5,1499668
15917453,2,1499668
15918665,6,1499668
15919877,5,1499668
15921089,8,1499668
15922301,8,1499668
15923513,10,1499668
15924725,8,1499668
15925937,5,1499668
15927149,3,1501005
15928361,3,1501005
15929573,3,1501005
15930784,7,1501005
15931996,9,1501005
15933208,4,1501005
15934420,5,1501005
15935632,3,1501005
15936845,4,1501005
15938056,4,1496534
15939267,5,1496534
15940480,4,1496534
15941691,10,1496534
15942904,6,1496534
15944116,7,1496534
15945327,4,1496534
15946539,6,1496534
15947752,3,1496534
15948963,5,1495711
15950175,4,1495711
15951387,8,1495711
15952599,8,1495711
15953811,9,1495711
15955023,4,1495711
15956235,4,1495711
15957447,4,1495711
15958658,5,1495711
15959870,4,1496893
15961082,5,1496893
15962294,6,1496893
15963505,4,1496893
15964717,5,1496893
15965929,6,1496893
15967141,5,1496893
15968353,5,1496893
15969565,6,1496893
15970777,11,1500079
15971989,5,1500079
15973201,7,1500079
15974413,7,1500079
15981684,11,1499309
15982896,2,1499309
15984108,5,1499309
15985320,7,1499309
15986532,5,1499309
15987744,5,1499309
15988956,5,1499309
15990168,8,1499309
15991379,11,1499309
15992591,8,1499668
15993804,6,1499668
15995015,5,1499668
15996228,5,1499668
15997439,5,1499668
15998651,5,1499668
15999863,4,1499668
16001075,5,1499668
16002287,5,1499668
16003499,12,1494838
16004711,5,1494838
16005923,6,1494838
16007135,4,1494838
16008347,6,1494838
16009558,7,1494838
16010771,6,1494838
16011982,10,1494838
16013195,6,1494838
16014406,6,1500799
16015618,5,1494118
16016830,3,1494118
16018042,4,1494118
16019254,2,1494118
16020466,5,1494118
16021678,8,1494118
16022890,3,1494118
16024101,5,1494118
16025314,6,1494118
16026525,9,1499514
16027738,-1,1499514
16028949,1,1499514
16030161,2,1499514
16031373,4,1499514
16032585,6,1499514
16033797,2,1499514
16035010,4,1499514
16036221,4,1499514
16037433,2,1501210
16038645,2,1501210
16039856,5,1501210
16041069,4,1501210
16042281,6,1501210
16043493,5,1501210
16044705,4,1501210
16045916,4,1501210
16047128,4,1501210
16048340,4,1500028
16049552,5,1500028
16050764,4,1500028
16051976,6,1500028
16053188,4,1500028
16054400,3,1500028
16055611,5,1500028
16056823,4,1500028
16058035,8,1500028
16066518,7,1500028
16067729,7,1500028
16068941,8,1506760
16070154,4,1506791
16071365,3,1501159
16072576,2,1501159
16073788,5,1501159
16075000,7,1501159
16076212,5,1501159
16077424,2,1501159
16078636,6,1501159
16079847,3,1501159
16081060,1,1501159
16082272,6,1501159
16083483,11,1501159
16084695,5,1501159
16085907,7,1501159
16087119,6,1501159
16088331,6,1501159
16089542,5,1501159
16090755,3,1496996
16091966,3,1496996
16093178,7,1496996
16094390,7,1496996
16095602,6,1496996
16096814,10,1496996
16098025,6,1496996
16099237,6,1496996
16100448,7,1496996
16101660,10,1496996
16102872,7,1495454
16104084,5,1495454
16105296,8,1495454
16106508,4,1495454
16107719,5,1495454
16108932,9,1495454
16110143,8,1495454
16111355,7,1495454
16112567,4,1495454
16113779,6,1498281
16114991,3,1498281
16116202,5,1498281
16117414,6,1498281
16118626,6,1498281
16119838,3,1498281
16121049,6,1498281
16122262,6,1498281
16123474,4,1498281
16124685,9,1497716
16125896,4,1497716
16127109,7,1497716
16128320,5,1497716
16129533,6,1497716
16130745,9,1497716
16131956,7,1497716
16133168,8,1497716
16134379,10,1497716
16135591,5,1498487
16136803,0,1498487
16138016,4,1498487
16139228,6,1498487
16140439,6,1498487
16141651,9,1498487
16142862,4,1498487
16150135,10,1498487
16151346,7,1498487
16152558,9,1498487
16153769,8,1498487
16154981,10,1498487
16156194,5,1498487
16157406,4,1498281
16158617,5,1498281
16159828,7,1498281
16161040,10,1498281
16162253,10,1498281
16163464,6,1498281
16164676,9,1498281
16165888,6,1498281
16167100,7,1498281
16168311,11,1497613
16169523,3,1497613
16170735,7,1497613
16171948,11,1497613
16173159,6,1497613
16174371,9,1497613
16175583,5,1497613
16176795,5,1497613
16178006,2,1497613
16179218,6,1495146
16180430,5,1501673
16181642,3,1501673
16182854,5,1501673
16184066,7,1501673
16185277,4,1501673
16186489,5,1501673
16187702,5,1501673
16188913,4,1501673
16190125,6,1501673
16191337,3,1499617
16192549,3,1499617
16193760,5,1499617
16194972,4,1499617
16196184,8,1499617
16197397,3,1499617
16198608,4,1499617
16199820,3,1499617
16201032,3,1499617
16202244,4,1499257
16203455,4,1499257
16204668,3,1499257
16205879,3,1499257
16207091,5,1499257
16208302,7,1499257
16209514,2,1499257
16210727,4,1499257
16211939,4,1499257
16213150,2,1498281
16214362,4,1498281
16215574,4,1498281
16216785,2,1498281
16217997,4,1498281
16219209,3,1498281
16220421,2,1498281
16221633,5,1498281
16222845,4,1498281
16224056,5,1493450
16225268,2,1493450
16226480,6,1493450
16234963,13,1493358
16236176,5,1496174
16237386,5,1496174
16238599,4,1496174
16239811,6,1496174
16241023,5,1496174
16242234,2,1496174
16243446,5,1496174
16244659,4,1496174
16245870,7,1496256
16247082,4,1490880
16248294,3,1490880
16249505,5,1490880
16250718,4,1490880
16251930,5,1490880
16253141,3,1490880
16254353,2,1490880
16255566,1,1490880
16256777,3,1490880
16257989,7,1490880
16259201,6,1490880
16260413,3,1490880
16261625,7,1490880
16262837,6,1490880
16264048,5,1490880
16265260,4,1490880
16266473,7,1499103
16267685,8,1499103
16268896,6,1499103
16270108,5,1499103
16271319,9,1499103
16272532,6,1499103
16273744,8,1499103
16274956,9,1499103
16276167,6,1499103
16277379,9,1499103
16278591,6,1500182
16279803,4,1500182
16281015,6,1500182
16282226,8,1500182
16283438,8,1500182
16284649,6,1500182
16285862,8,1500182
16287074,3,1500182
16288285,6,1500182
16289498,6,1499720
16290709,4,1499720
16291921,8,1499720
16293132,7,1499720
16294344,8,1499720
16295556,7,1499720
16296769,8,1499720
16297980,4,1499720
16299192,7,1499720
16300403,5,1498229
16301616,6,1498229
16302828,6,1498229
16304039,7,1498229
16305251,7,1498229
16306463,4,1498229
16307675,12,1498229
16308886,7,1498229
16310099,10,1498229
16311310,4,1498229
16318581,6,1498229
16319794,6,1498229
16321005,4,1498229
16322217,6,1490778
16323429,2,1490778
16324640,6,1490778
16325852,6,1490778
16327064,8,1490778
16328276,4,1490778
16329488,6,1490778
16330699,4,1490778
16331912,7,1490778
16333123,7,1498846
16334335,5,1498846
16335547,7,1498846
16336759,5,1498846
16337971,6,1498846
16339182,6,1498846
16340394,7,1498846
16341606,8,1498846
16342818,6,1498846
16344030,4,1494786
16345242,4,1494786
16346454,6,1494786
16347665,8,1494786
16348877,7,1494786
16350089,4,1494786
16351301,6,1494786
16352512,4,1494786
16353724,4,1494786
16354936,6,1495814
16356148,6,1495095
16357360,3,1495095
16358572,3,1495095
16359783,4,1495095
16360996,6,1495095
16362208,6,1495095
16363419,5,1495095
16364631,4,1495095
16365842,4,1495095
16367055,3,1494221
16368266,4,1494221
16369479,9,1494221
16370690,6,1494221
16371902,3,1494221
16373114,3,1494221
16374326,5,1494221
16375537,4,1494221
16376749,5,1494221
16377961,2,1495711
16379173,2,1495711
16380385,3,1495711
16381597,4,1495711
16382809,5,1495711
16384020,4,1495711
16385232,5,1495711
16386445,4,1495711
16387656,5,1495711
16388868,4,1494169
16390079,4,1494169
16391291,4,1494169
16392503,1,1494169
16393715,2,1494169
16394926,8,1494169
16402197,11,1494169
16403410,5,1494169
16404621,7,1494169
16405833,10,1494169
16407045,4,1494169
16408257,6,1494169
16409469,8,1495917
16410680,9,1495911
16411892,7,1494375
16413104,5,1494375
16414316,5,1494375
16415528,3,1494375
16416740,4,1494375
16417951,5,1494375
16419164,5,1494375
16420376,8,1494375
16421587,4,1494496
16422799,3,1499360
16424011,5,1499360
16425223,4,1499360
16426435,3,1499360
16427646,4,1499360
16428857,4,1499360
16430070,5,1499360
16431281,5,1499360
16432493,5,1499360
16433705,4,1499360
16434917,9,1499360
16436129,6,1499360
16437340,6,1499360
16438552,4,1499360
16439765,6,1499360
16440976,10,1499360
16442188,10,1497870
16443400,6,1497870
16444611,4,1497870
16445823,5,1497870
16447035,4,1497870
16448247,8,1497870
16449459,4,1497870
16450671,7,1497870
16451883,8,1497870
16453095,10,1497870
16454307,8,1494889
16455518,7,1494889
16456731,3,1494889
16457942,2,1494889
16459154,3,1494889
16460365,5,1494889
16461578,8,1494889
16462789,9,1494889
16464002,6,1494889
16465213,9,1497561
16466425,4,1497561
16467638,8,1497561
16468849,6,1497561
16470061,6,1497561
16471272,6,1497561
16472484,10,1497561
16473696,9,1497561
16474908,8,1497561
16476120,6,1496225
16477333,4,1496225
16478544,8,1496225
16487027,2,1494118
16488239,3,1494118
16489451,4,1494118
16490663,5,1494118
16491875,5,1494118
16493087,9,1494118
16494298,5,1494118
16495510,8,1494118
16496722,5,1494118
16497934,5,1496636
16499146,4,1496636
16500358,5,1496636
16501569,4,1496636
16502781,8,1496636
16503993,7,1496636
16505205,8,1496636
16506417,5,1496636
16507629,5,1496636
16508840,3,1496739
16510053,2,1496739
16511264,10,1496739
16512477,10,1496739
16513689,9,1496739
16514900,6,1496739
16516112,7,1496739
16517324,6,1496739
16518536,7,1496739
16519748,4,1496071
16520960,5,1496071
16522172,4,1496071
16523383,6,1496071
16524595,7,1496071
16525807,3,1496071
16527019,4,1496071
16528231,4,1496071
16529443,5,1496071
16530655,8,1499720
16531867,5,1497047
16533079,3,1497047
16534291,5,1497047
16535502,3,1497047
16536715,5,1497047
16537926,4,1497047
16539138,9,1497047
16540350,4,1497047
16541562,4,1497047
16542774,3,1497407
16543986,6,1497407
16545198,6,1497407
16546410,4,1497407
16547621,4,1497407
16548834,4,1497407
16550046,3,1497407
16551257,1,1497407
16552469,3,1497407
16553681,6,1494992
16554893,3,1494992
16556104,4,1494992
16557317,4,1494992
16558528,5,1494992
16559741,3,1494992
16560952,3,1494992
16562165,6,1494992
16563376,6,1494992
16571859,1,1494992
16573071,5,1494992
16574283,9,1497407
16575495,4,1496122
16576707,6,1496122
16577919,7,1496122
16579130,3,1496122
16580343,5,1496122
16581555,5,1496122
16582766,4,1496122
16583978,6,1496122
16585190,4,1496122
16586402,3,1496272
16587614,3,1494992
16588826,4,1494992
16590037,6,1494992
16591250,3,1494992
16592461,5,1494992
16593674,9,1494992
16594885,5,1494992
16596097,2,1494992
16597309,0,1495002
16598521,3,1497818
16599733,0,1497818
16600944,3,1497818
16602157,3,1497818
16603368,5,1497818
16604581,4,1497818
16605792,4,1497818
16607004,4,1497818
16608217,4,1497818
16609428,2,1497818
16610640,5,1497818
16611852,5,1497818
16613064,10,1497818
16614276,7,1497818
16615488,5,1497818
16616700,3,1497818
16617912,5,1497047
16619123,6,1497047
16620336,6,1497047
16621547,8,1497047
16622759,6,1497047
16623971,7,1497047
16625183,4,1497047
16626394,7,1497047
16627607,7,1497047
16628819,6,1497047
16630030,8,1494632
16631243,5,1494632
16632454,6,1494632
16633666,6,1494632
16634878,5,1494632
16636090,5,1494632
16637302,7,1494632
16638514,7,1494632
16639726,5,1494632
16640938,8,1493861
16642150,6,1493861
16643362,11,1493861
16644574,5,1493861
16645785,5,1493861
16646998,5,1493861
16648209,4,1493861
16655481,9,1493861
16656693,8,1493861
16657906,8,1493861
16659117,10,1493861
16660328,4,1493861
16661541,4,1493861
16662752,6,1493039
16663965,3,1493039
16665176,6,1493039
16666389,7,1493039
16667601,7,1493039
16668812,6,1493039
16670024,6,1493039
16671236,5,1493039
16672448,6,1493039
16673660,4,1492114
16674872,3,1492114
16676084,9,1492114
16677296,9,1492114
16678508,10,1492114
16679720,7,1492114
16680932,7,1492114
16682144,5,1492114
16683355,3,1492114
16684567,7,1492217
16685780,0,1492217
16686992,7,1492217
16688204,6,1492217
16689415,7,1492217
16690627,7,1492217
16691840,9,1492217
16693051,8,1492217
16694263,3,1492217
16695475,4,1493913
16696687,5,1493913
16697899,8,1493913
16699111,9,1493913
16700323,9,1493913
16701535,8,1493913
16702746,8,1493913
16703958,5,1493913
16705169,2,1493913
16706382,9,1492885
16707593,6,1492525
16708806,3,1492525
16710017,4,1492525
16711229,7,1492525
16712442,3,1492525
16713653,4,1492525
16714865,4,1492525
16716076,3,1492525
16717288,6,1492525
16718500,6,1494118
16719713,5,1494118
16720924,6,1494118
16722136,6,1494118
16723348,3,1494118
16724560,3,1494118
16725772,4,1494118
16726984,8,1494118
16728196,5,1494118
16729408,6,1492679
16730619,5,1492679
16731831,6,1492679
16739121,9,1492679
16740314,8,1492679
16741527,14,1492679
16742739,6,1492679
16743951,6,1492679
16745162,7,1492679
16746374,9,1492679
16747586,8,1492679
16748799,11,1492679
16750010,9,1493142
16751222,4,1488311
16752434,2,1488311
16753646,3,1488311
16754858,3,1488311
16756070,5,1488311
16757282,5,1488311
16758494,4,1488311
16759706,2,1488311
16760918,5,1488311
16762130,5,1488266
16763342,8,1490058
16764553,6,1490058
16765766,3,1490058
16766977,4,1490058
16768190,4,1490058
16769402,5,1490058
16770614,4,1490058
16771825,4,1490058
16773038,3,1490112
16774249,5,1490880
16775461,5,1490880
16776673,5,1490880
16777886,5,1490880
16779097,5,1490880
16780309,4,1490880
16781522,2,1490880
16782733,3,1490880
16783946,4,1490880
16785157,5,1490880
16786369,7,1490880
16787581,5,1490880
16788792,8,1490880
16790005,5,1490880
16791216,7,1490880
16792428,7,1490880
16793640,5,1494169
16794852,3,1494169
16796064,3,1494169
16797276,3,1494169
16798488,9,1494169
16799699,6,1494169
16800912,9,1494169
16802124,6,1494169
16803336,7,1494169
16804547,4,1494169
16805759,5,1493707
16806972,5,1493707
16808183,8,1493707
16809395,7,1493707
16810607,6,1493707
16811820,6,1493707
16813031,6,1493707
16814243,6,1493707
16815455,6,1493707
16822726,4,1493707
16823938,6,1493707
16825150,3,1493707
16826362,3,1493707
16827574,6,1490110
16828785,6,1490110
16829997,5,1490110
16831209,6,1490110
16832421,6,1490110
16833634,9,1490110
16834845,5,1490110
16836058,5,1490110
16837269,6,1490110
16838482,7,1490007
16839694,6,1490007
16840905,9,1490007
16842118,10,1490007
16843329,5,1490007
16844541,5,1490007
16845753,4,1490007
16846965,6,1490007
16848177,3,1490007
16849389,6,1491086
16850601,6,1491086
16851812,10,1491086
16853024,6,1491086
16854237,5,1491086
16855449,4,1491086
16856661,6,1491086
16857872,6,1491086
16859084,7,1491086
16860296,5,1484714
16861508,6,1484714
16862720,5,1484714
16863932,4,1484714
16865144,8,1484714
16866356,7,1484714
16867568,4,1484714
16868780,9,1484714
16869992,9,1484714
16871203,6,1494581
16872416,4,1494581
16873628,5,1494581
16874839,4,1494581
16876051,6,1494581
16877263,9,1494581
16878475,8,1494581
16879687,8,1494581
16880899,7,1494581
16882111,2,1491086
16883322,5,1492577
16884535,1,1492577
16885746,-1,1492577
16886959,4,1492577
16888171,4,1492577
16889383,7,1492577
16890594,5,1492577
16891806,4,1492577
16893018,3,1492577
16894230,-1,1490418
16895442,5,1490418
16896654,4,1490418
16897865,4,1490418
16899077,5,1490418
16907561,1,1490418
16908774,8,1490418
16909985,9,1490418
16911198,7,1490418
16912410,7,1490418
16913621,4,1490418
16914833,7,1491394
16916045,0,1492319
16917257,4,1492319
16918469,4,1492319
16919681,9,1492319
16920893,4,1492319
16922105,3,1492319
16923317,4,1492319
16924529,4,1492319
16925741,3,1492319
16926953,3,1489442
16928165,5,1489442
16929377,5,1489442
16930589,5,1489442
16931800,3,1489442
16933012,4,1489442
16934225,1,1489442
16935437,3,1489442
16936648,5,1489442
16937860,5,1489508
16939072,2,1493604
16940284,5,1493604
16941495,7,1493604
16942708,6,1493604
16943919,3,1493604
16945131,5,1493604
16946344,4,1493604
16947556,3,1493604
16948767,2,1493587
16949979,6,1488979
16951192,5,1488979
16952403,3,1488979
16953615,2,1488979
16954827,4,1488979
16956038,1,1488979
16957251,4,1488979
16958462,5,1488979
16959674,6,1488979
16960886,4,1488979
16962097,6,1488979
16963309,6,1488979
16964522,7,1488979
16965734,4,1488979
16966946,6,1488979
16968157,8,1488979
16969369,7,1495403
16970581,5,1495403
16971792,5,1495403
16973004,6,1495403
16974216,5,1495403
16975428,3,1495403
16976641,7,1495403
16977852,5,1495403
16979064,5,1495403
16980276,4,1495403
16981488,7,1488774
16982700,3,1488774
16983911,2,1488774
16991185,10,1488774
16992395,9,1491394
16993607,5,1491394
16994819,5,1491394
16996031,7,1491394
16997242,6,1491394
16998454,2,1491394
16999666,6,1491394
17000878,6,1491394
17002090,8,1491394
17003301,8,1491086
17004513,5,1491086
17005725,6,1491086
17006937,8,1491086
17008150,9,1491086
17009362,5,1491086
17010573,6,1491086
17011785,6,1491086
17012997,8,1491086
17014209,6,1490983
17015421,3,1490983
17016633,7,1490983
17017844,5,1490983
17019057,5,1490983
17020268,8,1490983
17021480,7,1490983
17022692,4,1490983
17023904,9,1490983
17025116,8,1493913
17026328,4,1493913
17027539,5,1493913
17028752,7,1493913
17029963,8,1493913
17031175,2,1493913
17032387,6,1493913
17033599,3,1493913
17034811,8,1493913
17036022,6,1488928
17037235,9,1488928
17038447,9,1488928
17039659,7,1488928
17040871,7,1488928
17042083,5,1488928
17043294,3,1488928
17044506,8,1488928
17045717,5,1488928
17046930,9,1492474
17048142,5,1492474
17049354,6,1492474
17050565,5,1492474
17051777,6,1492474
17052989,7,1492474
17054200,5,1492474
17055413,5,1492474
17056624,6,1492474
17057836,9,1489750
17059048,4,1491446
17060259,4,1491446
17061471,2,1491446
17062684,8,1491446
17063895,3,1491446
17065107,4,1491446
17066319,3,1491446
17067531,8,1491446
17076013,6,1491446
17077225,4,1491446
17078437,2,1491446
17079649,8,1489287
17080861,3,1492987
17082072,5,1492987
17083285,5,1492987
17084497,6,1492987
17085709,5,1492987
17086920,4,1492987
17088132,4,1492987
17089344,5,1492987
17090556,2,1492987
17091767,3,1484508
17092979,6,1484508
17094192,6,1484508
17095404,4,1484508
17096614,4,1484508
17097827,4,1484508
17099039,3,1484508
17100250,4,1484508
17101462,5,1484508
17102674,5,1489082
17103886,4,1489082
17105097,4,1489082
17106310,4,1489082
17107521,3,1489082
17108734,-1,1489082
17109945,5,1489082
17111157,6,1489082
17112369,5,1489082
17113581,1,1488926
17114793,4,1488414
17116005,5,1488414
17117217,5,1488414
17118428,2,1488414
17119640,4,1488414
17120852,4,1488414
17122064,7,1488414
17123277,5,1488414
17124488,6,1488565
17125700,4,1487797
17126912,4,1487797
17128124,0,1487797
17129336,5,1487797
17130548,6,1487797
17131760,5,1487797
17132972,4,1487797
17134184,8,1487797
17135396,4,1487797
17136608,5,1487797
17137820,7,1487797
17139031,5,1487797
17140244,4,1487797
17141455,5,1487797
17142668,8,1487797
17143879,10,1487797
17145091,10,1488465
17146303,3,1488465
17147514,3,1488465
17148727,6,1488465
17149939,5,1488465
17151150,4,1488465
17152362,4,1488465
17159633,13,1488465
17160845,7,1488465
17162057,4,1488465
17163269,7,1488465
17164481,9,1488465
17165693,9,1488465
17166905,7,1488465
17168117,9,1489647
17169329,5,1489647
17170540,5,1489647
17171752,8,1489647
17172964,8,1489647
17174176,6,1489647
17175387,5,1489647
17176600,4,1489647
17177811,7,1489647
17179023,7,1491137
17180236,4,1491137
17181447,8,1491137
17182659,10,1491137
17183871,7,1491137
17185083,5,1491137
17186295,6,1491137
17187507,3,1491137
17188719,6,1491137
17189931,6,1487232
17191143,3,1487232
17192354,8,1487232
17193566,5,1487232
17194778,2,1487232
17195989,8,1487232
17197202,7,1487232
17198414,5,1487232
17199625,7,1487232
17200837,5,1490264
17202049,4,1490264
17203261,9,1490264
17204472,4,1490264
17205684,9,1490264
17206896,3,1490264
17208108,9,1490264
17209320,9,1490264
17210531,9,1490264
17211744,8,1488516
17212956,4,1488516
17214167,7,1488516
17215379,9,1488516
17216591,7,1488516
17217803,7,1488516
17219015,6,1488516
17220227,7,1488516
17221438,6,1488516
17222650,6,1490829
17223862,5,1490829
17225074,9,1490829
17226286,7,1490829
17227498,7,1490829
17228710,7,1490829
17229921,4,1490829
17231134,8,1490829
17232345,9,1490829
17233558,7,1491446
17234769,3,1486769
17235981,7,1486769
17243253,2,1486769
17244465,5,1486769
17245677,18,1489750
17246889,5,1489750
17248101,3,1489750
17249313,3,1489750
17250524,1,1489750
17251737,5,1489750
17252948,3,1489750
17254161,3,1489750
17255372,7,1489750
17256584,4,1489185
17257796,3,1489185
17259008,3,1489185
17260220,3,1489185
17261432,3,1489185
17262644,3,1489185
17263855,5,1489185
17265067,4,1489185
17266279,6,1489185
17267491,7,1491035
17268703,4,1491035
17269915,4,1491035
17271126,4,1491035
17272339,4,1491035
17273550,5,1491035
17274762,5,1491035
17275974,4,1491035
17277186,3,1491035
17278398,4,1494786
17279609,5,1494786
17280821,6,1494786
17282033,5,1494786
17283245,1,1494786
17284456,4,1494786
17285668,5,1494786
17286880,5,1494786
17288092,5,1494786
17289304,2,1494827
17290515,4,1492011
17291727,1,1492011
17292939,3,1492011
17294151,4,1492011
17295363,6,1492011
17296575,4,1492011
17297786,6,1492011
17298999,3,1492011
17300210,6,1492186
17301422,4,1497818
17302634,5,1497818
17303846,3,1497818
17305059,3,1497818
17306270,4,1497818
17307482,5,1497818
17308695,7,1497818
17309907,6,1497818
17311119,5,1497818
17312331,5,1497818
17313543,5,1497818
17314754,7,1497818
17315967,8,1497818
17317178,6,1497818
17318391,9,1497818
17319603,9,1497818
17328087,6,1497818
17329299,7,1497818
17330511,5,1497818
17331723,7,1497818
17332935,8,1489185
17334148,4,1489185
17335359,7,1489185
17336571,8,1489185
17337783,11,1489185
17338995,6,1489185
17340207,6,1489185
17341420,4,1489185
17342632,8,1489185
17343844,6,1494478
17345055,4,1494478
17346267,6,1494478
17347479,6,1494478
17348691,4,1494478
17349904,4,1494478
17351115,7,1494478
17352327,8,1494478
17353539,8,1494478
17354751,7,1491446
17355963,5,1491446
17357175,7,1491446
17358387,6,1491446
17359599,6,1491446
17360812,8,1491446
17362024,5,1491446
17363235,4,1491446
17364447,7,1491446
17365660,6,1495146
17366872,4,1495146
17368084,8,1495146
17369296,7,1495146
17370508,9,1495146
17371720,6,1495146
17372932,10,1495146
17374144,9,1495146
17375356,6,1495146
17376568,8,1487643
17377780,4,1487643
17378992,6,1487643
17380204,5,1487643
17381415,8,1487643
17382628,7,1487643
17383840,7,1487643
17385052,7,1487643
17386264,6,1487643
17387476,3,1492987
17388688,7,1492987
17389900,7,1492987
17391112,7,1492987
17392324,6,1492987
17393537,4,1492987
17394749,5,1492987
17395960,6,1492987
17397172,7,1492987
17398384,6,1490726
17399597,5,1490726
17400809,7,1490726
17402022,7,1490726
17403233,5,1490726
17404445,9,1490726
17411718,5,1490726
17412930,6,1490726
17414142,6,1490726
17415354,4,1490726
17416567,4,1490726
17417779,6,1490726
17418990,8,1490726
17420203,8,1494632
17421415,3,1487180
17422627,4,1487180
17423839,3,1487180
17425051,1,1487180
17426264,2,1487180
17427475,6,1487180
17428687,3,1487180
17429899,6,1487180
17431111,6,1487180
17432324,5,1493399
17433536,4,1493399
17434748,2,1493399
17435960,3,1493399
17437172,6,1493399
17438384,5,1493399
17439596,5,1493399
17440809,3,1493399
17442020,3,1493399
17443233,5,1486615
17444444,2,1486615
17445657,3,1486615
17446868,3,1486615
17448081,4,1486615
17449293,2,1486615
17450505,4,1486615
17451717,3,1486615
17452929,5,1486615
17454141,5,1484765
17455354,3,1484765
17456566,-1,1484765
17457777,3,1484765
17458990,7,1484765
17460201,4,1484765
17461413,4,1484765
17462626,4,1484765
17463838,5,1484765
17465050,4,1484578
17466262,5,1489442
17467475,6,1489442
17468686,8,1489442
17469899,6,1489442
17471111,5,1489442
17472323,5,1489442
17473535,4,1489442
17474747,5,1489442
17475959,4,1489612
17477170,4,1493964
17478383,7,1493964
17479595,4,1493964
17480807,1,1493964
17482020,3,1493964
17483232,2,1493964
17484443,2,1493964
17485655,4,1493964
17486868,4,1493964
17488080,4,1493964
17496565,2,1487848
17497776,3,1487848
17498989,6,1487848
17500201,3,1487848
17501413,4,1487848
17502625,7,1487848
17503837,7,1487848
17505049,8,1487848
17506262,9,1487848
17507474,7,1487848
17508686,12,1494735
17509897,3,1494735
17511110,7,1494735
17512321,8,1494735
17513534,4,1494735
17514746,6,1494735
17515958,6,1494735
17517170,7,1494735
17518382,10,1494735
17519594,7,1493399
17520806,3,1493399
17522019,5,1493399
17523231,4,1493399
17524443,4,1493399
17525655,6,1493399
17526867,7,1493399
17528079,6,1493399
17529291,3,1493399
17530503,7,1494838
17531716,4,1494838
17532927,7,1494838
17534140,5,1494838
17535351,7,1494838
17536563,7,1494838
17537776,5,1494838
17538988,4,1494838
17540200,9,1494838
17541412,5,1495403
17542624,4,1495403
17543836,3,1495403
17545048,6,1495403
17546261,6,1495403
17547473,6,1495403
17548686,7,1495403
17549897,8,1495403
17551109,5,1495403
17552321,4,1493707
17553533,3,1493707
17554746,8,1493707
17555957,8,1493707
17557170,6,1493707
17558382,9,1493707
17559594,7,1493707
17560806,5,1493707
17562019,7,1493707
17563231,7,1495711
17564442,3,1495711
17565655,4,1495711
17566867,5,1495711
17568079,7,1495711
17569291,6,1495711
17570503,7,1495711
17571715,4,1495711
17572927,8,1495711
17580200,5,1495711
17581412,8,1495711
17582624,6,1495711
17583837,7,1495711
17585048,8,1484302
17586261,5,1484302
17587473,7,1484302
17588685,9,1484302
17589896,6,1484302
17591109,5,1484302
17592320,6,1484302
17593533,6,1484302
17594745,4,1484302
17595957,9,1478804
17597169,3,1492011
17598381,7,1492011
17599593,5,1492011
17600805,5,1492011
17602018,-1,1492011
17603230,4,1492011
17604441,5,1492011
17605653,5,1492011
17606866,2,1492011
17608077,2,1485793
17609289,4,1485793
17610501,4,1485793
17611714,4,1485793
17612926,6,1485793
17614138,3,1485793
17615350,3,1485793
17616562,4,1485793
17617774,3,1485793
17618986,8,1491857
17620198,5,1491857
17621410,4,1491857
17622623,3,1491857
17623835,3,1491857
17625046,2,1491857
17626258,6,1491857
17627470,3,1491857
17628682,7,1491857
17629895,4,1490880
17631107,3,1490880
17632318,6,1490880
17633530,5,1490880
17634743,4,1490880
17635955,0,1490880
17637167,3,1490880
17638379,5,1490880
17639591,4,1490880
17640803,7,1489185
17642015,5,1489185
17643227,4,1489185
17644440,4,1489185
17645651,3,1489185
17646863,4,1489185
17648075,4,1489185
17649287,5,1489185
17650499,4,1489185
17651711,3,1489278
17652923,4,1486718
17654135,4,1486718
17655347,3,1486718
17656559,2,1486718
17665043,4,1486718
17666256,7,1486718
17667467,6,1486718
17668680,10,1486718
17669892,10,1486718
17671104,7,1486718
17672316,6,1493090
17673527,4,1493090
17674739,3,1493090
17675952,6,1493090
17677163,8,1493090
17678375,10,1493090
17679588,8,1493090
17680800,5,1493090
17682012,6,1493090
17683224,6,1493090
17684436,7,1493039
17685648,5,1493039
17686860,5,1493039
17688072,6,1493039
17689284,7,1493039
17690496,7,1493039
17691708,7,1493039
17692920,7,1493039
17694132,7,1493039
17695344,8,1488722
17696556,4,1488722
17697768,7,1488722
17698980,10,1488722
17700192,7,1488722
17701404,5,1488722
17702616,4,1488722
17703829,8,1488722
17705040,7,1488722
17706252,7,1493399
17707465,4,1493399
17708676,11,1493399
17709888,8,1493399
17711100,3,1493399
17712312,7,1493399
17713525,6,1493399
17714737,6,1493399
17715948,8,1493399
17717160,11,1487026
17718372,7,1487026
17719584,5,1487026
17720796,5,1487026
17722008,5,1487026
17723220,5,1487026
17724433,7,1487026
17725645,6,1487026
17726856,9,1487026
17728069,7,1492628
17729280,3,1492628
17730493,6,1492628
17731705,5,1492628
17732917,7,1492628
17734129,7,1492628
17735342,7,1492628
17736553,6,1492628
17737765,5,1492628
17738977,4,1493090
17740190,5,1493090
17741401,4,1493090
17748674,11,1493090
17749886,5,1492885
17751099,4,1492885
17752310,6,1492885
17753522,8,1492885
17754735,8,1492885
17755947,7,1492885
17757159,5,1492885
17758371,6,1492885
17759583,8,1492885
17760795,9,1491651
17762007,4,1491651
17763219,8,1491651
17764431,4,1491651
17765644,6,1491651
17766856,5,1491651
17768068,7,1491651
17769279,9,1491651
17770492,6,1491651
17771704,4,1489596
17772916,3,1488825
17774128,4,1488825
17775340,5,1488825
17776552,8,1488825
17777765,6,1488825
17778976,6,1488825
17780188,5,1488825
17781400,3,1488825
17782612,4,1488825
17783825,4,1486564
17785036,5,1486564
17786248,4,1486564
17787460,4,1486564
17788673,5,1486564
17789884,5,1486564
17791097,3,1486564
17792309,5,1486564
17793520,2,1486564
17794732,1,1491240
17795944,4,1491240
17797157,3,1491240
17798369,5,1491240
17799581,4,1491240
17800792,3,1491240
17802004,3,1491240
17803216,4,1491240
17804429,4,1491240
17805641,3,1491035
17806852,5,1491035
17808064,4,1491035
17809277,4,1491035
17810489,4,1491035
17811701,2,1491035
17812912,4,1491035
17814125,2,1491035
17815337,4,1491035
17816549,4,1491549
17817761,6,1491549
17818972,6,1491549
17820184,5,1491549
17821396,4,1491549
17822609,5,1491549
17823820,4,1491549
17825033,6,1491549
17833517,7,1491549
17834730,6,1491549
17835942,8,1491549
17837153,5,1492063
17838366,3,1492221
17839578,4,1493245
17840789,1,1493245
17842001,3,1493245
17843214,3,1493245
17844426,4,1493245
17845638,4,1493245
17846850,5,1493245
17848062,2,1493245
17849274,3,1493245
17850486,4,1493245
17851699,5,1493245
17852910,7,1493245
17854122,5,1493245
17855334,6,1493245
17856546,5,1493245
17857758,7,1493245
17858970,4,1497716
17860182,4,1497716
17861394,3,1497716
17862606,5,1497716
17863819,8,1497716
17865030,8,1497716
17866242,5,1497716
17867455,7,1497716
17868666,6,1497716
17869879,7,1497716
17871090,5,1490778
17872302,4,1490778
17873514,4,1490778
17874727,4,1490778
17875939,6,1490778
17877151,7,1490778
17878363,4,1490778
17879575,6,1490778
17880787,7,1490778
17881999,3,1492936
17883211,3,1492936
17884423,8,1492936
17885635,9,1492936
17886847,8,1492936
17888059,4,1492936
17889271,4,1492936
17890483,4,1492936
17891695,6,1492936
17892908,7,1495608
17894119,6,1495608
17895331,6,1495608
17896543,6,1495608
17897755,6,1495608
17898967,5,1495608
17900180,6,1495608
17901391,8,1495608
17902603,4,1495608
17903815,8,1494992
17905027,5,1494992
17906239,7,1494992
17907451,6,1494992
17908663,4,1494992
17909875,2,1494992
17917148,7,1494992
17918359,6,1494992
17919571,7,1494992
17920784,10,1494992
17921996,5,1494992
17923208,8,1494992
17924420,5,1494992
17925632,5,1491805
17926845,6,1491805
17928056,9,1491805
17929268,7,1491805
17930480,3,1491805
17931693,5,1491805
17932904,7,1491805
17934116,6,1491805
17935328,4,1491805
17936541,7,1490778
17937752,5,1490778
17938964,10,1490778
17940176,8,1490778
17941388,7,1490778
17942600,5,1490778
17943813,5,1490778
17945024,6,1490778
17946236,7,1490778
17947449,6,1494426
17948661,3,1494426
17949872,4,1494426
17951084,5,1494426
17952296,5,1494426
17953509,5,1494426
17954721,4,1494426
17955932,8,1494426
17957145,6,1494426
17958357,9,1491446
17959569,3,1493347
17960781,4,1493347
17961993,4,1493347
17963205,5,1493347
17964417,4,1493347
17965629,3,1493347
17966842,6,1493347
17968054,3,1493347
17969266,4,1493347
17970478,7,1494992
17971690,4,1494992
17972903,4,1494992
17974114,2,1494992
17975326,5,1494992
17976539,5,1494992
17977750,4,1494992
17978963,6,1494992
17980175,10,1494992
17981387,4,1492577
17982599,3,1492577
17983811,4,1492577
17985023,4,1492577
17986235,5,1492577
17987447,5,1492577
17988659,4,1492577
17989871,4,1492577
17991083,3,1492577
17992295,5,1493758
17993507,6,1493758
18001991,6,1493758
18003204,5,1493604
18004415,3,1493604
18005628,6,1493604
18006839,7,1493604
18008052,5,1493604
18009264,5,1493604
18010476,4,1493604
18011688,5,1493604
18012900,3,1493604
18014112,5,1493565
18015324,3,1496893
18016537,4,1496893
18017748,0,1496893
18018960,4,1496893
18020172,4,1496893
18021384,3,1496893
18022596,3,1496893
18023809,2,1496893
18025020,3,1496893
18026232,4,1496893
18027445,6,1496893
18028657,5,1496893
18029869,8,1496893
18031081,7,1496893
18032293,8,1496893
18033505,6,1496893
18034718,4,1491086
18035929,4,1491086
18037142,4,1491086
18038354,6,1491086
18039566,7,1491086
18040779,5,1491086
18041991,6,1491086
18043203,6,1491086
18044415,6,1491086
18045627,6,1491086
18046839,7,1494786
18048051,4,1494786
18049263,6,1494786
18050475,6,1494786
18051688,8,1494786
18052900,4,1494786
18054112,8,1494786
18055324,6,1494786
18056536,7,1494786
18057748,7,1492474
18058960,4,1492474
18060172,5,1492474
18061384,7,1492474
18062596,9,1492474
18063809,4,1492474
18065020,4,1492474
18066232,6,1492474
18067444,5,1492474
18068656,8,1495352
18069868,5,1495352
18071080,9,1495352
18072292,5,1495352
18073505,7,1495352
18074717,4,1495352
18075928,6,1495352
18077141,8,1495352
18078353,1,1495352
18085625,16,1495352
18086838,8,1495352
18088050,4,1495352
18089262,8,1495352
18090474,7,1495146
18091687,4,1495146
18092899,4,1495146
18094110,8,1495146
18095323,8,1495146
18096535,6,1495146
18097746,3,1495146
18098959,7,1495146
18100171,7,1495146
18101383,8,1492782
18102594,2,1492782
18103807,4,1492782
18105019,5,1492782
18106231,5,1492782
18107443,5,1492782
18108655,7,1492782
18109867,7,1492782
18111080,3,1492782
18112291,5,1494118
18113504,5,1494118
18114716,7,1494118
18115928,6,1494118
18117140,3,1494118
18118351,8,1494118
18119563,8,1494118
18120776,5,1494118
18121988,10,1494118
18123200,6,1495557
18124412,2,1495557
18125623,3,1495557
18126835,7,1495557
18128047,6,1495557
18129260,7,1495557
18130471,7,1495557
18131684,12,1495557
18132896,4,1495557
18134108,4,1492628
18135320,5,1494324
18136532,4,1494324
18137744,4,1494324
18138956,3,1494324
18140168,3,1494324
18141380,4,1494324
18142592,3,1494324
18143804,5,1494324
18145016,0,1494324
18146228,3,1494118
18147440,4,1494118
18148652,3,1494118
18149864,3,1494118
18151076,4,1494118
18152288,1,1494118
18153500,4,1494118
18154713,3,1494118
18155924,4,1494118
18157137,5,1494529
18158348,3,1494529
18159560,4,1494529
18160772,4,1494529
18161985,5,1494529
18169257,0,1494529
18170469,3,1494529
18171681,8,1494529
18172893,8,1494529
18174105,9,1494529
18175317,5,1494529
18176530,6,1494529
18177741,7,1495557
18178953,5,1495557
18180165,4,1495557
18181377,7,1495557
18182589,6,1495557
18183802,5,1495557
18185014,3,1495557
18186226,2,1495557
18187437,2,1495557
18188650,3,1495557
18189862,4,1495745
18191074,4,1491137
18192286,4,1491137
18193498,5,1491137
18194710,3,1491137
18195922,2,1491137
18197134,2,1491137
18198346,1,1491137
18199559,3,1491137
18200771,3,1490986
18201982,7,1491754
18203195,3,1491754
18204406,3,1491754
18205619,4,1491754
18206831,2,1491754
18208043,4,1491754
18209256,7,1491754
18210467,3,1491754
18211679,7,1491754
18212891,4,1491754
18214103,9,1491754
18215315,6,1491754
18216527,6,1491754
18217739,7,1491754
18218951,10,1491754
18220163,6,1491754
18221375,7,1491754
18222587,5,1495095
18223799,3,1495095
18225012,4,1495095
18226224,5,1495095
18227436,5,1495095
18228648,6,1495095
18229860,5,1495095
18231072,5,1495095
18232284,7,1495095
18233496,6,1496534
18234708,4,1496534
18235920,9,1496534
18237132,9,1496534
18238344,5,1496534
18239556,6,1496534
18240768,6,1496534
18241980,7,1496534
18243192,10,1496534
18244404,10,1497407
18245616,9,1497407
18254100,5,1497407
18255312,7,1494683
18256524,4,1494683
18257736,7,1494683
18258948,8,1494683
18260160,7,1494683
18261372,8,1494683
18262584,7,1494683
18263796,6,1494683
18265008,7,1494683
18266220,7,1494529
18267432,3,1494529
18268644,3,1494529
18269856,6,1494529
18271068,8,1494529
18272280,6,1494529
18273492,6,1494529
18274704,5,1494529
18275916,5,1494529
18277128,7,1492474
18278340,5,1492474
18279552,7,1492474
18280763,6,1492474
18281976,7,1492474
18283187,6,1492474
18284399,6,1492474
18285612,8,1492474
18286824,9,1492474
18288036,6,1498332
18289247,5,1498332
18290459,5,1498332
18291672,7,1498332
18292884,5,1498332
18294096,6,1498332
18295308,6,1498332
18296520,7,1498332
18297732,7,1498332
18298944,9,1495249
18300156,6,1495249
18301368,7,1495249
18302580,6,1495249
18303792,6,1495249
18305004,6,1495249
18306216,8,1495249
18307428,5,1495249
18308640,10,1495249
18309852,6,1495968
18311064,4,1495146
18312277,6,1495146
18313489,6,1495146
18314701,4,1495146
18315912,5,1495146
18317125,4,1495146
18318337,6,1495146
18319549,6,1495146
18320761,4,1495146
18321973,5,1493399
18323185,6,1493399
18324397,4,1493399
18325610,4,1493399
18326821,4,1493399
18328033,2,1493399
18329245,4,1493399
18330457,3,1493399
18338942,9,1493399
18340155,5,1493399
18341366,5,1493399
18342578,5,1492987
18343790,5,1494838
18345003,6,1494838
18346214,1,1494838
18347427,3,1494838
18348639,4,1494838
18349850,4,1494838
18351063,4,1494838
18352274,5,1494838
18353487,3,1494838
18354699,3,1494324
18355911,3,1494324
18357123,6,1494324
18358335,5,1494324
18359547,4,1494324
18360759,2,1494324
18361971,6,1494324
18363183,4,1494324
18364395,3,1494324
18365608,5,1494420
18366819,4,1492628
18368031,3,1492628
18369244,5,1492628
18370455,3,1492628
18371668,4,1492628
18372880,4,1492628
18374091,5,1492628
18375304,1,1492628
18376516,3,1492531
18377727,3,1494067
18378940,3,1494067
18380152,4,1494067
18381364,3,1494067
18382576,3,1494067
18383789,-1,1494067
18385000,2,1494067
18386213,3,1494067
18387424,3,1494067
18388636,6,1494067
18389848,7,1494067
18391060,6,1494067
18392272,4,1494067
18393484,6,1494067
18394697,5,1494067
18395908,8,1494067
18397121,6,1491549
18398333,4,1491549
18399545,4,1491549
18400757,7,1491549
18401969,9,1491549
18403181,6,1491549
18404393,4,1491549
18405605,7,1491549
18406818,6,1491549
18408030,8,1491549
18409241,8,1492936
18410453,5,1492936
18411666,7,1492936
18412877,6,1492936
18414089,7,1492936
18415301,6,1492936
18422574,2,1492936
18423786,8,1492936
18424997,8,1492936
18426210,8,1492936
18427422,6,1492936
18428634,12,1492936
18429845,6,1492936
18431058,7,1495352
18432269,2,1495352
18433481,7,1495352
18434693,6,1495352
18435906,8,1495352
18437117,6,1495352
18438330,5,1495352
18439542,8,1495352
18440754,8,1495352
18441965,4,1494529
18443178,7,1494529
18444390,6,1494529
18445601,7,1494529
18446813,7,1494529
18448026,6,1494529
18449238,6,1494529
18450449,6,1494529
18451662,6,1494529
18452874,6,1493245
18454085,4,1493245
18455297,6,1493245
18456510,6,1493245
18457722,5,1493245
18458933,5,1493245
18460146,8,1493245
18461357,9,1493245
18462569,6,1493245
18463781,3,1496020
18464994,3,1496020
18466206,6,1496020
18467418,7,1496020
18468630,7,1496020
18469841,6,1496020
18471054,4,1496020
18472267,5,1496020
18473478,8,1496020
18474690,9,1494375
18475902,5,1494375
18477115,4,1494375
18478327,7,1494375
18479538,7,1494375
18480751,4,1494375
18481963,6,1494375
18483175,8,1494375
18484387,6,1494375
18485599,6,1492731
18486811,4,1493245
18488023,3,1493245
18489235,4,1493245
18490447,2,1493245
18491659,4,1493245
18492871,5,1493245
18494083,6,1493245
18495296,4,1493245
18496507,8,1493245
18497719,4,1491189
18498931,6,1491189
18506204,12,1491189
18507416,15,1491189
18508628,3,1493758
18509840,3,1493758
18511052,5,1493758
18512264,3,1493758
18513476,6,1493758
18514688,4,1493758
18515900,4,1493758
18517113,3,1493758
18518325,3,1493758
18519536,3,1498641
18520748,2,1498641
18521961,2,1498641
18523173,5,1498641
18524385,4,1498641
18525597,4,1498641
18526809,5,1498641
18528022,3,1498641
18529233,3,1498641
18530445,5,1495095
18531657,2,1495095
18532869,4,1495095
18534082,3,1495095
18535294,6,1495095
18536506,5,1495095
18537718,3,1495095
18538931,3,1495095
18540142,5,1495095
18541355,5,1495172
18542566,6,1488516
18543778,3,1488516
18544991,6,1488516
18546203,3,1488516
18547416,2,1488516
18548628,4,1488516
18549840,4,1488516
18551051,3,1488516
18552263,4,1488590
18553475,6,1494478
18554688,5,1494478
18555900,5,1494478
18557112,4,1494478
18558324,5,1494478
18559536,4,1494478
18560749,7,1494478
18561960,3,1494478
18563173,3,1494478
18564385,5,1494478
18565597,6,1494478
18566809,5,1494478
18568020,4,1494478
18569232,7,1494478
18570444,2,1494478
18571656,7,1494478
18572868,4,1494632
18574081,2,1494632
18575293,6,1494632
18576505,8,1494632
18577717,4,1494632
18578929,6,1494632
18580141,10,1494632
18581353,8,1494632
18582565,7,1494632
18591049,7,1494632
18592261,6,1494632
18593474,7,1494632
18594686,6,1494632
18595897,10,1489339
18597110,6,1489339
18598322,6,1489339
18599534,6,1489339
18600746,7,1489339
18601958,6,1489339
18603170,9,1489339
18604382,8,1489339
18605594,8,1489339
18606807,5,1495968
18608019,3,1495968
18609230,8,1495968
18610443,5,1495968
18611654,5,1495968
18612867,5,1495968
18614078,6,1495968
18615291,8,1495968
18616503,5,1495968
18617715,5,1489801
18618927,4,1489801
18620139,4,1489801
18621351,7,1489801
18622563,7,1489801
18623775,7,1489801
18624987,9,1489801
18626199,8,1489801
18627411,6,1489801
18628623,3,1493450
18629835,4,1493450
18631047,5,1493450
18632260,6,1493450
18633471,7,1493450
18634683,12,1493450
18635895,5,1493450
18637108,4,1493450
18638319,9,1493450
18639532,5,1491857
18640743,3,1491857
18641956,7,1491857
18643167,8,1491857
18644379,9,1491857
18645591,7,1491857
18646804,7,1491857
18648016,7,1491857
18649227,3,1491857
18650439,4,1491805
18651652,2,1491805
18652864,5,1491805
18654076,7,1491805
18655288,8,1491805
18656500,7,1491805
18657711,7,1491805
18658924,6,1491805
18660136,8,1491805
18661348,9,1490675
18662560,2,1490675
18663772,5,1490675
18664984,10,1490675
18666196,6,1490675
18667408,6,1490675
18674681,9,1490675
18675893,6,1490675
18677105,6,1490675
18678318,6,1490675
18679530,5,1490675
18680742,7,1490675
18681953,9,1490675
18683165,8,1491908
18684377,6,1491394
18685590,2,1491394
18686802,4,1491394
18688014,3,1491394
18689226,4,1491394
18690438,5,1491394
18691650,5,1491394
18692863,4,1491394
18694074,4,1491394
18695286,6,1491137
18696499,4,1491137
18697711,4,1491137
18698922,4,1491137
18700134,3,1491137
18701347,5,1491137
18702559,5,1491137
18703771,4,1491137
18704983,5,1491137
18706195,4,1489853
18707407,4,1489853
18708619,4,1489853
18709832,4,1489853
18711043,2,1489853
18712255,5,1489853
18713467,3,1489853
18714680,9,1489853
18715892,3,1489853
18717104,6,1489856
18718316,3,1490624
18719528,4,1490624
18720740,2,1490624
18721951,4,1490624
18723164,3,1490624
18724376,10,1490624
18725588,6,1490624
18726800,2,1490624
18728012,4,1490683
18729224,3,1492987
18730437,3,1492987
18731648,4,1492987
18732860,4,1492987
18734072,2,1492987
18735284,4,1492987
18736496,4,1492987
18737708,5,1492987
18738920,3,1492987
18740132,4,1492987
18741344,7,1492987
18742556,7,1492987
18743768,6,1492987
18744980,7,1492987
18746192,8,1492987
18747404,6,1492987
18748617,7,1492987
18749829,4,1492987
18751040,6,1492987
18759524,4,1492987
18760736,5,1491960
18761948,3,1491960
18763160,6,1491960
18764372,10,1491960
18765584,7,1491960
18766796,6,1491960
18768008,8,1491960
18769220,6,1491960
18770432,4,1491960
18771643,5,1488774
18772855,3,1488774
18774068,6,1488774
18775280,7,1488774
18776492,9,1488774
18777704,5,1488774
18778916,4,1488774
18780128,6,1488774
18781340,10,1488774
18782552,7,1492371
18783764,4,1492371
18784975,7,1492371
18786188,5,1492371
18787399,6,1492371
18788611,5,1492371
18789824,8,1492371
18791035,7,1492371
18792247,7,1492371
18793459,6,1488876
18794672,5,1488876
18795883,6,1488876
18797096,8,1488876
18798308,7,1488876
18799519,7,1488876
18800732,6,1488876
18801944,4,1488876
18803156,8,1488876
18804368,7,1487386
18805580,4,1487386
18806792,5,1487386
18808004,7,1487386
18809216,7,1487386
18810428,6,1487386
18811640,6,1487386
18812852,7,1487386
18814064,5,1487386
18815277,5,1491189
18816489,4,1491189
18817701,8,1491189
18818913,7,1491189
18820126,8,1491189
18821337,9,1491189
18822549,4,1491189
18823761,8,1491189
18824973,6,1491189
18826185,6,1483583
18827397,2,1483583
18828609,5,1483583
18829821,6,1483583
18831033,5,1483583
18832245,7,1483583
18833458,6,1483583
18834670,6,1483583
18835882,3,1483583
18843154,8,1483583
18844366,6,1483583
18845578,8,1483583
18846791,6,1483583
18848002,7,1491394
18849214,4,1488671
18850427,3,1488671
18851639,4,1488671
18852851,3,1488671
18854063,4,1488671
18855274,5,1488671
18856487,5,1488671
18857699,3,1488671
18858911,5,1488671
18860123,1,1488774
18861335,5,1488774
18862547,4,1488774
18863759,3,1488774
18864971,3,1488774
18866183,6,1488774
18867395,4,1488774
18868608,3,1488774
18869819,8,1488774
18871032,5,1491960
18872243,5,1491960
18873456,3,1491960
18874668,4,1491960
18875880,5,1491960
18877092,4,1491960
18878304,3,1491960
18879516,4,1491960
18880728,2,1491960
18881940,4,1489442
18883152,6,1489442
18884364,5,1489442
18885576,5,1489442
18886788,4,1489442
18888000,6,1489442
18889213,3,1489442
18890424,3,1489442
18891636,5,1489442
18892849,5,1494529
18894061,4,1494529
18895273,5,1494529
18896485,6,1494529
18897697,5,1494529
18898909,6,1494529
18900122,5,1494529
18901334,5,1494529
18902545,3,1494529
18903757,1,1494723
18904970,4,1491651
18906182,6,1491651
18907394,3,1491651
18908605,4,1491651
18909817,4,1491651
18911030,5,1491651
18912241,6,1491651
18913453,4,1491651
18914665,2,1491643
18915878,3,1489339
18917090,6,1489339
18918301,4,1489339
18919513,7,1489339
18927997,4,1489339
18929209,2,1489339
18930422,5,1489339
18931633,7,1489339
18932846,7,1489339
18934057,8,1489339
18935269,8,1489339
18936481,6,1489853
18937693,5,1489853
18938905,4,1489853
18940117,5,1489853
18941330,5,1489853
18942541,9,1489853
18943754,4,1489853
18944965,6,1489853
18946178,4,1489853
18947390,9,1488876
18948601,6,1488876
18949813,7,1488876
18951026,5,1488876
18952238,6,1488876
18953449,6,1488876
18954662,7,1488876
18955874,10,1488876
18957085,7,1488876
18958297,6,1490264
18959509,5,1490264
18960721,5,1490264
18961934,6,1490264
18963145,5,1490264
18964358,6,1490264
18965570,7,1490264
18966781,7,1490264
18967993,8,1490264
18969206,5,1486666
18970417,2,1486666
18971629,6,1486666
18972841,7,1486666
18974054,5,1486666
18975266,5,1486666
18976478,4,1486666
18977690,5,1486666
18978902,6,1486666
18980114,5,1491857
18981326,3,1491857
18982538,8,1491857
18983750,8,1491857
18984962,7,1491857
18986174,4,1491857
18987386,7,1491857
18988598,4,1491857
18989810,8,1491857
18991022,6,1492165
18992234,4,1492165
18993446,5,1492165
18994658,6,1492165
18995870,8,1492165
18997083,8,1492165
18998294,9,1492165
18999506,7,1492165
19000719,4,1492165
19001931,5,1493245
19003142,5,1493245
19004354,5,1493245
19011626,13,1493245
19012838,7,1489133
19014051,5,1489133
19015263,6,1489133
19016475,4,1489133
19017687,7,1489133
19018899,9,1489133
19020111,7,1489133
19021323,9,1489133
19022535,6,1489133
19023747,7,1490983
19024960,4,1489287
19026172,4,1489287
19027384,4,1489287
19028596,3,1489287
19029807,4,1489287
19031020,3,1489287
19032232,2,1489287
19033444,4,1489287
19034656,5,1489287
19035868,4,1488722
19037080,3,1488722
19038292,6,1488722
19039505,6,1488722
19040716,4,1488722
19041928,5,1488722
19043141,5,1488722
19044353,4,1488722
19045564,4,1488722
19046776,0,1486769
19047989,7,1486769
19049201,5,1486769
19050413,3,1486769
19051625,3,1486769
19052837,3,1486769
19054049,2,1486769
19055261,4,1486769
19056473,5,1486769
19057685,8,1485998
19058897,3,1485998
19060109,4,1485998
19061321,4,1485998
19062534,5,1485998
19063745,5,1485998
19064958,5,1485998
19066169,4,1485998
19067382,6,1485998
19068593,5,1485587
19069805,4,1485587
19071017,5,1485587
19072229,3,1485587
19073441,3,1485587
19074653,5,1485587
19075865,5,1485587
19077077,4,1485587
19078289,5,1485587
19079502,3,1485792
19080713,4,1485536
19081925,3,1485536
19083138,3,1485536
19084350,2,1485536
19085562,3,1485536
19086773,5,1485536
19087985,7,1485536
19095257,1,1485536
19096470,5,1485536
19097682,9,1485536
19098893,9,1485536
19100105,7,1488414
19101318,5,1488414
19102530,4,1488414
19103742,6,1488414
19104953,6,1488414
19106165,4,1488414
19107378,7,1488414
19108590,6,1488414
19109802,5,1488414
19111015,6,1485073
19112227,5,1485073
19113439,3,1485073
19114650,5,1485073
19115863,7,1485073
19117074,5,1485073
19118287,7,1485073
19119499,8,1485073
19120711,8,1485073
19121923,7,1485073
19123135,8,1490829
19124347,2,1490829
19125560,7,1490829
19126771,6,1490829
19127983,7,1490829
19129195,9,1490829
19130407,3,1490829
19131619,4,1490829
19132832,5,1490829
19134044,5,1489801
19135256,4,1489801
19136468,6,1489801
19137680,9,1489801
19138892,6,1489801
19140104,7,1489801
19141316,8,1489801
19142528,8,1489801
19143740,5,1489801
19144952,6,1488465
19146165,4,1488465
19147376,9,1488465
19148588,8,1488465
19149800,7,1488465
19151012,5,1488465
19152225,7,1488465
19153437,7,1488465
19154649,6,1488465
19155861,5,1490521
19157073,4,1490521
19158285,8,1490521
19159498,6,1490521
19160710,6,1490521
19161922,6,1490521
19163133,7,1490521
19164346,6,1490521
19165558,5,1490521
19166771,5,1487745
19167982,6,1487745
19169195,9,1487745
19170407,6,1487745
19171618,9,1487745
19180103,6,1487745
19181315,6,1487745
19182527,5,1487745
19183739,3,1487745
19184952,7,1487745
19186163,7,1487745
19187375,7,1487745
19188587,6,1487129
19189799,3,1487129
19191011,5,1487129
19192223,6,1487129
19193435,6,1487129
19194647,4,1487129
19195859,6,1487129
19197072,6,1487129
19198283,8,1487129
19199496,9,1490829
19200708,5,1490829
19201920,5,1490829
19203132,3,1490829
19204344,7,1490829
19205556,6,1490829
19206768,9,1490829
19207980,8,1490829
19209192,7,1490829
19210405,5,1488619
19211616,4,1489750
19212829,6,1489750
19214041,5,1489750
19215252,4,1489750
19216465,6,1489750
19217676,12,1489750
19218889,4,1489750
19220101,6,1489750
19221313,5,1489750
19222525,5,1489442
19223737,3,1489442
19224950,2,1489442
19226162,4,1489442
19227374,5,1489442
19228585,4,1489442
19229798,5,1489442
19231009,2,1489442
19232222,4,1489442
19233433,4,1490212
19234646,5,1490212
19235858,4,1490212
19237070,6,1490212
19238282,5,1490212
19239495,6,1490212
19240707,5,1490212
19241918,5,1490212
19243131,4,1490212
19244343,4,1486204
19245554,4,1486204
19246766,5,1486204
19247979,6,1486204
19249191,5,1486204
19250403,6,1486204
19251616,4,1486204
19252827,4,1486204
19254039,4,1486204
19255252,4,1486262
19256463,5,1488054
19264948,14,1488054
19266161,6,1487995
19267373,7,1485947
19268585,2,1485947
19269797,5,1485947
19271009,5,1485947
19272221,5,1485947
19273433,4,1485947
19274646,5,1485947
19275857,5,1485947
19277070,3,1485947
19278282,5,1485947
19279494,9,1485947
19280706,7,1485947
19281917,6,1485947
19283130,8,1485947
19284342,8,1485947
19285554,6,1485947
19286766,4,1485947
19287979,5,1485947
19289190,5,1485947
19290402,7,1485947
19291614,5,1485947
19292827,8,1485947
19294038,7,1485947
19295251,5,1485947
19296464,6,1485947
19297675,9,1485947
19298887,5,1488414
19300099,3,1488414
19301311,6,1488414
19302523,8,1488414
19303736,3,1488414
19304948,4,1488414
19306160,7,1488414
19307371,10,1488414
19308584,7,1488414
19309796,6,1484302
19311008,4,1484302
19312220,6,1484302
19313432,5,1484302
19314644,5,1484302
19315856,5,1484302
19317068,5,1484302
19318280,5,1484302
19319492,7,1484302
19320704,7,1484046
19321916,3,1484046
19323128,7,1484046
19324340,4,1484046
19325552,6,1484046
19326764,5,1484046
19327976,8,1484046
19329188,10,1484046
19330401,4,1484046
19331612,4,1483326
19332825,2,1483326
19334036,5,1483326
19335249,7,1483326
19336461,8,1483326
19337673,6,1483326
19338885,5,1483326
19340097,9,1483326
19341309,10,1483326
19348581,3,1483326
19349794,4,1483326
19351005,7,1483326
19352217,6,1483326
19353429,4,1484302
19354641,4,1484302
19355854,7,1484302
19357065,9,1484302
19358277,9,1484302
19359490,7,1484302
19360702,8,1484302
19361914,8,1484302
19363127,7,1484302
19364338,7,1482555
19365550,4,1482555
19366762,8,1482555
19367974,5,1482555
19369186,8,1482555
19370398,4,1482555
19371610,9,1482555
19372823,7,1482555
19374035,5,1482555
19375247,7,1482709
19376458,1,1482709
19377670,7,1482709
19378882,8,1482709
19380095,11,1482709
19381306,10,1482709
19382518,5,1482709
19383731,5,1482709
19384943,7,1482709
19386155,7,1484148
19387366,5,1483943
19388578,3,1483943
19389790,-1,1483943
19391003,4,1483943
19392215,4,1483943
19393426,2,1483943
19394639,6,1483943
19395850,3,1483943
19397063,3,1483943
19398274,3,1481887
19399486,6,1481887
19400699,5,1481887
19401910,6,1481887
19403123,2,1481887
19404335,4,1481887
19405546,5,1481887
19406758,3,1481887
19407971,5,1481887
19409183,7,1483480
19410395,5,1483480
19411606,3,1483480
19412818,3,1483480
19414031,2,1483480
19415242,5,1483480
19416455,5,1483480
19417667,3,1483480
19418878,3,1483480
19420090,4,1485639
19421302,5,1485639
19422514,3,1485639
19423726,4,1485639
19424938,5,1485639
19432210,10,1485639
19433422,7,1485639
19434635,5,1485639
19435846,10,1485639
19437058,7,1485639
19438270,6,1485639
19439482,9,1485639
19440695,3,1485844
19441906,3,1485870
19443118,3,1478958
19444330,5,1478958
19445542,5,1478958
19446754,3,1478958
19447966,4,1478958
19449178,7,1478958
19450390,4,1478958
19451602,3,1478958
19452814,5,1478932
19454025,4,1485844
19455238,6,1485844
19456449,4,1485844
19457662,4,1485844
19458874,6,1485844
19460085,4,1485844
19461297,2,1485844
19462510,2,1485844
19463722,3,1485844
19464934,4,1485844
19466147,9,1485844
19467358,6,1485844
19468570,7,1485844
19469782,9,1485844
19470995,8,1485844
19472206,9,1485844
19473419,5,1485844
19474630,7,1483788
19475842,1,1483788
19477055,6,1483788
19478267,9,1483788
19479479,6,1483788
19480691,8,1483788
19481903,6,1483788
19483114,8,1483788
19484327,4,1483788
19485539,7,1485279
19486751,5,1485279
19487963,6,1485279
19489175,7,1485279
19490387,5,1485279
19491599,5,1485279
19492811,9,1485279
19494022,5,1485279
19495235,5,1485279
19496447,5,1482504
19497658,5,1482504
19498871,8,1482504
19500083,6,1482504
19501295,8,1482504
19502507,8,1482504
19503719,3,1482504
19504931,5,1482504
19506143,5,1482504
19507355,7,1474795
19508567,7,1474795
19517051,4,1474795
19518264,8,1468577
19519476,6,1468577
19520687,7,1468577
19521900,7,1468577
19523112,7,1468577
19524324,4,1468577
19525536,7,1468577
19526748,7,1468577
19527960,6,1468577
19529172,9,1466367
19530385,7,1466367
19531596,8,1466367
19532809,8,1466367
19534020,6,1466367
19535232,5,1466367
19536445,7,1466367
19537657,7,1466367
19538868,6,1466367
19540081,7,1469604
19541292,3,1469604
19542505,9,1469604
19543717,3,1469604
19544929,8,1469604
19546142,9,1469604
19547354,4,1469604
19548566,5,1469604
19549777,6,1469604
19550989,9,1464568
19552202,4,1464568
19553414,6,1464568
19554625,7,1464568
19555838,6,1464568
19557050,5,1464568
19558262,9,1464568
19559474,7,1464568
19560687,8,1464568
19561899,5,1466521
19563110,4,1466984
19564322,6,1466984
19565535,4,1466984
19566746,5,1466984
19567958,0,1466984
19569170,3,1466984
19570383,6,1466984
19571594,5,1466984
19572807,6,1466984
19574018,4,1469913
19575230,6,1469913
19576442,2,1469913
19577655,3,1469913
19578866,5,1469913
19580078,7,1469913
19581290,7,1469913
19582503,1,1469913
19583715,4,1469913
19584926,5,1469913
19586139,6,1469913
19587351,5,1469913
19588562,5,1469913
19589775,3,1469913
19590987,8,1469913
19592199,4,1469913
19593411,9,1469913
19601896,6,1469913
19603108,9,1469913
19604320,5,1469913
19605532,4,1467138
19606744,0,1463643
19607956,5,1463643
19609169,4,1463643
19610381,7,1463643
19611593,3,1463643
19612805,4,1463643
19614016,2,1463643
19615229,5,1463643
19616441,1,1463643
19617652,4,1463688
19618865,5,1461896
19620077,2,1461896
19621289,4,1461896
19622502,5,1461896
19623713,5,1461896
19624925,4,1461896
19626137,5,1461896
19627349,5,1461896
19628561,1,1461783
19629773,4,1472791
19630986,6,1472791
19632197,5,1472791
19633409,3,1472791
19634622,4,1472791
19635833,3,1472791
19637046,5,1472791
19638257,4,1472791
19639469,4,1472791
19640682,6,1472791
19641895,7,1472791
19643106,5,1472791
19644318,7,1472791
19645530,5,1472791
19646743,4,1472791
19647955,8,1472791
19649167,6,1464722
19650379,8,1464722
19651590,5,1464722
19652802,7,1464722
19654015,6,1464722
19655227,6,1464722
19656439,7,1464722
19657651,6,1464722
19658863,9,1464722
19660074,4,1464722
19661286,7,1465853
19662498,4,1465853
19663711,4,1465853
19664923,9,1465853
19666135,8,1465853
19667347,6,1465853
19668559,7,1465853
19669771,5,1465853
19670983,8,1465853
19672195,7,1467600
19673407,5,1467600
19674619,7,1467600
19675832,8,1467600
19677043,5,1467600
19678255,8,1467600
19685528,3,1467600
19686739,4,1467600
19687952,7,1467600
19689164,8,1467600
19690375,8,1467600
19691588,4,1467600
19692800,6,1467600
19694012,6,1465493
19695224,5,1465493
19696436,8,1465493
19697648,4,1465493
19698860,8,1465493
19700072,6,1465493
19701284,8,1465493
19702497,8,1465493
19703709,4,1465493
19704920,8,1468834
19706133,0,1468834
19707344,5,1468834
19708556,3,1468834
19709769,7,1468834
19710980,8,1468834
19712192,5,1468834
19713405,5,1468834
19714616,6,1468834
19715829,7,1463900
19717040,5,1463900
19718252,9,1463900
19719465,6,1463900
19720677,10,1463900
19721889,4,1463900
19723101,6,1463900
19724312,7,1463900
19725524,6,1463900
19726737,4,1466573
19727948,3,1466573
19729161,6,1466573
19730372,9,1466573
19731585,7,1466573
19732796,8,1466573
19734009,6,1466573
19735221,9,1466573
19736433,7,1466573
19737645,4,1464311
19738857,4,1466521
19740068,3,1466521
19741281,1,1466521
19742493,5,1466521
19743705,3,1466521
19744917,4,1466521
19746129,3,1466521
19747341,3,1466521
19748553,3,1466521
19749765,4,1470324
19750977,3,1470324
19752189,6,1470324
19753401,4,1470324
19754613,4,1470324
19755825,2,1470324
19757037,3,1470324
19758249,6,1470324
19759461,8,1470324
19760673,7,1471146
19761885,3,1471146
19769157,14,1471146
19770368,5,1471146
19771580,5,1468525
19772792,15,1468525
19774004,5,1468525
19775216,5,1468525
19776428,2,1468525
19777640,3,1468525
19778852,3,1468525
19780064,3,1468525
19781277,6,1468525
19782488,5,1465185
19783700,4,1465185
19784912,4,1465185
19786124,5,1465185
19787336,5,1465185
19788547,6,1465185
19789760,6,1465185
19790972,5,1465185
19792184,4,1465185
19793396,5,1465150
19794607,2,1469502
19795820,6,1469502
19797032,4,1469502
19798243,4,1469502
19799456,4,1469502
19800667,4,1469502
19801879,4,1469502
19803091,3,1469502
19804304,4,1469643
19805515,5,1466059
19806727,3,1466059
19807939,2,1466059
19809151,3,1466059
19810364,4,1466059
19811575,5,1466059
19812787,2,1466059
19813999,4,1466059
19815210,3,1466059
19816423,5,1466059
19817634,7,1466059
19818846,7,1466059
19820059,3,1466059
19821271,5,1466059
19822483,6,1466059
19823694,7,1466059
19824907,6,1462615
19826118,5,1462615
19827331,5,1462615
19828542,9,1462615
19829755,5,1462615
19830966,5,1462615
19832178,4,1462615
19833390,5,1462615
19834602,6,1462615
19835813,6,1462615
19837025,7,1466264
19838238,4,1466264
19839450,7,1466264
19840662,5,1466264
19841874,6,1466264
19843086,7,1466264
19844297,6,1466264
19845509,10,1466264
19852782,11,1466264
19853994,8,1466264
19855206,7,1466264
19856418,6,1466264
19857630,7,1466264
19858841,6,1467035
19860055,3,1467035
19861267,5,1467035
19862478,6,1467035
19863690,8,1467035
19864902,9,1467035
19866114,10,1467035
19867327,8,1467035
19868538,6,1467035
19869751,6,1463849
19870962,3,1463849
19872175,4,1463849
19873386,10,1463849
19874599,6,1463849
19875811,7,1463849
19877023,6,1463849
19878235,8,1463849
19879447,6,1463849
19880659,8,1467703
19881871,2,1467703
19883082,7,1467703
19884295,9,1467703
19885507,4,1467703
19886719,3,1467703
19887931,4,1467703
19889143,8,1467703
19890355,7,1467703
19891567,5,1468782
19892779,5,1468782
19893991,6,1468782
19895203,5,1468782
19896415,5,1468782
19897627,4,1468782
19898839,5,1468782
19900051,5,1468782
19901263,5,1468782
19902475,7,1467395
19903687,6,1467395
19904899,6,1467395
19906111,7,1467395
19907323,4,1467395
19908535,6,1467395
19909747,7,1467395
19910959,6,1467395
19912171,10,1467395
19913383,9,1464517
19914595,3,1464517
19915807,6,1464517
19917019,7,1464517
19918231,8,1464517
19919443,7,1464517
19920655,6,1464517
19921867,6,1464517
19923079,6,1464517
19924291,7,1468320
19925503,4,1465442
19926715,3,1465442
19927927,5,1465442
19929139,8,1465442
19937624,14,1465442
19938835,7,1465442
19940047,7,1465442
19941259,7,1465442
19942471,5,1465442
19943683,9,1465442
19944895,2,1465442
19946107,5,1468988
19947319,5,1466007
19948531,4,1466007
19949743,4,1466007
19950955,5,1466007
19952167,4,1466007
19953379,5,1466007
19954591,3,1466007
19955803,3,1466007
19957015,5,1466007
19958228,5,1468988
19959439,3,1468988
19960651,3,1468988
19961863,4,1468988
19963075,2,1468988
19964287,4,1468988
19965500,4,1468988
19966711,4,1468988
19967924,4,1468988
19969136,8,1469085
19970348,6,1467549
19971560,4,1467549
19972772,5,1467549
19973984,5,1467549
19975196,3,1467549
19976407,3,1467549
19977619,5,1467549
19978832,5,1467549
19980043,5,1467538
19981256,3,1464722
19982468,5,1464722
19983680,8,1464722
19984892,2,1464722
19986104,5,1464722
19987316,5,1464722
19988528,3,1464722
19989740,4,1464722
19990951,6,1464722
19992164,4,1464722
19993376,10,1464722
19994588,6,1464722
19995799,7,1464722
19997012,6,1464722
19998223,4,1464722
19999435,6,1464722
20000648,5,1466059
20001859,5,1466059
20003071,5,1466059
20004283,9,1466059
20005495,7,1466059
20006707,6,1466059
20007919,4,1466059
20009132,5,1466059
20010343,7,1466059
20011555,5,1466059
20012767,5,1474435
20013979,6,1474435
20021251,3,1474435
20022463,3,1474435
20023675,8,1474075
20024887,3,1474075
20026099,6,1474075
20027311,3,1474075
20028523,4,1474075
20029735,4,1474075
20030947,6,1474075
20032158,7,1474075
20033370,11,1474075
20034583,5,1469862
20035795,5,1469862
20037007,7,1469862
20038218,4,1469862
20039431,4,1469862
20040642,8,1469862
20041855,8,1469862
20043066,4,1469862
20044279,7,1469862
20045491,5,1473305
20046703,5,1473305
20047915,6,1473305
20049127,9,1473305
20050339,5,1473305
20051551,6,1473305
20052762,5,1473305
20053974,6,1473305
20055187,7,1473305
20056398,8,1468011
20057611,2,1468011
20058823,5,1468011
20060034,7,1468011
20061247,8,1468011
20062459,6,1468011
20063671,7,1468011
20064883,6,1468011
20066095,7,1468011
20067307,7,1467395
20068518,6,1467395
20069731,3,1467395
20070943,4,1467395
20072155,6,1467395
20073367,7,1467395
20074579,7,1467395
20075791,6,1467395
20077003,7,1467395
20078215,7,1465493
20079428,3,1465493
20080640,5,1465493
20081852,4,1465493
20083064,7,1465493
20084276,5,1465493
20085487,6,1465493
20086700,4,1465493
20087912,8,1465493
20089123,8,1460457
20090336,4,1460457
20091548,6,1460457
20092760,6,1460457
20093972,9,1460457
20095184,5,1460457
20096396,4,1460457
20097608,7,1460457
20106092,3,1460457
20107304,6,1460457
20108515,6,1460457
20109728,5,1460457
20110940,5,1448740
20112152,4,1451926
20113364,3,1451926
20114576,4,1451926
20115788,3,1451926
20117000,5,1451926
20118212,5,1451926
20119424,6,1451926
20120636,3,1451926
20121848,3,1451926
20123060,2,1452697
20124273,4,1452697
20125484,8,1452697
20126696,5,1452697
20127908,5,1452697
20129120,6,1452697
20130332,4,1452697
20131543,3,1452697
20132756,0,1452697
20133968,3,1446170
20135180,11,1446170
20136391,5,1446170
20137604,3,1446170
20138815,3,1446170
20140028,3,1446170
20141240,4,1446170
20142451,4,1446170
20143663,5,1446170
20144875,5,1446281
20146088,3,1448585
20147300,5,1448585
20148511,5,1448585
20149724,4,1448585
20150936,5,1448585
20152148,3,1448585
20153359,5,1448585
20154571,7,1448585
20155783,4,1448687
20156995,5,1448431
20158207,2,1448431
20159419,3,1448431
20160631,4,1448431
20161842,7,1448431
20163055,5,1448431
20164266,3,1448431
20165478,7,1448431
20166691,3,1448431
20167902,3,1448431
20169115,6,1448431
20170326,8,1448431
20171538,6,1448431
20172750,6,1448431
20173962,8,1448431
20175174,5,1448431
20176386,7,1448431
20177598,1,1448431
20178810,4,1448431
20180022,6,1448431
20181234,8,1448431
20182446,5,1444680
20189718,2,1444680
20190930,10,1444680
20192143,5,1444680
20193354,4,1444680
20194567,3,1444680
20195779,3,1444680
20196990,5,1444680
20198203,4,1444680
20199415,3,1444680
20200627,6,1444680
20201840,8,1444680
20203051,8,1444680
20204264,8,1444680
20205475,7,1444680
20206687,7,1444680
20207899,8,1444680
20209111,6,1444680
20210324,5,1448997
20211535,2,1448997
20212747,8,1448997
20213960,7,1448997
20215171,7,1448997
20216383,5,1448997
20217595,8,1448997
20218807,6,1448997
20220020,4,1448997
20221232,7,1447866
20222444,5,1447866
20223656,7,1447866
20224868,5,1447866
20226080,7,1447866
20227292,5,1447866
20228505,5,1447866
20229717,3,1447866
20230928,3,1447866
20232141,8,1441339
20233353,6,1441339
20234565,5,1441339
20235777,7,1441339
20236989,7,1441339
20238202,7,1441339
20239414,6,1441339
20240625,7,1441339
20241837,8,1441339
20243049,7,1441545
20244261,4,1441545
20245474,4,1441545
20246685,6,1441545
20247898,6,1441545
20249110,8,1441545
20250321,6,1441545
20251534,7,1441545
20252746,8,1441545
20253958,4,1444628
20255169,3,1444628
20256382,6,1444628
20257594,5,1444628
20258806,6,1444628
20260017,6,1444628
20261230,8,1444628
20262442,8,1444628
20263654,9,1444628
20264866,5,1442573
20266078,4,1442573
20274562,0,1442573
20275775,8,1442162
20276987,7,1443601
20278199,4,1443601
20279411,3,1443601
20280623,3,1443601
20281835,3,1443601
20283047,5,1443601
20284260,5,1443601
20285471,5,1443601
20286683,8,1443601
20287895,2,1439078
20289107,2,1439078
20290320,2,1439078
20291531,4,1439078
20292743,4,1439078
20293956,4,1439078
20295168,3,1439078
20296380,5,1439078
20297592,3,1439078
20298804,4,1380788
20300017,5,1446324
20301228,2,1446324
20302440,5,1446324
20303652,4,1446324
20304864,4,1446324
20306076,5,1446324
20307288,5,1446324
20308500,3,1446324
20309713,3,1446427
20310924,4,1446427
20312136,3,1446427
20313349,7,1446427
20314561,6,1446427
20315773,3,1446427
20316985,6,1446427
20318197,4,1446427
20319409,3,1446427
20320621,4,1446427
20321833,3,1446427
20323046,5,1446427
20324257,3,1446427
20325470,2,1446427
20326682,9,1446427
20327894,5,1446427
20329105,5,1446427
20330318,4,1446427
20331529,4,1446427
20332742,3,1446427
20333953,5,1446427
20335166,5,1446427
20336377,8,1446427
20337590,4,1446427
20338802,6,1446427
20340014,3,1446427
20341226,5,1446427
20342437,3,1446642
20343649,3,1449202
20344861,2,1449202
20346073,5,1449202
20347285,3,1449202
20348497,4,1449202
20349709,3,1449202
20350920,9,1449202
20358192,11,1449202
20359404,6,1449202
20360616,3,1449202
20361828,7,1449202
20363040,7,1449202
20364252,7,1446273
20365464,5,1446273
20366677,10,1446273
20367888,6,1446273
20369100,6,1446273
20370312,6,1446273
20371524,6,1446273
20372736,7,1446273
20373948,4,1446273
20375160,6,1449613
20376373,4,1449613
20377584,8,1449613
20378796,9,1449613
20380008,5,1449613
20381220,5,1449613
20382432,6,1449613
20383643,6,1449613
20384856,5,1449613
20386068,7,1446376
20387279,3,1446376
20388492,5,1446376
20389703,5,1446376
20390916,10,1446376
20392127,8,1446376
20393340,8,1446376
20394551,6,1446376
20395763,3,1446376
20396976,7,1446222
20398188,2,1446222
20399400,6,1446222
20400612,9,1446222
20401824,6,1446222
20403036,8,1446222
20404248,8,1446222
20405460,6,1446222
20406672,8,1446222
20407884,5,1445194
20409096,5,1445194
20410308,5,1445194
20411521,7,1445194
20412732,4,1445194
20413945,8,1445194
20415156,5,1445194
20416368,5,1445194
20417581,3,1445194
20418792,5,1425151
20420005,4,1425151
20421217,9,1425151
20422429,9,1425151
20423641,3,1425151
20424853,7,1425151
20426065,6,1425151
20427277,6,1425151
20428488,6,1425151
20429700,4,1426796
20430912,4,1426796
20432124,6,1426796
20433336,7,1426796
20434548,7,1426796
20443031,4,1426796
20444243,4,1426796
20445455,5,1426796
20446667,6,1426796
20447879,7,1426796
20449091,5,1426796
20450303,5,1426796
20451515,4,1423918
20452726,2,1420732
20453939,3,1420732
20455151,4,1420732
20456363,6,1420732
20457575,5,1420732
20458786,4,1420732
20459998,3,1420732
20461210,3,1420732
20462422,2,1420732
20463634,4,1423250
20464845,3,1423250
20466057,4,1423250
20467270,0,1423250
20468482,5,1423250
20469694,4,1423250
20470906,4,1423250
20472117,5,1423250
20473329,3,1423250
20474541,3,1423250
20475753,5,1423250
20476965,3,1423250
20478177,8,1423250
20479389,6,1423250
20480601,5,1423250
20481813,3,1423250
20483025,3,1423250
20484237,5,1423250
20485448,3,1420063
20486661,6,1420063
20487872,6,1420063
20489084,5,1420063
20490296,4,1420063
20491508,3,1420063
20492720,3,1420063
20493932,4,1420063
20495143,3,1420063
20496355,2,1426796
20497568,6,1426796
20498780,6,1426796
20499991,6,1426796
20501204,3,1426796
20502415,2,1426796
20503627,3,1426796
20504839,3,1426796
20506051,4,1426796
20507263,5,1426724
20508474,4,1421348
20509687,5,1421348
20510898,4,1421348
20512110,7,1421348
20513322,8,1421348
20514534,7,1421348
20515745,5,1421348
20516957,2,1421348
20518170,-2,1421408
20519381,3,1423712
20527864,-3,1423712
20529076,2,1423712
20530288,4,1423712
20531500,11,1423712
20532712,12,1423712
20533924,13,1423712
20535136,8,1423712
20536348,5,1423712
20537560,7,1423712
20538772,0,1423712
20539984,9,1422171
20541196,4,1422171
20542407,9,1422171
20543619,11,1422171
20544831,6,1422171
20546043,6,1422171
20547255,2,1422171
20548467,4,1422171
20549680,6,1422171
20550891,8,1423507
20552103,6,1423507
20553314,7,1423507
20554527,8,1423507
20555739,7,1423507
20556951,6,1423507
20558162,7,1423507
20559375,5,1423507
20560587,5,1423507
20561799,7,1422171
20563011,5,1422171
20564222,10,1422171
20565434,7,1422171
20566646,5,1422171
20567858,2,1422171
20569070,5,1422171
20570281,8,1422171
20571494,8,1422171
20572706,6,1420886
20573917,5,1420886
20575129,7,1420886
20576341,7,1420886
20577554,8,1420886
20578765,5,1420886
20579977,6,1420886
20581189,9,1420886
20582401,9,1420886
20583612,7,1422016
20584824,6,1422016
20586036,6,1422016
20587248,5,1422016
20588460,6,1422016
20589672,6,1422016
20590884,5,1422016
20592096,9,1422016
20593307,9,1422016
20594520,10,1422993
20595731,4,1422993
20596943,4,1422993
20598155,7,1422993
20599367,5,1422993
20600579,6,1422993
20601790,4,1422993
20603003,6,1422993
20604214,7,1422993
20611486,10,1422993
20612699,6,1422993
20613910,7,1422993
20615122,7,1422993
20616333,4,1422633
20617545,2,1422633
20618758,2,1422633
20619969,8,1422633
20621182,8,1422633
20622394,8,1422633
20623605,5,1422633
20624817,6,1422633
20626029,5,1422633
20627241,6,1422582
20628452,4,1422633
20629665,6,1422633
20630877,5,1422633
20632089,4,1422633
20633300,6,1422633
20634512,3,1422633
20635725,4,1422633
20636936,2,1422633
20638148,3,1422633
20639360,4,1415181
20640572,5,1415181
20641784,4,1415181
20642996,5,1415181
20644207,4,1415181
20645419,2,1415181
20646632,4,1415181
20647845,4,1415181
20649056,4,1415181
20650267,2,1415181
20651479,8,1415181
20652691,5,1415181
20653904,4,1415181
20655116,5,1415181
20656327,2,1415181
20657539,0,1415181
20658751,3,1415181
20659963,-2,1415181
20661175,0,1429314
20662387,2,1429314
20663598,5,1429314
20664811,5,1429314
20666023,5,1429314
20667234,6,1429314
20668447,3,1429314
20669658,1,1429314
20670871,2,1429314
20672083,6,1420834
20673294,8,1420834
20674507,5,1420834
20675718,5,1420834
20676931,5,1420834
20678142,2,1420834
20679353,2,1420834
20680566,2,1420834
20681777,5,1420834
20682989,5,1421051
20684202,4,1424123
20685413,5,1424123
20686625,10,1424123
20687837,10,1424123
20695121,9,1424123
20696320,6,1424123
20697532,5,1424123
20698744,4,1424123
20699956,4,1424123
20701168,3,1424123
20702379,10,1424123
20703591,11,1422273
20704803,7,1422273
20706015,8,1422273
20707226,8,1422273
20708438,5,1422273
20709651,5,1422273
20710863,9,1422273
20712075,5,1422273
20713286,6,1422273
20714498,8,1422273
20715710,7,1418779
20716922,5,1418779
20718134,8,1418779
20719346,3,1418779
20720557,4,1418779
20721770,7,1418779
20722981,6,1418779
20724194,8,1418779
20725406,5,1418779
20726617,10,1418522
20727829,4,1418522
20729041,9,1418522
20730253,6,1418522
20731465,6,1418522
20732677,10,1418522
20733889,7,1418522
20735101,4,1418522
20736313,6,1418522
20737525,9,1427566
20738736,3,1427566
20739948,3,1427566
20741160,4,1427566
20742373,6,1427566
20743585,7,1427566
20744796,8,1427566
20746008,7,1427566
20747220,5,1427566
20748432,7,1431832
20749644,4,1431832
20750856,3,1431832
20752068,9,1431832
20753280,6,1431832
20754492,5,1431832
20755705,5,1431832
20756916,5,1431832
20758128,8,1431832
20759340,5,1424021
20760552,4,1424021
20761763,6,1424021
20762976,6,1424021
20764188,6,1424021
20765399,7,1424021
20766611,8,1424021
20767823,6,1424021
20769035,4,1424021
20770247,4,1420269
20771459,3,1420269
20779943,11,1420269
20781155,9,1418265
20782366,4,1418265
20783579,8,1418265
20784790,8,1418265
20786002,5,1418265
20787214,8,1418265
20788426,7,1418265
20789637,7,1418265
20790850,4,1418265
20792062,7,1421451
20793274,3,1421451
20794486,10,1421451
20795698,5,1421451
20796909,6,1421451
20798121,6,1421451
20799332,6,1421451
20800544,5,1421451
20801757,7,1421451
20802968,8,1425974
20804180,8,1419292
20805392,5,1419292
20806604,7,1419292
20807816,5,1419292
20809028,4,1419292
20810240,3,1419292
20811452,3,1419292
20812664,4,1419292
20813875,5,1419292
20815087,5,1412869
20816299,3,1412869
20817511,4,1412869
20818723,4,1412869
20819935,6,1412869
20821146,3,1412869
20822359,5,1412869
20823571,5,1412869
20824782,4,1412869
20825995,3,1412869
20827206,5,1412869
20828418,1,1412869
20829629,0,1412869
20830842,5,1412869
20832053,6,1412869
20833265,3,1412869
20834477,8,1412869
20835689,6,1412869
20836900,4,1416415
20838112,6,1416415
20839324,1,1416415
20840536,3,1416415
20841748,2,1416415
20842960,4,1416415
20844172,5,1416415
20845383,7,1416415
20846595,5,1416415
20847807,5,1419190
20849019,3,1419190
20850231,4,1419190
20851443,3,1419190
20852655,8,1419190
20853867,6,1419190
20855078,5,1419190
20856290,6,1419190
20864773,9,1419190
20865985,6,1419190
20867196,7,1419190
20868409,4,1408346
20869620,3,1408327
20870833,2,1417031
20872044,2,1417031
20873256,4,1417031
20874468,4,1417031
20875680,4,1417031
20876892,5,1417031
20878103,3,1417031
20879316,3,1417031
20880527,4,1417031
20881740,4,1417031
20882951,6,1417031
20884163,4,1417031
20885376,8,1417031
20886588,8,1417031
20887799,8,1417031
20889011,7,1417031
20890222,6,1417031
20891434,7,1422222
20892647,5,1422222
20893858,6,1422222
20895070,7,1422222
20896282,9,1422222
20897494,8,1422222
20898705,3,1422222
20899917,5,1422222
20901129,4,1422222
20902342,8,1422530
20903553,4,1422530
20904765,8,1422530
20905977,9,1422530
20907188,4,1422530
20908400,7,1422530
20909612,6,1422530
20910825,6,1422530
20912036,5,1422530
20913248,6,1422171
20914460,6,1422171
20915671,10,1422171
20916884,10,1422171
20918096,8,1422171
20919307,7,1422171
20920519,4,1422171
20921731,4,1422171
20922943,3,1422171
20924155,4,1420269
20925367,4,1420269
20926579,7,1420269
20927790,5,1420269
20929002,4,1420269
20930215,9,1420269
20931426,7,1420269
20932638,4,1420269
20933850,6,1420269
20935062,5,1422530
20936273,3,1422530
20937486,7,1422530
20938697,6,1422530
20939910,4,1422530
20941121,9,1422530
20948393,6,1422530
20949604,4,1422530
20950816,8,1422530
20952028,4,1422530
20953240,4,1422530
20954452,3,1422530
20955664,5,1422530
20956876,7,1414924
20958088,4,1414924
20959299,9,1414924
20960511,7,1414924
20961723,6,1414924
20962935,5,1414924
20964147,7,1414924
20965359,5,1414924
20966570,4,1414924
20967782,6,1414462
20968995,5,1414462
20970206,6,1414462
20971418,6,1414462
20972630,6,1414462
20973841,10,1414462
20975054,6,1414462
20976265,7,1414462
20977477,7,1414462
20978689,8,1415901
20979901,6,1416569
20981112,5,1416569
20982325,7,1416569
20983536,4,1416569
20984748,1,1416569
20985960,5,1416569
20987172,3,1416569
20988384,5,1416569
20989596,8,1416569
20990808,6,1414051
20992020,2,1414051
20993232,5,1414051
20994444,4,1414051
20995656,3,1414051
20996868,3,1414051
20998080,4,1414051
20999292,5,1414051
21000503,4,1414051
21001716,4,1418316
21002927,4,1418316
21004139,6,1418316
21005351,4,1418316
21006563,3,1418316
21007774,1,1418316
21008987,6,1418316
21010199,4,1418316
21011411,3,1418316
21012622,2,1417083
21013835,5,1417083
21015046,0,1417083
21016258,4,1417083
21017470,5,1417083
21018682,10,1417083
21019893,6,1417083
21021106,4,1417083
21022317,4,1417083
21023530,4,1413280
21024742,4,1413280
21032121,6,1413280
21033225,4,1413280
21034437,0,1414924
21035649,13,1414924
21036860,7,1414924
21038072,4,1414924
21039284,4,1414924
21040496,2,1414924
21041709,3,1414924
21042920,1,1414924
21044133,3,1414924
21045345,4,1414986
21046556,8,1417802
21047768,5,1417802
21048979,1,1417802
21050192,2,1417802
21051403,3,1417802
21052615,4,1417802
21053827,6,1417802
21055039,5,1417802
21056250,5,1417802
21057462,3,1417802
21058675,10,1417802
21059886,6,1417802
21061097,7,1417802
21062309,5,1417802
21063521,5,1417802
21064733,4,1417802
21065944,9,1417802
21067156,4,1407216
21068368,7,1407216
21069581,5,1407216
21070792,3,1407216
21072004,8,1407216
21073216,5,1407216
21074427,5,1407216
21075640,9,1407216
21076851,9,1407216
21078063,5,1416415
21079275,5,1416415
21080487,8,1416415
21081698,6,1416415
21082910,5,1416415
21084122,6,1416415
21085334,5,1416415
21086546,6,1416415
21087758,9,1416415
21088969,10,1413382
21090181,8,1413382
21091394,5,1413382
21092605,5,1413382
21093817,8,1413382
21095028,8,1413382
21096240,9,1413382
21097453,6,1413382
21098664,6,1413382
21099876,8,1413742
21101088,6,1413742
21102299,7,1413742
21103511,7,1413742
21104724,3,1413742
21105935,8,1413742
21107146,5,1413742
21108358,3,1413742
21115629,9,1413742
21116841,7,1413742
21118054,8,1413742
21119265,6,1413742
21120477,5,1413742
21121689,5,1414359
21122900,3,1414359
21124112,4,1414359
21125324,6,1414359
21126536,8,1414359
21127748,4,1414359
21128960,11,1414359
21130172,10,1414359
21131383,10,1414359
21132595,9,1417648
21133807,4,1417648
21135019,4,1417648
21136231,8,1417648
21137443,7,1417648
21138655,8,1417648
21139867,11,1417648
21141079,7,1417648
21142291,9,1417648
21143503,7,1411995
21144715,4,1411995
21145927,3,1411995
21147139,7,1411995
21148351,6,1411995
21149563,7,1411995
21150775,8,1411995
21151987,10,1411995
21153199,7,1411995
21154411,5,1416517
21155623,2,1415490
21156835,3,1415490
21158047,5,1415490
21159259,4,1415490
21160472,8,1415490
21161683,11,1415490
21162895,3,1415490
21164107,3,1415490
21165320,-2,1415490
21166531,3,1416929
21167743,3,1416929
21168956,3,1416929
21170168,5,1416929
21171380,6,1416929
21172592,5,1416929
21173804,4,1416929
21175015,0,1416929
21176227,3,1416929
21177439,3,1416671
21178652,4,1416671
21179863,5,1416671
21181075,4,1416671
21182287,5,1416671
21183500,5,1416671
21184711,4,1416671
21185923,3,1416671
21187134,4,1416671
21188347,2,1415078
21189558,2,1415078
21190770,3,1415078
21191982,9,1415078
21199254,2,1415078
21200466,5,1415078
21201679,9,1415078
21202891,7,1415078
21204103,3,1415078
21205314,7,1415078
21206527,9,1415078
21207739,6,1415078
21208951,8,1413896
21210162,4,1414035
21211375,6,1409683
21212587,4,1409683
21213798,2,1409683
21215010,4,1409683
21216222,6,1409683
21217435,3,1409683
21218646,5,1409683
21219859,5,1409683
21221070,3,1409657
21222282,4,1416569
21223494,3,1416569
21224706,2,1416569
21225918,5,1416569
21227130,5,1416569
21228343,6,1416569
21229555,3,1416569
21230766,3,1416569
21231978,6,1416569
21233190,4,1416569
21234402,10,1416569
21235614,10,1416569
21236825,7,1416569
21238037,6,1416569
21239249,8,1416569
21240462,7,1416569
21241673,6,1416569
21242885,6,1411481
21244097,4,1411481
21245310,9,1411481
21246522,8,1411481
21247734,5,1411481
21248946,5,1411481
21250157,2,1411481
21251370,9,1411481
21252582,7,1411481
21253794,8,1416774
21255005,4,1416774
21256217,5,1416774
21257429,6,1416774
21258641,4,1416774
21259853,9,1416774
21261065,8,1416774
21262277,9,1416774
21263489,6,1416774
21264701,5,1414410
21265913,3,1414410
21267126,7,1414410
21268337,6,1414410
21269549,9,1414410
21270761,8,1414410
21271973,7,1414410
21273184,5,1414410
21274397,5,1414410
21275608,8,1414410
21284092,6,1414410
21285304,8,1414410
21286516,5,1412252
21287728,4,1412252
21288940,8,1412252
21290152,7,1412252
21291364,6,1412252
21292576,6,1412252
21293788,6,1412252
21295000,7,1412252
21296212,7,1412252
21297424,5,1415695
21298636,4,1415695
21299848,5,1415695
21301060,7,1415695
21302272,7,1415695
21303483,9,1415695
21304695,8,1415695
21305907,6,1415695
21307120,3,1415695
21308331,6,1416209
21309543,4,1416209
21310755,7,1416209
21311967,5,1416209
21313179,4,1416209
21314391,10,1416209
21315603,5,1416209
21316816,6,1416209
21318027,5,1416209
21319239,7,1415644
21320451,4,1415644
21321663,6,1415644
21322876,4,1415644
21324087,6,1415644
21325299,5,1415644
21326511,6,1415644
21327723,6,1415644
21328935,6,1415644
21330147,7,1417031
21331359,6,1412458
21332571,4,1412458
21333783,4,1412458
21334995,4,1412458
21336207,4,1412458
21337419,5,1412458
21338632,1,1412458
21339842,3,1412458
21341055,2,1412458
21342267,5,1418059
21343479,4,1418059
21344691,4,1418059
21345903,6,1418059
21347115,3,1418059
21348327,4,1418059
21349539,4,1418059
21350751,1,1418059
21351963,3,1418059
21353175,6,1418059
21354388,6,1418059
21355599,5,1418059
21356812,3,1418059
21358024,4,1418059
21359236,1,1418059
21360448,4,1418059
21368932,9,1418059
21370144,7,1418059
21371356,8,1418059
21372568,7,1418059
21373780,6,1416363
21374992,5,1416517
21376205,6,1416517
21377417,3,1416517
21378628,2,1416517
21379840,5,1416517
21381052,4,1416517
21382264,2,1416517
21383476,5,1416517
21384689,4,1416517
21385900,6,1416668
21387112,5,1415644
21388325,2,1415644
21389536,4,1415644
21390749,4,1415644
21391961,4,1415644
21393173,4,1415644
21394385,7,1415644
21395597,5,1415644
21396809,5,1415444
21398021,3,1416980
21399233,5,1416980
21400445,4,1416980
21401658,4,1416980
21402869,2,1416980
21404081,4,1416980
21405293,4,1416980
21406506,4,1416980
21407718,3,1416980
21408929,3,1416980
21410141,7,1416980
21411353,5,1416980
21412565,9,1416980
21413778,9,1416980
21414990,7,1416980
21416203,4,1416980
21417414,7,1415181
21418626,4,1415181
21419838,5,1415181
21421050,8,1415181
21422263,4,1415181
21423474,7,1415181
21424687,9,1415181
21425898,10,1415181
21427111,8,1415181
21428323,5,1415181
21429534,5,1413640
21430746,3,1413640
21431958,7,1413640
21433171,5,1413640
21434382,9,1413640
21435595,8,1413640
21436806,8,1413640
21438018,5,1413640
21439230,7,1413640
21440442,9,1412201
21441655,5,1412201
21442866,9,1412201
21444078,6,1412201
21445290,7,1415695
21452563,0,1415695
21453775,14,1415695
21454987,7,1415695
21456199,6,1415695
21457411,3,1415695
21458623,3,1415695
21459835,6,1415695
21461047,3,1415695
21462259,5,1415695
21463471,4,1415695
21464684,9,1415695
21465896,7,1415695
21467108,6,1415695
21468319,8,1415695
21469531,7,1415695
21470743,6,1415695
21471955,5,1415695
21473167,7,1419395
21474380,7,1419395
21475591,6,1419395
21476804,8,1419395
21478016,6,1419395
21479227,8,1419395
21480439,7,1419395
21481651,6,1419395
21482864,5,1419395
21484076,8,1416723
21485287,6,1416723
21486499,8,1416723
21487712,9,1416723
21488924,8,1416723
21490136,7,1416723
21491348,10,1416723
21492559,7,1416723
21493772,7,1416723
21494984,5,1416620
21496196,4,1416620
21497409,9,1416620
21498620,7,1416620
21499832,6,1416620
21501044,8,1416620
21502256,4,1416620
21503469,5,1416620
21504680,9,1416620
21505892,8,1414513
21507104,6,1416466
21508316,7,1416466
21509528,1,1416466
21510741,3,1416466
21511953,6,1416466
21513165,7,1416466
21514377,8,1416466
21515589,4,1416466
21516801,5,1416466
21518013,4,1414410
21519225,3,1414410
21520437,2,1414410
21521650,4,1414410
21522861,4,1414410
21524074,3,1414410
21525285,4,1414410
21526498,4,1414410
21527709,4,1414410
21528921,9,1414410
21536193,13,1414410
21537406,6,1414410
21538618,2,1416261
21539830,5,1414205
21541042,3,1414205
21542254,4,1414205
21543466,4,1414205
21544679,7,1414205
21545890,5,1414205
21547102,4,1414205
21548314,5,1414205
21549526,4,1414205
21550738,3,1415335
21551950,3,1415335
21553162,4,1415335
21554374,8,1415335
21555586,3,1415335
21556798,3,1415335
21558010,3,1415335
21559222,2,1415335
21560434,2,1415335
21561646,5,1415339
21562858,4,1416363
21564070,5,1416363
21565282,3,1416363
21566494,4,1416363
21567706,3,1416363
21568918,-3,1416363
21570130,4,1416363
21571343,6,1416363
21572555,4,1416405
21573766,4,1413845
21574978,7,1413845
21576190,4,1413845
21577402,3,1413845
21578614,2,1413845
21579826,4,1413845
21581038,3,1413845
21582250,3,1413845
21583462,5,1413845
21584674,7,1413845
21585885,8,1413845
21587097,7,1413845
21588309,4,1413845
21589522,6,1413845
21590734,5,1413845
21591945,8,1413845
21593157,7,1418367
21594369,5,1418367
21595582,4,1418367
21596794,5,1418367
21598005,7,1418367
21599217,9,1418367
21600430,0,1418367
21601641,5,1418367
21602853,6,1418367
21604066,6,1418367
21605278,7,1415130
21606490,7,1415130
21607702,4,1415130
21608914,6,1415130
21610126,8,1415130
21611339,10,1415130
21612550,7,1415130
21621035,7,1415130
21622247,6,1415130
21623459,6,1415130
21624671,5,1415130
21625883,6,1415130
21627095,7,1413023
21628308,5,1413023
21629519,5,1413023
21630732,4,1413023
21631944,9,1413023
21633156,5,1413023
21634368,6,1413023
21635580,8,1413023
21636792,8,1413023
21638004,7,1416261
21639216,4,1416261
21640428,4,1416261
21641640,6,1416261
21642852,10,1416261
21644064,6,1416261
21645276,6,1416261
21646488,8,1416261
21647701,8,1416261
21648912,7,1412458
21650124,4,1412458
21651336,6,1412458
21652548,3,1412458
21653761,8,1412458
21654972,9,1412458
21656185,6,1412458
21657397,6,1412458
21658609,9,1412458
21659821,5,1415747
21661034,2,1415747
21662246,4,1415747
21663457,7,1415747
21664670,8,1415747
21665881,7,1415747
21667094,8,1415747
21668306,6,1415747
21669518,7,1415747
21670730,7,1414102
21671943,3,1414102
21673155,5,1414102
21674367,7,1414102
21675579,10,1414102
21676791,8,1414102
21678003,7,1414102
21679215,8,1414102
21680427,7,1414102
21681639,7,1417237
21682851,3,1417237
21684063,5,1417237
21685275,6,1417237
21686487,4,1417237
21687700,5,1417237
21688912,5,1417237
21690124,8,1417237
21691336,7,1417237
21692549,7,1416415
21693760,5,1412201
21694972,4,1412201
21696184,5,1412201
21697397,-4,1412201
21705880,-2,1412201
21707093,8,1412201
21708305,12,1412201
21709517,17,1412201
21710729,17,1412201
21711940,8,1412201
21713153,6,1412201
21714364,1,1416826
21715577,-2,1414513
21716789,2,1414513
21718001,5,1414513
21719213,6,1414513
21720425,3,1414513
21721637,3,1414513
21722849,2,1414513
21724061,4,1414513
21725274,4,1414513
21726485,7,1416723
21727697,2,1416723
21728910,-2,1416723
21730121,4,1416723
21731333,5,1416723
21732545,5,1416723
21733757,4,1416723
21734970,3,1416723
21736181,10,1416723
21737394,3,1416927
21738605,4,1416671
21739818,8,1416671
21741029,6,1416671
21742241,6,1416671
21743454,6,1416671
21744665,4,1416671
21745877,1,1416671
21747089,2,1416671
21748301,3,1416663
21749513,5,1414359
21750725,6,1414359
21751937,5,1414359
21753149,5,1414359
21754361,-1,1414359
21755573,-1,1414359
21756785,6,1414359
21757997,5,1414359
21759209,4,1414359
21760421,3,1414359
21761633,8,1414359
21762845,6,1414359
21764057,9,1414359
21765269,5,1414359
21766481,4,1414359
21767693,2,1414359
21768905,8,1414359
21770117,5,1414359
21771329,6,1414359
21772541,7,1414359
21773753,4,1414359
21774965,5,1414359
21776177,5,1414359
21777389,5,1414359
21778602,8,1414359
21779813,6,1414359
21781025,7,1417905
21782237,4,1417905
21790721,3,1417905
21791933,3,1416106
21793145,5,1416106
21794357,7,1416106
21795569,7,1416106
21796780,5,1416106
21797993,7,1416106
21799204,6,1416106
21800416,5,1416106
21801629,7,1416106
21802840,6,1416774
21804052,2,1416774
21805265,11,1416774
21806477,7,1416774
21807689,8,1416774
21808901,5,1416774
21810112,4,1416774
21811324,2,1416774
21812537,6,1416774
21813749,6,1419036
21814960,9,1419036
21816172,7,1419036
21817384,10,1419036
21818596,5,1419036
21819808,6,1419036
21821020,3,1419036
21822232,4,1419036
21823444,6,1419036
21824655,7,1414513
21825868,7,1414513
21827079,8,1414513
21828292,7,1414513
21829503,8,1414513
21830715,2,1414513
21831927,3,1414513
21833139,7,1414513
21834351,5,1414513
21835563,7,1415592
21836775,6,1415592
21837987,8,1415592
21839199,7,1415592
21840411,5,1415592
21841623,7,1415592
21842836,6,1415592
21844047,6,1415592
21845260,8,1415592
21846471,7,1416415
21847683,7,1416415
21848895,6,1416415
21850107,8,1416415
21851319,7,1416415
21852531,5,1416415
21853743,4,1416415
21854955,8,1416415
21856167,6,1416415
21857379,9,1414873
21858590,3,1414873
21859803,7,1414873
21861015,6,1414873
21862227,8,1414873
21863439,6,1414873
21864651,8,1414873
21865862,7,1414873
21867074,9,1414873
21874346,14,1414873
21875558,9,1414873
21876770,7,1414873
21877983,9,1414873
21879194,7,1418676
21880406,3,1414564
21881618,0,1414564
21882831,3,1414564
21884042,1,1414564
21885254,5,1414564
21886466,4,1414564
21887678,7,1414564
21888890,5,1414564
21890102,5,1414564
21891314,3,1416723
21892525,2,1416723
21893738,4,1416723
21894950,6,1416723
21896162,4,1416723
21897374,5,1416723
21898586,4,1416723
21899798,5,1416723
21901009,4,1416723
21902221,2,1416517
21903434,-1,1416517
21904645,6,1416517
21905858,4,1416517
21907069,5,1416517
21908281,6,1416517
21909494,5,1416517
21910705,4,1416517
21911917,3,1416517
21913129,5,1416476
21914341,5,1419036
21915553,4,1419036
21916765,5,1419036
21917977,4,1419036
21919189,4,1419036
21920401,2,1419036
21921613,1,1419036
21922825,5,1419036
21924036,4,1419117
21925248,5,1413485
21926460,4,1413485
21927672,4,1413485
21928884,4,1413485
21930096,3,1413485
21931308,5,1413485
21932519,4,1413485
21933731,6,1413485
21934944,3,1413485
21936156,6,1413485
21937367,6,1413485
21938579,6,1413485
21939791,5,1413485
21941003,6,1413485
21942215,9,1413485
21943427,6,1413485
21944638,8,1413485
21945850,5,1413485
21947062,3,1413485
21948273,8,1413485
21949486,8,1413485
21950697,3,1413485
21959180,0,1413485
21960392,7,1413485
21961604,5,1413485
21962816,6,1413485
21964028,5,1413485
21965240,5,1413485
21966451,8,1413485
21967663,5,1415644
21968875,5,1415644
21970088,8,1415644
21971299,5,1415644
21972511,5,1415644
21973723,2,1415644
21974935,8,1415644
21976147,12,1415644
21977359,7,1415644
21978571,9,1417751
21979782,6,1417751
21980995,8,1417751
21982206,7,1417751
21983418,3,1417751
21984630,5,1417751
21985841,5,1417751
21987054,9,1417751
21988266,9,1417751
21989478,10,1414102
21990690,6,1414102
21991902,5,1414102
21993113,4,1414102
21994325,6,1414102
21995538,6,1414102
21996749,5,1414102
21997962,8,1414102
21999173,8,1414102
22000385,8,1419550
22001597,5,1419550
22002809,5,1419550
22004021,4,1419550
22005233,6,1419550
22006445,2,1419550
22007656,4,1419550
22008869,11,1419550
22010080,10,1419550
22011293,9,1416003
22012504,6,1416003
22013716,3,1416003
22014928,7,1416003
22016140,7,1416003
22017352,4,1416003
22018564,10,1416003
22019776,8,1416003
22020988,11,1416003
22022200,8,1417648
22023412,3,1417648
22024623,4,1417648
22025835,6,1417648
22027047,8,1417648
22028259,7,1417648
22029471,9,1417648
22030683,10,1417648
22031896,5,1417648
22033107,7,1416517
22034319,4,1416517
22035531,10,1416517
22044015,5,1416980
22045227,5,1417802
22046438,5,1417802
22047651,4,1417802
22048862,6,1417802
22050075,5,1417802
22051286,5,1417802
22052499,6,1417802
22053710,6,1417802
22054922,4,1417802
22056134,4,1414616
22057346,4,1414616
22058557,4,1414616
22059770,0,1414616
22060981,4,1414616
22062194,3,1414616
22063406,4,1414616
22064618,6,1414616
22065829,5,1414616
22067042,4,1417391
22068253,3,1417391
22069465,4,1417391
22070677,6,1417391
22071888,5,1417391
22073101,7,1417391
22074313,7,1417391
22075524,5,1417391
22076736,4,1417391
22077948,2,1416671
22079161,3,1416671
22080372,4,1416671
22081584,5,1416671
22082795,5,1416671
22084008,5,1416671
22085220,4,1416671
22086431,5,1416671
22087643,5,1416671
22088855,6,1416620
22090067,4,1416620
22091279,1,1416620
22092492,5,1416620
22093703,5,1416620
22094915,1,1416620
22096127,5,1416620
22097339,4,1416620
22098550,4,1416620
22099762,0,1416673
22100974,7,1417185
22102186,5,1417185
22103398,2,1417185
22104609,0,1417185
22105822,3,1417185
22107033,3,1417185
22108245,4,1417185
22109457,4,1417185
22110670,5,1417185
22111881,4,1417185
22113093,4,1417185
22114305,4,1417185
22115517,5,1417185
22116729,7,1417185
22117941,8,1417185
22119152,6,1417185
22120364,6,1417185
22127636,11,1417185
22128847,8,1417185
22130059,7,1417185
22131271,10,1417185
22132483,6,1417185
22133695,2,1417185
22134906,7,1417185
22136119,6,1417185
22137330,-4,1417185
22138542,8,1417185
22139755,6,1417185
22140967,8,1417185
22142177,8,1417185
22143390,7,1417648
22144601,5,1417648
22145814,5,1417648
22147026,8,1417648
22148238,5,1417648
22149449,5,1417648
22150660,8,1417648
22151872,10,1417648
22153084,8,1417648
22154296,8,1416723
22155508,5,1416723
22156720,4,1416723
22157932,4,1416723
22159144,6,1416723
22160355,5,1416723
22161567,5,1416723
22162779,7,1416723
22163991,5,1416723
22165203,5,1413691
22166415,3,1413691
22167626,5,1413691
22168839,6,1413691
22170051,7,1413691
22171263,11,1413691
22172474,7,1413691
22173687,11,1413691
22174899,3,1413691
22176111,2,1418727
22177322,2,1418727
22178534,9,1418727
22179746,8,1418727
22180959,10,1418727
22182171,13,1418727
22183383,9,1418727
22184595,6,1418727
22185808,3,1418727
22187020,4,1415181
22188232,7,1415181
22189443,8,1415181
22190655,5,1415181
22191867,7,1415181
22193080,7,1415181
22194291,6,1415181
22195503,10,1415181
22196715,5,1415181
22197927,7,1416980
22199139,5,1416980
22200352,7,1416980
22201563,7,1416980
22202776,7,1416980
22203988,8,1416980
22211260,2,1416980
22212472,5,1416980
22213684,7,1416980
22214897,6,1416980
22216109,9,1416980
22217321,8,1416980
22218533,3,1416980
22219745,6,1416158
22220957,5,1415644
22222169,4,1415644
22223381,7,1415644
22224593,5,1415644
22225806,4,1415644
22227017,3,1415644
22228230,3,1415644
22229441,3,1415644
22230654,3,1415644
22231865,4,1414667
22233078,5,1414667
22234290,1,1414667
22235502,5,1414667
22236714,4,1414667
22237927,7,1414667
22239138,4,1414667
22240350,3,1414667
22241563,3,1414667
22242775,3,1419138
22243987,4,1419138
22245199,3,1419138
22246411,2,1419138
22247623,3,1419138
22248835,5,1419138
22250047,5,1419138
22251258,6,1419138
22252470,1,1419138
22253683,7,1417853
22254895,3,1417853
22256107,4,1417853
22257319,7,1417853
22258531,7,1417853
22259743,4,1417853
22260955,3,1417853
22262167,4,1417853
22263380,6,1417853
22264591,3,1417853
22265803,2,1417853
22267016,4,1417853
22268228,5,1417853
22269440,3,1417853
22270651,3,1417853
22271863,3,1417853
22273075,4,1417853
22274287,4,1417853
22275499,4,1417982
22276712,4,1411070
22277923,4,1411070
22279135,3,1411070
22280348,4,1411070
22281559,6,1411070
22282771,3,1411070
22283984,4,1411070
22285196,3,1411070
22286407,3,1411037
22287620,11,1415901
22296103,8,1415901
22297316,6,1415901
22298527,3,1415901
22299740,6,1415901
22300952,6,1415901
22302164,6,1415901
22303375,11,1415901
22304588,5,1415901
22305800,8,1415901
22307012,4,1415901
22308224,7,1414564
22309436,4,1414564
22310649,6,1414564
22311860,6,1414564
22313072,7,1414564
22314284,10,1414564
22315496,9,1414564
22316708,5,1414564
22317920,8,1414564
22319132,6,1416723
22320344,2,1416723
22321556,6,1416723
22322768,5,1416723
22323980,6,1416723
22325192,5,1416723
22326404,7,1416723
22327616,6,1416723
22328828,7,1416723
22330040,9,1414822
22331252,4,1414822
22332465,6,1414822
22333675,10,1414822
22334888,6,1414822
22336100,7,1414822
22337312,7,1414822
22338524,8,1414822
22339736,8,1414822
22340948,6,1414051
22342160,4,1414051
22343371,6,1414051
22344584,8,1414051
22345796,12,1414051
22347008,8,1414051
22348220,5,1414051
22349432,6,1414051
22350644,5,1414051
22351856,5,1416466
22353068,8,1416466
22354280,4,1416466
22355491,6,1416466
22356703,6,1416466
22357916,5,1416466
22359128,7,1416466
22360339,5,1416466
22361551,5,1416466
22362763,3,1417494
22363975,4,1417494
22365187,6,1417494
22366399,8,1417494
22367611,6,1417494
22368823,6,1417494
22370035,5,1417494
22371247,3,1417494
22372459,6,1417494
22379731,5,1417494
22380943,4,1417494
22382155,9,1417494
22383367,7,1417494
22384579,8,1411635
22385791,8,1411635
22387003,6,1411635
22388215,7,1411635
22389427,5,1411635
22390640,6,1411635
22391851,4,1411635
22393064,7,1411635
22394276,5,1411635
22395487,10,1415644
22396699,2,1415747
22397911,7,1415747
22399123,3,1415747
22400335,4,1415747
22401547,3,1415747
22402759,3,1415747
22403971,6,1415747
22405183,8,1415747
22406395,4,1415747
22407607,5,1417391
22408819,4,1417391
22410031,0,1417391
22411243,4,1417391
22412455,3,1417391
22413667,6,1417391
22414878,7,1417391
22416091,4,1417391
22417302,4,1417391
22418514,3,1417391
22419727,2,1417391
22420938,3,1417391
22422150,2,1417391
22423363,6,1417391
22424575,6,1417391
22425786,6,1417391
22426999,6,1417391
22428210,5,1417391
22429423,4,1406650
22430635,3,1406650
22431846,3,1406650
22433058,5,1406650
22434270,5,1406650
22435482,6,1406650
22436695,3,1406650
22437907,3,1406650
22439118,7,1406650
22440331,3,1419550
22441542,3,1419550
22442754,4,1419550
22443966,3,1419550
22445178,11,1419550
22446390,4,1419550
22447602,5,1419550
22448815,5,1419550
22450026,3,1419550
22451239,4,1419734
22452450,5,1414102
22453663,4,1414102
22454875,4,1414102
22456086,7,1414102
22464570,3,1414102
22465782,7,1414102
22466995,6,1414102
22468207,6,1414102
22469419,5,1414102
22470630,4,1414102
22471844,7,1413691
22473055,2,1413691
22474267,5,1413691
22475479,7,1413691
22476692,6,1413691
22477903,3,1413691
22479116,5,1413691
22480328,3,1413691
22481540,7,1413691
22482752,8,1414616
22483964,11,1414616
22485176,14,1414616
22486388,7,1414616
22487600,9,1414616
22488812,8,1414616
22490024,7,1414616
22491236,6,1414616
22492449,2,1414616
22493660,7,1414616
22494873,9,1416415
22496085,5,1416415
22497297,7,1416415
22498510,7,1416415
22499721,3,1416415
22500934,7,1416415
22502145,5,1416415
22503358,4,1416415
22504569,7,1416415
22505781,8,1414102
22506994,5,1414102
22508206,6,1414102
22509418,7,1414102
22510630,8,1414102
22511841,5,1414102
22513054,7,1414102
22514267,8,1414102
22515478,8,1414102
22516690,8,1417031
22517902,6,1417031
22519115,5,1417031
22520326,6,1417031
22521538,4,1417031
22522750,7,1417031
22523963,4,1417031
22525174,7,1417031
22526386,9,1417031
22527598,5,1410710
22528811,4,1410710
22530022,8,1410710
22531235,8,1410710
22532447,7,1410710
22533659,5,1410710
22534871,4,1410710
22536083,6,1410710
22537295,8,1410710
22538507,5,1414822
22539719,1,1414822
22540930,10,1414822
22548202,12,1414822
22549415,6,1411789
22550626,3,1411789
22551838,6,1411789
22553050,6,1411789
22554263,7,1411789
22555475,7,1411789
22556687,8,1411789
22557899,6,1411789
22559111,6,1411789
22560323,5,1415901
22561534,6,1415901
22562747,7,1415901
22563958,8,1415901
22565171,4,1415901
22566383,6,1415901
22567595,6,1415901
22568807,8,1415901
22570019,5,1415901
22571231,7,1411327
22572443,3,1404646
22573655,6,1404646
22574867,5,1404646
22576079,3,1404646
22577291,1,1404646
22578503,2,1404646
22579715,4,1404646
22580927,3,1404646
22582139,4,1404646
22583351,5,1397965
22584564,4,1397965
22585775,0,1397965
22586988,5,1397965
22588200,3,1397965
22589411,2,1397965
22590624,4,1397965
22591836,4,1397965
22593047,2,1397965
22594260,4,1388612
22595472,4,1388612
22596684,9,1388612
22597896,5,1388612
22599108,6,1388612
22600320,4,1388612
22601532,4,1388612
22602744,-2,1388612
22603956,6,1388612
22605168,5,1377357
22606380,8,1377357
22607592,3,1377357
22608804,4,1377357
22610016,2,1377357
22611228,5,1377357
22612440,3,1377357
22613652,5,1377357
22614864,2,1377357
22616076,4,1428041
22617289,5,1362505
22618500,6,1362505
22619712,4,1362505
22620924,4,1362505
22622136,4,1362505
22623348,5,1362505
22624560,3,1362505
22633044,7,1362505
22634256,8,1362505
22635469,5,1362505
22636681,10,1354385
22637893,6,1354312
22639105,5,1348424
22640317,6,1348424
22641529,4,1348424
22642741,5,1348424
22643953,5,1348424
22645165,5,1348424
22646377,8,1348424
22647589,5,1348424
22648801,2,1348424
22650013,4,1348424
22651225,5,1348424
22652437,4,1348424
22653649,7,1348424
22654861,9,1348424
22656073,7,1348424
22657285,7,1348424
22658497,5,1344827
22659710,3,1344827
22660921,3,1344827
22662133,6,1344827
22663346,4,1344827
22664558,5,1344827
22665769,8,1344827
22666981,4,1344827
22668194,4,1344827
22669406,6,1344827
22670618,5,1340459
22671830,3,1340459
22673043,7,1340459
22674254,8,1340459
22675466,7,1340459
22676678,12,1340459
22677890,7,1340459
22679102,4,1340459
22680315,6,1340459
22681527,4,1343696
22682739,4,1343696
22683950,4,1343696
22685163,7,1343696
22686374,9,1343696
22687587,4,1343696
22688799,7,1343696
22690011,7,1343696
22691222,8,1343696
22692435,5,1343234
22693647,5,1343234
22694859,8,1343234
22696071,10,1343234
22697283,7,1343234
22698495,6,1343234
22699707,5,1343234
22700919,5,1343234
22702131,7,1343234
22703344,4,1339791
22704556,5,1339791
22705768,4,1339791
22706980,6,1339791
22708192,6,1339791
22709404,6,1339791
22716676,7,1339791
22717888,4,1339791
22719100,4,1339791
22720312,10,1339791
22721523,6,1339791
22722736,5,1339791
22723948,6,1339791
22725160,7,1339019
22726372,7,1339019
22727584,9,1339019
22728796,8,1339019
22730008,8,1339019
22731220,8,1339019
22732432,7,1339019
22733643,7,1339019
22734856,8,1339019
22736068,8,1343542
22737279,4,1343542
22738492,7,1343542
22739703,7,1343542
22740916,8,1343542
22742127,8,1343542
22743340,5,1343542
22744551,5,1343542
22745763,7,1343542
22746976,8,1339431
22748188,4,1339431
22749399,6,1339431
22750611,5,1339431
22751824,7,1339431
22753035,8,1339431
22754248,6,1339431
22755459,7,1339431
22756671,10,1339431
22757884,5,1343799
22759095,3,1339585
22760308,2,1339585
22761520,4,1339585
22762731,6,1339585
22763944,4,1339585
22765156,5,1339585
22766368,5,1339585
22767580,4,1339585
22768791,5,1339585
22770003,3,1340613
22771216,6,1340613
22772427,3,1340613
22773639,3,1340613
22774851,4,1340613
22776064,4,1340613
22777275,3,1340613
22778487,5,1340613
22779700,3,1340613
22780912,2,1335936
22782123,5,1335936
22783336,3,1335936
22784547,5,1335936
22785759,3,1335936
22786971,4,1335936
22788184,4,1335936
22789396,4,1335936
22790608,4,1335936
22791819,4,1342257
22793031,9,1342257
22801514,9,1342257
22802728,12,1342411
22803939,4,1342411
22805152,3,1342411
22806363,5,1342411
22807575,4,1342411
22808787,0,1342411
22809999,6,1342411
22811211,2,1342411
22812423,3,1342411
22813635,6,1342343
22814846,4,1337735
22816059,2,1337735
22817270,4,1337735
22818482,5,1337735
22819695,4,1337735
22820906,5,1337735
22822118,3,1337735
22823330,4,1337735
22824542,5,1337735
22825754,5,1337735
22826966,7,1337735
22828177,10,1337735
22829390,7,1337735
22830602,6,1337735
22831814,2,1337735
22833025,5,1337735
22834237,6,1337735
22835449,3,1337735
22836662,3,1337735
22837874,7,1337735
22839085,7,1337735
22840297,9,1337735
22841509,7,1337735
22842721,6,1337735
22843933,5,1337735
22845145,4,1337735
22846357,5,1336039
22847569,4,1336039
22848781,7,1336039
22849993,5,1336039
22851205,5,1336039
22852417,4,1336039
22853629,7,1336039
22854842,6,1336039
22856053,5,1336039
22857265,6,1342206
22858477,5,1342206
22859689,5,1342206
22860901,6,1342206
22862113,7,1342206
22863326,7,1342206
22864537,5,1342206
22865749,7,1342206
22866961,6,1342206
22868174,5,1340613
22869386,5,1340613
22870598,9,1340613
22871810,8,1340613
22873021,4,1340613
22874233,8,1340613
22875445,7,1340613
22876657,6,1340613
22877870,2,1340613
22885143,7,1340613
22886354,5,1340613
22887566,5,1340613
22888779,5,1340613
22889991,7,1339431
22891202,4,1339431
22892415,5,1339431
22893627,3,1339431
22894839,9,1339431
22896051,6,1339431
22897263,5,1339431
22898475,8,1339431
22899687,7,1339431
22900899,6,1338711
22902111,3,1338711
22903322,5,1338711
22904534,7,1338711
22905747,6,1338711
22906959,8,1338711
22908171,6,1338711
22909383,6,1338711
22910595,5,1338711
22911807,7,1342154
22913019,3,1342154
22914231,7,1342154
22915443,6,1342154
22916655,6,1342154
22917867,6,1342154
22919079,6,1342154
22920291,7,1342154
22921503,9,1342154
22922714,6,1342463
22923927,3,1342463
22925138,5,1342463
22926351,6,1342463
22927563,6,1342463
22928775,6,1342463
22929986,8,1342463
22931199,8,1342463
22932410,4,1342463
22933623,7,1340356
22934834,5,1342566
22936047,4,1342566
22937258,4,1342566
22938471,3,1342566
22939683,11,1342566
22940895,3,1342566
22942107,6,1342566
22943318,5,1342566
22944530,4,1342566
22945742,5,1343234
22946955,4,1343234
22948167,5,1343234
22949379,6,1343234
22950590,5,1343234
22951802,4,1343234
22953015,3,1343234
22954227,4,1343234
22955438,3,1343234
22956650,5,1341897
22957863,4,1341897
22959074,4,1341897
22960286,3,1341897
22961498,6,1341897
22969983,8,1341897
22971194,6,1341897
22972406,3,1341897
22973619,5,1341897
22974831,6,1341897
22976043,6,1341897
22977255,7,1317590
22978466,3,1317590
22979679,10,1317590
22980891,4,1317590
22982103,4,1317590
22983315,2,1317590
22984527,5,1317590
22985739,5,1317590
22986951,4,1317590
22988163,3,1317590
22989375,7,1317572
22990587,4,1340356
22991799,5,1340356
22993011,3,1340356
22994223,4,1340356
22995435,5,1340356
22996648,3,1340356
22997859,5,1340356
22999071,3,1340356
23000283,3,1340359
23001495,4,1341383
23002708,4,1341383
23003919,6,1341383
23005132,4,1341383
23006344,3,1341383
23007556,3,1341383
23008768,5,1341383
23009980,4,1341383
23011192,3,1341383
23012404,2,1341383
23013616,7,1341383
23014829,6,1341383
23016040,6,1341383
23017252,6,1341383
23018464,7,1341383
23019677,9,1341383
23020888,7,1341383
23022100,9,1335371
23023313,6,1335371
23024524,4,1335371
23025737,3,1335371
23026949,9,1335371
23028161,8,1335371
23029373,6,1335371
23030585,5,1335371
23031797,5,1335371
23033010,3,1343080
23034221,3,1343080
23035433,4,1343080
23036645,8,1343080
23037857,5,1343080
23039069,7,1343080
23040281,8,1343080
23041494,9,1343080
23042706,4,1343080
23043917,4,1339636
23045130,3,1339636
23046341,6,1339636
23053613,9,1339636
23054826,7,1340921
23056037,2,1340921
23057250,9,1340921
23058462,6,1340921
23059674,9,1340921
23060886,6,1340921
23062099,8,1340921
23063310,9,1340921
23064523,9,1340921
23065735,6,1340253
23066947,3,1340253
23068158,6,1340253
23069370,9,1340253
23070583,6,1340253
23071795,5,1340253
23073007,7,1340253
23074219,7,1340253
23075432,5,1340253
23076643,6,1338506
23077855,6,1338506
23079068,6,1338506
23080279,9,1338506
23081491,5,1338506
23082703,7,1338506
23083916,7,1338506
23085128,10,1338506
23086340,9,1338506
23087552,4,1343490
23088765,2,1343490
23089977,11,1343490
23091188,8,1343490
23092401,4,1343490
23093613,7,1343490
23094826,7,1343490
23096038,6,1343490
23097249,7,1343490
23098461,8,1340818
23099674,7,1340818
23100885,9,1340818
23102098,7,1340818
23103310,5,1340818
23104522,7,1340818
23105735,4,1340818
23106946,7,1340818
23108159,6,1340818
23109370,8,1340972
23110583,2,1337992
23111795,3,1337992
23113007,3,1337992
23114218,4,1337992
23115430,3,1337992
23116643,4,1337992
23117855,3,1337992
23119067,3,1337992
23120279,3,1337992
23121491,4,1343748
23122703,7,1343748
23123915,4,1343748
23125127,4,1343748
23126339,4,1343748
23127552,3,1343748
23128764,5,1343748
23129975,6,1343748
23137248,-1,1343748
23138460,4,1343748
23139672,7,1343748
23140884,4,1343748
23142096,5,1339122
23143308,4,1340253
23144520,4,1340253
23145732,2,1340253
23146944,3,1340253
23148157,3,1340253
23149369,5,1340253
23150581,4,1340253
23151792,3,1340253
23153004,3,1340253
23154216,4,1340304
23155428,3,1340304
23156640,3,1340304
23157852,5,1340304
23159064,2,1340304
23160277,3,1340304
23161489,5,1340304
23162701,4,1340304
23163913,6,1340304
23165125,7,1340361
23166337,5,1341897
23167549,4,1341897
23168761,4,1341897
23169972,3,1341897
23171185,7,1341897
23172397,2,1341897
23173609,3,1341897
23174821,4,1341897
23176033,5,1341893
23177245,4,1340613
23178458,5,1340613
23179669,4,1340613
23180882,5,1340613
23182093,5,1340613
23183305,1,1340613
23184518,5,1340613
23185729,4,1340613
23186942,3,1340613
23188153,4,1340613
23189366,6,1340613
23190578,5,1340613
23191790,5,1340613
23193002,7,1340613
23194214,6,1340613
23195426,7,1340613
23196639,7,1336347
23197850,5,1336347
23199062,3,1336347
23200274,6,1336347
23201486,8,1336347
23202699,7,1336347
23203911,6,1336347
23205122,5,1336347
23206335,6,1336347
23207547,6,1336347
23208758,6,1340099
23209971,5,1340099
23211183,5,1340099
23212395,6,1340099
23213607,7,1340099
23222092,8,1340099
23223304,7,1340099
23224516,7,1340099
23225728,5,1340099
23226940,7,1340099
23228152,5,1340099
23229364,8,1340099
23230576,9,1342668
23231788,4,1342668
23233000,6,1342668
23234212,5,1342668
23235424,9,1342668
23236636,7,1342668
23237848,5,1342668
23239060,6,1342668
23240272,10,1342668
23241485,10,1340869
23242697,4,1340869
23243909,7,1340869
23245121,8,1340869
23246333,5,1340869
23247546,7,1340869
23248757,4,1340869
23249969,7,1340869
23251181,7,1340869
23252393,5,1341846
23253605,4,1341846
23254818,6,1341846
23256029,3,1341846
23257242,6,1341846
23258454,7,1341846
23259666,7,1341846
23260878,6,1341846
23262091,8,1341846
23263302,8,1340972
23264514,3,1340972
23265726,5,1340972
23266939,6,1340972
23268150,5,1340972
23269363,8,1340972
23270575,6,1340972
23271786,5,1340972
23272999,6,1340972
23274211,5,1340099
23275423,4,1340099
23276635,5,1340099
23277847,7,1340099
23279060,7,1340099
23280271,6,1340099
23281483,4,1340099
23282696,6,1340099
23283907,5,1340099
23285120,8,1339585
23286332,3,1339585
23287543,8,1339585
23288755,3,1339585
23289968,6,1339585
23291180,7,1339585
23292392,4,1339585
23293604,8,1339585
23294816,7,1339585
23296028,5,1338043
23297240,5,1341589
23298452,7,1341589
23306936,10,1341589
23308149,5,1337786
23309361,2,1337786
23310573,4,1337786
23311785,3,1337786
23312997,6,1337786
23314209,6,1337786
23315421,4,1337786
23316633,5,1337786
23317844,2,1337786
23319057,2,1346625
23320269,4,1346625
23321482,7,1346625
23322693,4,1346625
23323905,4,1346625
23325118,5,1346625
23326329,4,1346625
23327541,3,1346625
23328753,4,1346625
23329965,6,1337992
23331178,10,1337992
23332390,3,1337992
23333602,0,1337992
23334813,5,1337992
23336025,0,1337992
23337238,6,1337992
23338450,4,1337992
23339662,5,1337992
23340874,4,1338037
23342086,3,1336501
23343298,6,1336501
23344510,6,1336501
23345722,4,1336501
23346933,5,1336501
23348146,3,1336501
23349357,5,1336501
23350570,3,1336501
23351782,3,1336526
23352993,4,1343182
23354205,5,1343182
23355418,3,1343182
23356629,4,1343182
23357842,4,1343182
23359053,4,1343182
23360266,4,1343182
23361478,7,1343182
23362690,5,1343182
23363901,3,1343182
23365113,8,1343182
23366325,6,1343182
23367538,7,1343182
23368750,3,1343182
23369961,6,1343182
23371174,5,1343182
23372386,5,1343182
23373597,4,1343182
23374809,3,1343182
23376021,5,1343182
23377233,8,1343182
23378445,6,1343182
23379657,7,1343182
23380869,9,1343182
23382081,8,1343182
23383293,8,1343182
23390565,1,1343182
23391776,4,1343182
23392989,8,1343182
23394200,8,1343182
23395413,3,1337735
23396624,2,1337735
23397836,4,1337735
23399048,6,1337735
23400260,7,1337735
23401473,7,1337735
23402684,9,1337735
23403896,5,1337735
23405108,7,1337735
23406320,6,1339482
23407531,3,1339482
23408744,9,1339482
23409956,8,1339482
23411168,8,1339482
23412380,9,1339482
23413591,5,1339482
23414804,9,1339482
23416016,4,1339482
23417227,9,1337940
23418440,4,1337940
23419651,6,1337940
23420863,7,1337940
23422075,8,1337940
23423287,8,1337940
23424499,8,1337940
23425711,4,1337940
23426923,7,1337940
23428135,8,1339842
23429347,3,1339842
23430559,7,1339842
23431771,8,1339842
23432984,8,1339842
23434195,6,1339842
23435407,3,1339842
23436619,9,1339842
23437832,6,1339842
23439043,7,1338660
23440255,5,1338660
23441467,6,1338660
23442680,10,1338660
23443891,6,1338660
23445103,4,1338660
23446316,6,1338660
23447527,9,1338660
23448739,6,1338660
23449952,3,1340715
23451164,5,1340715
23452375,8,1340715
23453587,9,1340715
23454800,5,1340715
23456011,7,1340715
23457223,5,1340715
23458435,6,1340715
23459647,7,1340715
23460860,8,1341127
23462071,4,1341127
23463283,6,1341127
23464495,5,1341127
23465708,4,1341127
23466919,5,1341127
23474191,12,1341127
23475403,5,1341127
23476616,6,1341127
23477828,6,1341127
23479040,3,1341127
23480252,8,1341127
23481464,7,1341127
23482676,10,1344004
23483888,3,1341383
23485100,3,1341383
23486312,4,1341383
23487524,4,1341383
23488736,5,1341383
23489948,5,1341383
23491160,3,1341383
23492372,6,1341383
23493584,6,1341383
23494796,5,1343080
23496008,4,1343080
23497220,4,1343080
23498433,2,1343080
23499645,3,1343080
23500856,4,1343080
23502068,5,1343080
23503281,2,1343080
23504493,5,1343080
23505705,4,1339379
23506916,6,1339379
23508128,4,1339379
23509341,4,1339379
23510553,5,1339379
23511765,6,1339379
23512977,3,1339379
23514189,4,1339379
23515401,2,1339379
23516613,5,1339379
23517824,5,1339379
23519037,3,1339379
23520249,4,1339379
23521461,5,1339379
23522673,6,1339379
23523886,6,1339379
23525097,6,1339379
23526309,3,1339379
23527522,2,1339177
23528733,4,1340201
23529945,4,1340201
23531157,3,1340201
23532369,4,1340201
23533582,2,1340201
23534794,4,1340201
23536006,4,1340201
23537217,5,1340201
23538430,4,1340240
23539642,5,1336912
23540853,4,1336912
23542065,5,1336912
23543277,6,1336912
23544489,6,1336912
23545702,6,1336912
23546915,4,1336912
23548126,4,1336912
23549338,1,1336912
23550550,8,1336912
23559035,4,1336912
23560247,7,1340304
23561460,2,1340304
23562672,8,1340304
23563884,5,1340304
23565096,5,1340304
23566308,7,1340304
23567521,7,1340304
23568732,7,1340304
23569944,7,1340304
23571156,7,1341127
23572368,5,1341127
23573581,3,1341127
23574792,7,1341127
23576005,4,1341127
23577217,4,1341127
23578429,6,1341127
23579641,6,1341127
23580853,6,1341127
23582065,8,1342154
23583277,4,1342154
23584490,5,1342154
23585702,5,1342154
23586913,5,1342154
23588126,9,1342154
23589337,6,1342154
23590550,6,1342154
23591761,4,1342154
23592974,5,1339893
23594186,3,1339893
23595399,5,1339893
23596611,5,1339893
23597823,7,1339893
23599035,6,1339893
23600247,5,1339893
23601459,6,1339893
23602671,7,1339893
23603883,9,1342206
23605095,3,1342206
23606307,6,1342206
23607520,7,1342206
23608731,5,1342206
23609944,4,1342206
23611156,6,1342206
23612368,8,1342206
23613580,5,1342206
23614792,5,1340921
23616004,4,1340921
23617216,10,1340921
23618429,6,1340921
23619641,7,1340921
23620853,3,1340921
23622065,7,1340921
23623277,7,1340921
23624488,5,1340921
23625700,5,1342000
23626912,4,1342000
23628124,6,1342000
23629337,5,1342000
23630549,7,1342000
23631761,8,1342000
23632973,10,1342000
23634185,6,1342000
23635397,5,1342000
23642669,7,1342000
23643881,6,1342000
23645093,6,1342000
23646306,9,1342000
23647517,9,1337838
23648729,3,1339482
23649941,5,1339482
23651154,4,1339482
23652366,4,1339482
23653578,4,1339482
23654789,5,1339482
23656001,3,1339482
23657214,3,1339482
23658425,3,1339482
23659638,4,1338814
23660849,3,1338814
23662062,5,1338814
23663274,3,1338814
23664486,5,1338814
23665698,3,1338814
23666910,5,1338814
23668122,6,1338814
23669334,3,1338814
23670546,4,1342257
23671758,4,1342257
23672970,3,1342257
23674182,4,1342257
23675395,1,1342257
23676606,5,1342257
23677818,2,1342257
23679031,2,1342257
23680242,2,1342257
23681454,5,1340818
23682667,5,1340818
23683879,4,1340818
23685090,3,1340818
23686302,2,1340818
23687514,4,1340818
23688726,6,1340818
23689938,5,1340818
23691151,2,1340818
23692363,6,1339122
23693575,5,1339122
23694787,4,1339122
23695999,3,1339122
23697211,7,1339122
23698423,4,1339122
23699635,3,1339122
23700847,5,1339122
23702059,4,1339122
23703271,3,1338984
23704484,3,1343336
23705696,3,1343336
23706907,3,1343336
23708120,5,1343336
23709332,3,1343336
23710544,4,1343336
23711756,4,1343336
23712968,5,1343336
23714180,9,1343382
23715392,3,1341846
23716604,-1,1341846
23717816,2,1341846
23719028,5,1341846
23727513,9,1341846
23728725,7,1341846
23729937,6,1341846
23731149,11,1341846
23732361,7,1341846
23733573,10,1341846
23734785,8,1339585
23735998,2,1339585
23737209,3,1339585
23738421,6,1339585
23739633,5,1339585
23740844,5,1339585
23742058,7,1339585
23743269,3,1339585
23744481,6,1339585
23745693,5,1339585
23746905,7,1337170
23748117,4,1337170
23749329,8,1337170
23750542,7,1337170
23751753,6,1337170
23752966,6,1337170
23754177,6,1337170
23755390,4,1337170
23756602,4,1337170
23757814,6,1342720
23759026,3,1342720
23760238,7,1342720
23761450,7,1342720
23762662,6,1342720
23763875,4,1342720
23765087,6,1342720
23766299,6,1342720
23767511,7,1342720
23768723,5,1339791
23769935,5,1339791
23771147,10,1339791
23772359,8,1339791
23773571,4,1339791
23774783,7,1339791
23775996,7,1339791
23777207,8,1339791
23778420,4,1339791
23779632,6,1341589
23780844,4,1341589
23782056,7,1341589
23783268,5,1341589
23784480,5,1341589
23785692,6,1341589
23786904,8,1341589
23788116,8,1341589
23789328,6,1341589
23790541,7,1336964
23791753,2,1336964
23792964,4,1336964
23794176,4,1336964
23795388,5,1336964
23796600,7,1336964
23797813,7,1336964
23799025,6,1336964
23800236,4,1336964
23801449,9,1342720
23802661,4,1342720
23803873,2,1342720
23811148,6,1342720
23812358,6,1340407
23813570,3,1340407
23814781,6,1340407
23815993,6,1340407
23817205,4,1340407
23818418,5,1340407
23819629,8,1340407
23820841,6,1340407
23822054,6,1340407
23823266,8,1339019
23824478,4,1339019
23825690,8,1339019
23826902,9,1339019
23828114,7,1339019
23829327,6,1339019
23830538,6,1339019
23831751,6,1339019
23832963,8,1339019
23834175,7,1339996
23835386,5,1336296
23836598,4,1336296
23837810,4,1336296
23839022,1,1336296
23840235,1,1336296
23841447,3,1336296
23842659,4,1336296
23843871,3,1336296
23845083,3,1336296
23846296,5,1339688
23847507,5,1339688
23848719,4,1339688
23849931,4,1339688
23851144,5,1339688
23852356,2,1339688
23853567,4,1339688
23854780,4,1339688
23855992,6,1339688
23857204,4,1337940
23858416,3,1337940
23859628,3,1337940
23860841,5,1337940
23862052,3,1337940
23863265,1,1337940
23864477,5,1337940
23865689,4,1337940
23866900,5,1337940
23868113,3,1342103
23869325,4,1342103
23870537,5,1342103
23871749,3,1342103
23872962,3,1342103
23874174,3,1342103
23875386,6,1342103
23876597,5,1342103
23877810,4,1342103
23879021,3,1342046
23880233,5,1340510
23881446,5,1340510
23882658,4,1340510
23883871,3,1340510
23885082,6,1340510
23886294,3,1340510
23887506,6,1340510
23895991,4,1340510
23897202,8,1340510
23898415,7,1340510
23899627,5,1341435
23900838,4,1341435
23902051,1,1341435
23903263,6,1341435
23904474,6,1341435
23905687,10,1341435
23906899,5,1341435
23908111,7,1341435
23909323,7,1341435
23910535,8,1341435
23911747,5,1341435
23912959,5,1341435
23914171,3,1341435
23915383,9,1341435
23916595,6,1341435
23917807,6,1341435
23919019,5,1341435
23920231,9,1341435
23921443,5,1341435
23922656,6,1337786
23923868,3,1337786
23925080,7,1337786
23926292,8,1337786
23927504,7,1337786
23928716,3,1337786
23929928,8,1337786
23931140,5,1337786
23932352,7,1337786
23933564,9,1336656
23934776,5,1336656
23935988,8,1336656
23937201,6,1336656
23938412,7,1336656
23939625,6,1336656
23940837,4,1336656
23942049,6,1336656
23943261,7,1336656
23944472,8,1340047
23945685,7,1340047
23946897,6,1340047
23948109,9,1340047
23949321,7,1340047
23950533,6,1340047
23951745,5,1340047
23952957,5,1340047
23954169,5,1340047
23955381,7,1342411
23956594,4,1342411
23957806,5,1342411
23959017,4,1342411
23960230,4,1342411
23961442,6,1342411
23962654,7,1342411
23963865,7,1342411
23965078,6,1342411
23966290,8,1338814
23967502,5,1338814
23968714,5,1338814
23969926,8,1338814
23971139,6,1338814
23972350,6,1338814
23979622,8,1338814
23980835,5,1338814
23982047,10,1338814
23983259,7,1338814
23984471,4,1338814
23985683,14,1338814
23986895,4,1338814
23988108,7,1338454
23989319,5,1338454
23990531,7,1338454
23991743,4,1338454
23992955,6,1338454
23994168,5,1338454
23995380,9,1338454
23996592,5,1338454
23997804,9,1338454
23999016,10,1341127
24000229,7,1341127
24001441,6,1341127
24002653,4,1341127
24003865,8,1341127
24005077,8,1341127
24006289,10,1341127
24007501,6,1341127
24008713,5,1341127
24009926,7,1342309
24011138,4,1337118
24012350,7,1337118
24013562,3,1337118
24014773,3,1337118
24015986,5,1337118
24017198,5,1337118
24018410,4,1337118
24019622,4,1337118
24020834,4,1337118
24022046,2,1331208
24023258,3,1331208
24024470,6,1331208
24025683,9,1331208
24026894,4,1331208
24028107,5,1331208
24029318,4,1331208
24030531,4,1331208
24031742,4,1331208
24032955,3,1338043
24034167,7,1338043
24035379,6,1338043
24036590,4,1338043
24037803,5,1338043
24039015,2,1338043
24040228,3,1338043
24041439,2,1338043
24042651,4,1338043
24043863,5,1339276
24045075,5,1339276
24046287,4,1339276
24047499,6,1339276
24048712,6,1339276
24049923,5,1339276
24051136,3,1339276
24052347,3,1339276
24053560,2,1339276
24054772,3,1337272
24055984,4,1337272
24063256,2,1337272
24064468,5,1337272
24065680,18,1337339
24066892,3,1341435
24068104,5,1341435
24069317,5,1341435
24070528,3,1341435
24071741,4,1341435
24072953,3,1341435
24074165,2,1341435
24075377,7,1341435
24076589,4,1341429
24077801,6,1339893
24079013,2,1339893
24080225,0,1339893
24081437,4,1339893
24082649,5,1339893
24083861,3,1339893
24085073,5,1339893
24086286,5,1339893
24087498,3,1339893
24088709,3,1339893
24089922,5,1339893
24091135,6,1339893
24092346,6,1339893
24093558,8,1339893
24094770,4,1339893
24095983,7,1339893
24097194,5,1341024
24098406,3,1341024
24099618,3,1341024
24100830,7,1341024
24102043,6,1341024
24103254,6,1341024
24104466,6,1341024
24105679,10,1341024
24106891,5,1341024
24108103,6,1341024
24109315,6,1338146
24110526,4,1338146
24111739,5,1338146
24112951,3,1338146
24114163,7,1338146
24115375,8,1338146
24116587,5,1338146
24117799,6,1338146
24119011,5,1338146
24120223,9,1339431
24121435,4,1339431
24122648,4,1339431
24123859,6,1339431
24125072,5,1339431
24126284,6,1339431
24127495,6,1339431
24128707,7,1339431
24129920,6,1339431
24131132,6,1340201
24132344,3,1340201
24133555,6,1340201
24134768,8,1340201
24135980,7,1340201
24137192,7,1340201
24138404,3,1340201
24139616,7,1340201
24148100,9,1340201
24149312,8,1340201
24150525,5,1340201
24151736,3,1340201
24152949,5,1338094
24154161,4,1338094
24155372,10,1338094
24156585,7,1338094
24157797,4,1338094
24159008,7,1338094
24160221,8,1338094
24161433,7,1338094
24162645,7,1338094
24163857,8,1337940
24165070,4,1337940
24166282,5,1337940
24167494,4,1337940
24168706,6,1337940
24169917,6,1337940
24171129,7,1337940
24172342,8,1337940
24173553,6,1337940
24174765,3,1340150
24175978,5,1340150
24177189,4,1340150
24178402,6,1340150
24179614,3,1340150
24180827,8,1340150
24182039,7,1340150
24183250,6,1340150
24184462,4,1340150
24185675,9,1338351
24186886,6,1339945
24188099,3,1339945
24189311,3,1339945
24190523,3,1339945
24191735,5,1339945
24192947,5,1339945
24194159,4,1339945
24195371,6,1339945
24196583,4,1339945
24197795,4,1341229
24199007,5,1341229
24200219,5,1341229
24201431,2,1341229
24202644,3,1341229
24203856,3,1341229
24205067,4,1341229
24206279,6,1341229
24207491,4,1341229
24208704,4,1337118
24209916,4,1337118
24211128,5,1337118
24212340,5,1337118
24213552,5,1337118
24214764,4,1337118
24215976,5,1337118
24217189,5,1337118
24218400,3,1337118
24219612,1,1341589
24220825,6,1341589
24222036,4,1341589
24223248,2,1341589
24224460,5,1341589
24232944,8,1341589
24234157,5,1341589
24235369,10,1341589
24236581,7,1341589
24237792,4,1341589
24239005,6,1341589
24240216,9,1336553
24241429,5,1336365
24242642,4,1341229
24243853,4,1341229
24245065,4,1341229
24246277,-1,1341229
24247489,4,1341229
24248701,5,1341229
24249914,6,1341229
24251126,4,1341229
24252337,4,1341311
24253549,5,1335679
24254762,3,1335679
24255973,4,1335679
24257186,7,1335679
24258397,2,1335679
24259610,1,1335679
24260822,2,1335679
24262035,4,1335679
24263246,6,1335679
24264458,6,1335679
24265671,7,1335679
24266883,5,1335679
24268094,9,1335679
24269307,5,1335679
24270519,9,1335679
24271731,4,1335679
24272943,7,1342411
24274156,3,1342411
24275368,6,1342411
24276579,7,1342411
24277792,9,1342411
24279004,8,1342411
24280216,8,1342411
24281428,5,1342411
24282641,6,1342411
24283852,4,1342411
24285064,5,1335628
24286277,5,1335628
24287489,7,1335628
24288701,6,1335628
24289912,5,1335628
24291125,6,1335628
24292336,9,1335628
24293548,6,1335628
24294760,4,1335628
24295972,4,1339174
24297184,5,1339174
24298397,4,1339174
24299608,8,1339174
24300820,8,1339174
24302032,6,1339174
24303244,8,1339174
24304456,8,1339174
24305668,7,1339174
24306880,9,1337992
24308093,5,1337992
24309305,7,1337992
24316578,2,1337992
24317790,6,1339174
24319003,4,1339174
24320214,7,1339174
24321427,5,1339174
24322640,7,1339174
24323851,6,1339174
24325064,6,1339174
24326275,8,1339174
24327487,4,1339174
24328700,3,1339174
24329912,4,1339174
24331124,7,1339174
24332336,7,1339174
24333548,6,1339174
24334761,4,1339174
24335973,5,1339174
24337185,5,1339174
24338398,4,1339174
24339609,6,1337478
24340821,5,1337478
24342033,6,1337478
24343245,8,1337478
24344457,5,1337478
24345669,6,1337478
24346882,5,1337478
24348093,4,1337478
24349306,6,1337478
24350518,6,1340561
24351730,5,1340561
24352942,10,1340561
24354154,8,1340561
24355366,7,1340561
24356578,7,1340561
24357790,6,1340561
24359003,7,1340561
24360215,9,1340561
24361427,7,1338043
24362639,5,1338043
24363850,5,1338043
24365062,8,1338043
24366274,8,1338043
24367487,6,1338043
24368699,5,1338043
24369911,6,1338043
24371123,7,1338043
24372335,7,1338094
24373548,5,1335730
24374759,4,1335730
24375972,5,1335730
24377183,6,1335730
24378396,4,1335730
24379608,5,1335730
24380820,6,1335730
24382032,2,1335730
24383244,4,1335730
24384456,4,1335730
24385668,5,1335730
24386880,6,1335730
24388092,4,1335730
24389305,4,1335730
24390516,4,1335730
24391729,0,1335730
24392941,5,1335730
24400213,6,1335730
24401426,7,1335730
24402638,7,1335730
24403850,6,1335730
24405062,3,1333572
24406274,2,1340150
24407486,4,1340150
24408698,5,1340150
24409911,4,1340150
24411123,3,1340150
24412335,2,1340150
24413547,3,1340150
24414759,3,1340150
24415971,5,1340150
24417184,4,1339996
24418395,2,1339996
24419607,3,1339996
24420820,2,1339996
24422032,6,1339996
24423243,5,1339996
24424456,5,1339996
24425668,4,1339996
24426880,5,1339996
24428092,2,1339988
24429305,6,1337940
24430516,4,1337940
24431729,5,1337940
24432941,3,1337940
24434153,4,1337940
24435365,5,1337940
24436577,5,1337940
24437789,6,1337940
24439001,3,1337940
24440213,4,1337940
24441426,5,1337940
24442637,5,1337940
24443849,7,1337940
24445061,6,1337940
24446274,7,1337940
24447486,7,1337940
24448698,4,1337940
24449910,5,1337940
24451122,5,1337940
24452335,7,1337940
24453547,6,1337940
24454759,5,1337940
24455970,5,1337940
24457183,6,1337940
24458395,6,1337940
24459607,6,1337940
24460819,5,1338146
24462032,3,1338146
24463243,6,1338146
24464455,5,1338146
24465668,7,1338146
24466880,4,1338146
24468092,6,1338146
24469304,6,1338146
24470516,8,1338146
24471728,8,1335987
24472940,7,1335987
24474152,3,1335987
24475364,4,1335987
24476577,7,1335987
24485062,5,1335987
24486274,8,1335987
24487486,5,1335987
24488698,3,1335987
24489910,5,1335987
24491123,6,1335987
24492334,3,1335987
24493547,6,1338865
24494759,2,1338865
24495971,6,1338865
24497183,6,1338865
24498395,6,1338865
24499607,6,1338865
24500820,7,1338865
24502031,9,1338865
24503244,6,1338865
24504456,5,1339019
24505668,2,1339019
24506880,7,1339019
24508093,8,1339019
24509304,7,1339019
24510516,3,1339019
24511729,4,1339019
24512940,6,1339019
24514153,8,1339019
24515365,6,1337632
24516577,4,1337632
24517789,5,1337632
24519001,5,1337632
24520214,4,1337632
24521426,5,1337632
24522638,5,1337632
24523849,10,1337632
24525061,7,1337632
24526273,6,1334394
24527486,6,1334394
24528698,6,1334394
24529910,7,1334394
24531123,7,1334394
24532334,8,1334394
24533546,6,1334394
24534758,7,1334394
24535971,6,1334394
24537183,5,1336964
24538395,4,1336964
24539607,7,1336964
24540819,5,1336964
24542031,7,1336964
24543243,8,1336964
24544455,7,1336964
24545668,5,1336964
24546879,5,1336964
24548092,3,1340407
24549304,2,1339276
24550516,6,1339276
24551728,4,1339276
24552940,5,1339276
24554152,5,1339276
24555364,3,1339276
24556576,4,1339276
24557788,5,1339276
24559000,5,1339276
24560213,3,1337170
24561424,6,1337170
24569910,3,1337170
24571121,3,1337170
24572333,4,1337170
24573545,4,1337170
24574758,4,1337170
24575969,4,1337170
24577182,5,1337170
24578394,3,1337170
24579606,2,1337170
24580818,7,1337170
24582030,4,1338814
24583242,5,1338814
24584455,2,1338814
24585666,3,1338814
24586879,3,1338814
24588090,6,1338814
24589302,4,1338814
24590515,5,1338814
24591726,0,1338814
24592939,4,1340510
24594151,4,1340510
24595363,4,1340510
24596575,4,1340510
24597786,3,1340510
24598999,4,1340510
24600211,4,1340510
24601423,3,1340510
24602635,5,1340510
24603847,4,1340496
24605058,4,1336656
24606271,3,1336656
24607483,6,1336656
24608695,6,1336656
24609907,4,1336656
24611119,5,1336656
24612332,3,1336656
24613543,3,1336656
24614755,4,1336609
24615968,9,1337889
24617180,8,1337889
24618392,4,1337889
24619604,-1,1337889
24620817,4,1337889
24622028,3,1337889
24623240,4,1337889
24624452,5,1337889
24625665,3,1337889
24626876,2,1337889
24628089,5,1337889
24629300,5,1337889
24630513,8,1337889
24631725,4,1337889
24632937,5,1337889
24634150,6,1337889
24635362,7,1338865
24636573,1,1338865
24637786,3,1338865
24638997,7,1338865
24640209,7,1338865
24641422,5,1338865
24642634,8,1338865
24643845,7,1338865
24645058,7,1338865
24646270,8,1338865
24653542,5,1338865
24654754,7,1338865
24655967,6,1338865
24657178,6,1338865
24658390,7,1340253
24659603,4,1340253
24660815,5,1340253
24662027,6,1340253
24663239,7,1340253
24664451,6,1340253
24665663,6,1340253
24666875,11,1340253
24668087,6,1340253
24669299,4,1339482
24670511,5,1339482
24671723,5,1339482
24672935,8,1339482
24674147,7,1339482
24675359,5,1339482
24676571,6,1339482
24677783,5,1339482
24678995,4,1339482
24680207,8,1337478
24681419,5,1337478
24682632,7,1337478
24683844,5,1337478
24685055,7,1337478
24686268,5,1337478
24687479,7,1337478
24688692,9,1337478
24689903,6,1337478
24691116,5,1337324
24692328,4,1337324
24693539,8,1337324
24694752,6,1337324
24695964,7,1337324
24697176,5,1337324
24698387,7,1337324
24699600,8,1337324
24700811,6,1337324
24702023,9,1335833
24703236,4,1335833
24704448,5,1335833
24705659,7,1335833
24706872,5,1335833
24708084,6,1335833
24709296,8,1335833
24710508,8,1335833
24711720,6,1335833
24712932,8,1338762
24714144,6,1338762
24715356,8,1338762
24716568,7,1338762
24717780,5,1338762
24718992,6,1338762
24720204,6,1338762
24721416,5,1338762
24722628,6,1338762
24723840,9,1339945
24725052,4,1338197
24726264,4,1338197
24727476,4,1338197
24728689,4,1338197
24729900,3,1338197
24737173,9,1338197
24738384,10,1338197
24739597,8,1338197
24740809,8,1338197
24742021,6,1338197
24743232,6,1338197
24744444,9,1338197
24745656,6,1336142
24746869,6,1340253
24748081,3,1340253
24749292,5,1340253
24750505,5,1340253
24751717,1,1340253
24752929,7,1340253
24754141,5,1340253
24755353,3,1340253
24756565,4,1340253
24757778,-1,1340047
24758989,7,1340047
24760201,4,1340047
24761413,3,1340047
24762625,3,1340047
24763838,4,1340047
24765050,3,1340047
24766262,5,1340047
24767474,5,1340047
24768686,8,1337889
24769897,4,1337889
24771110,6,1337889
24772321,3,1337889
24773534,4,1337889
24774746,4,1337889
24775958,2,1337889
24777171,3,1337889
24778382,6,1337889
24779594,5,1338100
24780806,5,1339636
24782018,2,1339636
24783230,4,1339636
24784443,3,1339636
24785655,4,1339636
24786867,4,1339636
24788079,4,1339636
24789291,5,1339636
24790503,4,1339628
24791715,5,1337324
24792927,4,1337324
24794139,5,1337324
24795351,5,1337324
24796563,8,1337324
24797775,2,1337324
24798987,7,1337324
24800199,5,1337324
24801411,3,1337324
24802623,4,1337324
24803836,6,1337324
24805048,5,1337324
24806260,6,1337324
24807471,7,1337324
24808684,10,1337324
24809895,5,1337324
24811108,8,1339276
24812320,7,1339276
24813532,6,1339276
24822016,4,1339276
24823229,8,1335525
24824440,3,1335525
24825652,7,1335525
24826865,11,1335525
24828077,7,1335525
24829289,7,1335525
24830501,6,1335525
24831713,5,1335525
24832925,7,1335525
24834138,5,1342103
24835350,4,1342103
24836562,6,1342103
24837773,8,1342103
24838985,8,1342103
24840197,3,1342103
24841410,3,1342103
24842621,4,1342103
24843834,7,1342103
24845046,4,1337015
24846258,5,1337015
24847470,5,1337015
24848682,10,1337015
24849894,6,1337015
24851107,7,1337015
24852318,5,1337015
24853531,8,1337015
24854742,6,1337015
24855955,8,1338814
24857166,7,1338814
24858379,5,1338814
24859591,7,1338814
24860803,7,1338814
24862015,7,1338814
24863227,6,1338814
24864439,7,1338814
24865651,5,1338814
24866863,4,1337118
24868075,4,1337118
24869287,8,1337118
24870499,10,1337118
24871711,7,1337118
24872924,10,1337118
24874135,6,1337118
24875347,5,1337118
24876559,6,1337118
24877771,6,1338094
24878984,6,1338094
24880195,9,1338094
24881407,7,1338094
24882619,6,1338094
24883831,6,1338094
24885044,6,1338094
24886256,7,1338094
24887468,5,1338094
24888680,8,1340510
24889892,5,1340510
24891104,7,1340510
24892316,6,1340510
24893528,5,1340510
24894740,5,1340510
24895953,10,1340510
24897164,6,1340510
24898376,8,1340510
24905649,11,1340510
24906862,6,1340510
24908074,6,1340510
24909285,9,1340510
24910497,6,1339533
24911709,4,1333778
24912922,3,1333778
24914133,5,1333778
24915346,3,1333778
24916558,5,1333778
24917769,6,1333778
24918982,8,1333778
24920195,3,1333778
24921406,4,1333778
24922618,5,1338300
24923830,2,1338300
24925043,4,1338300
24926254,5,1338300
24927466,5,1338300
24928679,9,1338300
24929890,4,1338300
24931103,4,1338300
24932314,7,1338300
24933526,5,1339739
24934739,2,1339739
24935951,5,1339739
24937163,4,1339739
24938375,7,1339739
24939587,6,1339739
24940799,3,1339739
24942011,3,1339739
24943224,3,1339739
24944435,4,1336450
24945647,6,1336450
24946859,7,1336450
24948071,4,1336450
24949283,2,1336450
24950495,4,1336450
24951708,4,1336450
24952920,2,1336450
24954132,4,1336450
24955344,3,1336450
24956556,2,1336450
24957768,4,1336450
24958980,6,1336450
24960193,6,1336450
24961404,4,1336450
24962616,1,1336450
24963828,5,1336450
24965040,3,1336450
24966253,5,1336359
24967465,4,1339431
24968677,8,1339431
24969888,5,1339431
24971100,5,1339431
24972313,2,1339431
24973525,6,1339431
24974737,4,1339431
24975949,6,1339431
24977161,4,1339530
24978373,8,1339530
24979586,3,1339530
24980797,5,1339530
24982009,6,1339530
24989286,4,1339530
24990495,7,1339530
24991706,5,1339530
24992918,9,1339530
24994130,9,1339530
24995343,7,1339530
24996554,5,1339530
24997767,8,1339530
24998979,8,1336758
25000191,3,1336758
25001403,4,1336758
25002616,7,1336758
25003827,8,1336758
25005039,8,1336758
25006251,10,1336758
25007463,5,1336758
25008675,9,1336758
25009887,6,1341229
25011099,5,1341229
25012311,7,1341229
25013523,6,1341229
25014736,6,1341229
25015948,6,1341229
25017160,6,1341229
25018371,8,1341229
25019584,5,1341229
25020796,5,1340767
25022007,2,1340767
25023220,5,1340767
25024431,5,1340767
25025644,8,1340767
25026856,8,1340767
25028068,7,1340767
25029280,7,1340767
25030492,6,1340767
25031705,4,1338917
25032916,5,1338917
25034128,6,1338917
25035340,6,1338917
25036553,7,1338917
25037764,8,1338917
25038977,8,1338917
25040188,7,1338917
25041400,6,1338917
25042613,7,1338403
25043825,4,1338403
25045038,3,1338403
25046249,6,1338403
25047462,5,1338403
25048674,10,1338403
25049886,5,1338403
25051097,7,1338403
25052310,6,1338403
25053522,5,1337838
25054734,5,1337838
25055947,7,1337838
25057158,5,1337838
25058371,10,1337838
25059583,6,1337838
25060795,7,1337838
25062007,3,1337838
25063218,6,1337838
25064431,2,1339225
25065643,8,1339225
25074127,5,1339225
25075340,8,1338506
25076552,6,1338506
25077764,7,1338506
25078976,6,1338506
25080188,8,1338506
25081401,5,1338506
25082612,8,1338506
25083825,10,1338506
25085037,6,1338506
25086249,6,1337426
25087461,4,1338248
25088673,7,1338248
25089886,4,1338248
25091097,5,1338248
25092309,5,1338248
25093521,3,1338248
25094733,4,1338248
25095945,4,1338248
25097158,4,1338248
25098370,6,1329512
25099582,5,1329512
25100794,4,1329512
25102006,2,1329512
25103218,3,1329512
25104431,3,1329512
25105642,6,1329512
25106855,5,1329512
25108066,5,1329512
25109279,5,1329512
25110491,5,1329512
25111703,1,1329512
25112915,4,1329512
25114127,4,1329512
25115339,4,1329512
25116551,3,1329512
25117763,5,1329512
25118975,3,1329512
25120188,5,1337221
25121399,3,1337221
25122612,4,1337221
25123823,4,1337221
25125034,3,1337221
25126247,4,1337221
25127458,1,1337221
25128671,4,1337221
25129883,4,1337221
25131095,6,1332750
25132307,4,1332750
25133519,3,1332750
25134730,4,1332750
25135943,4,1332750
25137155,3,1332750
25138366,3,1332750
25139578,1,1332750
25140790,6,1332750
25142001,4,1332773
25143214,-1,1338917
25144425,2,1338917
25145638,3,1338917
25146849,3,1338917
25148061,4,1338917
25149274,5,1338917
25150485,5,1338917
25158968,4,1338917
25160180,5,1338917
25161392,7,1338917
25162604,6,1331002
25163816,3,1331002
25165027,1,1331002
25166239,4,1331002
25167451,6,1331002
25168664,5,1331002
25169875,5,1331002
25171087,7,1331002
25172298,6,1331002
25173510,7,1339071
25174723,1,1339071
25175935,5,1339071
25177146,5,1339071
25178358,7,1339071
25179570,7,1339071
25180782,7,1339071
25181994,6,1339071
25183206,6,1339071
25184417,9,1339071
25185629,7,1337580
25186841,4,1337580
25188054,7,1337580
25189266,8,1337580
25190478,9,1337580
25191690,8,1337580
25192901,6,1337580
25194113,5,1337580
25195326,8,1337580
25196537,5,1340253
25197749,3,1340253
25198961,4,1340253
25200173,6,1340253
25201384,8,1340253
25202597,5,1340253
25203808,7,1340253
25205020,6,1340253
25206232,8,1340253
25207445,5,1340972
25208656,4,1340972
25209868,8,1340972
25211080,7,1340972
25212291,8,1340972
25213503,7,1340972
25214716,5,1340972
25215928,5,1340972
25217139,7,1340972
25218351,8,1336758
25219563,4,1336758
25220774,7,1336758
25221987,7,1336758
25223199,9,1336758
25224411,4,1336758
25225622,7,1336758
25226835,7,1336758
25228046,6,1336758
25229258,6,1339225
25230470,4,1339225
25231681,9,1339225
25232894,7,1339225
25234106,7,1339225
25235317,10,1339225
25242589,6,1339225
25243801,5,1339225
25245012,6,1339225
25246224,6,1339225
25247437,8,1339225
25248649,7,1339225
25249861,5,1339225
25251072,4,1338557
25252284,4,1338557
25253496,7,1338557
25254708,6,1338557
25255920,8,1338557
25257132,3,1338557
25258344,6,1338557
25259555,6,1338557
25260768,7,1338557
25261980,7,1339225
25263192,7,1340099
25264404,4,1340099
25265616,3,1340099
25266828,4,1340099
25268040,3,1340099
25269252,3,1340099
25270464,6,1340099
25271675,7,1340099
25272887,3,1340099
25274099,3,1341281
25275311,4,1341281
25276522,5,1341281
25277734,3,1341281
25278947,3,1341281
25280159,2,1341281
25281371,6,1341281
25282583,3,1341281
25283794,8,1341281
25285006,5,1340253
25286218,3,1340253
25287430,3,1340253
25288642,5,1340253
25289855,6,1340253
25291066,6,1340253
25292278,4,1340253
25293491,5,1340253
25294702,5,1340253
25295914,4,1339996
25297126,4,1339996
25298338,5,1339996
25299549,3,1339996
25300762,4,1339996
25301973,4,1339996
25303186,7,1339996
25304398,4,1339996
25305609,3,1339996
25306822,6,1336810
25308034,3,1336810
25309245,3,1336810
25310457,4,1336810
25311669,5,1336810
25312880,4,1336810
25314093,6,1336810
25315305,4,1336810
25316516,2,1336810
25317729,3,1336715
25318940,4,1339019
25326211,7,1339019
25327423,19,1339019
25328635,5,1339014
25329848,3,1337478
25331059,3,1337478
25332271,1,1337478
25333483,8,1337478
25334695,7,1337478
25335907,6,1337478
25337118,4,1337478
25338331,4,1337478
25339543,5,1337478
25340754,5,1337478
25341967,8,1337478
25343178,7,1337478
25344390,4,1337478
25345602,7,1337478
25346814,4,1337478
25348027,7,1337478
25349238,7,1341537
25350450,2,1341537
25351662,3,1341537
25352873,6,1341537
25354085,5,1341537
25355298,6,1341537
25356510,6,1341537
25357722,3,1341537
25358933,9,1341537
25360145,5,1341537
25361357,4,1335782
25362569,7,1335782
25363780,5,1335782
25364993,4,1335782
25366204,6,1335782
25367417,8,1335782
25368628,7,1335782
25369841,9,1335782
25371052,9,1335782
25372265,6,1339842
25373476,4,1339842
25374688,8,1339842
25375900,9,1339842
25377112,6,1339842
25378324,7,1339842
25379535,6,1339842
25380748,7,1339842
25381960,8,1339842
25383172,6,1341743
25384383,6,1341743
25385595,8,1341743
25386808,6,1341743
25388020,6,1341743
25389231,7,1341743
25390443,5,1341743
25391655,7,1341743
25392867,6,1341743
25394080,4,1340407
25395291,3,1340407
25396503,8,1340407
25397715,4,1340407
25398927,8,1340407
25400138,10,1340407
25401351,7,1340407
25402562,5,1340407
25411046,5,1340407
25412257,6,1340407
25413470,6,1340407
25414682,9,1340407
25415894,6,1338351
25417106,4,1338351
25418317,7,1338351
25419530,10,1338351
25420741,7,1338351
25421953,5,1338351
25423166,4,1338351
25424378,8,1338351
25425589,6,1338351
25426801,7,1338917
25428013,4,1338917
25429225,5,1338917
25430437,6,1338917
25431649,6,1338917
25432861,7,1338917
25434073,8,1338917
25435284,7,1338917
25436497,5,1338917
25437708,5,1337015
25438920,2,1337478
25440133,3,1337478
25441345,4,1337478
25442556,4,1337478
25443769,4,1337478
25444980,6,1337478
25446192,3,1337478
25447404,3,1337478
25448616,4,1337478
25449828,5,1336656
25451040,2,1336656
25452252,2,1336656
25453463,4,1336656
25454676,5,1336656
25455887,6,1336656
25457100,4,1336656
25458312,3,1336656
25459523,3,1336656
25460735,4,1338968
25461947,1,1338968
25463160,7,1338968
25464371,6,1338968
25465582,6,1338968
25466795,3,1338968
25468007,3,1338968
25469219,4,1338968
25470430,3,1338968
25471642,4,1340510
25472854,4,1340510
25474067,2,1340510
25475278,4,1340510
25476490,6,1340510
25477702,3,1340510
25478913,5,1340510
25480125,1,1340510
25481338,4,1340510
25482549,2,1342566
25483762,4,1342566
25484973,1,1342566
25486185,7,1342566
25487397,5,1342566
25495880,5,1342566
25497092,6,1342566
25498304,7,1342566
25499517,9,1342566
25500728,7,1342566
25501940,6,1342566
25503152,7,1339122
25504364,4,1339074
25505576,5,1339842
25506788,4,1339842
25508000,2,1339842
25509212,4,1339842
25510424,3,1339842
25511636,5,1339842
25512847,5,1339842
25514059,3,1339842
25515271,3,1339842
25516483,6,1339842
25517696,4,1339842
25518907,8,1339842
25520119,7,1339842
25521331,6,1339842
25522543,7,1339842
25523755,7,1339842
25524967,7,1340304
25526178,7,1340304
25527390,4,1340304
25528603,7,1340304
25529814,6,1340304
25531027,6,1340304
25532238,5,1340304
25533450,7,1340304
25534663,9,1340304
25535874,6,1340304
25537086,10,1338043
25538297,4,1338043
25539509,4,1338043
25540721,6,1338043
25541934,6,1338043
25543145,8,1338043
25544357,7,1338043
25545570,3,1338043
25546781,4,1338043
25547993,9,1337786
25549205,4,1337786
25550418,6,1337786
25551629,4,1337786
25552842,6,1337786
25554053,5,1337786
25555265,9,1337786
25556477,6,1337786
25557689,10,1337786
25558901,8,1338197
25560112,5,1338197
25561324,5,1338197
25562536,7,1338197
25563748,9,1338197
25564960,8,1338197
25566172,7,1338197
25567384,8,1338197
25568595,6,1338197
25569807,8,1336656
25571019,4,1336656
25572231,9,1336656
25579502,7,1336656
25580715,6,1340047
25581926,6,1340047
25583138,8,1340047
25584350,7,1340047
25585562,7,1340047
25586774,6,1340047
25587985,8,1340047
25589198,4,1340047
25590410,5,1340047
25591621,5,1340099
25592833,4,1340099
25594045,5,1340099
25595256,5,1340099
25596468,3,1340099
25597681,10,1340099
25598892,6,1340099
25600104,9,1340099
25601316,6,1340099
25602528,7,1337683
25603740,3,1337683
25604952,4,1337683
25606163,10,1337683
25607375,9,1337683
25608588,5,1337683
25609799,5,1337683
25611011,5,1337683
25612222,7,1337683
25613435,6,1336707
25614647,5,1340304
25615858,5,1340304
25617070,4,1340304
25618282,5,1340304
25619494,5,1340304
25620706,4,1340304
25621917,3,1340304
25623130,1,1340304
25624342,3,1340304
25625553,2,1337375
25626766,5,1337375
25627977,7,1337375
25629189,5,1337375
25630401,3,1337375
25631613,4,1337375
25632825,2,1337375
25634037,2,1337375
25635248,3,1337375
25636461,4,1341949
25637673,4,1341949
25638884,3,1341949
25640096,4,1341949
25641309,3,1341949
25642520,5,1341949
25643732,6,1341949
25644944,4,1341949
25646157,3,1341949
25647368,4,1338660
25648580,5,1338660
25649792,5,1338660
25651004,3,1338660
25652216,0,1338660
25653428,3,1338660
25654640,5,1338660
25655852,5,1338660
25663126,6,1338660
25664335,6,1338660
25665547,9,1338660
25666759,6,1338660
25667970,6,1340921
25669183,6,1340750
25670394,3,1336398
25671607,5,1336398
25672818,4,1336398
25674030,1,1336398
25675242,3,1336398
25676453,1,1336398
25677665,5,1336398
25678877,5,1336398
25680089,5,1336547
25681301,4,1335011
25682513,3,1335011
25683725,3,1335011
25684937,3,1335011
25686149,4,1335011
25687360,4,1335011
25688573,4,1335011
25689785,5,1335011
25690996,4,1335011
25692209,3,1335011
25693421,8,1335011
25694632,4,1335011
25695845,5,1335011
25697056,8,1335011
25698268,6,1335011
25699479,11,1335011
25700692,7,1339533
25701904,5,1339533
25703115,3,1339533
25704328,6,1339533
25705539,6,1339533
25706752,5,1339533
25707964,8,1339533
25709175,9,1339533
25710387,5,1339533
25711599,6,1339533
25712811,6,1339533
25714024,5,1339533
25715236,9,1339533
25716447,7,1339533
25717659,4,1339533
25718872,6,1339533
25720084,6,1339533
25721295,7,1339533
25722507,7,1339533
25723719,4,1338094
25724931,4,1338094
25726143,4,1338094
25727355,7,1338094
25728567,8,1338094
25729779,8,1338094
25730991,6,1338094
25732203,4,1338094
25733415,3,1338094
25734628,6,1340407
25735840,3,1340407
25737051,5,1340407
25738264,7,1340407
25739475,6,1336604
25746747,2,1336604
25747960,4,1336604
25749171,5,1336604
25750383,9,1336604
25751595,10,1336604
25752807,5,1336604
25754020,5,1336604
25755231,6,1336604
25756443,4,1336707
25757655,2,1336707
25758867,5,1336707
25760079,8,1336707
25761291,7,1336707
25762503,6,1336707
25763715,2,1336707
25764927,8,1336707
25766139,8,1336707
25767351,6,1338660
25768564,3,1338660
25769775,5,1338660
25770987,8,1338660
25772199,10,1338660
25773411,5,1338660
25774622,7,1338660
25775834,10,1338660
25777047,6,1338660
25778259,8,1335319
25779471,5,1335319
25780682,10,1335319
25781894,5,1335319
25783106,8,1335319
25784318,7,1335319
25785530,6,1335319
25786742,8,1335319
25787953,7,1335319
25789165,6,1341435
25790377,5,1337118
25791589,3,1337118
25792802,2,1337118
25794014,5,1337118
25795226,3,1337118
25796437,1,1337118
25797650,3,1337118
25798862,4,1337118
25800073,4,1337118
25801286,3,1338557
25802498,2,1338557
25803710,2,1338557
25804921,6,1338557
25806133,4,1338557
25807345,5,1338557
25808557,3,1338557
25809769,6,1338557
25810981,7,1338557
25812193,5,1336039
25813405,3,1336039
25814617,3,1336039
25815829,6,1336039
25817041,3,1336039
25818253,3,1336039
25819465,1,1336039
25820677,7,1336039
25821889,3,1336039
25823101,10,1336039
25831585,4,1336039
25832796,6,1336758
25834008,4,1337632
25835221,3,1337632
25836432,3,1337632
25837645,5,1337632
25838856,4,1337632
25840068,3,1337632
25841281,4,1337632
25842493,6,1337632
25843705,4,1337632
25844916,7,1337725
25846129,2,1335165
25847340,4,1335165
25848552,5,1335165
25849765,3,1335165
25850976,4,1335165
25852188,5,1335165
25853400,3,1335165
25854612,2,1335165
25855824,3,1335087
25857036,3,1341743
25858248,4,1341743
25859459,5,1341743
25860672,5,1341743
25861883,5,1341743
25863095,4,1341743
25864306,3,1341743
25865518,5,1341743
25866731,5,1341743
25867943,3,1341743
25869154,5,1341743
25870366,6,1341743
25871578,3,1341743
25872790,5,1341743
25874002,3,1341743
25875213,4,1341743
25876425,4,1334600
25877637,4,1334600
25878849,4,1334600
25880061,5,1334600
25881273,7,1334600
25882485,8,1334600
25883698,5,1334600
25884909,4,1334600
25886121,7,1334600
25887333,9,1334600
25888545,5,1338711
25889757,3,1338711
25890969,5,1338711
25892180,6,1338711
25893392,10,1338711
25894604,4,1338711
25895817,9,1338711
25897028,5,1338711
25898240,9,1338711
25899452,4,1336861
25900665,3,1336861
25901877,8,1336861
25903089,7,1336861
25904300,6,1336861
25905513,5,1336861
25906724,5,1336861
25907936,8,1336861
25915207,9,1336861
25916419,6,1336861
25917632,7,1336861
25918844,5,1336861
25920055,8,1336861
25921267,5,1337221
25922479,6,1337221
25923692,4,1337221
25924904,8,1337221
25926115,6,1337221
25927327,4,1337221
25928539,10,1337221
25929751,11,1337221
25930963,6,1337221
25932175,5,1339533
25933388,4,1339533
25934599,4,1339533
25935811,7,1339533
25937023,6,1339533
25938235,5,1339533
25939447,7,1339533
25940659,5,1339533
25941871,6,1339533
25943083,4,1338403
25944294,4,1338403
25945506,8,1338403
25946719,4,1338403
25947931,5,1338403
25949142,6,1338403
25950354,8,1338403
25951566,4,1338403
25952778,8,1338403
25953990,8,1336810
25955202,4,1336810
25956414,8,1336810
25957625,4,1336810
25958837,7,1336810
25960049,5,1336810
25961262,6,1336810
25962474,6,1336810
25963685,10,1336810
25964897,7,1338608
25966109,5,1338608
25967320,5,1338608
25968533,7,1338608
25969745,8,1338608
25970956,5,1338608
25972168,8,1338608
25973380,11,1338608
25974592,7,1338608
25975804,6,1337478
25977016,2,1336244
25978228,3,1336244
25979440,3,1336244
25980652,4,1336244
25981864,5,1336244
25983075,5,1336244
25984287,5,1336244
25985499,7,1336244
25986711,3,1336244
25987923,3,1338557
25989135,4,1338557
25990347,4,1338557
25991559,5,1340099
26000042,1,1340099
26001254,4,1340099
26002466,0,1340099
26003678,5,1340099
26004889,2,1340099
26006102,4,1340099
26007313,2,1340099
26008525,3,1340099
26009737,5,1342000
26010949,3,1342000
26012161,3,1342000
26013372,7,1342000
26014585,4,1342000
26015796,6,1342000
26017008,4,1342000
26018220,4,1342000
26019432,2,1342000
26020645,5,1341962
26021856,4,1331722
26023068,6,1331722
26024281,4,1331722
26025492,3,1331722
26026704,3,1331722
26027916,5,1331722
26029128,5,1331722
26030340,6,1331722
26031552,4,1331931
26032764,5,1346523
26033975,2,1346523
26035187,5,1346523
26036399,4,1346523
26037611,3,1346523
26038823,2,1346523
26040035,4,1346523
26041247,4,1346523
26042458,4,1346523
26043670,5,1346523
26044882,6,1346523
26046094,4,1346523
26047306,8,1346523
26048518,8,1346523
26049729,4,1346523
26050941,8,1346523
26052154,8,1330591
26053365,4,1330591
26054577,4,1330591
26055789,4,1330591
26057001,8,1330591
26058214,5,1330591
26059426,7,1330591
26060638,6,1330591
26061849,6,1330591
26063061,7,1330591
26064274,2,1337889
26065486,6,1337889
26066697,6,1337889
26067909,9,1337889
26069122,5,1337889
26070333,5,1337889
26071545,4,1337889
26072758,6,1337889
26073970,7,1337889
26075181,8,1339225
26076394,7,1339225
26084878,4,1339225
26086090,6,1339019
26087302,3,1339019
26088514,7,1339019
26089726,4,1339019
26090939,5,1339019
26092151,4,1339019
26093362,7,1339019
26094574,10,1339019
26095786,6,1339019
26096998,3,1339431
26098210,4,1339431
26099422,5,1339431
26100635,6,1339431
26101846,6,1339431
26103058,7,1339431
26104270,5,1339431
26105482,6,1339431
26106695,5,1339431
26107907,4,1335576
26109118,6,1335576
26110330,7,1335576
26111543,5,1335576
26112754,5,1335576
26113967,8,1335576
26115179,5,1335576
26116391,5,1335576
26117603,8,1335576
26118816,7,1338762
26120027,2,1338762
26121239,5,1338762
26122451,9,1338762
26123663,12,1338762
26124876,8,1338762
26126087,5,1338762
26127300,7,1338762
26128512,6,1338762
26129725,4,1338917
26130936,5,1338917
26132148,7,1338917
26133360,5,1338917
26134572,6,1338917
26135784,8,1338917
26136996,6,1338917
26138208,7,1338917
26139420,3,1338917
26140633,5,1337426
26141844,3,1337426
26143057,10,1337426
26144269,5,1337426
26145481,8,1337426
26146694,6,1337426
26147906,9,1337426
26149117,4,1337426
26150329,8,1337426
26151541,5,1337632
26152753,3,1337786
26153965,6,1337786
26155178,7,1337786
26156389,5,1337786
26157601,3,1337786
26158814,3,1337786
26160026,4,1337786
26161238,7,1337786
26169722,4,1337786
26170934,9,1337786
26172146,8,1337786
26173358,8,1337992
26174570,5,1339636
26175782,5,1339636
26176995,4,1339636
26178206,6,1339636
26179418,4,1339636
26180630,0,1339636
26181842,4,1339636
26183055,5,1339636
26184266,6,1339636
26185479,4,1338197
26186690,3,1338197
26187902,6,1338197
26189114,4,1338197
26190326,4,1338197
26191539,3,1338197
26192751,1,1338197
26193962,3,1338197
26195174,5,1338197
26196386,4,1338223
26197599,3,1345135
26198810,5,1345135
26200023,4,1345135
26201234,4,1345135
26202447,5,1345135
26203659,4,1345135
26204871,2,1345135
26206082,5,1345135
26207294,4,1345172
26208506,5,1341332
26209719,4,1341332
26210931,2,1341332
26212143,3,1341332
26213354,5,1341332
26214567,4,1341332
26215779,5,1341332
26216991,4,1341332
26218203,3,1341422
26219415,3,1341422
26220627,8,1341422
26221839,7,1341422
26223051,8,1341422
26224263,7,1341422
26225475,6,1341422
26226687,9,1341422
26227899,6,1337838
26229111,2,1337838
26230323,7,1337838
26231535,8,1337838
26232748,7,1337838
26233959,9,1337838
26235171,10,1337838
26236383,7,1337838
26237596,4,1337838
26238808,8,1337838
26240019,6,1341537
26241232,3,1341537
26242444,6,1341537
26243657,6,1341537
26244868,5,1341537
26246080,4,1341537
26253353,7,1341537
26254565,6,1341537
26255777,3,1341537
26256989,6,1341537
26258201,6,1341537
26259413,5,1341537
26260626,8,1341537
26261837,5,1337632
26263049,3,1337632
26264262,5,1337632
26265474,7,1337632
26266686,11,1337632
26267897,7,1337632
26269110,8,1337632
26270321,4,1337632
26271533,6,1337632
26272746,4,1338300
26273958,6,1338300
26275170,6,1338300
26276382,9,1338300
26277594,6,1338300
26278806,6,1338300
26280018,6,1338300
26281230,9,1338300
26282442,5,1338300
26283654,5,1338660
26284866,5,1338660
26286078,6,1338660
26287290,6,1338660
26288502,8,1338660
26289714,5,1338660
26290926,6,1338660
26292139,8,1338660
26293350,6,1338660
26294563,7,1338403
26295774,4,1338403
26296987,8,1338403
26298199,6,1338403
26299411,4,1338403
26300623,4,1338403
26301835,5,1338403
26303048,8,1338403
26304260,11,1338403
26305471,7,1341795
26306684,6,1341795
26307896,4,1341795
26309108,4,1341795
26310320,7,1341795
26311532,4,1341795
26312744,4,1341795
26313956,8,1341795
26315168,8,1341795
26316381,10,1337683
26317592,3,1337683
26318804,7,1337683
26320017,5,1337683
26321228,5,1337683
26322440,5,1337683
26323652,3,1337683
26324864,8,1337683
26326077,9,1337683
26327289,7,1339996
26328501,4,1342411
26329713,8,1342411
26337121,5,1342411
26338197,-2,1342411
26339409,4,1342411
26340621,10,1342411
26341833,5,1342411
26343045,6,1342411
26344257,6,1342411
26345470,8,1342411
26346681,10,1342411
26347893,9,1342411
26349105,8,1337889
26350318,3,1337889
26351529,4,1337889
26352742,6,1337889
26353954,5,1337889
26355166,7,1337889
26356378,6,1337889
26357590,4,1337889
26358802,5,1337889
26360014,3,1337889
26361226,4,1339276
26362438,4,1339276
26363650,3,1339276
26364862,5,1339276
26366075,5,1339276
26367286,4,1339276
26368498,3,1339276
26369711,3,1339276
26370923,4,1339276
26372135,1,1341486
26373347,4,1341486
26374559,4,1341486
26375771,4,1341486
26376983,6,1341486
26378195,2,1341486
26379408,3,1341486
26380619,4,1341486
26381832,4,1341486
26383044,2,1341567
26384256,5,1335679
26385468,-1,1335679
26386680,8,1335679
26387892,4,1335679
26389104,3,1335679
26390317,4,1335679
26391528,4,1335679
26392740,0,1335679
26393952,4,1335742
26395165,3,1338814
26396377,6,1338814
26397589,5,1338814
26398801,5,1338814
26400013,2,1338814
26401225,4,1338814
26402437,3,1338814
26403650,5,1338814
26404861,3,1338814
26406073,4,1338814
26407285,8,1338814
26408498,9,1338814
26409710,3,1338814
26410922,7,1338814
26412134,8,1338814
26413346,5,1338814
26420618,9,1338814
26421831,5,1338814
26423043,9,1338814
26424254,5,1338814
26425467,9,1338814
26426679,10,1337067
26427891,3,1337067
26429103,4,1337067
26430315,7,1337067
26431527,6,1337067
26432740,7,1337067
26433952,8,1337067
26435164,4,1337067
26436375,7,1337067
26437588,7,1341229
26438799,3,1341229
26440012,4,1341229
26441224,7,1341229
26442436,7,1341229
26443649,6,1341229
26444860,6,1341229
26446072,6,1341229
26447284,5,1341229
26448496,7,1343490
26449708,1,1343490
26450920,7,1343490
26452133,4,1343490
26453345,8,1343490
26454557,10,1343490
26455769,7,1343490
26456981,7,1343490
26458194,6,1343490
26459406,6,1337786
26460618,5,1337786
26461830,9,1337786
26463041,6,1337786
26464254,6,1337786
26465466,7,1337786
26466678,9,1337786
26467889,5,1337786
26469101,8,1337786
26470314,6,1336347
26471526,4,1336347
26472738,6,1336347
26473949,4,1336347
26475161,11,1336347
26476373,9,1336347
26477586,7,1336347
26478797,5,1336347
26480009,9,1336347
26481222,7,1339071
26482434,2,1339071
26483646,10,1339071
26484858,5,1339071
26486071,10,1339071
26487283,8,1339071
26488494,6,1339071
26489707,6,1339071
26490919,7,1339071
26492130,7,1338762
26493342,4,1338762
26494554,9,1338762
26495767,6,1338762
26496978,7,1339586
26504251,2,1339842
26505463,6,1339842
26506675,18,1339842
26507887,5,1339842
26509100,3,1339842
26510312,4,1339842
26511524,2,1339842
26512735,3,1339842
26513948,5,1339842
26515160,5,1337735
26516372,5,1337735
26517584,5,1337735
26518796,3,1337735
26520008,4,1337735
26521221,4,1337735
26522432,4,1337735
26523645,4,1337735
26524856,3,1337735
26526069,4,1340150
26527281,4,1340150
26528494,4,1340150
26529705,4,1340150
26530917,2,1340150
26532130,5,1340150
26533342,4,1340150
26534553,5,1340150
26535766,4,1340150
26536977,5,1338660
26538190,6,1338660
26539402,3,1338660
26540614,5,1338660
26541826,6,1338660
26543039,3,1338660
26544250,4,1338660
26545462,4,1338660
26546674,6,1338660
26547886,4,1340510
26549099,5,1340510
26550311,4,1340510
26551523,4,1340510
26552734,4,1340510
26553947,5,1340510
26555159,4,1340510
26556371,7,1340510
26557583,3,1340510
26558795,1,1340654
26560007,3,1337838
26561219,0,1337838
26562431,2,1337838
26563644,4,1337838
26564856,6,1337838
26566067,5,1337838
26567279,3,1337838
26568491,4,1337838
26569703,3,1337643
26570916,4,1340715
26572128,5,1340715
26573340,5,1340715
26574552,1,1340715
26575764,5,1340715
26576976,3,1340715
26578188,2,1340715
26579400,2,1340715
26580612,6,1340715
26589097,6,1340715
26590310,8,1339842
26591521,5,1339842
26592733,3,1339842
26593945,8,1339842
26595158,6,1339842
26596369,8,1339842
26597582,6,1339842
26598793,7,1339842
26600006,5,1339842
26601218,6,1339842
26602430,4,1339328
26603642,3,1339328
26604854,5,1339328
26606067,6,1339328
26607278,7,1339328
26608490,7,1339328
26609702,5,1339328
26610914,7,1339328
26612127,7,1339328
26613338,7,1338917
26614550,5,1338917
26615762,7,1338917
26616975,7,1338917
26618187,9,1338917
26619399,6,1338917
26620611,6,1338917
26621823,11,1338917
26623035,6,1338917
26624247,8,1338557
26625459,3,1338557
26626671,8,1338557
26627883,9,1338557
26629096,4,1338557
26630308,4,1338557
26631520,7,1338557
26632732,6,1338557
26633944,9,1338557
26635156,9,1340664
26636368,5,1340664
26637580,6,1340664
26638792,4,1340664
26640004,7,1340664
26641217,5,1340664
26642429,8,1340664
26643641,8,1340664
26644853,5,1340664
26646065,6,1340664
26647277,4,1340664
26648489,5,1340664
26649702,3,1340664
26650913,6,1340664
26652125,5,1340664
26653337,7,1340664
26654550,9,1340664
26655762,6,1340664
26656975,8,1341743
26658187,4,1341743
26659398,7,1341743
26660611,5,1341743
26661823,4,1341743
26663034,7,1341743
26664247,7,1341743
26665459,4,1341743
26672732,3,1341743
26673944,5,1341743
26675156,6,1341743
26676368,8,1341743
26677580,10,1341743
26678792,9,1339276
26680004,0,1339276
26681216,7,1339276
26682428,6,1339276
26683641,6,1339276
26684853,7,1339276
26686065,8,1339276
26687277,6,1339276
26688489,6,1339276
26689701,7,1337992
26690913,4,1339431
26692125,6,1339431
26693338,7,1339431
26694549,2,1339431
26695762,5,1339431
26696973,3,1339431
26698186,4,1339431
26699398,3,1339431
26700610,4,1339431
26701822,4,1336039
26703035,3,1336039
26704246,4,1336039
26705458,5,1336039
26706670,6,1336039
26707883,3,1336039
26709095,3,1336039
26710306,3,1336039
26711518,4,1336039
26712731,3,1338814
26713943,5,1338814
26715154,4,1338814
26716366,3,1338814
26717579,3,1338814
26718790,3,1338814
26720003,5,1338814
26721215,3,1338814
26722427,4,1338814
26723638,2,1342257
26724851,4,1342257
26726063,4,1342257
26727274,6,1342257
26728487,5,1342257
26729699,5,1342257
26730911,2,1342257
26732123,4,1342257
26733335,3,1342257
26734547,4,1342257
26735759,6,1342257
26736971,4,1342257
26738183,6,1342257
26739396,4,1342257
26740607,3,1342257
26741819,5,1342257
26743031,3,1342257
26744243,4,1342257
26745455,3,1342411
26746667,4,1342411
26747879,5,1342411
26749091,6,1342411
26757574,3,1342411
26758787,5,1342411
26759999,7,1342411
26761211,9,1342411
26762423,3,1342411
26763635,6,1342411
26764846,9,1342411
26766059,5,1339276
26767270,5,1339276
26768482,6,1339276
26769694,7,1339276
26770907,6,1339276
26772118,8,1339276
26773331,5,1339276
26774543,5,1339276
26775755,3,1339276
26776967,6,1339276
26778179,7,1338968
26779392,4,1338968
26780603,5,1338968
26781815,3,1338968
26783027,6,1338968
26784239,7,1338968
26785451,8,1338968
26786664,7,1338968
26787875,5,1338968
26789087,2,1339636
26790299,2,1339636
26791511,6,1339636
26792724,7,1339636
26793935,9,1339636
26795147,5,1339636
26796359,7,1339636
26797571,6,1339636
26798783,7,1339636
26799995,8,1339431
26801207,5,1339431
26802419,5,1339431
26803630,7,1339431
26804844,6,1339431
26806055,6,1339431
26807267,6,1339431
26808478,3,1339431
26809690,6,1339431
26810902,7,1338814
26812113,8,1338814
26813325,8,1338814
26814538,5,1338814
26815749,7,1338814
26816962,7,1338814
26818173,5,1338814
26819385,6,1338814
26820598,7,1338814
26821810,7,1337940
26823021,5,1337940
26824233,9,1337940
26825446,6,1337940
26826657,7,1337940
26827869,9,1337940
26829081,6,1337940
26830294,9,1337940
26831506,6,1337940
26832718,4,1339996
26833930,9,1339996
26841202,14,1339996
26842414,6,1339996
26843626,6,1340664
26844838,3,1340664
26846050,4,1340664
26847261,8,1340664
26848474,6,1340664
26849685,10,1340664
26850897,7,1340664
26852110,6,1340664
26853321,7,1340664
26854534,6,1342771
26855745,3,1342771
26856957,5,1342771
26858170,7,1342771
26859382,11,1342771
26860593,10,1342771
26861806,9,1342771
26863018,4,1342771
26864229,10,1342771
26865441,10,1340407
26866654,3,1344210
26867865,2,1344210
26869077,2,1344210
26870289,5,1344210
26871502,5,1344210
26872713,3,1344210
26873925,2,1344210
26875137,3,1344210
26876350,6,1344210
26877561,6,1341332
26878773,5,1341332
26879985,7,1341332
26881197,4,1341332
26882409,2,1341332
26883621,3,1341332
26884833,4,1341332
26886045,3,1341332
26887257,5,1341332
26888469,1,1341332
26889681,8,1341332
26890892,5,1341332
26892104,4,1341332
26893317,5,1341332
26894529,6,1341332
26895740,4,1341332
26896952,4,1341332
26898165,3,1341332
26899377,6,1340869
26900588,5,1340869
26901800,5,1340869
26903012,2,1340869
26904225,3,1340869
26905436,4,1340869
26906649,6,1340869
26907860,5,1340869
26909072,4,1340869
26910284,4,1341281
26911496,4,1341281
26912708,5,1341281
26913920,4,1341281
26915132,5,1341281
26916344,5,1341281
26917556,4,1341281
26926039,3,1341281
26927251,6,1341281
26928463,7,1341281
26929676,11,1341281
26930887,5,1342514
26932099,4,1342466
26933311,4,1343490
26934523,4,1343490
26935735,4,1343490
26936947,4,1343490
26938158,5,1343490
26939371,4,1343490
26940583,3,1343490
26941795,5,1343490
26943007,2,1343490
26944219,4,1343490
26945430,6,1343490
26946642,6,1343490
26947854,10,1343490
26949066,7,1343490
26950277,8,1343490
26951489,7,1343490
26952701,5,1347807
26953913,4,1347807
26955125,0,1347807
26956337,3,1347807
26957550,4,1347807
26958761,6,1347807
26959973,5,1347807
26961185,4,1347807
26962397,6,1347807
26963608,6,1347807
26964820,7,1343593
26966032,3,1343593
26967244,4,1343593
26968456,7,1343593
26969668,7,1343593
26970880,5,1343593
26972092,7,1343593
26973304,9,1343593
26974516,7,1343593
26975728,3,1344827
26976940,4,1344827
26978152,6,1344827
26979363,8,1344827
26980575,7,1344827
26981787,6,1344827
26982999,8,1344827
26984210,6,1344827
26985423,6,1344827
26986634,5,1342617
26987846,4,1342617
26989058,6,1342617
26990270,8,1342617
26991482,5,1342617
26992694,8,1342617
26993906,6,1342617
26995118,4,1342617
26996329,5,1342617
26997541,6,1341024
26998753,1,1341024
26999965,9,1341024
27001177,7,1341024
27002388,6,1342617
27009660,14,1342617
27010871,7,1342617
27012083,8,1342617
27013295,4,1342617
27014507,6,1342617
27015719,6,1342617
27016931,6,1342617
27018143,5,1342617
27019355,7,1342925
27020567,2,1342925
27021778,8,1342925
27022990,9,1342925
27024202,6,1342925
27025414,6,1342925
27026625,10,1342925
27027837,6,1342925
27029049,7,1342925
27030262,8,1345238
27031473,4,1345238
27032684,8,1345238
27033896,4,1345238
27035108,7,1345238
27036320,7,1345238
27037532,8,1345238
27038744,9,1345238
27039956,9,1345238
27041168,5,1341795
27042380,9,1344313
27043592,5,1344313
27044804,7,1344313
27046015,4,1344313
27047228,2,1344313
27048439,3,1344313
27049651,3,1344313
27050863,4,1344313
27052075,3,1344313
27053286,5,1343748
27054498,3,1343748
27055711,3,1343748
27056923,5,1343748
27058134,6,1343748
27059346,5,1343748
27060557,3,1343748
27061769,4,1343748
27062981,7,1343748
27064194,5,1343748
27065405,3,1343748
27066618,3,1343748
27067830,3,1343748
27069041,4,1343748
27070253,3,1343748
27071465,5,1343748
27072677,8,1343748
27073888,5,1343748
27075100,5,1344158
27076312,2,1344158
27077524,3,1344158
27078736,5,1344158
27079948,5,1344158
27081160,3,1344158
27082372,5,1344158
27083584,4,1344158
27084795,3,1344158
27086007,6,1344158
27093279,2,1344158
27094491,3,1344158
27095704,4,1341949
27096915,3,1341798
27098127,5,1342566
27099340,4,1342566
27100551,4,1342566
27101763,5,1342566
27102975,4,1342566
27104187,5,1342566
27105398,3,1342566
27106611,3,1342566
27107823,4,1342510
27109035,2,1341486
27110247,6,1341486
27111458,3,1341486
27112670,4,1341486
27113883,4,1341486
27115093,3,1341486
27116306,4,1341486
27117517,3,1341486
27118729,2,1341486
27119941,3,1341486
27121153,6,1341486
27122365,7,1341486
27123578,8,1341486
27124789,6,1341486
27126002,7,1341486
27127213,8,1341486
27128425,5,1346266
27129637,5,1346266
27130849,5,1346266
27132061,5,1346266
27133272,6,1346266
27134485,10,1346266
27135696,6,1346266
27136908,5,1346266
27138120,7,1346266
27139332,6,1346266
27140545,7,1342257
27141756,2,1342257
27142968,5,1342257
27144180,8,1342257
27145391,6,1342257
27146603,6,1342257
27147816,6,1342257
27149027,6,1342257
27150240,7,1342257
27151451,8,1345238
27152663,4,1345238
27153875,3,1345238
27155087,5,1345238
27156298,7,1345238
27157511,8,1345238
27158722,7,1345238
27159935,8,1345238
27161147,6,1345238
27162359,8,1340356
27163571,5,1340356
27164782,7,1340356
27165994,9,1340356
27167207,7,1340356
27168418,4,1340356
27169630,8,1340356
27178113,7,1340356
27179325,8,1340356
27180538,8,1340356
27181749,6,1340356
27182961,4,1340356
27184172,6,1343080
27185384,5,1343080
27186597,9,1343080
27187809,7,1343080
27189020,5,1343080
27190232,6,1343080
27191444,4,1343080
27192656,9,1343080
27193868,8,1343080
27195080,9,1345084
27196292,5,1345084
27197503,7,1345084
27198716,3,1345084
27199928,7,1345084
27201139,5,1345084
27202351,7,1345084
27203563,7,1345084
27204776,6,1345084
27205987,8,1345238
27207200,2,1345238
27208411,5,1345238
27209623,6,1345238
27210835,8,1345238
27212047,8,1345238
27213259,6,1345238
27214471,7,1345238
27215683,11,1345238
27216895,7,1343542
27218107,5,1345341
27219318,2,1345341
27220530,4,1345341
27221743,4,1345341
27222955,5,1345341
27224166,5,1345341
27225379,7,1345341
27226590,4,1345341
27227802,5,1345341
27229014,4,1341281
27230226,4,1341281
27231438,3,1341281
27232650,4,1341281
27233861,4,1341281
27235074,3,1341281
27236286,4,1341281
27237497,5,1341281
27238709,5,1341281
27239921,3,1342617
27241134,3,1342617
27242346,6,1342617
27243557,5,1342617
27244769,5,1342617
27245981,8,1342617
27247194,3,1342617
27248406,3,1342617
27249618,5,1342617
27250830,3,1345341
27252042,3,1345341
27253254,4,1345341
27254466,4,1346471
27262951,16,1346471
27264163,4,1346471
27265375,8,1346471
27266587,5,1346471
27267798,6,1346471
27269010,4,1346471
27270222,4,1346471
27271435,1,1346471
27272646,4,1346310
27273859,5,1344518
27275071,4,1344518
27276283,2,1344518
27277495,6,1344518
27278707,4,1344518
27279919,5,1344518
27281131,6,1344518
27282343,4,1344518
27283556,3,1344520
27284767,3,1345032
27285980,4,1345032
27287192,6,1345032
27288404,4,1345032
27289616,3,1345032
27290828,2,1345032
27292040,3,1345032
27293252,5,1345032
27294464,4,1345032
27295676,6,1345032
27296888,9,1345032
27298100,6,1345032
27299312,8,1345032
27300524,8,1345032
27301737,8,1345032
27302949,7,1345032
27304160,6,1340201
27305373,8,1340201
27306585,5,1340201
27307797,4,1340201
27309009,7,1340201
27310221,6,1340201
27311433,6,1340201
27312645,5,1340201
27313857,3,1340201
27315069,4,1340201
27316282,6,1346009
27317493,5,1346009
27318706,8,1346009
27319917,6,1346009
27321129,7,1346009
27322342,6,1346009
27323554,9,1346009
27324765,8,1346009
27325977,9,1346009
27327189,7,1343902
27328402,5,1343902
27329613,8,1343902
27330825,11,1343902
27332037,5,1343902
27333250,8,1343902
27334462,5,1343902
27335674,8,1343902
27336886,4,1343902
27338099,9,1348270
27339310,6,1348270
27347794,9,1348270
27349006,5,1343748
27350218,-1,1343748
27351430,5,1343748
27352642,9,1343748
27353854,8,1343748
27355066,7,1343748
27356277,5,1343748
27357489,6,1343748
27358701,4,1343748
27359913,6,1344467
27361126,6,1344467
27362337,7,1344467
27363550,5,1344467
27364761,6,1344467
27365973,4,1344467
27367186,9,1344467
27368398,7,1344467
27369609,6,1344467
27370821,6,1346882
27372033,4,1346882
27373245,5,1346882
27374457,7,1346882
27375669,6,1346882
27376881,6,1346882
27378093,4,1346882
27379305,6,1346882
27380517,10,1346882
27381729,7,1342566
27382941,2,1342566
27384153,5,1342566
27385365,7,1342566
27386577,7,1342566
27387789,6,1342566
27389001,9,1342566
27390213,7,1342566
27391424,5,1342566
27392637,6,1346985
27393848,5,1343593
27395060,4,1343593
27396273,5,1343593
27397485,5,1343593
27398697,4,1343593
27399910,4,1343593
27401121,5,1343593
27402333,5,1343593
27403545,4,1343593
27404757,3,1345495
27405969,4,1345495
27407181,5,1345495
27408393,4,1345495
27409605,6,1345495
27410818,4,1345495
27412029,4,1345495
27413241,2,1345495
27414453,1,1345495
27415666,3,1344107
27416877,2,1344107
27418089,4,1344107
27419302,5,1344107
27420513,4,1344107
27421726,1,1344107
27422938,4,1344107
27424150,4,1344107
27432634,16,1344107
27433846,5,1344107
27435059,9,1344107
27436271,10,1342566
27437483,7,1343490
27438695,5,1343490
27439906,6,1343490
27441118,5,1343490
27442331,3,1343490
27443543,4,1343490
27444754,6,1343490
27445967,6,1343490
27447178,7,1343490
27448390,4,1343493
27449603,1,1344261
27450815,4,1344261
27452027,5,1344261
27453239,5,1344261
27454451,3,1344261
27455663,7,1344261
27456875,3,1344261
27458087,3,1344261
27459299,1,1344268
27460511,5,1346060
27461723,4,1346060
27462935,4,1346060
27464146,6,1346060
27465359,4,1346060
27466570,5,1346060
27467783,5,1346060
27468995,5,1346060
27470206,4,1346060
27471419,2,1346060
27472630,8,1346060
27473844,5,1346060
27475054,7,1346060
27476267,4,1346060
27477479,7,1346060
27478691,7,1346060
27479903,6,1343542
27481115,4,1343542
27482327,4,1343542
27483539,8,1343542
27484751,5,1343542
27485963,6,1343542
27487175,9,1343542
27488387,7,1343542
27489599,7,1343542
27490812,6,1343542
27492024,6,1346523
27493235,4,1346523
27494448,9,1346523
27495660,6,1346523
27496871,8,1346523
27498084,8,1346523
27499296,7,1346523
27500508,8,1346523
27501721,6,1346523
27502932,5,1344261
27504144,5,1344261
27505356,6,1344261
27506568,4,1344261
27507780,6,1344261
27508993,4,1344261
27516265,-5,1344261
27517478,5,1344261
27518690,6,1344261
27519903,6,1344261
27521115,5,1344261
27522327,4,1344261
27523539,4,1344261
27524751,8,1341795
27525962,1,1341795
27527175,6,1341795
27528387,8,1341795
27529599,6,1341795
27530811,7,1341795
27532023,6,1341795
27533236,7,1341795
27534447,6,1341795
27535659,2,1346163
27536872,3,1346163
27538084,8,1346163
27539296,5,1346163
27540508,9,1346163
27541720,4,1346163
27542932,5,1346163
27544144,5,1346163
27545357,6,1346163
27546570,4,1342977
27547781,5,1342977
27548994,7,1342977
27550205,3,1342977
27551418,5,1342977
27552629,5,1342977
27553841,8,1342977
27555054,6,1342977
27556266,5,1342977
27557478,5,1341589
27558690,5,1341589
27559903,8,1341589
27561115,5,1341589
27562327,5,1341589
27563539,8,1341589
27564751,7,1341589
27565963,7,1341589
27567175,5,1341589
27568387,8,1345289
27569599,4,1345289
27570811,6,1345289
27572023,8,1345289
27573236,5,1345289
27574448,9,1345289
27575660,7,1345289
27576872,8,1345289
27578084,4,1345289
27579296,7,1343182
27580509,2,1346060
27581720,1,1346060
27582932,3,1346060
27584145,5,1346060
27585356,4,1346060
27586568,4,1346060
27587780,2,1346060
27588992,4,1346060
27590205,3,1346060
27591416,2,1346625
27592629,7,1346625
27601113,15,1346625
27602325,6,1345135
27603537,5,1345135
27604749,4,1345135
27605961,3,1345135
27607173,3,1345135
27608385,4,1345135
27609597,4,1345135
27610809,6,1345135
27612021,4,1345135
27613233,4,1347037
27614445,3,1347037
27615657,3,1347037
27616869,5,1347037
27618081,6,1347037
27619293,7,1347037
27620506,5,1347037
27621717,5,1347037
27622929,4,1347037
27624141,5,1347037
27625353,5,1347037
27626566,4,1347037
27627777,3,1347037
27628990,4,1347037
27630201,5,1347037
27631413,4,1347037
27632625,4,1347037
27633838,5,1347037
27635049,3,1346932
27636262,4,1346420
27637473,3,1346420
27638685,5,1346420
27639897,4,1346420
27641110,5,1346420
27642322,4,1346420
27643534,4,1346420
27644746,4,1346420
27645959,4,1346546
27647170,5,1339122
27648383,6,1339122
27649594,4,1339122
27650807,2,1339122
27652018,3,1339122
27653230,3,1339122
27654443,4,1339122
27655654,4,1339122
27656867,4,1339122
27658078,5,1339122
27659291,8,1339122
27660503,7,1339122
27661715,6,1339122
27662927,8,1339122
27664139,7,1339122
27665351,6,1339122
27666563,6,1339122
27667776,8,1344827
27668988,6,1344827
27670200,6,1344827
27671411,5,1344827
27672623,7,1344827
27673835,9,1344827
27675049,9,1344827
27676261,7,1344827
27677472,9,1344827
27684745,4,1344827
27685956,5,1344827
27687168,8,1344827
27688381,9,1344827
27689593,7,1343490
27690805,4,1343490
27692017,7,1343490
27693229,8,1343490
27694441,4,1343490
27695653,6,1343490
27696865,8,1343490
27698077,7,1343490
27699289,8,1343490
27700501,7,1344621
27701713,4,1344621
27702925,6,1344621
27704138,5,1344621
27705349,6,1344621
27706562,8,1344621
27707773,6,1344621
27708986,10,1344621
27710197,5,1344621
27711410,8,1347242
27712623,3,1347242
27713834,5,1347242
27715047,7,1347242
27716258,6,1347242
27717470,5,1347242
27718683,10,1347242
27719895,6,1347242
27721107,6,1347242
27722319,3,1343593
27723532,3,1343593
27724743,9,1343593
27725955,6,1343593
27727168,5,1343593
27728379,6,1343593
27729592,6,1343593
27730804,5,1343593
27732016,4,1343593
27733228,6,1344313
27734440,3,1344313
27735652,7,1344313
27736864,9,1344313
27738076,5,1344313
27739288,6,1344313
27740501,6,1344313
27741713,5,1344313
27742925,6,1344313
27744137,8,1342771
27745349,5,1342771
27746561,6,1342771
27747774,8,1342771
27748985,7,1342771
27750198,6,1342771
27751410,5,1342771
27752621,7,1342771
27753834,6,1342771
27755045,8,1345289
27756258,5,1344929
27757470,4,1344929
27758682,9,1344929
27759893,2,1344929
27761105,8,1344929
27769590,6,1344929
27770803,6,1344929
27772015,9,1344929
27773227,7,1344929
27774439,4,1344929
27775651,6,1344929
27776863,7,1341383
27778075,6,1341383
27779287,5,1341383
27780500,2,1341383
27781712,5,1341383
27782923,4,1341383
27784136,5,1341383
27785347,4,1341383
27786559,5,1341383
27787772,6,1341383
27788984,7,1334959
27790196,5,1334959
27791409,6,1334959
27792620,6,1334959
27793833,2,1334959
27795044,0,1334959
27796257,4,1334959
27797469,5,1334959
27798681,9,1334959
27799893,6,1345906
27801106,4,1345906
27802317,6,1345906
27803529,5,1345906
27804742,5,1345906
27805954,4,1345906
27807165,5,1345906
27808377,6,1345906
27809590,5,1345906
27810802,4,1345896
27812014,3,1343080
27813226,5,1343080
27814438,4,1343080
27815650,4,1343080
27816863,3,1343080
27818075,4,1343080
27819287,5,1343080
27820499,4,1343080
27821711,5,1343197
27822923,6,1347037
27824136,4,1347037
27825348,4,1347037
27826559,6,1347037
27827771,6,1347037
27828983,6,1347037
27830196,3,1347037
27831407,3,1347037
27832620,2,1347037
27833832,6,1347037
27835044,5,1347037
27836256,6,1347037
27837468,4,1347037
27838681,11,1347037
27839892,11,1347037
27841104,7,1347037
27842316,7,1340253
27843529,2,1340253
27844741,3,1340253
27845953,6,1340253
27853225,7,1344878
27854437,7,1344878
27855650,4,1344878
27856861,5,1344878
27858073,8,1344878
27859285,8,1344878
27860498,7,1344878
27861710,5,1344878
27862922,8,1344878
27864133,5,1344878
27865346,4,1342360
27866558,5,1342360
27867770,5,1342360
27868982,8,1342360
27870194,5,1342360
27871406,7,1342360
27872618,7,1342360
27873830,6,1342360
27875043,5,1342360
27876254,7,1342720
27877466,5,1342720
27878679,9,1342720
27879891,8,1342720
27881103,6,1342720
27882315,5,1342720
27883527,7,1342720
27884739,5,1342720
27885951,5,1342720
27887163,6,1343490
27888375,6,1343490
27889587,5,1343490
27890799,11,1343490
27892011,7,1343490
27893223,8,1343490
27894435,7,1343490
27895647,6,1343490
27896859,8,1343490
27898071,7,1343285
27899283,4,1343285
27900495,7,1343285
27901708,6,1343285
27902920,5,1343285
27904132,7,1343285
27905344,6,1343285
27906555,4,1343285
27907768,6,1343285
27908980,7,1347448
27910193,3,1347448
27911404,4,1347448
27912616,7,1347448
27913829,7,1347448
27915040,5,1347448
27916253,6,1347448
27917465,6,1347448
27918677,7,1347448
27919888,10,1343182
27921101,5,1343182
27922313,7,1343182
27923525,6,1343182
27924737,8,1343182
27925949,5,1343182
27927161,9,1343182
27928373,10,1343182
27929585,5,1343182
27938070,5,1343182
27939282,7,1343182
27940495,8,1343182
27941707,4,1343439
27942919,6,1345855
27944131,5,1345855
27945343,4,1345855
27946555,4,1345855
27947767,5,1345855
27948980,7,1345855
27950192,4,1345855
27951403,4,1345855
27952616,3,1345855
27953828,4,1341383
27955040,5,1341383
27956252,4,1341383
27957464,5,1341383
27958676,6,1341383
27959888,4,1341383
27961100,3,1341383
27962313,4,1341383
27963524,4,1341383
27964736,1,1340356
27965948,3,1340356
27967161,2,1340356
27968373,6,1340356
27969585,4,1340356
27970797,3,1340356
27972010,5,1340356
27973221,4,1340356
27974433,3,1340356
27975645,3,1344827
27976858,5,1344827
27978069,5,1344827
27979282,4,1344827
27980494,2,1344827
27981706,6,1344827
27982918,3,1344827
27984130,3,1344827
27985342,3,1344827
27986554,3,1345022
27987766,5,1342206
27988979,5,1342206
27990191,4,1342206
27991403,2,1342206
27992614,5,1342206
27993827,4,1342206
27995039,4,1342206
27996250,5,1342206
27997462,5,1342110
27998675,5,1343902
27999887,4,1343902
28001099,5,1343902
28002310,5,1343902
28003522,1,1343902
28004735,3,1343902
28005947,4,1343902
28007159,4,1343902
28008371,6,1343902
28009583,4,1343902
28010795,5,1343902
28012007,5,1343902
28013219,7,1343902
28014431,6,1343902
28021704,4,1343902
28022915,4,1343902
28024128,5,1343902
28025340,8,1343902
28026551,7,1343902
28027763,7,1343902
28028976,6,1343902
28030187,7,1344158
28031399,0,1344158
28032612,4,1344158
28033824,7,1344158
28035036,8,1344158
28036248,6,1344158
28037460,3,1344158
28038672,8,1344158
28039884,8,1344158
28041096,6,1344981
28042308,6,1344981
28043520,7,1344981
28044732,5,1344981
28045944,5,1344981
28047156,5,1344981
28048369,5,1344981
28049581,6,1344981
28050792,9,1344981
28052004,3,1340356
28053216,6,1340356
28054428,7,1340356
28055640,8,1340356
28056852,6,1340356
28058064,8,1340356
28059276,7,1340356
28060488,6,1340356
28061700,5,1340356
28062912,4,1339585
28064124,4,1339585
28065336,9,1339585
28066548,6,1339585
28067760,7,1339585
28068972,6,1339585
28070184,5,1339585
28071396,5,1339585
28072608,7,1339585
28073820,7,1345392
28075032,3,1345392
28076244,7,1345392
28077456,6,1345392
28078668,5,1345392
28079880,6,1345392
28081092,7,1345392
28082304,5,1345392
28083516,5,1345392
28084728,7,1343542
28085940,4,1343542
28087152,4,1343542
28088364,7,1343542
28089576,7,1343542
28090788,6,1343542
28092000,8,1343542
28093212,8,1343542
28094424,6,1343542
28095636,6,1341383
28096848,4,1341383
28098059,4,1341383
28105331,9,1341383
28106544,9,1342874
28107756,2,1342874
28108968,3,1342874
28110180,5,1342874
28111392,7,1342874
28112604,5,1342874
28113816,7,1342874
28115028,5,1342874
28116240,5,1342874
28117452,5,1345289
28118664,5,1349812
28119876,3,1349812
28121088,4,1349812
28122300,3,1349812
28123512,3,1349812
28124724,5,1349812
28125936,5,1349812
28127148,4,1349812
28128360,4,1349812
28129572,5,1342360
28130785,2,1342360
28131996,4,1342360
28133208,3,1342360
28134421,2,1342360
28135633,3,1342360
28136845,4,1342360
28138056,3,1342360
28139268,0,1342360
28140480,5,1343028
28141692,4,1343028
28142904,8,1343028
28144117,6,1343028
28145329,3,1343028
28146540,5,1343028
28147753,5,1343028
28148964,3,1343028
28150177,7,1343028
28151389,4,1342617
28152601,6,1342617
28153812,4,1342617
28155025,3,1342617
28156237,3,1342617
28157449,4,1342617
28158661,6,1342617
28159873,5,1342617
28161085,4,1342617
28162297,4,1342572
28163510,5,1344364
28164722,3,1344364
28165933,5,1344364
28167145,6,1344364
28168357,3,1344364
28169570,3,1344364
28170781,2,1344364
28171993,7,1344364
28173206,3,1344400
28174418,2,1340304
28175629,5,1340304
28176842,3,1340304
28178053,2,1340304
28179266,4,1340304
28180478,6,1340304
28181690,-2,1340304
28190174,3,1340304
28191386,4,1340304
28192598,7,1340304
28193810,9,1342771
28195023,4,1342771
28196234,3,1342771
28197447,6,1342771
28198659,7,1342771
28199871,7,1342771
28201083,8,1342771
28202295,6,1342771
28203507,7,1342771
28204720,4,1342771
28205931,8,1343028
28207144,5,1343028
28208356,8,1343028
28209567,10,1343028
28210780,4,1343028
28211992,2,1343028
28213204,7,1343028
28214416,5,1343028
28215628,7,1343028
28216840,4,1342977
28218052,4,1342977
28219265,8,1342977
28220476,6,1342977
28221689,6,1342977
28222901,7,1342977
28224113,5,1342977
28225326,5,1342977
28226537,7,1342977
28227749,7,1345443
28228962,4,1345443
28230173,8,1345443
28231386,5,1345443
28232598,5,1345443
28233810,5,1345443
28235021,5,1345443
28236233,9,1345443
28237445,8,1345443
28238657,6,1344981
28239869,4,1344981
28241081,7,1344981
28242293,7,1344981
28243505,8,1344981
28244717,5,1344981
28245930,5,1344981
28247141,3,1344981
28248354,8,1344981
28249566,7,1340459
28250778,3,1340459
28251990,9,1340459
28253202,5,1340459
28254414,5,1340459
28255627,6,1340459
28256838,7,1340459
28258051,8,1340459
28259262,7,1340459
28260474,8,1343748
28261686,5,1343748
28262898,8,1343748
28264110,8,1343748
28265323,8,1343748
28266534,6,1343748
28275019,5,1343748
28276231,8,1343748
28277443,5,1343748
28278656,8,1343748
28279867,10,1343748
28281080,6,1343748
28282292,6,1343131
28283504,3,1343131
28284716,3,1343131
28285928,7,1343131
28287140,9,1343131
28288352,6,1343131
28289564,5,1343131
28290776,6,1343131
28291988,9,1343131
28293200,5,1344004
28294413,2,1343182
28295624,3,1343182
28296837,4,1343182
28298049,4,1343182
28299261,5,1343182
28300473,5,1343182
28301685,8,1343182
28302897,5,1343182
28304109,3,1343182
28305321,2,1339996
28306534,3,1339996
28307745,5,1339996
28308958,7,1339996
28310169,4,1339996
28311382,3,1339996
28312593,4,1339996
28313806,5,1339996
28315017,3,1339996
28316230,5,1339996
28317441,2,1339996
28318654,4,1339996
28319866,3,1339996
28321078,3,1339996
28322290,5,1339996
28323503,5,1339996
28324714,3,1339996
28325926,4,1339996
28327138,5,1342309
28328351,6,1342309
28329563,4,1342309
28330775,3,1342309
28331987,6,1342309
28333199,2,1342309
28334411,2,1342309
28335623,4,1342309
28336835,5,1342309
28338047,4,1341075
28339259,4,1341075
28340471,4,1341075
28341683,7,1341075
28342895,4,1341075
28344107,4,1341075
28345320,5,1341075
28346531,3,1341075
28347743,4,1341075
28348955,5,1341140
28350167,4,1344724
28351379,6,1344724
28359864,3,1344573
28361076,4,1345341
28362287,6,1345341
28363500,4,1345341
28364712,4,1345341
28365924,3,1345341
28367136,3,1345341
28368348,4,1345341
28369561,3,1345341
28370772,3,1345341
28371984,7,1345341
28373196,8,1345341
28374409,8,1345341
28375621,8,1345341
28376833,5,1345341
28378046,6,1345341
28379257,8,1345341
28380469,7,1337118
28381682,8,1337118
28382893,4,1337118
28384105,8,1337118
28385317,6,1337118
28386530,6,1337118
28387742,4,1337118
28388954,5,1337118
28390166,7,1337118
28391378,9,1337118
28392590,8,1344004
28393802,4,1344004
28395014,6,1344004
28396227,4,1344004
28397438,4,1344004
28398650,4,1344004
28399863,7,1344004
28401075,9,1344004
28402286,5,1344004
28403499,6,1342051
28404711,4,1342051
28405923,7,1342051
28407135,6,1342051
28408347,6,1342051
28409558,6,1342051
28410770,6,1342051
28411982,7,1342051
28413195,6,1342051
28414406,5,1341692
28415619,4,1341692
28416831,6,1341692
28418043,7,1341692
28419255,8,1341692
28420467,6,1341692
28421679,9,1341692
28422891,7,1341692
28424104,9,1341692
28425315,4,1343182
28426527,6,1343182
28427739,5,1343182
28428952,6,1343182
28430164,7,1343182
28431376,8,1343182
28432588,5,1343182
28433800,4,1343182
28435012,4,1343182
28436224,5,1343182
28443497,9,1343182
28444709,5,1343182
28445921,8,1343182
28447133,8,1344313
28448345,2,1344313
28449557,5,1344313
28450769,7,1344313
28451981,8,1344313
28453194,7,1344313
28454406,3,1344313
28455617,7,1344313
28456829,5,1344313
28458041,6,1343388
28459253,4,1343388
28460466,7,1343388
28461678,11,1343388
28462889,5,1343388
28464102,7,1343388
28465313,7,1343388
28466526,7,1343388
28467738,3,1343388
28468950,7,1344416
28470162,4,1342257
28471375,7,1342257
28472587,4,1342257
28473798,4,1342257
28475010,4,1342257
28476222,5,1342257
28477434,2,1342257
28478647,3,1342257
28479858,3,1342257
28481071,4,1340253
28482282,5,1340253
28483495,5,1340253
28484707,4,1340253
28485918,3,1340253
28487131,6,1340253
28488343,4,1340253
28489554,5,1340253
28490767,3,1340253
28491979,6,1341743
28493191,5,1341743
28494402,3,1341743
28495614,6,1341743
28496827,3,1341743
28498038,5,1341743
28499251,4,1341743
28500462,4,1341743
28501675,5,1341743
28502887,4,1341949
28504099,7,1341949
28505311,3,1341949
28506523,4,1341949
28507735,2,1341949
28508947,3,1341949
28510159,5,1341949
28511371,5,1341949
28512583,3,1341949
28513795,5,1341127
28515008,4,1341127
28516220,4,1341127
28517431,3,1341127
28518644,5,1341127
28519855,5,1341127
28527128,4,1341127
28528340,5,1341127
28529552,8,1341127
28530764,7,1341127
28531976,7,1341127
28533188,4,1341127
28534400,5,1341795
28535613,2,1341807
28536825,7,1345135
28538037,3,1345135
28539249,3,1345135
28540461,4,1345135
28541673,5,1345135
28542885,3,1345135
28544098,5,1345135
28545309,5,1345135
28546522,4,1345135
28547733,2,1345135
28548945,4,1345135
28550158,6,1345135
28551370,9,1345135
28552581,10,1345135
28553794,6,1345135
28555005,7,1345135
28556217,6,1340150
28557430,2,1340150
28558641,6,1340150
28559854,7,1340150
28561066,4,1340150
28562278,8,1340150
28563490,8,1340150
28564702,5,1340150
28565913,7,1340150
28567126,7,1340150
28568337,6,1343080
28569550,3,1343080
28570761,7,1343080
28571973,7,1343080
28573185,9,1343080
28574397,6,1343080
28575610,3,1343080
28576822,7,1343080
28578033,3,1343080
28579245,7,1342411
28580458,4,1342411
28581670,6,1342411
28582882,9,1342411
28584094,5,1342411
28585306,4,1342411
28586518,6,1342411
28587730,7,1342411
28588942,4,1342411
28590155,7,1343388
28591367,5,1343388
28592579,6,1343388
28593790,6,1343388
28595002,5,1343388
28596215,9,1343388
28597426,7,1343388
28598639,7,1343388
28599850,7,1343388
28601063,7,1343850
28602275,4,1343850
28603486,8,1343850
28610759,9,1343850
28611971,7,1344570
28613183,5,1344570
28614395,4,1344570
28615607,5,1344570
28616820,6,1344570
28618032,8,1344570
28619243,8,1344570
28620455,5,1344570
28621667,6,1344570
28622880,8,1342874
28624091,5,1342874
28625304,5,1342874
28626516,5,1342874
28627728,2,1342874
28628940,7,1342874
28630152,8,1342874
28631364,7,1342874
28632576,6,1342874
28633788,4,1341589
28635000,5,1341589
28636212,3,1341589
28637425,7,1341589
28638636,7,1341589
28639848,6,1341589
28641060,7,1341589
28642272,8,1341589
28643485,8,1341589
28644697,9,1342925
28645908,7,1342925
28647120,6,1342925
28648333,4,1342925
28649545,7,1342925
28650757,7,1342925
28651969,7,1342925
28653181,7,1342925
28654394,6,1342925
28655605,6,1343234
28656818,4,1346471
28658030,5,1346471
28659242,3,1346471
28660455,4,1346471
28661667,4,1346471
28662879,4,1346471
28664090,4,1346471
28665302,5,1346471
28666514,5,1346471
28667727,4,1342977
28668939,5,1342977
28670151,5,1342977
28671364,5,1342977
28672576,4,1342977
28673788,3,1342977
28674999,5,1342977
28676212,4,1342977
28677424,0,1342977
28678636,5,1342925
28679848,2,1342925
28681061,6,1342925
28682272,6,1342925
28683484,5,1342925
28684697,5,1342925
28685909,4,1342925
28687121,6,1342925
28695606,5,1342925
28696819,6,1342925
28698031,4,1342925
28699243,7,1340561
28700454,4,1340422
28701667,3,1344518
28702879,4,1344518
28704091,4,1344518
28705303,3,1344518
28706515,4,1344518
28707727,4,1344518
28708939,4,1344518
28710152,6,1344518
28711364,4,1344716
28712576,4,1342668
28713787,2,1342668
28715000,3,1342668
28716212,3,1342668
28717423,4,1342668
28718636,6,1342668
28719848,3,1342668
28721060,3,1342668
28722272,3,1342668
28723485,6,1342668
28724696,7,1342668
28725908,8,1342668
28727120,6,1342668
28728332,5,1342668
28729544,6,1342668
28730757,8,1342668
28731969,7,1342668
28733181,2,1342668
28734393,4,1342668
28735605,7,1342668
28736817,4,1342668
28738029,5,1342668
28739242,7,1342668
28740454,6,1342668
28741666,7,1342668
28742877,4,1342668
28744089,7,1339739
28745301,5,1339739
28746513,6,1339739
28747725,4,1339739
28748938,5,1339739
28750149,7,1339739
28751362,6,1339739
28752574,3,1339739
28753785,8,1339739
28754998,5,1344467
28756210,3,1344467
28757422,7,1344467
28758634,10,1344467
28759846,9,1344467
28761058,6,1344467
28762271,7,1344467
28763483,5,1344467
28764695,5,1344467
28765907,8,1344518
28767119,5,1344518
28768331,4,1344518
28769544,4,1344518
28770755,2,1344518
28771967,4,1344518
28779240,2,1344518
28780452,6,1344518
28781665,7,1344518
28782876,7,1344518
28784088,7,1344518
28785300,6,1344518
28786513,7,1344518
28787725,6,1342051
28788937,5,1342051
28790149,11,1342051
28791361,5,1342051
28792574,4,1342051
28793785,8,1342051
28794997,7,1342051
28796209,6,1342051
28797421,6,1342051
28798633,6,1341435
28799845,4,1341435
28801057,6,1341435
28802270,9,1341435
28803481,6,1341435
28804694,7,1341435
28805906,7,1341435
28807119,5,1341435
28808330,8,1341435
28809542,5,1345546
28810754,4,1345546
28811967,5,1345546
28813179,4,1345546
28814390,10,1345546
28815603,7,1345546
28816815,8,1345546
28818027,6,1345546
28819239,8,1345546
28820451,5,1343028
28821664,4,1343028
28822876,6,1343028
28824087,4,1343028
28825300,4,1343028
28826512,7,1343028
28827725,4,1343028
28828936,7,1343028
28830148,7,1343028
28831361,5,1344621
28832572,4,1342309
28833785,2,1342309
28834997,3,1342309
28836209,5,1342309
28837421,3,1342309
28838633,6,1342309
28839844,5,1342309
28841057,3,1342309
28842270,4,1342309
28843482,5,1338814
28844694,5,1338814
28845906,4,1338814
28847118,7,1338814
28848330,3,1338814
28849542,2,1338814
28850754,4,1338814
28851966,4,1338814
28853178,8,1338814
28854391,6,1338814
28855602,9,1338814
28864087,8,1338814
28865299,4,1344981
28866511,4,1344981
28867723,3,1344981
28868935,5,1344981
28870147,2,1344981
28871360,3,1344981
28872571,4,1344981
28873783,2,1344981
28874995,3,1344981
28876208,5,1344313
28877419,4,1344313
28878631,3,1344313
28879845,0,1344313
28881056,4,1344313
28882268,4,1344313
28883480,4,1344313
28884692,5,1344313
28885904,4,1344313
28887116,3,1344412
28888328,4,1343388
28889540,5,1343388
28890753,2,1343388
28891964,4,1343388
28893177,8,1343388
28894389,5,1343388
28895600,3,1343388
28896813,6,1343388
28898025,3,1343343
28899237,4,1345135
28900449,3,1345135
28901661,5,1345135
28902873,3,1345135
28904085,4,1345135
28905297,3,1345135
28906510,5,1345135
28907722,4,1345135
28908933,4,1345135
28910145,6,1345135
28911358,5,1345135
28912570,7,1345135
28913781,7,1345135
28914993,7,1345135
28916205,8,1345135
28917417,5,1345135
28918629,8,1342360
28919842,6,1342360
28921053,4,1342360
28922265,5,1342360
28923477,8,1342360
28924689,8,1342360
28925901,7,1342360
28927113,4,1342360
28928326,7,1342360
28929538,5,1342360
28930751,4,1342977
28931962,5,1342977
28933174,6,1342977
28934386,9,1342977
28935598,7,1342977
28936810,7,1342977
28938023,3,1342977
28939234,7,1342977
28940446,5,1342977
28947718,3,1342977
28948930,7,1342977
28950142,5,1342977
28951354,6,1342977
28952567,5,1344364
28953778,3,1344364
28954991,7,1344364
28956202,6,1344364
28957414,4,1344364
28958627,8,1344364
28959839,6,1344364
28961051,5,1344364
28962262,8,1344364
28963474,5,1341897
28964686,5,1341897
28965898,6,1341897
28967110,7,1341897
28968322,7,1341897
28969534,9,1341897
28970746,4,1341897
28971958,6,1341897
28973170,8,1341897
28974382,8,1343645
28975594,3,1343645
28976806,7,1343645
28978018,6,1343645
28979230,6,1343645
28980442,6,1343645
28981654,8,1343645
28982866,10,1343645
28984079,5,1343645
28985290,6,1343953
28986503,5,1343953
28987714,4,1343953
28988926,6,1343953
28990138,8,1343953
28991351,6,1343953
28992562,7,1343953
28993774,6,1343953
28994987,8,1343953
28996199,8,1340407
28997411,4,1340407
28998622,10,1340407
28999834,7,1340407
29001047,7,1340407
29002259,8,1340407
29003470,9,1340407
29004683,13,1340407
29005895,7,1340407
29007107,5,1347602
29008319,5,1343953
29009531,4,1343953
29010743,3,1343953
29011956,4,1343953
29013168,6,1343953
29014380,6,1343953
29015592,3,1343953
29016803,3,1343953
29018016,5,1343953
29019228,4,1345289
29020440,4,1345289
29021652,3,1345289
29022865,3,1345289
29024077,7,1345289
29032562,2,1345289
29033774,8,1345289
29034987,8,1345289
29036199,8,1345289
29037410,5,1345289
29038623,4,1345289
29039835,7,1341949
29041047,5,1342668
29042259,4,1342668
29043471,3,1342668
29044683,9,1342668
29045895,4,1342668
29047108,4,1342668
29048320,5,1342668
29049532,6,1342668
29050744,3,1342668
29051956,3,1345906
29053168,4,1345906
29054381,7,1345906
29055592,4,1345906
29056804,4,1345906
29058016,4,1345906
29059229,4,1345906
29060441,4,1345906
29061652,4,1345906
29062864,3,1345987
29064076,4,1340099
29065288,3,1340099
29066500,5,1340099
29067712,5,1340099
29068925,3,1340099
29070137,6,1340099
29071348,5,1340099
29072561,2,1340099
29073773,4,1340112
29074985,7,1343696
29076197,5,1343696
29077409,4,1343696
29078621,3,1343696
29079833,4,1343696
29081045,3,1343696
29082257,3,1343696
29083470,4,1343696
29084682,13,1343696
29085893,4,1343696
29087105,4,1343696
29088317,10,1343696
29089530,7,1343696
29090742,8,1343696
29091953,7,1343696
29093165,4,1343696
29094378,8,1340459
29095589,5,1340459
29096802,3,1340459
29098014,6,1340459
29099226,11,1340459
29100438,6,1340459
29101650,2,1340459
29102862,9,1340459
29104074,4,1340459
29105286,8,1340459
29106498,8,1343490
29107710,2,1343490
29108922,7,1343490
29116194,13,1343490
29117407,8,1345032
29118619,4,1345032
29119831,7,1345032
29121043,5,1345032
29122255,7,1345032
29123467,4,1345032
29124679,11,1345032
29125891,9,1345032
29127103,9,1345032
29128315,4,1344416
29129527,3,1344416
29130739,4,1344416
29131951,10,1344416
29133163,8,1344416
29134375,10,1344416
29135587,8,1344416
29136799,7,1344416
29138011,7,1344416
29139223,5,1341178
29140435,3,1341178
29141647,9,1341178
29142859,5,1341178
29144071,6,1341178
29145283,6,1341178
29146495,4,1341178
29147707,6,1341178
29148919,6,1341178
29150131,8,1344827
29151344,3,1344827
29152555,8,1344827
29153767,6,1344827
29154980,7,1344827
29156192,7,1344827
29157403,5,1344827
29158615,7,1344827
29159827,4,1344827
29161040,7,1343388
29162252,6,1343388
29163464,5,1343388
29164675,13,1343388
29165888,6,1343388
29167100,3,1343388
29168312,4,1343388
29169524,9,1343388
29170736,7,1343388
29171948,3,1344672
29173160,2,1344672
29174372,7,1344672
29175584,5,1344672
29176796,6,1344672
29178008,7,1344672
29179220,7,1344672
29180432,7,1344672
29181644,5,1344672
29182856,8,1341743
29184068,5,1341743
29185280,7,1341743
29186492,6,1341743
29187704,8,1341743
29188916,8,1341743
29190128,7,1341743
29191340,7,1341743
29192552,6,1341743
29201036,5,1341743
29202248,4,1341743
29203460,8,1341743
29204672,6,1340869
29205884,7,1345803
29207096,4,1345803
29208308,4,1345803
29209521,3,1345803
29210732,5,1345803
29211944,3,1345803
29213156,5,1345803
29214368,4,1345803
29215580,4,1345803
29216792,1,1344929
29218004,4,1344929
29219216,4,1344929
29220428,2,1344929
29221641,3,1344929
29222852,2,1344929
29224064,4,1344929
29225277,4,1344929
29226489,6,1344929
29227701,3,1341692
29228912,4,1341692
29230125,4,1341692
29231336,2,1341692
29232549,3,1341692
29233760,5,1341692
29234972,6,1341692
29236185,6,1341692
29237396,2,1341692
29238609,2,1341603
29239820,4,1345443
29241032,2,1345443
29242244,5,1345443
29243456,4,1345443
29244668,3,1345443
29245880,3,1345443
29247092,4,1345443
29248304,4,1345443
29249516,4,1345379
29250728,4,1341795
29251940,4,1341795
29253152,4,1341795
29254364,5,1341795
29255576,3,1341795
29256789,3,1341795
29258000,3,1341795
29259212,4,1341795
29260424,2,1341795
29261636,5,1341795
29262848,6,1341795
29264060,7,1341795
29265272,7,1341795
29266484,6,1341795
29267697,7,1341795
29268908,7,1341795
29270120,6,1341795
29271333,3,1341795
29272544,4,1341795
29273757,4,1341795
29274968,8,1341795
29276180,4,1341795
29277392,4,1341795
29284664,10,1341795
29285876,8,1341795
29287088,9,1341795
29288300,5,1341795
29289513,7,1341795
29290725,5,1341795
29291936,7,1341795
29293149,9,1344672
29294361,4,1344672
29295573,5,1344672
29296785,6,1344672
29297997,5,1344672
29299208,7,1344672
29300420,8,1344672
29301633,7,1344672
29302844,8,1344672
29304057,4,1344724
29305268,4,1344724
29306480,8,1344724
29307692,7,1344724
29308905,4,1344724
29310117,5,1344724
29311328,6,1344724
29312541,8,1344724
29313752,7,1344724
29314965,8,1338403
29316177,9,1338403
29317388,3,1338403
29318601,5,1338403
29319813,7,1338403
29321024,5,1338403
29322237,6,1338403
29323448,6,1338403
29324661,8,1338403
29325873,5,1341795
29327085,2,1341795
29328297,7,1341795
29329509,5,1341795
29330721,4,1341795
29331932,7,1341795
29333144,6,1341795
29334357,8,1341795
29335569,8,1341795
29336781,6,1342874
29337993,5,1342874
29339205,8,1342874
29340417,5,1342874
29341628,8,1342874
29342841,5,1342874
29344052,6,1342874
29345265,7,1342874
29346477,7,1342874
29347689,6,1344158
29348901,7,1344158
29350113,5,1344158
29351326,3,1344158
29352537,5,1344158
29353749,7,1344158
29354961,7,1344158
29356173,6,1344158
29357386,9,1344158
29358598,8,1342360
29359810,8,1342360
29361021,6,1342360
29368294,4,1342360
29369507,7,1343080
29370718,4,1344518
29371930,3,1344518
29373142,5,1344518
29374354,1,1344518
29375567,3,1344518
29376778,5,1344518
29377990,9,1344518
29379202,4,1344518
29380414,2,1344518
29381626,4,1345443
29382839,5,1345443
29384051,5,1345443
29385263,5,1345443
29386475,5,1345443
29387687,5,1345443
29388898,4,1345443
29390111,4,1345443
29391323,4,1345443
29392535,5,1345443
29393747,2,1345443
29394959,5,1345443
29396171,4,1345443
29397383,6,1345443
29398595,4,1345443
29399808,4,1345443
29401019,3,1345443
29402232,2,1345443
29403443,3,1341795
29404656,4,1341795
29405867,3,1341795
29407079,5,1341795
29408291,4,1341795
29409503,4,1341795
29410715,4,1341795
29411928,3,1341795
29413139,4,1341795
29414351,5,1342925
29415564,3,1342925
29416776,3,1342925
29417988,5,1342925
29419200,5,1342925
29420412,2,1342925
29421623,3,1342925
29422836,7,1342925
29424048,5,1342925
29425260,4,1342827
29426472,4,1344107
29427684,8,1344107
29428896,3,1344107
29430108,4,1344107
29431320,4,1344107
29432532,4,1344107
29433744,5,1344107
29434956,6,1344107
29436168,5,1344012
29437380,7,1346060
29438592,3,1346060
29439804,3,1346060
29441016,4,1346060
29442228,5,1346060
29443440,4,1346060
29444652,6,1346060
29453135,2,1346060
29454347,7,1346060
29455560,4,1346060
29456772,9,1346060
29457983,9,1346317
29459196,5,1346317
29460407,5,1346317
29461619,5,1346317
29462831,4,1346317
29464043,8,1346317
29465255,9,1346317
29466467,7,1346317
29467680,9,1346317
29468891,5,1346934
29470104,4,1346934
29471315,10,1346934
29472527,7,1346934
29473739,6,1346934
29474951,7,1346934
29476163,5,1346934
29477375,10,1346934
29478587,7,1346934
29479799,9,1344621
29481011,4,1344621
29482223,8,1344621
29483435,4,1344621
29484647,5,1344621
29485859,8,1344621
29487071,10,1344621
29488283,6,1344621
29489495,4,1344621
29490707,8,1343131
29491919,7,1343131
29493130,7,1343131
29494343,5,1343131
29495554,8,1343131
29496767,6,1343131
29497979,8,1343131
29499191,7,1343131
29500402,6,1343131
29501615,7,1343542
29502826,5,1343542
29504038,7,1343542
29505250,8,1343542
29506462,5,1343542
29507674,11,1343542
29508886,6,1343542
29510098,3,1343542
29511309,4,1343542
29512522,6,1345084
29513734,3,1345084
29514945,6,1345084
29516158,8,1345084
29517370,11,1345084
29518582,7,1345084
29519794,6,1345084
29521005,8,1345084
29522217,6,1345084
29523429,7,1345957
29524641,4,1345957
29525853,4,1345957
29527065,5,1345957
29528276,5,1345957
29529488,5,1345957
29536760,6,1345957
29537972,7,1345957
29539184,5,1345957
29540396,5,1345957
29541608,5,1345957
29542820,7,1345957
29544032,11,1345957
29545244,7,1343696
29546455,3,1343131
29547668,3,1343131
29548880,5,1343131
29550092,6,1343131
29551304,7,1343131
29552516,3,1343131
29553728,3,1343131
29554939,4,1343131
29556151,6,1343131
29557364,5,1343953
29558576,4,1343953
29559787,2,1343953
29560999,3,1343953
29562211,3,1343953
29563423,2,1343953
29564635,3,1343953
29565847,6,1343953
29567059,4,1343953
29568270,3,1343953
29569482,7,1343953
29570694,5,1343953
29571906,8,1343953
29573117,5,1343953
29574330,3,1343953
29575542,5,1343953
29576754,2,1343953
29577965,5,1343953
29579178,8,1343850
29580389,6,1343850
29581601,4,1343850
29582813,3,1343850
29584026,1,1343850
29585237,4,1343850
29586450,4,1343850
29587661,4,1343850
29588874,3,1343850
29590085,3,1336347
29591297,5,1336347
29592510,6,1336347
29593722,5,1336347
29594933,8,1336347
29596145,5,1336347
29597357,4,1336347
29598569,3,1336347
29599781,3,1336347
29600993,4,1336476
29602205,4,1343388
29603418,3,1343388
29604629,3,1343388
29605841,2,1343388
29607053,3,1343388
29608265,2,1343388
29609477,5,1343388
29610690,2,1343388
29611901,3,1343295
29613113,8,1345855
29621597,2,1345855
29622809,2,1345855
29624021,4,1345855
29625233,7,1345855
29626446,3,1345855
29627657,6,1345855
29628870,7,1345855
29630082,7,1345855
29631293,9,1345855
29632505,5,1341692
29633717,3,1341692
29634929,6,1341692
29636141,7,1341692
29637353,7,1341692
29638564,9,1341692
29639777,6,1341692
29640989,7,1341692
29642201,7,1341692
29643413,10,1341692
29644624,8,1345032
29645837,4,1345032
29647049,7,1345032
29648260,7,1345032
29649472,7,1345032
29650684,9,1345032
29651896,6,1345032
29653108,8,1345032
29654320,5,1345032
29655533,5,1343593
29656745,3,1343593
29657956,6,1343593
29659168,7,1343593
29660380,8,1343593
29661592,8,1343593
29662804,6,1343593
29664016,7,1343593
29665228,8,1343593
29666440,8,1341743
29667652,3,1341743
29668864,6,1341743
29670076,6,1341743
29671288,6,1341743
29672500,10,1341743
29673711,5,1341743
29674924,3,1341743
29676136,6,1341743
29677348,9,1342103
29678560,6,1342103
29679772,6,1342103
29680984,8,1342103
29682196,6,1342103
29683408,6,1342103
29684620,7,1342103
29685832,8,1342103
29687044,7,1342103
29688256,7,1344364
29689468,4,1344364
29690681,11,1344364
29691892,5,1344364
29693104,9,1344364
29694316,6,1344364
29695528,7,1344364
29696741,6,1344364
29697952,4,1344364
29705225,7,1344364
29706437,4,1344364
29707649,7,1344364
29708861,6,1344364
29710073,5,1343080
29711285,5,1343080
29712498,7,1343080
29713709,5,1343080
29714921,7,1343080
29716134,9,1343080
29717345,7,1343080
29718557,6,1343080
29719769,6,1343080
29720981,7,1342566
29722194,5,1339996
29723405,4,1339996
29724618,4,1339996
29725829,3,1339996
29727042,3,1339996
29728253,5,1339996
29729466,5,1339996
29730678,9,1339996
29731891,3,1339996
29733102,4,1344929
29734314,3,1344929
29735526,3,1344929
29736738,4,1344929
29737950,4,1344929
29739162,5,1344929
29740375,6,1344929
29741587,5,1344929
29742798,4,1344929
29744010,4,1343645
29745222,4,1343645
29746434,4,1343645
29747646,5,1343645
29748858,1,1343645
29750070,4,1343645
29751282,5,1343645
29752494,5,1343645
29753706,4,1343645
29754919,2,1341332
29756130,5,1341332
29757343,4,1341332
29758555,5,1341332
29759766,0,1341332
29760979,6,1341332
29762191,4,1341332
29763403,3,1341332
29764614,3,1341332
29765826,3,1342309
29767039,4,1342309
29768250,5,1342309
29769462,4,1342309
29770674,5,1342309
29771887,3,1342309
29773099,5,1342309
29774311,6,1342309
29775523,5,1342309
29776734,4,1342362
29777947,4,1342874
29779158,5,1342874
29780370,5,1342874
29781583,4,1342874
29790067,9,1342874
29791279,7,1342874
29792490,4,1342874
29793703,7,1342874
29794915,8,1342874
29796127,6,1342874
29797338,6,1338814
29798551,3,1338814
29799763,5,1338814
29800975,6,1338814
29802186,6,1338814
29803398,7,1338814
29804611,5,1338814
29805822,7,1338814
29807035,8,1338814
29808246,9,1342154
29809458,4,1342154
29810671,3,1342154
29811882,5,1342154
29813094,8,1342154
29814306,9,1342154
29815518,7,1342154
29816730,4,1342154
29817942,6,1342154
29819153,8,1342154
29820366,5,1340459
29821578,5,1340459
29822789,7,1340459
29824002,6,1340459
29825213,9,1340459
29826426,6,1340459
29827637,6,1340459
29828849,7,1340459
29830062,5,1340459
29831274,4,1341537
29832485,4,1341537
29833698,3,1341537
29834909,5,1341537
29836121,5,1341537
29837334,5,1341537
29838546,7,1341537
29839758,4,1341537
29840970,6,1341537
29842181,3,1342977
29843393,2,1342977
29844605,8,1342977
29845817,7,1342977
29847029,7,1342977
29848242,6,1342977
29849454,8,1342977
29850666,10,1342977
29851877,5,1342977
29853089,5,1340972
29854301,5,1340972
29855513,6,1340972
29856725,5,1340972
29857937,8,1340972
29859149,7,1340972
29860361,7,1340972
29861573,5,1340972
29862785,5,1340972
29863997,6,1340561
29865209,3,1340561
29866421,6,1340561
29873693,5,1340561
29874904,6,1340869
29876116,3,1340869
29877328,5,1340869
29878540,7,1340869
29879752,5,1340869
29880964,4,1340869
29882176,8,1340869
29883388,7,1340869
29884600,5,1340869
29885812,5,1341383
29887024,3,1341383
29888236,8,1341383
29889448,5,1341383
29890660,7,1341383
29891872,5,1341383
29893084,3,1341383
29894296,5,1341383
29895508,7,1341383
29896720,7,1338248
29897932,4,1338248
29899144,8,1338248
29900357,5,1338248
29901568,4,1338248
29902780,10,1338248
29903992,8,1338248
29905204,7,1338248
29906416,5,1338248
29907628,5,1343285
29908840,5,1340407
29910052,4,1340407
29911263,5,1340407
29912475,5,1340407
29913688,5,1340407
29914900,5,1340407
29916111,4,1340407
29917324,4,1340407
29918535,4,1340407
29919747,3,1341024
29920960,2,1341024
29922172,8,1341024
29923384,5,1341024
29924596,4,1341024
29925807,3,1341024
29927020,1,1341024
29928231,6,1341024
29929444,1,1341024
29930655,3,1341075
29931868,4,1341075
29933079,3,1341075
29934291,4,1341075
29935503,3,1341075
29936716,4,1341075
29937927,4,1341075
29939139,5,1341075
29940351,4,1341075
29941563,2,1338762
29942775,2,1338762
29943987,6,1338762
29945199,4,1338762
29946411,3,1338762
29947623,5,1338762
29948836,4,1338762
29950047,5,1338762
29958532,3,1338762
29959743,6,1338762
29960956,5,1338762
29962168,7,1340664
29963380,9,1340554
29964592,5,1338506
29965804,4,1338506
29967016,4,1338506
29968228,4,1338506
29969440,2,1338506
29970652,3,1338506
29971864,3,1338506
29973076,3,1338506
29974288,5,1338506
29975500,3,1338506
29976713,5,1338506
29977924,6,1338506
29979136,8,1338506
29980348,3,1338506
29981560,6,1338506
29982773,9,1338506
29983984,11,1339276
29985197,2,1339276
29986409,3,1339276
29987621,7,1339276
29988833,7,1339276
29990046,3,1339276
29991258,3,1339276
29992469,6,1339276
29993682,11,1339276
29994894,7,1339276
29996105,8,1337632
29997317,4,1337632
29998529,6,1337632
29999742,7,1337632
30000953,7,1337632
30002165,7,1337632
30003378,13,1337632
30004589,8,1337632
30005802,7,1337632
30007013,5,1336398
30008225,3,1336398
30009438,6,1336398
30010649,8,1336398
30011861,8,1336398
30013073,7,1336398
30014285,7,1336398
30015497,9,1336398
30016709,4,1336398
30017921,6,1337992
30019133,2,1337992
30020346,8,1337992
30021558,7,1337992
30022769,8,1337992
30023981,8,1337992
30025194,7,1337992
30026406,8,1337992
30027617,4,1337992
30028830,7,1339945
30030041,3,1339945
30031253,4,1339945
30032466,8,1339945
30033677,10,1339945
30034889,3,1339945
30042162,10,1339945
30043374,11,1339945
30044585,4,1339945
30045797,8,1339945
30047010,10,1339945
30048221,6,1339945
30049433,2,1339945
30050645,6,1336656
30051857,5,1336656
30053069,5,1336656
30054281,6,1336656
30055494,7,1336656
30056705,6,1336656
30057917,7,1336656
30059130,8,1336656
30060342,7,1336656
30061554,8,1341743
30062766,2,1341743
30063978,8,1341743
30065190,6,1341743
30066402,6,1341743
30067614,7,1341743
30068827,10,1341743
30070039,5,1341743
30071251,6,1341743
30072462,7,1338608
30073675,7,1338608
30074887,7,1338608
30076099,8,1338608
30077311,5,1338608
30078523,7,1338608
30079735,4,1338608
30080947,5,1338608
30082159,6,1338608
30083371,9,1338557
30084583,5,733117
30085795,4,733117
30087007,5,733117
30088219,5,733117
30089431,4,733117
30090644,3,733117
30091855,4,733117
30093067,5,733117
30094279,4,733117
30095491,3,763078
30096703,7,763078
30097916,5,763078
30099127,5,763078
30100340,4,763078
30101552,7,763078
30102764,4,763078
30103976,5,763078
30105188,5,763078
30106400,3,762410
30107612,4,762410
30108825,5,762410
30110036,4,762410
30111248,5,762410
30112460,3,762410
30113673,5,762410
30114885,5,762410
30116096,4,762410
30117309,6,758813
30118521,3,758813
30127006,5,758813
30128217,3,758813
30129429,3,758813
30130642,5,758813
30131853,3,758813
30133066,4,758813
30134277,5,758813
30135489,5,758813
30136702,3,758813
30137913,5,758813
30139126,7,758875
30140338,4,1284699
30141549,4,1284699
30142762,4,1284699
30143974,6,1284699
30145186,5,1284699
30146399,2,1284699
30147610,4,1284699
30148822,4,1284699
30150034,2,1284694
30151246,3,760406
30152458,4,760406
30153671,5,760406
30154882,6,760406
30156095,5,760406
30157307,4,760406
30158519,3,760406
30159730,4,760406
30160942,3,760406
30162155,4,760406
30163367,6,760406
30164579,8,760406
30165792,4,760406
30167003,4,760406
30168215,8,760406
30169427,4,760406
30170639,6,760406
30171851,8,759172
30173063,3,759172
30174276,6,759172
30175488,7,759172
30176700,7,759172
30177912,7,759172
30179124,7,759172
30180336,4,759172
30181548,7,759172
30182761,4,761691
30183972,5,761691
30185185,7,761691
30186396,5,761691
30187609,7,761691
30188821,6,761691
30190032,7,761691
30191244,7,761691
30192457,7,761691
30193669,5,760406
30194881,4,760406
30196093,7,760406
30197306,7,760406
30198518,8,760406
30199730,5,760406
30200941,6,760406
30202153,9,760406
30203365,4,760406
30210638,12,760406
30211849,6,760406
30213062,5,760406
30214273,7,760406
30215486,7,760457
30216698,2,760457
30217910,4,760457
30219122,4,760457
30220334,8,760457
30221547,5,760457
30222758,8,760457
30223970,7,760457
30225183,5,760457
30226395,6,767035
30227607,5,767035
30228819,7,767035
30230031,6,767035
30231243,7,767035
30232455,6,767035
30233668,6,767035
30234879,10,767035
30236092,6,767035
30237304,7,761742
30238516,4,761742
30239728,5,761742
30240940,5,761742
30242152,6,761742
30243364,8,761742
30244576,6,761742
30245789,7,761742
30247000,6,761742
30248212,7,758916
30249425,3,758916
30250637,7,758916
30251849,7,758916
30253061,6,758916
30254274,6,758916
30255486,7,758916
30256698,4,758916
30257909,4,758916
30259121,6,758556
30260334,2,762719
30261545,4,762719
30262758,0,762719
30263969,5,762719
30265182,5,762719
30266394,3,762719
30267606,-1,762719
30268818,4,762719
30270030,4,762719
30271242,5,766008
30272455,3,766008
30273667,4,766008
30274879,5,766008
30276091,8,766008
30277303,5,766008
30278515,4,766008
30279727,3,766008
30280939,5,766008
30282152,4,766008
30283364,5,766008
30284576,3,766008
30285788,4,766008
30287000,11,766008
30294272,2,766008
30295484,5,766008
30296696,3,766008
30297909,7,766008
30299121,8,766008
30300334,8,766008
30301546,5,766008
30302757,9,763592
30303970,6,761896
30305182,7,761896
30306394,4,761896
30307605,4,761896
30308818,5,761896
30310029,-1,761896
30311241,3,761896
30312454,4,761896
30313666,5,761896
30314878,5,762072
30316090,4,1029336
30317302,6,1029336
30318514,6,1029336
30319726,5,1029336
30320939,6,1029336
30322150,5,1029336
30323363,2,1029336
30324575,4,1029336
30325786,5,1029348
30326998,3,1335268
30328210,3,1335268
30329423,3,1335268
30330635,4,1335268
30331847,5,1335268
30333059,4,1335268
30334271,4,1335268
30335483,6,1335268
30336695,5,1335268
30337908,4,1335268
30339119,8,1335268
30340332,9,1335268
30341544,7,1335268
30342756,6,1335268
30343968,5,1335268
30345180,6,1335268
30346393,7,1326737
30347605,3,1326737
30348816,5,1326737
30350029,6,1326737
30351241,6,1326737
30352453,3,1326737
30353665,5,1326737
30354877,6,1326737
30356089,5,1326737
30357302,7,1326737
30358514,5,763027
30359726,4,763027
30360938,8,763027
30362151,5,763027
30363362,9,763027
30364575,9,763027
30365786,8,763027
30366999,8,763027
30368210,4,763027
30369423,6,760149
30370635,8,760149
30379119,5,760149
30380332,5,762924
30381543,3,762924
30382756,4,762924
30383968,7,762924
30385180,6,762924
30386392,5,762924
30387604,5,762924
30388816,10,762924
30390028,8,762924
30391240,7,758916
30392452,4,758916
30393665,8,758916
30394877,6,758916
30396089,3,758916
30397302,7,758916
30398514,8,758916
30399725,8,758916
30400937,7,758916
30402150,7,762050
30403362,3,762050
30404574,3,762050
30405786,7,762050
30406998,6,762050
30408210,7,762050
30409422,7,762050
30410634,9,762050
30411846,8,762050
30413059,8,758453
30414271,4,758453
30415483,7,758453
30416695,4,758453
30417907,9,758453
30419120,8,758453
30420332,10,758453
30421543,7,758453
30422756,5,758453
30423968,7,759686
30425180,9,759686
30426392,7,759686
30427604,9,759686
30428816,7,759686
30430028,6,759686
30431240,4,759686
30432453,5,759686
30433665,11,759686
30434877,7,761896
30436089,4,761896
30437301,5,761896
30438514,7,761896
30439726,5,761896
30440938,10,761896
30442151,7,761896
30443362,6,761896
30444574,3,761896
30445787,6,758607
30446999,3,761691
30448211,4,761691
30449423,3,761691
30450635,4,761691
30451848,5,761691
30453060,4,761691
30454272,5,761691
30455484,6,761691
30463968,10,761691
30465181,6,761691
30466393,5,761691
30467605,5,759944
30468818,4,761948
30470030,5,761948
30471242,5,761948
30472454,2,761948
30473667,3,761948
30474879,3,761948
30476090,3,761948
30477303,2,761948
30478516,4,761948
30479727,4,756706
30480940,2,756706
30482152,3,756706
30483364,3,756706
30484576,5,756706
30485788,4,756706
30487000,4,756706
30488213,3,756706
30489425,2,756706
30490636,6,756566
30491849,5,760406
30493061,3,760406
30494274,2,760406
30495486,8,760406
30496698,3,760406
30497909,4,760406
30499121,3,760406
30500334,4,760406
30501546,4,760466
30502758,3,762770
30503970,4,762770
30505182,7,762770
30506395,3,762770
30507607,3,762770
30508819,4,762770
30510031,2,762770
30511243,4,762770
30512455,5,762770
30513668,5,762770
30514880,8,762770
30516092,7,762770
30517304,5,762770
30518517,6,762770
30519728,5,762770
30520941,9,762770
30522153,9,762770
30523366,4,762770
30524577,4,762770
30525789,6,762770
30527001,4,762770
30528214,5,762770
30529426,5,762770
30530638,7,762770
30531850,6,762770
30533062,13,762770
30534274,3,758453
30535486,5,758453
30536699,5,758453
30537911,6,758453
30539122,7,758453
30540335,6,758453
30547607,9,758453
30548820,6,758453
30550033,7,758453
30551244,6,758453
30552456,3,758453
30553668,5,758453
30554880,7,758453
30556092,7,758761
30557305,4,758761
30558517,8,758761
30559728,4,758761
30560941,9,758761
30562153,4,758761
30563365,7,758761
30564577,6,758761
30565789,6,758761
30567001,5,760303
30568214,4,760303
30569426,7,760303
30570638,7,760303
30571849,5,760303
30573062,8,760303
30574274,6,760303
30575486,6,760303
30576698,4,760303
30577910,8,760612
30579122,5,760612
30580335,6,760612
30581546,2,760612
30582759,8,760612
30583970,7,760612
30585183,6,760612
30586395,6,760612
30587607,4,760612
30588819,5,761177
30590032,2,761177
30591243,6,761177
30592455,3,761177
30593668,9,761177
30594879,9,761177
30596092,6,761177
30597304,6,761177
30598516,6,761177
30599728,4,758710
30600940,4,758710
30602152,7,758710
30603364,6,758710
30604576,6,758710
30605788,5,758710
30607001,7,758710
30608213,7,758710
30609424,5,758710
30610637,6,757065
30611849,6,757065
30613061,5,757065
30614272,7,757065
30615485,6,757065
30616697,4,757065
30617909,6,757065
30619121,6,757065
30620334,10,757065
30621546,10,759995
30622757,4,757477
30623969,4,757477
30631242,3,757477
30632457,11,757477
30633668,14,761022
30634878,4,761022
30636090,4,761022
30637302,3,761022
30638515,2,761022
30639726,1,761022
30640939,2,761022
30642151,3,761022
30643363,4,761022
30644575,4,761022
30645788,2,761022
30646999,4,761022
30648211,4,761022
30649423,3,761022
30650636,3,761022
30651848,4,761022
30653059,4,761022
30654271,3,761022
30655484,6,757220
30656696,5,757220
30657908,4,757220
30659120,3,757220
30660333,3,757220
30661544,4,757220
30662756,3,757220
30663968,5,757220
30665180,6,757220
30666392,4,759841
30667604,5,759841
30668816,3,759841
30670028,4,759841
30671241,5,759841
30672453,3,759841
30673666,3,759841
30674877,5,759841
30676089,4,759841
30677301,5,759973
30678513,4,754085
30679725,4,754085
30680937,5,754085
30682150,4,754085
30683362,4,754085
30684574,2,754085
30685786,6,754085
30686999,8,754085
30688210,3,754171
30689422,3,763387
30690634,4,763387
30691847,4,763387
30693058,4,763387
30694270,6,763387
30695483,4,763387
30696695,4,763387
30697906,2,763387
30699119,3,763387
30700331,4,763387
30701543,6,763387
30702754,5,763387
30703967,4,763387
30705178,4,763387
30706391,6,763387
30707603,8,763387
30716088,8,763387
30717299,7,763387
30718512,8,763387
30719725,5,763387
30720936,6,758402
30722149,5,758402
30723361,7,758402
30724573,9,758402
30725784,7,758402
30726996,6,758402
30728209,6,758402
30729421,7,758402
30730633,7,758402
30731845,3,758247
30733058,3,758247
30734269,7,758247
30735482,6,758247
30736695,6,758247
30737907,7,758247
30739118,3,758247
30740331,6,758247
30741542,9,758247
30742755,8,759635
30743967,3,759635
30745178,5,759635
30746391,6,759635
30747603,7,759635
30748816,8,759635
30750027,5,759635
30751239,5,759635
30752451,4,759635
30753664,7,758710
30754876,5,758710
30756088,6,758710
30757300,6,758710
30758512,7,758710
30759724,7,758710
30760936,6,758710
30762149,6,758710
30763361,7,758710
30764573,5,761742
30765785,5,761742
30766997,6,761742
30768209,5,761742
30769422,6,761742
30770634,5,761742
30771845,11,761742
30773058,9,761742
30774270,7,761742
30775482,6,759841
30776695,4,759841
30777907,5,759841
30779119,7,759841
30780331,4,759841
30781543,5,759841
30782755,8,759841
30783967,2,759841
30785179,4,759841
30786392,7,759172
30787603,4,759172
30788816,7,759172
30790027,6,759172
30791239,5,759172
30792451,4,759172
30799724,6,759172
30800936,7,759172
30802148,4,759172
30803360,5,759172
30804573,5,759172
30805786,3,759172
30806997,5,759172
30808210,7,761074
30809422,4,759944
30810633,3,759944
30811845,4,759944
30813057,6,759944
30814269,3,759944
30815482,6,759944
30816694,4,759944
30817906,3,759944
30819118,4,759944
30820330,4,757991
30821542,3,757991
30822754,4,757991
30823967,3,757991
30825179,7,757991
30826391,6,757991
30827603,5,757991
30828815,4,757991
30830028,4,757991
30831239,4,778011
30832452,4,1171227
30833664,5,1171227
30834876,4,1171227
30836088,5,1171227
30837300,4,1171227
30838512,4,1171227
30839724,3,1171227
30840936,2,1171227
30842148,4,1144724
30843361,3,1341332
30844572,4,1341332
30845785,4,1341332
30846996,3,1341332
30848209,4,1341332
30849421,4,1341332
30850633,7,1341332
30851844,3,1341332
30853057,3,1341389
30854269,2,1342925
30855482,5,1342925
30856693,5,1342925
30857905,3,1342925
30859118,4,1342925
30860329,2,1342925
30861542,3,1342925
30862754,4,1342925
30863967,4,1342963
30865178,9,1339379
30866391,5,1339379
30867602,2,1339379
30868814,4,1339379
30870027,2,1339379
30871238,3,1339379
30872450,-2,1339379
30873663,6,1339379
30874874,6,1339379
30876087,7,1339379
30884572,2,1342822
30885783,4,1342822
30886995,4,1342822
30888208,8,1342822
30889419,5,1342822
30890631,4,1342822
30891844,7,1342822
30893056,8,1342822
30894268,7,1342822
30895480,8,1342822
30896692,6,1344004
30897904,3,1344004
30899116,7,1344004
30900328,6,1344004
30901541,8,1344004
30902753,5,1344004
30903964,4,1344004
30905176,5,1344004
30906388,7,1344004
30907601,8,1343131
30908813,6,1343131
30910024,5,1343131
30911237,8,1343131
30912449,5,1343131
30913661,3,1343131
30914873,7,1343131
30916085,8,1343131
30917297,9,1343131
30918509,8,1345855
30919721,0,1345855
30920933,6,1345855
30922145,9,1345855
30923357,7,1345855
30924569,8,1345855
30925781,9,1345855
30926993,4,1345855
30928206,7,1345855
30929417,5,1341281
30930629,4,1341281
30931841,4,1341281
30933053,6,1341281
30934265,7,1341281
30935478,4,1341281
30936690,8,1341281
30937902,6,1341281
30939114,6,1341281
30940326,3,1343028
30941538,5,1343028
30942750,6,1343028
30943963,7,1343028
30945174,8,1343028
30946386,5,1343028
30947598,7,1343028
30948810,8,1343028
30950022,5,1343028
30951235,6,1342000
30952446,6,1342000
30953659,5,1342000
30954870,6,1342000
30956082,3,1342000
30957295,5,1342000
30958507,5,1342000
30959719,7,1342000
30960930,7,1342000
30968203,10,1342000
30969415,5,1342000
30970628,5,1342000
30971839,7,1342000
30973052,10,1342566
30974264,5,1342566
30975476,4,1342566
30976688,8,1342566
30977900,5,1342566
30979112,5,1342566
30980324,7,1342566
30981537,5,1342566
30982748,4,1342566
30983960,8,1239989
30985173,4,1340664
30986385,7,1340664
30987597,6,1340664
30988809,5,1340664
30990021,2,1340664
30991233,5,1340664
30992445,4,1340664
30993658,5,1340664
30994869,5,1340664
30996081,6,1010938
30997293,3,1010938
30998505,5,1010938
30999718,6,1010938
31000930,5,1010938
31002142,5,1010938
31003354,5,1010938
31004567,4,1010938
31005779,4,1010938
31006990,4,1026301
31008202,5,764157
31009415,3,764157
31010626,4,764157
31011838,4,764157
31013050,4,764157
31014263,0,764157
31015475,4,764157
31016687,6,764157
31017899,2,759789
31019111,4,759789
31020324,5,759789
31021536,4,759789
31022747,5,759789
31023960,6,759789
31025172,6,759789
31026385,4,759789
31027596,3,759789
31028809,5,759789
31030020,4,759789
31031232,3,759789
31032444,3,759789
31033657,3,759789
31034868,5,759789
31036081,3,759789
31037293,7,759789
31038505,5,759789
31039717,1,759589
31040929,3,1338917
31042142,4,1338917
31043354,5,1338917
31044566,6,1338917
31053051,5,1338917
31054263,5,1338917
31055474,6,1338917
31056687,8,1338917
31057898,6,1338917
31059111,5,1338917
31060323,7,1339431
31061536,5,1339431
31062747,3,1339431
31063960,7,1339431
31065171,10,1339431
31066383,8,1339431
31067595,8,1339431
31068808,7,1339431
31070019,7,1339431
31071232,6,1339431
31072444,8,1337375
31073656,5,1337375
31074868,11,1337375
31076080,7,1337375
31077292,8,1337375
31078504,5,1337375
31079717,6,1337375
31080928,9,1337375
31082141,7,1337375
31083353,7,785485
31084566,4,785485
31085777,7,785485
31086989,9,785485
31088202,7,785485
31089413,9,785485
31090626,5,785485
31091838,8,785485
31093050,6,785485
31094263,4,1326377
31095474,3,1326377
31096687,6,1326377
31097899,7,1326377
31099110,7,1326377
31100323,6,1326377
31101535,7,1326377
31102747,7,1326377
31103959,5,1326377
31105171,9,958879
31106384,7,958879
31107595,4,958879
31108808,7,958879
31110020,4,958879
31111232,5,958879
31112444,8,958879
31113656,6,958879
31114869,9,958879
31116081,7,760509
31117293,3,760509
31118505,9,760509
31119718,4,760509
31120930,6,760509
31122141,4,760509
31123354,5,760509
31124566,7,760509
31125778,7,760509
31126990,7,1002613
31128202,-1,1002613
31129414,7,1002613
31136688,5,1002613
31137899,6,801519
31139112,5,801519
31140324,7,801519
31141536,6,801519
31142748,7,801519
31143961,4,801519
31145173,9,801519
31146385,9,801519
31147597,5,801519
31148809,6,759327
31150021,0,759327
31151233,7,759327
31152446,10,759327
31153658,8,759327
31154870,4,759327
31156083,5,759327
31157295,5,759327
31158507,7,759327
31159719,6,760046
31160931,6,759378
31162144,3,759378
31163356,4,759378
31164567,4,759378
31165780,3,759378
31166992,4,759378
31168204,3,759378
31169416,2,759378
31170628,4,759378
31171840,4,761382
31173053,5,761382
31174265,6,761382
31175478,7,761382
31176689,4,761382
31177901,2,761382
31179114,3,761382
31180325,2,761382
31181538,5,761382
31182750,5,759892
31183962,5,759892
31185174,5,759892
31186387,4,759892
31187599,4,759892
31188811,6,759892
31190023,2,759892
31191235,5,759892
31192447,4,759892
31193659,6,755421
31194871,2,755421
31196083,5,755421
31197296,4,755421
31198508,3,755421
31199720,2,755421
31200932,4,755421
31202144,4,755421
31203356,3,755421
31204568,3,760612
31205780,3,760612
31206992,4,760612
31208205,4,760612
31209417,3,760612
31210629,8,760612
31211841,5,760612
31213053,6,760612
31221538,4,760612
31222750,9,760612
31223961,6,760612
31225174,7,762667
31226385,5,762832
31227597,4,765648
31228810,5,765648
31230022,3,765648
31231234,5,765648
31232446,5,765648
31233658,5,765648
31234870,4,765648
31236082,5,765648
31237294,2,765648
31238507,4,765648
31239719,3,765648
31240931,5,765648
31242143,6,765648
31243355,5,765648
31244567,6,765648
31245778,10,765648
31246991,8,762410
31248203,5,762410
31249415,3,762410
31250627,3,762410
31251839,5,762410
31253051,8,762410
31254263,7,762410
31255475,7,762410
31256687,7,762410
31257899,6,762410
31259111,5,757477
31260323,4,757477
31261535,8,757477
31262747,5,757477
31263959,4,757477
31265170,4,757477
31266383,6,757477
31267595,8,757477
31268807,8,757477
31270019,5,759121
31271231,5,759121
31272443,3,759121
31273655,8,759121
31274867,8,759121
31276080,6,759121
31277291,5,759121
31278503,6,759121
31279715,4,759121
31280928,8,756654
31282139,4,756654
31283351,7,756654
31284563,6,756654
31285775,4,756654
31286987,9,756654
31288200,8,756654
31289411,5,756654
31290623,7,756654
31291835,5,760252
31293048,3,760252
31294260,7,760252
31295471,6,760252
31296684,12,760252
31297896,4,760252
31305169,9,760252
31306380,10,760252
31307592,5,760252
31308804,6,760252
31310016,4,760252
31311228,7,760252
31312440,6,760252
31313652,6,759738
31314864,3,759738
31316076,4,759738
31317288,8,759738
31318500,11,759738
31319712,6,759738
31320924,6,759738
31322136,6,759738
31323348,7,759738
31324560,7,757991
31325773,4,757991
31326985,9,757991
31328196,6,757991
31329408,7,757991
31330620,6,757991
31331832,6,757991
31333045,8,757991
31334256,5,757991
31335469,6,759841
31336681,8,759841
31337893,6,759841
31339105,9,759841
31340317,7,759841
31341530,7,759841
31342741,6,759841
31343953,6,759841
31345166,5,759841
31346378,7,757220
31347589,5,758813
31348802,4,758813
31350014,3,758813
31351225,4,758813
31352438,3,758813
31353650,5,758813
31354862,4,758813
31356074,3,758813
31357286,4,758813
31358499,4,758299
31359710,5,758299
31360923,3,758299
31362134,4,758299
31363347,2,758299
31364558,4,758299
31365771,3,758299
31366983,8,758299
31368195,6,758299
31369407,3,761845
31370619,5,761845
31371832,6,761845
31373044,4,761845
31374255,6,761845
31375467,4,761845
31376680,9,761845
31377892,4,761845
31379104,5,761845
31380316,5,757785
31381528,5,757785
31390012,6,757785
31391225,2,757785
31392436,0,757785
31393649,3,757785
31394862,2,757785
31396073,3,757785
31397285,6,757785
31398497,5,757785
31399709,4,757785
31400921,2,757785
31402133,4,757891
31403346,4,758659
31404557,5,758659
31405769,5,758659
31406981,6,758659
31408194,3,758659
31409406,2,758659
31410618,5,758659
31411829,3,758659
31413041,2,758542
31414253,2,754958
31415466,4,754958
31416678,6,754958
31417889,5,754958
31419102,6,754958
31420314,7,754958
31421526,4,754958
31422738,3,754958
31423951,4,754958
31425163,6,754958
31426374,10,754958
31427587,6,754958
31428798,7,754958
31430011,11,754958
31431223,5,754958
31432435,6,754958
31433647,7,754958
31434859,4,761331
31436071,4,761331
31437284,5,761331
31438495,5,761331
31439707,5,761331
31440920,9,761331
31442132,8,761331
31443344,5,761331
31444555,5,761331
31445768,5,755267
31446980,6,755267
31448192,8,755267
31449405,7,755267
31450616,5,755267
31451829,5,755267
31453040,8,755267
31454252,8,755267
31455465,6,755267
31456676,11,753057
31457888,5,753057
31459100,9,753057
31460312,6,753057
31461524,7,753057
31462736,6,753057
31463949,9,753057
31465161,6,753057
31466373,4,753057
31473645,12,753057
31474857,7,753057
31476069,8,753057
31477282,9,753057
31478494,6,753211
31479705,5,753211
31480917,7,753211
31482130,8,753211
31483342,8,753211
31484554,9,753211
31485766,7,753211
31486978,9,753211
31488190,5,753211
31489402,5,755524
31490614,5,755524
31491827,8,755524
31493038,7,755524
31494250,8,755524
31495463,6,755524
31496675,8,755524
31497886,8,755524
31499099,6,755524
31500311,4,749100
31501523,5,749100
31502735,6,749100
31503947,7,749100
31505159,6,749100
31506372,10,749100
31507584,8,749100
31508795,8,749100
31510008,3,749100
31511219,6,753160
31512431,4,753160
31513643,4,753160
31514856,3,753160
31516068,6,753160
31517279,9,753160
31518491,6,753160
31519703,4,753160
31520916,5,753160
31522128,7,751258
31523339,5,753006
31524552,5,753006
31525764,4,753006
31526976,3,753006
31528188,2,753006
31529400,3,753006
31530612,2,753006
31531824,5,753006
31533036,3,753006
31534248,2,750539
31535460,4,750539
31536672,6,750539
31537884,3,750539
31539096,2,750539
31540308,4,750539
31541521,5,750539
31542733,3,750539
31543946,-1,750539
31545157,4,750539
31546370,1,750539
31547581,5,750539
31548794,5,750539
31550005,11,750539
31557278,3,750539
31558490,5,750539
31559702,5,750539
31560914,6,750539
31562126,7,750539
31563339,8,750539
31564550,7,750539
31565762,6,754804
31566975,5,757631
31568187,4,757631
31569398,2,757631
31570611,4,757631
31571822,4,757631
31573034,4,757631
31574247,3,757631
31575459,4,757631
31576672,5,757631
31577883,5,757681
31579095,4,757425
31580307,5,757425
31581520,4,757425
31582732,4,757425
31583944,5,757425
31585157,4,757425
31586369,4,757425
31587581,4,757425
31588793,4,757309
31590005,4,753725
31591217,3,753725
31592430,2,753725
31593641,4,753725
31594854,4,753725
31596065,3,753725
31597277,4,753725
31598491,3,753725
31599702,6,753725
31600914,5,753725
31602127,6,753725
31603338,4,753725
31604551,8,753725
31605762,6,753725
31606975,9,753725
31608187,8,753725
31609399,5,760303
31610611,0,760303
31611823,4,760303
31613035,7,760303
31614247,7,760303
31615459,7,760303
31616672,9,760303
31617883,6,760303
31619096,7,760303
31620307,6,760303
31621519,5,755215
31622731,-1,755215
31623944,5,755215
31625155,4,755215
31626367,7,755215
31627579,6,755215
31628791,6,755215
31630003,2,755215
31631216,8,755215
31632427,5,759121
31633640,11,759121
31642124,5,759121
31643336,7,755061
31644547,5,755061
31645760,8,755061
31646972,7,755061
31648184,9,755061
31649396,3,755061
31650608,4,755061
31651821,4,755061
31653032,9,755061
31654244,5,756243
31655456,4,756243
31656668,7,756243
31657880,8,756243
31659093,8,756243
31660304,6,756243
31661516,9,756243
31662728,8,756243
31663940,8,756243
31665152,7,758093
31666364,3,758093
31667577,6,758093
31668788,7,758093
31670000,4,758093
31671213,7,758093
31672424,7,758093
31673636,5,758093
31674848,6,758093
31676061,4,755267
31677272,5,755267
31678485,7,755267
31679697,6,755267
31680909,7,755267
31682121,5,755267
31683334,5,755267
31684546,7,755267
31685757,4,755267
31686969,4,757014
31688182,7,757014
31689394,7,757014
31690605,5,757014
31691817,7,757014
31693029,5,757014
31694241,6,757014
31695453,9,757014
31696665,8,757014
31697878,6,757682
31699089,6,755781
31700302,5,755781
31701514,4,755781
31702726,3,755781
31703939,6,755781
31705151,6,755781
31706363,4,755781
31707575,4,755781
31708786,3,755781
31709998,7,757477
31711211,7,757477
31712423,3,757477
31713635,2,757477
31714847,4,757477
31716059,3,757477
31717270,2,757477
31718483,5,757477
31726967,8,757477
31728179,6,757477
31729391,8,757477
31730603,7,757631
31731815,3,754188
31733027,5,754188
31734239,5,754188
31735452,4,754188
31736664,3,754188
31737876,4,754188
31739088,6,754188
31740300,4,754188
31741512,6,754188
31742724,4,756603
31743936,4,756603
31745148,4,756603
31746360,5,756603
31747572,5,756603
31748785,4,756603
31749996,5,756603
31751209,5,756603
31752421,4,756603
31753633,5,756592
31754845,4,753776
31756057,5,753776
31757269,5,753776
31758481,2,753776
31759693,4,753776
31760906,5,753776
31762117,3,753776
31763330,2,753776
31764541,3,753670
31765753,3,752646
31766965,5,752646
31768178,9,752646
31769390,4,752646
31770602,4,752646
31771815,5,752646
31773026,1,752646
31774238,3,752646
31775450,3,752646
31776663,4,752646
31777875,7,752646
31779086,6,752646
31780299,5,752646
31781511,7,752646
31782723,3,752646
31783935,8,752646
31785147,6,750282
31786359,4,750282
31787571,4,750282
31788784,7,750282
31789995,5,750282
31791207,5,750282
31792419,4,750282
31793630,8,750282
31794844,6,750282
31796055,8,750282
31797267,9,747096
31798479,6,747096
31799691,9,747096
31800903,10,747096
31802114,8,747096
31803327,5,747096
31810598,5,747096
31811810,6,747096
31813022,9,747096
31814235,6,747096
31815447,8,747096
31816659,6,747096
31817871,7,747096
31819083,6,747969
31820294,4,747969
31821507,5,747969
31822718,5,747969
31823931,8,747969
31825143,6,747969
31826355,4,747969
31827567,7,747969
31828778,7,747969
31829990,10,746684
31831202,4,746684
31832414,6,746684
31833627,6,746684
31834838,7,746684
31836051,8,746684
31837263,8,746684
31838474,6,746684
31839687,8,746684
31840898,5,744680
31842110,5,744680
31843323,7,744680
31844535,4,744680
31845746,7,744680
31846958,7,744680
31848170,5,744680
31849382,8,744680
31850594,8,744680
31851807,6,743858
31853018,-1,743858
31854231,7,743858
31855442,6,743858
31856654,8,743858
31857866,7,743858
31859078,5,743858
31860290,8,743858
31861502,8,743858
31862714,3,744063
31863927,3,744063
31865138,7,744063
31866350,8,744063
31867562,7,744063
31868775,7,744063
31869987,8,744063
31871199,9,744063
31872410,4,744063
31873622,4,744783
31874835,5,744783
31876047,6,744783
31877259,6,744783
31878470,4,744783
31879682,9,744783
31880895,7,744783
31882107,4,744783
31883319,5,744783
31884530,9,741751
31885742,4,741905
31886954,6,741905
31894227,5,741905
31895439,17,741905
31896650,7,745451
31897862,2,745451
31899075,2,745451
31900286,3,745451
31901498,5,745451
31902711,3,745451
31903923,3,745451
31905134,4,745451
31906346,4,745451
31907558,5,737640
31908770,7,737640
31909983,5,737640
31911194,3,737640
31912406,2,737640
31913618,2,737640
31914830,0,737640
31916042,4,737640
31917254,2,737640
31918466,4,740004
31919678,7,740004
31920891,4,740004
31922103,7,740004
31923314,4,740004
31924526,3,740004
31925738,3,740004
31926951,4,740004
31928163,4,740004
31929375,6,740004
31930587,4,740004
31931799,4,740004
31933011,3,740004
31934223,5,740004
31935435,3,740004
31936646,5,740004
31937859,1,740004
31939071,3,740004
31940282,5,740009
31941494,5,741545
31942707,5,741545
31943919,3,741545
31945131,5,741545
31946343,4,741545
31947554,1,741545
31948766,3,741545
31949979,5,741545
31951190,4,741394
31952402,2,742162
31953614,5,742162
31954827,6,742162
31956039,3,742162
31957250,4,742162
31958462,4,742162
31959675,3,742162
31960887,3,742162
31962099,4,742162
31963311,4,742162
31964523,8,742162
31965735,4,742162
31966946,5,742162
31968159,7,742162
31969370,5,742162
31970582,7,742162
31979066,12,742162
31980279,7,742162
31981490,6,742162
31982702,4,742162
31983915,6,745400
31985126,5,745400
31986339,6,745400
31987550,8,745400
31988762,7,745400
31989975,5,745400
31991186,7,745400
31992398,8,745400
31993610,5,745400
31994823,7,744937
31996035,4,744937
31997247,5,744937
31998458,6,744937
31999670,8,744937
32000882,8,744937
32002095,5,744937
32003307,5,744937
32004519,6,744937
32005731,7,749665
32006943,5,749665
32008154,8,749665
32009366,6,749665
32010578,6,749665
32011790,4,749665
32013002,2,749665
32014214,6,749665
32015427,5,749665
32016638,7,747147
32017850,4,747147
32019062,7,747147
32020274,6,747147
32021486,8,747147
32022699,8,747147
32023911,4,747147
32025122,7,747147
32026334,6,747147
32027546,10,752389
32028759,3,752389
32029971,7,752389
32031183,4,752389
32032394,2,752389
32033607,7,752389
32034819,6,752389
32036030,6,752389
32037243,8,752389
32038455,4,750590
32039667,5,750590
32040879,7,750590
32042091,6,750590
32043303,8,750590
32044515,8,750590
32045727,7,750590
32046939,5,750590
32048151,5,750590
32049363,6,753006
32050575,5,753006
32051787,6,753006
32052999,6,753006
32054211,5,753006
32055423,8,753006
32062696,3,753006
32063907,7,753006
32065120,6,753006
32066331,6,753006
32067543,5,753006
32068756,6,753006
32069967,6,753006
32071179,7,752800
32072392,4,752852
32073604,5,752852
32074816,4,752852
32076028,4,752852
32077239,4,752852
32078451,5,752852
32079664,6,752852
32080876,4,752852
32082088,5,752852
32083300,3,752852
32084512,5,752852
32085724,4,752852
32086936,5,752852
32088148,5,752852
32089361,3,752852
32090573,3,752852
32091785,2,752852
32092996,5,752852
32094208,4,771198
32095421,4,771198
32096633,1,771198
32097845,5,771198
32099056,6,771198
32100268,2,771198
32101480,-6,771198
32102693,7,771198
32103904,55,771198
32105117,6,733785
32106329,9,733785
32107540,6,733785
32108753,3,733785
32109965,4,733785
32111177,4,733785
32112389,3,733785
32113601,3,733785
32114813,3,733785
32116025,3,733733
32117237,3,747301
32118449,4,747301
32119661,3,747301
32120873,-8,747301
32122085,8,747301
32123297,7,747301
32124509,2,747301
32125721,3,747301
32126933,5,747326
32128145,-5,740158
32129357,12,740158
32130569,4,740158
32131781,5,740158
32132993,2,740158
32134205,4,740158
32135418,2,740158
32136629,6,740158
32137842,4,740158
32139053,7,740158
32147537,21,745811
32148750,-10,745811
32149961,-1,745811
32151173,5,745811
32152386,26,745811
32153598,-2,745811
32154809,31,745811
32156021,4,745811
32157234,4,745811
32158446,9,745811
32159658,4,744783
32160869,3,744783
32162081,4,744783
32163294,7,744783
32164506,7,744783
32165718,3,744783
32166930,8,744783
32168142,5,744783
32169354,-7,744783
32170566,2,742419
32171778,5,742419
32172990,7,742419
32174202,3,742419
32175414,7,742419
32176626,5,742419
32177838,7,742419
32179050,4,742419
32180262,8,742419
32181474,5,742779
32182686,6,742779
32183898,4,742779
32185110,6,742779
32186322,5,742779
32187534,6,742779
32188746,9,742779
32189958,13,742779
32191170,7,742779
32192382,7,744937
32193594,4,744937
32194806,4,744937
32196017,27,744937
32197229,5,744937
32198442,5,744937
32199654,6,744937
32200866,8,744937
32202078,7,744937
32203289,7,744063
32204501,4,744063
32205714,3,744063
32206926,7,744063
32208138,6,744063
32209350,5,744063
32210562,8,744063
32211773,4,744063
32212986,7,744063
32214197,6,745194
32215410,2,745194
32216621,5,745194
32217833,7,745194
32219045,7,745194
32220257,5,745194
32221470,7,745194
32222682,9,745194
32223893,3,745194
32231166,11,745194
32232377,11,745194
32233589,5,745194
32234801,6,745194
32236013,6,741083
32237225,4,749048
32238437,3,749048
32239648,3,749048
32240860,3,749048
32242072,4,749048
32243285,5,749048
32244497,3,749048
32245709,4,749048
32246921,3,749048
32248133,4,744115
32249345,3,744115
32250556,4,744115
32251769,3,744115
32252980,7,744115
32254193,4,744115
32255404,-2,744115
32256616,3,744115
32257829,4,744115
32259041,3,744115
32260253,3,744115
32261465,5,744115
32262677,4,744115
32263889,5,744115
32265101,5,744115
32266313,4,744115
32267526,5,744115
32268737,4,744115
32269949,5,745914
32271161,4,745914
32272373,7,745914
32273585,4,745914
32274798,4,745914
32276009,2,745914
32277221,3,745914
32278433,2,745914
32279645,4,745914
32280858,3,749100
32282069,0,749100
32283282,4,749100
32284494,11,749100
32285706,3,749100
32286918,16,749100
32288130,1,749100
32289342,4,749100
32290553,4,749100
32291766,4,749149
32292977,6,748637
32294190,4,748637
32295402,3,748637
32296614,4,748637
32297826,3,748637
32299038,3,748637
32300250,4,748637
32301462,2,748637
32302674,6,748629
32303886,4,746325
32305098,3,746325
32306310,3,746325
32307522,4,746325
32316006,6,746325
32317218,7,746325
32318430,4,746325
32319643,8,746325
32320855,6,746325
32322067,5,746325
32323279,5,749254
32324491,5,749254
32325703,2,749254
32326915,7,749254
32328127,7,749254
32329339,6,749254
32330551,6,749254
32331763,4,749254
32332975,9,749254
32334187,7,749254
32335399,6,747712
32336611,1,747712
32337823,5,747712
32339036,6,747712
32340248,6,747712
32341460,5,747712
32342672,7,747712
32343884,5,747712
32345096,7,747712
32346308,6,746273
32347521,6,746273
32348732,5,746273
32349944,6,746273
32351156,4,746273
32352369,7,746273
32353580,5,746273
32354792,7,746273
32356004,6,746273
32357216,8,748380
32358429,3,748380
32359641,5,748380
32360853,6,748380
32362065,2,748380
32363277,4,748380
32364489,5,748380
32365701,7,748380
32366914,6,748380
32368125,7,750282
32369338,5,750282
32370549,4,750282
32371762,6,750282
32372975,11,750282
32374186,5,750282
32375398,5,750282
32376611,7,750282
32377823,7,750282
32379035,5,749922
32380246,4,749922
32381458,9,749922
32382671,6,749922
32383883,5,749922
32385094,4,749922
32386307,7,749922
32387519,8,749922
32388731,4,749922
32389943,-5,752954
32391155,5,752954
32392367,6,752954
32399640,13,752954
32400852,5,751361
32402064,4,751361
32403277,9,751361
32404488,5,751361
32405701,5,751361
32406912,7,751361
32408125,7,751361
32409336,8,751361
32410548,6,751361
32411761,6,747096
32412973,4,750590
32414185,7,750590
32415397,3,750590
32416609,4,750590
32417822,7,750590
32419033,7,750590
32420245,5,750590
32421457,9,750590
32422670,4,750590
32423882,-9,738513
32425095,6,738513
32426307,2,738513
32427519,4,738513
32428731,4,738513
32429943,3,738513
32431155,5,738513
32432368,4,738513
32433579,3,738513
32434791,4,747661
32436004,3,747661
32437216,5,747661
32438428,3,747661
32439641,4,747661
32440852,4,747661
32442064,3,747661
32443277,5,747661
32444489,4,747661
32445701,5,756552
32446913,4,756552
32448125,5,756552
32449337,4,756552
32450549,3,756552
32451762,4,756552
32452973,3,756552
32454186,5,756552
32455397,-14,756552
32456610,-3,758659
32457822,-5,758659
32459034,1,758659
32460246,10,758659
32461459,6,758659
32462670,4,758659
32463882,4,758659
32465095,4,758659
32466306,3,758659
32467518,4,758550
32468731,2,757014
32469943,5,757014
32471155,5,757014
32472368,2,757014
32473579,3,757014
32474791,5,757014
32476003,19,757014
32483276,14,757014
32484488,-3,757014
32485700,3,757014
32486913,29,757014
32488125,8,757168
32489337,4,757168
32490549,4,757168
32491762,6,757168
32492973,6,757168
32494186,8,757168
32495397,9,757168
32496610,6,757168
32497822,6,757168
32499035,6,753108
32500246,4,753108
32501458,4,753108
32502671,6,753108
32503883,7,753108
32505094,7,753108
32506307,4,753108
32507519,3,753108
32508731,3,753108
32509943,8,753108
32511155,5,758093
32512368,4,758093
32513580,6,758093
32514792,5,758093
32516004,3,758093
32517216,9,758093
32518428,6,758093
32519641,9,758093
32520852,4,758093
32522064,7,758556
32523277,5,758556
32524488,9,758556
32525701,6,758556
32526913,4,758556
32528126,6,758556
32529337,4,758556
32530550,7,758556
32531761,8,758556
32532973,8,762050
32534186,4,762050
32535398,6,762050
32536611,6,762050
32537823,6,762050
32539035,5,762050
32540247,7,762050
32541459,6,762050
32542671,6,762050
32543883,8,764928
32545095,4,764928
32546308,6,764928
32547520,9,764928
32548732,7,764928
32549944,5,764928
32551156,5,764928
32552369,9,764928
32553580,8,764928
32554792,4,767292
32556005,3,767292
32557217,8,767292
32558429,5,767292
32559641,9,767292
32568126,7,767292
32569338,7,767292
32570550,5,767292
32571763,4,767292
32572975,6,767292
32574187,8,767292
32575399,9,767292
32576611,8,770684
32577823,4,770684
32579035,7,770684
32580248,9,770684
32581459,7,770684
32582671,9,770684
32583884,6,770684
32585096,6,770684
32586308,6,770684
32587519,4,769297
32588731,6,769297
32589944,7,769297
32591156,6,769297
32592368,7,769297
32593580,7,769297
32594792,5,769297
32596004,5,769297
32597216,9,769297
32598428,8,771301
32599641,4,773511
32600853,5,773511
32602065,2,773511
32603277,4,773511
32604489,6,773511
32605701,3,773511
32606914,4,773511
32608126,5,773511
32609337,6,773511
32610549,5,773922
32611762,5,773922
32612974,4,773922
32614186,4,773922
32615399,3,773922
32616610,3,773922
32617822,2,773922
32619034,1,773922
32620247,0,773922
32621459,5,770119
32622671,5,770119
32623883,3,770119
32625096,4,770119
32626307,4,770119
32627519,3,770119
32628732,3,770119
32629944,4,770119
32631157,1,770119
32632369,5,776903
32633581,5,776903
32634792,4,776903
32636005,3,776903
32637217,4,776903
32638429,5,776903
32639641,5,776903
32640854,2,776903
32642065,3,776903
32643277,3,776903
32644490,4,776903
32652975,14,776903
32654187,5,776945
32655399,4,774641
32656611,2,774641
32657824,2,774641
32659036,5,774641
32660248,4,774641
32661460,3,774641
32662673,5,774641
32663884,3,774641
32665097,3,774503
32666309,3,778855
32667521,3,778855
32668733,5,778855
32669946,4,778855
32671157,4,778855
32672369,4,778855
32673581,3,778855
32674794,4,778855
32676006,4,778855
32677218,5,778855
32678430,5,778855
32679642,6,778855
32680854,5,778855
32682067,7,778855
32683279,6,778855
32684490,8,778855
32685703,4,778855
32686915,8,776234
32688127,6,776234
32689340,7,776234
32690551,8,776234
32691763,7,776234
32692976,6,776234
32694188,6,776234
32695400,5,776234
32696612,8,776234
32697825,7,779061
32699037,4,779061
32700249,6,779061
32701462,6,779061
32702673,7,779061
32703886,6,779061
32705098,10,779061
32706310,7,779061
32707523,9,779061
32708734,5,772740
32709947,5,772740
32711160,7,772740
32712371,6,772740
32713584,7,772740
32714796,6,772740
32716008,7,772740
32717220,6,772740
32718432,5,772740
32719645,6,779626
32720856,2,779626
32722068,7,779626
32723281,9,779626
32724493,5,779626
32725705,6,779626
32726917,7,779626
32728129,7,779626
32729341,6,779626
32736614,9,779626
32737826,5,779626
32739039,6,779626
32740251,7,779626
32741463,6,777005
32742676,6,777005
32743888,5,777005
32745100,7,777005
32746312,5,777005
32747524,5,777005
32748736,7,777005
32749948,5,777005
32751160,6,777005
32752372,9,778084
32753585,3,778084
32754797,7,778084
32756010,5,778084
32757221,6,778084
32758434,4,778084
32759646,7,778084
32760857,8,778084
32762070,6,778084
32763282,9,781271
32764495,4,781271
32765707,2,781271
32766919,3,781271
32768130,5,781271
32769343,4,781271
32770555,9,781271
32771767,7,781271
32772979,9,781271
32774191,5,779524
32775403,5,779164
32776615,5,779164
32777828,3,779164
32779040,4,779164
32780253,3,779164
32781465,2,779164
32782677,3,779164
32783890,4,779164
32785101,2,779164
32786313,-2,779112
32787526,2,779112
32788737,3,779112
32789949,4,779112
32791162,3,779112
32792374,6,779112
32793586,4,779112
32794798,6,779112
32796010,3,779112
32797223,5,782504
32798435,3,782504
32799647,5,782504
32800859,5,782504
32802071,3,782504
32803283,6,782504
32804496,6,782504
32805708,5,782504
32806920,4,782504
32808132,0,782967
32809344,6,782967
32810557,3,782967
32811769,5,782967
32812981,7,782967
32820254,1,782967
32821466,4,782967
32822678,7,782967
32823890,5,782967
32825102,3,782967
32826315,5,782967
32827527,7,782967
32828739,4,775207
32829951,4,775183
32831164,5,782607
32832376,6,782607
32833588,5,782607
32834799,5,782607
32836012,2,782607
32837224,2,782607
32838436,3,782607
32839648,3,782607
32840860,5,782794
32842072,4,777930
32843285,6,777930
32844497,5,777930
32845709,5,777930
32846920,3,777930
32848133,3,777930
32849345,5,777930
32850557,4,777930
32851769,4,777930
32852981,7,777930
32854194,9,777930
32855406,5,777930
32856618,5,777930
32857830,5,777930
32859042,4,777930
32860254,6,777930
32861466,9,778136
32862679,6,778136
32863891,6,778136
32865103,4,778136
32866314,6,778136
32867527,7,778136
32868739,5,778136
32869951,8,778136
32871164,5,778136
32872375,10,778136
32873587,7,780962
32874799,4,780962
32876012,7,780962
32877224,5,780962
32878435,6,780962
32879648,7,780962
32880860,4,780962
32882072,9,780962
32883284,5,780962
32884496,8,781271
32885708,4,781271
32886920,7,781271
32888132,5,781271
32889344,6,781271
32890556,4,781271
32891769,5,781271
32892981,9,781271
32894194,5,781271
32895406,4,778547
32896618,10,778547
32905103,9,778547
32906315,4,783583
32907526,3,783583
32908739,5,783583
32909951,5,783583
32911163,4,783583
32912375,8,783583
32913587,6,783583
32914800,5,783583
32916012,4,783583
32917224,9,782658
32918437,4,782658
32919649,7,782658
32920860,6,782658
32922073,7,782658
32923285,7,782658
32924497,7,782658
32925710,5,782658
32926921,6,782658
32928134,7,782504
32929346,3,782504
32930558,8,782504
32931770,8,782504
32932982,8,782504
32934194,6,782504
32935406,5,782504
32936619,6,782504
32937831,7,782504
32939043,6,781065
32940255,3,781065
32941467,9,781065
32942680,10,781065
32943891,6,781065
32945104,8,781065
32946316,8,781065
32947528,8,781065
32948740,8,781065
32949952,8,778239
32951164,4,778239
32952376,8,778239
32953588,9,778239
32954801,7,778239
32956013,5,778239
32957226,7,778239
32958438,5,778239
32959650,4,778239
32960861,7,784920
32962073,4,781579
32963286,4,781579
32964499,6,781579
32965710,4,781579
32966923,1,781579
32968134,3,781579
32969347,2,781579
32970559,4,781579
32971771,2,781579
32972983,4,778753
32974195,4,778753
32975408,2,778753
32976620,4,778753
32977832,4,778753
32979044,3,778753
32980256,3,778753
32981469,7,778753
32989954,8,778753
32991166,6,778753
32992378,10,778753
32993590,7,782196
32994802,3,785844
32996015,2,785844
32997226,4,785844
32998439,2,785844
32999651,4,785844
33000863,3,785844
33002075,1,785844
33003287,4,785844
33004499,4,785844
33005711,5,785670
33006924,5,780294
33008136,1,780294
33009348,2,780294
33010560,4,780294
33011772,5,780294
33012984,8,780294
33014197,4,780294
33015408,3,780294
33016621,4,780429
33017833,3,788877
33019046,4,788877
33020257,4,788877
33021470,4,788877
33022681,9,788877
33023895,5,788877
33025106,6,788877
33026318,3,788877
33027531,3,788962
33028742,4,788962
33029954,5,788962
33031167,8,788962
33032379,8,788962
33033591,6,788962
33034803,5,788962
33036015,6,788962
33037228,5,784354
33038440,4,784354
33039651,0,784354
33040864,8,784354
33042076,7,784354
33043288,5,784354
33044500,8,784354
33045713,3,784354
33046924,7,784354
33048136,6,784354
33049348,9,783686
33050561,5,783686
33051773,7,783686
33052985,6,783686
33054198,9,783686
33055410,6,783686
33056622,7,783686
33057834,7,783686
33059046,4,783686
33060259,6,781631
33061471,7,781631
33062683,12,781631
33063895,10,781631
33065106,5,781631
33066319,9,781631
33073592,3,781631
33074805,7,781631
33076016,3,781631
33077228,7,781631
33078440,6,781631
33079653,4,781631
33080865,4,781631
33082077,8,783326
33083289,5,783326
33084501,8,783326
33085714,6,783326
33086925,7,783326
33088137,9,783326
33089350,8,783326
33090562,5,783326
33091774,8,783326
33092987,8,780551
33094198,3,780551
33095410,3,780551
33096622,6,780551
33097835,7,780551
33099047,6,780551
33100259,8,780551
33101470,9,780551
33102683,9,780551
33103895,9,786821
33105107,4,786821
33106319,4,786821
33107531,6,786821
33108744,5,786821
33109955,5,786821
33111168,5,786821
33112379,7,786821
33113592,11,786821
33114804,4,778393
33116016,4,778393
33117228,5,778393
33118440,5,778393
33119653,6,778393
33120864,6,778393
33122077,5,778393
33123288,7,778393
33124501,7,778393
33125713,7,784457
33126926,6,784457
33128137,8,784457
33129350,6,784457
33130562,7,784457
33131773,4,784457
33132986,10,784457
33134197,7,784457
33135410,7,784457
33136622,5,781990
33137834,4,783635
33139047,4,783635
33140259,4,783635
33141471,3,783635
33142682,10,783635
33143895,5,783635
33145107,1,783635
33146320,1,783635
33147531,3,783635
33148743,4,781528
33149955,6,781528
33157228,7,781528
33158441,12,781528
33159652,3,784406
33160865,2,784406
33162077,4,784406
33163289,6,784406
33164502,5,784406
33165713,5,784406
33166925,4,784406
33168138,5,784406
33169350,6,784406
33170562,5,779934
33171773,1,779934
33172986,6,779934
33174198,4,779934
33175410,2,779934
33176623,5,779934
33177834,2,779934
33179047,7,779934
33180258,4,779934
33181471,3,780603
33182683,9,780603
33183895,4,780603
33185107,5,780603
33186319,5,780603
33187531,4,780603
33188744,3,780603
33189956,4,780603
33191168,4,780603
33192381,8,780705
33193593,4,780705
33194804,5,780705
33196017,4,780705
33197229,5,780705
33198442,2,780705
33199654,4,780705
33200865,4,780705
33202077,3,780705
33203289,1,780610
33204502,4,782658
33205714,4,782658
33206926,5,782658
33208138,4,782658
33209351,4,782658
33210562,4,782658
33211775,4,782658
33212987,6,782658
33214199,3,782658
33215412,5,782658
33216623,7,782658
33217835,6,782658
33219048,6,782658
33220260,7,782658
33221472,7,782658
33222685,11,782658
33223896,7,781579
33225108,3,781579
33226321,3,781579
33227532,6,781579
33228745,5,781579
33229956,5,781579
33231169,6,781579
33232382,8,781579
33233593,6,781579
33242078,4,781579
33243290,6,781579
33244502,7,781579
33245715,5,781579
33246927,5,784046
33248138,4,784046
33249351,6,784046
33250563,6,784046
33251775,3,784046
33252987,6,784046
33254200,7,784046
33255411,3,784046
33256623,6,784046
33257836,7,779626
33259048,4,779626
33260260,6,779626
33261473,9,779626
33262684,11,779626
33263896,8,779626
33265108,7,779626
33266320,6,779626
33267532,6,779626
33268745,3,784046
33269957,4,784046
33271169,8,784046
33272381,8,784046
33273593,4,784046
33274806,7,784046
33276018,4,784046
33277229,5,784046
33278442,3,784046
33279654,7,782967
33280866,3,782967
33282078,5,782967
33283291,4,782967
33284502,7,782967
33285715,6,782967
33286927,7,782967
33288139,7,782967
33289351,9,782967
33290563,5,787797
33291775,3,787797
33292987,11,787797
33294199,8,787797
33295411,4,787797
33296624,5,787797
33297836,5,787797
33299048,8,787797
33300260,8,787797
33301473,7,779472
33302684,6,779472
33303896,6,779472
33305108,7,779472
33306320,5,779472
33307533,7,779472
33308745,5,779472
33309957,4,779472
33311170,5,779472
33312381,9,786256
33313594,3,784200
33314806,4,784200
33316019,4,784200
33317230,4,784200
33318442,6,784200
33326927,7,784200
33328139,6,784200
33329351,8,784200
33330564,8,784200
33331776,6,784200
33332988,7,784200
33334200,5,781733
33335413,2,786102
33336625,5,786102
33337837,3,786102
33339049,2,786102
33340261,4,786102
33341474,4,786102
33342686,2,786102
33343898,5,786102
33345111,5,786102
33346323,3,774693
33347535,5,774693
33348747,4,774693
33349959,4,774693
33351171,5,774693
33352384,5,774693
33353595,4,774693
33354808,4,774693
33356020,2,774693
33357232,4,783223
33358444,4,783223
33359657,5,783223
33360868,4,783223
33362081,4,783223
33363293,4,783223
33364506,4,783223
33365718,1,783223
33366930,5,783223
33368142,4,783152
33369354,5,777776
33370566,4,777776
33371779,4,777776
33372991,5,777776
33374203,5,777776
33375414,3,777776
33376626,4,777776
33377839,3,777776
33379051,3,777812
33380263,3,787284
33381475,4,787284
33382687,3,787284
33383899,5,787284
33385111,5,787284
33386323,3,787284
33387535,2,787284
33388748,4,787284
33389960,3,787284
33391172,4,787284
33392384,8,787284
33393596,8,787284
33394808,9,787284
33396020,6,787284
33397232,6,787284
33398444,9,787284
33399656,5,781785
33400868,5,781785
33402081,4,781785
33403293,7,781785
33410565,3,781785
33411777,4,782453
33412989,5,782453
33414201,6,782453
33415414,8,782453
33416625,8,782453
33417838,5,782453
33419050,5,782453
33420262,6,782453
33421474,6,782453
33422686,7,779318
33423899,3,779318
33425111,4,779318
33426323,7,779318
33427534,5,779318
33428747,8,779318
33429959,7,779318
33431171,6,779318
33432383,8,779318
33433595,8,781322
33434808,5,781322
33436020,5,781322
33437232,7,781322
33438444,9,781322
33439657,6,781322
33440868,6,781322
33442081,9,781322
33443292,9,781322
33444505,5,781322
33445717,5,781322
33446929,2,781322
33448141,3,781322
33449353,8,781322
33450566,8,781322
33451777,7,781322
33452990,6,781322
33454201,6,781322
33455414,6,780500
33456626,3,780500
33457839,6,780500
33459050,6,780500
33460263,5,780500
33461475,4,780500
33462687,9,780500
33463899,5,780500
33465111,6,780500
33466323,8,783789
33467535,5,783789
33468747,5,783789
33469960,7,783789
33471172,8,783789
33472383,8,783789
33473596,6,783789
33474808,6,783789
33476020,7,783789
33477232,3,781939
33478444,4,781939
33479656,8,781939
33480868,8,781939
33482080,5,781939
33483292,6,781939
33484504,7,781939
33485716,2,781939
33486928,5,781939
33494201,14,781939
33495414,5,781939
33496625,6,781939
33497837,6,781939
33499049,6,779472
33500262,4,784251
33501473,3,784251
33502686,7,784251
33503897,5,784251
33505110,3,784251
33506322,1,784251
33507534,4,784251
33508746,3,784251
33509959,4,784251
33511171,5,785022
33512383,7,785022
33513594,1,785022
33514807,4,785022
33516019,3,785022
33517231,0,785022
33518443,3,785022
33519655,4,785022
33520867,3,785022
33522079,4,781271
33523292,6,781271
33524504,3,781271
33525716,3,781271
33526928,2,781271
33528141,5,781271
33529353,4,781271
33530564,4,781271
33531776,5,781271
33532989,5,776389
33534201,4,776389
33535413,3,776389
33536625,5,776389
33537837,4,776389
33539049,5,776389
33540262,3,776389
33541473,2,776389
33542685,3,776389
33543897,4,776389
33545109,5,776389
33546322,3,776389
33547535,3,776389
33548746,4,776389
33549959,5,776389
33551171,4,776389
33552383,6,776389
33553595,5,776389
33554807,4,776403
33556019,3,780243
33557231,3,780243
33558443,3,780243
33559655,4,780243
33560867,4,780243
33562079,2,780243
33563292,4,780243
33564504,4,780243
33565716,3,780201
33566928,1,782761
33568141,4,782761
33569353,3,782761
33570564,6,782761
33579049,4,782761
33580262,6,782761
33581474,12,782761
33582685,9,782761
33583898,7,782761
33585110,4,782761
33586323,4,782761
33587534,9,779780
33588746,5,779780
33589959,8,779780
33591170,7,779780
33592383,5,779780
33593595,5,779780
33594807,6,779780
33596018,8,779780
33597230,7,779780
33598443,9,780089
33599655,2,780089
33600867,8,780089
33602079,8,780089
33603291,7,780089
33604503,8,780089
33605716,7,780089
33606927,8,780089
33608139,8,780089
33609352,7,780448
33610564,3,780448
33611775,6,780448
33612988,5,780448
33614200,9,780448
33615412,6,780448
33616624,9,780448
33617836,7,780448
33619048,4,780448
33620260,7,777879
33621472,2,777879
33622684,10,777879
33623896,10,777879
33625108,7,777879
33626320,8,777879
33627532,6,777879
33628745,5,777879
33629956,8,777879
33631169,7,780603
33632380,8,780603
33633593,9,780603
33634805,5,780603
33636017,5,780603
33637228,10,780603
33638440,8,780603
33639652,10,780603
33640865,5,780603
33642077,4,778187
33643288,4,778187
33644500,7,778187
33645713,6,778187
33646925,5,778187
33648137,6,778187
33649349,4,778187
33650562,7,778187
33651773,7,778187
33652985,10,782504
33654197,5,782504
33655409,10,782504
33662682,10,782504
33663894,4,776491
33665106,5,776491
33666319,6,776491
33667530,9,776491
33668742,5,776491
33669955,6,776491
33671167,6,776491
33672379,10,776491
33673591,9,776491
33674803,7,782967
33676015,4,776645
33677226,4,776645
33678439,3,776645
33679651,5,776645
33680863,4,776645
33682075,4,776645
33683287,4,776645
33684499,3,776645
33685711,3,776645
33686923,2,781579
33688136,5,781579
33689348,4,781579
33690560,5,781579
33691772,2,781579
33692984,4,781579
33694196,4,781579
33695408,5,781579
33696620,4,781579
33697832,4,778187
33699044,3,778187
33700257,4,778187
33701468,5,778187
33702680,4,778187
33703892,3,778187
33705105,5,778187
33706317,3,778187
33707529,5,778187
33708741,4,783840
33709953,4,783840
33711165,4,783840
33712377,7,783840
33713589,4,783840
33714802,6,783840
33716014,6,783840
33717226,5,783840
33718438,3,783840
33719650,4,781014
33720863,3,781014
33722074,3,781014
33723287,5,781014
33724499,4,781014
33725711,5,781014
33726923,4,781014
33728136,4,781014
33729348,4,781014
33730560,3,781047
33731772,4,776183
33732984,6,776183
33734195,4,776183
33735408,5,776183
33736620,4,776183
33737832,5,776183
33739044,8,776183
33747529,4,776183
33748741,7,776183
33749953,6,776183
33751165,9,778701
33752378,2,778701
33753589,8,778701
33754801,5,778701
33756013,4,778701
33757226,6,778701
33758438,4,778701
33759651,5,778701
33760863,6,778701
33762074,6,777211
33763286,5,777211
33764499,3,777211
33765711,6,777211
33766923,9,777211
33768135,9,777211
33769347,7,777211
33770559,7,777211
33771771,3,777211
33772984,8,777211
33774196,7,779318
33775408,2,779318
33776620,6,779318
33777833,5,779318
33779044,5,779318
33780256,4,779318
33781469,6,779318
33782681,10,779318
33783893,5,779318
33785105,7,778393
33786317,4,778393
33787528,8,778393
33788741,6,778393
33789953,6,778393
33791166,8,778393
33792378,7,778393
33793589,5,778393
33794802,6,778393
33796013,8,780500
33797226,4,780500
33798438,3,780500
33799650,5,780500
33800861,6,780500
33802074,7,780500
33803286,8,780500
33804498,7,780500
33805710,3,780500
33806922,4,776594
33808134,4,776594
33809347,4,776594
33810558,8,776594
33811770,6,776594
33812983,7,776594
33814195,5,776594
33815407,7,776594
33816620,9,776594
33817831,7,781168
33819043,5,781168
33820255,5,781168
33821467,6,781168
33822680,8,781168
33823891,3,781168
33831165,8,781168
33832376,15,781168
33833588,6,781168
33834800,8,781168
33836013,6,781168
33837225,5,781168
33838436,4,781168
33839649,5,778239
33840861,4,778239
33842073,4,778239
33843285,7,778239
33844497,7,778239
33845709,6,778239
33846921,8,778239
33848134,8,778239
33849346,5,778239
33850558,4,773356
33851769,4,780911
33852981,8,780911
33854194,4,780911
33855405,4,780911
33856618,3,780911
33857829,4,780911
33859041,3,780911
33860253,4,780911
33861466,4,780911
33862678,6,778496
33863889,5,778496
33865101,2,778496
33866314,4,778496
33867526,6,778496
33868738,3,778496
33869949,4,778496
33871162,1,778496
33872374,6,778496
33873586,3,776645
33874798,5,776645
33876010,3,776645
33877222,4,776645
33878435,2,776645
33879647,6,776645
33880859,4,776645
33882071,5,776645
33883282,6,776645
33884495,3,776697
33885707,5,776697
33886918,5,776697
33888130,4,776697
33889343,4,776697
33890554,3,776697
33891766,4,776697
33892979,5,776697
33894190,4,776697
33895403,3,777930
33896614,4,777930
33897827,5,777930
33899039,2,777930
33900251,3,777930
33901463,1,777930
33902675,8,777930
33903886,4,777930
33905099,3,777930
33906311,2,777977
33907523,6,776697
33916007,5,776697
33917219,4,776541
33918431,6,776029
33919643,5,776029
33920855,3,776029
33922068,3,776029
33923279,3,776029
33924491,4,776029
33925704,4,776029
33926915,5,776029
33928127,3,776029
33929340,3,776029
33930551,7,776029
33931764,7,776029
33932975,7,776029
33934187,4,776029
33935399,4,776029
33936612,2,776029
33937824,9,782504
33939036,3,782504
33940248,4,782504
33941459,7,782504
33942672,7,782504
33943884,7,782504
33945096,5,782504
33946308,5,782504
33947520,7,782504
33948732,6,782504
33949943,5,777005
33951155,3,777005
33952368,7,777005
33953580,4,777005
33954792,7,777005
33956004,5,777005
33957216,5,777005
33958428,5,777005
33959640,5,777005
33960852,6,777673
33962064,4,777673
33963277,8,777673
33964489,7,777673
33965701,4,777673
33966913,7,777673
33968126,6,777673
33969337,6,777673
33970549,9,777673
33971761,4,776132
33972974,0,776132
33974185,6,776132
33975398,6,776132
33976610,6,776132
33977823,6,776132
33979035,3,776132
33980247,6,776132
33981458,5,776132
33982670,7,782093
33983883,3,782093
33985095,5,782093
33986306,9,782093
33987518,6,782093
33988731,4,782093
33989943,4,782093
33991154,9,782093
33992366,5,782093
33999639,12,782093
34000851,6,782093
34002063,9,782093
34003275,7,782093
34004487,6,781785
34005699,5,781785
34006911,7,781785
34008123,8,781785
34009336,7,781785
34010548,4,781785
34011760,7,781785
34012972,4,781785
34014184,5,781785
34015396,5,774436
34016608,2,774436
34017820,8,774436
34019032,4,774436
34020244,7,774436
34021456,6,774436
34022669,7,774436
34023880,7,774436
34025092,6,774436
34026304,6,782350
34027516,4,782350
34028728,7,782350
34029941,6,782350
34031152,6,782350
34032365,6,782350
34033577,8,782350
34034789,10,782350
34036001,7,782350
34037213,6,779164
34038425,5,780397
34039637,4,780397
34040849,0,780397
34042061,4,780397
34043274,3,780397
34044485,6,780397
34045697,4,780397
34046909,5,780397
34048121,5,780397
34049333,4,784508
34050545,4,784508
34051757,4,784508
34052969,2,784508
34054181,9,784508
34055393,2,784508
34056605,4,784508
34057817,2,784508
34059029,3,784508
34060241,4,774950
34061453,2,774950
34062665,4,774950
34063878,3,774950
34065089,3,774950
34066301,4,774950
34067513,4,774950
34068725,5,774950
34069938,3,774950
34071150,4,778804
34072362,6,778804
34073573,4,778804
34074786,4,778804
34075998,8,778804
34083270,2,778804
34084482,7,778804
34085694,7,778804
34086906,8,778804
34088119,7,778804
34089330,5,778804
34090543,5,778804
34091754,4,777828
34092967,5,777977
34094179,7,776697
34095391,4,776697
34096603,5,776697
34097815,3,776697
34099028,5,776697
34100239,2,776697
34101451,1,776697
34102664,5,776697
34103876,5,776697
34105088,4,776697
34106299,8,776697
34107511,6,776697
34108724,5,776697
34109936,5,776697
34111148,4,776697
34112360,5,776697
34113572,6,776080
34114785,2,776080
34115997,5,776080
34117209,2,776080
34118421,5,776080
34119633,8,776080
34120845,6,776080
34122058,3,776080
34123269,5,776080
34124482,6,776080
34125694,4,779986
34126906,5,779986
34128119,7,779986
34129331,7,779986
34130542,6,779986
34131755,6,779986
34132966,8,779986
34134178,5,779986
34135391,7,779986
34136603,6,775515
34137815,2,775515
34139027,5,775515
34140240,5,775515
34141451,6,775515
34142663,5,775515
34143876,8,775515
34145088,9,775515
34146300,4,775515
34147512,10,780808
34148724,5,780808
34149936,8,780808
34151148,5,780808
34152360,7,780808
34153572,6,780808
34154785,6,780808
34155997,5,780808
34157209,7,780808
34158421,2,777211
34159633,9,777211
34168117,6,777211
34169330,7,780037
34170542,4,780037
34171754,5,780037
34172967,6,780037
34174178,5,780037
34175390,6,780037
34176602,7,780037
34177815,3,780037
34179027,9,780037
34180239,7,779010
34181451,5,779010
34182664,6,779010
34183875,5,779010
34185088,8,779010
34186299,6,779010
34187512,7,779010
34188723,4,779010
34189936,5,779010
34191148,7,777468
34192361,4,777468
34193573,4,777468
34194784,6,777468
34195997,5,777468
34197208,7,777468
34198420,7,777468
34199633,6,777468
34200844,6,777468
34202057,4,779215
34203270,4,779215
34204481,4,779215
34205694,8,779215
34206906,8,779215
34208117,7,779215
34209329,7,779215
34210542,4,779215
34211754,7,779215
34212966,7,778290
34214178,7,778033
34215390,1,778033
34216602,3,778033
34217815,3,778033
34219027,4,778033
34220238,4,778033
34221451,3,778033
34222663,3,778033
34223875,4,778033
34225087,3,779678
34226299,4,779678
34227511,6,779678
34228723,4,779678
34229936,4,779678
34231148,4,779678
34232360,2,779678
34233572,4,779678
34234784,2,779678
34235996,4,777673
34237208,3,777673
34238420,3,777673
34239633,3,777673
34240845,3,777673
34242056,5,777673
34243268,2,777673
34244481,5,777673
34252966,7,777673
34254178,5,777673
34255390,7,777673
34256602,6,777622
34257814,5,777622
34259027,4,777622
34260239,3,777622
34261451,3,777622
34262664,4,777622
34263876,5,777622
34265088,2,777622
34266300,3,777622
34267512,5,777622
34268724,4,777474
34269936,3,779266
34271149,3,779266
34272361,4,779266
34273573,1,779266
34274785,4,779266
34275998,5,779266
34277209,7,779266
34278421,4,779266
34279634,5,779381
34280845,4,782453
34282059,2,782453
34283270,4,782453
34284482,6,782453
34285694,5,782453
34286907,3,782453
34288119,4,782453
34289331,3,782453
34290543,3,782453
34291755,3,782453
34292967,7,782453
34294179,7,782453
34295391,6,782453
34296604,3,782453
34297816,9,782453
34299028,7,782453
34300240,9,782453
34301452,6,772226
34302664,5,772226
34303876,5,772226
34305088,6,772226
34306300,9,772226
34307513,7,772226
34308725,5,772226
34309937,8,772226
34311150,7,772226
34312362,7,784560
34313573,4,784560
34314786,5,784560
34315997,6,784560
34317210,7,784560
34318422,7,784560
34319634,7,784560
34320846,9,784560
34322058,7,784560
34323271,8,777365
34324482,8,777365
34325695,8,777365
34326907,6,777365
34328119,6,777365
34329331,7,777365
34336604,4,777365
34337816,6,777365
34339028,8,777365
34340240,6,777365
34341452,5,777365
34342664,7,777365
34343876,7,777365
34345088,5,779318
34346300,3,779318
34347512,7,779318
34348725,5,779318
34349936,9,779318
34351148,8,779318
34352361,8,779318
34353573,5,779318
34354784,6,779318
34355996,6,782967
34357209,4,782967
34358420,6,782967
34359633,3,782967
34360844,5,782967
34362057,7,782967
34363269,6,782967
34364482,9,782967
34365694,6,782967
34366905,5,778907
34368118,3,778907
34369330,5,778907
34370542,7,778907
34371754,5,778907
34372966,7,778907
34374178,8,778907
34375390,7,778907
34376602,6,778907
34377815,9,777468
34379026,4,777468
34380239,5,777468
34381451,4,777468
34382663,6,777468
34383875,5,777468
34385087,5,777468
34386299,5,777468
34387511,9,777468
34388724,5,777982
34389936,3,780037
34391148,4,780037
34392360,6,780037
34393572,4,780037
34394783,6,780037
34395995,7,780037
34397208,3,780037
34398420,2,780037
34399631,4,780037
34400845,3,779112
34402056,4,779112
34403268,3,779112
34404480,4,779112
34405692,4,779112
34406904,4,779112
34408117,2,779112
34409329,3,779112
34410540,2,779112
34411753,4,779112
34412965,5,779112
34420238,6,779112
34421450,12,779112
34422662,10,778753
34423874,0,778753
34425086,2,778753
34426299,4,778753
34427511,4,778753
34428723,2,778753
34429935,5,778753
34431147,0,778753
34432360,3,778753
34433571,3,779780
34434783,3,779780
34435995,3,779780
34437207,3,779780
34438420,2,779780
34439632,4,779780
34440844,4,779780
34442056,6,779780
34443268,6,779780
34444481,6,779941
34445693,4,781733
34446905,4,781733
34448117,5,781733
34449330,3,781733
34450541,4,781733
34451754,4,781733
34452967,4,781733
34454178,7,781733
34455391,3,781663
34456602,5,776543
34457814,3,776543
34459027,2,776543
34460238,4,776543
34461450,5,776543
34462663,4,776543
34463875,4,776543
34465087,5,776543
34466299,5,776543
34467512,5,776543
34468724,6,776543
34469936,5,776543
34471148,6,776543
34472360,9,776543
34473572,6,776543
34474784,8,776543
34475996,6,782299
34477209,4,782299
34478420,1,782299
34479633,5,782299
34480844,5,782299
34482057,5,782299
34483269,6,782299
34484480,7,782299
34485693,6,782299
34486905,8,782299
34488117,6,776080
34489329,4,776080
34490541,6,776080
34491753,6,776080
34492966,7,776080
34494178,8,776080
34495390,6,776080
34496602,6,776080
34505087,8,776080
34506299,7,776080
34507511,6,776080
34508724,5,776080
34509935,8,776543
34511148,2,776543
34512359,6,776543
34513571,6,776543
34514784,7,776543
34515995,8,776543
34517208,4,776543
34518420,4,776543
34519632,5,776543
34520844,10,779112
34522056,4,779112
34523268,7,779112
34524481,8,779112
34525692,6,779112
34526904,7,779112
34528116,7,779112
34529328,9,779112
34530541,9,779112
34531752,3,779986
34532965,3,779986
34534177,6,779986
34535389,6,779986
34536601,10,779986
34537813,7,779986
34539026,3,779986
34540238,6,779986
34541449,5,779986
34542661,5,780448
34543874,3,780448
34545086,5,780448
34546298,7,780448
34547510,6,780448
34548723,4,780448
34549935,4,780448
34551147,6,780448
34552359,4,780448
34553571,5,778239
34554783,3,778239
34555995,7,778239
34557207,6,778239
34558419,5,778239
34559632,9,778239
34560844,5,778239
34562055,5,778239
34563268,5,778239
34564479,7,782247
34565692,4,782247
34566904,6,782247
34568116,7,782247
34569328,2,782247
34570541,8,782247
34571753,8,782247
34572964,7,782247
34574176,7,782247
34575388,9,777725
34576600,4,776800
34577813,5,776800
34579025,3,776800
34580237,7,776800
34581449,6,776800
34589933,9,776800
34591146,6,776800
34592358,6,776800
34593570,5,776800
34594782,11,776800
34595994,5,776800
34597206,5,779164
34598418,4,775977
34599630,4,775977
34600842,4,775977
34602055,4,775977
34603266,5,775977
34604478,3,775977
34605691,4,775977
34606903,4,775977
34608115,4,775977
34609327,5,781939
34610539,4,781939
34611751,4,781939
34612964,3,781939
34614176,7,781939
34615388,5,781939
34616599,2,781939
34617812,4,781939
34619024,3,781939
34620236,3,782019
34621448,3,775875
34622661,6,775875
34623872,4,775875
34625085,5,775875
34626297,5,775875
34627509,5,775875
34628721,5,775875
34629933,4,775875
34631145,3,775842
34632357,4,780962
34633570,3,780962
34634782,2,780962
34635994,5,780962
34637206,3,780962
34638419,4,780962
34639630,0,780962
34640845,4,780962
34642055,1,780962
34643268,4,780962
34644479,6,780962
34645691,6,780962
34646903,8,780962
34648116,3,780962
34649328,5,780962
34650541,8,780962
34651752,7,779832
34652964,5,779832
34654177,2,779832
34655389,7,779832
34656600,6,779832
34657812,6,779832
34659025,9,779832
34660237,8,779832
34661449,8,779832
34662661,4,779832
34663873,5,779112
34665085,5,779112
34666297,6,779112
34673570,3,779112
34674783,4,776132
34675994,6,776132
34677207,5,776132
34678418,6,776132
34679630,8,776132
34680844,7,776132
34682055,5,776132
34683267,5,776132
34684479,6,776132
34685691,9,777108
34686904,4,777108
34688116,5,777108
34689327,3,777108
34690539,4,777108
34691752,6,777108
34692964,8,777108
34694176,6,777108
34695388,9,777108
34696600,6,776183
34697813,4,776183
34699025,6,776183
34700237,7,776183
34701449,5,776183
34702662,3,776183
34703874,6,776183
34705085,9,776183
34706298,3,776183
34707510,5,777828
34708722,5,777828
34709934,5,777828
34711146,5,777828
34712359,7,777828
34713571,8,777828
34714784,4,777828
34715995,9,777828
34717207,8,777828
34718420,3,775823
34719631,3,775823
34720845,4,775823
34722056,7,775823
34723268,8,775823
34724480,5,775823
34725693,7,775823
34726905,3,775823
34728117,7,775823
34729330,8,778547
34730541,4,778547
34731753,6,778547
34732965,6,778547
34734178,7,778547
34735389,8,778547
34736602,8,778547
34737815,7,778547
34739027,7,778547
34740238,7,779215
34741451,2,779215
34742663,4,779215
34743874,7,779215
34745087,7,779215
34746299,6,779215
34747511,6,779215
34748723,4,779215
34749935,4,779215
34757208,9,779215
34758420,9,779215
34759633,9,779215
34760844,9,779215
34762057,6,781785
34763268,4,771969
34764480,5,771969
34765693,4,771969
34766905,4,771969
34768117,4,771969
34769329,3,771969
34770541,2,771969
34771753,0,771969
34772965,5,771969
34774177,7,777571
34775389,4,777571
34776602,4,777571
34777813,4,777571
34779025,2,777571
34780238,6,777571
34781449,5,777571
34782662,4,777571
34783874,6,777571
34785086,4,777776
34786298,6,777776
34787511,4,777776
34788723,4,777776
34789935,5,777776
34791146,4,777776
34792359,4,777776
34793570,3,777776
34794782,4,777776
34795995,4,777776
34797207,6,777776
34798419,4,777776
34799632,3,777776
34800845,4,777776
34802056,5,777776
34803268,4,777776
34804480,6,777776
34805692,5,777776
34806904,6,777830
34808117,5,778342
34809329,4,778342
34810540,3,778342
34811753,0,778342
34812965,4,778342
34814177,8,778342
34815389,4,778342
34816601,4,778342
34817814,4,778442
34819025,3,777930
34820237,3,777930
34821449,4,777930
34822662,3,777930
34823874,4,777930
34825087,3,777930
34826299,3,777930
34827511,4,777930
34828723,4,777930
34829935,4,777930
34831147,7,777930
34832359,4,777930
34833571,8,777930
34842056,5,777930
34843268,5,777930
34844481,7,777930
34845693,10,777930
34846904,9,777930
34848117,8,777930
34849329,8,777930
34850541,5,776337
34851753,3,776337
34852965,5,776337
34854178,5,776337
34855390,4,776337
34856601,7,776337
34857814,7,776337
34859025,5,776337
34860238,6,776337
34861449,8,775463
34862662,3,775463
34863874,5,775463
34865086,7,775463
34866298,7,775463
34867510,6,775463
34868722,5,775463
34869935,7,775463
34871147,7,775463
34872359,8,773459
34873571,5,773459
34874783,5,773459
34875995,8,773459
34877207,6,773459
34878419,4,773459
34879631,7,773459
34880844,8,773459
34882056,7,773459
34883268,6,779524
34884480,6,779524
34885692,6,779524
34886904,7,779524
34888116,6,779524
34889328,7,779524
34890540,5,779524
34891753,6,779524
34892965,5,779524
34894177,6,774333
34895390,6,774333
34896601,10,774333
34897814,5,774333
34899025,5,774333
34900238,6,774333
34901449,5,774333
34902662,6,774333
34903874,7,774333
34905087,7,776286
34906299,3,776286
34907511,7,776286
34908723,4,776286
34909934,8,776286
34911147,7,776286
34912359,5,776286
34913571,6,776286
34914783,6,776286
34915996,6,771198
34917207,3,771198
34918419,9,771198
34925693,5,771198
34926904,4,778239
34928117,4,774333
34929329,3,774333
34930541,3,774333
34931753,5,774333
34932965,2,774333
34934178,7,774333
34935390,4,774333
34936602,2,774333
34937815,5,774333
34939027,2,778342
34940239,5,778342
34941451,2,778342
34942663,4,778342
34943875,5,778342
34945087,4,778342
34946300,3,778342
34947511,4,778342
34948723,2,778342
34949936,4,771866
34951148,3,771866
34952360,3,771866
34953572,3,771866
34954785,4,771866
34955996,3,771866
34957209,5,771866
34958421,3,771866
34959633,5,771866
34960845,3,778804
34962058,2,778804
34963269,2,778804
34964482,5,778804
34965694,4,778804
34966906,3,778804
34968119,5,778804
34969331,5,778804
34970542,3,778804
34971754,4,773408
34972967,5,773408
34974179,9,773408
34975392,6,773408
34976603,4,773408
34977816,4,773408
34979027,4,773408
34980239,5,773408
34981452,3,773408
34982664,3,773473
34983876,3,777057
34985088,2,777057
34986300,3,777057
34987512,3,777057
34988724,3,777057
34989936,4,777057
34991149,4,777057
34992361,4,777057
34993573,3,777092
34994785,4,772740
34995996,5,772740
34997209,3,772740
34998421,1,772740
34999633,4,772740
35000845,3,772740
35002057,5,772740
35010542,3,772740
35011754,5,772740
35012966,6,772740
35014179,6,773922
35015391,4,773922
35016602,4,773922
35017814,8,773922
35019027,5,773922
35020239,6,773922
35021451,5,773922
35022663,8,773922
35023875,7,773922
35025087,11,773922
35026299,8,776029
35027512,4,776029
35028724,5,776029
35029936,7,776029
35031148,7,776029
35032360,7,776029
35033572,5,776029
35034784,7,776029
35035996,4,776029
35037208,4,771095
35038421,3,771095
35039633,6,771095
35040844,7,771095
35042057,3,771095
35043269,7,771095
35044482,7,771095
35045694,5,771095
35046906,8,771095
35048118,7,779934
35049330,4,779934
35050543,6,779934
35051755,5,779934
35052966,6,779934
35054179,5,779934
35055391,9,779934
35056603,3,779934
35057815,6,779934
35059027,7,770324
35060239,4,770324
35061452,7,770324
35062664,5,770324
35063876,8,770324
35065087,6,770324
35066300,6,770324
35067512,6,770324
35068724,6,770324
35069936,6,776697
35071148,3,776697
35072360,4,776697
35073572,6,776697
35074784,9,776697
35075996,5,776697
35077208,8,776697
35078420,5,776697
35079633,6,776697
35080844,6,774898
35082056,5,774898
35083268,9,774898
35084480,8,774898
35085693,6,774898
35086905,4,774898
35094177,15,774898
35095390,8,774898
35096602,6,774898
35097814,8,774898
35099025,4,774898
35100238,8,774898
35101450,6,774898
35102662,7,772432
35103875,4,772432
35105086,6,772432
35106299,5,772432
35107511,6,772432
35108723,3,772432
35109935,7,772432
35111147,6,772432
35112359,7,772432
35113571,6,775669
35114783,5,775001
35115996,3,775001
35117208,3,775001
35118420,5,775001
35119633,3,775001
35120845,3,775001
35122056,4,775001
35123268,4,775001
35124481,8,775001
35125693,4,776800
35126906,2,776800
35128117,4,776800
35129330,4,776800
35130541,4,776800
35131754,3,776800
35132965,5,776800
35134178,8,776800
35135390,2,776800
35136602,3,778855
35137814,3,778855
35139026,3,778855
35140237,3,778855
35141449,2,778855
35142661,2,778855
35143873,4,778855
35145085,3,778855
35146297,3,778855
35147508,5,774898
35148720,4,774898
35149932,3,774898
35151145,4,774898
35152357,4,774898
35153569,5,774898
35154780,4,774898
35155992,5,774898
35157204,3,774898
35158416,2,774841
35159628,4,773305
35160840,5,773305
35162051,6,773305
35163263,5,773305
35164476,2,773305
35165687,4,773305
35166899,4,773305
35168111,6,773305
35169323,4,773314
35170535,4,775618
35179018,3,775618
35180229,2,775618
35181441,5,775618
35182653,6,775618
35183866,6,775618
35185077,7,775618
35186290,6,775618
35187502,7,775618
35188713,3,775618
35189925,7,773870
35191137,4,773870
35192349,5,773870
35193560,6,773870
35194773,5,773870
35195985,8,773870
35197196,10,773870
35198408,5,773870
35199620,7,773870
35200832,5,773870
35202044,5,773100
35203256,2,773100
35204467,7,773100
35205679,9,773100
35206890,5,773100
35208103,5,773100
35209315,6,773100
35210526,6,773100
35211739,5,773100
35212950,8,778444
35214162,4,778444
35215374,9,778444
35216586,8,778444
35217797,8,778444
35219009,6,778444
35220222,5,778444
35221433,5,778444
35222645,4,778444
35223857,7,769811
35225069,4,769811
35226281,5,769811
35227493,5,769811
35228705,3,769811
35229917,8,769811
35231128,5,769811
35232340,8,769811
35233552,6,769811
35234765,8,773048
35235976,4,773048
35237188,6,773048
35238401,2,773048
35239612,4,773048
35240824,8,773048
35242036,8,773048
35243248,6,773048
35244460,7,773048
35245672,7,769399
35246884,5,769399
35248096,5,769399
35249308,6,769399
35250520,4,769399
35251732,5,769399
35252944,6,769399
35254156,6,769399
35255368,6,769399
35262640,14,769399
35263852,8,769399
35265064,6,769399
35266276,5,769399
35267488,7,770993
35268700,5,770993
35269912,2,770993
35271124,5,770993
35272336,6,770993
35273548,6,770993
35274760,5,770993
35275972,7,770993
35277184,6,770993
35278395,5,775155
35279607,3,775155
35280819,6,775155
35282031,6,775155
35283243,7,775155
35284455,7,775155
35285667,7,775155
35286879,4,775155
35288092,7,775155
35289303,5,773459
35290515,4,778393
35291727,0,778393
35292939,2,778393
35294152,3,778393
35295363,5,778393
35296575,5,778393
35297786,4,778393
35298999,5,778393
35300211,3,778393
35301423,2,775412
35302635,3,775412
35303847,3,775412
35305058,4,775412
35306271,5,775412
35307483,7,775412
35308695,3,775412
35309907,4,775412
35311119,4,775412
35312332,4,778496
35313543,4,778496
35314756,4,778496
35315967,4,778496
35317179,8,778496
35318392,2,778496
35319604,3,778496
35320816,5,778496
35322028,2,778496
35323241,4,773305
35324452,-2,773305
35325665,6,773305
35326876,6,773305
35328089,4,773305
35329300,3,773305
35330513,3,773305
35331725,3,773305
35332937,5,773305
35334149,3,773365
35335361,3,775669
35336573,3,775669
35337785,3,775669
35338997,6,775669
35346270,2,775669
35347483,6,775669
35348694,3,775669
35349907,6,775669
35351119,7,775669
35352331,5,775669
35353543,5,775669
35354755,7,772637
35355967,6,772637
35357180,8,772637
35358392,7,772637
35359604,4,772637
35360816,6,772637
35362028,6,772637
35363240,7,772637
35364452,6,772637
35365664,7,772072
35366876,4,772072
35368089,4,772072
35369301,7,772072
35370513,7,772072
35371725,5,772072
35372937,5,772072
35374150,7,772072
35375362,6,772072
35376574,7,772072
35377786,9,774693
35378998,4,774693
35380211,4,774693
35381422,3,774693
35382634,6,774693
35383846,7,774693
35385059,6,774693
35386271,6,774693
35387483,6,774693
35388695,5,771301
35389907,5,771301
35391120,5,771301
35392332,7,771301
35393545,5,771301
35394756,3,771301
35395968,5,771301
35397181,5,771301
35398393,6,771301
35399606,8,778290
35400817,3,778290
35402030,5,778290
35403242,6,778290
35404453,4,778290
35405666,4,778290
35406878,4,778290
35408090,6,778290
35409302,6,778290
35410515,5,775053
35411726,4,775053
35412939,8,775053
35414151,8,775053
35415363,7,775053
35416575,8,775053
35417787,8,775053
35418999,8,775053
35420212,6,775053
35421423,6,778033
35422636,6,778033
35431120,3,778033
35432332,7,770170
35433544,4,770170
35434757,8,770170
35435968,4,770170
35437181,5,770170
35438393,5,770170
35439605,4,770170
35440818,10,770170
35442030,7,770170
35443241,5,777262
35444454,1,777262
35445666,5,777262
35446878,7,777262
35448090,7,777262
35449303,8,777262
35450515,9,777262
35451726,6,777262
35452939,8,777262
35454151,8,773151
35455363,5,773151
35456575,7,773151
35457788,7,773151
35459000,8,773151
35460211,9,773151
35461424,4,773151
35462636,8,773151
35463848,7,773151
35465060,5,776183
35466273,2,771609
35467485,5,771609
35468697,3,771609
35469908,3,771609
35471120,5,771609
35472333,4,771609
35473545,5,771609
35474757,5,771609
35475969,2,771609
35477181,7,773665
35478393,2,773665
35479605,4,773665
35480818,4,773665
35482030,3,773665
35483242,2,773665
35484455,2,773665
35485667,3,773665
35486879,1,773665
35488090,5,773922
35489302,5,773922
35490514,4,773922
35491727,4,773922
35492939,4,773922
35494151,3,773922
35495364,3,773922
35496575,5,773922
35497787,5,773922
35499000,5,771147
35500212,2,771147
35501423,3,771147
35502636,3,771147
35503848,3,771147
35505060,4,771147
35506272,2,771147
35507484,1,771147
35515968,6,771147
35517180,4,771147
35518393,5,771147
35519605,4,772534
35520817,5,772395
35522029,3,776491
35523241,2,776491
35524453,3,776491
35525665,4,776491
35526878,5,776491
35528090,5,776491
35529302,4,776491
35530514,4,776491
35531726,4,776603
35532938,2,778907
35534150,5,778907
35535363,3,778907
35536575,3,778907
35537787,3,778907
35538999,3,778907
35540211,3,778907
35541423,2,778907
35542635,4,778907
35543847,5,778907
35545059,5,778907
35546272,6,778907
35547483,7,778907
35548696,8,778907
35549908,10,778907
35551120,8,778907
35552332,3,778907
35553544,4,774024
35554756,4,774024
35555968,6,774024
35557180,7,774024
35558392,6,774024
35559604,8,774024
35560817,5,774024
35562029,5,774024
35563241,6,774024
35564454,3,775155
35565666,2,775155
35566877,3,775155
35568090,5,775155
35569301,4,775155
35570514,6,775155
35571727,4,775155
35572938,9,775155
35574151,7,775155
35575362,5,772226
35576575,4,772226
35577786,7,772226
35578999,5,772226
35580211,6,772226
35581423,5,772226
35582635,8,772226
35583847,10,772226
35585060,7,772226
35586272,6,774847
35587484,5,774847
35588696,4,774847
35589908,7,774847
35591120,8,774847
35592332,7,774847
35599605,5,774847
35600817,6,774847
35602029,6,774847
35603241,5,774847
35604453,5,774847
35605666,6,774847
35606877,5,774847
35608090,5,772894
35609302,3,772894
35610514,7,772894
35611726,7,772894
35612939,3,772894
35614150,6,772894
35615363,6,772894
35616575,5,772894
35617787,7,772894
35618999,7,773870
35620211,5,773870
35621423,6,773870
35622636,8,773870
35623847,7,773870
35625060,6,773870
35626272,6,773870
35627484,6,773870
35628696,6,773870
35629908,7,770376
35631120,3,770376
35632332,4,770376
35633546,5,770376
35634757,7,770376
35635969,7,770376
35637182,6,770376
35638394,5,770376
35639606,5,770376
35640818,7,775772
35642031,3,771918
35643243,2,771918
35644455,0,771918
35645667,2,771918
35646879,3,771918
35648092,5,771918
35649304,3,771918
35650516,4,771918
35651728,3,771918
35652940,4,774333
35654153,4,774333
35655365,4,774333
35656577,4,774333
35657789,7,774333
35659002,3,774333
35660214,2,774333
35661426,3,774333
35662639,3,774333
35663851,3,774487
35665063,4,774487
35666275,3,774487
35667488,5,774487
35668699,3,774487
35669912,5,774487
35671123,4,774487
35672336,3,774487
35673548,3,774487
35674760,0,780294
35675972,8,780294
35683245,2,780294
35684457,11,780294
35685670,16,773665
35686882,5,773665
35688094,5,773665
35689306,2,773665
35690518,3,773665
35691731,4,773665
35692943,5,773665
35694155,4,773665
35695368,3,773665
35696579,4,773833
35697791,2,777673
35699004,4,777673
35700216,3,777673
35701428,4,777673
35702641,4,777673
35703852,7,777673
35705065,5,777673
35706277,4,777673
35707489,5,777713
35708701,3,774641
35709913,4,774641
35711125,5,774641
35712338,5,774641
35713550,2,774641
35714762,4,774641
35715974,6,774641
35717186,4,774641
35718399,3,774641
35719610,4,774641
35720823,6,774641
35722035,8,774641
35723247,5,774641
35724459,5,774641
35725671,5,774641
35726883,7,774641
35728096,6,781219
35729308,4,781219
35730520,5,781219
35731732,6,781219
35732944,6,781219
35734156,6,781219
35735368,7,781219
35736581,6,781219
35737792,7,781219
35739004,4,781219
35740217,6,774538
35741429,4,774538
35742641,7,774538
35743853,6,774538
35745065,6,774538
35746277,7,774538
35747489,6,774538
35748701,4,774538
35749913,8,774538
35751125,9,773511
35752338,3,773511
35753550,6,773511
35754762,6,773511
35755974,7,773511
35757186,7,773511
35758398,4,773511
35759610,10,773511
35768095,6,773511
35769308,5,773511
35770519,5,773511
35771731,6,773511
35772944,11,776080
35774155,3,776080
35775368,5,776080
35776580,6,776080
35777792,7,776080
35779004,5,776080
35780216,7,776080
35781428,6,776080
35782640,5,776080
35783852,7,774333
35785064,4,774333
35786277,8,774333
35787488,8,774333
35788701,5,774333
35789912,7,774333
35791124,6,774333
35792336,6,774333
35793548,7,774333
35794761,6,775258
35795972,4,775258
35797185,6,775258
35798397,7,775258
35799609,6,775258
35800821,8,775258
35802033,4,775258
35803245,5,775258
35804457,3,775258
35805669,6,772226
35806882,3,772226
35808094,9,772226
35809305,7,772226
35810517,7,772226
35811729,3,772226
35812941,6,772226
35814153,7,772226
35815366,6,772226
35816578,5,772740
35817789,3,772740
35819001,3,772740
35820213,7,772740
35821425,5,772740
35822638,7,772740
35823850,3,772740
35825061,5,772740
35826274,7,772740
35827486,5,777005
35828698,4,774384
35829910,5,774384
35831123,3,774384
35832334,3,774384
35833546,4,774384
35834758,4,774384
35835970,2,774384
35837182,4,774384
35838395,3,774384
35839606,3,774744
35840819,5,774744
35842030,3,774744
35843242,4,774744
35844455,4,774744
35852939,9,774744
35854151,3,774744
35855363,7,774744
35856575,7,774744
35857787,6,774744
35859000,6,774744
35860211,5,770479
35861424,4,775721
35862636,3,775721
35863848,6,775721
35865060,3,775721
35866272,4,775721
35867484,5,775721
35868696,3,775721
35869908,5,775721
35871120,4,775721
35872333,3,775916
35873545,5,773356
35874757,5,773356
35875969,3,773356
35877182,4,773356
35878394,2,773356
35879606,4,773356
35880818,2,773356
35882031,3,773356
35883243,4,773209
35884455,3,775001
35885667,3,775001
35886879,5,775001
35888091,4,775001
35889304,3,775001
35890516,3,775001
35891728,3,775001
35892941,1,775001
35894153,3,775001
35895365,2,775001
35896577,5,775001
35897789,6,775001
35899001,4,775001
35900213,5,775001
35901426,9,775001
35902638,8,775001
35903850,5,776954
35905062,4,776954
35906274,5,776954
35907487,8,776954
35908699,5,776954
35909911,7,776954
35911122,9,776954
35912335,6,776954
35913547,5,776954
35914759,4,776954
35915971,8,773151
35917183,5,773151
35918395,5,773151
35919607,7,773151
35920819,7,773151
35922032,8,773151
35923244,6,773151
35924456,4,773151
35925668,7,773151
35926880,7,776183
35928092,4,776183
35929304,6,776183
35936576,4,776183
35937788,8,774179
35939000,1,774179
35940212,4,774179
35941424,4,774179
35942637,6,774179
35943849,6,774179
35945061,7,774179
35946273,5,774179
35947485,8,774179
35948697,5,772842
35949909,4,772842
35951121,8,772842
35952333,8,772842
35953546,6,772842
35954757,6,772842
35955970,7,772842
35957182,7,772842
35958394,6,772842
35959606,11,774282
35960818,5,774282
35962031,5,774282
35963243,4,774282
35964455,5,774282
35965667,6,774282
35966879,7,774282
35968092,7,774282
35969303,7,774282
35970515,7,776132
35971727,5,776132
35972940,6,776132
35974152,8,776132
35975364,7,776132
35976576,8,776132
35977788,7,776132
35979000,4,776132
35980212,7,776132
35981425,3,775669
35982636,3,775669
35983849,6,775669
35985061,5,775669
35986273,4,775669
35987486,6,775669
35988698,7,775669
35989909,6,775669
35991122,7,775669
35992333,6,773151
35993545,5,773151
35994758,5,773151
35995971,6,773151
35997183,8,773151
35998394,5,773151
35999607,7,773151
36000819,7,773151
36002031,7,773151
36003243,6,772894
36004455,4,776286
36005668,3,776286
36006880,3,776286
36008091,5,776286
36009304,7,776286
36010516,4,776286
36011728,4,776286
36012940,6,776286
36020213,7,776286
36021426,8,776286
36022638,10,776286
36023851,6,776286
36025063,6,773768
36026274,5,776440
36027487,8,776440
36028699,4,776440
36029911,6,776440
36031123,5,776440
36032336,5,776440
36033548,4,776440
36034759,4,776440
36035972,4,776440
36037184,7,777725
36038396,6,777725
36039608,3,777725
36040821,2,777725
36042033,3,777725
36043244,5,777725
36044456,2,777725
36045669,4,777725
36046882,6,777725
36048093,1,777725
36049305,4,777725
36050517,4,777725
36051729,4,777725
36052942,4,777725
36054153,5,777725
36055365,2,777725
36056578,3,777725
36057789,2,777725
36059001,4,777557
36060214,4,773973
36061426,5,773973
36062638,2,773973
36063850,4,773973
36065062,2,773973
36066274,2,773973
36067486,5,773973
36068699,4,773973
36069910,3,774030
36071123,1,775566
36072334,2,775566
36073547,3,775566
36074759,4,775566
36075970,4,775566
36077183,1,775566
36078395,3,775566
36079607,4,775566
36080819,4,775566
36082031,2,775566
36083243,6,775566
36084455,4,775566
36085668,7,775566
36086880,7,775566
36088091,7,775566
36089304,6,775566
36090516,6,775566
36091728,5,772432
36092940,4,772432
36094152,4,772432
36095364,10,772432
36096576,5,772432
36105061,5,772432
36106273,8,772432
36107486,7,772432
36108697,9,772432
36109909,8,772432
36111121,6,772432
36112334,4,772432
36113546,7,776440
36114758,4,776440
36115970,8,776440
36117183,8,776440
36118394,6,776440
36119606,8,776440
36120818,9,776440
36122030,6,776440
36123243,7,776440
36124455,6,773716
36125667,4,773716
36126879,5,773716
36128091,6,773716
36129303,8,773716
36130515,6,773716
36131727,8,773716
36132939,3,773716
36134152,6,773716
36135363,2,774436
36136576,5,774436
36137788,11,774436
36139000,10,774436
36140212,9,774436
36141424,4,774436
36142636,7,774436
36143848,7,774436
36145060,8,774436
36146272,11,773511
36147485,6,773511
36148697,3,773511
36149908,3,773511
36151120,7,773511
36152333,4,773511
36153545,7,773511
36154757,6,773511
36155969,6,773511
36157182,7,778393
36158394,2,778393
36159605,8,778393
36160817,11,778393
36162030,6,778393
36163242,5,778393
36164454,6,778393
36165667,7,778393
36166879,6,778393
36168090,6,772174
36169302,5,772174
36170516,7,772174
36171727,3,772174
36172939,6,772174
36174151,8,772174
36175363,6,772174
36176575,9,772174
36177787,7,772174
36179000,6,772894
36180212,5,772791
36181424,4,772791
36189908,2,772791
36191120,4,773614
36192333,3,773614
36193545,4,773614
36194757,0,773614
36195969,2,773614
36197181,7,773614
36198393,3,773614
36199605,3,773614
36200817,4,773614
36202029,2,773614
36203241,5,773614
36204454,3,773614
36205666,4,773614
36206877,4,773614
36208089,6,773614
36209301,5,773614
36210513,4,773614
36211726,3,773614
36212938,4,773562
36214150,2,773562
36215362,2,773562
36216574,3,773562
36217787,3,773562
36218998,4,773562
36220211,3,773562
36221422,4,773562
36222635,5,773562
36223847,3,769913
36225059,3,769913
36226271,3,769913
36227484,4,769913
36228695,4,769913
36229908,3,769913
36231119,6,769913
36232332,3,769913
36233544,2,769913
36234756,4,769976
36235968,2,773048
36237180,7,773048
36238392,5,773048
36239604,5,773048
36240817,4,773048
36242028,2,773048
36243240,4,773048
36244452,2,773048
36245665,4,772944
36246878,4,772688
36248090,4,772688
36249301,4,772688
36250513,1,772688
36251725,4,772688
36252937,4,772688
36254150,3,772688
36255362,3,772688
36256574,2,772688
36257786,3,772688
36258998,8,772688
36260210,6,772688
36261422,6,772688
36262634,7,772688
36263846,6,772688
36265059,7,772688
36266270,7,772688
36273542,3,772688
36274755,6,772688
36275967,7,772688
36277179,5,772688
36278391,9,772329
36279604,3,772329
36280815,4,772329
36282027,9,772329
36283239,5,772329
36284451,6,772329
36285663,6,772329
36286875,5,772329
36288087,6,772329
36289299,7,770170
36290512,5,770170
36291723,6,770170
36292935,7,770170
36294147,6,770170
36295359,7,770170
36296571,7,770170
36297784,6,770170
36298996,6,770170
36300208,5,775669
36301420,3,775669
36302632,8,775669
36303844,8,775669
36305056,9,775669
36306268,5,775669
36307480,8,775669
36308693,8,775669
36309904,9,775669
36311116,8,771301
36312329,4,771301
36313541,6,771301
36314753,5,771301
36315965,6,771301
36317178,8,771301
36318390,9,771301
36319602,6,771301
36320814,5,771301
36322025,4,777108
36323238,3,777108
36324450,6,777108
36325662,8,777108
36326874,6,777108
36328087,5,777108
36329299,9,777108
36330511,6,777108
36331723,6,777108
36332934,7,772842
36334147,4,772842
36335359,5,772842
36336571,9,772842
36337783,4,772842
36338995,7,772842
36340207,8,772842
36341419,4,772842
36342632,4,772842
36343844,4,772277
36345056,4,772277
36346268,8,772277
36347479,8,772277
36348692,7,772277
36349904,4,772277
36357176,10,772277
36358388,8,772277
36359600,6,772277
36360813,7,772277
36362024,6,772277
36363236,10,772277
36364449,6,772277
36365660,3,773100
36366872,4,776954
36368084,5,776954
36369297,3,776954
36370508,4,776954
36371721,4,776954
36372932,5,776954
36374145,4,776954
36375357,5,776954
36376568,5,776954
36377781,3,772997
36378993,2,772997
36380205,3,772997
36381417,1,772997
36382629,5,772997
36383841,4,772997
36385053,4,772997
36386265,4,772997
36387477,4,772997
36388689,6,773100
36389902,4,773100
36391114,4,773100
36392325,3,773100
36393537,3,773100
36394750,4,773100
36395961,6,773100
36397174,5,773100
36398386,4,773100
36399598,5,770941
36400810,2,770941
36402022,5,770941
36403234,5,770941
36404447,3,770941
36405658,5,770941
36406870,4,770941
36408082,5,770941
36409294,3,770941
36410506,4,771000
36411719,5,773048
36412931,5,773048
36414143,4,773048
36415355,4,773048
36416566,5,773048
36417779,4,773048
36418991,3,773048
36420203,4,773048
36421415,3,773046
36422627,3,772534
36423839,3,772534
36425051,5,772534
36426263,3,772534
36427476,6,772534
36428688,4,772534
36429899,5,772534
36431111,5,772534
36432324,5,772534
36433535,6,772534
36442019,4,771712
36443232,4,771712
36444443,5,771712
36445655,7,771712
36446867,5,771712
36448080,6,771712
36449292,7,771712
36450504,6,771712
36451715,6,771712
36452928,8,771712
36454140,6,771352
36455352,3,771352
36456563,6,771352
36457776,7,771352
36458987,10,771352
36460199,5,771352
36461411,6,771352
36462624,5,771352
36463836,3,771352
36465047,7,773614
36466260,5,773614
36467472,7,773614
36468683,9,773614
36469896,6,773614
36471108,6,773614
36472320,5,773614
36473532,6,773614
36474744,5,773614
36475956,9,774538
36477169,4,774538
36478381,8,774538
36479592,6,774538
36480805,9,774538
36482016,6,774538
36483228,6,774538
36484441,8,774538
36485653,4,774538
36486864,5,768834
36488077,2,768834
36489288,9,768834
36490500,6,768834
36491713,4,768834
36492925,7,768834
36494137,5,768834
36495349,6,768834
36496562,7,768834
36497773,5,773511
36498986,6,773511
36500197,5,773511
36501409,5,773511
36502621,4,773511
36503833,6,773511
36505045,6,773511
36506257,6,773511
36507470,5,773511
36508682,11,774127
36509893,7,774127
36511106,7,774127
36512317,6,774127
36513529,6,774127
36514742,2,774127
36515954,7,774127
36517166,6,774127
36518378,5,774127
36525650,12,774127
36526862,10,774127
36528075,5,774127
36529286,7,774127
36530498,6,773202
36531711,5,773202
36532922,8,773202
36534134,8,773202
36535347,7,773202
36536558,7,773202
36537770,5,773202
36538983,8,773202
36540194,7,773202
36541406,7,771969
36542619,3,772791
36543831,0,772791
36545043,4,772791
36546254,0,772791
36547466,4,772791
36548679,6,772791
36549891,4,772791
36551103,5,772791
36552315,3,772791
36553527,2,774744
36554739,2,774744
36555951,5,774744
36557163,6,774744
36558375,6,774744
36559587,4,774744
36560799,5,774744
36562011,5,774744
36563224,-1,774744
36564435,3,771661
36565647,4,771661
36566859,5,771661
36568071,6,771661
36569283,5,771661
36570495,5,771661
36571707,3,771661
36572919,4,771661
36574131,7,771661
36575343,4,771609
36576555,3,771609
36577767,3,771609
36578979,3,771609
36580191,3,771609
36581403,4,771609
36582616,3,771609
36583827,4,771609
36585040,-1,771609
36586251,2,771615
36587464,3,773151
36588675,5,773151
36589887,4,773151
36591099,6,773151
36592312,6,773151
36593523,4,773151
36594735,3,773151
36595948,4,773151
36597160,4,773256
36598372,6,773768
36599584,1,773768
36600796,5,773768
36602008,8,773768
36609280,4,773768
36610492,5,773768
36611704,7,773768
36612916,7,773768
36614128,6,773768
36615340,9,773768
36616552,5,773768
36617764,6,775669
36618976,5,775669
36620189,4,775669
36621400,4,775669
36622613,8,775669
36623825,7,775669
36625037,7,775669
36626249,9,775669
36627461,6,775669
36628673,8,775669
36629885,6,771609
36631098,4,771609
36632309,8,771609
36633521,7,771609
36634734,6,771609
36635945,4,771609
36637158,5,771609
36638370,6,771609
36639582,6,771609
36640794,4,774847
36642005,2,774847
36643218,8,774847
36644430,4,774847
36645642,6,774847
36646853,9,774847
36648066,5,774847
36649278,5,774847
36650490,4,774847
36651702,5,775669
36652914,3,775669
36654125,5,775669
36655337,6,775669
36656550,7,775669
36657761,7,775669
36658974,8,775669
36660185,6,775669
36661398,1,775669
36662610,5,772688
36663822,4,772688
36665034,5,772688
36666246,3,772688
36667458,10,772688
36668670,6,772688
36669882,8,772688
36671095,6,772688
36672306,6,772688
36673518,4,770376
36674730,3,770376
36675942,5,770376
36677155,7,770376
36678366,9,770376
36679579,6,770376
36680791,4,770376
36682002,5,770376
36683215,6,770376
36684427,8,771506
36685639,6,771506
36694123,3,771506
36695334,6,773511
36696547,3,773511
36697759,5,773511
36698970,7,773511
36700183,5,773511
36701395,3,773511
36702606,6,773511
36703819,5,773511
36705031,8,773511
36706243,5,771969
36707455,2,771969
36708667,5,771969
36709879,6,771969
36711091,6,771969
36712303,9,771969
36713515,9,771969
36714727,3,771969
36715939,8,771969
36717151,9,772945
36718363,3,769502
36719575,4,769502
36720786,4,769502
36721999,4,769502
36723211,4,769502
36724423,3,769502
36725635,2,769502
36726847,5,769502
36728059,4,769502
36729271,3,774641
36730483,6,774641
36731695,4,774641
36732906,5,774641
36734119,5,774641
36735331,4,774641
36736542,3,774641
36737755,0,774641
36738966,4,774641
36740178,6,771198
36741391,4,771198
36742602,4,771198
36743814,6,771198
36745026,2,771198
36746238,0,771198
36747450,3,771198
36748662,3,771198
36749874,3,771198
36751086,-1,771969
36752297,5,771969
36753509,4,771969
36754721,5,771969
36755934,4,771969
36757145,6,771969
36758357,4,771969
36759570,5,771969
36760782,3,771969
36761993,5,771921
36763205,4,772945
36764418,0,772945
36765629,5,772945
36766842,3,772945
36768053,4,772945
36769266,3,772945
36770477,5,772945
36778961,9,772945
36780173,5,772945
36781386,4,772945
36782597,4,771866
36783809,5,771866
36785021,4,771866
36786233,5,771866
36787445,5,771866
36788657,8,771866
36789869,6,771866
36791081,6,771866
36792293,8,771866
36793505,5,771866
36794717,2,771866
36795929,3,771866
36797141,5,771866
36798353,4,771866
36799566,8,771866
36800777,8,771866
36801989,9,771866
36803201,5,771866
36804413,6,771866
36805625,7,769451
36806837,5,769451
36808049,5,769451
36809261,6,769451
36810473,7,769451
36811685,11,769451
36812897,8,769451
36814109,8,769451
36815321,5,769451
36816534,5,767909
36817745,5,767909
36818957,4,767909
36820169,7,767909
36821381,10,767909
36822594,8,767909
36823806,7,767909
36825017,5,767909
36826229,6,767909
36827442,6,772945
36828653,4,772945
36829866,4,772945
36831077,3,772945
36832289,6,772945
36833502,5,772945
36834714,7,772945
36835926,7,772945
36837138,8,772945
36838350,6,772534
36839562,4,772534
36840774,7,772534
36841986,8,772534
36843198,10,772534
36844410,5,772534
36845622,5,772534
36846834,8,772534
36848046,7,772534
36849258,8,771815
36850471,3,771815
36851683,9,771815
36852895,6,771815
36854107,7,771815
36855318,13,771815
36862590,4,771815
36863803,10,771815
36865015,7,771815
36866227,6,771815
36867438,7,771815
36868650,6,771815
36869863,8,771815
36871075,9,768217
36872287,5,768217
36873499,6,768217
36874711,6,768217
36875923,9,768217
36877135,6,768217
36878347,9,768217
36879558,6,768217
36880770,8,768217
36881982,10,768577
36883195,4,768577
36884407,8,768577
36885618,7,768577
36886830,8,768577
36888043,6,768577
36889255,4,768577
36890466,7,768577
36891678,11,768577
36892890,6,771506
36894103,3,769811
36895314,3,769811
36896526,4,769811
36897739,2,769811
36898951,2,769811
36900163,4,769811
36901375,7,769811
36902587,3,769811
36903799,4,769811
36905011,4,768885
36906223,5,768885
36907435,3,768885
36908647,5,768885
36909859,4,768885
36911071,3,768885
36912283,4,768885
36913496,4,768885
36914707,4,768885
36915919,3,772432
36917132,3,772432
36918344,3,772432
36919556,4,772432
36920768,4,772432
36921979,5,772432
36923191,3,772432
36924404,3,772432
36925616,4,772432
36926828,3,767190
36928040,3,767190
36929252,3,767190
36930464,4,767190
36931676,6,767190
36932888,5,767190
36934101,2,767190
36935312,4,767190
36936525,3,767190
36937736,4,767147
36938948,4,769451
36946220,7,769451
36947432,14,769451
36948644,7,769451
36949857,2,769451
36951068,5,769451
36952281,2,769451
36953492,5,769451
36954704,3,769451
36955916,5,769451
36957128,4,769451
36958340,6,769451
36959552,3,769451
36960765,4,769451
36961976,6,769451
36963188,6,769451
36964400,8,769451
36965612,5,769451
36966824,6,769451
36968036,6,769451
36969248,7,769451
36970460,3,769451
36971672,5,769451
36972884,3,769451
36974096,6,769451
36975308,8,769451
36976520,10,769451
36977732,5,769451
36978944,6,769451
36980156,6,769451
36981368,8,773408
36982580,5,773408
36983792,8,773408
36985004,5,773408
36986216,8,773408
36987428,6,773408
36988641,7,773408
36989852,6,773408
36991064,8,773408
36992276,7,769297
36993489,5,769297
36994700,4,769297
36995912,4,769297
36997124,6,769297
36998336,7,769297
36999548,5,769297
37000760,6,769297
37001972,5,769297
37003185,5,767806
37004396,3,767806
37005608,8,767806
37006821,9,767806
37008032,7,767806
37009244,6,767806
37010456,6,767806
37011669,5,767806
37012880,8,767806
37014092,10,770067
37015304,5,770067
37016516,5,770067
37017728,2,770067
37018940,4,770067
37020152,6,770067
37021364,6,770067
37022576,8,770067
37031060,7,770067
37032272,7,770067
37033484,6,770067
37034696,6,770067
37035908,9,771404
37037119,5,771404
37038332,8,771404
37039543,3,771404
37040756,4,771404
37041967,4,771404
37043180,4,771404
37044391,7,771404
37045604,5,771404
37046816,8,772637
37048028,3,772637
37049240,5,772637
37050452,8,772637
37051665,7,772637
37052876,6,772637
37054088,6,772637
37055300,5,772637
37056513,6,772637
37057724,7,769913
37058936,5,769913
37060148,8,769913
37061360,5,769913
37062573,7,769913
37063784,7,769913
37064996,8,769913
37066208,4,769913
37067421,4,769913
37068633,6,770993
37069844,3,771506
37071057,-2,771506
37072268,6,771506
37073481,7,771506
37074693,4,771506
37075904,4,771506
37077117,4,771506
37078329,4,771506
37079540,4,771506
37080753,5,773819
37081964,3,773819
37083177,8,773819
37084389,3,773819
37085600,4,773819
37086813,4,773819
37088024,3,773819
37089237,4,773819
37090449,-1,773819
37091661,4,770119
37092873,4,770119
37094084,5,770119
37095296,3,770119
37096509,4,770119
37097721,3,770119
37098933,3,770119
37100145,5,770119
37101357,5,770119
37102569,4,772020
37103780,3,772020
37104992,4,772020
37106205,3,772020
37107417,8,772020
37115901,4,772020
37117113,4,772020
37118325,5,772020
37119537,5,772020
37120748,6,772020
37121961,8,772020
37123172,9,767806
37124385,5,767765
37125597,2,770581
37126809,3,770581
37128020,4,770581
37129233,5,770581
37130445,3,770581
37131657,5,770581
37132869,3,770581
37134081,4,770581
37135293,5,770633
37136505,4,770633
37137717,5,770633
37138929,6,770633
37140141,3,770633
37141353,7,770633
37142565,8,770633
37143777,7,770633
37144989,9,770633
37146201,2,770633
37147413,2,770633
37148625,4,770633
37149838,7,770633
37151049,6,770633
37152262,6,770633
37153474,3,770633
37154686,9,770633
37155897,8,770633
37157109,6,771609
37158322,4,771609
37159534,8,771609
37160746,7,771609
37161957,6,771609
37163169,5,771609
37164382,9,771609
37165594,11,771609
37166805,7,771609
37168017,6,768834
37169230,5,768834
37170442,7,768834
37171654,7,768834
37172866,7,768834
37174078,9,768834
37175290,7,768834
37176502,6,768834
37177714,5,768834
37178927,6,771866
37180138,3,771866
37181351,6,771866
37182562,5,771866
37183774,6,771866
37184987,7,771866
37186199,8,771866
37187411,5,771866
37188622,7,771866
37189834,4,767549
37191047,2,767549
37192259,7,767549
37199532,4,767549
37200744,9,772688
37201955,5,772688
37203167,7,772688
37204379,6,772688
37205591,7,772688
37206803,6,772688
37208015,7,772688
37209228,6,772688
37210439,4,772688
37211651,8,768731
37212864,3,768731
37214076,6,768731
37215287,8,768731
37216499,6,768731
37217712,7,768731
37218923,6,768731
37220135,5,768731
37221348,5,768731
37222559,10,770890
37223772,5,770890
37224983,7,770890
37226196,8,770890
37227407,9,770890
37228620,4,770890
37229832,5,770890
37231044,8,770890
37232256,7,770890
37233468,6,773254
37234680,7,773254
37235892,6,773254
37237104,7,773254
37238316,5,773254
37239528,4,773254
37240740,4,773254
37241952,7,773254
37243164,6,773254
37244376,11,770993
37245588,5,769348
37246800,2,769348
37248012,4,769348
37249224,5,769348
37250436,5,769348
37251649,3,769348
37252860,4,769348
37254072,1,769348
37255284,4,769348
37256497,3,772945
37257708,5,772945
37258920,3,772945
37260132,3,772945
37261345,3,772945
37262556,5,772945
37263769,5,772945
37264980,5,772945
37266193,6,772945
37267405,3,771301
37268616,4,771301
37269829,4,771301
37271041,2,771301
37272253,5,771301
37273465,7,771301
37274677,6,771301
37275889,1,771301
37283162,10,771301
37284374,13,771301
37285585,7,771301
37286797,6,771301
37288010,9,769862
37289221,4,769913
37290433,5,769913
37291646,2,769913
37292857,3,769913
37294070,4,769913
37295281,4,769913
37296494,5,769913
37297705,3,769913
37298917,3,769913
37300129,3,769861
37301341,2,769605
37302552,5,769605
37303764,5,769605
37304976,4,769605
37306189,3,769605
37307401,3,769605
37308613,5,769605
37309825,2,769605
37311037,4,769751
37312248,2,767703
37313461,3,767703
37314672,8,767703
37315884,4,767703
37317096,4,767703
37318309,5,767703
37319521,2,767703
37320733,2,767703
37321944,3,767703
37323157,5,767703
37324369,6,767703
37325581,9,767703
37326792,6,767703
37328005,7,767703
37329216,7,767703
37330428,7,767703
37331641,6,767703
37332853,6,767087
37334065,4,767087
37335277,7,767087
37336489,5,767087
37337701,8,767087
37338913,9,767087
37340125,8,767087
37341337,4,767087
37342549,4,767087
37343761,6,770993
37344973,5,770993
37346185,7,770993
37347397,4,770993
37348609,8,770993
37349821,3,770993
37351033,7,770993
37352246,5,770993
37353458,9,770993
37354670,5,768423
37355881,3,768423
37357093,4,768423
37358306,7,768423
37359517,4,770530
37366789,15,770530
37368001,6,770530
37369213,6,770530
37370425,4,770530
37371638,6,770530
37372849,5,770530
37374062,7,770530
37375274,7,770530
37376486,4,767087
37377697,3,767087
37378909,6,767087
37380121,8,767087
37381333,6,767087
37382546,7,767087
37383757,4,767087
37384970,4,767087
37386181,7,767087
37387394,4,771301
37388606,4,771301
37389818,7,771301
37391029,3,771301
37392242,5,771301
37393453,4,771301
37394665,9,771301
37395878,6,771301
37397090,7,771301
37398301,5,771969
37399513,3,771969
37400726,7,771969
37401937,5,771969
37403149,7,771969
37404362,7,771969
37405574,8,771969
37406785,6,771969
37407998,5,771969
37409209,7,770735
37410421,3,770735
37411633,5,770735
37412844,7,770735
37414058,4,770735
37415269,6,770735
37416481,7,770735
37417693,7,770735
37418905,4,770735
37420117,4,773614
37421329,1,769297
37422541,4,769297
37423753,0,769297
37424965,5,769297
37426177,6,769297
37427389,4,769297
37428601,4,769297
37429813,3,769297
37431026,5,769297
37432237,6,768629
37433449,4,768629
37434661,4,768629
37435873,4,768629
37437085,2,768629
37438297,4,768629
37439508,5,768629
37440721,1,768629
37441932,4,768629
37443145,4,768629
37451629,12,768629
37452840,10,769913
37454052,3,770530
37455264,2,770530
37456477,6,770530
37457688,4,770530
37458900,2,770530
37460112,4,770530
37461325,5,770530
37462536,4,770530
37463748,4,770530
37464961,3,774076
37466173,3,774076
37467385,5,774076
37468597,3,774076
37469809,4,774076
37471020,2,774076
37472233,4,774076
37473445,3,774076
37474657,4,774076
37475869,6,774049
37477080,5,766881
37478293,5,766881
37479505,3,766881
37480717,4,766881
37481928,3,766881
37483141,5,766881
37484353,3,766881
37485565,2,766881
37486776,6,766945
37487988,4,770273
37489201,4,770273
37490413,3,770273
37491625,5,770273
37492837,4,770273
37494049,5,770273
37495261,3,770273
37496472,3,770273
37497685,6,770273
37498896,4,770273
37500108,11,770273
37501320,6,770273
37502533,4,770273
37503744,8,770273
37504956,8,770273
37506168,5,770273
37507381,9,770273
37508593,6,768885
37509805,4,768885
37511016,6,768885
37512229,7,768885
37513440,5,768885
37514651,7,768885
37515864,6,768885
37517076,5,768885
37518288,6,768885
37519499,7,769862
37520712,4,769862
37521923,8,769862
37523136,5,769862
37524347,6,769862
37525560,9,769862
37526771,6,769862
37527984,8,769862
37535256,-1,769862
37536468,4,769862
37537679,11,769862
37538892,6,769862
37540104,7,769862
37541315,4,769759
37542527,3,769759
37543740,8,769759
37544952,7,769759
37546164,6,769759
37547375,9,769759
37548588,7,769759
37549799,5,769759
37551011,5,769759
37552223,7,770787
37553435,5,770787
37554647,7,770787
37555860,6,770787
37557071,4,770787
37558284,6,770787
37559495,8,770787
37560707,7,770787
37561919,6,770787
37563131,4,768783
37564343,4,768783
37565555,7,768783
37566767,8,768783
37567979,8,768783
37569191,10,768783
37570403,8,768783
37571615,7,768783
37572826,5,768783
37574038,6,772020
37575251,4,772020
37576462,7,772020
37577675,7,772020
37578887,5,772020
37580099,8,772020
37581311,7,772020
37582522,8,772020
37583735,3,772020
37584947,5,770581
37586158,4,770581
37587370,6,770581
37588582,6,770581
37589794,6,770581
37591007,5,770581
37592219,2,770581
37593430,5,770581
37594642,5,770581
37595854,4,773408
37597066,4,772534
37598278,-1,772534
37599490,4,772534
37600702,4,772534
37601913,5,772534
37603126,3,772534
37604338,4,772534
37605549,0,772534
37606762,3,772534
37607973,3,769091
37609186,4,769091
37610398,3,769091
37611610,8,771147
37620094,9,771147
37621305,3,771147
37622517,4,771147
37623730,2,771147
37624941,5,771147
37626154,3,771147
37627366,4,771147
37628578,3,771147
37629789,4,774795
37631001,1,774795
37632214,5,774795
37633426,3,774795
37634638,3,774795
37635850,5,774795
37637061,3,774795
37638273,0,774795
37639485,4,774795
37640698,4,775053
37641909,3,775053
37643121,2,775053
37644334,4,775053
37645545,4,775053
37646758,4,775053
37647969,4,775053
37649182,8,775053
37650394,3,775053
37651605,1,775034
37652818,4,770170
37654029,5,770170
37655241,4,770170
37656453,3,770170
37657666,4,770170
37658878,4,770170
37660090,4,770170
37661302,5,770170
37662514,4,770071
37663726,4,771095
37664937,2,771095
37666149,5,771095
37667361,3,771095
37668574,3,771095
37669785,3,771095
37670997,3,771095
37672209,3,771095
37673421,2,771095
37674633,6,771095
37675844,5,771095
37677057,5,771095
37678269,6,771095
37679481,8,771095
37680692,6,771095
37681905,8,771095
37683117,8,771095
37684328,5,768269
37685541,3,768269
37686753,6,768269
37687964,5,768269
37689176,9,768269
37690388,5,768269
37691600,6,768269
37692813,7,768269
37694024,8,768269
37695236,6,771249
37696448,6,771249
37704932,9,771249
37706144,7,774898
37707356,3,774898
37708568,6,774898
37709780,4,774898
37710992,7,774898
37712204,6,774898
37713416,4,774898
37714628,6,774898
37715840,8,774898
37717052,9,771404
37718264,4,771404
37719475,6,771404
37720687,8,771404
37721900,7,771404
37723112,7,771404
37724323,7,771404
37725535,8,771404
37726748,7,771404
37727959,6,774282
37729172,4,774282
37730383,7,774282
37731595,6,774282
37732807,7,774282
37734019,7,774282
37735231,7,774282
37736443,5,774282
37737655,5,774282
37738867,7,769040
37740078,3,769040
37741291,8,769040
37742502,8,769040
37743715,5,769040
37744927,7,769040
37746139,6,769040
37747351,8,769040
37748562,9,769040
37749775,7,772791
37750986,7,772791
37752199,7,772791
37753410,5,772791
37754622,8,772791
37755833,7,772791
37757045,6,772791
37758258,7,772791
37759469,8,772791
37760681,10,773305
37761894,5,773305
37763105,6,773305
37764317,4,773305
37765529,7,773305
37766742,6,773305
37767953,9,773305
37769166,7,773305
37770378,9,773305
37771589,8,772586
37772802,4,772329
37774013,5,772329
37775226,4,772329
37776437,3,772329
37777650,4,772329
37778861,3,772329
37780073,3,772329
37781286,4,772329
37789770,6,772329
37790981,9,772329
37792193,6,772329
37793406,5,776491
37794618,-1,776491
37795830,1,776491
37797042,4,776491
37798254,3,776491
37799466,5,776491
37800678,5,776491
37801891,4,776491
37803103,4,776491
37804314,3,776491
37805526,4,773100
37806738,4,773100
37807950,3,773100
37809162,4,773100
37810375,6,773100
37811586,6,773100
37812798,4,773100
37814010,3,773100
37815222,4,773100
37816434,3,770530
37817646,5,770530
37818858,3,770530
37820070,4,770530
37821282,5,770530
37822494,5,770530
37823706,4,770530
37824918,5,770530
37826130,4,770530
37827343,4,770550
37828554,2,775926
37829766,4,775926
37830978,6,775926
37832190,4,775926
37833402,5,775926
37834614,5,775926
37835826,3,775926
37837039,4,775926
37838250,2,775755
37839462,5,771147
37840675,5,771147
37841886,4,771147
37843099,3,771147
37844311,3,771147
37845522,4,771147
37846734,5,771147
37847947,3,771147
37849159,3,771147
37850371,5,771147
37851583,6,771147
37852795,7,771147
37854007,7,771147
37855219,7,771147
37856431,7,771147
37857643,6,771147
37858855,5,771198
37860067,1,771198
37861279,5,771198
37862491,8,771198
37863703,6,771198
37864915,5,771198
37866127,6,771198
37873399,4,771198
37874611,6,771198
37875823,7,771198
37877035,5,771198
37878247,5,771198
37879459,4,771198
37880671,8,771198
37881883,9,773305
37883095,5,773305
37884307,8,773305
37885519,8,773305
37886731,5,773305
37887943,5,773305
37889155,6,773305
37890367,5,773305
37891579,5,773305
37892791,7,773100
37894004,5,773100
37895215,7,773100
37896427,8,773100
37897639,8,773100
37898852,7,773100
37900063,6,773100
37901276,5,773100
37902487,7,773100
37903700,5,771301
37904912,4,771301
37906123,7,771301
37907336,7,771301
37908547,4,771301
37909759,4,771301
37910972,9,771301
37912183,6,771301
37913395,6,771301
37914607,6,769194
37915819,5,769194
37917031,6,769194
37918244,5,769194
37919455,6,769194
37920668,6,769194
37921880,8,769194
37923092,7,769194
37924303,6,769194
37925516,8,773305
37926727,3,773305
37927940,8,773305
37929152,6,773305
37930364,6,773305
37931576,7,773305
37932788,6,773305
37934000,11,773305
37935212,6,773305
37936424,5,774487
37937636,4,774487
37938848,8,774487
37940061,7,774487
37941273,8,774487
37942485,7,774487
37943697,5,774487
37944909,6,774487
37946121,5,774487
37947334,6,772945
37948545,5,774127
37949757,4,774127
37957121,5,774127
37958242,2,774127
37959454,0,774127
37960665,8,774127
37961878,8,774127
37963090,6,774127
37964302,7,774127
37965514,5,774127
37966726,4,774127
37967939,5,774127
37969150,8,769040
37970363,2,770890
37971575,5,770890
37972786,4,770890
37973999,3,770890
37975211,4,770890
37976423,3,770890
37977635,3,770890
37978847,3,770890
37980059,1,770890
37981271,3,773202
37982483,8,773202
37983695,3,773202
37984907,4,773202
37986119,4,773202
37987332,4,773202
37988543,4,773202
37989756,3,773202
37990967,4,773202
37992180,7,769965
37993392,4,769965
37994604,2,769965
37995817,4,769965
37997029,4,769965
37998240,5,769965
37999453,3,769965
38000665,4,769965
38001878,6,769965
38003090,2,769937
38004301,5,776337
38005513,2,776337
38006725,4,776337
38007937,5,776337
38009150,5,776337
38010362,2,776337
38011574,3,776337
38012786,3,776337
38013998,4,776375
38015210,3,772791
38016422,1,772791
38017635,5,772791
38018847,4,772791
38020059,4,772791
38021271,4,772791
38022483,6,772791
38023695,4,772791
38024907,4,772791
38026119,4,772791
38027331,7,772791
38028543,4,772791
38029756,7,772791
38030967,6,772791
38032180,6,772791
38033392,5,772791
38040664,10,772791
38041876,7,772791
38043088,6,772791
38044300,4,772791
38045512,6,772791
38046725,4,775155
38047937,6,775155
38049149,6,775155
38050361,6,775155
38051574,7,775155
38052785,5,775155
38053997,4,775155
38055210,7,775155
38056421,5,775155
38057634,6,769553
38058845,4,769553
38060058,5,769553
38061270,9,769553
38062482,8,769553
38063695,7,769553
38064907,6,769553
38066118,6,769553
38067331,4,769553
38068543,7,773254
38069755,3,773254
38070967,9,773254
38072180,6,773254
38073391,6,773254
38074603,6,773254
38075816,8,773254
38077028,6,773254
38078240,6,773254
38079452,6,768988
38080664,4,768988
38081876,3,768988
38083088,8,768988
38084300,6,768988
38085513,6,768988
38086725,7,768988
38087936,4,768988
38089148,7,768988
38090361,6,773716
38091573,4,773716
38092785,9,773716
38093998,7,773716
38095209,5,773716
38096422,3,773716
38097633,4,773716
38098845,7,773716
38100057,4,773716
38101270,4,768372
38102482,6,768372
38103695,4,768372
38104906,6,768372
38106118,7,768372
38107330,7,768372
38108542,7,768372
38109755,4,768372
38110966,5,768372
38112179,3,772637
38113391,7,772637
38114603,8,772637
38115815,7,772637
38117026,7,770329
38124300,3,771609
38125511,0,771609
38126724,10,771609
38127936,4,771609
38129148,3,771609
38130360,5,771609
38131572,3,771609
38132784,3,771609
38133996,5,771609
38135208,5,777211
38136420,3,777211
38137633,3,777211
38138845,2,777211
38140056,2,777211
38141268,4,777211
38142481,8,777211
38143693,5,777211
38144905,4,777211
38146117,2,774384
38147330,5,774384
38148541,3,774384
38149753,3,774384
38150965,2,774384
38152177,5,774384
38153389,5,774384
38154602,5,774384
38155813,4,774384
38157025,5,777159
38158238,4,777159
38159449,4,777159
38160662,5,777159
38161874,5,777159
38163086,5,777159
38164299,5,777159
38165510,3,777159
38166722,4,777159
38167934,3,771558
38169146,3,771558
38170358,3,771558
38171571,4,771558
38172782,5,771558
38173994,3,771558
38175207,3,771558
38176418,2,771558
38177632,4,771558
38178842,4,771550
38180055,3,769502
38181267,4,769502
38182479,5,769502
38183691,4,769502
38184903,5,769502
38186116,2,769502
38187327,3,769502
38188540,4,769502
38189751,4,769457
38190964,5,771249
38192176,7,771249
38193388,5,771249
38194600,4,771249
38195812,5,771249
38197024,2,771249
38198237,3,771249
38199448,3,771249
38200661,8,771249
38209146,5,771249
38210358,7,772586
38211570,4,772586
38212782,5,772586
38213995,6,772586
38215206,6,772586
38216418,4,772586
38217630,8,772586
38218844,7,772586
38220055,6,772586
38221267,6,772586
38222479,6,771095
38223691,3,771095
38224903,6,771095
38226116,8,771095
38227327,6,771095
38228539,7,771095
38229751,6,771095
38230964,6,771095
38232176,6,771095
38233388,5,775875
38234600,4,775875
38235813,7,775875
38237024,4,775875
38238236,6,775875
38239449,4,775875
38240660,8,775875
38241872,6,775875
38243084,9,775875
38244296,7,769605
38245509,4,769605
38246721,2,769605
38247933,7,769605
38249145,8,769605
38250357,6,769605
38251569,8,769605
38252781,6,769605
38253994,7,769605
38255205,7,773511
38256418,3,773511
38257630,4,773511
38258841,10,773511
38260054,5,773511
38261267,4,773511
38262478,7,773511
38263690,9,773511
38264903,7,773511
38266115,6,773254
38267327,2,773254
38268539,10,773254
38269751,9,773254
38270963,7,773254
38272175,6,773254
38273387,6,773254
38274599,6,773254
38275812,7,773254
38277024,7,775053
38278236,3,775053
38279448,6,775053
38280661,8,775053
38281872,4,775053
38283084,6,775053
38284296,6,775053
38285508,6,775053
38292781,7,775053
38293994,7,775053
38295205,6,775053
38296418,3,775053
38297630,5,775053
38298841,7,772945
38300055,4,772945
38301267,8,772945
38302478,5,772945
38303690,3,772945
38304903,6,772945
38306115,7,772945
38307327,6,772945
38308539,8,772945
38309751,5,773922
38310964,4,772997
38312176,7,772997
38313388,4,772997
38314601,5,772997
38315812,4,772997
38317024,3,772997
38318236,4,772997
38319448,3,772997
38320661,3,772997
38321873,3,773716
38323085,3,773716
38324297,2,773716
38325509,3,773716
38326721,4,773716
38327933,3,773716
38329145,5,773716
38330357,4,773716
38331570,4,773716
38332781,3,772688
38333993,4,772688
38335206,3,772688
38336418,4,772688
38337629,3,772688
38338842,4,772688
38340053,3,772688
38341265,4,772688
38342478,6,772688
38343690,4,775104
38344902,2,775104
38346114,5,775104
38347326,2,775104
38348538,4,775104
38349750,2,775104
38350963,2,775104
38352174,3,775104
38353387,3,775104
38354599,1,775043
38355811,4,772483
38357023,3,772483
38358235,3,772483
38359447,4,772483
38360660,3,772483
38361871,5,772483
38363084,0,772483
38364296,4,772483
38365508,4,772546
38366720,3,775618
38367932,4,775618
38369144,5,772020
38377629,13,772020
38378840,4,772020
38380052,5,772020
38381265,6,772020
38382477,4,772020
38383689,3,772020
38384901,4,772020
38386114,4,772020
38387325,3,772020
38388538,4,772020
38389750,5,772020
38390961,7,772020
38392174,5,772020
38393386,8,772020
38394598,6,772020
38395810,4,772020
38397023,7,772020
38398234,7,774487
38399446,3,774487
38400659,9,774487
38401871,6,774487
38403083,9,774487
38404295,3,774487
38405507,4,774487
38406719,5,774487
38407931,9,774487
38409143,6,770581
38410356,5,770581
38411567,7,770581
38412779,3,770581
38413991,6,770581
38415204,8,770581
38416415,3,770581
38417628,8,770581
38418840,9,770581
38420052,7,774538
38421264,5,774538
38422476,9,774538
38423688,8,774538
38424900,5,774538
38426112,4,774538
38427324,7,774538
38428536,7,774538
38429749,5,774538
38430961,7,772894
38432173,4,772894
38433386,5,772894
38434598,7,772894
38435810,8,772894
38437021,7,772894
38438233,7,772894
38439446,5,772894
38440658,5,772894
38441870,7,774230
38443082,3,774230
38444295,7,774230
38445506,10,774230
38446718,3,774230
38447930,7,774230
38449143,6,774230
38450354,7,774230
38451566,6,774230
38452778,7,773665
38453990,7,773665
38461262,1,773665
38462475,4,773665
38463686,8,775207
38464898,5,775207
38466111,7,775207
38467322,6,775207
38468535,11,775207
38469747,4,775207
38470959,5,775207
38472171,9,775207
38473384,9,775207
38474596,5,773100
38475807,3,773100
38477019,6,773100
38478231,7,773100
38479443,6,773100
38480655,7,773100
38481867,4,773100
38483079,6,773100
38484291,9,773100
38485503,5,770787
38486716,3,774847
38487927,5,774847
38489139,5,774847
38490351,5,774847
38491563,3,774847
38492775,3,774847
38493987,7,774847
38495200,4,774847
38496412,3,774847
38497623,3,772432
38498836,4,772432
38500047,2,772432
38501259,5,772432
38502472,4,772432
38503683,7,772432
38504896,3,772432
38506107,4,772432
38507319,4,772432
38508532,5,772432
38509743,4,772432
38510956,4,772432
38512168,4,772432
38513380,6,772432
38514592,5,772432
38515804,5,772432
38517015,2,772432
38518228,4,772432
38519440,4,771095
38520652,2,771095
38521864,5,771095
38523075,2,771095
38524287,4,771095
38525499,3,771095
38526712,3,771095
38527923,4,771095
38529136,6,771095
38530348,6,777416
38531560,4,777416
38532772,5,777416
38533984,7,777416
38535196,4,777416
38536407,2,777416
38537620,8,777416
38546104,7,777416
38547316,3,777416
38548528,3,777416
38549740,3,777416
38550952,6,766264
38552164,5,766346
38553376,7,774282
38554588,3,774282
38555800,4,774282
38557012,5,774282
38558224,1,774282
38559437,2,774282
38560649,3,774282
38561860,0,774282
38563072,4,774282
38564284,3,774282
38565496,8,774282
38566708,5,774282
38567921,5,774282
38569133,6,774282
38570345,5,774282
38571557,3,774282
38572769,6,774282
38573981,7,767755
38575193,4,767755
38576406,4,767755
38577617,5,767755
38578829,6,767755
38580041,6,767755
38581253,6,767755
38582466,8,767755
38583678,9,767755
38584890,6,773459
38586102,4,773459
38587314,5,773459
38588526,7,773459
38589738,7,773459
38590951,4,773459
38592163,7,773459
38593374,10,773459
38594587,8,773459
38595798,7,771918
38597011,3,771918
38598223,7,771918
38599435,4,771918
38600647,7,771918
38601859,5,771918
38603071,7,771918
38604284,9,771918
38605495,4,771918
38606707,6,771506
38607920,5,771506
38609131,7,771506
38610343,6,771506
38611555,5,771506
38612768,8,771506
38613979,10,771506
38615192,8,771506
38616404,8,771506
38617616,7,774436
38618828,4,774436
38620040,5,774436
38621252,6,774436
38622464,6,773716
38629736,-1,773716
38630949,6,773716
38632160,7,773716
38633373,10,773716
38634585,7,773716
38635797,8,773716
38637010,7,773716
38638221,7,773716
38639434,4,773716
38640645,4,773716
38641857,7,773716
38643069,6,773716
38644282,9,773716
38645493,7,773716
38646705,6,773716
38647918,5,773716
38649130,7,773716
38650342,4,774950
38651555,4,774950
38652766,6,774950
38653978,7,774950
38655190,6,774950
38656402,7,774950
38657614,7,774950
38658826,6,774950
38660038,9,774950
38661250,8,774384
38662462,4,771712
38663674,6,771712
38664886,3,771712
38666099,4,771712
38667311,3,771712
38668522,3,771712
38669734,-2,771712
38670947,4,771712
38672159,5,771712
38673371,5,775772
38674583,6,775772
38675794,7,775772
38677007,2,775772
38678219,3,775772
38679430,3,775772
38680643,4,775772
38681854,5,775772
38683067,4,775772
38684279,5,775772
38685491,4,775772
38686703,3,775772
38687915,4,775772
38689127,3,775772
38690339,2,775772
38691551,2,775772
38692763,5,775772
38693975,4,775772
38695188,5,770684
38696399,4,770684
38697612,3,770684
38698823,2,770684
38700035,4,770684
38701247,4,770684
38702459,4,770684
38703672,5,770684
38704883,6,770684
38706095,7,770684
38714580,4,770684
38715791,8,771249
38717004,4,771210
38718216,1,774282
38719427,2,774282
38720640,4,774282
38721851,3,774282
38723063,2,774282
38724275,6,774282
38725487,4,774282
38726699,3,774282
38727911,4,774215
38729123,2,770119
38730336,3,770119
38731547,3,770119
38732759,5,770119
38733971,3,770119
38735183,5,770119
38736396,6,770119
38737607,5,770119
38738819,4,770119
38740031,4,770119
38741243,5,770119
38742455,7,770119
38743667,9,770119
38744880,7,770119
38746092,5,770119
38747303,4,770119
38748515,4,777725
38749727,6,777725
38750940,4,777725
38752152,6,777725
38753363,7,777725
38754575,5,777725
38755787,8,777725
38757000,6,777725
38758211,8,777725
38759423,6,777725
38760636,8,771044
38761848,6,771044
38763059,5,771044
38764272,5,771044
38765484,9,771044
38766696,7,771044
38767908,7,771044
38769120,8,771044
38770332,6,771044
38771544,7,775669
38772756,3,775669
38773968,7,775669
38775180,9,775669
38776392,4,775669
38777604,7,775669
38778817,6,775669
38780028,5,775669
38781240,5,775669
38782452,7,774333
38783665,3,774333
38784876,5,774333
38786089,6,774333
38787300,4,774333
38788512,6,774333
38789725,7,774333
38790936,8,774333
38798209,8,774333
38799421,4,774333
38800633,9,774333
38801845,7,774333
38803057,5,774333
38804269,7,772277
38805481,5,772277
38806694,9,772277
38807905,7,772277
38809117,5,772277
38810330,9,772277
38811542,7,772277
38812753,4,772277
38813965,6,772277
38815178,2,774898
38816390,3,774898
38817602,8,774898
38818814,5,774898
38820025,3,774898
38821237,6,774898
38822450,6,774898
38823661,8,774898
38824873,8,774898
38826085,6,773922
38827297,4,773922
38828510,5,773922
38829722,1,773922
38830933,6,773922
38832145,6,773922
38833358,10,773922
38834570,5,773922
38835782,5,773922
38836994,6,767858
38838206,4,772997
38839418,4,772997
38840630,2,772997
38841841,3,772997
38843055,3,772997
38844266,2,772997
38845479,5,772997
38846690,4,772997
38847903,3,772997
38849114,2,771763
38850326,0,771763
38851539,3,771763
38852750,5,771763
38853963,5,771763
38855175,5,771763
38856387,3,771763
38857599,5,771763
38858811,2,771763
38860023,0,775155
38861235,4,775155
38862447,4,775155
38863660,4,775155
38864871,8,775155
38866083,6,775155
38867294,4,775155
38868506,3,775155
38869719,4,775155
38870931,4,770016
38872143,3,770016
38873355,3,770016
38874566,7,776080
38883050,3,776080
38884262,4,776080
38885475,4,776080
38886686,4,776080
38887898,4,776080
38889110,4,776080
38890322,3,776080
38891534,3,776080
38892746,3,776063
38893958,4,771455
38895170,4,771455
38896383,5,771455
38897594,2,771455
38898806,4,771455
38900019,2,771455
38901230,4,771455
38902442,3,771455
38903654,4,771525
38904866,4,776645
38906078,1,776645
38907289,6,776645
38908501,4,776645
38909714,4,776645
38910925,5,776645
38912138,3,776645
38913350,2,776645
38914562,3,776645
38915773,1,776645
38916985,8,776645
38918197,9,776645
38919409,3,776645
38920621,9,776645
38921833,5,776645
38923045,5,776645
38924257,7,771044
38925469,6,771044
38926681,7,771044
38927893,6,771044
38929106,6,771044
38930317,4,771044
38931529,5,771044
38932742,3,771044
38933953,7,771044
38935166,4,771044
38936378,9,776132
38937589,5,776132
38938802,7,776132
38940013,8,776132
38941226,7,776132
38942438,4,776132
38943650,5,776132
38944861,8,776132
38946073,7,776132
38947285,7,770427
38948497,2,770427
38949709,5,770427
38950921,6,770427
38952133,8,770427
38953345,6,770427
38954557,6,770427
38955770,6,770427
38956981,6,770427
38958193,6,777519
38959406,9,777519
38967889,5,777519
38969102,5,771455
38970313,3,771455
38971526,6,771455
38972737,7,771455
38973950,5,771455
38975161,6,771455
38976374,7,771455
38977586,6,771455
38978799,7,771455
38980010,5,774333
38981222,5,774333
38982434,5,774333
38983647,6,774333
38984859,6,774333
38986071,5,774333
38987283,7,774333
38988495,8,774333
38989706,10,774333
38990919,9,771404
38992131,4,771404
38993343,5,771404
38994555,7,771404
38995767,6,771404
38996979,9,771404
38998191,8,771404
38999403,6,771404
39000615,7,771404
39001827,5,773254
39003039,4,773254
39004252,5,773254
39005463,5,773254
39006675,9,773254
39007887,3,773254
39009099,7,773254
39010311,5,773254
39011523,8,773254
39012736,3,774127
39013947,4,773511
39015160,5,773511
39016372,6,773511
39017584,4,773511
39018795,5,773511
39020008,5,773511
39021220,3,773511
39022431,4,773511
39023644,5,773511
39024855,4,774487
39026068,6,774487
39027279,3,774487
39028491,4,774487
39029703,5,774487
39030915,4,774487
39032127,4,774487
39033340,2,774487
39034551,5,774487
39035763,6,769348
39036975,5,769348
39038187,3,769348
39039399,2,769348
39040611,4,769348
39041822,2,769348
39043034,4,769348
39044247,4,769348
39052730,2,769348
39053942,8,769348
39055154,5,769348
39056366,6,775155
39057578,3,768731
39058790,4,768731
39060002,3,768731
39061214,3,768731
39062426,3,768731
39063638,5,768731
39064850,3,768731
39066062,3,768731
39067274,4,768731
39068486,5,768598
39069698,4,774230
39070910,8,774230
39072122,3,774230
39073334,3,774230
39074546,4,774230
39075758,1,774230
39076970,5,774230
39078182,5,774230
39079394,3,774185
39080606,4,775721
39081818,2,775721
39083030,6,775721
39084242,4,775721
39085453,4,775721
39086665,6,775721
39087877,4,775721
39089089,5,775721
39090301,4,775721
39091513,7,775721
39092725,4,775721
39093937,5,775721
39095150,6,775721
39096362,6,775721
39097574,7,775721
39098785,7,775721
39099998,7,776748
39101209,5,776748
39102421,4,776748
39103633,6,776748
39104844,6,776748
39106057,6,776748
39107269,6,776748
39108481,8,776748
39109693,6,776748
39110905,3,776748
39112117,7,771866
39113329,5,771866
39114542,8,771866
39115753,6,771866
39116965,3,771866
39118178,6,771866
39119390,5,771866
39120601,8,771866
39121814,4,771866
39123025,6,774847
39124238,4,774847
39125450,6,774847
39126662,8,774847
39127873,4,774847
39129085,6,774847
39136358,7,774847
39137570,5,774847
39138782,7,774847
39139995,7,774847
39141206,8,774847
39142418,5,774847
39143630,7,774847
39144844,5,772586
39146055,2,772586
39147267,6,772586
39148478,4,772586
39149690,5,772586
39150902,6,772586
39152114,5,772586
39153325,5,772586
39154537,9,772586
39155750,6,772226
39156962,4,772226
39158174,7,772226
39159385,7,772226
39160598,4,772226
39161810,7,772226
39163021,7,772226
39164233,10,772226
39165445,5,772226
39166657,8,771198
39167870,4,771198
39169081,9,771198
39170293,9,771198
39171505,8,771198
39172717,6,771198
39173929,7,771198
39175141,6,771198
39176353,5,771198
39177565,7,775001
39178777,4,775001
39179989,8,775001
39181201,6,775001
39182413,7,775001
39183625,7,775001
39184837,8,775001
39186049,3,775001
39187260,7,775001
39188473,5,772997
39189685,6,772997
39190897,8,772997
39192109,8,772997
39193321,4,772997
39194533,5,772997
39195745,5,772997
39196956,6,772997
39198168,7,772997
39199381,9,776440
39200593,4,772277
39201805,5,772277
39203017,4,772277
39204229,4,772277
39205440,4,772277
39206652,3,772277
39207864,3,772277
39209076,4,772277
39210288,3,772277
39211500,3,777005
39212712,10,777005
39220121,7,777005
39221196,0,777005
39222408,8,777005
39223620,7,777005
39224831,4,777005
39226044,5,777005
39227256,9,777005
39228468,6,777005
39229680,10,777005
39230892,5,777005
39232104,5,770838
39233316,4,774693
39234527,4,774693
39235739,3,774693
39236951,4,774693
39238164,4,774693
39239375,7,774693
39240587,4,774693
39241799,3,774693
39243011,3,774693
39244224,3,774727
39245435,3,770119
39246648,3,770119
39247859,3,770119
39249071,3,770119
39250283,3,770119
39251496,3,770119
39252707,2,770119
39253919,4,770119
39255131,3,770241
39256343,3,775361
39257556,4,775361
39258767,5,775361
39259980,4,775361
39261192,3,775361
39262404,2,775361
39263616,4,775361
39264827,3,775361
39266040,4,775361
39267251,4,775361
39268463,6,775361
39269676,11,775361
39270888,4,775361
39272100,7,775361
39273312,3,775361
39274524,6,775361
39275736,5,771352
39276948,3,771352
39278160,4,771352
39279372,5,771352
39280584,7,771352
39281796,5,771352
39283008,4,771352
39284219,8,771352
39285431,7,771352
39286643,6,771352
39287855,5,776851
39289067,3,776851
39290279,6,776851
39291491,3,776851
39292703,6,776851
39293915,5,776851
39295127,6,776851
39296339,3,776851
39303610,4,776851
39304823,4,776851
39306035,6,776851
39307247,7,776851
39308459,5,776851
39309670,7,771198
39310883,2,771198
39312095,5,771198
39313307,5,771198
39314518,8,771198
39315731,5,771198
39316943,6,771198
39318154,7,771198
39319366,8,771198
39320578,7,773305
39321790,5,773305
39323002,8,773305
39324214,4,773305
39325427,7,773305
39326638,7,773305
39327850,6,773305
39329062,7,773305
39330274,2,773305
39331486,3,769759
39332698,5,769759
39333910,8,769759
39335122,9,769759
39336334,7,769759
39337546,5,769759
39338758,4,769759
39339971,4,769759
39341182,6,769759
39342394,5,774950
39343606,3,774950
39344818,4,774950
39346031,5,774950
39347243,8,774950
39348454,6,774950
39349666,6,774950
39350878,8,774950
39352090,6,774950
39353302,6,773100
39354515,3,773100
39355727,3,773100
39356939,6,773100
39358150,6,773100
39359362,6,773100
39360574,5,773100
39361786,6,773100
39362999,8,773100
39364210,7,778033
39365423,4,778033
39366635,6,778033
39367846,6,778033
39369058,3,778033
39370270,7,778033
39371482,10,778033
39372695,4,778033
39373907,5,778033
39375118,8,772894
39376330,4,775309
39377543,4,775309
39378754,4,775309
39379966,8,775309
39387238,5,775309
39388450,10,775309
39389663,5,775309
39390875,7,775309
39392087,6,775309
39393298,5,775309
39394510,10,775309
39395722,5,775309
39396934,6,772174
39398146,4,777571
39399359,4,777571
39400570,5,777571
39401782,4,777571
39402994,3,777571
39404206,5,777571
39405418,3,777571
39406630,3,777571
39407842,4,777571
39409055,0,772483
39410267,3,772483
39411479,5,772483
39412690,3,772483
39413903,5,772483
39415114,3,772483
39416327,3,772483
39417538,3,772483
39418751,5,772483
39419963,2,772482
39421175,4,772226
39422387,4,772226
39423598,4,772226
39424810,3,772226
39426023,4,772226
39427234,2,772226
39428446,5,772226
39429659,3,772226
39430871,3,772312
39432082,2,767960
39433294,3,767960
39434507,4,767960
39435718,4,767960
39436930,4,767960
39438142,5,767960
39439353,3,767960
39440566,4,767960
39441777,2,767960
39442989,5,767960
39444201,6,767960
39445414,5,767960
39446625,10,767960
39447838,8,767960
39449049,6,767960
39450261,9,767960
39451474,5,774179
39452686,7,774179
39453897,2,774179
39455110,8,774179
39456322,6,774179
39457534,9,774179
39458745,3,774179
39459957,3,774179
39461169,4,774179
39462382,9,774179
39463594,8,774179
39472079,8,774179
39473290,9,774179
39474502,8,773305
39475714,3,773305
39476926,5,773305
39478139,8,773305
39479350,6,773305
39480563,7,773305
39481774,5,773305
39482987,7,773305
39484199,6,773305
39485411,6,775823
39486622,4,775823
39487835,6,775823
39489047,6,775823
39490259,6,775823
39491471,4,775823
39492683,8,775823
39493895,6,775823
39495107,5,775823
39496319,8,772894
39497531,2,772894
39498743,7,772894
39499955,7,772894
39501167,6,772894
39502379,8,772894
39503591,5,772894
39504803,5,772894
39506015,7,772894
39507227,6,776851
39508439,4,776851
39509652,6,776851
39510863,6,776851
39512075,8,776851
39513287,8,776851
39514499,8,776851
39515711,3,776851
39516924,6,776851
39518135,4,769553
39519347,3,769553
39520559,7,769553
39521772,8,769553
39522984,7,769553
39524196,8,769553
39525407,5,769553
39526620,5,769553
39527832,5,769553
39529044,4,778907
39530256,4,778907
39531468,5,778907
39532681,9,778907
39533892,8,778907
39535104,7,778907
39536316,9,778907
39537528,6,778907
39538740,5,778907
39539952,8,768731
39541164,6,768731
39542377,7,768731
39543589,8,768731
39544801,8,768731
39546014,6,768731
39547225,7,768731
39548437,6,768731
39555710,4,768731
39556922,6,768731
39558134,4,768731
39559346,6,768731
39560558,7,768731
39561771,4,773716
39562983,6,771815
39564195,6,771815
39565406,3,771815
39566619,3,771815
39567831,3,771815
39569043,5,771815
39570255,5,771815
39571467,4,771815
39572679,11,771815
39573890,4,775258
39575103,4,775258
39576315,3,775258
39577527,3,775258
39578739,6,775258
39579951,4,775258
39581163,3,775258
39582375,6,775258
39583587,4,775258
39584799,4,773459
39586012,3,773459
39587224,0,773459
39588436,2,773459
39589648,4,773459
39590860,4,773459
39592072,4,773459
39593284,3,773459
39594497,3,773459
39595708,2,773464
39596920,4,774744
39598132,4,774744
39599345,5,774744
39600556,4,774744
39601769,4,774744
39602980,6,774744
39604193,5,774744
39605405,4,774744
39606616,3,774734
39607829,4,771918
39609041,3,771918
39610253,4,771918
39611465,2,771918
39612677,5,771918
39613889,5,771918
39615101,6,771918
39616313,4,771918
39617526,4,771918
39618737,5,771918
39619949,6,771918
39621162,7,771918
39622374,9,771918
39623585,9,771918
39624797,6,771918
39626010,8,771918
39627221,5,771918
39628433,2,771918
39629646,5,771918
39630857,6,771918
39632069,5,775361
39639341,7,775207
39640553,3,775207
39641765,0,775207
39642977,6,775207
39644189,4,775207
39645401,3,775207
39646613,3,775207
39647825,4,775207
39649037,4,775207
39650249,4,775207
39651461,3,775207
39652673,6,775207
39653885,7,775207
39655097,5,775207
39656310,7,775207
39657522,9,775207
39658734,8,775207
39659945,7,775207
39661157,7,770735
39662369,6,770735
39663582,10,770735
39664793,7,770735
39666006,8,770735
39667218,5,770735
39668430,5,770735
39669642,7,770735
39670854,5,770735
39672066,8,763901
39673279,4,763901
39674490,7,763901
39675702,3,763901
39676915,7,763901
39678127,8,763901
39679338,9,763901
39680551,8,763901
39681762,7,763901
39682975,5,770941
39684187,4,770941
39685398,7,770941
39686611,9,770941
39687823,6,770941
39689034,9,770941
39690247,6,770941
39691459,4,770941
39692671,8,770941
39693883,5,773459
39695096,4,773459
39696307,6,773459
39697519,7,773459
39698731,6,773459
39699943,7,773459
39701155,7,773459
39702367,6,773459
39703579,8,773459
39704791,5,769297
39706003,2,769297
39707215,5,769297
39708428,6,769297
39709640,6,769297
39710852,5,769297
39712064,4,769297
39713275,8,769297
39714487,7,769297
39715699,7,769297
39724183,6,769297
39725395,6,769297
39726607,3,770941
39727820,4,775361
39729031,5,775361
39730243,5,775361
39731455,3,775361
39732668,4,775361
39733879,3,775361
39735091,3,775361
39736302,4,775361
39737514,6,775361
39738726,4,771866
39739939,4,771866
39741150,3,771866
39742362,5,771866
39743575,4,771866
39744786,5,771866
39745998,3,771866
39747210,0,771866
39748422,4,771866
39749635,5,770735
39750847,4,770735
39752058,5,770735
39753270,5,770735
39754482,5,770735
39755694,3,770735
39756906,3,770735
39758117,5,770735
39759330,2,770735
39760542,3,780911
39761753,5,780911
39762965,1,780911
39764178,9,780911
39765390,4,780911
39766602,5,780911
39767813,3,780911
39769025,2,780911
39770238,4,780911
39771449,4,780988
39772662,5,774076
39773873,4,774076
39775085,5,774076
39776297,2,774076
39777509,5,774076
39778721,3,774076
39779933,4,774076
39781145,5,774076
39782357,7,773910
39783569,4,784406
39784781,3,784406
39785992,5,784406
39787205,4,784406
39788416,5,784406
39789629,3,784406
39790841,2,784406
39792052,4,784406
39793265,5,784406
39794476,4,784406
39795689,8,784406
39796900,4,784406
39798112,5,784406
39799324,5,784406
39800536,5,784406
39809020,6,784406
39810231,9,784406
39811444,4,784406
39812656,5,784406
39813868,6,784406
39815080,6,771918
39816292,5,771918
39817504,7,771918
39818716,3,771918
39819928,5,771918
39821140,6,771918
39822352,5,771918
39823564,7,771918
39824776,7,771918
39825988,10,770735
39827199,4,770735
39828412,7,770735
39829624,6,770735
39830836,6,770735
39832047,7,770735
39833260,6,770735
39834471,7,770735
39835683,10,770735
39836896,6,776389
39838107,5,776389
39839320,5,776389
39840532,7,776389
39841743,5,776389
39842955,6,776389
39844167,6,776389
39845379,11,776389
39846591,7,776389
39847804,6,764774
39849015,3,764774
39850228,5,764774
39851439,5,764774
39852652,6,764774
39853863,4,764774
39855076,7,764774
39856288,6,764774
39857499,6,764774
39858712,4,771044
39859924,5,771044
39861136,5,771044
39862348,6,771044
39863560,8,771044
39864772,5,771044
39865984,9,771044
39867196,8,771044
39868408,6,771044
39869620,6,769862
39870832,4,769862
39872044,8,769862
39873256,7,769862
39874468,6,769862
39875680,9,769862
39876892,5,769862
39878104,5,769862
39879316,4,769862
39880528,10,766727
39881741,1,766727
39882952,8,766727
39884164,7,766727
39885377,6,780037
39892649,11,780037
39893860,6,780037
39895073,6,780037
39896284,7,780037
39897497,7,780037
39898709,4,780037
39899921,8,780037
39901133,3,780037
39902346,5,771301
39903557,3,776132
39904769,4,776132
39905981,5,776132
39907193,3,776132
39908406,3,776132
39909618,3,776132
39910829,4,776132
39912041,4,776132
39913254,5,776132
39914466,4,772277
39915678,9,772277
39916890,3,772277
39918102,3,772277
39919314,5,772277
39920527,4,772277
39921738,4,772277
39922951,4,772277
39924163,5,772277
39925375,6,764980
39926587,2,764980
39927799,3,764980
39929011,2,764980
39930223,5,764980
39931435,2,764980
39932647,3,764980
39933859,2,764980
39935071,4,764980
39936284,4,770324
39937496,5,770324
39938708,5,770324
39939919,3,770324
39941132,2,770324
39942344,4,770324
39943555,5,770324
39944768,3,770324
39945980,7,770324
39947192,4,770324
39948404,3,770324
39949616,5,770324
39950829,4,770324
39952040,5,770324
39953252,4,770324
39954464,4,770324
39955676,9,770324
39956888,5,770324
39958100,3,770486
39959312,3,772534
39960524,4,772534
39961736,5,772534
39962948,3,772534
39964161,3,772534
39965373,6,772534
39966585,4,772534
39967796,4,772534
39969008,10,772534
39976286,-1,772534
39977493,3,772534
39978706,3,771352
39979917,5,771352
39981130,5,771352
39982341,8,771352
39983554,2,771352
39984765,5,771352
39985977,6,771352
39987190,6,771352
39988402,7,771352
39989613,8,771352
39990825,7,773768
39992037,2,773768
39993249,4,773768
39994462,3,773768
39995674,9,773768
39996885,6,773768
39998098,2,773768
39999310,4,773768
40000522,7,773768
40001734,6,778958
40002946,6,778958
40004159,6,778958
40005370,9,778958
40006582,8,778958
40007795,4,778958
40009007,6,778958
40010219,7,778958
40011430,6,778958
40012643,4,775618
40013855,4,775618
40015067,6,775618
40016279,6,775618
40017491,7,775618
40018703,6,775618
40019915,4,775618
40021127,7,775618
40022340,5,775618
40023551,6,770581
40024764,4,770581
40025976,8,770581
40027188,6,770581
40028399,3,770581
40029612,4,770581
40030824,5,770581
40032035,6,770581
40033248,6,770581
40034460,5,778855
40035672,5,778855
40036884,5,778855
40038096,7,778855
40039308,5,778855
40040520,8,778855
40041732,6,778855
40042944,7,778855
40044156,6,778855
40045368,7,764363
40046580,4,764363
40047792,5,764363
40049004,7,764363
40050216,5,764363
40051429,3,764363
40052640,6,764363
40061124,7,764363
40062337,5,764363
40063548,8,764363
40064761,7,764363
40065973,6,764363
40067185,8,771763
40068397,5,771763
40069609,3,771763
40070821,6,771763
40072033,6,771763
40073244,9,771763
40074457,7,771763
40075669,5,771763
40076881,8,771763
40078093,5,781733
40079305,4,763798
40080516,4,763798
40081729,4,763798
40082940,5,763798
40084153,3,763798
40085365,3,763798
40086577,5,763798
40087788,5,763798
40089001,0,763798
40090213,4,777211
40091425,2,777211
40092636,5,777211
40093849,2,777211
40095060,5,777211
40096273,5,777211
40097485,5,777211
40098697,4,777211
40099909,1,777211
40101122,5,777211
40102333,-2,777211
40103545,3,777211
40104757,4,777211
40105970,4,777211
40107181,4,777211
40108394,6,777211
40109605,4,777211
40110818,5,777211
40112029,3,774282
40113242,3,774282
40114453,4,774282
40115666,4,774282
40116877,5,774282
40118089,6,774282
40119302,4,774282
40120514,3,774282
40121726,4,774282
40122939,4,768988
40124150,4,768988
40125362,4,768988
40126574,2,768988
40127785,3,768988
40128997,1,768988
40130210,3,768988
40131422,4,768988
40132634,4,768988
40133845,4,768890
40135057,3,770170
40136269,6,770170
40137482,6,770270
40145965,15,769502
40147178,9,769502
40148389,3,769502
40149602,3,769502
40150813,4,769502
40152025,2,769502
40153238,4,769502
40154449,5,769502
40155662,3,769502
40156873,3,769502
40158085,5,769502
40159297,4,769502
40160510,6,769502
40161722,6,769502
40162934,6,769502
40164145,7,769502
40165358,7,771918
40166570,3,771918
40167782,4,771918
40168994,10,771918
40170206,7,771918
40171418,8,771918
40172630,7,771918
40173844,5,771918
40175054,6,771918
40176267,8,771918
40177479,6,768526
40178691,3,768526
40179902,7,768526
40181115,5,768526
40182327,6,768526
40183539,6,768526
40184751,6,768526
40185963,9,768526
40187175,4,768526
40188387,10,770273
40189599,5,770273
40190811,6,770273
40192023,4,770273
40193235,7,770273
40194447,3,770273
40195659,9,770273
40196872,9,770273
40198084,9,770273
40199296,6,770787
40200508,4,770787
40201721,4,770787
40202932,8,770787
40204144,8,770787
40205356,9,770787
40206568,6,770787
40207780,8,770787
40208992,5,770787
40210204,7,776491
40211416,2,776491
40212629,3,776491
40213842,4,776491
40215053,9,776491
40216265,4,776491
40217477,6,776491
40218689,5,776491
40219901,7,776491
40221113,5,778033
40222325,3,778033
40230810,7,778033
40232023,7,767960
40233234,3,767960
40234446,6,767960
40235658,6,767960
40236870,5,767960
40238082,6,767960
40239294,3,767960
40240506,7,767960
40241718,7,767960
40242930,5,775412
40244142,6,775412
40245354,7,775412
40246566,8,775412
40247778,7,775412
40248990,5,775412
40250202,5,775412
40251414,4,775412
40252626,6,775412
40253838,7,763387
40255050,4,773408
40256262,3,773408
40257474,3,773408
40258686,4,773408
40259898,4,773408
40261110,4,773408
40262322,5,773408
40263534,4,773408
40264746,1,773408
40265958,3,774950
40267171,4,774950
40268382,7,774950
40269594,5,774950
40270806,6,774950
40272018,4,774950
40273230,4,774950
40274442,5,774950
40275654,5,774950
40276866,4,778187
40278078,4,778187
40279290,5,778187
40280503,4,778187
40281714,4,778187
40282926,6,778187
40284138,5,778187
40285351,4,778187
40286563,5,778187
40287775,-1,771404
40288987,5,771404
40290199,4,771404
40291411,3,771404
40292623,3,771404
40293835,4,771404
40295047,3,771404
40296259,2,771404
40297472,4,771404
40298683,8,772945
40299895,4,772945
40301107,3,772945
40302320,4,772945
40303531,4,772945
40304743,3,772945
40305956,3,772945
40307168,4,772945
40315652,10,772945
40316864,7,772945
40318076,7,772945
40319288,7,769399
40320500,4,769404
40321712,2,770684
40322924,2,770684
40324137,4,770684
40325349,4,770684
40326560,3,770684
40327772,4,770684
40328984,6,770684
40330196,4,770684
40331408,4,770684
40332620,4,770684
40333833,8,770684
40335044,4,770684
40336256,7,770684
40337469,4,770684
40338681,11,770684
40339892,7,770684
40341105,8,776954
40342317,4,776954
40343529,4,776954
40344741,9,776954
40345954,8,776954
40347165,6,776954
40348377,11,776954
40349589,6,776954
40350801,4,776954
40352013,5,776954
40353226,4,773202
40354437,3,773202
40355649,9,773202
40356861,4,773202
40358073,7,773202
40359286,7,773202
40360498,6,773202
40361710,5,773202
40362922,4,773202
40364133,5,772072
40365346,3,772072
40366558,5,772072
40367770,7,772072
40368982,8,772072
40370194,8,772072
40371406,3,772072
40372619,9,772072
40373830,7,772072
40375043,6,774436
40376254,5,774436
40377467,7,774436
40378679,9,774436
40379891,6,774436
40381103,6,774436
40382315,6,774436
40383527,10,774436
40384739,8,774436
40385951,5,776029
40387163,5,776029
40388374,12,776029
40389587,7,776029
40390798,8,776029
40392011,10,776029
40399286,4,776029
40400495,6,776029
40401707,6,776029
40402919,7,776029
40404131,6,776029
40405343,7,776029
40406555,8,776029
40407768,7,776645
40408979,5,776645
40410191,6,776645
40411403,8,776645
40412615,5,776645
40413828,5,776645
40415040,5,776645
40416252,5,776645
40417464,4,776645
40418676,9,771404
40419888,4,771404
40421100,8,771404
40422312,6,771404
40423524,7,771404
40424736,6,771404
40425948,8,771404
40427160,7,771404
40428373,7,771404
40429585,5,775412
40430796,5,775412
40432009,7,775412
40433221,12,775412
40434433,8,775412
40435645,6,775412
40436857,6,775412
40438069,6,775412
40439282,7,775412
40440494,8,770324
40441705,5,770735
40442917,4,770735
40444130,3,770735
40445342,2,770735
40446553,4,770735
40447766,4,770735
40448978,4,770735
40450190,3,770735
40451402,2,770735
40452614,4,765545
40453826,4,765545
40455039,5,765545
40456250,6,765545
40457462,5,765545
40458675,4,765545
40459886,3,765545
40461099,6,765545
40462311,5,765545
40463522,4,776080
40464734,4,776080
40465947,4,776080
40467159,3,776080
40468371,3,776080
40469582,3,776080
40470795,4,776080
40472007,4,776080
40473218,5,776080
40474431,3,771352
40475643,7,771352
40484127,14,771352
40485339,3,771411
40486552,1,773459
40487764,4,773459
40488975,7,773459
40490187,5,773459
40491399,0,773459
40492611,4,773459
40493823,3,773459
40495035,4,773459
40496247,3,773502
40497459,1,771198
40498671,4,771198
40499883,4,771198
40501095,3,771198
40502307,5,771198
40503519,4,771198
40504731,4,771198
40505943,4,771198
40507156,3,771198
40508368,4,771198
40509579,8,771198
40510791,6,771198
40512004,7,771198
40513215,7,771198
40514427,5,771198
40515640,5,771198
40516851,8,766676
40518063,5,766676
40519275,3,766676
40520487,5,766676
40521700,3,766676
40522911,6,766676
40524124,8,766676
40525336,5,766676
40526547,7,766676
40527759,7,766676
40528972,6,774847
40530184,4,774847
40531395,5,774847
40532608,6,774847
40533820,8,774847
40535032,8,774847
40536244,6,774847
40537456,5,774847
40538668,8,774847
40539880,5,770993
40541092,4,770993
40542304,3,770993
40543516,10,770993
40544728,7,770993
40545940,7,770993
40547152,4,770993
40548364,5,770993
40549576,8,770993
40550788,7,778033
40552000,5,778033
40553212,9,778033
40554425,5,778033
40555637,8,778033
40556848,7,778033
40558060,3,778033
40559272,5,778033
40560484,4,778033
40567757,6,778033
40568969,4,778033
40570181,7,778033
40571393,6,778033
40572605,5,773614
40573817,4,773614
40575030,7,773614
40576241,7,773614
40577453,6,773614
40578665,6,773614
40579877,4,773614
40581089,5,773614
40582302,5,773614
40583514,8,768834
40584726,3,768834
40585937,9,768834
40587149,3,768834
40588362,8,768834
40589574,7,768834
40590786,6,768834
40591999,6,768834
40593211,6,768834
40594422,4,770581
40595634,2,770581
40596846,6,770581
40598059,5,770581
40599271,8,770581
40600483,7,770581
40601695,6,770581
40602907,4,770581
40604118,3,770581
40605331,5,765340
40606543,4,765340
40607755,4,765340
40608967,2,765340
40610179,8,765340
40611391,7,765340
40612603,5,765340
40613816,7,765340
40615028,5,765340
40616240,5,775463
40617451,3,773254
40618664,3,773254
40619876,4,773254
40621088,4,773254
40622300,5,773254
40623512,5,773254
40624724,-1,773254
40625936,5,773254
40627148,5,773254
40628360,5,771249
40629572,5,771249
40630785,3,771249
40631996,4,771249
40633209,2,771249
40634421,5,771249
40635633,6,771249
40636845,4,771249
40638057,4,771249
40639269,3,777776
40640481,6,777776
40641693,5,777776
40642905,5,777776
40644117,7,777776
40652602,5,777776
40653814,5,777776
40655026,5,777776
40656238,8,777776
40657450,4,777776
40658663,6,777776
40659874,5,767446
40661087,5,767460
40662299,3,771044
40663511,4,771044
40664723,5,771044
40665935,7,771044
40667147,8,771044
40668359,5,771044
40669570,3,771044
40670783,2,771044
