timestamp_us,acceleration,capacitance
603,-35,0
1815,-77,0
3028,-111,0
4240,-66,0
5453,-1,0
6665,56,0
7878,101,0
9091,86,0
10302,32,1675015
11516,-67,1655486
12727,-109,1655486
13940,-96,1655486
15152,-20,1655486
16364,59,1655486
17578,122,1655486
18789,111,1655486
20002,53,1655486
21214,-19,1655486
22427,-87,1676249
23639,-95,1676249
24852,-59,1676249
26064,3,1676249
27276,59,1676249
28489,81,1676249
29702,60,1676249
30915,-2,1676249
32126,-42,1676249
33338,-71,1676249
34552,-60,1676249
35763,-13,1676249
36976,28,1676249
38188,60,1676249
39401,64,1676249
40613,36,1676249
41826,12,1676249
43038,-1,1676249
44250,3,1690330
45464,-20,1690330
46675,-41,1690330
47888,-13,1690330
49101,5,1690330
50314,26,1690330
51526,-15,1690330
52738,-49,1690330
53950,-61,1690330
55164,-17,1658969
56376,14,1724505
57588,70,1724505
58801,149,1724505
60013,149,1724505
61226,51,1724505
62439,-52,1724505
63651,-122,1724505
64864,-142,1724505
66076,-99,1724617
67289,0,1713353
68502,74,1713353
69713,116,1713353
70926,101,1713353
72138,23,1713353
73351,-52,1713353
74564,-98,1713353
75776,-94,1713353
76989,-45,1713254
78201,-50,1714278
86692,-31,1714278
87902,-20,1714278
89115,4,1714278
90326,48,1714278
91539,77,1714278
92752,61,1714278
93964,8,1714278
95177,-13,1714278
96389,-66,1714278
97601,-71,1718235
98814,-62,1718235
100026,-7,1718235
101239,51,1718235
102451,86,1718235
103664,75,1718235
104877,19,1718235
106089,-27,1718235
107301,-59,1718235
108514,-44,1718235
109727,-8,1718286
110938,32,1718286
112152,60,1718286
113363,80,1718286
114576,67,1718286
115788,25,1718286
117001,8,1718286
118213,-5,1718286
119425,-59,1718286
120638,-45,1718441
121851,-50,1718441
123063,-15,1718441
124276,-3,1718441
125488,32,1718441
126700,34,1718441
127914,39,1718441
129125,36,1718441
130338,12,1718441
131550,3,1715614
132763,-8,1715614
133975,-6,1715614
135189,-9,1715614
136401,19,1715614
137613,25,1715614
138826,24,1715614
140038,22,1715614
141250,12,1715614
142463,-12,1699734
143675,-1,1699734
144888,1,1699734
146101,-2,1699734
147313,-13,1699734
148526,-2,1699734
149738,7,1699734
150951,25,1699734
152163,11,1699734
153376,11,1702150
154589,2,1702150
155801,-11,1702150
157014,-2,1702150
158226,14,1702150
159439,25,1702150
160651,16,1702150
161864,5,1702150
163076,15,1702150
170350,16,1702150
171563,15,1702150
172775,8,1702150
173988,2,1702150
175200,2,1662527
176413,0,1662527
177625,4,1662527
178838,6,1662527
180050,5,1662527
181262,7,1662527
182476,4,1662527
183687,2,1662527
184900,3,1662527
186113,4,1656823
187325,2,1656823
188537,9,1656823
189750,9,1656823
190962,2,1656823
192174,5,1656823
193388,11,1656823
194599,15,1656823
195812,11,1656823
197025,13,1663041
198237,4,1698706
199450,-2,1698706
200662,-13,1698706
201875,-10,1698706
203088,-4,1698706
204299,6,1698706
205512,8,1698706
206724,11,1698706
207937,7,1698706
209150,-2,1698552
210362,-3,1698552
211575,1,1698552
212787,5,1698552
213999,16,1698552
215212,33,1698552
216424,60,1698552
217637,55,1698552
218849,16,1698552
220062,-20,1722758
221274,-48,1722758
222487,-36,1722758
223699,-5,1722758
224911,19,1722758
226125,30,1722758
227336,40,1722758
228550,29,1722758
229761,3,1722758
230974,-20,1732059
232186,-29,1732059
233399,-21,1732059
234611,-4,1732059
235824,14,1732059
237037,13,1732059
238249,8,1732059
239462,-2,1732059
240673,-5,1732059
241886,2,1716591
243099,4,1716591
244311,5,1716591
245524,8,1716591
246736,28,1716591
255224,44,1716591
256435,57,1716591
257648,29,1716591
258860,0,1716591
260073,-31,1716591
261285,-46,1716591
262497,-17,1721421
263710,21,1721418
264922,39,1720394
266134,33,1720394
267347,9,1720394
268560,-15,1720394
269772,-30,1720394
270984,-24,1720394
272197,-19,1720394
273409,0,1720394
274622,21,1720394
275834,33,1720394
277046,22,1720394
278259,7,1720394
279471,-6,1720394
280684,-4,1720394
281897,0,1720394
283109,17,1720394
284322,37,1720394
285534,39,1720394
286746,42,1720394
287959,24,1720394
289171,6,1720394
290384,-2,1720394
291596,3,1720394
292809,10,1720394
294021,46,1720394
295234,53,1720394
296447,71,1732573
297658,18,1732573
298872,-42,1732573
300084,-99,1732573
301296,-113,1732573
302508,-79,1732573
303721,4,1732573
304933,89,1732573
306145,121,1732573
307358,117,1741104
308570,38,1741104
309782,-35,1741104
310995,-88,1741104
312208,-108,1741104
313420,-69,1741104
314633,-5,1741104
315845,68,1741104
317057,110,1741104
318270,98,1699991
319482,37,1699991
320694,-23,1699991
321908,-73,1699991
323119,-73,1699991
324332,-47,1699991
325544,-6,1699991
326757,46,1699991
327969,73,1699991
329182,73,1676505
330394,39,1676505
331606,59,1676505
340093,51,1665713
341306,24,1665713
342519,-7,1665713
343731,-29,1665713
344943,-31,1665713
346155,-20,1665713
347368,6,1665713
348580,32,1665713
349793,40,1665713
351005,36,1641097
352218,13,1641097
353430,-7,1641097
354642,-23,1641097
355855,-25,1641097
357068,-9,1641097
358280,12,1641097
359492,25,1641097
360705,30,1641097
361916,22,1606871
363129,4,1606871
364342,-12,1606871
365555,-19,1606871
366767,-12,1606871
367980,3,1606871
369191,22,1606871
370404,27,1606871
371617,27,1606871
372828,16,1620181
374041,2,1620181
375254,-5,1620181
376467,-16,1620181
377678,-6,1620181
378891,10,1620181
380104,31,1620181
381315,38,1620181
382528,27,1620181
383741,7,1651478
384953,-16,1662013
386166,-22,1662013
387378,-24,1662013
388590,-9,1662013
389803,14,1662013
391015,27,1662013
392227,19,1662013
393440,19,1662013
394652,-2,1662013
395865,-30,1666638
397077,-25,1666638
398290,-14,1666638
399502,1,1666638
400715,25,1666638
401928,32,1666638
403139,33,1666638
404352,7,1666638
405564,-17,1666638
406777,-24,1685345
407989,-21,1685345
409202,-2,1685345
410414,20,1685345
411626,32,1685345
412838,31,1685345
414052,32,1685345
415263,6,1685345
416476,47,1685345
424962,28,1685345
426175,21,1685345
427388,-24,1693824
428600,-49,1699888
429812,-36,1699888
431025,-27,1699888
432238,-7,1699888
433450,22,1699888
434662,29,1699888
435875,28,1699888
437086,18,1699888
438299,-19,1699888
439512,6,1699889
440724,-18,1686321
441937,-20,1686321
443148,4,1686321
444361,46,1686321
445573,54,1686321
446785,32,1686321
447998,13,1686321
449211,-22,1686321
450423,-40,1686337
451635,-46,1690433
452848,-20,1690433
454060,16,1690433
455272,34,1690433
456485,42,1690433
457697,25,1690433
458909,-5,1690433
460122,-49,1690433
461334,-52,1690433
462547,-14,1690433
463759,36,1690433
464971,66,1690433
466184,69,1690433
467397,40,1690433
468609,-6,1690433
469821,-35,1690433
471033,-52,1690433
472246,-36,1690433
473459,-11,1690433
474671,27,1690433
475883,43,1690433
477095,39,1690433
478308,16,1690433
479521,-8,1690433
480733,-35,1690433
481945,-26,1690433
483158,-6,1682929
484370,12,1682929
485583,28,1682929
486795,32,1682929
488007,16,1682929
489219,-10,1682929
490432,-22,1682929
491644,-22,1682929
492857,-2,1682929
494069,26,1689199
495282,51,1689199
496495,45,1689199
497707,25,1689199
498920,-4,1689199
500131,-21,1689199
501344,93,1689199
508618,11,1689199
509830,-64,1689199
511043,-100,1689199
512255,-53,1689199
513468,4,1689199
514680,72,1689199
515893,90,1725378
517105,50,1725378
518317,-5,1725378
519530,-41,1725378
520742,-40,1725378
521954,-27,1725378
523167,17,1725378
524380,41,1725378
525592,53,1725378
526805,27,1729079
528017,0,1729079
529229,-29,1729079
530441,-43,1729079
531653,-25,1729079
532866,-4,1729079
534078,22,1729079
535290,45,1729079
536504,58,1729079
537716,35,1733653
538928,-3,1733653
540141,-46,1733653
541353,-47,1733653
542565,-13,1733653
543777,7,1733653
544990,30,1733653
546203,105,1733653
547414,67,1733653
548627,-11,1727383
549839,-48,1727383
551052,-78,1727383
552265,-89,1727383
553477,-46,1727383
554689,21,1727383
555902,69,1727383
557114,118,1727383
558326,108,1727383
559538,34,1727537
560751,-49,1727537
561963,-123,1727537
563176,-121,1727537
564389,-55,1727537
565601,38,1727537
566813,96,1727537
568025,102,1727537
569238,69,1727537
570450,13,1719417
571662,-22,1732008
572875,-7,1732008
574087,14,1732008
575299,-12,1732008
576511,-7,1732008
577724,9,1732008
578936,11,1732008
580148,2,1732008
581360,4,1732008
582572,5,1745524
583784,43,1745524
584997,-28,1745524
592270,14,1745524
593483,45,1745524
594694,49,1745524
595907,34,1745524
597120,9,1745524
598332,-17,1745524
599544,-30,1745524
600756,-18,1745524
601968,-4,1745524
603180,9,1717876
604393,28,1709550
605605,28,1709550
606817,15,1709550
608029,-6,1709550
609241,-18,1709550
610453,-3,1709550
611665,1,1709550
612878,9,1709550
614090,18,1709550
615302,13,1714073
616514,4,1714073
617727,-4,1714073
618939,-9,1714073
620151,-5,1714073
621363,5,1714073
622575,19,1714073
623788,23,1714073
625000,23,1714073
626212,4,1714135
627425,-11,1730775
628637,-14,1730775
629849,-9,1730775
631062,-1,1730775
632274,13,1730775
633485,17,1730775
634698,22,1730775
635910,45,1730775
637122,-6,1730796
638335,-29,1722860
639547,-33,1722860
640759,-12,1722860
641972,4,1722860
643184,33,1722860
644395,39,1722860
645607,37,1722860
646820,25,1722860
648033,0,1722860
649244,-21,1722860
650456,-27,1722860
651669,-19,1722860
652881,21,1722860
654093,42,1722860
655305,50,1722860
656517,54,1722860
657729,39,1722860
658942,50,1722860
660154,57,1722860
661366,14,1722860
662578,-71,1722860
663791,-80,1722860
665002,-93,1722860
666215,-53,1722860
667427,5,1722860
668639,-65,1722860
677124,-47,1722860
678337,0,1722860
679548,45,1722860
680760,64,1641354
681973,58,1641354
683185,31,1641354
684397,-10,1641354
685609,-37,1641354
686821,-55,1641354
688033,-35,1641354
689246,-10,1641354
690458,24,1641354
691671,54,392753
692882,50,392753
694094,34,392753
695306,-17,392753
696519,-5,392753
697731,-30,392753
698943,-8,392753
700155,-5,392753
701368,19,392753
702580,57,539475
703792,39,539475
705004,35,539475
706216,-12,539475
707428,-29,539475
708641,-47,539475
709854,-31,539475
711065,14,539475
712278,44,539475
713490,47,1679486
714702,24,1679486
715914,4,1679486
717126,-10,1679486
718339,-19,1679486
719551,-14,1679486
720764,-3,1679486
721976,17,1679486
723188,21,1679486
724400,17,1673165
725612,15,1673165
726825,10,1673165
728036,-4,1673165
729249,-3,1673165
730462,-1,1673165
731674,5,1673165
732886,7,1673165
734098,5,1673165
735310,11,1678356
736523,5,1678356
737735,12,1678356
738946,1,1678356
740159,-2,1678356
741371,5,1678356
742583,3,1678356
743795,2,1678356
745008,7,1678356
746221,10,1669413
747433,3,1669413
748645,4,1669413
749857,2,1669413
751069,2,1669413
752281,-1,1669413
753494,13,1669413
760767,3,1669413
761980,-1,1669413
763192,1,1669413
764404,3,1669413
765616,13,1669413
766828,21,1669413
768040,43,1689610
769252,71,1703023
770465,53,1703023
771677,-7,1703023
772890,-40,1703023
774101,-72,1703023
775314,-62,1703023
776526,-18,1703023
777738,25,1703023
778950,53,1703023
780164,64,1703023
781375,40,1703023
782588,3,1703023
783800,-35,1703023
785012,-51,1703023
786225,-44,1703023
787437,-8,1703023
788649,31,1703023
789861,57,1703023
791074,61,1696908
792286,36,1696908
793498,-12,1696908
794710,-58,1696908
795923,-62,1696908
797136,-31,1696908
798348,4,1696908
799560,37,1696908
800772,47,1696908
801984,32,1640314
803196,7,1705850
804408,-19,1705850
805621,-48,1705850
806834,-25,1705850
808045,5,1705850
809257,37,1705850
810470,48,1705850
811683,40,1705850
812895,15,1705918
814106,-19,1710270
815319,-15,1710270
816531,-15,1710270
817744,-2,1710270
818956,6,1710270
820167,15,1710270
821380,10,1710270
822593,5,1710270
823804,4,1710120
825017,2,1711400
826229,6,1711400
827442,11,1711400
828654,7,1711400
829865,6,1711400
831078,7,1711400
832290,6,1711400
833503,5,1711400
834715,3,1711400
835927,0,1711400
837139,1,1711400
844413,-4,1704719
845625,-14,1704719
846837,-11,1704719
848050,2,1704719
849261,14,1704719
850474,17,1704719
851686,21,1704719
852899,29,1704719
854110,34,1704719
855323,35,1704719
856535,20,1709499
857747,12,1709499
858959,1,1709499
860172,-9,1709499
861384,-3,1709499
862596,12,1709499
863809,7,1709499
865021,5,1709499
866233,-1,1709499
867445,-2,1719417
868658,-6,1719417
869870,5,1719417
871083,22,1719417
872294,18,1719417
873506,15,1719417
874719,9,1719417
875931,-14,1719417
877143,-20,1719417
878356,-14,1715460
879568,-8,1715460
880780,11,1715460
881992,17,1715460
883205,28,1715460
884417,21,1715460
885630,19,1715460
886841,0,1715460
888054,7,1715460
889266,-14,1688942
890478,-22,1688942
891690,-15,1688942
892903,8,1688942
894114,30,1688942
895326,28,1688942
896539,14,1688942
897751,6,1688942
898963,-1,1688942
900175,0,1679846
901388,-1,1679846
902600,9,1679846
903812,2,1679846
905025,16,1679846
906237,25,1679846
907450,21,1679846
908662,17,1679846
909874,32,1679846
911086,-13,1671007
912298,-2,1671007
913511,-6,1671007
914723,10,1671007
915935,12,1671007
917147,20,1671007
918359,3,1671007
919571,-2,1671007
920783,1,1671007
928191,19,1671007
929270,28,1671007
930481,25,1671007
931694,2,1671007
932907,-17,1689456
934119,-48,1689456
935330,-19,1689456
936543,15,1689456
937755,33,1689456
938967,47,1689456
940180,42,1689456
941392,26,1689456
942604,5,1689456
943816,-18,1701790
945029,-32,1701995
946240,-24,1701995
947454,0,1701995
948665,31,1701995
949878,50,1701995
951090,30,1701995
952303,8,1701995
953514,-14,1701995
954726,-29,1701995
955938,-26,1691512
957151,-15,1691512
958364,7,1691512
959575,18,1691512
960787,21,1691512
962000,15,1691512
963212,3,1691512
964424,-13,1691512
965636,-21,1691512
966849,-4,1648279
968061,13,1713815
969273,28,1713815
970485,28,1713815
971698,23,1713815
972910,7,1713815
974122,-16,1713815
975334,-17,1713815
976547,-12,1713815
977758,2,1767223
978971,16,1701687
980184,24,1701687
981395,24,1701687
982608,13,1701687
983819,-5,1701687
985032,-15,1701687
986244,-11,1701687
987457,-2,1701687
988669,10,1701687
989881,21,1701687
991093,20,1701687
992306,15,1701687
993518,5,1701687
994730,-3,1701687
995943,-10,1701687
997154,-4,1701687
998368,1,1701687
999580,17,1701780
1000792,20,1699220
1002004,19,1699220
1003216,5,1699220
1004428,26,1699220
1012914,21,1699220
1014127,15,1699220
1015339,7,1699220
1016551,-22,1699220
1017763,-26,1699220
1018976,-23,1699220
1020188,-5,1718081
1021400,10,1718081
1022613,25,1718081
1023826,29,1718081
1025037,21,1718081
1026250,7,1718081
1027463,-5,1718081
1028675,-15,1718081
1029887,-14,1718081
1031099,-1,1683906
1032312,10,1683906
1033524,20,1683906
1034737,29,1683906
1035948,19,1683906
1037161,8,1683906
1038373,-3,1683906
1039586,-12,1683906
1040798,-15,1683906
1042010,1,1683906
1043223,12,1675529
1044435,15,1675529
1045647,21,1675529
1046859,16,1675529
1048071,4,1675529
1049284,-2,1675529
1050496,-2,1675529
1051708,2,1675529
1052921,2,1675529
1054133,15,1666330
1055345,10,1666330
1056557,14,1666330
1057770,5,1666330
1058982,4,1666330
1060195,5,1666330
1061406,1,1666330
1062619,1,1666330
1063831,4,1666330
1065044,11,1665919
1066255,11,1665919
1067468,22,1665919
1068680,25,1665919
1069892,13,1665919
1071105,1,1665919
1072317,-9,1665919
1073529,-5,1665919
1074742,0,1665919
1075955,9,1660266
1077166,12,1660266
1078378,21,1660266
1079590,15,1660266
1080803,4,1660266
1082015,2,1660266
1083228,-5,1660266
1084440,-1,1660266
1085652,4,1660266
1086865,12,1660472
1088076,12,1660472
1089289,2,1660472
1096563,10,1660472
1097775,11,1652095
1098987,9,1652095
1100199,12,1652095
1101412,7,1652095
1102624,3,1652095
1103837,2,1652095
1105048,3,1652095
1106261,6,1652095
1107472,9,1652095
1108685,9,1640789
1109897,12,1640789
1111109,7,1640789
1112321,4,1640789
1113534,-3,1640789
1114747,5,1640789
1115958,6,1640789
1117170,20,1640789
1118383,17,1640789
1119596,14,1646185
1120807,-3,1646185
1122019,-2,1646185
1123232,-3,1646185
1124444,4,1646185
1125656,9,1646185
1126869,14,1646185
1128080,15,1646185
1129293,11,1646185
1130505,7,1643564
1131717,-4,1602554
1132929,-7,1602554
1134142,-2,1602554
1135353,5,1602554
1136567,11,1602554
1137778,11,1602554
1138990,11,1602554
1140203,7,1602554
1141415,2,1602554
1142627,-3,1511334
1143840,-7,1511334
1145052,2,1511334
1146264,6,1511334
1147476,6,1511334
1148689,9,1511334
1149901,6,1511334
1151113,4,1511334
1152326,-1,1511334
1153537,-3,1508508
1154750,2,1508508
1155962,2,1508508
1157174,7,1508508
1158386,11,1508508
1159598,8,1508508
1160811,4,1508508
1162022,-2,1508508
1163234,2,1508508
1164446,5,1560168
1165659,4,1494632
1166871,3,1494632
1168083,7,1494632
1169295,5,1494632
1170507,4,1494632
1171719,5,1494632
1172931,6,1494632
1180205,7,1494632
1181416,8,1494632
1182628,7,1494632
1183841,6,1494632
1185053,8,1501056
1186265,3,1500932
1187477,4,1522692
1188689,6,1522692
1189902,8,1522692
1191114,9,1522692
1192326,2,1522692
1193539,4,1522692
1194750,8,1522692
1195963,3,1522692
1197176,7,1522692
1198387,6,1522692
1199600,12,1522692
1200811,4,1522692
1202024,6,1522692
1203237,6,1522692
1204448,6,1522692
1205660,4,1522692
1206873,8,1522692
1208085,3,1522692
1209298,4,1522692
1210510,9,1522692
1211722,7,1522692
1212935,4,1522692
1214146,6,1522692
1215358,7,1522692
1216570,10,1522692
1217783,5,1522692
1218995,9,1483480
1220207,5,1483480
1221419,7,1483480
1222632,5,1483480
1223844,3,1483480
1225056,8,1483480
1226268,6,1483480
1227480,7,1483480
1228692,5,1483480
1229905,7,1485947
1231117,3,1485947
1232329,4,1485947
1233541,5,1485947
1234753,9,1485947
1235966,6,1485947
1237178,4,1485947
1238390,5,1485947
1239603,5,1485947
1240814,9,1484919
1242026,4,1484919
1243239,8,1484919
1244451,9,1484919
1245663,6,1484919
1246875,6,1484919
1248087,8,1484919
1249299,7,1484919
1250512,7,1484919
1251724,7,1464363
1252937,4,1464363
1254149,6,1464363
1255360,7,1464363
1256572,6,1435841
1263850,6,1435841
1265059,7,1435841
1266270,6,1435841
1267483,5,1435841
1268695,7,1435841
1269908,8,1435841
1271120,7,1435841
1272332,7,1435841
1273544,7,1382805
1274756,7,1382805
1275968,5,1382805
1277181,6,1382805
1278393,6,1382805
1279605,7,1382805
1280817,4,1382805
1282029,6,1382805
1283241,5,1382805
1284454,11,1358137
1285666,4,1358137
1286879,7,1358137
1288090,6,1358137
1289302,10,1358137
1290515,4,1358137
1291727,6,1358137
1292940,7,1358137
1294151,7,1358137
1295364,8,1333109
1296576,6,1333109
1297789,5,1333109
1299001,6,1333109
1300213,5,1333109
1301426,3,1333109
1302637,7,1333109
1303849,8,1333109
1305062,10,1333109
1306274,7,1324270
1307486,2,1322831
1308698,4,1322831
1309911,3,1322831
1311124,3,1322831
1312335,1,1322831
1313547,5,1322831
1314760,6,1322831
1315972,8,1322831
1317184,6,1322831
1318396,4,1327816
1319609,4,1327816
1320821,4,1327816
1322033,4,1327816
1323245,7,1327816
1324457,3,1327816
1325670,5,1327816
1326882,5,1327816
1328094,4,1327816
1329306,4,1324322
1330518,2,1324322
1331731,3,1324322
1332944,2,1324322
1334155,7,1324322
1335367,4,1324322
1336580,4,1324322
1337792,5,1324322
1339005,5,1324322
1340217,8,1324322
1348702,11,1324322
1349914,7,1322420
1351127,10,1329358
1352340,7,1329358
1353552,7,1329358
1354764,3,1329358
1355976,3,1329358
1357188,2,1329358
1358400,3,1329358
1359613,3,1329358
1360825,6,1329358
1362037,6,1329254
1363250,11,1356390
1364462,3,1356390
1365674,-2,1356390
1366886,1,1356390
1368098,0,1356390
1369311,4,1356390
1370523,4,1356390
1371735,9,1356390
1372947,7,1356343
1374160,3,1453879
1375372,-5,1453879
1376584,1,1453879
1377796,5,1453879
1379009,5,1453879
1380220,7,1453879
1381434,8,1453879
1382645,5,1453879
1383858,3,1453879
1385070,2,1453879
1386282,1,1453879
1387494,1,1453879
1388707,3,1453879
1389918,7,1453879
1391130,13,1453879
1392342,14,1453879
1393555,11,1628558
1394767,2,1628558
1395979,5,1628558
1397191,4,1628558
1398404,6,1628558
1399616,9,1628558
1400828,8,1628558
1402040,7,1628558
1403252,5,1628558
1404464,3,1628558
1405677,4,1638425
1406889,3,1638425
1408101,5,1638425
1409313,7,1638425
1410526,6,1638425
1411738,9,1638425
1412950,7,1638425
1414162,8,1638425
1415374,6,1638425
1416587,4,1644592
1417799,3,1644592
1419011,7,1644592
1420223,7,1644592
1421435,7,1644592
1422648,7,1644592
1423860,9,1644592
1425072,9,1644592
1432345,2,1644592
1433559,10,1644592
1434771,9,1644592
1435982,8,1644592
1437195,9,1644592
1438407,5,1651581
1439619,2,1651581
1440831,6,1651581
1442044,9,1651581
1443256,7,1651581
1444468,7,1651581
1445680,6,1651581
1446893,9,1651581
1448105,5,1651581
1449317,3,1652917
1450530,3,1652917
1451742,6,1652917
1452954,5,1652917
1454166,4,1652917
1455378,7,1652917
1456591,6,1652917
1457803,5,1652917
1459015,3,1652917
1460227,7,1651221
1461440,8,1651221
1462652,13,1651221
1463865,10,1651221
1465077,11,1651221
1466289,6,1651221
1467501,6,1651221
1468713,4,1651221
1469925,7,1651221
1471138,9,1656257
1472350,7,1656257
1473562,9,1656257
1474775,7,1656257
1475987,12,1656257
1477199,14,1656257
1478412,7,1656257
1479623,0,1656257
1480835,-2,1656257
1482048,-2,1651941
1483260,3,1651941
1484472,7,1651941
1485684,14,1651941
1486897,13,1651941
1488109,7,1651941
1489321,3,1651941
1490534,2,1651941
1491746,0,1651941
1492958,0,1662527
1494170,4,1654921
1495383,11,1654921
1496595,14,1654921
1497806,8,1654921
1499019,5,1654921
1500231,-1,1654921
1501443,-3,1654921
1502655,-1,1654921
1503868,2,1654921
1505080,5,1665816
1506292,7,1665816
1507505,5,1665816
1508717,12,1660009
1517202,12,1660009
1518414,-2,1660009
1519627,0,1660009
1520839,-1,1660009
1522051,5,1660009
1523263,3,1660009
1524476,3,1660009
1525688,6,1660009
1526900,5,1656000
1528112,4,1656000
1529325,3,1656000
1530536,3,1656000
1531749,4,1656000
1532961,4,1656000
1534173,4,1656000
1535386,7,1656000
1536598,9,1656000
1537810,5,1655949
1539022,5,1655949
1540234,1,1655949
1541446,3,1655949
1542659,-2,1655949
1543871,3,1655949
1545084,6,1655949
1546295,10,1655949
1547507,6,1655949
1548720,0,1655954
1549932,-1,1657234
1551145,2,1657234
1552357,1,1657234
1553569,2,1657234
1554781,6,1657234
1555994,11,1657234
1557206,10,1657234
1558418,4,1657234
1559631,3,1657248
1560842,2,1661088
1562054,3,1661088
1563267,5,1661088
1564479,6,1661088
1565691,8,1661088
1566904,6,1661088
1568116,4,1661088
1569328,0,1661088
1570541,-2,1661088
1571752,5,1661088
1572965,5,1661088
1574177,7,1661088
1575389,9,1661088
1576601,11,1661088
1577814,6,1661088
1579026,3,1661088
1580238,6,1650039
1581451,6,1650039
1582663,2,1650039
1583875,6,1650039
1585087,7,1650039
1586300,7,1650039
1587511,7,1650039
1588725,5,1650039
1589936,5,1650039
1591149,9,1650039
1592361,15,1659598
1593573,1,1659598
1602060,7,1659598
1603272,17,1657593
1604484,7,1657593
1605697,11,1657593
1606909,12,1657593
1608121,6,1657593
1609333,3,1657593
1610546,3,1657593
1611758,7,1657593
1612971,11,1657593
1614182,14,1660934
1615395,9,1660934
1616607,8,1660934
1617819,2,1660934
1619032,0,1660934
1620244,-5,1660934
1621456,0,1660934
1622668,4,1660934
1623881,11,1660934
1625093,16,1662733
1626305,10,1662733
1627517,11,1662733
1628730,5,1662733
1629942,-2,1662733
1631154,-3,1662733
1632366,1,1662733
1633579,5,1662733
1634791,11,1662733
1636004,14,1657542
1637215,9,1657542
1638428,9,1657542
1639640,4,1657542
1640852,2,1657542
1642065,2,1657542
1643277,4,1657542
1644489,10,1657542
1645702,15,1657542
1646914,13,1653996
1648126,6,1653996
1649338,2,1653996
1650551,1,1653996
1651763,1,1653996
1652975,2,1653996
1654187,9,1653996
1655400,12,1653996
1656612,12,1653996
1657824,9,1662270
1659037,5,1662270
1660249,3,1662270
1661461,2,1662270
1662673,1,1662270
1663885,4,1662270
1665097,9,1662270
1666310,14,1662270
1667521,14,1662270
1668735,12,1655795
1669946,4,1655795
1671158,6,1655795
1672370,3,1655795
1673583,3,1655795
1674795,4,1655795
1676008,7,1655795
1677219,7,1655795
1678432,2,1655795
1685705,11,1655795
1686917,4,1655795
1688129,4,1655795
1689342,7,1655795
1690555,11,1653585
1691766,5,1658621
1692978,5,1658621
1694190,3,1658621
1695403,1,1658621
1696615,2,1658621
1697827,-1,1658621
1699039,4,1658621
1700251,12,1658621
1701463,5,1658621
1702675,7,1645722
1703888,0,1645722
1705100,1,1645722
1706312,2,1645722
1707525,4,1645722
1708737,4,1645722
1709949,4,1645722
1711160,5,1645722
1712373,5,1645722
1713585,7,1658621
1714797,7,1658621
1716009,7,1658621
1717222,4,1658621
1718434,2,1658621
1719645,-2,1658621
1720858,1,1658621
1722070,2,1658621
1723282,3,1658621
1724495,6,1654767
1725706,7,1654767
1726919,8,1654767
1728131,7,1654767
1729343,6,1654767
1730556,5,1654767
1731768,2,1654767
1732979,2,1654767
1734192,4,1654767
1735404,4,1654709
1736616,6,1666741
1737828,6,1666741
1739040,7,1666741
1740253,7,1666741
1741465,2,1666741
1742676,1,1666741
1743889,2,1666741
1745101,1,1666741
1746313,5,1666707
1747525,7,1685139
1748737,8,1685139
1749949,7,1685139
1751161,3,1685139
1752374,2,1685139
1753586,3,1685139
1754798,4,1685139
1756010,6,1685139
1757223,7,1685139
1758435,26,1685139
1759647,26,1685139
1760859,8,1685139
1762071,26,1685139
1769345,13,1685139
1770557,7,1685139
1771769,0,1685139
1772982,-8,1685139
1774195,-7,1685139
1775406,1,1685139
1776619,13,1685139
1777830,24,1685139
1779043,23,1685448
1780255,15,1685448
1781468,3,1685448
1782679,-8,1685448
1783891,-11,1685448
1785104,-2,1685448
1786316,10,1685448
1787528,16,1685448
1788741,18,1685448
1789953,16,1679229
1791165,8,1679229
1792377,5,1679229
1793589,3,1679229
1794802,-1,1679229
1796014,4,1679229
1797226,10,1679229
1798438,16,1679229
1799651,14,1679229
1800864,13,1689353
1802076,4,1689353
1803288,3,1689353
1804500,-3,1689353
1805713,-2,1689353
1806925,2,1689353
1808137,8,1689353
1809349,12,1689353
1810561,12,1689353
1811774,7,1681953
1812986,0,1681953
1814198,0,1681953
1815411,3,1681953
1816622,3,1681953
1817835,14,1681953
1819047,19,1681953
1820260,18,1681953
1821471,15,1681953
1822684,-2,1698501
1823896,-8,1698501
1825109,-5,1698501
1826320,2,1698501
1827532,9,1698501
1828745,22,1698501
1829956,29,1698501
1831169,44,1698501
1832381,33,1698501
1833593,17,1691974
1834805,-16,1691974
1836017,-29,1691974
1837230,-35,1691974
1838442,-15,1691974
1839654,9,1691974
1840866,33,1691974
1842079,40,1691974
1843291,30,1691974
1844503,9,1698501
1845715,32,1698501
1854200,20,1698501
1855413,4,1693722
1856625,-12,1693722
1857837,-16,1693722
1859049,-4,1693722
1860261,1,1693722
1861473,14,1693722
1862685,19,1693722
1863898,21,1693722
1865111,10,1693722
1866322,2,1693002
1867535,-12,1693002
1868747,-7,1693002
1869959,-2,1693002
1871172,10,1693002
1872384,17,1693002
1873596,24,1693002
1874808,23,1693002
1876020,16,1693002
1877233,21,1693002
1878445,23,1694904
1879657,7,1694904
1880869,-15,1694904
1882081,-26,1694904
1883294,-25,1694904
1884506,-12,1694904
1885718,8,1694904
1886930,26,1694904
1888142,32,1694904
1889355,21,1703280
1890567,5,1703280
1891779,-10,1703280
1892992,-17,1703280
1894203,-16,1703280
1895416,-1,1703280
1896627,12,1703280
1897840,27,1703280
1899052,27,1703280
1900264,15,1685345
1901476,-1,1685345
1902689,-7,1685345
1903901,-15,1685345
1905114,-12,1685345
1906326,-6,1685345
1907538,10,1685345
1908750,19,1685345
1909962,20,1685345
1911174,11,1685270
1912387,3,1679126
1913599,-6,1679126
1914811,-11,1679126
1916024,-5,1679126
1917236,6,1679126
1918449,18,1679126
1919660,19,1679126
1920873,15,1679126
1922085,8,1679181
1923297,-2,1679949
1924510,-10,1679949
1925722,-11,1679949
1926935,-5,1679949
1928147,6,1679949
1929360,12,1679949
1930571,5,1679949
1939057,18,1679949
1940269,24,1679949
1941482,22,1679949
1942694,14,1686167
1943906,0,1686167
1945118,-9,1686167
1946331,-6,1686167
1947543,-3,1686167
1948756,10,1686167
1949967,14,1686167
1951181,20,1686167
1952393,16,1686167
1953604,9,1686167
1954817,2,1682159
1956029,-6,1682159
1957241,-5,1682159
1958454,4,1682159
1959666,10,1682159
1960879,18,1682159
1962090,17,1682159
1963302,17,1682159
1964515,4,1682159
1965728,1,1678458
1966939,-5,1678458
1968151,2,1678458
1969363,6,1678458
1970576,11,1678458
1971788,15,1678458
1973000,11,1678458
1974213,7,1678458
1975424,2,1678458
1976637,1,1679486
1977849,4,1679486
1979061,8,1679486
1980274,11,1679486
1981486,7,1679486
1982698,8,1679486
1983911,2,1679486
1985122,1,1679486
1986335,1,1679486
1987547,1,1682570
1988759,2,1682570
1989971,5,1682570
1991184,9,1682570
1992396,10,1682570
1993608,11,1682570
1994821,7,1682570
1996033,11,1682570
1997245,8,1682570
1998457,12,1687144
1999669,5,1687144
2000883,12,1687144
2002094,7,1687144
2003306,6,1687144
2004518,5,1687144
2005731,1,1687144
2006943,1,1687144
2008155,2,1687144
2009367,4,1691769
2010580,5,1691769
2011792,7,1691769
2013004,9,1691769
2014217,9,1691769
2015429,3,1691769
2022702,14,1691769
2023914,12,1691769
2025127,11,1691769
2026339,6,1691769
2027551,10,1691769
2028764,7,1691769
2029975,8,1691769
2031188,3,1688325
2032400,3,1688325
2033612,8,1688325
2034825,3,1688325
2036037,2,1688325
2037249,1,1688325
2038461,3,1688325
2039674,3,1688325
2040887,8,1688325
2042098,11,1680617
2043311,15,1690998
2044524,10,1690998
2045735,5,1690998
2046947,4,1690998
2048160,5,1690998
2049372,6,1690998
2050585,13,1690998
2051797,13,1690998
2053009,11,1690998
2054222,2,1676505
2055434,-6,1676505
2056646,-11,1676505
2057858,-8,1676505
2059070,2,1676505
2060283,12,1676505
2061495,13,1676505
2062708,10,1676505
2063921,3,1676505
2065133,-2,1696856
2066344,-9,1696856
2067557,-4,1696856
2068769,-3,1696856
2069982,7,1696856
2071194,13,1696856
2072406,16,1696856
2073619,9,1696856
2074830,5,1696856
2076043,3,1678613
2077255,2,1678613
2078467,1,1678613
2079679,4,1678613
2080892,11,1678613
2082104,14,1678613
2083317,11,1678613
2084528,6,1678613
2085741,4,1678613
2086954,-1,1698706
2088166,-5,1698706
2089378,-4,1698706
2090590,6,1698706
2091803,7,1698706
2093014,10,1698706
2094227,10,1698706
2095439,5,1698706
2096651,2,1698706
2097864,1,1698799
2099076,9,1682415
2106349,-2,1682415
2107562,-7,1682415
2108774,10,1682287
2109986,4,1689199
2111199,4,1689199
2112411,4,1689199
2113623,7,1689199
2114835,4,1689199
2116048,6,1689199
2117259,4,1689199
2118472,1,1689199
2119684,2,1689199
2120896,2,1689199
2122108,6,1689199
2123320,9,1689199
2124533,11,1689199
2125745,17,1689199
2126957,9,1689199
2128169,8,1689199
2129381,1,1682673
2130594,1,1682673
2131806,-3,1682673
2133018,6,1682673
2134231,9,1682673
2135443,13,1682673
2136655,13,1682673
2137867,9,1682673
2139080,5,1682673
2140293,5,1682673
2141504,0,1684728
2142717,1,1684728
2143929,6,1684728
2145141,8,1684728
2146353,9,1684728
2147565,11,1684728
2148777,7,1684728
2149990,3,1684728
2151202,4,1684728
2152415,4,1679178
2153626,2,1679178
2154839,5,1679178
2156051,5,1679178
2157263,5,1679178
2158476,8,1679178
2159687,7,1679178
2160900,5,1679178
2162112,3,1679178
2163324,3,1684317
2164536,4,1684317
2165749,10,1684317
2166961,9,1684317
2168173,8,1684317
2169385,14,1684317
2170597,15,1684317
2171809,10,1684317
2173022,3,1684317
2174234,1,1681182
2175446,-1,1681182
2176658,5,1681182
2177870,9,1681182
2179082,14,1681182
2180294,18,1681182
2181506,13,1681182
2182719,12,1681182
2191204,10,1681182
2192417,8,1681182
2193629,6,1681182
2194840,5,1681182
2196053,3,1683957
2197266,2,1683957
2198477,6,1683957
2199689,12,1683957
2200902,10,1683957
2202114,11,1683957
2203326,10,1683957
2204539,5,1683957
2205751,4,1683957
2206962,2,1684779
2208175,2,1684779
2209387,9,1684779
2210600,12,1684779
2211811,13,1684779
2213024,10,1684779
2214236,6,1684779
2215449,8,1684779
2216661,11,1684779
2217873,9,1684779
2219085,2,1684779
2220297,5,1684779
2221510,3,1684779
2222722,4,1684779
2223935,4,1684779
2225146,4,1684779
2226358,8,1684779
2227571,7,1684779
2228783,4,1680565
2229995,5,1672343
2231207,2,1672343
2232420,2,1672343
2233632,3,1672343
2234845,4,1672343
2236057,8,1672343
2237269,6,1672343
2238481,7,1672343
2239693,5,1672343
2240905,5,1664274
2242118,0,1664274
2243330,2,1664274
2244543,4,1664274
2245754,8,1664274
2246967,6,1664274
2248180,4,1664274
2249391,4,1664274
2250604,6,1664274
2251816,4,1664274
2253029,3,1664274
2254241,3,1664274
2255453,6,1664274
2256665,4,1664274
2257877,4,1664274
2259089,4,1664274
2260302,6,1664274
2261514,4,1664274
2262726,4,1650296
2263938,3,1650296
2265151,5,1650296
2266363,4,1650296
2267575,7,1650296
2276061,5,1650296
2277274,7,1650296
2278486,6,1650296
2279698,9,1650296
2280911,7,1650296
2282123,10,1650296
2283336,7,1640223
2284549,5,1640390
2285760,6,1643718
2286973,5,1643718
2288186,4,1643718
2289398,4,1643718
2290610,4,1643718
2291823,3,1643718
2293035,3,1643718
2294247,7,1643718
2295460,5,1643688
2296672,4,1635752
2297885,4,1635752
2299097,4,1635752
2300310,4,1635752
2301522,2,1635752
2302734,5,1635752
2303948,5,1635752
2305159,6,1635752
2306372,4,1635752
2307584,4,1635752
2308797,6,1635752
2310009,6,1635752
2311222,8,1635752
2312434,5,1635752
2313647,4,1635752
2314858,7,1635752
2316071,8,1637859
2317283,5,1637859
2318496,4,1637859
2319709,12,1637859
2320920,5,1637859
2322133,5,1637859
2323345,4,1637859
2324558,5,1637859
2325770,5,1637859
2326982,8,1637859
2328196,5,1622134
2329407,5,1622134
2330620,10,1622134
2331832,8,1622134
2333045,7,1622134
2334257,8,1622134
2335469,5,1622134
2336682,5,1622134
2337895,6,1622134
2339107,8,1622699
2340319,5,1622699
2341532,3,1622699
2342744,8,1622699
2343957,7,1622699
2345169,5,1622699
2346381,5,1622699
2347594,5,1622699
2348806,3,1622699
2350018,6,1614219
2351231,7,1614219
2352443,6,1614219
2359718,15,1614219
2360930,7,1626142
2362142,3,1626142
2363355,3,1626142
2364568,5,1626142
2365780,4,1626142
2366993,8,1626142
2368205,9,1626142
2369417,8,1626142
2370630,7,1626142
2371842,5,1632103
2373055,6,1632103
2374268,6,1632103
2375479,6,1632103
2376692,4,1632103
2377905,9,1632103
2379117,5,1632103
2380329,6,1632103
2381541,8,1632103
2382754,9,1621466
2383967,6,1621466
2385178,7,1621466
2386391,6,1621466
2387604,5,1621466
2388815,7,1621466
2390028,7,1621466
2391241,5,1621466
2392453,7,1621466
2393665,6,2128902
2394878,4,2128902
2396090,7,2128902
2397302,9,2128902
2398515,6,2128902
2399727,4,2128902
2400939,8,2128902
2402152,7,2128902
2403365,6,2128902
2404577,8,1605894
2405789,2,1605894
2407002,9,1605894
2408214,7,1605894
2409427,7,1605894
2410640,5,1605894
2411852,6,1605894
2413064,8,1605894
2414277,4,1605894
2415490,4,1597106
2416702,5,1599162
2417915,9,1599162
2419126,4,1599162
2420338,5,1599162
2421551,5,1599162
2422763,1,1599162
2423976,-3,1599162
2425189,3,1599162
2426401,5,1599162
2427613,8,1650399
2428827,6,1650399
2430039,7,1650399
2431251,5,1650399
2432464,1,1650399
2433676,-2,1650399
2434889,3,1650399
2436101,3,1650399
2444589,4,1650399
2445801,5,1650399
2447014,7,1650399
2448226,11,1657028
2449439,5,1676095
2450651,6,1676095
2451864,3,1676095
2453077,2,1676095
2454289,-2,1676095
2455501,-4,1676095
2456714,4,1676095
2457927,6,1676095
2459140,8,1676095
2460352,6,1691152
2461564,6,1691152
2462777,3,1691152
2463989,3,1691152
2465202,7,1691152
2466414,8,1691152
2467627,5,1691152
2468839,0,1691152
2470053,0,1691152
2471264,-1,1691275
2472477,1,1682827
2473690,5,1682827
2474902,8,1682827
2476115,12,1682827
2477327,9,1682827
2478540,9,1682827
2479753,12,1682827
2480965,6,1682827
2482178,3,1682712
2483390,7,1707032
2484603,8,1707032
2485815,5,1707032
2487028,2,1707032
2488240,-1,1707032
2489454,4,1707032
2490666,4,1707032
2491878,4,1707032
2493091,4,1707032
2494303,6,1707032
2495516,3,1707032
2496729,3,1707032
2497941,4,1707032
2499154,2,1707032
2500366,6,1707032
2501578,9,1707032
2502791,5,1695777
2504004,5,1695777
2505216,3,1695777
2506429,6,1695777
2507641,8,1695777
2508854,6,1695777
2510066,7,1695777
2511280,5,1695777
2512492,4,1695777
2513704,2,1695777
2514917,8,1708625
2516130,3,1708625
2517342,5,1708625
2518554,3,1708625
2519768,2,1708625
2520980,2,1708625
2528255,10,1708625
2529468,6,1708625
2530680,7,1708625
2531894,9,1708625
2533106,10,1708625
2534318,8,1708625
2535531,8,1708625
2536743,11,1712942
2537956,9,1712942
2539169,17,1712942
2540381,27,1712942
2541593,69,1712942
2542806,59,1712942
2544018,24,1712942
2545232,-25,1712942
2546443,-59,1712942
2547656,-67,1715923
2548869,-48,1715923
2550081,5,1715923
2551293,46,1715923
2552506,66,1715923
2553719,55,1715923
2554931,19,1715923
2556143,-17,1715923
2557357,-43,1715923
2558569,-46,1706569
2559781,-27,1706569
2560994,19,1706569
2562206,51,1706569
2563420,63,1706569
2564632,49,1706569
2565845,14,1706569
2567056,-17,1706569
2568269,-42,1706569
2569482,-38,1695058
2570695,-19,1695058
2571907,10,1695058
2573119,33,1695058
2574332,43,1695058
2575545,32,1695058
2576758,10,1695058
2577971,-15,1695058
2579182,-25,1695058
2580395,-23,1681953
2581608,-5,1681953
2582821,20,1681953
2584033,36,1681953
2585246,38,1681953
2586458,19,1681953
2587670,0,1681953
2588883,-15,1681953
2590096,-18,1681953
2591309,-7,1679538
2592521,6,1679538
2593734,26,1679538
2594946,28,1679538
2596158,25,1679538
2597372,10,1679538
2598584,-2,1679538
2599796,-12,1679538
2601009,-10,1679538
2602222,-4,1674552
2603434,11,1684677
2604647,-4,1684677
2613134,0,1684677
2614347,9,1680360
2615560,15,1680360
2616772,15,1680360
2617985,9,1680360
2619198,3,1680360
2620410,0,1680360
2621622,-4,1680360
2622834,-4,1680360
2624048,3,1680360
2625259,9,1691512
2626472,12,1691512
2627685,7,1691512
2628897,3,1691512
2630110,-1,1691512
2631322,-3,1691512
2632535,-2,1691512
2633748,2,1691512
2634960,5,1691512
2636173,8,1677328
2637385,10,1677328
2638598,9,1677328
2639810,3,1677328
2641023,-2,1677328
2642235,-5,1677328
2643448,2,1677328
2644660,5,1677328
2645873,18,1677328
2647085,26,1695007
2648298,21,1695007
2649510,6,1695007
2650723,-11,1695007
2651935,-21,1695007
2653148,-5,1695007
2654361,5,1695007
2655573,17,1695007
2656785,23,1695007
2657998,24,1695060
2659211,11,1695572
2660423,-4,1695572
2661635,-12,1695572
2662848,-16,1695572
2664061,-10,1695572
2665273,5,1695572
2666485,15,1695572
2667698,22,1695572
2668910,17,1695559
2670123,5,1692231
2671335,-3,1692231
2672548,-11,1692231
2673760,-11,1692231
2674973,-5,1692231
2676186,11,1692231
2677398,18,1692231
2678610,18,1692231
2679823,9,1692278
2681036,1,1692278
2682248,-7,1692278
2683462,-8,1692278
2684674,0,1692278
2685886,10,1692278
2687098,23,1692278
2688311,30,1692278
2689523,10,1692278
2696799,14,1692278
2698012,22,1692278
2699224,17,1692278
2700436,7,1692278
2701649,2,1693722
2702862,-2,1693722
2704074,8,1693722
2705286,22,1693722
2706500,34,1693722
2707712,27,1693722
2708924,5,1693722
2710137,-11,1693722
2711349,-24,1693722
2712561,-25,1703486
2713774,-10,1703486
2714986,15,1703486
2716199,30,1703486
2717412,32,1703486
2718624,19,1703486
2719836,3,1703486
2721049,-9,1703486
2722262,-17,1703486
2723475,-7,1696343
2724687,4,1696343
2725899,24,1696343
2727112,27,1696343
2728324,23,1696343
2729536,6,1696343
2730749,-3,1696343
2731962,-13,1696343
2733174,-12,1696343
2734386,2,1693208
2735599,11,1693208
2736811,23,1693208
2738024,22,1693208
2739237,11,1693208
2740450,2,1693208
2741662,-7,1693208
2742874,-3,1693208
2744086,2,1693208
2745300,12,1682364
2746512,14,1682364
2747725,18,1682364
2748937,12,1682364
2750149,7,1682364
2751362,3,1682364
2752574,-4,1682364
2753787,1,1682364
2754999,8,1682364
2756213,12,1693105
2757425,9,1693105
2758637,13,1693105
2759850,5,1693105
2761062,2,1693105
2762275,1,1693105
2763488,-2,1693105
2764701,5,1693105
2765915,8,1693105
2767125,15,1682313
2768338,8,1682313
2769550,11,1682313
2770763,2,1682313
2771975,3,1682313
2773188,14,1682313
2780463,8,1682313
2781676,6,1682313
2782889,7,1682313
2784101,6,1682313
2785313,10,1682313
2786526,10,1682313
2787739,11,1682313
2788951,6,1674501
2790164,3,1674501
2791377,3,1674501
2792590,5,1674501
2793801,3,1674501
2795014,5,1674501
2796228,11,1674501
2797439,8,1674501
2798652,8,1674501
2799865,11,1673371
2801077,2,1662064
2802289,1,1662064
2803502,-3,1662064
2804714,1,1662064
2805927,3,1662064
2807140,3,1662064
2808352,6,1662064
2809565,8,1662064
2810777,5,1662064
2811990,4,1658056
2813203,3,1658056
2814415,1,1658056
2815628,1,1658056
2816841,3,1658056
2818053,6,1658056
2819265,6,1658056
2820477,4,1658056
2821690,4,1658056
2822902,4,1649062
2824115,-1,1649062
2825327,3,1649062
2826540,2,1649062
2827753,7,1649062
2828965,8,1649062
2830178,8,1649062
2831390,5,1649062
2832603,5,1649062
2833815,3,1657902
2835028,2,1657902
2836240,4,1657902
2837453,8,1657902
2838665,7,1657902
2839877,6,1657902
2841090,3,1657902
2842303,4,1657902
2843515,2,1657902
2844727,6,1657902
2845940,8,1657902
2847152,6,1657902
2848365,5,1657902
2849578,2,1657902
2850790,3,1657902
2852002,6,1657902
2853215,5,1657902
2854428,9,1657902
2855640,6,1658017
2856852,4,1661345
2864191,9,1661345
2865340,17,1661345
2866552,3,1660009
2867765,2,1660009
2868977,6,1660009
2870190,6,1660009
2871402,0,1660009
2872614,4,1660009
2873827,3,1660009
2875039,9,1660009
2876252,9,1660009
2877465,6,1660009
2878677,4,1660009
2879890,6,1660009
2881102,2,1660009
2882315,3,1660009
2883526,5,1660009
2884740,3,1660009
2885952,6,1660009
2887164,8,1658467
2888377,6,1658467
2889589,5,1658467
2890802,3,1658467
2892015,3,1658467
2893227,5,1658467
2894439,7,1658467
2895652,7,1658467
2896865,8,1658467
2898077,9,1658467
2899289,11,1639350
2900502,4,1639350
2901715,7,1639350
2902927,4,1639350
2904139,5,1639350
2905352,6,1639350
2906564,5,1639350
2907777,8,1639350
2908989,13,1639350
2910202,8,1611598
2911414,5,1611598
2912627,7,1611598
2913839,6,1611598
2915053,4,1611598
2916265,4,1611598
2917478,9,1611598
2918689,7,1611598
2919902,11,1611598
2921114,8,1613911
2922327,5,1613911
2923540,6,1613911
2924752,6,1613911
2925965,5,1613911
2927177,8,1613911
2928389,7,1613911
2929602,8,1613911
2930814,5,1613911
2932028,3,1623213
2933240,5,1623213
2934452,10,1623213
2935665,5,1623213
2936878,6,1623213
2938090,5,1623213
2939303,3,1623213
2940515,3,1623213
2947790,4,1623213
2949003,8,1623213
2950215,9,1623213
2951428,8,1623213
2952640,6,1623213
2953853,6,1623264
2955065,5,1623264
2956278,6,1623264
2957490,6,1623264
2958703,7,1623264
2959916,7,1623264
2961128,7,1623264
2962341,8,1623264
2963553,7,1623264
2964765,5,1612986
2965978,0,1612986
2967190,3,1612986
2968404,6,1612986
2969616,6,1612986
2970828,7,1612986
2972040,7,1612986
2973253,6,1612986
2974466,7,1612986
2975678,7,1601423
2976891,4,1601423
2978103,4,1601423
2979316,7,1601423
2980528,4,1601423
2981741,7,1601423
2982953,6,1601423
2984167,8,1601423
2985378,7,1601423
2986591,6,1609286
2987804,3,1611958
2989015,5,1611958
2990228,2,1611958
2991441,5,1611958
2992654,4,1611958
2993866,3,1611958
2995078,5,1611958
2996292,4,1611958
2997503,5,1611958
2998716,6,1622442
2999929,4,1622442
3001141,3,1622442
3002354,-1,1622442
3003566,3,1622442
3004779,4,1622442
3005991,6,1622442
3007203,7,1622442
3008416,4,1622442
3009629,3,1615761
3010841,6,1615761
3012053,7,1615761
3013266,4,1615761
3014479,3,1615761
3015692,5,1615761
3016903,3,1615761
3018117,4,1615761
3019328,6,1615761
3020542,7,1632155
3021753,11,1632155
3022966,5,1632155
3024178,8,1632155
3032666,3,1632155
3033879,7,1632155
3035091,9,1632155
3036303,4,1632155
3037516,4,1632155
3038729,5,1632155
3039941,8,1632155
3041154,9,1628352
3042366,6,1628172
3043579,5,1635084
3044791,4,1635084
3046003,1,1635084
3047216,3,1635084
3048429,3,1635084
3049641,-1,1635084
3050854,1,1635084
3052066,6,1635084
3053278,6,1635138
3054491,5,1635906
3055703,5,1635906
3056916,4,1635906
3058129,1,1635906
3059342,1,1635906
3060554,5,1635906
3061766,5,1635906
3062978,9,1635906
3064191,8,1635906
3065403,7,1635906
3066616,4,1635906
3067828,1,1635906
3069041,1,1635906
3070253,2,1635906
3071466,5,1635906
3072678,8,1635906
3073891,11,1643101
3075103,5,1643101
3076316,5,1643101
3077528,4,1643101
3078741,1,1643101
3079953,1,1643101
3081166,6,1643101
3082378,11,1643101
3083591,13,1643101
3084803,9,1643101
3086016,7,1654818
3087228,4,1654818
3088441,5,1654818
3089653,2,1654818
3090866,7,1654818
3092078,9,1654818
3093291,17,1654818
3094504,35,1654818
3095716,27,1654818
3096928,10,1665405
3098141,-9,1665405
3099353,-13,1665405
3100565,-16,1665405
3101778,-4,1665405
3102990,14,1665405
3104204,24,1665405
3105416,24,1665405
3106628,18,1665405
3107841,4,1682981
3109053,25,1682981
3116328,14,1682981
3117541,16,1682981
3118753,10,1675118
3119965,-9,1675118
3121178,-6,1675118
3122390,1,1675118
3123603,3,1675118
3124816,9,1675118
3126028,13,1675118
3127241,10,1675118
3128453,13,1675118
3129666,13,1677328
3130878,1,1677328
3132092,0,1677328
3133303,0,1677328
3134516,4,1677328
3135729,7,1677328
3136941,11,1677328
3138153,12,1677328
3139366,11,1677328
3140579,9,1673576
3141791,3,1673576
3143004,5,1673576
3144217,8,1673576
3145428,10,1673576
3146641,6,1673576
3147853,2,1673576
3149066,7,1673576
3150278,5,1673576
3151490,4,1679435
3152703,2,1679435
3153914,6,1679435
3155128,9,1679435
3156339,11,1679435
3157552,6,1679435
3158765,5,1679435
3159977,5,1679435
3161189,8,1679435
3162401,6,1672703
3163614,7,1672703
3164826,12,1672703
3166038,7,1672703
3167251,1,1672703
3168463,6,1672703
3169676,7,1672703
3170888,10,1672703
3172101,8,1672703
3173312,8,1677328
3174525,3,1671469
3175737,3,1671469
3176950,1,1671469
3178162,2,1671469
3179375,5,1671469
3180586,7,1671469
3181800,7,1671469
3183011,7,1671469
3184224,5,1671469
3185436,2,1672240
3186649,-2,1672240
3187862,1,1672240
3189073,1,1672240
3190286,6,1672240
3191498,11,1672240
3192711,10,1672240
3201198,10,1672240
3202411,14,1672240
3203623,12,1672240
3204836,8,1672240
3206049,3,1684060
3207260,2,1672806
3208473,-4,1672806
3209686,2,1672806
3210898,9,1672806
3212110,9,1672806
3213323,10,1672806
3214535,5,1672806
3215748,4,1672806
3216961,-3,1672806
3218172,-2,1679075
3219385,-1,1679075
3220598,2,1679075
3221810,6,1679075
3223022,8,1679075
3224234,7,1679075
3225447,4,1679075
3226659,0,1679075
3227872,1,1679075
3229085,2,1679009
3230297,4,1661345
3231510,6,1661345
3232721,8,1661345
3233934,8,1661345
3235146,6,1661345
3236360,4,1661345
3237572,4,1661345
3238784,-2,1661345
3239996,2,1661272
3241208,3,1683032
3242421,7,1683032
3243633,6,1683032
3244846,5,1683032
3246058,4,1683032
3247270,2,1683032
3248483,3,1683032
3249696,5,1683032
3250907,4,1683032
3252120,5,1683032
3253333,7,1683032
3254545,8,1683032
3255758,8,1683032
3256969,7,1683032
3258182,8,1683032
3259394,4,1683032
3260607,6,1659084
3261820,4,1659084
3263031,5,1659084
3264244,9,1659084
3265457,7,1659084
3266669,5,1659084
3267881,4,1659084
3269094,1,1659084
3270306,2,1659084
3271519,3,1659084
3272731,5,1671007
3273944,5,1671007
3275156,13,1671007
3276368,9,1671007
3277580,9,1661784
3284854,19,1669208
3286068,7,1669208
3287279,8,1669208
3288492,3,1669208
3289704,0,1669208
3290918,-4,1669208
3292130,-4,1669208
3293342,4,1669208
3294555,11,1669208
3295767,9,1669208
3296979,16,1669208
3298192,9,1669208
3299405,2,1669208
3300617,0,1669208
3301830,1,1669208
3303042,6,1669208
3304255,11,1669208
3305468,17,1654972
3306679,12,1654972
3307893,10,1654972
3309105,3,1654972
3310317,1,1654972
3311530,1,1654972
3312742,1,1654972
3313954,4,1654972
3315167,8,1654972
3316380,11,1668026
3317592,8,1668026
3318804,10,1668026
3320017,3,1668026
3321229,2,1668026
3322441,1,1668026
3323655,5,1668026
3324866,5,1668026
3326079,8,1668026
3327291,9,1656977
3328504,4,1656977
3329717,4,1656977
3330928,0,1656977
3332141,1,1656977
3333353,3,1656977
3334566,10,1656977
3335779,15,1656977
3336990,20,1656977
3338204,11,1660934
3339415,-2,1660934
3340628,-6,1660934
3341841,-3,1660934
3343053,0,1660934
3344265,7,1660934
3345478,19,1660934
3346690,18,1660934
3347903,14,1660934
3349116,5,1666022
3350328,-2,1666022
3351540,3,1666022
3352752,7,1666022
3353965,7,1666022
3355177,9,1666022
3356390,11,1666022
3357602,18,1666022
3358815,11,1666022
3360027,3,1678356
3361240,12,1678356
3369727,9,1678356
3370939,6,1697216
3372152,13,1697422
3373364,17,1697422
3374577,3,1697422
3375788,-12,1697422
3377001,-11,1697422
3378213,-1,1697422
3379425,6,1697422
3380638,14,1697422
3381850,12,1697422
3383063,5,1709858
3384275,2,1709858
3385488,-6,1709858
3386700,-7,1709858
3387914,-8,1709858
3389125,-1,1709858
3390337,8,1709858
3391550,16,1709858
3392762,15,1709858
3393974,8,1704565
3395187,3,1704565
3396399,9,1704565
3397612,11,1704565
3398824,8,1704565
3400037,12,1704565
3401248,13,1704565
3402461,2,1704565
3403674,10,1704565
3404886,14,1716848
3406098,7,1716848
3407310,-1,1716848
3408523,-11,1716848
3409735,0,1716848
3410947,0,1716848
3412160,6,1716848
3413372,7,1716848
3414585,23,1716848
3415797,16,1716966
3417009,12,1721062
3418221,15,1721062
3419435,-15,1721062
3420646,-30,1721062
3421860,-32,1721062
3423071,-18,1721062
3424284,1,1721062
3425496,18,1721062
3426708,25,1720933
3427921,18,1714021
3429133,-1,1714021
3430346,-23,1714021
3431559,-26,1714021
3432771,-20,1714021
3433983,4,1714021
3435195,30,1714021
3436408,71,1714021
3437620,113,1714021
3438833,88,1714021
3440045,19,1714021
3441258,-11,1714021
3442471,-61,1714021
3443683,-74,1714021
3444896,-68,1714021
3446108,13,1714021
3453383,-34,1714021
3454595,-61,1714021
3455808,-58,1714021
3457020,-24,1714021
3458233,20,1714021
3459446,59,1718492
3460657,67,1718492
3461870,55,1718492
3463083,4,1718492
3464294,-28,1718492
3465507,-45,1718492
3466719,-46,1718492
3467933,-22,1718492
3469144,8,1718492
3470357,39,1693567
3471569,53,1693567
3472782,22,1693567
3473994,-17,1693567
3475206,-41,1693567
3476420,-26,1693567
3477632,2,1693567
3478843,34,1693567
3480056,56,1693567
3481269,58,1686578
3482482,26,1686578
3483693,2,1686578
3484906,-20,1686578
3486118,-24,1686578
3487331,-14,1686578
3488543,9,1686578
3489756,33,1686578
3490969,44,1686578
3492181,35,1694133
3493393,3,1694133
3494605,-13,1694133
3495818,-26,1694133
3497030,-27,1694133
3498244,-4,1694133
3499455,23,1694133
3500668,35,1694133
3501880,28,1694133
3503093,17,1697011
3504305,-5,1697011
3505517,-19,1697011
3506731,-20,1697011
3507942,-3,1697011
3509155,10,1697011
3510368,26,1697011
3511580,29,1697011
3512793,22,1697011
3514005,6,1706466
3515218,-13,1706466
3516430,-12,1706466
3517642,-11,1706466
3518855,0,1706466
3520067,16,1706466
3521280,28,1706466
3522492,31,1706466
3523705,40,1706466
3524917,39,1699786
3526129,60,1699786
3527342,12,1699786
3528554,-14,1699786
3529766,17,1718698
3538253,6,1718698
3539465,3,1718698
3540678,-29,1718698
3541891,-42,1718698
3543103,-38,1718698
3544315,-12,1718698
3545527,8,1718698
3546740,19,1718698
3547952,17,1720907
3549165,10,1720907
3550377,-4,1720907
3551591,-20,1720907
3552802,-27,1720907
3554016,-11,1720907
3555227,12,1720907
3556439,26,1720907
3557652,28,1720907
3558865,30,1723734
3560077,41,1723734
3561289,33,1723734
3562502,-3,1723734
3563714,-42,1723734
3564927,-50,1723734
3566140,-32,1723734
3567352,10,1723734
3568564,44,1723734
3569777,63,1729181
3570989,63,1729181
3572202,64,1729181
3573414,48,1729181
3574626,39,1729181
3575839,-12,1729181
3577052,-60,1729181
3578264,-86,1729181
3579476,-71,1729181
3580689,-24,1738483
3581902,29,1738483
3583114,71,1738483
3584326,79,1738483
3585539,66,1738483
3586751,12,1738483
3587964,-54,1738483
3589177,-74,1738483
3590389,-83,1738483
3591602,-31,1712634
3592814,26,1712634
3594027,70,1712634
3595239,83,1712634
3596452,49,1712634
3597664,-22,1712634
3598876,-74,1712634
3600089,-93,1712634
3601302,-58,1712634
3602515,4,1712530
3603726,58,1726098
3604939,84,1726098
3606151,60,1726098
3607364,-1,1726098
3608577,-47,1726098
3609788,-69,1726098
3611001,-41,1726098
3612213,7,1726098
3613426,55,1725970
3614638,9,1719314
3623125,28,1719314
3624337,45,1719314
3625551,70,1719314
3626763,49,1719314
3627975,25,1719314
3629187,-14,1719314
3630400,-25,1719314
3631612,-18,1719314
3632824,11,1719314
3634037,22,1719314
3635249,43,1719314
3636462,11,1719314
3637674,-9,1719314
3638888,-21,1719314
3640100,-32,1719314
3641312,-26,1719314
3642524,2,1719314
3643737,33,1719314
3644950,71,1719314
3646162,103,1745061
3647375,60,1745061
3648587,-35,1745061
3649800,-86,1745061
3651012,-130,1745061
3652225,-111,1745061
3653438,-43,1745061
3654650,34,1745061
3655862,105,1745061
3657074,117,1746243
3658287,66,1746243
3659499,2,1746243
3660712,-62,1746243
3661924,-99,1746243
3663137,-78,1746243
3664349,-18,1746243
3665561,42,1746243
3666774,88,1746243
3667986,108,1716025
3669199,72,1716025
3670411,26,1716025
3671624,-14,1716025
3672836,14,1716025
3674048,182,1716025
3675261,143,1716025
3676473,40,1716025
3677686,-139,1716025
3678898,-170,1745935
3680110,-232,1745935
3681323,-141,1745935
3682536,-4,1745935
3683748,115,1745935
3684961,169,1745935
3686173,164,1745935
3687385,109,1745935
3688597,10,1745935
3689809,-98,1726252
3691022,-138,1726252
3692235,-147,1726252
3693447,-50,1726252
3694659,64,1726252
3695872,147,1726252
3697084,167,1726252
3698297,132,1726252
3699509,49,1726252
3706784,139,1726252
3707996,165,1726252
3709209,86,1726252
3710421,-25,1726252
3711633,-105,1684779
3712846,-140,1684779
3714058,-74,1684779
3715271,21,1684779
3716483,87,1684779
3717696,138,1684779
3718909,117,1684779
3720121,43,1684779
3721333,-36,1684779
3722545,-25,1701430
3723758,-66,1701430
3724971,-63,1701430
3726183,-21,1701430
3727396,29,1701430
3728608,58,1701430
3729820,66,1701430
3731033,34,1701430
3732245,0,1701430
3733458,-27,1728770
3734670,-30,1738124
3735882,-16,1738124
3737095,24,1738124
3738308,51,1738124
3739520,76,1738124
3740732,47,1738124
3741945,51,1738124
3743158,-45,1738124
3744370,-133,1738124
3745582,-148,1744085
3746795,-63,1744085
3748007,30,1744085
3749220,87,1744085
3750432,112,1744085
3751645,46,1744085
3752858,151,1744085
3754069,6,1744085
3755282,-125,1744085
3756495,-166,1738329
3757708,-81,1738329
3758920,2,1738329
3760132,98,1738329
3761345,132,1738329
3762557,81,1738329
3763769,25,1738329
3764982,-12,1738329
3766194,26,1738329
3767406,85,1706249
3768619,40,1771785
3769832,-42,1771785
3771045,-69,1771785
3772256,-58,1771785
3773469,-44,1771785
3774682,20,1771785
3775894,144,1771785
3777106,97,1771785
3778319,-11,1822828
3779531,-127,1757292
3780744,-179,1757292
3781956,-160,1757292
3783168,-65,1757292
3791656,-115,1757292
3792869,-76,1757292
3794081,-35,1757292
3795293,47,1757292
3796505,92,1757292
3797719,119,1757292
3798930,120,1755905
3800143,107,1756101
3801356,3,1753541
3802568,-108,1753541
3803780,-134,1753541
3804993,-148,1753541
3806206,-94,1753541
3807418,12,1753541
3808631,120,1753541
3809843,145,1753541
3811055,127,1753418
3812268,18,1753418
3813480,-77,1753418
3814693,-131,1753418
3815906,-100,1753418
3817117,-34,1753418
3818330,51,1753418
3819543,118,1753418
3820755,133,1748042
3821967,84,1748042
3823180,-2,1748042
3824393,-7,1748042
3825605,-53,1748042
3826817,-59,1748042
3828030,-39,1748042
3829242,-15,1748042
3830455,18,1748042
3831667,34,1748042
3832880,33,1742235
3834092,7,1742235
3835305,4,1742235
3836518,-24,1742235
3837730,-31,1742235
3838942,-37,1742235
3840156,-8,1742235
3841367,21,1742235
3842580,40,1742235
3843792,55,1735862
3845005,45,1735862
3846218,8,1735862
3847431,-10,1735862
3848642,1,1735862
3849856,0,1735862
3851068,0,1735862
3852281,11,1735862
3853492,9,1735862
3854705,4,1728925
3855917,-3,1728925
3857130,-7,1728925
3858342,-2,1728925
3859555,1,1728925
3860767,2,1728925
3861980,8,1728925
3863193,16,1728925
3864405,16,1728925
3865617,5,1735040
3866830,-2,1735040
3868042,15,1735040
3875317,3,1735040
3876529,4,1746500
3877742,9,1746500
3878955,21,1746500
3880167,34,1746500
3881379,49,1746500
3882592,85,1746500
3883805,4,1746500
3885017,-32,1746500
3886229,-66,1746500
3887442,-28,1759913
3888654,16,1759913
3889867,50,1759913
3891080,51,1759913
3892293,10,1759913
3893504,-24,1759913
3894717,-29,1759913
3895929,22,1759913
3897142,21,1759913
3898354,40,1760273
3899567,-14,1760273
3900780,-43,1760273
3901991,-65,1760273
3903204,-61,1760273
3904416,-3,1760273
3905628,25,1760273
3906842,28,1760273
3908054,38,1760273
3909266,55,1745164
3910479,20,1745164
3911692,-11,1745164
3912904,-46,1745164
3914117,-39,1745164
3915328,-2,1745164
3916541,28,1745164
3917754,55,1745164
3918966,54,1745164
3920178,63,1749584
3921391,49,1749584
3922604,66,1749584
3923816,15,1749584
3925028,-23,1749584
3926241,-84,1749584
3927454,-84,1749584
3928666,-52,1749584
3929879,10,1749584
3931091,50,1766851
3932303,113,1770706
3933516,99,1770706
3934728,33,1770706
3935942,-32,1770706
3937153,-89,1770706
3938366,-118,1770706
3939579,-48,1770706
3940791,24,1770706
3942003,71,1770706
3943216,100,1765618
3944429,94,1765618
3945641,27,1765618
3946854,-47,1765618
3948066,-88,1765618
3949278,-101,1765618
3950491,-51,1765618
3951704,80,1765618
3960190,-21,1765618
3961403,-146,1765618
3962616,-134,1765618
3963829,-91,1769010
3965041,-60,1750714
3966253,12,1750714
3967466,75,1750714
3968678,119,1750714
3969890,85,1750714
3971104,-8,1750714
3972315,-106,1750714
3973528,-151,1750714
3974740,-97,1750714
3975953,33,1750714
3977165,201,1750714
3978378,203,1750714
3979590,11,1750714
3980803,-175,1750714
3982016,-271,1750714
3983227,-137,1750714
3984441,46,1750714
3985652,176,1750714
3986865,188,1750736
3988078,150,1756624
3989290,82,1756624
3990502,-4,1756624
3991715,-115,1756624
3992927,-221,1756624
3994140,-206,1756624
3995352,-45,1756624
3996565,112,1756624
3997777,176,1756661
3998990,149,1780213
4000203,124,1780213
4001415,148,1780213
4002627,42,1780213
4003839,-66,1780213
4005053,-197,1780213
4006265,-205,1780213
4007477,-81,1780213
4008689,77,1780213
4009902,135,1780213
4011114,116,1780213
4012327,93,1780213
4013539,69,1780213
4014752,3,1780213
4015965,-60,1780213
4017177,-127,1780213
4018389,-124,1774200
4019602,-50,1774200
4020814,33,1774200
4022027,96,1774200
4023240,159,1774200
4024452,120,1774200
4025664,20,1774200
4026877,-64,1774200
4028089,-135,1774200
4029302,-137,1774200
4030514,-76,1763305
4031726,16,1763305
4032939,83,1763305
4034151,125,1763305
4035364,185,1763305
4036576,-141,1763305
4043851,10,1763305
4045063,124,1763305
4046276,203,1763305
4047488,255,1763305
4048701,138,1763305
4049914,-93,1763305
4051126,-213,1763305
4052338,-268,1753233
4053551,-202,1753233
4054763,18,1753233
4055975,141,1753233
4057188,191,1753233
4058401,205,1753233
4059613,109,1753233
4060825,-31,1753233
4062038,-142,1753233
4063250,-177,1739049
4064463,-118,1739049
4065676,26,1739049
4066888,115,1739049
4068101,135,1739049
4069313,134,1739049
4070526,64,1739049
4071738,-41,1739049
4072951,-86,1739049
4074162,-110,1751691
4075375,-53,1751691
4076587,47,1751691
4077800,78,1751691
4079012,77,1751691
4080225,57,1751691
4081438,32,1751691
4082649,-12,1751691
4083862,-22,1751691
4085074,-38,1775948
4086287,-22,1775948
4087499,12,1775948
4088712,47,1775948
4089924,74,1775948
4091137,79,1775948
4092349,76,1775948
4093562,62,1775948
4094774,39,1775948
4095987,5,1786071
4097199,-79,1786071
4098412,-125,1786071
4099623,-119,1786071
4100835,-60,1786071
4102048,7,1786071
4103261,121,1786071
4104474,158,1786071
4105685,177,1786071
4106898,36,1784787
4108110,-89,1784787
4109322,-184,1784787
4110536,-206,1784787
4111748,-148,1784787
4112960,-14,1784787
4114173,114,1784787
4115385,169,1784787
4116598,183,1784787
4117810,283,1773224
4119023,93,1771631
4120235,229,1771631
4128721,189,1771631
4129934,53,1758269
4131146,-28,1758269
4132360,50,1758269
4133572,80,1758269
4134784,7,1758269
4135996,-56,1758269
4137209,-102,1758269
4138421,-141,1758269
4139634,-99,1758269
4140846,-10,1746101
4142058,95,1680565
4143271,161,1680565
4144483,156,1680565
4145695,63,1680565
4146908,-67,1680565
4148121,-185,1680565
4149333,-194,1680565
4150545,-113,1680565
4151757,5,1692848
4152970,107,1692848
4154183,141,1692848
4155395,116,1692848
4156608,43,1692848
4157820,-28,1692848
4159033,-98,1692848
4160244,-99,1692848
4161457,-40,1692848
4162669,24,1672742
4163882,71,1738278
4165095,92,1738278
4166307,73,1738278
4167519,111,1738278
4168731,14,1738278
4169944,-69,1738278
4171156,-136,1738278
4172369,-135,1738278
4173581,-30,1738400
4174793,82,1743520
4176006,108,1743520
4177218,81,1743520
4178431,54,1743520
4179643,-3,1743520
4180855,-51,1743520
4182067,-89,1743520
4183280,-85,1743520
4184492,-26,1743500
4185704,32,1751948
4186917,75,1751948
4188129,62,1751948
4189342,27,1751948
4190555,8,1751948
4191766,-23,1751948
4192979,-23,1751948
4194192,-17,1751948
4195403,-2,1751948
4196616,3,1751948
4197828,22,1751948
4199041,29,1751948
4200253,14,1751948
4201465,6,1751948
4202678,1,1751948
4203890,3,1751948
4205102,1,1751948
4212377,7,1751948
4213590,18,1751948
4214802,19,1751948
4216014,22,1751948
4217227,19,1775742
4218439,8,1775742
4219651,-11,1775742
4220864,-18,1775742
4222077,-17,1775742
4223289,-7,1775742
4224501,15,1775742
4225714,25,1775742
4226926,48,1775742
4228138,62,1784838
4229351,57,1784838
4230563,15,1784838
4231776,2,1784838
4232989,-63,1784838
4234202,-80,1784838
4235413,-60,1784838
4236626,-13,1784838
4237838,27,1784838
4239050,67,1784376
4240263,183,1784376
4241476,163,1784376
4242688,86,1784376
4243900,-132,1784376
4245113,-159,1784376
4246326,-249,1784376
4247537,-78,1784376
4248750,96,1784376
4249962,131,1788487
4251175,125,1788487
4252388,26,1788487
4253600,-38,1788487
4254812,-73,1788487
4256025,-24,1788487
4257237,2,1788487
4258449,16,1788487
4259662,28,1788487
4260874,31,1760736
4262088,13,1760736
4263299,11,1760736
4264512,18,1760736
4265724,24,1760736
4266937,35,1760736
4268149,17,1760736
4269362,-19,1760736
4270574,-22,1760736
4271786,-7,1780984
4272998,6,1780984
4274211,15,1780984
4275424,9,1780984
4276636,-4,1780984
4277849,-3,1780984
4279061,12,1780984
4280273,18,1780984
4281485,17,1780984
4282698,6,1770346
4283910,-4,1770346
4285123,-1,1770346
4286336,4,1770346
4287548,8,1770346
4288760,7,1770346
4297248,8,1770346
4298459,9,1770346
4299672,2,1770346
4300885,6,1770346
4302097,9,1770346
4303309,10,1770346
4304521,8,1766235
4305734,5,1769472
4306946,2,1769472
4308158,1,1769472
4309372,5,1769472
4310584,3,1769472
4311795,6,1769472
4313008,-1,1769472
4314220,4,1769472
4315433,2,1769472
4316645,6,1774714
4317857,5,1774714
4319070,4,1774714
4320282,4,1774714
4321495,4,1774714
4322708,6,1774714
4323920,5,1774714
4325131,4,1774714
4326344,3,1774714
4327556,7,1831565
4328768,3,1766029
4329981,4,1766029
4331194,3,1766029
4332406,1,1766029
4333618,5,1766029
4334831,2,1766029
4336043,3,1766029
4337255,5,1766029
4338467,5,1705735
4339680,6,1771271
4340892,6,1771271
4342105,2,1771271
4343317,1,1771271
4344530,4,1771271
4345742,6,1771271
4346954,5,1771271
4348166,4,1771271
4349378,4,1825193
4350591,3,1759657
4351803,3,1759657
4353015,5,1759657
4354228,4,1759657
4355441,6,1759657
4356653,4,1759657
4357865,4,1759657
4359078,2,1759657
4360290,7,1759554
4361502,4,1773378
4362715,5,1773378
4363928,4,1773378
4365141,4,1773378
4366352,5,1773378
4367565,5,1773378
4368777,4,1773378
4369990,5,1773378
4371203,4,1773328
4372414,4,1760016
4373627,6,1760016
4382113,-5,1760016
4383326,4,1760016
4384539,6,1760016
4385751,9,1760016
4386964,6,1760016
4388176,9,1760016
4389389,6,1760016
4390600,9,1760016
4391813,9,1768650
4393026,7,1768650
4394238,4,1768650
4395450,9,1768650
4396663,10,1768650
4397875,6,1768650
4399088,7,1768650
4400300,5,1768650
4401513,4,1768650
4402726,9,1768650
4403938,10,1761404
4405150,4,1761404
4406362,4,1761404
4407575,8,1761404
4408788,5,1761404
4410000,6,1761404
4411213,8,1761404
4412424,9,1761404
4413637,5,1761404
4414849,6,1768239
4416062,6,1768239
4417274,7,1768239
4418487,7,1768239
4419699,6,1768239
4420912,7,1768239
4422125,6,1768239
4423337,7,1768239
4424549,4,1768239
4425761,5,1761198
4426974,3,1761198
4428186,5,1761198
4429399,4,1761198
4430612,9,1761198
4431824,3,1761198
4433037,6,1761198
4434249,5,1761198
4435462,7,1761198
4436674,4,1768033
4437886,5,1768033
4439098,7,1768033
4440310,7,1768033
4441523,5,1768033
4442736,4,1768033
4443948,7,1768033
4445160,7,1768033
4446373,5,1768033
4447585,8,1755186
4448797,4,1755186
4450010,3,1755186
4451222,6,1755186
4452435,6,1755186
4453647,9,1755186
4454860,8,1755186
4456072,6,1755186
4457285,6,1755186
4458497,6,1755186
4465772,4,1755186
4466984,8,1755186
4468197,9,1755186
4469410,5,1753849
4470622,5,1753849
4471834,6,1753849
4473047,6,1753849
4474260,8,1753849
4475472,9,1753849
4476684,8,1753849
4477897,9,1753849
4479109,10,1753849
4480322,9,1754980
4481534,4,1754980
4482747,11,1754980
4483959,6,1754980
4485171,5,1754980
4486383,4,1754980
4487596,3,1754980
4488809,6,1754980
4490021,8,1754980
4491233,10,1752307
4492446,9,1753695
4493658,4,1753695
4494871,6,1753695
4496083,6,1753695
4497295,5,1753695
4498508,2,1753695
4499720,5,1753695
4500933,3,1753695
4502145,2,1753695
4503357,4,1738792
4504570,4,1738792
4505782,2,1738792
4506995,5,1738792
4508207,4,1738792
4509420,4,1738792
4510632,5,1738792
4511845,4,1738792
4513057,6,1738792
4514269,3,1722809
4515482,3,1722809
4516694,2,1722809
4517907,4,1722809
4519119,2,1722809
4520332,4,1722809
4521544,5,1722809
4522757,7,1722809
4523969,4,1722809
4525181,2,1749493
4526394,5,1683957
4527607,4,1683957
4528820,4,1683957
4530031,2,1683957
4531244,6,1683957
4532456,3,1683957
4533669,3,1683957
4534881,3,1683957
4536094,4,1673216
4537306,6,1673216
4538518,4,1673216
4539731,5,1673216
4540944,4,1673216
4542155,11,1673216
4550642,4,1673216
4551855,5,1673216
4553067,7,1673216
4554279,9,1673216
4555492,5,1673216
4556704,6,1618433
4557917,4,1618439
4559129,2,1606151
4560342,4,1606151
4561554,5,1606151
4562766,4,1606151
4563979,5,1606151
4565191,5,1606151
4566404,4,1606151
4567617,4,1606151
4568828,0,1606151
4570041,7,1606151
4571253,6,1606151
4572465,8,1606151
4573678,7,1606151
4574891,7,1606151
4576103,5,1606151
4577316,9,1606151
4578528,7,1618125
4579740,4,1618125
4580952,5,1618125
4582165,7,1618125
4583377,7,1618125
4584590,8,1618125
4585802,6,1618125
4587015,5,1618125
4588228,4,1618125
4589440,7,1618125
4590652,5,1620386
4591865,3,1620386
4593077,7,1620386
4594290,6,1620386
4595502,5,1620386
4596714,5,1620386
4597926,7,1620386
4599140,6,1620386
4600351,8,1620386
4601564,7,1599676
4602776,4,1599676
4603989,8,1599676
4605201,10,1599676
4606414,6,1599676
4607626,8,1599676
4608838,10,1599676
4610051,8,1599676
4611264,5,1599676
4612476,3,1595719
4613688,5,1595719
4614901,5,1595719
4616113,6,1595719
4617326,7,1595719
4618538,7,1595719
4619751,10,1595719
4620963,7,1595719
4622175,7,1595719
4623387,5,1582459
4624600,2,1582459
4625812,5,1582459
4627025,6,1593611
4634299,6,1593698
4635513,15,1589346
4636724,7,1589346
4637936,3,1589346
4639149,4,1589346
4640361,3,1589346
4641574,4,1589346
4642786,5,1589346
4643999,5,1589346
4645211,4,1589346
4646424,5,1589346
4647636,6,1589346
4648849,4,1589346
4650061,7,1589346
4651274,5,1589346
4652486,6,1589346
4653698,7,1589346
4654911,6,1589346
4656124,6,1588883
4657337,5,1588883
4658548,7,1588883
4659761,9,1588883
4660973,10,1588883
4662186,8,1588883
4663398,7,1588883
4664611,6,1588883
4665823,7,1588883
4667036,7,1588781
4668248,8,1588781
4669461,6,1588781
4670673,8,1588781
4671886,7,1588781
4673098,6,1588781
4674310,7,1588781
4675524,4,1588781
4676736,3,1588781
4677948,8,1589911
4679161,5,1586520
4680373,5,1586520
4681586,4,1586520
4682799,6,1586520
4684010,5,1586520
4685223,7,1586520
4686435,4,1586520
4687647,3,1586520
4688860,4,1586520
4690073,4,1587856
4691285,3,1587856
4692497,4,1587856
4693710,4,1587856
4694922,4,1587856
4696135,3,1587856
4697347,5,1587856
4698561,5,1587856
4699772,5,1587856
4700985,5,1587856
4702198,3,1587856
4703410,4,1587856
4704622,3,1587856
4705835,4,1587856
4707048,4,1587856
4708259,4,1587856
4709472,2,1587856
4710684,9,1587856
4719172,5,1587856
4720385,8,1587856
4721596,7,1586057
4722809,4,1586982
4724021,5,1586982
4725234,5,1586982
4726446,6,1586982
4727659,5,1586982
4728871,4,1586982
4730084,5,1586982
4731296,4,1586982
4732509,2,1586982
4733721,3,1587192
4734934,4,1588472
4736146,5,1588472
4737358,6,1588472
4738571,6,1588472
4739784,4,1588472
4740997,5,1588472
4742209,3,1588472
4743421,5,1588472
4744633,5,1588326
4745846,4,1590374
4747058,6,1590374
4748271,3,1590374
4749483,3,1590374
4750697,4,1590374
4751908,5,1590374
4753121,4,1590374
4754334,6,1590374
4755546,5,1590374
4756758,5,1590374
4757971,3,1590374
4759184,4,1590374
4760397,6,1590374
4761609,5,1590374
4762821,7,1590374
4764033,5,1590374
4765246,7,1589963
4766459,4,1589963
4767671,3,1589963
4768883,6,1589963
4770096,7,1589963
4771309,6,1589963
4772522,5,1589963
4773734,4,1589963
4774947,8,1589963
4776158,5,1589963
4777371,8,1588524
4778584,5,1588524
4779795,8,1588524
4781008,6,1588524
4782221,6,1588524
4783434,6,1588524
4784646,10,1588524
4785858,8,1588524
4787071,6,1588524
4788284,6,1588267
4789496,3,1588267
4790708,7,1588267
4791921,5,1588267
4793133,4,1588267
4794345,4,1588267
4795558,5,1588267
4802833,6,1588267
4804045,7,1588267
4805258,8,1588267
4806470,11,1588267
4807683,6,1588267
4808896,5,1588267
4810108,6,1588472
4811320,6,1588472
4812533,6,1588472
4813745,9,1588472
4814957,8,1588472
4816170,7,1588472
4817382,4,1588472
4818595,5,1588472
4819807,3,1588472
4821020,4,1585954
4822232,6,1585954
4823445,10,1585954
4824657,6,1585954
4825870,5,1585954
4827083,3,1585954
4828294,6,1585954
4829507,7,1585954
4830719,7,1585954
4831932,6,1589449
4833144,6,1589449
4834357,4,1589449
4835569,4,1589449
4836782,6,1589449
4837994,7,1589449
4839207,7,1589449
4840420,3,1589449
4841632,7,1589449
4842844,6,1584207
4844057,8,1584207
4845269,6,1584207
4846481,6,1584207
4847694,5,1584207
4848907,6,1584207
4850119,10,1584207
4851332,8,1584207
4852544,8,1584207
4853756,10,1590066
4854968,4,1590066
4856181,5,1590066
4857393,8,1590066
4858606,6,1590066
4859818,7,1590066
4861030,8,1590066
4862244,6,1590066
4863455,5,1590066
4864668,5,1586828
4865881,4,1588318
4867093,3,1588318
4868306,1,1588318
4869518,2,1588318
4870730,4,1588318
4871942,5,1588318
4873155,5,1588318
4874368,3,1588318
4875580,5,1588318
4876792,3,1588318
4878005,3,1588318
4879217,7,1588318
4887704,14,1587701
4888916,-2,1587701
4890129,4,1587701
4891341,4,1587701
4892553,8,1587701
4893766,4,1587701
4894978,5,1587701
4896192,2,1587701
4897403,3,1587701
4898616,2,1589706
4899828,4,1589706
4901041,6,1589706
4902253,7,1589706
4903466,2,1589706
4904678,5,1589706
4905891,2,1589706
4907102,3,1589706
4908315,4,1589706
4909527,3,1583744
4910740,2,1583744
4911953,4,1583744
4913165,3,1583744
4914377,5,1583744
4915590,5,1583744
4916802,4,1583744
4918014,4,1583744
4919227,3,1583744
4920439,4,1583710
4921651,5,1588318
4922864,3,1588318
4924077,4,1588318
4925288,5,1588318
4926501,4,1588318
4927714,5,1588318
4928926,4,1588318
4930138,3,1588318
4931351,1,1588304
4932563,5,1584464
4933775,4,1584464
4934988,3,1584464
4936200,5,1584464
4937413,3,1584464
4938626,4,1584464
4939838,4,1584464
4941050,7,1584464
4942262,4,1584464
4943475,6,1584464
4944687,7,1584464
4945900,5,1584464
4947113,4,1584464
4948325,6,1584464
4949537,9,1584464
4950750,9,1584464
4951962,8,1589963
4953175,4,1589963
4954387,4,1589963
4955600,4,1589963
4956812,6,1589963
4958025,5,1589963
4959237,5,1589963
4960449,10,1589963
4961661,7,1589963
4962874,8,1589963
4964086,9,1589963
4971361,5,1589963
4972574,5,1589963
4973786,6,1589963
4974998,9,1589706
4976211,4,1589706
4977423,6,1589706
4978636,8,1589706
4979847,9,1589706
4981061,6,1589706
4982273,9,1589706
4983484,6,1589706
4984697,8,1589706
4985910,6,1584618
4987122,3,1584618
4988334,7,1584618
4989547,6,1584618
4990759,8,1584618
4991971,5,1584618
4993183,7,1584618
4994397,8,1584618
4995608,7,1584618
4996821,6,1583230
4998033,4,1583230
4999245,5,1583230
5000458,5,1583230
5001670,7,1583230
5002882,4,1583230
5004095,5,1583230
5005307,2,1583230
5006520,8,1583230
5007733,8,1586057
5008945,4,1586057
5010157,8,1586057
5011370,7,1586057
5012582,6,1586057
5013795,3,1586057
5015006,7,1586057
5016219,8,1586057
5017431,7,1586057
5018643,7,1583076
5019856,3,1583076
5021069,8,1583076
5022281,7,1583076
5023493,4,1583076
5024706,9,1583076
5025918,6,1583076
5027131,5,1583076
5028343,4,1583076
5029555,7,1580455
5030767,4,1580455
5031981,9,1580455
5033193,5,1580455
5034405,6,1580455
5035618,7,1580455
5036830,8,1580455
5038042,7,1580455
5039254,7,1580455
5040467,5,1583076
5041679,4,1583076
5042892,7,1583076
5044104,5,1583076
5045316,9,1583076
5046529,3,1583076
5047741,3,1583076
5056228,7,1583076
5057440,6,1583076
5058653,8,1583076
5059865,6,1583076
5061078,6,1583076
5062290,7,1582768
5063502,2,1582254
5064714,5,1582254
5065927,5,1582254
5067140,3,1582254
5068352,4,1582254
5069565,5,1582254
5070777,4,1582254
5071989,3,1582254
5073202,5,1582254
5074414,7,1582511
5075627,6,1582511
5076839,5,1582511
5078051,6,1582511
5079263,4,1582511
5080476,4,1582511
5081688,3,1582511
5082901,3,1582511
5084113,2,1582511
5085325,3,1590117
5086539,4,1590117
5087750,8,1590117
5088963,3,1590117
5090176,4,1590117
5091387,3,1590117
5092600,3,1590117
5093812,4,1590117
5095025,4,1590117
5096237,3,1580044
5097450,7,1580044
5098662,5,1580044
5099874,4,1580044
5101088,4,1580044
5102299,7,1580044
5103512,3,1580044
5104724,4,1580044
5105937,3,1580044
5107149,3,1580036
5108361,5,1591556
5109573,4,1591556
5110786,3,1591556
5111998,4,1591556
5113211,4,1591556
5114423,5,1591556
5115636,6,1591556
5116849,4,1591556
5118061,4,1591663
5119273,5,1579119
5120485,2,1579119
5121698,4,1579119
5122910,4,1579119
5124122,5,1579119
5125335,4,1579119
5126547,6,1579119
5127760,6,1579119
5128972,4,1579119
5130184,5,1579119
5131397,7,1579119
5132609,4,1586571
5141096,-1,1586571
5142309,6,1586571
5143521,8,1586571
5144733,7,1586571
5145946,8,1586571
5147158,4,1586571
5148370,5,1586571
5149583,4,1586571
5150795,5,1581072
5152008,6,1581072
5153221,6,1581072
5154433,5,1581072
5155645,6,1581072
5156857,7,1581072
5158070,6,1581072
5159282,7,1581072
5160495,6,1581072
5161708,6,1587599
5162919,4,1587599
5164132,5,1587599
5165345,4,1587599
5166557,8,1587599
5167769,5,1587599
5168982,5,1587599
5170194,9,1587599
5171407,7,1587599
5172620,11,1578040
5173831,3,1578040
5175044,5,1578040
5176257,7,1578040
5177469,4,1578040
5178681,8,1578040
5179894,7,1578040
5181107,6,1578040
5182318,6,1578040
5183531,6,1583693
5184743,4,1583693
5185956,6,1583693
5187169,7,1583693
5188381,7,1583693
5189593,9,1583693
5190806,3,1583693
5192018,6,1583693
5193230,4,1583693
5194444,10,1580712
5195655,4,1580712
5196869,4,1580712
5198081,7,1580712
5199293,9,1580712
5200506,6,1580712
5201718,6,1580712
5202930,6,1580712
5204142,5,1580712
5205355,5,1583230
5206568,3,1583230
5207780,4,1583230
5208992,5,1583230
5210205,8,1583230
5211417,8,1583230
5212629,7,1583230
5213842,6,1583230
5215054,8,1583230
5216266,8,1579325
5217479,12,1579325
5225965,6,1579325
5227178,5,1580558
5228391,3,1580558
5229603,5,1580558
5230815,4,1580558
5232027,8,1580558
5233241,4,1580558
5234452,9,1580558
5235665,6,1580558
5236877,7,1580558
5238090,8,1582973
5239302,4,1579684
5240514,3,1579684
5241727,3,1579684
5242939,4,1579684
5244152,5,1579684
5245364,3,1579684
5246577,3,1579684
5247789,4,1579684
5249001,4,1579684
5250214,3,1587188
5251427,5,1587188
5252638,7,1587188
5253851,4,1587188
5255064,4,1587188
5256275,5,1587188
5257488,2,1587188
5258700,5,1587188
5259915,3,1587188
5261125,4,1578246
5262337,4,1578246
5263550,6,1578246
5264762,6,1578246
5265974,4,1578246
5267187,4,1578246
5268399,5,1578246
5269612,4,1578246
5270824,1,1578246
5272037,5,1586006
5273249,9,1586006
5274461,5,1586006
5275673,3,1586006
5276886,3,1586006
5278098,3,1586006
5279310,3,1586006
5280524,3,1586006
5281735,5,1586006
5282947,4,1577423
5284160,3,1577423
5285372,3,1577423
5286585,3,1577423
5287798,4,1577423
5289010,4,1577423
5290222,4,1577423
5291435,3,1577423
5292647,0,1577423
5293860,4,1577331
5295072,3,1580147
5296284,4,1580147
5297497,3,1580147
5298709,4,1580147
5299922,5,1580147
5301135,4,1580147
5302346,8,1580147
5310833,7,1580147
5312045,5,1580147
5313258,6,1580147
5314470,5,1577989
5315682,5,1577989
5316895,3,1577989
5318108,9,1577989
5319319,9,1577989
5320532,7,1577989
5321745,9,1577989
5322957,4,1577989
5324169,8,1577989
5325382,8,1575984
5326594,4,1575984
5327806,5,1575984
5329019,6,1575984
5330231,7,1575984
5331444,10,1575984
5332656,8,1575984
5333869,5,1575984
5335081,4,1575984
5336294,7,1575984
5337505,5,1578605
5338718,4,1578605
5339931,6,1578605
5341143,8,1578605
5342355,5,1578605
5343568,5,1578605
5344781,7,1578605
5345993,10,1578605
5347205,8,1578605
5348418,7,1579633
5349631,4,1579633
5350843,8,1579633
5352055,7,1579633
5353268,9,1579633
5354480,7,1579633
5355693,5,1579633
5356906,6,1579633
5358118,7,1579633
5359330,6,1576395
5360542,6,1576395
5361756,11,1576395
5362967,3,1576395
5364180,7,1576395
5365392,5,1576395
5366604,6,1576395
5367817,3,1576395
5369029,5,1576395
5370242,6,1583230
5371454,4,1583230
5372667,5,1583230
5373879,4,1583230
5375091,8,1583230
5376304,4,1583230
5377516,6,1583230
5378729,6,1583230
5379941,5,1583230
5381154,8,1576755
5382366,4,1576755
5383579,7,1576755
5384791,4,1576755
5386003,7,1576755
5387215,4,1576755
5394490,4,1576755
5395703,4,1576755
5396916,8,1576755
5398128,5,1576755
5399341,7,1576755
5400553,6,1576755
5401765,7,1576755
5402978,8,1579993
5404190,6,1579993
5405403,5,1579993
5406616,5,1579993
5407829,4,1579993
5409041,8,1579993
5410253,8,1579993
5411465,6,1579993
5412678,5,1579993
5413891,7,1577783
5415103,3,1577783
5416315,8,1577783
5417528,9,1577783
5418740,4,1577783
5419953,5,1577783
5421166,8,1577783
5422378,8,1577783
5423591,9,1577783
5424803,6,1576139
5426016,4,1581278
5427228,3,1581278
5428441,4,1581278
5429653,3,1581278
5430866,4,1581278
5432078,3,1581278
5433291,4,1581278
5434503,3,1581278
5435715,4,1581278
5436929,5,1576909
5438141,5,1576909
5439353,4,1576909
5440566,4,1576909
5441778,4,1576909
5442990,5,1576909
5444203,5,1576909
5445415,4,1576909
5446628,5,1576909
5447840,2,1579941
5449053,5,1579941
5450264,3,1579941
5451477,2,1579941
5452689,4,1579941
5453902,6,1579941
5455115,2,1579941
5456326,3,1579941
5457539,3,1579941
5458751,8,1576652
5459963,4,1576652
5461176,5,1576652
5462389,4,1576652
5463601,3,1576652
5464813,4,1576652
5466026,4,1576652
5467238,3,1576652
5468451,7,1576652
5469662,4,1575933
5470875,5,1575933
5478191,5,1575933
5479361,11,1575933
5480576,14,1575984
5481786,1,1575984
5482998,4,1575984
5484211,7,1575984
5485423,2,1575984
5486635,4,1575984
5487848,5,1575984
5489060,5,1575984
5490273,3,1575984
5491485,2,1576137
5492698,-1,1575881
5493910,5,1575881
5495122,4,1575881
5496334,3,1575881
5497547,7,1575881
5498759,5,1575881
5499972,3,1575881
5501184,4,1575881
5502396,5,1575881
5503609,3,1575881
5504821,4,1575881
5506034,6,1575881
5507246,6,1575881
5508458,7,1575881
5509670,9,1575881
5510884,8,1575881
5512096,7,1575933
5513308,3,1575933
5514520,4,1575933
5515733,7,1575933
5516945,8,1575933
5518157,6,1575933
5519369,5,1575933
5520581,8,1575933
5521794,6,1575933
5523006,7,1575933
5524220,4,1574905
5525432,5,1574905
5526644,4,1574905
5527856,6,1574905
5529069,8,1574905
5530281,7,1574905
5531493,7,1574905
5532706,7,1574905
5533918,6,1574905
5535130,6,1579273
5536343,5,1579273
5537556,6,1579273
5538768,5,1579273
5539980,8,1579273
5541193,7,1579273
5542405,7,1579273
5543617,7,1579273
5544830,4,1579273
5546042,7,1576241
5547255,7,1576241
5548468,6,1576241
5549679,7,1576241
5550893,8,1576241
5552105,6,1576241
5553317,6,1576241
5554529,6,1576241
5561803,3,1576241
5563016,7,1576241
5564229,6,1576241
5565441,5,1576241
5566653,4,1576241
5567866,7,1575676
5569078,4,1575676
5570291,5,1575676
5571503,6,1575676
5572716,7,1575676
5573928,7,1575676
5575141,8,1575676
5576353,7,1575676
5577565,7,1575676
5578778,6,1577732
5579990,4,1577732
5581202,5,1577732
5582415,6,1577732
5583628,9,1577732
5584840,8,1577732
5586053,7,1577732
5587265,7,1577732
5588478,7,1577732
5589690,8,1573363
5590902,5,1573363
5592114,6,1573363
5593327,8,1573363
5594540,7,1573363
5595752,12,1573363
5596965,5,1573363
5598177,5,1573363
5599389,7,1573363
5600602,7,1576704
5601814,5,1576704
5603028,8,1576704
5604240,8,1576704
5605452,10,1576704
5606664,8,1576704
5607877,5,1576704
5609089,3,1576704
5610301,8,1576704
5611513,8,1575676
5612726,5,1580661
5613938,6,1580661
5615150,0,1580661
5616363,3,1580661
5617576,5,1580661
5618788,3,1580661
5620001,1,1580661
5621213,3,1580661
5622425,4,1580661
5623638,5,1573055
5624850,4,1573055
5626062,4,1573055
5627275,5,1573055
5628487,0,1573055
5629700,4,1573055
5630912,4,1573055
5632125,5,1573055
5633337,5,1573055
5634550,6,1575984
5635761,2,1575984
5636974,5,1575984
5638186,6,1575984
5646674,6,1575984
5647886,10,1575984
5649098,6,1575984
5650311,6,1575984
5651524,7,1575984
5652736,3,1575984
5653949,7,1575984
5655160,8,1576652
5656373,4,1576549
5657586,4,1576549
5658799,4,1576549
5660010,3,1576549
5661222,4,1576549
5662435,4,1576549
5663647,2,1576549
5664860,4,1576549
5666073,4,1576549
5667285,5,1576451
5668497,3,1577475
5669710,4,1577475
5670922,5,1577475
5672134,6,1577475
5673347,4,1577475
5674559,5,1577475
5675772,6,1577475
5676984,5,1577475
5678196,4,1577673
5679409,5,1575625
5680622,4,1575625
5681834,4,1575625
5683046,5,1575625
5684259,3,1575625
5685472,2,1575625
5686683,5,1575625
5687896,3,1575625
5689109,3,1575625
5690321,4,1575625
5691533,7,1575625
5692746,9,1575625
5693958,6,1575625
5695170,6,1575625
5696384,9,1575625
5697596,6,1575625
5698808,6,1578451
5700021,5,1578451
5701233,4,1578451
5702445,9,1578451
5703658,8,1578451
5704870,7,1578451
5706083,6,1578451
5707296,7,1578451
5708508,6,1578451
5709721,5,1578451
5710933,6,1569201
5712145,3,1569201
5713358,6,1569201
5714571,8,1569201
5715783,6,1569201
5716996,7,1569201
5718208,8,1569201
5719420,7,1569201
5720632,6,1569201
5721845,5,1573569
5723058,3,1573569
5730332,2,1573569
5731545,6,1573569
5732757,11,1575059
5733970,4,1575059
5735182,7,1575059
5736396,5,1575059
5737608,7,1575059
5738820,6,1575059
5740032,6,1575059
5741245,6,1575059
5742457,7,1575059
5743670,6,1575419
5744882,5,1575419
5746094,8,1575419
5747307,10,1575419
5748520,8,1575419
5749732,8,1575419
5750945,5,1575419
5752156,6,1575419
5753369,8,1575419
5754581,6,1576549
5755794,4,1576549
5757006,3,1576549
5758218,7,1576549
5759431,8,1576549
5760643,8,1576549
5761855,8,1576549
5763068,7,1576549
5764281,6,1576549
5765493,5,1574854
5766705,3,1574854
5767917,5,1574854
5769130,7,1574854
5770342,4,1574854
5771555,8,1574854
5772768,4,1574854
5773980,9,1574854
5775192,6,1574854
5776405,8,1575727
5777617,5,1575727
5778829,4,1575727
5780042,4,1575727
5781254,6,1575727
5782467,5,1575727
5783679,7,1575727
5784892,5,1575727
5786104,6,1575727
5787317,5,1575676
5788529,4,1575676
5789742,5,1575676
5790954,4,1575676
5792166,8,1575676
5793378,6,1575676
5794591,6,1575676
5795803,7,1575676
5797016,8,1575676
5798229,5,1574340
5799441,6,1583025
5800653,3,1583025
5801865,3,1583025
5803078,3,1583025
5804291,4,1583025
5805503,4,1583025
5806716,6,1583025
5815202,6,1583025
5816416,7,1583025
5817628,4,1583025
5818840,8,1583025
5820052,7,1577937
5821264,4,1575573
5822477,0,1575573
5823689,3,1575573
5824902,4,1575573
5826114,2,1575573
5827327,6,1575573
5828539,3,1575573
5829751,4,1575573
5830964,1,1575573
5832177,5,1577578
5833388,4,1577578
5834602,4,1577578
5835813,5,1577578
5837026,4,1577578
5838238,4,1577578
5839451,6,1577578
5840663,4,1577578
5841875,6,1577578
5843088,4,1574854
5844300,6,1574854
5845513,5,1574854
5846725,4,1574854
5847938,4,1574854
5849150,2,1574854
5850364,5,1574854
5851576,6,1574854
5852788,3,1574854
5854000,5,1574726
5855213,5,1581894
5856426,6,1581894
5857638,3,1581894
5858850,3,1581894
5860062,4,1581894
5861275,5,1581894
5862488,3,1581894
5863701,4,1581894
5864914,4,1582064
5866125,2,1572592
5867338,3,1572592
5868551,5,1572592
5869762,6,1572592
5870975,4,1572592
5872188,3,1572592
5873400,2,1572592
5874612,5,1572592
5875825,4,1572592
5877038,5,1572592
5878250,5,1572592
5879463,2,1572592
5880675,9,1572592
5881888,5,1572592
5883099,5,1572592
5884312,7,1572592
5885525,5,1580044
5886737,5,1580044
5887950,6,1580044
5889162,5,1580044
5890374,9,1580044
5891587,8,1571883
5898861,16,1574443
5900073,5,1574443
5901286,-3,1574443
5902498,3,1574443
5903711,4,1574443
5904923,5,1574443
5906136,5,1574443
5907348,3,1574443
5908561,4,1574443
5909773,4,1574443
5910985,4,1574443
5912198,6,1574443
5913410,7,1574443
5914623,6,1574443
5915835,8,1574443
5917047,7,1574443
5918260,8,1574443
5919472,4,1575470
5920684,4,1575470
5921897,6,1575470
5923109,5,1575470
5924322,7,1575470
5925534,8,1575470
5926747,10,1575470
5927959,7,1575470
5929171,6,1575470
5930384,4,1576139
5931596,2,1576139
5932809,7,1576139
5934021,7,1576139
5935233,8,1576139
5936446,7,1576139
5937658,8,1576139
5938870,7,1576139
5940083,8,1576139
5941296,7,1576241
5942507,5,1576241
5943721,8,1576241
5944933,4,1576241
5946145,7,1576241
5947357,7,1576241
5948570,7,1576241
5949783,5,1576241
5950994,8,1576241
5952207,6,1577783
5953419,3,1577783
5954632,3,1577783
5955844,8,1577783
5957057,9,1577783
5958269,5,1577783
5959481,6,1577783
5960694,7,1577783
5961907,6,1577783
5963118,10,1575522
5964331,5,1575522
5965544,5,1575522
5966756,7,1575522
5967969,7,1575522
5969181,6,1575522
5970393,5,1575522
5971605,10,1575522
5972818,7,1575522
5974030,5,1579993
5975243,4,1579993
5983730,10,1579993
5984942,7,1576549
5986155,7,1574031
5987367,3,1574031
5988580,4,1574031
5989792,3,1574031
5991005,5,1574031
5992217,4,1574031
5993430,4,1574031
5994642,4,1574031
5995855,3,1574031
5997067,6,1576395
5998279,4,1576395
5999491,4,1576395
6000704,1,1576395
6001916,3,1576395
6003129,4,1576395
6004341,7,1576395
6005554,7,1576395
6006766,4,1576395
6007978,3,1574443
6009191,4,1574443
6010403,3,1574443
6011615,5,1574443
6012828,4,1574443
6014040,4,1574443
6015252,6,1574443
6016465,3,1574443
6017677,-1,1574443
6018890,4,1576807
6020102,6,1576807
6021314,4,1576807
6022526,5,1576807
6023739,3,1576807
6024952,4,1576807
6026164,4,1576807
6027376,5,1576807
6028589,3,1576807
6029800,3,1573055
6031013,7,1573055
6032226,4,1573055
6033438,4,1573055
6034650,5,1573055
6035863,5,1573055
6037074,3,1573055
6038287,3,1573055
6039499,2,1573055
6040711,7,1572965
6041924,5,1576549
6043137,3,1576549
6044349,1,1576549
6045561,3,1576549
6046773,3,1576549
6047986,5,1576549
6049198,2,1576549
6050410,4,1576549
6051623,4,1576640
6052835,4,1573312
6054048,5,1573312
6055259,4,1573312
6056472,4,1573312
6057684,2,1573312
6058896,2,1573312
6060109,4,1573312
6068595,5,1573312
6069808,5,1573312
6071021,9,1573312
6072233,6,1573774
6073445,8,1573774
6074657,4,1573774
6075870,7,1573774
6077082,6,1573774
6078294,8,1573774
6079506,3,1573774
6080719,6,1573774
6081931,7,1573774
6083144,5,1573774
6084356,5,1577680
6085569,4,1577680
6086781,6,1577680
6087993,8,1577680
6089206,3,1577680
6090418,5,1577680
6091630,7,1577680
6092842,6,1577680
6094055,8,1577680
6095267,6,1568173
6096479,4,1568173
6097692,5,1568173
6098905,6,1568173
6100117,8,1568173
6101329,8,1568173
6102541,7,1568173
6103754,12,1568173
6104966,9,1568173
6106178,8,1575111
6107390,4,1575111
6108603,7,1575111
6109815,6,1575111
6111028,6,1575111
6112240,7,1575111
6113452,9,1575111
6114664,7,1575111
6115877,6,1575111
6117089,6,1571308
6118302,3,1571308
6119514,8,1571308
6120727,9,1571308
6121938,7,1571308
6123151,7,1571308
6124364,7,1571308
6125576,7,1571308
6126788,4,1571308
6128001,4,1573723
6129212,5,1573723
6130425,4,1573723
6131637,5,1573723
6132850,6,1573723
6134062,8,1573723
6135274,7,1573723
6136487,7,1573723
6137699,7,1573723
6138912,7,1576139
6140124,5,1576139
6141337,6,1576139
6142549,6,1576139
6143761,7,1576139
6144973,5,1576139
6152248,11,1576139
6153461,8,1576139
6154673,4,1576139
6155885,8,1576139
6157097,4,1576139
6158310,8,1576139
6159523,5,1576139
6160735,6,1574237
6161947,4,1574237
6163159,8,1574237
6164372,7,1574237
6165584,7,1574237
6166797,6,1574237
6168010,4,1574237
6169222,4,1574237
6170434,8,1574237
6171646,6,1573158
6172859,3,1577218
6174072,4,1577218
6175284,3,1577218
6176496,1,1577218
6177709,5,1577218
6178921,5,1577218
6180133,5,1577218
6181345,5,1577218
6182558,5,1577218
6183770,2,1571513
6184983,7,1571513
6186195,5,1571513
6187408,4,1571513
6188620,3,1571513
6189832,6,1571513
6191045,5,1571513
6192257,5,1571513
6193470,3,1571513
6194683,1,1573980
6195895,2,1573980
6197108,3,1573980
6198320,3,1573980
6199532,4,1573980
6200744,6,1573980
6201957,5,1573980
6203170,2,1573980
6204382,4,1573980
6205594,4,1637152
6206806,4,1571616
6208019,5,1571616
6209231,4,1571616
6210444,6,1571616
6211656,3,1571616
6212869,4,1571616
6214081,4,1571616
6215294,4,1571616
6216507,3,1509318
6217718,4,1574854
6218931,0,1574854
6220143,6,1574854
6221356,5,1574854
6222568,6,1574854
6223781,4,1574854
6224993,3,1574854
6226206,4,1574854
6227418,5,1574689
6228631,8,1571873
6237118,-3,1571873
6238330,4,1572086
6239543,5,1574134
6240756,5,1574134
6241967,2,1574134
6243180,4,1574134
6244393,2,1574134
6245605,3,1574134
6246818,4,1574134
6248030,3,1574134
6249242,5,1574134
6250455,5,1574134
6251668,7,1574134
6252880,9,1574134
6254092,8,1574134
6255305,10,1574134
6256518,7,1574134
6257730,6,1574134
6258943,7,1576036
6260154,3,1576036
6261367,4,1576036
6262580,8,1576036
6263792,5,1576036
6265004,9,1576036
6266217,7,1576036
6267429,7,1576036
6268641,9,1576036
6269854,5,1576036
6271066,5,1572284
6272279,4,1572284
6273491,6,1572284
6274703,9,1572284
6275916,6,1572284
6277129,6,1572284
6278341,7,1572284
6279553,9,1572284
6280766,5,1572284
6281978,5,1575213
6283190,5,1575213
6284404,7,1575213
6285616,8,1575213
6286828,7,1575213
6288041,6,1575213
6289253,7,1575213
6290465,4,1575213
6291678,3,1575213
6292890,6,1572901
6294102,5,1572901
6295315,6,1572901
6296528,6,1572901
6297740,3,1572901
6298953,7,1572901
6300165,7,1572901
6301377,7,1572901
6302589,6,1572901
6303801,6,1577064
6305014,6,1577064
6306226,9,1577064
6307439,9,1577064
6308651,7,1577064
6309863,7,1577064
6311077,7,1577064
6312289,5,1577064
6313501,7,1577064
6320775,4,1577064
6321987,6,1577064
6323201,8,1577064
6324413,5,1577064
6325626,7,1576755
6326837,4,1576755
6328050,10,1576755
6329262,9,1576755
6330474,4,1576755
6331687,6,1576755
6332900,5,1576755
6334112,7,1576755
6335324,6,1576755
6336537,9,1572850
6337749,9,1572850
6338961,8,1572850
6340174,4,1572850
6341386,10,1572850
6342599,9,1572850
6343811,8,1572850
6345023,6,1572850
6346236,6,1572850
6347449,8,1573466
6348662,4,1573466
6349874,4,1573466
6351086,7,1573466
6352299,6,1573466
6353511,6,1573466
6354724,7,1573466
6355935,7,1573466
6357148,5,1573466
6358360,8,1573620
6359573,4,1574802
6360785,4,1574802
6361998,6,1574802
6363210,5,1574802
6364422,3,1574802
6365635,2,1574802
6366848,0,1574802
6368060,5,1574802
6369272,4,1574802
6370484,3,1576139
6371697,5,1576139
6372909,5,1576139
6374122,4,1576139
6375334,3,1576139
6376547,4,1576139
6377759,4,1576139
6378971,6,1576139
6380184,4,1576139
6381396,4,1574083
6382609,0,1574083
6383821,5,1574083
6385034,4,1574083
6386246,7,1574083
6387458,4,1574083
6388671,4,1574083
6389882,6,1574083
6391096,5,1574083
6392307,5,1579582
6393520,3,1579582
6394732,3,1579582
6395944,3,1579582
6397157,7,1579582
6405643,2,1579582
6406856,5,1579582
6408068,6,1579582
6409281,5,1579582
6410494,7,1579582
6411706,8,1579582
6412917,7,1569201
6414130,6,1569116
6415342,4,1573980
6416555,6,1573980
6417767,4,1573980
6418979,3,1573980
6420192,4,1573980
6421404,4,1573980
6422617,5,1573980
6423829,2,1573980
6425041,3,1573972
6426253,4,1571668
6427467,2,1571668
6428678,5,1571668
6429891,5,1571668
6431103,4,1571668
6432315,2,1571668
6433527,3,1571668
6434740,3,1571668
6435953,3,1571668
6437165,5,1571668
6438377,9,1571668
6439589,7,1571668
6440802,5,1571668
6442014,5,1571668
6443226,4,1571668
6444439,6,1571668
6445651,6,1575984
6446864,2,1575984
6448076,2,1575984
6449287,7,1575984
6450500,6,1575984
6451712,9,1575984
6452924,7,1575984
6454137,4,1575984
6455349,6,1575984
6456561,6,1575984
6457773,5,1574134
6458985,4,1574134
6460197,10,1574134
6461410,7,1574134
6462623,4,1574134
6463834,4,1574134
6465047,8,1574134
6466259,9,1574134
6467471,3,1574134
6468683,6,1575213
6469896,4,1575213
6471108,7,1575213
6472321,4,1575213
6473532,7,1575213
6474745,9,1575213
6475956,7,1575213
6477169,5,1575213
6478381,6,1575213
6479594,7,1575368
6480806,3,1575368
6482018,5,1575368
6489291,8,1575368
6490504,5,1573774
6491716,5,1573774
6492928,7,1573774
6494141,9,1573774
6495353,6,1573774
6496565,8,1573774
6497777,3,1573774
6498989,7,1573774
6500201,9,1573774
6501414,7,1577886
6502626,4,1577886
6503838,5,1577886
6505050,6,1577886
6506262,7,1577886
6507474,6,1577886
6508686,7,1577886
6509899,11,1577886
6511111,7,1577886
6512323,8,1574699
6513535,4,1574699
6514748,11,1574699
6515960,10,1574699
6517172,7,1574699
6518385,6,1574699
6519597,7,1574699
6520809,6,1574699
6522021,9,1574699
6523233,6,1574905
6524445,7,1574905
6525657,5,1574905
6526869,5,1574905
6528081,5,1574905
6529294,9,1574905
6530506,7,1574905
6531719,6,1574905
6532930,3,1574905
6534142,7,1575111
6535355,4,1575111
6536567,6,1575111
6537779,3,1575111
6538991,5,1575111
6540204,8,1575111
6541416,5,1575111
6542628,5,1575111
6543840,11,1575111
6545053,8,1576498
6546265,6,1572181
6547477,1,1572181
6548689,4,1572181
6549902,0,1572181
6551114,4,1572181
6552326,3,1572181
6553539,4,1572181
6554750,9,1572181
6555962,3,1572181
6557174,6,1575111
6558387,3,1575111
6559599,5,1575111
6560811,0,1575111
6562023,4,1575111
6563236,3,1575111
6564448,6,1575111
6565660,6,1575111
6574145,7,1575111
6575358,7,1575111
6576570,8,1575111
6577783,5,1576293
6578994,5,1636741
6580206,4,1571205
6581419,3,1571205
6582631,4,1571205
6583842,3,1571205
6585055,5,1571205
6586267,7,1571205
6587479,5,1571205
6588691,3,1571205
6589904,3,1511116
6591116,4,1576652
6592328,4,1576652
6593540,5,1576652
6594752,7,1576652
6595964,3,1576652
6597177,4,1576652
6598389,4,1576652
6599601,4,1576652
6600813,3,1576534
6602026,3,1572438
6603238,2,1572438
6604450,7,1572438
6605662,5,1572438
6606874,2,1572438
6608086,4,1572438
6609299,4,1572438
6610511,3,1572438
6611723,7,1572440
6612936,4,1572952
6614147,1,1572952
6615359,4,1572952
6616572,3,1572952
6617784,5,1572952
6618997,2,1572952
6620208,3,1572952
6621421,5,1572952
6622633,6,1572952
6623845,5,1572952
6625057,8,1572952
6626270,7,1572952
6627481,6,1572952
6628694,6,1572952
6629906,4,1572952
6631118,3,1572952
6632330,6,1572695
6633542,4,1572695
6634755,6,1572695
6635967,8,1572695
6637179,10,1572695
6638391,4,1572695
6639604,4,1572695
6640816,4,1572695
6642029,6,1572695
6643241,5,1572695
6644452,8,1575522
6645665,4,1575522
6646877,6,1575522
6648089,4,1575522
6649301,6,1575522
6650513,8,1575522
6657787,4,1575522
6658999,7,1575522
6660211,6,1575522
6661423,9,1575522
6662635,5,1575522
6663848,7,1575522
6665060,8,1575522
6666272,8,1574751
6667484,1,1574751
6668697,5,1574751
6669909,8,1574751
6671121,7,1574751
6672333,7,1574751
6673546,8,1574751
6674758,8,1574751
6675971,8,1574751
6677182,8,1568738
6678395,5,1568738
6679607,8,1568738
6680819,5,1568738
6682032,7,1568738
6683244,5,1568738
6684456,9,1568738
6685668,5,1568738
6686880,5,1568738
6688093,6,1575008
6689304,4,1575008
6690517,7,1575008
6691729,7,1575008
6692941,5,1575008
6694153,8,1575008
6695366,9,1575008
6696578,5,1575008
6697790,4,1575008
6699002,6,1576498
6700215,7,1576498
6701427,8,1576498
6702639,7,1576498
6703851,6,1576498
6705064,9,1576498
6706276,3,1576498
6707488,7,1576498
6708700,8,1576498
6709914,5,1573826
6711125,3,1573826
6712337,4,1573826
6713549,10,1573826
6714762,7,1573826
6715973,6,1573826
6717186,6,1573826
6718397,6,1573826
6719609,5,1573826
6720822,4,1571976
6722034,5,1571976
6723246,8,1571976
6724458,7,1571976
6725671,7,1571976
6726883,7,1571976
6728095,6,1571976
6729307,6,1571976
6730519,4,1571976
6731732,6,1573877
6732944,4,1576395
6734156,6,1576395
6742642,1,1576395
6743854,8,1573826
6745066,5,1573826
6746278,5,1573826
6747491,3,1573826
6748703,3,1573826
6749915,3,1573826
6751127,7,1573826
6752340,4,1573826
6753552,6,1573826
6754764,3,1573929
6755976,3,1573929
6757189,4,1573929
6758401,3,1573929
6759614,3,1573929
6760825,5,1573929
6762038,5,1573929
6763250,8,1573929
6764462,3,1573929
6765675,2,1636227
6766887,5,1570691
6768100,5,1570691
6769311,2,1570691
6770524,3,1570691
6771736,4,1570691
6772948,3,1570691
6774160,2,1570691
6775373,3,1570691
6776585,4,1570587
6777797,3,1583899
6779010,5,1583899
6780222,4,1583899
6781435,4,1583899
6782646,3,1583899
6783858,4,1583899
6785071,5,1583899
6786283,3,1583899
6787495,2,1584112
6788707,4,1572336
6789920,7,1572336
6791133,5,1572336
6792344,3,1572336
6793557,5,1572336
6794769,5,1572336
6795981,5,1572336
6797193,4,1572336
6798406,5,1572336
6799618,5,1572336
6800830,7,1572336
6802043,9,1572336
6803255,6,1572336
6804467,7,1572336
6805679,4,1572336
6806892,8,1572336
6808105,5,1572336
6809316,2,1572336
6810529,1,1572336
6811741,10,1572336
6812953,6,1572336
6814165,6,1572336
6815377,7,1572336
6816589,7,1572336
6817801,7,1572336
6819014,7,1572336
6826287,8,1572336
6827500,5,1572336
6828711,6,1572336
6829924,5,1572336
6831135,6,1575111
6832348,4,1575111
6833560,6,1575111
6834772,7,1575111
6835985,7,1575111
6837197,7,1575111
6838409,4,1575111
6839621,9,1575111
6840834,4,1575111
6842045,4,1572387
6843258,4,1572387
6844471,8,1572387
6845682,7,1572387
6846894,5,1572387
6848107,5,1572387
6849320,5,1572387
6850532,7,1572387
6851744,7,1572387
6852955,6,1572490
6854168,3,1572490
6855380,7,1572490
6856592,4,1572490
6857805,4,1572490
6859017,3,1572490
6860229,6,1572490
6861442,9,1572490
6862653,7,1572490
6863866,5,1574957
6865078,2,1574957
6866290,5,1574957
6867503,5,1574957
6868715,7,1574957
6869927,3,1574957
6871139,5,1574957
6872351,6,1574957
6873564,8,1574957
6874776,5,1574134
6875988,3,1574134
6877201,6,1574134
6878413,5,1574134
6879625,5,1574134
6880837,7,1574134
6882049,8,1574134
6883261,7,1574134
6884475,3,1574134
6885686,5,1574391
6886898,4,1574391
6888111,6,1574391
6889323,11,1574391
6890535,7,1574391
6891747,4,1574391
6892959,5,1574391
6894172,6,1574391
6895384,6,1574391
6896596,4,1573569
6897809,5,1573569
6899021,5,1573569
6900233,6,1573569
6901445,9,1573569
6902657,6,1573569
6911143,7,1573569
6912355,7,1573569
6913567,8,1573569
6914780,3,1573569
6915992,7,1573569
6917205,6,1573569
6918416,5,1572490
6919628,2,1575573
6920841,3,1575573
6922052,5,1575573
6923265,4,1575573
6924477,6,1575573
6925689,4,1575573
6926901,2,1575573
6928114,4,1575573
6929325,4,1575573
6930537,4,1569766
6931750,6,1569766
6932962,4,1569766
6934174,6,1569766
6935386,4,1569766
6936598,3,1569766
6937810,4,1569766
6939022,7,1569766
6940235,5,1569766
6941447,9,1509883
6942659,4,1575419
6943872,4,1575419
6945084,5,1575419
6946296,7,1575419
6947508,3,1575419
6948720,3,1575419
6949932,2,1575419
6951145,3,1575419
6952357,5,1637563
6953570,3,1572027
6954781,5,1572027
6955994,5,1572027
6957206,4,1572027
6958419,4,1572027
6959631,4,1572027
6960843,5,1572027
6962056,8,1572027
6963268,2,1572034
6964480,3,1573826
6965692,1,1573826
6966904,4,1573826
6968117,5,1573826
6969329,4,1573826
6970542,4,1573826
6971754,11,1573826
6972965,5,1573826
6974178,4,1573824
6975390,6,1573312
6976603,4,1573312
6977815,4,1573312
6979026,3,1573312
6980239,4,1573312
6981451,6,1573312
6982664,5,1573312
6983876,5,1573312
6985088,4,1573312
6986300,3,1573312
6987512,7,1573312
6994786,2,1573415
6995998,3,1573415
6997211,6,1573415
6998423,7,1573415
6999635,4,1573415
7000847,9,1573415
7002059,6,1573415
7003272,8,1573415
7004484,4,1573415
7005697,5,1573415
7006909,5,1574905
7008121,3,1574905
7009333,8,1574905
7010545,7,1574905
7011758,5,1574905
7012970,7,1574905
7014182,5,1574905
7015394,7,1574905
7016607,8,1574905
7017819,9,1573055
7019031,4,1573055
7020244,6,1573055
7021456,6,1573055
7022668,6,1573055
7023881,7,1573055
7025093,3,1573055
7026305,7,1573055
7027518,6,1573055
7028730,7,1572644
7029942,4,1572644
7031155,8,1572644
7032367,6,1572644
7033579,6,1572644
7034792,6,1572644
7036004,6,1572644
7037217,9,1572644
7038428,5,1572644
7039641,7,1569252
7040854,2,1569252
7042065,7,1569252
7043278,7,1569252
7044490,5,1569252
7045702,6,1569252
7046914,7,1569252
7048127,7,1569252
7049340,4,1569252
7050552,10,1574905
7051764,5,1574905
7052977,6,1574905
7054189,9,1574905
7055401,6,1574905
7056614,7,1574905
7057825,3,1574905
7059038,9,1574905
7060251,7,1574905
7061462,6,1573055
7062675,4,1573055
7063888,7,1573055
7065100,4,1573055
7066312,8,1573055
7067524,6,1573055
7068737,5,1573055
7069949,9,1573055
7071161,7,1573055
7078436,9,1573055
7079649,7,1573055
7080860,5,1573055
7082073,9,1573055
7083286,7,1574186
7084498,1,1574186
7085710,8,1574186
7086922,6,1574186
7088134,7,1574186
7089347,8,1574186
7090559,10,1574186
7091771,4,1574186
7092984,7,1574186
7094196,6,1574802
7095408,5,1575059
7096620,4,1575059
7097833,5,1575059
7099045,4,1575059
7100257,3,1575059
7101470,3,1575059
7102682,3,1575059
7103894,6,1575059
7105107,4,1575059
7106319,3,1571051
7107531,6,1571051
7108744,4,1571051
7109956,3,1571051
7111169,4,1571051
7112381,3,1571051
7113593,3,1571051
7114806,3,1571051
7116018,5,1571051
7117230,4,1510757
7118442,8,1576293
7119654,4,1576293
7120867,5,1576293
7122080,6,1576293
7123291,4,1576293
7124504,2,1576293
7125716,5,1576293
7126928,4,1576293
7128141,5,1634737
7129353,6,1569201
7130566,3,1569201
7131778,3,1569201
7132990,5,1569201
7134203,3,1569201
7135415,2,1569201
7136627,4,1569201
7137840,2,1569201
7139052,6,1511271
7140264,5,1576807
7141476,4,1576807
7142689,5,1576807
7143901,5,1576807
7145113,3,1576807
7146326,3,1576807
7147538,3,1576807
7148750,7,1576807
7149962,3,1576885
7151175,3,1570229
7152387,4,1570229
7153599,4,1570229
7154812,7,1570229
7162191,3,1570229
7163298,9,1570229
7164511,6,1570229
7165723,6,1570229
7166935,6,1570229
7168147,6,1570229
7169359,8,1570229
7170572,7,1571822
7171784,0,1571822
7172997,4,1571822
7174209,8,1571822
7175421,7,1571822
7176633,8,1571822
7177846,7,1571822
7179058,7,1571822
7180270,5,1571822
7181483,6,1573209
7182695,4,1573209
7183908,5,1573209
7185120,3,1573209
7186333,6,1573209
7187545,6,1573209
7188757,10,1573209
7189969,6,1573209
7191182,7,1573209
7192394,6,1573209
7193606,6,1575779
7194819,3,1575779
7196031,6,1575779
7197244,7,1575779
7198456,6,1575779
7199668,9,1575779
7200881,6,1575779
7202093,4,1575779
7203305,7,1575779
7204517,8,1574083
7205730,4,1574083
7206942,5,1574083
7208154,4,1574083
7209368,5,1574083
7210580,9,1574083
7211792,10,1574083
7213004,4,1574083
7214216,5,1574083
7215429,5,1570383
7216641,5,1570383
7217854,7,1570383
7219066,7,1570383
7220278,4,1570383
7221491,4,1570383
7222703,6,1570383
7223914,7,1570383
7225127,7,1570383
7226340,9,1573363
7227552,7,1573363
7228765,4,1573363
7229976,7,1573363
7231189,5,1573363
7232401,7,1573363
7233613,6,1573363
7234826,6,1573363
7236038,4,1573363
7237250,5,1570485
7238463,4,1570485
7246949,6,1570485
7248162,8,1576087
7249374,4,1576087
7250586,7,1576087
7251798,5,1576087
7253012,7,1576087
7254224,7,1576087
7255436,8,1576087
7256648,6,1576087
7257860,6,1576087
7259073,6,1574340
7260285,4,1574340
7261497,7,1574340
7262709,6,1574340
7263922,7,1574340
7265134,9,1574340
7266347,8,1574340
7267559,7,1574340
7268772,5,1574340
7269984,7,1570845
7271196,5,1570845
7272409,7,1570845
7273621,4,1570845
7274833,7,1570845
7276046,7,1570845
7277258,8,1570845
7278470,5,1570845
7279682,6,1570845
7280895,4,1570999
7282107,3,1573260
7283319,5,1573260
7284532,6,1573260
7285744,6,1573260
7286957,5,1573260
7288169,4,1573260
7289381,3,1573260
7290593,3,1573260
7291805,4,1573260
7293018,5,1573004
7294230,4,1573004
7295443,7,1573004
7296655,5,1573004
7297868,5,1573004
7299080,3,1573004
7300292,4,1573004
7301504,2,1573004
7302716,4,1573004
7303929,4,1630626
7305141,5,1565090
7306353,5,1565090
7307566,5,1565090
7308778,5,1565090
7309990,3,1565090
7311202,4,1565090
7312415,4,1565090
7313627,4,1565090
7314839,3,1568789
7316052,5,1568789
7317264,4,1568789
7318476,2,1568789
7319689,3,1568789
7320901,4,1568789
7322113,4,1568789
7323325,5,1568789
7331811,3,1568789
7333024,7,1568789
7334236,6,1568789
7335448,9,1580147
7336660,3,1580104
7337873,4,1568584
7339085,2,1568584
7340297,6,1568584
7341510,4,1568584
7342722,5,1568584
7343934,5,1568584
7345146,3,1568584
7346359,5,1568584
7347571,5,1568612
7348783,5,1576036
7349996,4,1576036
7351208,4,1576036
7352420,4,1576036
7353633,2,1576036
7354845,5,1576036
7356057,5,1576036
7357269,4,1576036
7358482,4,1576036
7359694,2,1576036
7360907,7,1576036
7362118,8,1576036
7363331,10,1576036
7364543,6,1576036
7365756,11,1576036
7366967,6,1576036
7368179,7,1576036
7369393,7,1570537
7370604,7,1570537
7371816,5,1570537
7373028,5,1570537
7374241,4,1570537
7375454,10,1570537
7376665,8,1570537
7377878,8,1570537
7379090,4,1570537
7380302,8,1575213
7381515,6,1575213
7382727,7,1575213
7383940,7,1575213
7385152,6,1575213
7386364,7,1575213
7387576,7,1575213
7388789,3,1575213
7390001,5,1575213
7391213,7,1575008
7392426,3,1575008
7393638,6,1575008
7394850,7,1575008
7396062,6,1575008
7397274,6,1575008
7398487,8,1575008
7399699,7,1575008
7400912,4,1575008
7402124,5,1572130
7403336,2,1572130
7404548,8,1572130
7405761,5,1572130
7406973,6,1572130
7408185,8,1572130
7415459,11,1572130
7416672,6,1572130
7417884,7,1572130
7419097,6,1572130
7420309,6,1572130
7421521,4,1572130
7422734,7,1572130
7423945,4,1571051
7425158,1,1571051
7426370,8,1571051
7427582,6,1571051
7428795,6,1571051
7430007,8,1571051
7431220,7,1571051
7432432,6,1571051
7433644,7,1571051
7434856,9,1571770
7436069,4,1571770
7437282,7,1571770
7438493,6,1571770
7439706,4,1571770
7440918,5,1571770
7442130,8,1571770
7443343,6,1571770
7444555,6,1571770
7445768,6,1573415
7446981,5,1573415
7448192,7,1573415
7449404,6,1573415
7450617,6,1573415
7451829,6,1573415
7453041,6,1573415
7454254,7,1573415
7455466,5,1573415
7456678,4,1574289
7457890,2,1574289
7459103,6,1574289
7460316,8,1574289
7461528,6,1574289
7462740,9,1574289
7463953,8,1574289
7465165,7,1574289
7466377,6,1574289
7467589,3,1570177
7468802,5,1573723
7470014,6,1573723
7471226,7,1573723
7472439,6,1573723
7473651,3,1573723
7474863,4,1573723
7476076,4,1573723
7477287,5,1573723
7478500,3,1573723
7479712,3,1572592
7480925,4,1572592
7482137,5,1572592
7483349,3,1572592
7484561,7,1572592
7485773,4,1572592
7486986,4,1572592
7488199,5,1572592
7489410,3,1572592
7490623,4,1572284
7491835,4,1572284
7499191,6,1572284
7500321,11,1572284
7501532,-1,1572130
7502745,10,1572130
7503957,3,1572130
7505169,4,1572130
7506382,4,1572130
7507594,4,1572130
7508806,3,1572130
7510018,3,1572130
7511231,4,1572130
7512443,7,1572202
7513655,6,1577834
7514868,4,1577834
7516079,3,1577834
7517292,5,1577834
7518505,2,1577834
7519716,6,1577834
7520929,5,1577834
7522141,2,1577834
7523353,4,1577870
7524565,4,1573774
7525777,3,1573774
7526989,4,1573774
7528202,4,1573774
7529414,3,1573774
7530626,3,1573774
7531838,3,1573774
7533050,8,1573774
7534263,5,1573774
7535475,3,1573774
7536687,8,1573774
7537900,6,1573774
7539112,6,1573774
7540324,7,1573774
7541536,8,1573774
7542749,9,1573774
7543961,7,1573774
7545173,4,1573774
7546385,3,1573774
7547597,4,1573774
7548810,6,1573774
7550022,7,1573774
7551234,7,1573774
7552446,9,1573774
7553659,6,1573774
7554871,10,1573774
7556083,4,1573209
7557295,7,1573209
7558508,8,1573209
7559720,5,1573209
7560932,6,1573209
7562144,7,1573209
7563357,8,1573209
7564569,6,1573209
7565781,5,1573209
7566993,8,1573672
7568206,6,1573672
7569418,6,1573672
7570630,8,1573672
7571842,5,1573672
7573055,7,1573672
7574268,4,1573672
7575479,6,1573672
7582753,11,1573672
7583965,7,1573672
7585177,7,1573672
7586389,8,1573672
7587602,8,1573672
7588815,5,1576036
7590026,2,1576036
7591239,4,1576036
7592451,8,1576036
7593664,8,1576036
7594876,6,1576036
7596087,4,1576036
7597300,4,1576036
7598512,6,1576036
7599725,7,1572027
7600937,4,1572027
7602149,5,1572027
7603361,6,1572027
7604573,7,1572027
7605786,6,1572027
7606998,10,1572027
7608210,6,1572027
7609423,9,1572027
7610636,8,1575213
7611847,3,1575213
7613059,9,1575213
7614272,5,1575213
7615484,7,1575213
7616697,4,1575213
7617909,6,1575213
7619121,9,1575213
7620334,6,1575213
7621546,7,1571205
7622758,5,1571205
7623970,6,1571205
7625182,9,1571205
7626396,7,1571205
7627608,7,1571205
7628819,6,1571205
7630032,5,1571205
7631244,6,1571205
7632456,7,1571770
7633669,4,1571770
7634881,9,1571770
7636093,5,1571770
7637306,7,1571770
7638519,3,1571770
7639731,5,1571770
7640942,4,1571770
7642155,5,1571770
7643367,6,1568379
7644580,5,1575881
7645792,3,1575881
7647004,4,1575881
7648216,7,1575881
7649429,5,1575881
7650640,2,1575881
7651852,3,1575881
7653066,4,1575881
7654277,5,1575881
7655489,4,1567453
7656701,5,1567453
7657915,4,1567453
7659126,6,1567453
7667612,3,1567453
7668824,6,1567453
7670036,8,1567453
7671248,6,1567453
7672460,6,1567453
7673673,9,1567453
7674885,8,1567453
7676097,7,1574083
7677309,5,1636535
7678522,4,1570999
7679734,4,1570999
7680946,3,1570999
7682158,2,1570999
7683370,1,1570999
7684582,5,1570999
7685794,4,1570999
7687007,4,1570999
7688219,4,1572695
7689431,4,1572695
7690643,-1,1572695
7691856,5,1572695
7693068,3,1572695
7694281,4,1572695
7695492,2,1572695
7696705,2,1572695
7697917,4,1572695
7699129,4,1572843
7700342,4,1571051
7701554,6,1571051
7702766,4,1571051
7703978,5,1571051
7705190,3,1571051
7706402,4,1571051
7707615,4,1571051
7708826,5,1571051
7710039,4,1570894
7711251,6,1570126
7712463,4,1570126
7713676,4,1570126
7714888,7,1570126
7716100,2,1570126
7717312,3,1570126
7718524,2,1570126
7719737,5,1570126
7720949,6,1570126
7722161,8,1570126
7723373,8,1570126
7724585,10,1570126
7725798,5,1570126
7727009,5,1570126
7728222,8,1570126
7729434,10,1570126
7730646,8,1578143
7731859,5,1578143
7733070,4,1578143
7734283,6,1578143
7735495,3,1578143
7736708,5,1578143
7737919,3,1578143
7739133,8,1578143
7740344,6,1578143
7741556,8,1578143
7742769,7,1575213
7743981,5,1575213
7751255,16,1575213
7752468,9,1575213
7753679,7,1573055
7754891,4,1573055
7756104,4,1573055
7757316,8,1573055
7758528,8,1573055
7759741,6,1573055
7760953,3,1573055
7762165,7,1573055
7763377,6,1573055
7764589,12,1572952
7765802,3,1572952
7767014,5,1572952
7768226,7,1572952
7769439,7,1572952
7770651,5,1572952
7771864,9,1572952
7773077,6,1572952
7774289,8,1572952
7775500,3,1576036
7776713,2,1576036
7777925,6,1576036
7779137,8,1576036
7780349,8,1576036
7781561,8,1576036
7782774,3,1576036
7783986,7,1576036
7785198,7,1576036
7786411,4,1572130
7787623,4,1572130
7788835,7,1572130
7790047,10,1572130
7791260,8,1572130
7792472,5,1572130
7793684,7,1572130
7794897,7,1572130
7796109,3,1572130
7797321,4,1573620
7798533,5,1573620
7799746,10,1573620
7800957,6,1573620
7802170,3,1573620
7803382,7,1573620
7804595,7,1573620
7805806,6,1573620
7807018,8,1573620
7808231,9,1568789
7809444,5,1568789
7810655,7,1568789
7811867,5,1568789
7813080,4,1568789
7814292,8,1568789
7815504,8,1568789
7816717,6,1568789
7817929,7,1568789
7819141,8,1575933
7820353,5,1575933
7821565,6,1575933
7822778,4,1575933
7823989,8,1575933
7825202,7,1575933
7826414,5,1575933
7827626,6,1575933
7836113,8,1575933
7837324,7,1575933
7838537,7,1575933
7839750,10,1575933
7840961,8,1573312
7842174,4,1572901
7843386,6,1572901
7844598,2,1572901
7845810,2,1572901
7847023,3,1572901
7848235,5,1572901
7849448,6,1572901
7850659,4,1572901
7851872,2,1572901
7853084,6,1573209
7854297,5,1573209
7855508,3,1573209
7856721,3,1573209
7857933,6,1573209
7859145,3,1573209
7860357,5,1573209
7861570,6,1573209
7862782,5,1573209
7863994,5,1575727
7865206,5,1575727
7866418,6,1575727
7867631,4,1575727
7868843,4,1575727
7870056,3,1575727
7871267,4,1575727
7872480,4,1575727
7873693,5,1575727
7874905,4,1637717
7876117,3,1572181
7877329,4,1572181
7878542,6,1572181
7879754,8,1572181
7880965,4,1572181
7882178,3,1572181
7883390,3,1572181
7884602,4,1572181
7885814,4,1572231
7887027,5,1571719
7888239,4,1571719
7889451,6,1571719
7890664,4,1571719
7891876,4,1571719
7893089,4,1571719
7894301,4,1571719
7895512,3,1571719
7896725,4,1571778
7897937,6,1573826
7899149,5,1573826
7900362,6,1573826
7901574,3,1573826
7902786,4,1573826
7903998,3,1573826
7905211,3,1573826
7906423,5,1573826
7907635,4,1573826
7908847,5,1573826
7910059,7,1573826
7911272,8,1573826
7912483,4,1634480
7919757,11,1568944
7920970,14,1568944
7922181,4,1568944
7923394,2,1568944
7924606,3,1568944
7925818,3,1568944
7927030,4,1568944
7928243,4,1568944
7929455,4,1568944
7930667,5,1568944
7931880,4,1568944
7933091,3,1568944
7934304,5,1568944
7935516,7,1568944
7936728,6,1568944
7937940,8,1568944
7939152,6,1568944
7940365,6,1571770
7941577,4,1571770
7942790,4,1571770
7944002,6,1571770
7945214,7,1571770
7946426,7,1571770
7947638,7,1571770
7948851,8,1571770
7950063,7,1571770
7951276,6,1573415
7952488,5,1573415
7953700,6,1573415
7954914,9,1573415
7956125,7,1573415
7957338,6,1573415
7958551,7,1573415
7959763,6,1573415
7960976,7,1573415
7962187,5,1571924
7963400,4,1571924
7964612,7,1571924
7965825,6,1571924
7967037,6,1571924
7968250,5,1571924
7969462,6,1571924
7970674,6,1571924
7971887,9,1571924
7973100,7,1569406
7974311,3,1569406
7975524,5,1569406
7976736,4,1569406
7977949,8,1569406
7979162,8,1569406
7980374,5,1569406
7981586,7,1569406
7982798,5,1569406
7984011,4,1571513
7985223,4,1571513
7986436,6,1571513
7987648,8,1571513
7988861,9,1571513
7990073,5,1571513
7991285,4,1571513
7992498,7,1571513
7993710,9,1571513
7994922,9,1572747
7996135,6,1572747
8004623,1,1572747
8005836,6,1572078
8007047,6,1572078
8008260,7,1572078
8009472,8,1572078
8010684,5,1572078
8011897,6,1572078
8013110,5,1572078
8014322,5,1572078
8015535,7,1572078
8016747,10,1573466
8017960,3,1568533
8019172,3,1568533
8020384,4,1568533
8021597,5,1568533
8022809,1,1568533
8024021,5,1568533
8025234,4,1568533
8026447,6,1568533
8027659,5,1568533
8028871,4,1570845
8030083,5,1570845
8031296,4,1570845
8032508,3,1570845
8033721,5,1570845
8034933,5,1570845
8036146,4,1570845
8037359,4,1570845
8038571,3,1570845
8039783,1,1513018
8040995,4,1578554
8042208,5,1578554
8043420,5,1578554
8044633,5,1578554
8045846,4,1578554
8047058,6,1578554
8048270,0,1578554
8049483,3,1578554
8050695,5,1638386
8051908,5,1572850
8053121,2,1572850
8054333,3,1572850
8055545,3,1572850
8056758,3,1572850
8057970,4,1572850
8059182,5,1572850
8060395,3,1572850
8061608,3,1572850
8062820,4,1572850
8064032,1,1572850
8065245,6,1572850
8066457,6,1572850
8067671,3,1572850
8068882,5,1572850
8070095,4,1572850
8071307,4,1572850
8072520,3,1572831
8073732,5,1567967
8074945,2,1567967
8076157,4,1567967
8077370,4,1567967
8078582,5,1567967
8079795,4,1567967
8081007,6,1567967
8088282,12,1567967
8089495,6,1567967
8090708,5,1567967
8091920,5,1567967
8093133,8,1568995
8094345,4,1568995
8095558,6,1568995
8096770,3,1568995
8097982,3,1568995
8099194,7,1568995
8100407,5,1568995
8101620,9,1568995
8102832,4,1568995
8104044,8,1566426
8105257,5,1566426
8106469,5,1566426
8107681,6,1566426
8108894,6,1566426
8110107,8,1566426
8111320,4,1566426
8112532,7,1566426
8113744,8,1566426
8114957,7,1566426
8116169,9,1572078
8117381,3,1572078
8118594,7,1572078
8119806,7,1572078
8121020,6,1572078
8122231,9,1572078
8123444,11,1572078
8124656,9,1572078
8125869,7,1572078
8127082,4,1568789
8128294,3,1568789
8129506,5,1568789
8130720,3,1568789
8131931,8,1568789
8133144,6,1568789
8134357,5,1568789
8135569,6,1568789
8136781,7,1568789
8137994,10,1574494
8139206,5,1574494
8140418,7,1574494
8141631,6,1574494
8142844,7,1574494
8144055,9,1574494
8145268,7,1574494
8146481,5,1574494
8147693,6,1574494
8148906,6,1569303
8150118,3,1569303
8151330,8,1569303
8152543,7,1569303
8153755,7,1569303
8154968,5,1569303
8156180,5,1569303
8157393,6,1569303
8158604,9,1569303
8159817,8,1573055
8161029,3,1573055
8162241,7,1573055
8163454,7,1573055
8164666,9,1573055
8173153,5,1573055
8174365,8,1573055
8175577,6,1573055
8176790,5,1573055
8178002,8,1573055
8179214,7,1573055
8180427,6,1573055
8181640,7,1572078
8182852,6,1572078
8184064,6,1572078
8185277,7,1572078
8186490,5,1572078
8187702,8,1572078
8188914,7,1572078
8190127,8,1572078
8191338,6,1572078
8192551,6,1571051
8193763,5,1571051
8194975,7,1571051
8196189,8,1571051
8197401,5,1571051
8198613,6,1571051
8199825,7,1571051
8201037,8,1571051
8202250,6,1571051
8203463,7,1570948
8204675,5,1572233
8205887,4,1572233
8207100,2,1572233
8208312,3,1572233
8209525,3,1572233
8210737,4,1572233
8211949,5,1572233
8213162,5,1572233
8214374,3,1572233
8215586,4,1564935
8216799,4,1564935
8218011,5,1564935
8219224,4,1564935
8220436,2,1564935
8221648,4,1564935
8222861,4,1564935
8224073,7,1564935
8225286,6,1564935
8226498,4,1510243
8227710,3,1575779
8228923,4,1575779
8230136,3,1575779
8231348,4,1575779
8232561,4,1575779
8233772,2,1575779
8234985,4,1575779
8236198,5,1575779
8237410,6,1632784
8238622,6,1567248
8239835,4,1567248
8241047,5,1567248
8242259,3,1567248
8243472,2,1567248
8244684,4,1567248
8245896,5,1567248
8247109,4,1567248
8248321,2,1567248
8249534,4,1567248
8258021,14,1567248
8259233,5,1567406
8260445,7,1568430
8261657,4,1568430
8262871,4,1568430
8264082,4,1568430
8265295,5,1568430
8266507,4,1568430
8267719,5,1568430
8268932,5,1568430
8270145,5,1568301
8271357,5,1575213
8272569,5,1575213
8273781,5,1575213
8274995,4,1575213
8276207,3,1575213
8277419,4,1575213
8278632,5,1575213
8279843,4,1575213
8281056,7,1575213
8282268,4,1575213
8283481,5,1575213
8284694,9,1575213
8285906,8,1575213
8287118,7,1575213
8288330,8,1575213
8289543,10,1575213
8290755,9,1573877
8291967,6,1573877
8293180,7,1573877
8294393,5,1573877
8295605,5,1573877
8296817,7,1573877
8298030,8,1573877
8299242,5,1573877
8300454,7,1573877
8301667,8,1573877
8302879,5,1573774
8304092,4,1573774
8305305,8,1573774
8306516,6,1573774
8307729,8,1573774
8308942,5,1573774
8310154,8,1573774
8311366,6,1573774
8312579,6,1573774
8313792,4,1570640
8315004,3,1570640
8316217,6,1570640
8317429,4,1570640
8318642,6,1570640
8319854,4,1570640
8321066,7,1570640
8322278,6,1570640
8323491,6,1570640
8324703,7,1572027
8325916,3,1572027
8327129,10,1572027
8328341,6,1572027
8329554,8,1572027
8330766,8,1572027
8331979,9,1572027
8333190,7,1572027
8334403,5,1572027
8341678,4,1572027
8342891,6,1572027
8344103,7,1572027
8345315,4,1572027
8346528,5,1569715
8347740,4,1569715
8348953,5,1569715
8350165,4,1569715
8351377,7,1569715
8352590,6,1569715
8353802,6,1569715
8355014,6,1569715
8356227,7,1569715
8357440,7,1574751
8358651,4,1574751
8359864,4,1574751
8361077,6,1574751
8362289,7,1574751
8363501,3,1574751
8364714,6,1574751
8365926,5,1574751
8367138,6,1574751
8368351,10,1568430
8369564,7,1568430
8370776,4,1568430
8371988,4,1568430
8373200,9,1568430
8374413,8,1568430
8375626,6,1568430
8376838,6,1568430
8378050,8,1568430
8379263,6,1572541
8380475,6,1572541
8381687,5,1572541
8382900,5,1572541
8384112,7,1572541
8385325,8,1572541
8386537,6,1572541
8387750,12,1572541
8388962,10,1572541
8390175,5,1568635
8391387,4,1574854
8392599,1,1574854
8393812,4,1574854
8395025,4,1574854
8396237,4,1574854
8397450,5,1574854
8398662,5,1574854
8399874,3,1574854
8401087,4,1574854
8402299,6,1566168
8403512,5,1566168
8404724,6,1566168
8405937,4,1566168
8407149,4,1566168
8408362,5,1566168
8409574,3,1566168
8410787,3,1566168
8411999,5,1566168
8413211,4,1507724
8414424,3,1573260
8415636,3,1573260
8416849,4,1573260
8418061,5,1573260
8425336,-4,1573260
8426548,3,1573260
8427761,5,1573260
8428973,5,1573260
8430186,2,1573260
8431398,6,1573260
8432610,7,1573260
8433823,7,1571359
8435035,5,1570434
8436247,8,1570434
8437460,5,1570434
8438672,3,1570434
8439885,6,1570434
8441097,4,1570434
8442309,3,1570434
8443522,4,1570434
8444734,6,1570434
8445947,4,1570396
8447160,4,1573980
8448371,3,1573980
8449584,7,1573980
8450796,4,1573980
8452009,5,1573980
8453221,4,1573980
8454434,3,1573980
8455646,4,1573980
8456858,6,1573931
8458072,4,1574699
8459283,5,1574699
8460496,2,1574699
8461708,4,1574699
8462920,4,1574699
8464133,5,1574699
8465345,0,1574699
8466558,7,1574699
8467770,4,1574699
8468983,6,1574699
8470196,8,1574699
8471407,7,1574699
8472620,3,1574699
8473832,4,1574699
8475045,6,1574699
8476257,7,1574699
8477469,4,1571719
8478683,4,1571719
8479894,4,1571719
8481108,5,1571719
8482319,9,1571719
8483532,7,1571719
8484744,8,1571719
8485957,4,1571719
8487169,5,1571719
8488381,5,1571719
8489594,9,1570023
8490806,-1,1570023
8492020,7,1570023
8493232,7,1570023
8494444,9,1570023
8495656,7,1570023
8496869,7,1570023
8498081,9,1570023
8499294,7,1570023
8500507,2,1572952
8501719,6,1572952
8510206,7,1572952
8511419,5,1572644
8512631,4,1572644
8513844,6,1572644
8515055,8,1572644
8516269,2,1572644
8517480,7,1572644
8518693,8,1572644
8519906,6,1572644
8521118,4,1572644
8522330,7,1572027
8523544,5,1572027
8524756,10,1572027
8525968,7,1572027
8527181,6,1572027
8528393,7,1572027
8529605,6,1572027
8530818,6,1572027
8532030,9,1572027
8533243,6,1565860
8534455,4,1565860
8535668,6,1565860
8536881,4,1565860
8538093,5,1565860
8539305,6,1565860
8540517,7,1565860
8541731,5,1565860
8542942,5,1565860
8544155,7,1572130
8545368,5,1572130
8546580,6,1572130
8547793,5,1572130
8549005,2,1572130
8550217,5,1572130
8551429,4,1572130
8552641,5,1572130
8553854,5,1572130
8555066,6,1569355
8556279,4,1569355
8557491,5,1569355
8558703,7,1569355
8559916,6,1569355
8561129,6,1569355
8562341,5,1569355
8563554,4,1569355
8564766,9,1569355
8565978,8,1570588
8567191,3,1570588
8568403,6,1570588
8569616,5,1570588
8570827,5,1570588
8572041,4,1570588
8573253,8,1570588
8574464,5,1570588
8575677,5,1570588
8576890,5,1571668
8578102,3,1572490
8579314,3,1572490
8580526,3,1572490
8581739,4,1572490
8582951,6,1572490
8584163,4,1572490
8585376,5,1572490
8586589,4,1572490
8595076,4,1572490
8596287,4,1572490
8597500,7,1572490
8598712,5,1569098
8599925,3,1570742
8601138,2,1570742
8602349,3,1570742
8603562,6,1570742
8604774,6,1570742
8605987,3,1570742
8607200,4,1570742
8608412,6,1570742
8609625,4,1570742
8610836,4,1570742
8612049,5,1570742
8613261,5,1570742
8614474,3,1570742
8615686,5,1570742
8616898,5,1570742
8618111,3,1570742
8619323,5,1570742
8620536,4,1570742
8621749,6,1571205
8622961,2,1571205
8624173,3,1571205
8625386,6,1571205
8626598,6,1571205
8627810,3,1571205
8629024,5,1571205
8630235,3,1571205
8631448,6,1571205
8632660,5,1571077
8633873,4,1564421
8635085,2,1564421
8636298,1,1564421
8637510,6,1564421
8638723,5,1564421
8639935,5,1564421
8641148,2,1564421
8642361,5,1564421
8643573,3,1564551
8644785,3,1571719
8645998,4,1571719
8647211,6,1571719
8648423,3,1571719
8649635,3,1571719
8650848,2,1571719
8652061,5,1571719
8653273,5,1571719
8654486,2,1571719
8655698,2,1571719
8656910,5,1571719
8658123,4,1571719
8659335,6,1571719
8660548,6,1571719
8661760,4,1571719
8662973,5,1571719
8664185,8,1572850
8665397,4,1572850
8666610,4,1572850
8667822,8,1572850
8669035,5,1572850
8670247,7,1572850
8671460,4,1572850
8678734,9,1572850
8679947,6,1572850
8681159,7,1572850
8682372,4,1572850
8683584,3,1572850
8684797,4,1572850
8686009,8,1572850
8687221,6,1570126
8688434,5,1570126
8689647,6,1570126
8690859,9,1570126
8692071,5,1570126
8693284,5,1570126
8694496,7,1570126
8695709,7,1570126
8696921,4,1570126
8698133,8,1571462
8699346,4,1571462
8700558,8,1571462
8701771,4,1571462
8702984,6,1571462
8704195,6,1571462
8705408,6,1571462
8706620,10,1571462
8707833,5,1571462
8709045,5,1571822
8710258,3,1571822
8711470,6,1571822
8712683,8,1571822
8713896,5,1571822
8715108,3,1571822
8716320,4,1571822
8717532,7,1571822
8718745,9,1571822
8719957,7,1565038
8721170,4,1565038
8722382,5,1565038
8723595,3,1565038
8724807,4,1565038
8726019,11,1565038
8727232,8,1565038
8728444,7,1565038
8729658,9,1565038
8730869,6,1572284
8732082,4,1572284
8733294,5,1572284
8734506,9,1572284
8735719,5,1572284
8736931,4,1572284
8738143,5,1572284
8739356,5,1572284
8740568,9,1572284
8741781,7,1571770
8742993,4,1571770
8744205,6,1571770
8745418,5,1571770
8746630,8,1571770
8747843,8,1571770
8749055,6,1571770
8750267,4,1571770
8751480,3,1571770
8752692,5,1572181
8753905,5,1572181
8755117,8,1572181
8762391,11,1572181
8763604,6,1566631
8764817,3,1570845
8766029,5,1570845
8767240,2,1570845
8768453,6,1570845
8769665,3,1570845
8770877,2,1570845
8772090,3,1570845
8773303,3,1570845
8774514,3,1570845
8775727,4,1573209
8776939,6,1573209
8778152,7,1573209
8779364,2,1573209
8780577,3,1573209
8781789,3,1573209
8783001,4,1573209
8784213,5,1573209
8785426,4,1573209
8786638,4,1573209
8787850,4,1573209
8789062,6,1573209
8790275,5,1573209
8791487,4,1573209
8792699,6,1573209
8793912,3,1573209
8795124,5,1573209
8796336,4,1573209
8797549,4,1635610
8798761,9,1570074
8799973,5,1570074
8801185,2,1570074
8802398,3,1570074
8803610,5,1570074
8804823,4,1570074
8806035,5,1570074
8807247,7,1570074
8808460,5,1572592
8809672,5,1572592
8810884,4,1572592
8812097,4,1572592
8813309,6,1572592
8814522,4,1572592
8815734,6,1572592
8816946,3,1572592
8818158,4,1572592
8819370,7,1572444
8820583,7,1573980
8821795,3,1573980
8823007,4,1573980
8824220,4,1573980
8825432,4,1573980
8826644,4,1573980
8827856,4,1573980
8829069,4,1573980
8830282,4,1574031
8831493,4,1574031
8832706,3,1574031
8833918,4,1574031
8835130,2,1574031
8836343,5,1574031
8837555,5,1574031
8838767,6,1574031
8847253,7,1574031
8848466,7,1574031
8849678,7,1574031
8850891,5,1570742
8852103,4,1570742
8853315,4,1570742
8854528,10,1570742
8855740,6,1570742
8856953,6,1570742
8858165,7,1570742
8859377,6,1570742
8860589,5,1570742
8861801,8,1570742
8863014,5,1574648
8864226,4,1574648
8865439,7,1574648
8866651,4,1574648
8867864,4,1574648
8869075,8,1574648
8870288,8,1574648
8871500,7,1574648
8872713,8,1574648
8873925,6,1570383
8875137,4,1570383
8876349,8,1570383
8877563,7,1570383
8878775,6,1570383
8879986,7,1570383
8881199,7,1570383
8882411,6,1570383
8883624,7,1570383
8884836,9,1573260
8886049,6,1573260
8887261,8,1573260
8888473,7,1573260
8889685,6,1573260
8890899,8,1573260
8892111,6,1573260
8893324,6,1573260
8894535,7,1573260
8895748,10,1571051
8896961,6,1571051
8898173,9,1571051
8899385,8,1571051
8900597,7,1571051
8901811,4,1571051
8903022,5,1571051
8904235,7,1571051
8905447,13,1571051
8906660,6,1565244
8907873,3,1565244
8909085,6,1565244
8910297,7,1565244
8911509,7,1565244
8912722,6,1565244
8913934,7,1565244
8915146,7,1565244
8916360,7,1565244
8917571,10,1573004
8918783,4,1573004
8919996,8,1573004
8921209,4,1573004
8922421,6,1573004
8923633,6,1573004
8932120,3,1573004
8933332,7,1573004
8934544,8,1573004
8935757,7,1573004
8936969,4,1573004
8938181,6,1573004
8939393,6,1573466
8940606,4,1573466
8941818,6,1573466
8943030,7,1573466
8944242,6,1573466
8945455,9,1573466
8946668,6,1573466
8947880,6,1573466
8949093,7,1573466
8950304,5,1571719
8951517,6,1575316
8952729,4,1575316
8953942,3,1575316
8955154,6,1575316
8956366,5,1575316
8957579,4,1575316
8958791,4,1575316
8960003,4,1575316
8961216,5,1575316
8962428,3,1570229
8963640,4,1570229
8964854,3,1570229
8966065,4,1570229
8967277,4,1570229
8968490,3,1570229
8969703,5,1570229
8970915,5,1570229
8972127,4,1570229
8973340,5,1510294
8974552,5,1575830
8975764,4,1575830
8976976,3,1575830
8978189,6,1575830
8979401,5,1575830
8980614,2,1575830
8981826,3,1575830
8983039,4,1575830
8984251,9,1636895
8985463,3,1571359
8986676,3,1571359
8987888,4,1571359
8989101,4,1571359
8990314,5,1571359
8991525,4,1571359
8992738,5,1571359
8993950,4,1571359
8995163,5,1571359
8996375,3,1571359
8997587,5,1571359
8998801,4,1571359
9000013,3,1571359
9001225,4,1571359
9002437,4,1571359
9003649,4,1571359
9004863,6,1571359
9006074,3,1571496
9007288,5,1566888
9008499,5,1566888
9016986,5,1566960
9018199,5,1572592
9019410,4,1572592
9020623,4,1572592
9021835,7,1572592
9023047,4,1572592
9024260,3,1572592
9025472,4,1572592
9026685,0,1572592
9027897,4,1572592
9029110,5,1572592
9030322,7,1572592
9031535,7,1572592
9032747,9,1572592
9033960,6,1572592
9035172,8,1572592
9036384,6,1572592
9037596,7,1570074
9038808,4,1570074
9040021,3,1570074
9041233,7,1570074
9042446,8,1570074
9043658,4,1570074
9044870,6,1570074
9046083,6,1570074
9047296,6,1570074
9048507,7,1570074
9049720,7,1571616
9050933,6,1571616
9052145,8,1571616
9053357,7,1571616
9054569,7,1571616
9055782,6,1571616
9056994,8,1571616
9058207,7,1571616
9059420,6,1571616
9060632,6,1567967
9061843,4,1567967
9063057,11,1567967
9064269,7,1567967
9065481,8,1567967
9066694,6,1567967
9067906,8,1567967
9069118,5,1567967
9070330,7,1567967
9071543,7,1571976
9072755,8,1571976
9073968,6,1571976
9075179,7,1571976
9076392,5,1571976
9077604,6,1571976
9078817,5,1571976
9080029,6,1571976
9081241,6,1571976
9082453,8,1569458
9083666,5,1569458
9084878,7,1569458
9086091,4,1569458
9087303,7,1569458
9088515,8,1569458
9089727,7,1569458
9090939,6,1569458
9092152,10,1569458
9093364,9,1569458
9100638,-1,1569458
9101850,8,1569458
9103064,4,1569458
9104276,5,1573004
9105487,2,1573004
9106700,8,1573004
9107914,6,1573004
9109125,3,1573004
9110337,4,1573004
9111549,7,1573004
9112762,5,1573004
9113974,8,1573004
9115187,6,1568635
9116399,5,1568635
9117612,7,1568635
9118824,6,1568635
9120036,3,1568635
9121249,7,1568635
9122461,10,1568635
9123673,5,1568635
9124885,6,1568635
9126098,5,1568019
9127310,5,1568019
9128522,8,1568019
9129735,6,1568019
9130946,6,1568019
9132159,2,1568019
9133371,5,1568019
9134583,5,1568019
9135796,6,1568019
9137008,10,1571410
9138220,5,1572284
9139433,3,1572284
9140644,5,1572284
9141857,5,1572284
9143069,4,1572284
9144282,4,1572284
9145494,-1,1572284
9146706,4,1572284
9147919,5,1572284
9149131,6,1568944
9150343,7,1568944
9151556,6,1568944
9152768,4,1568944
9153980,3,1568944
9155193,3,1568944
9156404,3,1568944
9157617,6,1568944
9158829,5,1568944
9160042,5,1570331
9161254,5,1570331
9162466,5,1570331
9163678,3,1570331
9164890,4,1570331
9166103,4,1570331
9167315,4,1570331
9168527,3,1570331
9169739,5,1570331
9170952,3,1565860
9172165,3,1565860
9173377,4,1565860
9174589,5,1565860
9175801,4,1565860
9177013,5,1565860
9184287,7,1565860
9185500,6,1565860
9186712,6,1565860
9187924,6,1565860
9189137,6,1565860
9190349,2,1565860
9191561,5,1568892
9192773,5,1568808
9193985,4,1573672
9195198,4,1573672
9196410,4,1573672
9197622,4,1573672
9198834,4,1573672
9200046,5,1573672
9201259,4,1573672
9202471,2,1573672
9203684,2,1573709
9204896,2,1569869
9206109,4,1569869
9207322,5,1569869
9208534,3,1569869
9209745,7,1569869
9210958,5,1569869
9212170,4,1569869
9213383,5,1569869
9214596,4,1569869
9215807,4,1569869
9217020,6,1569869
9218232,5,1569869
9219444,7,1569869
9220657,7,1569869
9221870,6,1569869
9223081,8,1569869
9224295,6,1569869
9225507,7,1570691
9226718,3,1570691
9227931,5,1570691
9229143,7,1570691
9230356,11,1570691
9231568,8,1570691
9232781,3,1570691
9233993,9,1570691
9235206,8,1570691
9236419,7,1566426
9237631,5,1566426
9238843,9,1566426
9240056,7,1566426
9241268,6,1566426
9242480,8,1566426
9243692,7,1566426
9244905,7,1566426
9246117,7,1566426
9247329,5,1572592
9248542,4,1572592
9249754,11,1572592
9250967,7,1572592
9252179,7,1572592
9253392,7,1572592
9254604,7,1572592
9255816,7,1572592
9257029,5,1572592
9258241,3,1565500
9259453,6,1565500
9260665,5,1565500
9269152,6,1569869
9270364,4,1569869
9271577,9,1569869
9272789,6,1569869
9274001,7,1569869
9275214,7,1569869
9276426,6,1569869
9277638,7,1569869
9278851,7,1569869
9280064,7,1571051
9281276,4,1571051
9282488,8,1571051
9283700,5,1571051
9284914,5,1571051
9286125,6,1571051
9287337,5,1571051
9288550,7,1571051
9289762,6,1571051
9290974,6,1569201
9292187,5,1569201
9293399,7,1569201
9294612,6,1569201
9295824,5,1569201
9297036,4,1569201
9298249,7,1569201
9299461,7,1569201
9300673,8,1569201
9301886,5,1572387
9303098,5,1572387
9304310,6,1572387
9305523,6,1572387
9306736,4,1572387
9307947,6,1572387
9309160,8,1572387
9310373,6,1572387
9311585,4,1572387
9312797,6,1572952
9314010,5,1572952
9315222,7,1572952
9316435,6,1572952
9317647,7,1572952
9318859,9,1572952
9320072,7,1572952
9321284,4,1572952
9322497,8,1572952
9323709,7,1570074
9324921,4,1566785
9326133,4,1566785
9327346,1,1566785
9328559,4,1566785
9329771,4,1566785
9330983,3,1566785
9332195,3,1566785
9333408,4,1566785
9334620,4,1566785
9335832,3,1570126
9337045,4,1570126
9338257,6,1570126
9339469,5,1570126
9340682,3,1570126
9341894,4,1570126
9343106,4,1570126
9344319,6,1570126
9345531,2,1570126
9354017,7,1570126
9355230,4,1570126
9356443,7,1571873
9357654,5,1507827
9358867,4,1573363
9360079,2,1573363
9361291,3,1573363
9362504,1,1573363
9363716,5,1573363
9364929,7,1573363
9366140,6,1573363
9367352,5,1573363
9368565,6,1573315
9369777,0,1574083
9370989,4,1574083
9372201,3,1574083
9373414,3,1574083
9374626,4,1574083
9375838,2,1574083
9377051,6,1574083
9378263,6,1574083
9379475,5,1574104
9380687,6,1565912
9381899,4,1565912
9383112,3,1565912
9384324,4,1565912
9385536,5,1565912
9386748,9,1565912
9387961,4,1565912
9389173,4,1565912
9390386,3,1565912
9391598,3,1565912
9392810,7,1565912
9394023,5,1565912
9395235,8,1565912
9396447,9,1565912
9397659,5,1565912
9398872,5,1565912
9400084,4,1565912
9401296,4,1565912
9402508,4,1565912
9403722,4,1565912
9404933,7,1565912
9406146,6,1565912
9407357,8,1565912
9408571,5,1565912
9409782,6,1565912
9410994,4,1565912
9412207,5,1572438
9413419,4,1572438
9414632,9,1572438
9415843,8,1572438
9417056,8,1572438
9418268,5,1572438
9419480,3,1572438
9420693,7,1572438
9421906,7,1572438
9423118,6,1571462
9424330,4,1571462
9425543,4,1571462
9426755,11,1571462
9427967,5,1571462
9429179,9,1571462
9430392,8,1571462
9437666,3,1571462
9438878,8,1571462
9440090,3,1571462
9441302,6,1571462
9442515,7,1571462
9443727,8,1571462
9444940,5,1573672
9446151,3,1573672
9447364,7,1573672
9448576,6,1573672
9449788,3,1573672
9451001,7,1573672
9452213,11,1573672
9453426,5,1573672
9454638,9,1573672
9455850,4,1570434
9457062,3,1570434
9458274,7,1570434
9459487,8,1570434
9460699,8,1570434
9461912,5,1570434
9463124,6,1570434
9464336,8,1570434
9465548,7,1570434
9466761,8,1572078
9467973,5,1572078
9469186,5,1572078
9470398,6,1572078
9471611,7,1572078
9472822,6,1572078
9474035,7,1572078
9475248,6,1572078
9476460,6,1572078
9477672,2,1568789
9478884,3,1568789
9480098,9,1568789
9481309,6,1568789
9482522,6,1568789
9483734,4,1568789
9484946,5,1568789
9486159,5,1568789
9487371,7,1568789
9488584,6,1571308
9489796,5,1571308
9491008,7,1571308
9492221,5,1571308
9493432,7,1571308
9494645,7,1571308
9495857,9,1571308
9497070,6,1571308
9498282,8,1571308
9499495,5,1568070
9500707,4,1569303
9501919,4,1569303
9503132,3,1569303
9504344,2,1569303
9505557,5,1569303
9506769,4,1569303
9507981,6,1569303
9509193,6,1569303
9510406,4,1569303
9511618,5,1570897
9512831,3,1570897
9514043,10,1570897
9521317,2,1570897
9522529,7,1570897
9523743,11,1570897
9524954,9,1570897
9526166,5,1570897
9527379,6,1570897
9528592,6,1570897
9529804,4,1570897
9531016,10,1570897
9532229,6,1571205
9533441,5,1509986
9534653,3,1575522
9535865,4,1575522
9537078,3,1575522
9538290,4,1575522
9539502,3,1575522
9540715,4,1575522
9541928,2,1575522
9543140,4,1575522
9544352,6,1572952
9545564,6,1572952
9546777,3,1572952
9547989,5,1572952
9549202,3,1572952
9550414,6,1572952
9551626,4,1572952
9552838,5,1572952
9554051,5,1572952
9555263,5,1572907
9556476,-2,1574699
9557689,4,1574699
9558901,7,1574699
9560113,4,1574699
9561325,3,1574699
9562539,5,1574699
9563750,8,1574699
9564963,6,1574699
9566176,3,1574815
9567387,5,1564319
9568599,4,1564319
9569812,4,1564319
9571024,3,1564319
9572237,3,1564319
9573449,7,1564319
9574661,5,1564319
9575874,7,1564319
9577087,4,1564319
9578299,6,1564319
9579511,5,1564319
9580724,10,1564319
9581935,9,1564319
9583148,8,1564319
9584360,10,1564319
9585573,5,1564319
9586786,6,1564319
9587998,6,1564319
9589210,5,1564319
9590423,6,1564319
9591635,7,1564319
9592848,5,1564319
9594060,9,1564319
9595272,7,1564319
9596484,8,1564319
9597696,8,1564319
9606184,5,1564319
9607395,4,1564319
9608608,8,1564319
9609820,10,1568892
9611033,7,1568892
9612245,6,1568892
9613459,5,1568892
9614670,5,1568892
9615882,7,1568892
9617095,7,1568892
9618307,6,1568892
9619520,4,1568892
9620733,7,1571154
9621945,2,1571154
9623157,6,1571154
9624369,7,1571154
9625582,7,1571154
9626795,5,1571154
9628006,7,1571154
9629219,5,1571154
9630431,8,1571154
9631644,6,1573929
9632856,4,1573929
9634068,6,1573929
9635281,7,1573929
9636494,8,1573929
9637706,7,1573929
9638918,6,1573929
9640130,4,1573929
9641343,7,1573929
9642556,5,1569869
9643768,4,1569869
9644980,10,1569869
9646192,9,1569869
9647405,8,1569869
9648617,6,1569869
9649829,5,1569869
9651041,4,1569869
9652254,7,1569869
9653467,9,1569406
9654679,4,1569406
9655892,4,1569406
9657103,4,1569406
9658316,5,1569406
9659528,8,1569406
9660741,4,1569406
9661953,5,1569406
9663165,7,1569406
9664378,4,1570948
9665591,3,1570948
9666802,7,1570948
9668015,6,1570948
9669227,7,1570948
9670440,6,1570948
9671652,8,1570948
9672865,6,1570948
9674077,5,1570948
9675289,6,1567813
9676501,0,1567813
9677714,6,1567813
9678926,7,1567813
9680138,9,1567813
9681351,9,1567813
9682563,4,1567813
9689838,8,1567813
9691050,7,1567813
9692262,5,1567813
9693475,5,1567813
9694687,7,1567813
9695900,8,1567813
9697112,5,1568841
9698324,5,1571976
9699537,3,1571976
9700749,6,1571976
9701962,4,1571976
9703175,4,1571976
9704386,3,1571976
9705599,5,1571976
9706811,3,1571976
9708023,4,1571976
9709236,5,1569612
9710449,6,1569612
9711661,1,1569612
9712873,2,1569612
9714086,1,1569612
9715298,3,1569612
9716510,4,1569612
9717723,6,1569612
9718935,4,1569612
9720148,4,1571256
9721360,4,1571256
9722573,2,1571256
9723785,6,1571256
9724997,5,1571256
9726209,5,1571256
9727422,3,1571256
9728634,2,1571256
9729847,5,1571256
9731060,5,1570331
9732271,2,1570331
9733484,4,1570331
9734697,2,1570331
9735908,6,1570331
9737121,4,1570331
9738334,2,1570331
9739546,6,1570331
9740758,7,1570331
9741970,4,1570340
9743184,5,1572644
9744396,2,1572644
9745608,3,1572644
9746820,3,1572644
9748032,4,1572644
9749245,4,1572644
9750457,6,1572644
9751670,2,1572644
9752882,2,1572634
9754095,3,1570074
9755307,2,1570074
9756519,1,1570074
9757732,5,1570074
9758945,4,1570074
9760156,6,1570074
9761369,7,1570074
9762581,4,1570074
9763794,4,1570074
9765006,5,1570074
9766218,6,1570074
9773492,6,1570074
9774705,3,1570074
9775918,5,1570074
9777130,7,1570074
9778342,3,1570074
9779555,5,1570074
9780767,7,1570074
9781979,11,1570074
9783191,8,1570074
9784404,5,1570074
9785616,6,1569817
9786828,5,1569817
9788041,10,1569817
9789253,8,1569817
9790465,7,1569817
9791677,4,1569817
9792890,6,1569817
9794103,7,1569817
9795316,7,1569817
9796528,7,1566734
9797740,6,1566734
9798952,5,1566734
9800164,7,1566734
9801377,6,1566734
9802590,7,1566734
9803802,6,1566734
9805014,6,1566734
9806226,7,1566734
9807439,7,1570999
9808651,1,1570999
9809864,4,1570999
9811077,7,1570999
9812289,4,1570999
9813502,4,1570999
9814714,6,1570999
9815927,6,1570999
9817138,6,1570999
9818351,6,1570383
9819563,4,1570383
9820776,4,1570383
9821987,5,1570383
9823201,6,1570383
9824413,6,1570383
9825624,6,1570383
9826837,6,1570383
9828049,8,1570383
9829262,7,1567659
9830474,3,1567659
9831687,6,1567659
9832899,6,1567659
9834111,7,1567659
9835323,7,1567659
9836536,7,1567659
9837748,11,1567659
9838960,6,1567659
9840173,4,1570640
9841385,3,1570640
9842597,8,1570640
9843809,6,1570640
9845022,7,1570640
9846234,8,1570640
9847447,10,1570640
9848659,6,1570640
9849871,4,1570640
9857191,9,1570640
9858358,4,1570640
9859570,6,1570640
9860782,5,1570640
9861994,8,1569971
9863207,4,1569971
9864420,4,1569971
9865632,5,1569971
9866844,8,1569971
9868056,8,1569971
9869269,8,1569971
9870481,4,1569971
9871693,7,1569971
9872906,6,1573877
9874118,4,1571924
9875330,5,1571924
9876543,5,1571924
9877755,6,1571924
9878968,3,1571924
9880180,3,1571924
9881392,4,1571924
9882605,7,1571924
9883817,2,1571924
9885030,5,1567505
9886242,4,1567505
9887455,5,1567505
9888667,4,1567505
9889879,4,1567505
9891092,3,1567505
9892304,2,1567505
9893516,4,1567505
9894729,5,1567505
9895941,3,1570126
9897154,8,1570126
9898366,4,1570126
9899579,4,1570126
9900791,-1,1570126
9902003,5,1570126
9903215,5,1570126
9904428,5,1570126
9905640,4,1570126
9906852,3,1570948
9908065,3,1570948
9909277,3,1570948
9910489,2,1570948
9911702,5,1570948
9912915,2,1570948
9914127,3,1570948
9915339,4,1570948
9916552,6,1570948
9917764,9,1570485
9918977,5,1570485
9920188,3,1570485
9921401,4,1570485
9922613,3,1570485
9923826,4,1570485
9925038,5,1570485
9926250,4,1570485
9927463,3,1570485
9928675,3,1570390
9929888,2,1572438
9931100,6,1572438
9932313,7,1572438
9933525,7,1572438
9942012,8,1572438
9943223,8,1572438
9944436,5,1572438
9945648,7,1572438
9946861,8,1572438
9948073,5,1572438
9949285,6,1566939
9950497,4,1566939
9951710,3,1566939
9952922,7,1566939
9954134,4,1566939
9955347,6,1566939
9956559,7,1566939
9957772,4,1566939
9958984,3,1566939
9960197,5,1569201
9961409,6,1569201
9962621,3,1569201
9963833,7,1569201
9965046,6,1569201
9966258,8,1569201
9967471,5,1569201
9968683,7,1569201
9969896,9,1569201
9971108,5,1569201
9972321,6,1570177
9973532,5,1570177
9974745,10,1570177
9975958,6,1570177
9977170,7,1570177
9978382,4,1570177
9979594,8,1570177
9980807,6,1570177
9982020,7,1570177
9983232,8,1570280
9984445,8,1570280
9985656,8,1570280
9986869,5,1570280
9988081,6,1570280
9989293,6,1570280
9990506,5,1570280
9991719,4,1570280
9992930,4,1570280
9994143,7,1570074
9995356,4,1570074
9996568,8,1570074
9997780,5,1570074
9998993,5,1570074
10000205,6,1570074
10001417,5,1570074
10002630,7,1570074
10003842,6,1570074
10005054,8,1574134
10006267,3,1574134
10007479,5,1574134
10008692,6,1574134
10009905,4,1574134
10011117,7,1574134
10012329,7,1574134
10013541,4,1574134
10014754,9,1574134
10015966,8,1569971
10017178,2,1569971
10018391,12,1569971
10025666,8,1569971
10026878,8,1571256
10028091,4,1571256
10029303,7,1571256
10030515,7,1571256
10031728,5,1571256
10032941,7,1571256
10034153,7,1571256
10035365,6,1571256
10036578,6,1571256
10037791,4,1569560
10039004,4,1569560
10040216,8,1569560
10041428,7,1569560
10042640,6,1569560
10043853,7,1569560
10045065,6,1569560
10046278,7,1569560
10047490,4,1569560
10048703,6,1566271
10049914,4,1566271
10051128,3,1566271
10052341,7,1566271
10053552,9,1566271
10054765,8,1566271
10055978,6,1566271
10057191,6,1566271
10058403,6,1566271
10059616,7,1566374
10060828,3,1571256
10062041,4,1571256
10063252,6,1571256
10064465,3,1571256
10065677,4,1571256
10066890,4,1571256
10068102,3,1571256
10069315,4,1571256
10070527,4,1571256
10071740,4,1572336
10072953,5,1572336
10074165,6,1572336
10075377,4,1572336
10076590,5,1572336
10077803,5,1572336
10079016,3,1572336
10080227,4,1572336
10081440,2,1572336
10082652,3,1569303
10083865,5,1569303
10085077,2,1569303
10086290,0,1569303
10087503,4,1569303
10088714,5,1569303
10089927,4,1569303
10091140,7,1569303
10092352,4,1569303
10093564,6,1569560
10094776,4,1569560
10095989,4,1569560
10097202,4,1569560
10098414,4,1569560
10099626,4,1569560
10100839,-1,1569560
10102051,6,1569560
10109326,1,1569560
10110538,5,1569560
10111751,9,1569560
10112963,5,1569560
10114176,5,1570280
10115388,4,1570283
10116602,2,1571051
10117813,4,1571051
10119026,6,1571051
10120238,5,1571051
10121451,6,1571051
10122664,3,1571051
10123876,3,1571051
10125089,3,1571051
10126300,5,1570883
10127513,5,1567299
10128725,3,1567299
10129938,3,1567299
10131150,4,1567299
10132364,5,1567299
10133576,5,1567299
10134788,4,1567299
10136001,5,1567299
10137213,4,1567299
10138426,4,1567299
10139638,7,1567299
10140850,3,1567299
10142063,5,1567299
10143275,5,1567299
10144488,5,1567299
10145700,8,1567299
10146914,7,1567299
10148125,6,1567299
10149337,5,1567299
10150550,4,1567299
10151763,4,1567299
10152975,5,1567299
10154187,7,1567299
10155400,7,1567299
10156612,7,1567299
10157824,4,1567299
10159037,8,1568738
10160250,9,1568738
10161463,6,1568738
10162674,6,1568738
10163887,7,1568738
10165100,6,1568738
10166311,7,1568738
10167524,5,1568738
10168737,9,1568738
10169949,7,1571462
10171162,5,1571462
10172374,8,1571462
10173587,5,1571462
10174800,4,1571462
10176011,9,1571462
10177224,6,1571462
10178436,5,1571462
10179649,6,1571462
10180861,7,1565860
10182074,5,1565860
10183287,7,1565860
10184500,5,1565860
10185711,9,1565860
10194200,4,1565860
10195412,5,1565860
10196624,9,1565860
10197837,6,1565860
10199049,9,1565860
10200262,7,1565860
10201475,6,1565860
10202687,6,1568789
10203899,6,1568789
10205112,7,1568789
10206324,7,1568789
10207536,7,1568789
10208749,9,1568789
10209962,9,1568789
10211174,5,1568789
10212387,6,1568789
10213600,10,1570588
10214812,6,1570588
10216024,7,1570588
10217237,7,1570588
10218449,11,1570588
10219662,8,1570588
10220875,7,1570588
10222087,4,1570588
10223300,6,1570588
10224512,7,1569560
10225724,6,1569560
10226937,6,1569560
10228149,9,1569560
10229362,6,1569560
10230574,7,1569560
10231787,4,1569560
10232999,8,1569560
10234212,8,1569560
10235424,8,1569766
10236637,5,1569766
10237849,9,1569766
10239062,7,1569766
10240274,6,1569766
10241486,6,1569766
10242699,7,1569766
10243912,7,1569766
10245124,5,1569766
10246337,5,1568430
10247549,6,1569971
10248761,4,1569971
10249974,4,1569971
10251186,5,1569971
10252399,3,1569971
10253611,3,1569971
10254824,4,1569971
10256037,3,1569971
10257249,6,1569971
10258462,3,1571616
10259674,4,1571616
10260886,4,1571616
10262099,3,1571616
10263311,4,1571616
10264524,2,1571616
10265736,5,1571616
10266949,2,1571616
10268161,4,1571616
10269374,7,1568533
10270586,8,1568533
10279074,5,1568533
10280287,3,1570948
10281499,3,1570948
10282712,3,1570948
10283924,4,1570948
10285137,2,1570948
10286349,3,1570948
10287562,3,1570948
10288774,3,1570948
10289988,7,1570948
10291200,3,1563393
10292412,6,1563393
10293625,3,1563393
10294837,3,1563393
10296049,6,1563393
10297262,5,1563393
10298474,3,1563393
10299687,4,1563393
10300899,3,1563393
10302112,4,1563571
10303325,5,1569715
10304537,4,1569715
10305749,9,1569715
10306962,5,1569715
10308174,3,1569715
10309387,4,1569715
10310600,1,1569715
10311813,3,1569715
10313025,6,1569657
10314238,6,1568121
10315450,7,1568121
10316662,4,1568121
10317875,5,1568121
10319087,4,1568121
10320300,5,1568121
10321512,4,1568121
10322725,5,1568121
10323937,5,1568164
10325150,3,1568164
10326362,7,1568164
10327575,5,1568164
10328787,5,1568164
10330000,5,1568164
10331213,3,1568164
10332425,7,1568164
10333637,7,1565860
10334850,4,1565860
10336062,4,1565860
10337276,6,1565860
10338487,6,1565860
10339701,7,1565860
10340915,7,1565860
10342125,6,1565860
10343338,4,1565860
10344551,8,1565860
10345763,5,1566220
10346976,3,1566220
10348188,8,1566220
10349401,11,1566220
10350613,5,1566220
10351826,6,1566220
10353038,3,1566220
10354251,6,1566220
10355463,5,1566220
10362738,6,1566220
10363951,8,1566220
10365163,8,1566220
10366376,6,1566220
10367589,3,1566477
10368801,4,1566477
10370014,8,1566477
10371226,5,1566477
10372439,8,1566477
10373651,5,1566477
10374864,6,1566477
10376077,8,1566477
10377289,7,1566477
10378502,5,1568481
10379713,3,1568481
10380926,5,1568481
10382138,5,1568481
10383351,6,1568481
10384563,6,1568481
10385777,3,1568481
10386988,7,1568481
10388202,7,1568481
10389414,5,1571513
10390626,5,1571513
10391839,7,1571513
10393051,7,1571513
10394264,6,1571513
10395476,5,1571513
10396689,8,1571513
10397902,9,1571513
10399114,10,1571513
10400327,5,1570588
10401539,4,1570588
10402752,10,1570588
10403964,7,1570588
10405176,7,1570588
10406389,9,1570588
10407601,9,1570588
10408814,4,1570588
10410026,4,1570588
10411240,6,1571051
10412452,6,1571051
10413664,7,1571051
10414877,9,1571051
10416089,7,1571051
10417302,7,1571051
10418514,9,1571051
10419726,6,1571051
10420939,4,1571051
10422151,9,1570331
10423364,4,1570331
10424577,7,1570331
10425789,4,1570331
10427002,7,1570331
10428214,9,1570331
10429426,7,1570331
10430639,9,1570331
10431851,7,1570331
10433064,5,1569201
10434276,5,1569201
10435490,7,1569201
10436702,8,1569201
10437914,5,1569201
10439126,5,1569201
10446401,8,1569201
10447615,4,1569201
10448826,10,1569201
10450040,7,1569201
10451252,5,1569201
10452464,7,1569201
10453677,6,1569201
10454890,9,1571051
10456102,4,1569149
10457315,4,1569149
10458528,6,1569149
10459740,5,1569149
10460953,5,1569149
10462165,3,1569149
10463377,5,1569149
10464591,3,1569149
10465802,2,1569149
10467016,3,1509883
10468227,5,1575419
10469441,5,1575419
10470652,3,1575419
10471865,3,1575419
10473078,3,1575419
10474290,3,1575419
10475502,5,1575419
10476715,5,1575419
10477928,5,1630368
10479140,2,1564832
10480352,4,1564832
10481565,5,1564832
10482777,4,1564832
10483990,7,1564832
10485203,6,1564832
10486415,4,1564832
10487627,5,1564832
10488839,5,1564832
10490053,2,1564832
10491264,4,1564832
10492477,3,1564832
10493690,1,1564832
10494902,4,1564832
10496115,-1,1564832
10497327,3,1564832
10498540,4,1564832
10499752,10,1564689
10500965,5,1567505
10502177,3,1567505
10503390,3,1567505
10504602,3,1567505
10505815,4,1567505
10507027,6,1567505
10508239,3,1567505
10509452,6,1567505
10510664,5,1567723
10511876,4,1571051
10513089,4,1571051
10514301,4,1571051
10515514,3,1571051
10516726,4,1571051
10517939,5,1571051
10519152,3,1571051
10520364,5,1571051
10521577,8,1571051
10522789,5,1571051
10530191,2,1571051
10531277,7,1574699
10532488,2,1574699
10533702,3,1574699
10534914,6,1574699
10536126,6,1574699
10537338,4,1574699
10538551,7,1574699
10539764,7,1574699
10540976,7,1574699
10542188,8,1574699
10543401,5,1567710
10544613,6,1567710
10545826,6,1567710
10547038,7,1567710
10548250,6,1567710
10549464,8,1567710
10550676,9,1567710
10551889,6,1567710
10553101,6,1567710
10554313,6,1568019
10555526,3,1568019
10556738,6,1568019
10557950,4,1568019
10559163,7,1568019
10560376,3,1568019
10561588,8,1568019
10562801,5,1568019
10564013,8,1568019
10565226,5,1567196
10566438,4,1567196
10567650,5,1567196
10568864,7,1567196
10570075,7,1567196
10571289,6,1567196
10572500,6,1567196
10573713,7,1567196
10574926,6,1567196
10576138,6,1568892
10577351,3,1568892
10578563,9,1568892
10579776,5,1568892
10580988,5,1568892
10582200,6,1568892
10583413,9,1568892
10584626,6,1568892
10585838,6,1568892
10587050,8,1564987
10588263,5,1564987
10589475,4,1564987
10590688,6,1564987
10591900,9,1564987
10593113,8,1569920
10601599,8,1569920
10602812,5,1569920
10604025,9,1569920
10605237,6,1569920
10606449,4,1569920
10613724,13,1569920
10614936,7,1569920
10616149,5,1569920
10617361,6,1569920
10618574,8,1569920
10619787,5,1571770
10620999,3,1571770
10622211,7,1571770
10623424,9,1571770
10624636,9,1571770
10625849,5,1571770
10627061,5,1571770
10628274,6,1571770
10629486,8,1571770
10630698,7,1570999
10631911,4,1568224
10633123,5,1568224
10634336,4,1568224
10635549,6,1568224
10636761,3,1568224
10637974,5,1568224
10639186,4,1568224
10640398,4,1568224
10641611,4,1568224
10642824,1,1569715
10644037,5,1569715
10645249,9,1569715
10646462,4,1569715
10647674,4,1569715
10648886,6,1569715
10650099,4,1569715
10651312,4,1569715
10652525,4,1569715
10653737,5,1570229
10654949,2,1570229
10656162,4,1570229
10657374,3,1570229
10658587,4,1570229
10659799,4,1570229
10661013,4,1570229
10662224,3,1570229
10663437,6,1570229
10664649,4,1570126
10665863,6,1570126
10667075,3,1570126
10668287,3,1570126
10669500,3,1570126
10670712,3,1570126
10671925,6,1570126
10673137,3,1570126
10674350,2,1570126
10675563,3,1571154
10676774,6,1571154
10677988,4,1571154
10679200,3,1571154
10680412,5,1571154
10681625,4,1571154
10682837,4,1571154
10684050,4,1571154
10685262,5,1571154
10686474,3,1571148
10687687,0,1569612
10688899,6,1569612
10690111,4,1569612
10698599,4,1569612
10699811,9,1569612
10701023,9,1569612
10702235,6,1569612
10703448,10,1569612
10704660,7,1569612
10705873,6,1569612
10707085,5,1569663
10708298,5,1569663
10709510,3,1569663
10710723,5,1569663
10711936,6,1569663
10713148,6,1569663
10714361,4,1569663
10715572,8,1569663
10716785,4,1569663
10717998,7,1567608
10719211,4,1567608
10720423,6,1567608
10721635,7,1567608
10722847,6,1567608
10724060,5,1567608
10725273,7,1567608
10726485,4,1567608
10727698,6,1567608
10728910,5,1567608
10730122,8,1571513
10731335,3,1571513
10732547,8,1571513
10733760,5,1571513
10734972,8,1571513
10736185,9,1571513
10737397,7,1571513
10738610,3,1571513
10739822,6,1571513
10741035,6,1565192
10742247,10,1565192
10743460,6,1565192
10744673,5,1565192
10745885,7,1565192
10747098,6,1565192
10748310,6,1565192
10749523,8,1565192
10750735,6,1565192
10751948,3,1571256
10753160,3,1571256
10754373,4,1571256
10755585,6,1571256
10756798,6,1571256
10758010,7,1571256
10759223,8,1571256
10760435,7,1571256
10761648,7,1571256
10762861,7,1568738
10764074,3,1568738
10765285,6,1568738
10766498,7,1568738
10767711,3,1568738
10768923,3,1568738
10770135,4,1568738
10771348,5,1568738
10772561,9,1568738
10773773,6,1571513
10774986,7,1571513
10782262,10,1571513
10783473,8,1571513
10784686,4,1569355
10785898,5,1569355
10787111,10,1569355
10788323,4,1569355
10789536,5,1569355
10790748,7,1569355
10791961,7,1569355
10793173,6,1569355
10794386,10,1569355
10795598,5,1570588
10796810,4,1570588
10798023,8,1570588
10799236,7,1570588
10800448,11,1570588
10801660,6,1570588
10802873,7,1570588
10804085,6,1570588
10805298,7,1570588
10806510,8,1572130
10807723,5,1572130
10808935,6,1572130
10810148,5,1572130
10811361,6,1572130
10812573,7,1572130
10813785,4,1572130
10814998,6,1572130
10816210,9,1572130
10817423,6,1568584
10818635,3,1567813
10819848,2,1567813
10821061,6,1567813
10822273,7,1567813
10823485,3,1567813
10824698,2,1567813
10825911,3,1567813
10827123,4,1567813
10828335,3,1567813
10829548,6,1568481
10830760,6,1568481
10831973,2,1568481
10833186,3,1568481
10834397,4,1568481
10835610,3,1568481
10836822,4,1568481
10838036,3,1568481
10839247,7,1568481
10840460,3,1570177
10841672,4,1570177
10842885,5,1570177
10844098,3,1570177
10845310,4,1570177
10846523,4,1570177
10847735,5,1570177
10848948,4,1570177
10850160,4,1570177
10851373,3,1565192
10852585,3,1565192
10853797,5,1565192
10855009,5,1565192
10856222,6,1565192
10857435,4,1565192
10858647,7,1565192
10867134,2,1565192
10868346,5,1565192
10869558,4,1565192
10870771,4,1565192
10871983,10,1570485
10873196,5,1570477
10874408,4,1568173
10875621,5,1568173
10876833,5,1568173
10878046,4,1568173
10879258,7,1568173
10880470,2,1568173
10881683,4,1568173
10882895,2,1568173
10884109,2,1568128
10885320,4,1569920
10886534,5,1569920
10887745,8,1569920
10888958,5,1569920
10890170,4,1569920
10891383,4,1569920
10892596,3,1569920
10893808,3,1569920
10895020,6,1569920
10896232,4,1569920
10897445,8,1569920
10898658,5,1569920
10899870,5,1569920
10901083,5,1569920
10902296,4,1569920
10903508,6,1569920
10904720,6,1570794
10905932,2,1570794
10907145,8,1570794
10908358,6,1570794
10909571,5,1570794
10910783,4,1570794
10911996,8,1570794
10913208,6,1570794
10914421,5,1570794
10915634,7,1570794
10916845,9,1565912
10918058,6,1565912
10919271,7,1565912
10920483,6,1565912
10921695,6,1565912
10922908,6,1565912
10924120,4,1565912
10925333,10,1565912
10926545,9,1565912
10927758,6,1568995
10928970,-2,1568995
10930183,8,1568995
10931395,7,1568995
10932608,4,1568995
10933820,7,1568995
10935033,5,1568995
10936245,7,1568995
10937458,9,1568995
10938670,9,1565809
10939883,5,1565809
10941096,5,1565809
10942307,6,1565809
10943520,6,1571256
10950795,-4,1571256
10952007,4,1571256
10953220,7,1571256
10954432,8,1571256
10955645,7,1571256
10956858,5,1571256
10958069,9,1571256
10959282,8,1571256
10960494,4,1567196
10961708,3,1567196
10962919,9,1567196
10964132,7,1567196
10965344,6,1567196
10966557,5,1567196
10967769,5,1567196
10968982,6,1567196
10970194,4,1567196
10971407,8,1569149
10972620,4,1569149
10973832,11,1569149
10975045,4,1569149
10976257,7,1569149
10977469,7,1569149
10978682,7,1569149
10979895,5,1569149
10981107,5,1569149
10982319,6,1564781
10983532,4,1564781
10984745,15,1564781
10985957,7,1564781
10987169,9,1564781
10988382,10,1564781
10989594,6,1564781
10990806,7,1564781
10992019,8,1564781
10993232,5,1568841
10994444,7,1568841
10995656,8,1568841
10996869,6,1568841
10998081,5,1568841
10999294,2,1568841
11000507,6,1568841
11001719,6,1568841
11002931,4,1568841
11004143,5,1562417
11005357,5,1571616
11006569,6,1571616
11007781,3,1571616
11008994,6,1571616
11010206,3,1571616
11011419,3,1571616
11012631,3,1571616
11013844,4,1571616
11015056,8,1571616
11016268,5,1572284
11017481,5,1572284
11018693,6,1572284
11019906,4,1572284
11021118,4,1572284
11022330,3,1572284
11023544,3,1572284
11024755,5,1572284
11025968,4,1572284
11027180,6,1572284
11035668,4,1572284
11036880,5,1565141
11038092,4,1567865
11039305,9,1567865
11040517,6,1567865
11041730,5,1567865
11042942,4,1567865
11044155,5,1567865
11045368,3,1567865
11046580,3,1567865
11047792,4,1567865
11049005,6,1565603
11050217,7,1565603
11051430,5,1565603
11052642,6,1565603
11053854,4,1565603
11055066,1,1565603
11056279,-3,1565603
11057491,2,1565603
11058704,6,1565603
11059916,9,1565520
11061129,8,1570640
11062341,3,1570640
11063554,5,1570640
11064766,3,1570640
11065978,3,1570640
11067190,-1,1570640
11068403,5,1570640
11069615,7,1570640
11070829,6,1570771
11072041,5,1564627
11073253,6,1564627
11074466,3,1564627
11075679,1,1564627
11076890,3,1564627
11078103,3,1564627
11079315,4,1564627
11080527,5,1564627
11081740,6,1564627
11082953,5,1564627
11084165,7,1564627
11085378,5,1564627
11086590,4,1564627
11087803,6,1564627
11089015,6,1564627
11090228,8,1564627
11091440,7,1564627
11092652,4,1564627
11093865,4,1564627
11095078,8,1564627
11096290,4,1564627
11097503,5,1564627
11098716,3,1564627
11099927,8,1564627
11101140,7,1564627
11102352,9,1564627
11103565,4,1563239
11104777,4,1563239
11105990,7,1563239
11107202,4,1563239
11108416,5,1563239
11109628,9,1563239
11110840,5,1563239
11112052,10,1563239
11119327,2,1563239
11120540,9,1563239
11121753,11,1563239
11122965,5,1563239
11124177,5,1563239
11125390,1,1562160
11126603,1,1562160
11127814,4,1562160
11129027,11,1562160
11130240,10,1562160
11131452,17,1562160
11132665,9,1562160
11133878,7,1562160
11135090,1,1562160
11136302,2,1562314
11137514,3,1562314
11138727,10,1562314
11139939,11,1562314
11141153,9,1562314
11142365,8,1562314
11143577,4,1562314
11144790,4,1562314
11146002,3,1562314
11147214,5,1564421
11148427,4,1564421
11149639,6,1564421
11150852,9,1564421
11152064,10,1564421
11153277,8,1564421
11154490,6,1564421
11155702,3,1564421
11156914,4,1564421
11158127,9,1573569
11159339,6,1573569
11160551,10,1573569
11161764,9,1573569
11162977,6,1573569
11164189,6,1573569
11165402,4,1573569
11166614,3,1573569
11167826,4,1573569
11169039,7,1566426
11170251,9,1566426
11171464,8,1566426
11172676,7,1566426
11173889,6,1566426
11175101,5,1566426
11176313,2,1566426
11177526,6,1566426
11178739,6,1566426
11179951,8,1566580
11181164,8,1566580
11182375,9,1566580
11183588,8,1566580
11184801,4,1566580
11186013,7,1566580
11187225,6,1566580
11188437,6,1566580
11189650,6,1566580
11190862,7,1567505
11192075,5,1564267
11193287,6,1564267
11194500,4,1564267
11195712,8,1569766
11204200,16,1569766
11205412,5,1569766
11206624,4,1569766
11207836,4,1569766
11209049,6,1569766
11210261,5,1569766
11211474,3,1569766
11212686,4,1569766
11213898,4,1565809
11215111,6,1565809
11216323,5,1565809
11217536,5,1565809
11218748,8,1565809
11219960,4,1565809
11221172,3,1565809
11222385,5,1565809
11223598,7,1565809
11224810,5,1567967
11226023,3,1567967
11227234,2,1567967
11228447,6,1567967
11229659,6,1567967
11230872,5,1567967
11232085,5,1567967
11233296,5,1567967
11234509,3,1567967
11235722,4,1565912
11236934,4,1565912
11238146,2,1565912
11239359,0,1565912
11240572,4,1565912
11241783,3,1565912
11242997,5,1565912
11244208,3,1565912
11245421,4,1565912
11246633,-1,1565863
11247846,3,1566631
11249058,6,1566631
11250270,3,1566631
11251483,3,1566631
11252695,4,1566631
11253908,6,1566631
11255121,3,1566631
11256333,6,1566631
11257545,5,1566568
11258757,6,1563496
11259970,6,1563496
11261183,6,1563496
11262394,3,1563496
11263607,3,1563496
11264819,5,1563496
11266032,5,1563496
11267244,6,1563496
11268457,4,1563496
11269669,4,1563496
11270882,7,1563496
11272095,3,1563496
11273306,6,1563496
11274518,6,1563496
11275732,6,1563496
11276943,4,1563496
11278157,8,1563496
11279369,6,1563496
11280581,7,1563496
11289068,7,1563496
11290281,7,1565912
11291493,3,1565912
11292706,7,1565912
11293917,3,1565912
11295130,4,1565912
11296342,7,1565912
11297555,5,1565912
11298768,6,1565912
11299980,6,1565912
11301193,6,1566734
11302405,6,1566734
11303618,7,1566734
11304831,7,1566734
11306042,5,1566734
11307255,4,1566734
11308468,4,1566734
11309680,6,1566734
11310892,8,1566734
11312105,4,1566888
11313318,6,1566888
11314529,6,1566888
11315742,10,1566888
11316954,7,1566888
11318168,7,1566888
11319380,5,1566888
11320592,8,1566888
11321805,5,1566888
11323017,9,1565244
11324229,5,1565244
11325442,8,1565244
11326654,6,1565244
11327866,6,1565244
11329079,7,1565244
11330291,6,1565244
11331504,6,1565244
11332716,7,1565244
11333929,9,1562777
11335141,4,1562777
11336353,9,1562777
11337566,5,1562777
11338778,4,1562777
11339991,4,1562777
11341204,5,1562777
11342415,7,1562777
11343628,10,1562777
11344840,3,1566991
11346053,7,1566991
11347265,6,1566991
11348477,4,1566991
11349691,6,1566991
11350903,6,1566991
11352115,2,1566991
11353328,8,1566991
11354540,6,1566991
11355752,10,1564421
11356965,5,1564421
11358177,8,1564421
11359389,6,1564421
11360602,10,1564421
11361815,6,1564421
11363026,5,1564421
11364239,5,1564421
11365451,6,1564421
11372726,9,1564421
11373938,8,1564421
11375150,8,1564421
11376362,7,1564421
11377575,7,1552396
11378787,5,1566426
11379999,4,1566426
11381212,5,1566426
11382424,3,1566426
11383637,5,1566426
11384849,0,1566426
11386062,4,1566426
11387274,6,1566426
11388487,2,1566426
11389699,4,1565295
11390911,4,1565295
11392124,3,1565295
11393336,3,1565295
11394548,7,1565295
11395761,5,1565295
11396974,4,1565295
11398186,3,1565295
11399399,3,1565295
11400610,3,1565860
11401823,5,1565860
11403035,4,1565860
11404248,9,1565860
11405461,2,1565860
11406673,3,1565860
11407885,3,1565860
11409098,3,1565860
11410310,4,1565860
11411522,3,1566785
11412735,6,1566785
11413948,4,1566785
11415160,5,1566785
11416372,3,1566785
11417585,5,1566785
11418798,3,1566785
11420010,4,1566785
11421222,5,1566785
11422435,5,1564113
11423647,4,1564113
11424860,2,1564113
11426072,4,1564113
11427284,5,1564113
11428497,5,1564113
11429709,5,1564113
11430922,5,1564113
11432134,5,1564113
11433347,5,1564070
11434559,5,1566374
11435772,3,1566374
11436985,4,1566374
11438197,4,1566374
11439409,4,1566374
11440621,4,1566374
11441834,3,1566374
11443046,1,1566374
11444259,3,1566371
11445472,3,1565603
11446684,5,1565603
11447897,3,1565603
11449109,5,1565603
11457597,3,1565603
11458809,4,1565603
11460022,10,1565603
11461234,6,1565603
11462447,8,1565603
11463660,6,1565603
11464872,6,1562879
11466085,4,1562879
11467297,4,1562879
11468510,5,1562879
11469722,8,1562879
11470934,6,1562879
11472147,5,1562879
11473360,6,1562879
11474573,4,1562879
11475785,5,1562879
11476997,7,1565552
11478209,2,1565552
11479422,6,1565552
11480634,7,1565552
11481847,9,1565552
11483060,9,1565552
11484272,7,1565552
11485485,5,1565552
11486697,7,1565552
11487910,7,1566837
11489122,4,1566837
11490334,6,1566837
11491547,6,1566837
11492759,10,1566837
11493971,6,1566837
11495184,5,1566837
11496397,5,1566837
11497609,7,1566837
11498822,8,1563496
11500034,4,1563496
11501246,6,1563496
11502460,5,1563496
11503672,5,1563496
11504885,6,1563496
11506097,7,1563496
11507309,7,1563496
11508522,7,1563496
11509734,8,1567299
11510947,5,1567299
11512159,7,1567299
11513372,4,1567299
11514584,7,1567299
11515797,6,1567299
11517009,7,1567299
11518222,7,1567299
11519434,8,1567299
11520646,6,1563188
11521859,5,1563188
11523072,6,1563188
11524283,6,1563188
11525496,5,1563188
11526708,5,1563188
11527921,4,1563188
11529134,3,1563188
11530347,6,1563188
11531558,8,1564267
11532771,4,1564267
11533983,6,1564267
11541261,14,1564267
11542471,7,1564061
11543683,3,1564061
11544896,6,1564061
11546109,7,1564061
11547321,7,1564061
11548533,3,1564061
11549746,7,1564061
11550959,6,1564061
11552171,7,1564061
11553384,7,1565398
11554597,3,1565398
11555809,6,1565398
11557022,4,1565398
11558234,6,1565398
11559447,9,1565398
11560660,11,1565398
11561872,7,1565398
11563084,10,1565398
11564297,6,1564473
11565509,4,1564473
11566722,10,1564473
11567934,7,1564473
11569147,4,1564473
11570359,6,1564473
11571572,4,1564473
11572784,4,1564473
11573997,6,1564473
11575210,9,1563239
11576422,5,1562623
11577635,5,1562623
11578847,0,1562623
11580060,2,1562623
11581273,4,1562623
11582484,2,1562623
11583697,5,1562623
11584909,4,1562623
11586122,5,1562623
11587335,5,1559077
11588547,7,1559077
11589760,4,1559077
11590972,4,1559077
11592184,2,1559077
11593397,2,1559077
11594609,3,1559077
11595822,5,1559077
11597034,8,1559077
11598247,11,1565244
11599459,2,1565244
11600672,1,1565244
11601885,1,1565244
11603097,3,1565244
11604310,5,1565244
11605522,5,1565244
11606734,6,1565244
11607946,8,1565244
11609159,7,1561698
11610371,4,1561698
11611584,5,1561698
11612796,3,1561698
11614008,4,1561698
11615221,3,1561698
11616433,6,1561698
11617646,5,1561698
11626133,8,1561698
11627346,10,1561698
11628558,11,1561698
11629771,4,1562469
11630983,4,1562517
11632196,2,1561749
11633408,6,1561749
11634620,3,1561749
11635833,2,1561749
11637046,5,1561749
11638258,8,1561749
11639471,4,1561749
11640683,5,1561749
11641896,2,1561820
11643108,2,1567196
11644321,3,1567196
11645534,3,1567196
11646746,7,1567196
11647959,5,1567196
11649172,5,1567196
11650384,5,1567196
11651597,3,1567196
11652809,5,1567196
11654021,4,1567196
11655235,8,1567196
11656446,8,1567196
11657659,6,1567196
11658871,6,1567196
11660084,5,1567196
11661297,8,1567196
11662509,6,1558254
11663721,4,1558254
11664934,4,1558254
11666146,6,1558254
11667359,7,1558254
11668572,8,1558254
11669784,8,1558254
11670997,8,1558254
11672209,7,1558254
11673421,6,1558254
11674634,6,1564576
11675846,3,1564576
11677059,9,1564576
11678272,7,1564576
11679484,6,1564576
11680697,7,1564576
11681909,10,1564576
11683122,7,1564576
11684334,8,1564576
11685546,5,1561646
11686759,3,1561646
11687972,6,1561646
11689184,6,1561646
11690397,8,1561646
11691609,9,1561646
11692822,6,1561646
11694034,6,1561646
11695247,6,1561646
11696460,5,1567865
11697672,4,1567865
11698885,6,1567865
11700097,8,1567865
11701310,4,1567865
11702522,3,1567865
11709798,6,1567865
11711010,6,1567865
11712224,8,1567865
11713435,3,1567865
11714648,3,1567865
11715861,6,1567865
11717074,6,1567865
11718286,8,1564627
11719498,7,1564627
11720711,9,1564627
11721924,6,1564627
11723136,7,1564627
11724349,4,1564627
11725561,7,1564627
11726774,5,1564627
11727986,8,1564627
11729199,9,1563239
11730411,4,1563239
11731624,8,1563239
11732836,7,1563239
11734049,6,1563239
11735261,5,1563239
11736475,5,1563239
11737686,11,1563239
11738899,10,1563239
11740112,8,1562623
11741324,6,1562623
11742536,7,1562623
11743749,11,1562623
11744962,6,1562623
11746174,3,1562623
11747386,9,1562623
11748599,9,1562623
11749812,8,1562623
11751024,6,1566426
11752236,4,1566426
11753450,11,1566426
11754662,5,1566426
11755874,4,1566426
11757086,3,1566426
11758300,7,1566426
11759512,5,1566426
11760724,9,1566426
11761937,6,1563959
11763150,6,1564164
11764362,4,1564164
11765575,4,1564164
11766786,1,1564164
11768000,3,1564164
11769212,4,1564164
11770424,4,1564164
11771637,4,1564164
11772850,4,1564164
11774062,4,1562417
11775274,4,1562417
11776487,3,1562417
11777699,3,1562417
11778912,3,1562417
11780125,7,1562417
11781338,3,1562417
11782550,6,1562417
11783762,6,1562417
11784974,5,1562417
11786187,7,1562417
11794674,4,1562417
11795887,-4,1563393
11797100,3,1563393
11798311,4,1563393
11799525,3,1563393
11800736,3,1563393
11801949,5,1563393
11803162,4,1563393
11804374,5,1563393
11805587,4,1563393
11806799,5,1565141
11808011,2,1565141
11809224,2,1565141
11810437,4,1565141
11811649,7,1565141
11812862,4,1565141
11814074,4,1565141
11815287,4,1565141
11816499,5,1565141
11817712,4,1565087
11818925,4,1564319
11820137,4,1564319
11821349,4,1564319
11822562,5,1564319
11823775,5,1564319
11824987,5,1564319
11826200,5,1564319
11827412,4,1564319
11828625,4,1564413
11829837,5,1562109
11831049,7,1562109
11832262,6,1562109
11833474,1,1562109
11834687,4,1562109
11835899,5,1562109
11837111,4,1562109
11838324,8,1562109
11839537,4,1562109
11840749,9,1562109
11841962,5,1562109
11843174,6,1562109
11844386,5,1562109
11845600,5,1562109
11846812,4,1562109
11848024,9,1562109
11849237,8,1562674
11850449,7,1562674
11851662,5,1562674
11852875,9,1562674
11854087,9,1562674
11855300,8,1562674
11856512,4,1562674
11857724,5,1562674
11858937,5,1562674
11860149,5,1562674
11861362,8,1562725
11862574,8,1562725
11863787,6,1562725
11864999,5,1562725
11866212,2,1562725
11867424,4,1562725
11868637,3,1562725
11869849,7,1562725
11871062,10,1562725
11878337,1,1562725
11879549,3,1562725
11880762,6,1562725
11881974,6,1562725
11883187,9,1561029
11884399,4,1561029
11885612,6,1561029
11886824,6,1561029
11888037,6,1561029
11889250,6,1561029
11890462,4,1561029
11891674,8,1561029
11892887,8,1561029
11894100,4,1569355
11895313,1,1569355
11896526,6,1569355
11897738,2,1569355
11898951,5,1569355
11900164,9,1569355
11901376,7,1569355
11902588,8,1569355
11903801,6,1569355
11905014,6,1555325
11906226,5,1555325
11907438,4,1555325
11908651,5,1555325
11909864,7,1555325
11911077,7,1555325
11912289,10,1555325
11913501,4,1555325
11914714,6,1555325
11915926,4,1560207
11917140,3,1560207
11918352,5,1560207
11919564,8,1560207
11920777,5,1560207
11921989,9,1560207
11923202,8,1560207
11924415,9,1560207
11925627,7,1560207
11926839,5,1559745
11928051,5,1559745
11929264,5,1559745
11930476,5,1559745
11931689,7,1559745
11932902,8,1559745
11934114,10,1559745
11935326,8,1559745
11936539,5,1559745
11937752,9,1555479
11938965,4,1555479
11940176,7,1555479
11941389,5,1555479
11942602,8,1555479
11943814,6,1555479
11945027,7,1555479
11946239,5,1555479
11947452,6,1555479
11948664,6,1558922
11949877,3,1561801
11951089,4,1561801
11952302,4,1561801
11953514,5,1561801
11954727,10,1561801
11963214,8,1561801
11964427,6,1561801
11965639,8,1561801
11966853,6,1561801
11968065,4,1561801
11969277,3,1561801
11970490,2,1561698
11971702,4,1556713
11972915,8,1556713
11974127,8,1556713
11975340,4,1556713
11976552,10,1556713
11977764,4,1556713
11978977,1,1556713
11980190,1,1556713
11981402,3,1556713
11982614,5,1561132
11983827,8,1561132
11985039,10,1561132
11986252,10,1561132
11987464,4,1561132
11988677,3,1561132
11989889,-2,1561132
11991102,2,1561132
11992315,6,1561132
11993528,4,1560104
11994740,4,1560104
11995953,7,1560104
11997165,4,1560104
11998377,4,1560104
11999591,1,1560104
12000802,4,1560104
12002016,4,1560104
12003227,7,1560104
12004440,7,1560273
12005652,5,1564113
12006865,5,1564113
12008077,5,1564113
12009290,1,1564113
12010502,2,1564113
12011715,4,1564113
12012927,5,1564113
12014141,4,1564113
12015353,7,1564047
12016565,6,1560207
12017777,4,1560207
12018990,3,1560207
12020203,3,1560207
12021415,6,1560207
12022627,5,1560207
12023841,5,1560207
12025053,5,1560207
12026265,2,1560207
12027478,4,1560207
12028690,8,1560207
12029903,2,1560207
12031116,3,1560207
12032328,6,1560207
12033540,4,1560207
12034754,10,1560207
12035965,5,1560207
12037178,4,1560207
12038390,3,1560207
12039603,5,1561338
12048090,3,1561338
12049303,6,1561338
12050515,4,1561338
12051728,5,1561338
12052940,4,1561338
12054152,4,1561338
12055365,4,1561338
12056577,6,1561338
12057790,7,1561338
12059002,7,1561081
12060215,6,1561081
12061427,10,1561081
12062640,8,1561081
12063852,9,1561081
12065064,5,1561081
12066277,3,1561081
12067490,7,1561081
12068702,6,1561081
12069914,8,1563085
12071126,5,1563085
12072338,9,1563085
12073551,9,1563085
12074764,8,1563085
12075976,5,1563085
12077189,6,1563085
12078401,5,1563085
12079614,7,1563085
12080826,4,1558460
12082039,4,1558460
12083251,10,1558460
12084463,8,1558460
12085676,9,1558460
12086889,7,1558460
12088101,8,1558460
12089313,9,1558460
12090525,3,1558460
12091738,8,1561646
12092950,8,1561646
12094163,5,1561646
12095375,6,1561646
12096587,6,1561646
12097800,6,1561646
12099012,5,1561646
12100225,8,1561646
12101437,7,1561646
12102650,5,1560927
12103863,3,1560927
12105075,6,1560927
12106288,7,1560927
12107499,4,1560927
12108712,6,1560927
12109925,7,1560927
12111137,7,1560927
12112349,6,1560927
12113562,9,1562109
12114774,5,1562109
12115987,6,1562109
12117199,6,1562109
12118411,6,1562109
12119624,5,1562109
12120836,10,1562109
12122049,7,1562109
12123261,8,1562109
12124474,5,1562109
12131748,9,1562109
12132961,5,1562109
12134174,7,1562109
12135386,5,1563342
12136598,8,1559848
12137811,3,1559848
12139024,3,1559848
12140236,4,1559848
12141449,7,1559848
12142661,5,1559848
12143873,3,1559848
12145086,4,1559848
12146298,7,1559848
12147511,5,1544738
12148723,3,1544738
12149935,4,1544738
12151148,6,1544738
12152361,6,1544738
12153573,4,1544738
12154785,5,1544738
12155998,4,1544738
12157211,6,1544738
12158423,6,1560772
12159635,3,1560772
12160847,3,1560772
12162060,4,1560772
12163272,6,1560772
12164485,4,1560772
12165698,5,1560772
12166910,4,1560772
12168122,3,1560772
12169335,3,1561389
12170548,6,1561389
12171760,5,1561389
12172973,1,1561389
12174184,5,1561389
12175397,4,1561389
12176610,4,1561389
12177822,4,1561389
12179034,4,1561389
12180247,7,1563034
12181460,5,1563034
12182672,3,1563034
12183884,6,1563034
12185097,4,1563034
12186310,4,1563034
12187522,4,1563034
12188734,3,1563034
12189946,5,1563034
12191160,3,1563065
12192371,7,1557689
12193584,5,1557689
12194797,4,1557689
12196009,1,1557689
12197221,4,1557689
12198433,4,1557689
12199646,2,1557689
12200859,4,1557689
12202072,2,1557642
12203283,3,1558666
12204496,3,1558666
12205708,3,1558666
12206920,3,1558666
12208133,7,1558666
12216620,3,1558666
12217833,6,1558666
12219045,7,1558666
12220258,6,1558666
12221470,6,1558666
12222682,5,1563291
12223895,5,1563291
12225108,2,1563291
12226320,5,1563291
12227532,8,1563291
12228745,10,1563291
12229957,7,1563291
12231169,6,1563291
12232382,4,1563291
12233594,6,1563291
12234806,6,1563753
12236018,6,1563753
12237231,7,1563753
12238443,9,1563753
12239656,8,1563753
12240869,8,1563753
12242081,6,1563753
12243293,7,1563753
12244506,7,1563753
12245718,5,1562931
12246930,4,1562931
12248143,4,1562931
12249355,7,1562931
12250567,8,1562931
12251780,8,1562931
12252993,7,1562931
12254205,6,1562931
12255417,3,1562931
12256630,7,1561338
12257842,5,1561338
12259055,9,1561338
12260268,4,1561338
12261480,5,1561338
12262692,6,1561338
12263905,7,1561338
12265117,8,1561338
12266330,5,1561338
12267542,4,1560927
12268754,9,1560927
12269967,6,1560927
12271180,7,1560927
12272392,8,1560927
12273604,8,1560927
12274817,6,1560927
12276029,4,1560927
12277242,4,1560927
12278454,4,1562520
12279667,4,1562520
12280880,8,1562520
12282092,4,1562520
12283305,4,1562520
12284517,6,1562520
12285729,5,1562520
12286942,6,1562520
12288154,5,1562520
12289366,5,1560875
12290579,5,1560875
12291792,5,1560875
12293004,6,1561389
12300279,9,1561499
12301492,17,1563291
12302704,3,1563291
12303916,2,1563291
12305129,2,1563291
12306341,5,1563291
12307554,6,1563291
12308766,8,1563291
12309978,4,1563291
12311192,3,1563291
12312403,5,1563291
12313616,5,1563291
12314828,8,1563291
12316041,7,1563291
12317254,5,1563291
12318466,4,1563291
12319678,5,1563291
12320891,7,1563291
12322104,7,1561029
12323316,5,1561029
12324528,9,1561029
12325741,6,1561029
12326953,6,1561029
12328165,6,1561029
12329378,4,1561029
12330590,8,1561029
12331803,6,1561029
12333015,5,1557689
12334228,4,1560464
12335440,4,1560464
12336652,4,1560464
12337865,4,1560464
12339077,2,1560464
12340290,3,1560464
12341502,3,1560464
12342715,3,1560464
12343927,6,1560464
12345140,6,1562006
12346352,2,1562006
12347564,5,1562006
12348776,5,1562006
12349989,3,1562006
12351202,3,1562006
12352414,5,1562006
12353626,3,1562006
12354838,2,1562006
12356051,5,1561441
12357263,3,1561441
12358476,4,1561441
12359688,4,1561441
12360900,4,1561441
12362113,3,1561441
12363326,3,1561441
12364539,3,1561441
12365750,6,1561441
12366964,5,1560310
12368176,3,1560310
12369388,3,1560310
12370601,3,1560310
12371813,0,1560310
12373026,5,1560310
12374238,5,1560310
12375450,6,1560310
12376663,5,1560310
12385150,8,1560310
12386362,9,1560310
12387574,7,1560361
12388787,3,1560526
12390000,4,1563342
12391212,4,1563342
12392425,5,1563342
12393637,4,1563342
12394849,4,1563342
12396062,5,1563342
12397274,4,1563342
12398486,3,1563342
12399699,4,1563340
12400911,5,1563340
12402124,8,1563340
12403337,5,1563340
12404549,9,1563340
12405761,6,1563340
12406974,7,1563340
12408186,6,1563340
12409398,8,1562828
12410611,3,1562828
12411823,3,1562828
12413036,8,1562828
12414249,7,1562828
12415460,9,1562828
12416673,6,1562828
12417885,7,1562828
12419098,5,1562828
12420310,3,1562828
12421523,5,1560824
12422735,6,1560824
12423947,6,1560824
12425160,7,1560824
12426372,7,1560824
12427585,6,1560824
12428797,5,1560824
12430010,5,1560824
12431222,4,1560824
12432434,6,1562366
12433647,5,1562366
12434860,7,1562366
12436072,5,1562366
12437285,7,1562366
12438496,8,1562366
12439709,5,1562366
12440922,3,1562366
12442134,3,1562366
12443346,9,1554451
12444559,7,1554451
12445772,4,1554451
12446984,5,1554451
12448197,5,1554451
12449409,5,1554451
12450621,6,1554451
12451834,7,1554451
12453046,7,1554451
12454259,4,1546846
12455471,4,1546846
12456684,6,1546846
12457896,8,1546846
12459109,7,1546846
12460321,8,1546846
12461533,4,1546846
12468808,4,1546846
12470020,6,1546846
12471233,7,1546846
12472445,9,1546846
12473659,7,1546846
12474871,9,1546846
12476083,7,1553680
12477295,6,1553680
12478508,7,1553680
12479720,9,1553680
12480932,6,1553680
12482145,6,1553680
12483358,6,1553680
12484571,7,1553680
12485783,7,1553680
12486995,8,1554143
12488207,5,1554143
12489420,7,1554143
12490632,5,1554143
12491845,5,1554143
12493058,9,1554143
12494270,6,1554143
12495483,5,1554143
12496695,6,1554143
12497907,6,1543402
12499120,0,1543402
12500333,9,1543402
12501545,7,1543402
12502758,6,1543402
12503970,3,1543402
12505182,8,1543402
12506395,6,1543402
12507608,8,1543402
12508820,8,1550649
12510033,5,1550649
12511245,6,1550649
12512457,6,1550649
12513670,5,1550649
12514883,6,1550649
12516095,7,1550649
12517308,5,1550649
12518520,5,1550649
12519733,6,1578760
12520945,6,1525158
12522157,5,1525158
12523370,4,1525158
12524582,4,1525158
12525794,3,1525158
12527007,4,1525158
12528219,4,1525158
12529433,4,1525158
12530644,6,1525158
12531857,3,1527008
12533070,4,1527008
12534282,4,1527008
12535494,3,1527008
12536708,4,1527008
12537920,2,1527008
12539132,5,1527008
12540344,5,1527008
12541557,6,1527008
12542769,5,1530143
12543982,5,1530143
12545195,8,1530143
12553685,9,1526443
12554895,1,1526443
12556107,3,1526443
12557320,4,1526443
12558532,5,1526443
12559745,7,1526443
12560958,5,1526443
12562170,3,1526443
12563383,1,1526443
12564596,5,1526443
12565807,5,1526443
12567020,7,1526443
12568232,5,1526443
12569446,6,1526443
12570657,3,1526443
12571871,4,1526443
12573083,4,1526443
12574295,4,1526443
12575508,0,1526310
12576720,2,1531942
12577933,4,1531942
12579146,5,1531942
12580359,5,1531942
12581571,5,1531942
12582783,3,1531942
12583996,4,1531942
12585208,6,1531942
12586421,4,1531925
12587633,5,1527317
12588846,4,1527317
12590058,7,1527317
12591272,5,1527317
12592483,4,1527317
12593696,4,1527317
12594908,8,1527317
12596121,4,1527317
12597333,3,1527317
12598546,4,1527317
12599758,8,1527317
12600972,7,1527317
12602184,8,1527317
12603396,8,1527317
12604609,9,1527317
12605821,4,1527317
12607033,6,1527060
12608246,7,1527060
12609459,4,1527060
12610671,6,1527060
12611884,5,1527060
12613096,7,1527060
12614309,6,1527060
12615521,8,1527060
12616734,5,1527060
12617946,6,1527060
12619158,6,1526597
12620372,3,1526597
12621583,6,1526597
12622797,7,1526597
12624009,6,1526597
12625221,8,1526597
12626433,6,1526597
12627647,4,1526597
12628858,6,1526597
12630071,7,1526597
12637346,5,1526597
12638559,6,1526597
12639771,5,1526597
12640983,7,1524028
12642195,4,1524028
12643409,6,1524028
12644621,6,1524028
12645834,6,1524028
12647046,7,1524028
12648258,7,1524028
12649470,6,1524028
12650683,6,1524028
12651896,8,1528345
12653109,4,1528345
12654320,6,1528345
12655533,7,1528345
12656745,9,1528345
12657958,6,1528345
12659170,6,1528345
12660382,7,1528345
12661596,5,1528345
12662807,6,1523874
12664020,4,1523874
12665232,5,1523874
12666444,14,1523874
12667657,9,1523874
12668870,8,1523874
12670083,6,1523874
12671294,5,1523874
12672507,3,1523874
12673720,7,1512362
12674932,4,1512362
12676145,8,1512362
12677356,4,1512362
12678569,6,1512362
12679781,6,1512362
12680994,8,1512362
12682206,6,1512362
12683420,4,1512362
12684632,6,1526186
12685844,1,1526186
12687057,7,1526186
12688269,8,1526186
12689481,7,1526186
12690694,7,1526186
12691906,6,1526186
12693119,5,1526186
12694332,6,1526186
12695544,5,1528396
12696756,4,1528396
12697969,6,1528396
12699181,8,1528396
12700394,7,1528396
12701606,7,1528396
12702818,8,1528396
12704031,5,1528396
12705243,6,1528396
12706456,5,1527934
12707668,1,1525929
12708881,4,1525929
12710093,4,1525929
12711305,6,1525929
12712518,5,1525929
12713731,7,1525929
12722218,6,1525929
12723431,5,1525929
12724643,9,1525929
12725856,4,1525929
12727067,7,1525929
12728281,6,1521458
12729493,3,1524645
12730705,3,1524645
12731917,5,1524645
12733130,4,1524645
12734342,2,1524645
12735555,7,1524645
12736767,4,1524645
12737979,6,1524645
12739192,4,1524645
12740404,5,1529887
12741617,3,1529887
12742829,5,1529887
12744041,5,1529887
12745253,6,1529887
12746466,5,1529887
12747678,4,1529887
12748891,4,1529887
12750103,2,1529887
12751315,2,1524542
12752528,5,1524542
12753740,4,1524542
12754953,4,1524542
12756165,5,1524542
12757377,4,1524542
12758590,5,1524542
12759803,6,1524542
12761016,6,1524542
12762227,6,1524704
12763439,3,1526752
12764652,2,1526752
12765865,4,1526752
12767077,4,1526752
12768289,3,1526752
12769502,3,1526752
12770714,3,1526752
12771927,1,1526752
12773140,6,1526637
12774352,5,1523565
12775564,5,1523565
12776777,4,1523565
12777989,4,1523565
12779202,4,1523565
12780414,2,1523565
12781627,4,1523565
12782839,5,1523565
12784052,7,1523565
12785264,4,1523565
12786477,5,1523565
12787689,5,1523565
12788901,5,1523565
12790114,5,1523565
12791326,4,1523565
12792539,5,1523565
12793751,9,1528550
12794963,5,1528550
12796176,4,1528550
12797388,5,1528550
12798601,6,1527985
12807088,3,1527985
12808301,3,1527985
12809512,7,1527985
12810725,9,1527985
12811937,7,1527985
12813149,4,1527985
12814362,7,1527985
12815574,7,1527985
12816787,5,1526186
12817999,4,1526186
12819211,7,1526186
12820424,6,1526186
12821636,7,1526186
12822849,6,1526186
12824061,4,1526186
12825273,4,1526186
12826485,5,1526186
12827698,7,1525261
12828911,4,1525261
12830123,8,1525261
12831335,5,1525261
12832548,7,1525261
12833760,4,1525261
12834973,2,1525261
12836185,6,1525261
12837397,6,1525261
12838611,5,1527368
12839822,5,1527368
12841035,6,1527368
12842248,5,1527368
12843460,7,1527368
12844672,3,1527368
12845884,8,1527368
12847097,6,1527368
12848309,7,1527368
12849521,7,1525878
12850734,5,1525878
12851946,6,1525878
12853159,5,1525878
12854372,8,1525878
12855584,7,1525878
12856796,3,1525878
12858009,8,1525878
12859221,7,1525878
12860433,6,1522075
12861646,4,1522075
12862859,7,1522075
12864071,6,1522075
12865284,4,1522075
12866496,7,1522075
12867709,8,1522075
12868921,7,1522075
12870133,3,1522075
12871346,7,1525775
12872558,4,1525775
12873770,7,1525775
12874982,8,1525775
12876196,8,1525775
12877407,8,1525775
12878620,7,1525775
12879833,5,1525775
12881045,7,1525775
12882257,6,1527728
12883469,8,1527728
12891956,4,1527728
12893168,6,1523206
12894380,4,1525364
12895593,4,1525364
12896805,3,1525364
12898017,4,1525364
12899230,1,1525364
12900442,4,1525364
12901654,3,1525364
12902866,4,1525364
12904080,4,1525364
12905291,0,1528961
12906504,2,1528961
12907716,4,1528961
12908929,4,1528961
12910141,6,1528961
12911353,5,1528961
12912566,5,1528961
12913778,4,1528961
12914990,2,1528961
12916202,3,1524233
12917415,4,1524233
12918627,7,1524233
12919839,3,1524233
12921053,5,1524233
12922264,3,1524233
12923477,3,1524233
12924689,6,1524233
12925901,4,1524233
12927114,3,1527985
12928326,5,1527985
12929539,2,1527985
12930751,9,1527985
12931964,5,1527985
12933176,8,1527985
12934387,3,1527985
12935600,4,1527985
12936812,5,1527985
12938025,4,1528345
12939237,4,1528345
12940450,7,1528345
12941661,5,1528345
12942874,3,1528345
12944086,2,1528345
12945299,6,1528345
12946511,3,1528345
12947723,5,1528345
12948936,3,1528384
12950148,4,1525056
12951361,4,1525056
12952573,5,1525056
12953785,6,1525056
12954997,5,1525056
12956209,3,1525056
12957422,3,1525056
12958634,4,1525056
12959846,5,1525222
12961060,6,1528550
12962271,5,1528550
12963484,4,1528550
12964697,5,1528550
12965908,5,1528550
12967121,4,1528550
12968333,8,1528550
12976819,5,1528550
12978032,7,1528550
12979245,7,1528550
12980456,7,1524439
12981669,5,1524439
12982882,5,1524439
12984094,3,1524439
12985306,3,1524439
12986519,4,1524439
12987731,9,1524439
12988944,6,1524439
12990155,9,1524439
12991369,7,1524439
12992580,8,1528961
12993793,4,1528961
12995005,5,1528961
12996217,8,1528961
12997429,7,1528961
12998642,6,1528961
12999855,8,1528961
13001067,6,1528961
13002279,7,1528961
13003492,6,1520893
13004704,5,1520893
13005916,7,1520893
13007128,10,1520893
13008341,5,1520893
13009553,7,1520893
13010766,6,1520893
13011978,6,1520893
13013190,8,1520893
13014402,4,1520842
13015615,2,1520842
13016827,6,1520842
13018040,8,1520842
13019252,9,1520842
13020465,4,1520842
13021677,6,1520842
13022890,6,1520842
13024102,8,1520842
13025314,6,1514058
13026527,4,1514058
13027739,8,1514058
13028951,5,1514058
13030164,8,1514058
13031377,9,1514058
13032589,8,1514058
13033801,6,1514058
13035014,6,1514058
13036226,4,1506092
13037438,4,1506092
13038651,5,1506092
13039864,6,1506092
13041075,7,1506092
13042288,6,1506092
13043501,8,1506092
13044713,6,1506092
13045925,8,1506092
13047138,5,1510923
13048351,5,1510923
13049563,8,1510923
13050775,6,1510923
13051988,8,1510923
13053200,7,1510923
13060475,8,1510923
13061688,5,1510923
13062900,9,1510923
13064113,6,1510923
13065325,7,1510923
13066537,6,1510923
13067750,13,1510923
13068962,4,1499155
13070175,4,1499155
13071388,6,1499155
13072600,4,1499155
13073812,5,1499155
13075025,8,1499155
13076237,8,1499155
13077450,10,1499155
13078662,6,1499155
13079874,8,1478598
13081088,5,1475206
13082299,4,1475206
13083512,4,1475206
13084725,4,1475206
13085937,5,1475206
13087149,5,1475206
13088362,6,1475206
13089574,4,1475206
13090787,4,1475206
13092000,6,1471814
13093212,5,1471814
13094425,4,1471814
13095637,3,1471814
13096850,5,1471814
13098062,7,1471814
13099274,4,1471814
13100487,2,1471814
13101699,5,1471814
13102912,7,1471814
13104124,5,1471814
13105337,4,1471814
13106550,7,1471814
13107763,5,1471814
13108975,2,1471814
13110187,4,1471814
13111400,6,1471814
13112612,4,1471814
13113825,3,1472123
13115037,5,1472123
13116250,10,1472123
13117463,6,1472123
13118675,5,1472123
13119887,2,1472123
13121101,1,1472123
13122312,5,1472123
13123525,5,1472123
13124737,5,1473305
13125950,3,1473305
13127163,4,1473305
13128375,5,1473305
13129588,4,1473305
13130800,4,1473305
13132013,5,1473305
13133225,5,1473305
13134438,4,1473305
13135651,4,1473526
13136863,4,1477878
13144191,7,1477878
13145350,14,1477878
13146562,6,1474435
13147775,1,1474435
13148988,5,1474435
13150200,6,1474435
13151413,5,1474435
13152625,4,1474435
13153837,5,1474435
13155050,7,1474435
13156262,5,1474435
13157475,1,1474435
13158688,4,1474435
13159900,7,1474435
13161112,7,1474435
13162325,7,1474435
13163537,7,1474435
13164750,9,1474435
13165962,6,1474435
13167174,7,1472123
13168387,4,1472123
13169600,3,1472123
13170812,3,1472123
13172025,5,1472123
13173237,7,1472123
13174449,9,1472123
13175661,9,1472123
13176875,11,1472123
13178086,7,1472123
13179299,8,1464568
13180512,4,1464568
13181724,10,1464568
13182936,6,1464568
13184148,6,1464568
13185361,8,1464568
13186573,10,1464568
13187786,6,1464568
13188998,7,1464568
13190211,9,1466007
13191423,4,1466007
13192636,2,1466007
13193848,5,1466007
13195061,4,1466007
13196273,6,1466007
13197486,6,1466007
13198698,9,1466007
13199911,7,1466007
13201123,7,1463540
13202335,-2,1463540
13203548,5,1463540
13204761,2,1463540
13205973,10,1463540
13207185,6,1463540
13208398,6,1463540
13209610,7,1463540
13210822,7,1463540
13212035,7,1465853
13213247,8,1465853
13214460,6,1465853
13215672,8,1465853
13216885,5,1465853
13218097,4,1465853
13219309,9,1465853
13220522,6,1465853
13227796,2,1465853
13229009,6,1465853
13230221,8,1465853
13231434,5,1465853
13232646,7,1465853
13233858,8,1461433
13235071,4,1461433
13236284,7,1461433
13237495,5,1461433
13238709,4,1461433
13239921,8,1461433
13241133,7,1461433
13242346,4,1461433
13243557,9,1461433
13244770,3,1458401
13245983,5,1458401
13247195,8,1458401
13248407,8,1458401
13249620,5,1458401
13250832,10,1458401
13252045,3,1458401
13253258,5,1458401
13254469,6,1458401
13255683,5,1459480
13256894,4,1459480
13258107,4,1459480
13259319,6,1459480
13260532,5,1459480
13261744,12,1459480
13262957,8,1459480
13264169,7,1459480
13265382,4,1459480
13266594,6,1459378
13267806,4,1461536
13269019,4,1461536
13270231,5,1461536
13271444,7,1461536
13272656,4,1461536
13273869,4,1461536
13275081,2,1461536
13276294,6,1461536
13277507,3,1461536
13278719,4,1461845
13279932,5,1461845
13281144,5,1461845
13282357,5,1461845
13283569,5,1461845
13284781,3,1461845
13285994,2,1461845
13287206,3,1461845
13288418,3,1461845
13289631,5,1460303
13290843,4,1460303
13292057,7,1460303
13293269,4,1460303
13294481,-1,1460303
13295694,5,1460303
13296906,3,1460303
13298118,6,1460303
13299331,4,1460303
13300543,3,1463181
13301756,9,1463181
13302969,5,1463181
13304181,10,1463181
13312668,6,1463181
13313882,4,1463181
13315094,4,1463181
13316306,8,1463181
13317518,5,1463181
13318732,8,1463181
13319944,7,1463181
13321157,7,1460868
13322369,5,1460921
13323581,3,1461433
13324794,4,1461433
13326006,4,1461433
13327219,6,1461433
13328431,3,1461433
13329644,3,1461433
13330856,5,1461433
13332068,4,1461433
13333281,4,1461438
13334494,4,1462718
13335706,5,1462718
13336918,4,1462718
13338131,6,1462718
13339344,4,1462718
13340556,4,1462718
13341768,4,1462718
13342981,4,1462718
13344193,5,1462718
13345406,2,1462718
13346618,5,1462718
13347831,7,1462718
13349044,8,1462718
13350256,7,1462718
13351468,4,1462718
13352681,7,1462718
13353893,8,1463078
13355105,3,1463078
13356318,3,1463078
13357530,9,1463078
13358743,5,1463078
13359955,5,1463078
13361167,6,1463078
13362380,6,1463078
13363593,9,1463078
13364805,5,1463078
13366017,6,1461639
13367230,5,1461639
13368442,11,1461639
13369654,8,1461639
13370867,8,1461639
13372080,6,1461639
13373293,7,1461639
13374504,6,1461639
13375717,4,1461639
13376929,6,1463181
13378142,5,1463181
13379354,6,1463181
13380567,4,1463181
13381779,5,1463181
13382992,5,1463181
13384205,5,1463181
13385417,7,1463181
13386629,8,1463181
13387842,6,1464568
13389054,6,1464568
13396328,2,1464568
13397541,5,1464568
13398753,10,1463232
13399965,5,1463232
13401178,5,1463232
13402390,6,1463232
13403602,4,1463232
13404815,7,1463232
13406027,8,1463232
13407240,6,1463232
13408452,8,1463232
13409665,7,1462975
13410877,5,1462975
13412090,8,1462975
13413303,5,1462975
13414514,4,1462975
13415728,3,1462975
13416939,6,1462975
13418152,4,1462975
13419365,7,1462975
13420577,9,1462564
13421789,6,1462564
13423001,7,1462564
13424214,5,1462564
13425426,6,1462564
13426638,6,1462564
13427851,8,1462564
13429063,11,1462564
13430276,5,1462564
13431488,8,1463849
13432700,4,1463849
13433912,9,1463849
13435125,5,1463849
13436337,3,1463849
13437550,3,1463849
13438763,8,1463849
13439974,5,1463849
13441187,4,1463849
13442400,10,1461022
13443612,3,1461022
13444824,5,1461022
13446037,4,1461022
13447249,6,1461022
13448461,9,1461022
13449674,4,1461022
13450887,7,1461022
13452098,9,1461022
13453311,10,1466264
13454523,5,1462255
13455736,5,1462255
13456949,3,1462255
13458160,5,1462255
13459373,5,1462255
13460586,4,1462255
13461797,4,1462255
13463010,5,1462255
13464222,5,1462255
13465435,4,1463797
13466647,5,1463797
13467860,5,1463797
13469071,3,1463797
13470284,6,1463797
13471496,3,1463797
13472709,6,1463797
13481196,5,1463797
13482407,5,1463797
13483620,5,1463797
13484833,5,1463797
13486045,8,1463181
13487257,5,1465442
13488469,5,1465442
13489681,4,1465442
13490894,3,1465442
13492106,5,1465442
13493318,5,1465442
13494531,3,1465442
13495743,6,1465442
13496955,5,1465442
13498169,4,1467857
13499380,6,1467857
13500594,3,1467857
13501805,3,1467857
13503018,3,1467857
13504230,4,1467857
13505442,6,1467857
13506655,5,1467857
13507868,3,1467857
13509080,4,1467835
13510292,5,1461947
13511504,3,1461947
13512717,5,1461947
13513930,3,1461947
13515142,4,1461947
13516354,5,1461947
13517567,3,1461947
13518779,4,1461947
13519991,5,1462002
13521204,6,1476594
13522416,5,1476594
13523629,3,1476594
13524841,5,1476594
13526054,7,1476594
13527267,6,1476594
13528479,4,1476594
13529692,3,1476594
13530903,2,1476594
13532117,3,1476594
13533328,10,1476594
13534541,6,1476594
13535753,10,1476594
13536966,6,1476594
13538178,6,1476594
13539391,10,1476594
13540603,7,1463694
13541816,5,1463694
13543029,5,1463694
13544241,6,1463694
13545453,6,1463694
13546667,6,1463694
13547879,7,1463694
13549091,6,1463694
13550304,9,1463694
13551516,8,1463694
13552729,6,1464208
13553941,5,1464208
13555153,4,1464208
13556366,7,1464208
13557578,6,1466105
13564854,15,1464825
13566065,3,1464825
13567278,3,1464825
13568490,4,1464825
13569703,4,1464825
13570915,3,1464825
13572128,3,1464825
13573340,2,1464825
13574553,5,1464825
13575766,5,1464825
13576977,8,1464825
13578190,6,1464825
13579402,7,1464825
13580616,5,1464825
13581827,5,1464825
13583040,6,1464825
13584253,7,1464825
13585464,6,1456140
13586677,4,1456140
13587890,5,1456140
13589102,3,1456140
13590314,3,1456140
13591527,4,1456140
13592739,10,1456140
13593952,5,1456140
13595164,6,1456140
13596377,7,1464260
13597589,3,1464260
13598801,7,1464260
13600013,4,1464260
13601226,5,1464260
13602438,4,1464260
13603650,9,1464260
13604862,4,1464260
13606075,6,1464260
13607288,5,1461485
13608499,4,1461485
13609712,8,1461485
13610925,5,1461485
13612137,8,1461485
13613349,7,1461485
13614561,8,1461485
13615774,4,1461485
13616986,5,1461485
13618199,7,1464465
13619411,5,1464465
13620623,9,1464465
13621835,9,1464465
13623048,8,1464465
13624260,6,1464465
13625472,8,1464465
13626686,8,1464465
13627898,5,1464465
13629110,6,1463489
13630322,4,1463489
13631535,9,1463489
13632747,9,1463489
13633959,6,1463489
13635172,10,1463489
13636384,7,1463489
13637596,6,1463489
13638809,4,1463489
13640021,6,1464568
13641234,5,1464568
13649720,11,1464568
13650933,4,1463592
13652145,4,1463592
13653357,4,1463592
13654569,3,1463592
13655781,3,1463592
13656993,5,1463592
13658206,5,1463592
13659418,4,1463592
13660631,2,1463592
13661843,3,1463592
13663055,6,1465390
13664267,4,1465390
13665480,3,1465390
13666692,1,1465390
13667904,4,1465390
13669117,4,1465390
13670329,3,1465390
13671542,6,1465390
13672753,9,1465390
13673966,3,1463181
13675178,3,1463181
13676391,2,1463181
13677603,2,1463181
13678815,3,1463181
13680028,4,1463181
13681239,6,1463181
13682452,7,1463181
13683664,3,1463181
13684876,4,1464671
13686089,5,1464671
13687301,3,1464671
13688513,3,1464671
13689726,4,1464671
13690938,3,1464671
13692150,4,1464671
13693362,4,1464671
13694575,4,1464671
13695786,3,1464729
13696999,3,1466521
13698211,4,1466521
13699423,4,1466521
13700635,5,1466521
13701848,4,1466521
13703060,3,1466521
13704272,5,1466521
13705485,3,1466521
13706697,5,1466521
13707909,6,1466521
13709121,5,1466521
13710333,4,1466521
13711546,6,1466521
13712758,3,1466521
13713971,3,1466521
13715183,1,1466521
13716395,2,1466521
13717607,3,1466521
13718820,4,1466521
13720032,4,1466521
13721244,7,1466521
13722457,6,1466521
13723669,6,1466521
13724882,7,1466521
13726093,8,1466521
13733368,5,1466521
13734580,7,1466521
13735792,7,1466521
13737005,7,1466521
13738216,6,1466521
13739429,3,1463900
13740641,4,1463900
13741854,6,1463900
13743066,7,1463900
13744278,4,1463900
13745490,4,1463900
13746703,4,1463900
13747914,4,1463900
13749127,7,1463900
13750339,5,1461125
13751552,5,1461125
13752765,7,1461125
13753976,7,1461125
13755189,8,1461125
13756401,5,1461125
13757614,8,1461125
13758826,5,1461125
13760038,5,1461125
13761250,3,1463078
13762463,2,1463078
13763675,7,1463078
13764888,6,1463078
13766100,6,1463078
13767312,7,1463078
13768524,7,1463078
13769737,5,1463078
13770949,3,1463078
13772161,7,1464003
13773374,4,1464003
13774586,8,1464003
13775798,5,1464003
13777010,6,1464003
13778223,5,1464003
13779436,7,1464003
13780648,7,1464003
13781861,9,1464003
13783073,6,1463540
13784285,4,1463540
13785497,6,1463540
13786709,6,1463540
13787922,4,1463540
13789134,9,1463540
13790346,8,1463540
13791559,5,1463540
13792772,6,1463540
13793983,5,1462461
13795195,5,1462461
13796408,7,1462461
13797620,6,1462461
13798832,4,1462461
13800044,6,1462461
13801257,7,1462461
13802469,8,1462461
13803681,9,1462461
13804894,7,1462461
13806106,5,1462461
13807318,7,1462461
13808531,4,1462461
13809743,6,1463952
13818229,7,1463952
13819441,7,1463952
13820654,2,1463952
13821866,4,1463952
13823078,4,1463952
13824290,4,1463952
13825503,3,1463952
13826715,3,1463952
13827927,5,1464620
13829140,3,1464620
13830352,5,1464620
13831565,5,1464620
13832777,5,1464620
13833989,5,1464620
13835202,5,1464620
13836414,4,1464620
13837626,5,1464620
13838839,2,1458658
13840052,5,1458658
13841264,5,1458658
13842476,3,1458658
13843688,5,1458658
13844900,6,1458658
13846113,4,1458658
13847325,3,1458658
13848537,2,1458658
13849750,10,1463952
13850962,5,1463952
13852174,5,1463952
13853386,3,1463952
13854599,4,1463952
13855811,3,1463952
13857024,3,1463952
13858236,5,1463952
13859449,5,1463952
13860661,4,1465802
13861873,4,1465802
13863085,4,1465802
13864298,6,1465802
13865510,4,1465802
13866723,4,1465802
13867935,3,1465802
13869148,1,1465802
13870360,2,1465802
13871572,6,1465493
13872784,4,1465493
13873997,6,1465493
13875209,4,1465493
13876421,4,1465493
13877633,-1,1465493
13878846,1,1465493
13880058,6,1465493
13881270,5,1465493
13882483,3,1465461
13883695,3,1456757
13884908,2,1456757
13886121,4,1456757
13887333,6,1456757
13888545,4,1456757
13889757,2,1456757
13890969,3,1456757
13892182,5,1456757
13893394,7,1456875
13894606,6,1460971
13903093,3,1460971
13904304,5,1460971
13905517,4,1460971
13906729,9,1460971
13907942,7,1460971
13909154,7,1460971
13910366,7,1460971
13911578,4,1460971
13912791,4,1460971
13914003,9,1463900
13915215,6,1463900
13916428,4,1463900
13917640,4,1463900
13918854,5,1463900
13920065,6,1463900
13921278,3,1463900
13922490,4,1463900
13923703,7,1463900
13924914,5,1463900
13926128,9,1461999
13927340,3,1461999
13928552,7,1461999
13929765,7,1461999
13930977,7,1461999
13932189,7,1461999
13933402,6,1461999
13934615,9,1461999
13935827,7,1461999
13937039,7,1459686
13938252,12,1459686
13939464,6,1459686
13940676,8,1459686
13941889,5,1459686
13943101,8,1459686
13944314,6,1459686
13945526,5,1459686
13946739,6,1459686
13947952,7,1461793
13949163,5,1461793
13950376,7,1461793
13951588,7,1461793
13952801,3,1461793
13954013,7,1461793
13955226,7,1461793
13956438,7,1461793
13957650,12,1461793
13958863,5,1464260
13960075,4,1464260
13961288,6,1464260
13962500,6,1464260
13963713,3,1464260
13964925,6,1464260
13966137,7,1464260
13967349,8,1464260
13968561,6,1464260
13969775,4,1460663
13970986,5,1460663
13972198,4,1460663
13973412,5,1460663
13974624,7,1460663
13975836,7,1460663
13977049,6,1460663
13978261,5,1460663
13979473,6,1460663
13986748,11,1460663
13987960,8,1460663
13989173,9,1460663
13990386,6,1460663
13991598,7,1465185
13992810,4,1465185
13994023,8,1465185
13995236,4,1465185
13996448,8,1465185
13997660,6,1465185
13998873,9,1465185
14000085,6,1465185
14001297,7,1465185
14002511,7,1464722
14003722,4,1464722
14004935,5,1464722
14006147,4,1464722
14007360,7,1464722
14008572,6,1464722
14009785,4,1464722
14010997,9,1464722
14012210,5,1464722
14013423,5,1463232
14014635,5,1462769
14015848,5,1462769
14017060,5,1462769
14018272,4,1462769
14019485,4,1462769
14020698,5,1462769
14021910,4,1462769
14023123,4,1462769
14024335,4,1462769
14025548,7,1463694
14026761,6,1463694
14027973,4,1463694
14029186,4,1463694
14030399,4,1463694
14031611,4,1463694
14032823,3,1463694
14034036,4,1463694
14035248,6,1463694
14036461,6,1463694
14037673,4,1463694
14038886,4,1463694
14040098,3,1463694
14041311,5,1463694
14042523,4,1463694
14043736,4,1463694
14044949,4,1463694
14046162,3,1463694
14047374,3,1466367
14048586,2,1466367
14049799,0,1466367
14051011,3,1466367
14052224,5,1466367
14053436,4,1466367
14054649,4,1466367
14055862,3,1466367
14057075,3,1466367
14058286,4,1461022
14059499,5,1461022
14060712,4,1461022
14061924,4,1461022
14063137,8,1461022
14071625,1,1461022
14072838,6,1461022
14074050,10,1461022
14075263,6,1461022
14076476,4,1461022
14077688,7,1461022
14078900,7,1463849
14080113,6,1463843
14081325,6,1462307
14082539,2,1462307
14083751,9,1462307
14084964,5,1462307
14086176,5,1462307
14087388,3,1462307
14088601,5,1462307
14089813,4,1462307
14091027,6,1462307
14092238,4,1462307
14093452,8,1462307
14094664,10,1462307
14095877,6,1462307
14097089,4,1462307
14098302,4,1462307
14099514,7,1462307
14100727,7,1463797
14101940,5,1463797
14103152,2,1463797
14104365,5,1463797
14105577,5,1463797
14106790,5,1463797
14108002,7,1463797
14109215,9,1463797
14110428,6,1463797
14111640,6,1463797
14112853,6,1462307
14114065,3,1462307
14115278,5,1462307
14116491,8,1462307
14117703,6,1462307
14118916,8,1462307
14120128,7,1462307
14121341,6,1462307
14122554,7,1462307
14123766,5,1464825
14124978,4,1464825
14126190,4,1464825
14127404,6,1464825
14128616,7,1464825
14129828,4,1464825
14131040,5,1464825
14132253,7,1464825
14133466,3,1464825
14134678,7,1462153
14135890,3,1462153
14137103,6,1462153
14138315,5,1462153
14139528,3,1462153
14140741,4,1462153
14141953,3,1462153
14143166,7,1462153
14144378,5,1462153
14145590,8,1463592
14146803,5,1463592
14148015,7,1463592
14155290,5,1463592
14156504,5,1465339
14157715,2,1465339
14158928,6,1465339
14160141,8,1465339
14161353,4,1465339
14162565,5,1465339
14163778,2,1465339
14164990,5,1465339
14166203,8,1465339
14167416,7,1463078
14168628,5,1463078
14169841,6,1463078
14171053,9,1463078
14172266,6,1463078
14173478,8,1463078
14174691,7,1463078
14175904,8,1463078
14177116,3,1463078
14178328,6,1461125
14179542,4,1461125
14180754,10,1461125
14181966,6,1461125
14183179,5,1461125
14184391,6,1461125
14185604,6,1461125
14186816,9,1461125
14188029,8,1461125
14189242,9,1459635
14190454,2,1459635
14191667,6,1459635
14192879,6,1459635
14194091,5,1459635
14195304,7,1459635
14196516,7,1459635
14197729,7,1459635
14198941,6,1459635
14200154,7,1466213
14201367,3,1463078
14202579,4,1463078
14203791,4,1463078
14205004,4,1463078
14206217,4,1463078
14207429,5,1463078
14208642,5,1463078
14209855,3,1463078
14211066,5,1463078
14212279,4,1463592
14213492,3,1463592
14214704,3,1463592
14215917,6,1463592
14217129,3,1463592
14218341,4,1463592
14219554,5,1463592
14220767,3,1463592
14221980,3,1463592
14223192,4,1461690
14224404,6,1461690
14225617,4,1461690
14226829,3,1461690
14228042,5,1461690
14229254,6,1461690
14230467,4,1461690
14231679,13,1461690
14240168,6,1461690
14241380,5,1461690
14242592,3,1461690
14243804,4,1458350
14245017,4,1463078
14246230,6,1463078
14247442,5,1463078
14248655,5,1463078
14249867,3,1463078
14251080,3,1463078
14252293,3,1463078
14253505,3,1463078
14254717,0,1463078
14255930,5,1463284
14257142,3,1463284
14258355,6,1463284
14259567,5,1463284
14260781,3,1463284
14261992,4,1463284
14263205,4,1463284
14264417,5,1463284
14265630,4,1463284
14266842,5,1463173
14268055,6,1461125
14269267,3,1461125
14270480,3,1461125
14271692,4,1461125
14272905,7,1461125
14274118,4,1461125
14275330,5,1461125
14276542,5,1461125
14277755,5,1461125
14278968,5,1461125
14280180,5,1461125
14281393,6,1461125
14282604,9,1461125
14283817,5,1461125
14285030,5,1461125
14286242,6,1461125
14287454,12,1463078
14288667,5,1463078
14289880,4,1463078
14291093,7,1463078
14292305,9,1463078
14293517,5,1463078
14294730,7,1463078
14295942,7,1463078
14297155,7,1463078
14298367,7,1463078
14299580,6,1462410
14300792,3,1462410
14302005,5,1462410
14303217,6,1462410
14304430,3,1462410
14305642,6,1462410
14306855,5,1462410
14308068,5,1462410
14309279,5,1462410
14310492,6,1459224
14311704,4,1459224
14312917,5,1459224
14314129,7,1459224
14315342,5,1459224
14316554,7,1459224
14323830,7,1459224
14325041,5,1459224
14326254,7,1459224
14327467,3,1459224
14328679,6,1459224
14329892,5,1459224
14331104,4,1459224
14332316,8,1462307
14333529,3,1462307
14334741,6,1462307
14335954,7,1462307
14337166,7,1462307
14338378,6,1462307
14339591,9,1462307
14340803,2,1462307
14342015,6,1462307
14343228,7,1463746
14344441,5,1463746
14345653,8,1463746
14346865,4,1463746
14348078,6,1463746
14349290,7,1463746
14350503,4,1463746
14351715,8,1463746
14352928,8,1463746
14354140,6,1464208
14355352,4,1464208
14356565,6,1464208
14357778,3,1464208
14358990,7,1464208
14360202,7,1464208
14361415,6,1464208
14362628,6,1464208
14363840,6,1464208
14365052,8,1461331
14366265,6,1461331
14367477,4,1461331
14368690,8,1461331
14369902,6,1461331
14371115,5,1461331
14372327,7,1461331
14373540,7,1461331
14374753,12,1461331
14375965,6,1462872
14377178,4,1462872
14378390,7,1462872
14379603,7,1462872
14380815,2,1462872
14382027,8,1462872
14383241,8,1462872
14384453,8,1462872
14385665,6,1462872
14386878,9,1458401
14388090,4,1465802
14389303,4,1465802
14390515,5,1465802
14391728,2,1465802
14392941,3,1465802
14394153,6,1465802
14395366,5,1465802
14396578,9,1465802
14397791,6,1465802
14399004,5,1463746
14400216,6,1463746
14408704,12,1463746
14409917,4,1464363
14411129,2,1464363
14412342,3,1464363
14413554,4,1464363
14414767,4,1464363
14415979,3,1464363
14417192,2,1464363
14418404,5,1464363
14419618,3,1464363
14420829,0,1464979
14422042,4,1464979
14423254,7,1464979
14424468,6,1464979
14425680,5,1464979
14426892,5,1464979
14428105,2,1464979
14429318,3,1464979
14430531,5,1464979
14431742,6,1461485
14432956,4,1461485
14434168,4,1461485
14435380,7,1461485
14436593,5,1461485
14437805,1,1461485
14439018,6,1461485
14440230,5,1461485
14441443,5,1461485
14442655,0,1461379
14443868,5,1460611
14445081,2,1460611
14446293,6,1460611
14447505,3,1460611
14448718,2,1460611
14449930,3,1460611
14451143,3,1460611
14452356,5,1460611
14453568,6,1460706
14454780,2,1458658
14455993,3,1458658
14457206,3,1458658
14458418,4,1458658
14459631,3,1458658
14460844,0,1458658
14462055,6,1458658
14463268,6,1458658
14464480,2,1458623
14465693,4,1462975
14466905,4,1462975
14468118,5,1462975
14469330,5,1462975
14470543,2,1462975
14471755,6,1462975
14472968,4,1462975
14474180,5,1462975
14475393,6,1462975
14476605,3,1462975
14477818,4,1462975
14479030,3,1462975
14480243,6,1462975
14481456,9,1462975
14482668,8,1462975
14483881,4,1462975
14485093,5,1462975
14492368,5,1462975
14493580,8,1462975
14494793,5,1462975
14496005,5,1462975
14497218,6,1463386
14498430,5,1463386
14499642,7,1463386
14500856,7,1463386
14502068,5,1463386
14503280,7,1463386
14504492,9,1463386
14505705,9,1463386
14506917,6,1463386
14508131,7,1458864
14509342,4,1458864
14510554,6,1458864
14511767,6,1458864
14512980,5,1458864
14514193,8,1458864
14515405,7,1458864
14516617,5,1458864
14517830,8,1458864
14519042,7,1462358
14520254,3,1462358
14521467,8,1462358
14522679,6,1462358
14523892,7,1462358
14525105,4,1462358
14526317,7,1462358
14527529,5,1462358
14528742,5,1462358
14529954,7,1460611
14531167,4,1460611
14532380,6,1460611
14533592,8,1460611
14534805,8,1460611
14536017,9,1460611
14537230,9,1460611
14538442,11,1460611
14539655,6,1460611
14540867,7,1463592
14542080,3,1463592
14543293,8,1463592
14544505,8,1463592
14545717,7,1463592
14546930,11,1463592
14548142,7,1463592
14549355,8,1463592
14550568,6,1463592
14551780,6,1459789
14552992,3,1459789
14554205,8,1459789
14555417,6,1459789
14556630,7,1459789
14557842,4,1459789
14559055,7,1459789
14560267,3,1459789
14561480,4,1459789
14562692,2,1462307
14563904,4,1462307
14565117,6,1462307
14566330,6,1462307
14567543,7,1462307
14568755,6,1462307
14577242,6,1462307
14578455,9,1462307
14579668,5,1462307
14580880,4,1462307
14582093,6,1462307
14583305,9,1462307
14584517,4,1463592
14585730,1,1458812
14586942,5,1458812
14588155,4,1458812
14589368,4,1458812
14590580,5,1458812
14591792,3,1458812
14593005,3,1458812
14594217,5,1458812
14595430,4,1458812
14596642,4,1459994
14597855,4,1459994
14599067,4,1459994
14600280,1,1459994
14601492,2,1459994
14602705,2,1459994
14603917,4,1459994
14605130,4,1459994
14606343,5,1459994
14607555,8,1462461
14608767,5,1462461
14609980,3,1462461
14611193,4,1462461
14612405,5,1462461
14613618,4,1462461
14614830,4,1462461
14616042,5,1462461
14617255,9,1462461
14618467,5,1457065
14619680,4,1457065
14620892,5,1457065
14622105,3,1457065
14623317,1,1457065
14624529,3,1457065
14625742,6,1457065
14626955,3,1457065
14628168,2,1457065
14629379,1,1457065
14630593,2,1457065
14631804,-1,1457065
14633017,3,1457065
14634229,4,1457065
14635442,5,1457065
14636654,-1,1457065
14637867,3,1457065
14639080,4,1457065
14640292,4,1456981
14641505,4,1461845
14642717,4,1461845
14643929,5,1461845
14645142,6,1461845
14646355,4,1461845
14647568,5,1461845
14648780,3,1461845
14649993,5,1461845
14651206,3,1461787
14652418,3,1460251
14653630,4,1460251
14662118,3,1460251
14663331,4,1460251
14664544,8,1460251
14665756,11,1460251
14666969,5,1460251
14668181,6,1460251
14669394,6,1460251
14670606,7,1460251
14671818,8,1457887
14673031,3,1457887
14674243,4,1457887
14675456,7,1457887
14676668,7,1457887
14677881,5,1457887
14679093,6,1457887
14680307,7,1457887
14681518,7,1457887
14682732,6,1457887
14683943,6,1462050
14685157,3,1462050
14686369,8,1462050
14687581,8,1462050
14688794,3,1462050
14690006,4,1462050
14691219,7,1462050
14692432,7,1462050
14693644,6,1462050
14694856,8,1459686
14696069,3,1459686
14697282,8,1459686
14698494,9,1459686
14699707,8,1459686
14700920,9,1459686
14702131,4,1459686
14703344,7,1459686
14704557,8,1459686
14705769,5,1459480
14706981,8,1459480
14708195,6,1459480
14709406,6,1459480
14710619,5,1459480
14711831,5,1459480
14713044,8,1459480
14714257,5,1459480
14715469,2,1459480
14716681,6,1459789
14717894,5,1459789
14719106,9,1459789
14720319,7,1459789
14721531,8,1459789
14722744,8,1459789
14723956,7,1459789
14725169,5,1459789
14726381,8,1459789
14727593,7,1458093
14728806,3,1458093
14730018,5,1458093
14731231,6,1458093
14732444,9,1458093
14733656,7,1458093
14734869,7,1458093
14736081,5,1458093
14737293,8,1458093
14738505,5,1458093
14745780,3,1458093
14746993,7,1458093
14748205,6,1458093
14749417,7,1461485
14750630,5,1461485
14751842,8,1461485
14753055,9,1461485
14754268,5,1461485
14755480,7,1461485
14756692,5,1461485
14757905,6,1461485
14759117,6,1461485
14760330,3,1460971
14761542,3,1460971
14762755,8,1460971
14763967,8,1460971
14765180,7,1460971
14766393,7,1460971
14767605,7,1460971
14768817,7,1460971
14770030,8,1460971
14771242,5,1460251
14772455,4,1461639
14773667,4,1461639
14774880,3,1461639
14776092,3,1461639
14777304,5,1461639
14778517,2,1461639
14779729,6,1461639
14780942,5,1461639
14782154,4,1461639
14783367,7,1460611
14784580,4,1460611
14785791,2,1460611
14787005,6,1460611
14788216,4,1460611
14789430,4,1460611
14790642,5,1460611
14791854,5,1460611
14793067,5,1460611
14794279,5,1461331
14795492,3,1461331
14796704,4,1461331
14797917,4,1461331
14799129,5,1461331
14800342,4,1461331
14801554,5,1461331
14802767,3,1461331
14803979,4,1461331
14805192,5,1461228
14806404,3,1461228
14807618,3,1461228
14808830,3,1461228
14810042,5,1461228
14811255,7,1461228
14812467,4,1461228
14813680,2,1461228
14814892,4,1461228
14816106,3,1463284
14817317,4,1463284
14818531,4,1463284
14819742,6,1463284
14820955,2,1463284
14822167,11,1463284
14830655,5,1463284
14831867,8,1463284
14833081,6,1463284
14834293,8,1463284
14835505,6,1463284
14836718,8,1463540
14837930,3,1463373
14839143,3,1459789
14840356,5,1459789
14841568,3,1459789
14842781,4,1459789
14843993,3,1459789
14845206,2,1459789
14846418,4,1459789
14847631,5,1459789
14848844,4,1459789
14850057,6,1459789
14851269,8,1459789
14852481,5,1459789
14853693,8,1459789
14854906,9,1459789
14856119,6,1459789
14857332,7,1459789
14858544,5,1463797
14859756,6,1463797
14860969,4,1463797
14862181,7,1463797
14863394,10,1463797
14864606,5,1463797
14865819,5,1463797
14867031,4,1463797
14868245,10,1463797
14869456,9,1463797
14870669,10,1460149
14871882,4,1460149
14873094,5,1460149
14874308,5,1460149
14875519,4,1460149
14876732,8,1460149
14877945,5,1460149
14879157,6,1460149
14880370,7,1460149
14881583,6,1463026
14882796,3,1463026
14884007,6,1463026
14885221,8,1463026
14886433,6,1463026
14887645,7,1463026
14888857,8,1463026
14890070,7,1463026
14891282,7,1463026
14892496,9,1458042
14893708,5,1458042
14894920,5,1458042
14896133,6,1458042
14897345,6,1458042
14898558,7,1458042
14899771,7,1458042
14900983,5,1458042
14902196,5,1458042
14903408,5,1460817
14904620,3,1460817
14905833,6,1460817
14907045,6,1459583
14914320,1,1459596
14915534,5,1462924
14916745,17,1462924
14917958,5,1462924
14919170,6,1462924
14920383,7,1462924
14921595,5,1462924
14922808,0,1462924
14924020,4,1462924
14925233,4,1462924
14926446,4,1462924
14927659,8,1462924
14928871,6,1462924
14930083,6,1462924
14931296,9,1462924
14932508,9,1462924
14933721,6,1462924
14934933,5,1462924
14936146,6,1459789
14937358,3,1459789
14938570,3,1459789
14939784,6,1459789
14940995,7,1459789
14942208,9,1459789
14943420,8,1459789
14944633,8,1459789
14945845,6,1459789
14947058,6,1460097
14948270,4,1460097
14949483,7,1460097
14950695,8,1460097
14951908,6,1460097
14953121,10,1460097
14954333,8,1460097
14955546,8,1460097
14956758,9,1460097
14957970,3,1461536
14959182,2,1459275
14960395,4,1459275
14961607,5,1459275
14962820,4,1459275
14964033,6,1459275
14965245,7,1459275
14966458,3,1459275
14967670,3,1459275
14968882,3,1459275
14970095,3,1462564
14971307,5,1462564
14972520,4,1462564
14973732,7,1462564
14974945,3,1462564
14976157,4,1462564
14977370,7,1462564
14978582,4,1462564
14979795,3,1462564
14981008,3,1462204
14982221,5,1462204
14983433,1,1462204
14984645,4,1462204
14985857,6,1462204
14987070,4,1462204
14988282,4,1462204
14989495,5,1462204
14990708,7,1462204
14999195,9,1462204
15000407,6,1462204
15001620,4,1461176
15002832,3,1459378
15004045,3,1459378
15005257,6,1459378
15006470,4,1459378
15007682,4,1459378
15008895,3,1459378
15010107,3,1459378
15011320,4,1459378
15012532,4,1459378
15013745,8,1459331
15014958,3,1460611
15016170,4,1460611
15017383,4,1460611
15018595,5,1460611
15019808,1,1460611
15021020,5,1460611
15022232,6,1460611
15023445,6,1460611
15024657,5,1460511
15025871,6,1461279
15027083,3,1461279
15028295,5,1461279
15029507,2,1461279
15030720,3,1461279
15031933,4,1461279
15033145,5,1461279
15034357,5,1461279
15035570,3,1461279
15036782,4,1461279
15037996,7,1461279
15039208,8,1461279
15040420,9,1461279
15041633,8,1461279
15042845,7,1461279
15044058,6,1461279
15045270,7,1461587
15046482,0,1461587
15047695,4,1461587
15048908,6,1461587
15050120,5,1461587
15051333,4,1461587
15052546,6,1461587
15053758,9,1461587
15054970,6,1461587
15056183,9,1461587
15057395,5,1456500
15058608,3,1456500
15059820,5,1456500
15061033,5,1456500
15062245,6,1456500
15063458,7,1456500
15064670,7,1456500
15065883,6,1456500
15067095,8,1456500
15068307,4,1460765
15069521,3,1460765
15070733,5,1460765
15071945,6,1460765
15073158,7,1460765
15074370,9,1460765
15075582,3,1460765
15082858,9,1460765
15084070,5,1460765
15085283,8,1460765
15086496,7,1460765
15087709,4,1460765
15088921,8,1460765
15090134,7,1460149
15091346,5,1460149
15092558,9,1460149
15093771,4,1460149
15094983,6,1460149
15096197,5,1460149
15097409,4,1460149
15098622,6,1460149
15099833,8,1460149
15101046,10,1461125
15102259,3,1461125
15103472,7,1461125
15104684,8,1461125
15105897,7,1461125
15107109,6,1461125
15108322,5,1461125
15109534,8,1461125
15110747,8,1461125
15111959,5,1458812
15113171,7,1458812
15114384,8,1458812
15115596,5,1458812
15116809,4,1458812
15118021,8,1458812
15119234,7,1458812
15120447,9,1458812
15121660,6,1458812
15122872,8,1459789
15124084,3,1459789
15125297,7,1459789
15126509,5,1459789
15127722,9,1459789
15128934,7,1459789
15130148,7,1459789
15131359,6,1459789
15132572,7,1459789
15133784,5,1456397
15134997,5,1456397
15136209,7,1456397
15137422,8,1456397
15138634,7,1456397
15139847,4,1456397
15141059,7,1456397
15142273,8,1456397
15143485,8,1456397
15144697,6,1459224
15145910,2,1457579
15147122,3,1457579
15148335,4,1457579
15149548,6,1457579
15150760,5,1457579
15151973,6,1457579
15153186,5,1457579
15154397,4,1457579
15155610,4,1457579
15156822,5,1462769
15158036,3,1462769
15159248,5,1462769
15167736,12,1458401
15168949,7,1458401
15170161,5,1458401
15171374,7,1458401
15172586,6,1458401
15173799,0,1458401
15175011,6,1458401
15176223,2,1458401
15177436,5,1458401
15178649,5,1457425
15179862,4,1457425
15181074,2,1457425
15182286,4,1457425
15183499,2,1457425
15184711,5,1457425
15185923,4,1457425
15187136,5,1457425
15188349,2,1457425
15189561,5,1459532
15190773,5,1459532
15191985,3,1459532
15193199,5,1459532
15194411,5,1459532
15195623,5,1459532
15196835,3,1459532
15198048,5,1459532
15199260,4,1459532
15200473,5,1459485
15201686,2,1460765
15202897,5,1460765
15204110,2,1460765
15205322,-1,1460765
15206535,5,1460765
15207748,6,1460765
15208960,4,1460765
15210173,3,1460765
15211385,3,1460814
15212597,4,1460046
15213810,5,1460046
15215022,3,1460046
15216234,6,1460046
15217447,7,1460046
15218659,4,1460046
15219872,4,1460046
15221084,4,1460046
15222297,5,1460088
15223509,3,1460088
15224722,5,1460088
15225933,6,1460088
15227146,6,1460088
15228358,9,1460088
15229570,9,1460088
15230784,8,1460088
15231996,7,1457784
15233208,4,1457784
15234420,4,1457784
15235633,7,1457784
15236845,5,1457784
15238058,9,1457784
15239270,9,1457784
15240483,6,1457784
15241696,7,1457784
15242908,9,1457784
15244120,5,1457784
15251395,15,1457784
15252608,6,1457784
15253821,7,1457784
15255033,6,1461690
15256245,7,1461690
15257457,9,1461690
15258670,8,1461690
15259883,7,1461690
15261096,6,1461690
15262307,6,1461690
15263520,9,1461690
15264733,9,1461690
15265945,9,1462204
15267158,5,1462204
15268370,5,1462204
15269582,6,1462204
15270795,3,1462204
15272007,5,1462204
15273221,7,1462204
15274433,8,1462204
15275645,5,1462204
15276857,4,1457322
15278071,6,1457322
15279283,7,1457322
15280495,8,1457322
15281708,7,1457322
15282921,4,1457322
15284133,4,1457322
15285345,7,1457322
15286558,5,1457322
15287771,5,1462667
15288983,6,1462667
15290196,4,1462667
15291408,4,1462667
15292620,6,1462667
15293833,8,1462667
15295045,5,1462667
15296258,5,1462667
15297470,5,1462667
15298683,8,1460714
15299895,5,1460714
15301108,6,1460714
15302321,7,1460714
15303534,4,1460714
15304746,8,1460714
15305959,4,1460714
15307170,7,1460714
15308383,8,1460714
15309596,5,1458864
15310809,5,1458864
15312021,7,1458864
15313233,7,1458864
15314445,10,1458864
15315658,7,1458864
15316870,7,1458864
15318083,7,1458864
15319296,5,1458864
15320508,7,1461639
15321720,5,1461639
15322933,7,1461639
15324145,9,1461639
15325358,8,1461639
15326571,6,1461639
15327783,7,1461639
15335191,6,1461639
15336271,9,1461639
15337484,6,1461639
15338696,4,1461639
15339909,5,1461639
15341121,6,1461639
15342334,7,1463540
15343546,5,1459532
15344758,7,1459532
15345972,5,1459532
15347184,5,1459532
15348396,4,1459532
15349610,4,1459532
15350821,6,1459532
15352034,4,1459532
15353247,8,1459532
15354459,4,1461382
15355672,3,1461382
15356884,3,1461382
15358097,4,1461382
15359309,6,1461382
15360522,3,1461382
15361734,3,1461382
15362947,3,1461382
15364159,3,1461382
15365372,4,1459789
15366585,5,1459789
15367798,3,1459789
15369010,4,1459789
15370222,3,1459789
15371435,3,1459789
15372647,6,1459789
15373860,5,1459789
15375073,2,1459789
15376285,3,1461536
15377498,1,1461536
15378710,4,1461536
15379923,8,1461536
15381136,5,1461536
15382348,3,1461536
15383560,2,1461536
15384773,4,1461536
15385986,6,1461536
15387199,5,1461536
15388411,5,1461536
15389623,3,1461536
15390836,5,1461536
15392049,7,1461536
15393261,4,1461536
15394474,5,1461536
15395686,6,1461536
15396899,4,1461536
15398112,4,1461685
15399324,4,1460149
15400537,6,1460149
15401749,7,1460149
15402962,4,1460149
15404175,6,1460149
15405387,4,1460149
15406600,5,1460149
15407812,5,1460149
15409024,6,1460041
15410237,4,1458761
15411450,7,1458761
15419937,3,1458761
15421150,5,1458761
15422362,5,1458761
15423575,5,1458761
15424788,5,1458761
15426000,6,1458761
15427213,8,1458761
15428425,8,1458761
15429637,5,1455009
15430850,4,1455009
15432062,3,1455009
15433276,4,1455009
15434488,5,1455009
15435701,9,1455009
15436912,7,1455009
15438125,5,1455009
15439338,7,1455009
15440550,7,1455009
15441763,7,1454907
15442975,4,1454907
15444187,8,1454907
15445400,7,1454907
15446613,6,1454907
15447825,8,1454907
15449038,5,1454907
15450250,6,1454907
15451463,7,1454907
15452675,7,1454136
15453888,3,1454136
15455100,6,1454136
15456313,6,1454136
15457525,7,1454136
15458738,8,1454136
15459950,8,1454136
15461163,7,1454136
15462375,6,1454136
15463588,8,1457990
15464801,4,1457990
15466013,8,1457990
15467225,6,1457990
15468438,3,1457990
15469650,7,1457990
15470864,6,1457990
15472075,6,1457990
15473289,4,1457990
15474500,8,1446735
15475713,4,1446735
15476926,6,1446735
15478138,7,1446735
15479351,7,1446735
15480563,9,1446735
15481776,7,1446735
15482989,3,1446735
15484201,4,1446735
15485414,6,1440260
15486626,4,1440260
15487839,6,1440260
15489051,7,1440260
15490264,6,1440260
15491476,6,1440260
15492689,2,1440260
15493902,7,1440260
15495114,5,1440260
15496327,6,1440260
15503602,4,1440260
15504814,7,1440260
15506027,7,1440260
15507240,6,1446478
15508453,5,1446478
15509666,11,1446478
15510878,5,1446478
15512090,7,1446478
15513303,6,1446478
15514515,6,1446478
15515728,7,1446478
15516940,6,1446478
15518153,7,1445605
15519366,3,1445605
15520579,4,1445605
15521791,7,1445605
15523004,7,1445605
15524216,7,1445605
15525428,6,1445605
15526641,6,1445605
15527854,8,1445605
15529066,8,1440825
15530279,4,1440825
15531491,3,1440825
15532704,5,1440825
15533916,6,1440825
15535129,5,1440825
15536341,6,1440825
15537554,7,1440825
15538766,3,1440825
15539980,5,1440825
15541191,5,1842037
15542404,5,1842037
15543617,3,1842037
15544829,4,1842037
15546042,4,1842037
15547254,6,1842037
15548467,3,1842037
15549680,4,1842037
15550892,2,1842037
15552105,3,1842037
15553317,4,1842037
15554530,4,1842037
15555743,6,1842037
15556955,5,1842037
15558169,6,1842037
15559380,5,1842037
15560594,5,1842037
15561806,3,1842037
15563018,5,1839283
15564231,6,1446067
15565444,8,1446067
15566656,4,1446067
15567869,5,1446067
15569081,2,1446067
15570294,6,1446067
15571506,2,1446067
15572719,5,1446067
15573931,5,1443755
15575144,4,1443755
15576357,6,1443755
15577569,5,1443755
15578782,5,1443755
15579994,8,1443755
15587269,10,1443755
15588483,7,1443755
15589695,7,1443755
15590908,7,1443755
15592120,7,1443755
15593332,9,1443755
15594545,7,1453468
15595758,5,1453334
15596970,5,1445142
15598184,5,1445142
15599396,5,1445142
15600609,5,1445142
15601821,7,1445142
15603034,4,1445142
15604246,8,1445142
15605459,5,1445142
15606671,3,1445142
15607884,6,1445142
15609097,7,1445142
15610309,7,1445142
15611523,7,1445142
15612735,5,1445142
15613948,8,1445142
15615160,6,1445142
15616373,9,1440106
15617585,4,1440106
15618798,3,1440106
15620010,9,1440106
15621223,4,1440106
15622435,6,1440106
15623648,4,1440106
15624860,9,1440106
15626073,6,1440106
15627286,6,1440106
15628498,5,1440774
15629711,4,1440774
15630923,9,1440774
15632136,6,1440774
15633349,6,1440774
15634561,8,1440774
15635774,3,1440774
15636986,8,1440774
15638199,7,1440774
15639412,7,1445810
15640624,4,1445810
15641837,5,1445810
15643048,8,1445810
15644261,6,1445810
15645474,8,1445810
15646686,7,1445810
15647899,4,1445810
15649111,4,1445810
15650324,6,1447095
15651536,4,1447095
15652749,11,1447095
15653961,7,1447095
15655173,6,1447095
15656386,3,1447095
15657599,5,1447095
15658811,7,1447095
15660023,7,1447095
15661237,7,1446067
15662449,7,1446067
15663661,4,1446067
15672149,7,1441031
15673362,6,1441031
15674574,9,1441031
15675787,5,1441031
15677000,6,1441031
15678213,7,1441031
15679425,7,1441031
15680638,7,1441031
15681850,8,1441031
15683063,8,1447403
15684275,3,1447403
15685488,3,1447403
15686701,7,1447403
15687915,8,1447403
15689125,5,1447403
15690338,3,1447403
15691551,7,1447403
15692763,4,1447403
15693976,7,1454650
15695188,4,1454650
15696401,8,1454650
15697613,6,1454650
15698826,5,1454650
15700038,6,1454650
15701251,6,1454650
15702464,8,1454650
15703675,6,1454650
15704888,3,1450898
15706101,3,1450898
15707313,6,1450898
15708526,7,1450898
15709739,6,1450898
15710950,8,1450898
15712163,7,1450898
15713376,5,1450898
15714588,8,1450898
15715801,7,1448740
15717013,1,1458555
15718226,4,1458555
15719438,4,1458555
15720650,0,1458555
15721864,3,1458555
15723076,5,1458555
15724289,2,1458555
15725501,4,1458555
15726713,5,1458555
15727926,3,1459121
15729138,4,1459121
15730351,5,1459121
15731564,5,1459121
15732776,4,1459121
15733989,4,1459121
15735202,4,1459121
15736413,4,1459121
15737626,6,1459121
15738838,5,1453982
15740052,5,1453982
15741263,5,1453982
15742476,3,1453982
15743689,-1,1453982
15744901,6,1453982
15746113,5,1453982
15747326,3,1453982
15748539,7,1453982
15757026,8,1453982
15758240,7,1453982
15759452,8,1452337
15760664,5,1505488
15761877,3,1439952
15763090,2,1439952
15764302,4,1439952
15765514,3,1439952
15766727,4,1439952
15767940,5,1439952
15769152,6,1439952
15770364,6,1439952
15771577,4,1439920
15772789,3,1445040
15774002,4,1445040
15775214,5,1445040
15776427,3,1445040
15777640,4,1445040
15778852,5,1445040
15780065,6,1445040
15781277,5,1445040
15782490,4,1445057
15783702,5,1435841
15784915,4,1435841
15786127,7,1435841
15787340,3,1435841
15788552,7,1435841
15789765,3,1435841
15790977,5,1435841
15792190,5,1435841
15793402,2,1435885
15794615,3,1435885
15795827,7,1435885
15797040,7,1435885
15798253,5,1435885
15799466,6,1435885
15800677,4,1435885
15801890,7,1435885
15803103,6,1447917
15804315,4,1447917
15805527,4,1447917
15806740,5,1447917
15807953,6,1447917
15809165,10,1447917
15810378,7,1447917
15811590,8,1447917
15812803,4,1447917
15814015,3,1447917
15815227,8,1444269
15816440,4,1444269
15817652,3,1444269
15818865,7,1444269
15820077,8,1444269
15821290,6,1444269
15822502,5,1444269
15823715,9,1444269
15824928,7,1444269
15826140,6,1445964
15827352,3,1445964
15828565,6,1445964
15829777,5,1445964
15830990,9,1445964
15832203,7,1445964
15833415,5,1445964
15840690,10,1445964
15841902,7,1445964
15843114,7,1445964
15844327,4,1445964
15845540,5,1445964
15846752,10,1445964
15847964,5,1435121
15849177,2,1435121
15850389,3,1435121
15851602,8,1435121
15852814,6,1435121
15854027,6,1435121
15855239,9,1435121
15856451,9,1435121
15857664,7,1435121
15858877,8,1437485
15860089,5,1437485
15861301,8,1437485
15862513,6,1437485
15863726,5,1437485
15864938,5,1437485
15866151,7,1437485
15867363,7,1437485
15868576,2,1437485
15869789,4,1445142
15871001,4,1445142
15872213,8,1445142
15873426,7,1445142
15874638,8,1445142
15875851,9,1445142
15877063,7,1445142
15878276,4,1445142
15879488,6,1445142
15880700,7,1446119
15881912,5,1446119
15883125,6,1446119
15884338,6,1446119
15885550,5,1446119
15886763,8,1446119
15887975,6,1446119
15889187,7,1446119
15890400,4,1446119
15891612,6,1451618
15892824,0,1451618
15894037,5,1451618
15895249,6,1451618
15896461,8,1451618
15897674,4,1451618
15898887,5,1451618
15900098,7,1451618
15901312,5,1451618
15902524,5,1455677
15903736,3,1455677
15904948,7,1455677
15906161,5,1455677
15907373,7,1455677
15908585,4,1455677
15909798,3,1455677
15911010,4,1455677
15912222,9,1455677
15913435,7,1457939
15914647,4,1455163
15915860,4,1455163
15917072,8,1455163
15924346,3,1455163
15925558,1,1455163
15926771,6,1455163
15927983,8,1455163
15929196,4,1455163
15930408,7,1455163
15931620,7,1455163
15932833,5,1455163
15934045,9,1455163
15935258,8,1455009
15936470,4,1445695
15937682,3,1511231
15938894,4,1511231
15940107,2,1511231
15941320,3,1511231
15942532,5,1511231
15943744,7,1511231
15944957,5,1511231
15946169,3,1511231
15947382,4,1515560
15948594,3,1450024
15949807,2,1450024
15951020,5,1450024
15952231,4,1450024
15953444,7,1450024
15954656,5,1450024
15955869,3,1450024
15957081,-3,1450024
15958294,4,1450024
15959507,3,1450024
15960719,4,1450024
15961932,4,1450024
15963144,5,1450024
15964356,7,1450024
15965569,4,1450024
15966781,6,1450024
15967994,6,1450024
15969206,5,1450099
15970418,4,1442419
15971632,5,1442419
15972843,4,1442419
15974056,5,1442419
15975269,5,1442419
15976481,4,1442419
15977693,5,1442419
15978906,4,1442419
15980119,4,1442377
15981331,4,1444937
15982544,4,1444937
15983756,6,1444937
15984968,6,1444937
15986181,3,1444937
15987393,5,1444937
15988607,4,1444937
15989818,3,1444937
15991031,6,1444937
15992243,5,1444937
15993456,4,1444937
15994668,4,1444937
15995881,7,1444937
15997093,8,1444937
15998305,9,1444937
15999517,6,1444937
16000730,1,1444937
16009216,4,1444937
16010428,6,1444937
16011641,10,1444937
16012853,7,1447352
16014066,5,1447352
16015278,6,1447352
16016490,8,1447352
16017703,8,1447352
16018914,6,1447352
16020128,5,1447352
16021340,6,1447352
16022552,5,1447352
16023765,5,1445656
16024977,6,1445656
16026189,5,1445656
16027401,4,1445656
16028614,5,1445656
16029826,4,1445656
16031038,6,1445656
16032251,9,1445656
16033463,8,1445656
16034676,7,1458504
16035888,4,1458504
16037101,3,1458504
16038312,5,1458504
16039525,5,1458504
16040737,8,1458504
16041950,6,1458504
16043162,9,1458504
16044374,8,1458504
16045587,6,1445502
16046799,0,1445502
16048011,5,1445502
16049224,5,1445502
16050436,6,1445502
16051648,7,1445502
16052861,9,1445502
16054073,6,1445502
16055285,7,1445502
16056499,6,1455163
16057710,4,1455163
16058922,4,1455163
16060135,7,1455163
16061347,7,1455163
16062559,9,1455163
16063772,6,1455163
16064985,8,1455163
16066197,5,1455163
16067409,9,1449048
16068621,5,1449048
16069833,6,1449048
16071046,8,1449048
16072258,5,1449048
16073470,4,1449048
16074683,8,1449048
16075895,11,1449048
16077107,8,1449048
16078320,8,1446838
16079532,6,1446838
16080745,9,1446838
16081957,9,1446838
16083169,7,1446838
16084382,7,1446838
16085594,8,1446838
16094081,3,1446838
16095293,5,1446838
16096505,5,1446838
16097717,8,1446838
16098930,7,1446838
16100142,7,1443703
16101354,4,1437999
16102567,5,1437999
16103779,3,1437999
16104992,5,1437999
16106204,4,1437999
16107416,4,1437999
16108629,2,1437999
16109841,5,1437999
16111053,10,1437999
16112266,3,1436920
16113478,3,1436920
16114690,4,1436920
16115903,-1,1436920
16117115,2,1436920
16118327,4,1436920
16119540,4,1436920
16120753,6,1436920
16121964,4,1436920
16123177,5,1379915
16124389,4,1445451
16125602,4,1445451
16126814,5,1445451
16128026,4,1445451
16129239,5,1445451
16130452,7,1445451
16131663,5,1445451
16132876,8,1445451
16134089,4,1502867
16135300,5,1437331
16136513,3,1437331
16137725,4,1437331
16138937,3,1437331
16140150,4,1437331
16141362,6,1437331
16142575,5,1437331
16143786,4,1437331
16145000,4,1437292
16146211,5,1440620
16147425,6,1440620
16148637,5,1440620
16149849,-1,1440620
16151061,5,1440620
16152273,5,1440620
16153486,3,1440620
16154698,4,1440620
16155911,7,1440520
16157123,2,1441288
16158336,4,1441288
16159548,5,1441288
16160761,7,1441288
16161973,5,1441288
16163186,4,1441288
16164398,3,1441288
16165610,5,1441288
16166823,4,1441298
16168035,3,1444114
16169247,6,1444114
16170460,7,1444296
16178947,1,1437896
16180159,4,1437896
16181371,3,1437896
16182584,4,1437896
16183796,4,1437896
16185009,6,1437896
16186221,4,1437896
16187433,3,1437896
16188645,3,1437896
16189858,4,1437896
16191070,7,1437896
16192284,8,1437896
16193495,6,1437896
16194708,6,1437896
16195920,7,1437896
16197133,8,1437896
16198345,8,1437896
16199557,6,1438462
16200770,4,1438462
16201982,5,1438462
16203194,3,1438462
16204407,9,1438462
16205620,8,1438462
16206831,4,1438462
16208044,6,1438462
16209256,5,1438462
16210469,6,1439489
16211681,5,1439489
16212894,8,1439489
16214106,9,1439489
16215318,10,1439489
16216531,3,1439489
16217743,8,1439489
16218955,7,1439489
16220168,8,1439489
16221380,9,1439181
16222593,5,1439181
16223805,7,1439181
16225017,7,1439181
16226229,6,1439181
16227442,11,1439181
16228654,9,1439181
16229866,5,1439181
16231078,6,1439181
16232292,6,1436817
16233503,4,1436817
16234716,7,1436817
16235928,6,1436817
16237140,3,1436817
16238353,7,1436817
16239566,6,1436817
16240778,5,1436817
16241990,9,1436817
16243203,7,1434145
16244414,4,1434145
16245627,9,1434145
16246839,7,1434145
16248052,9,1434145
16249263,7,1434145
16250476,4,1434145
16251688,6,1434145
16252901,6,1434145
16254113,5,1445194
16255325,4,1445194
16263811,4,1445194
16265023,5,1438050
16266236,3,1438050
16267448,8,1438050
16268661,10,1438050
16269873,6,1438050
16271085,7,1438050
16272298,4,1438050
16273510,8,1438050
16274723,6,1438050
16275935,8,1443087
16277148,5,1443087
16278360,9,1443087
16279572,5,1443087
16280785,4,1443087
16281997,10,1443087
16283209,9,1443087
16284421,6,1443087
16285635,6,1443087
16286846,7,1439027
16288058,6,1443087
16289271,2,1443087
16290483,4,1443087
16291695,5,1443087
16292908,4,1443087
16294120,3,1443087
16295332,5,1443087
16296545,5,1443087
16297757,5,1443087
16298969,5,1442830
16300182,5,1442830
16301394,5,1442830
16302606,3,1442830
16303818,3,1442830
16305031,6,1442830
16306243,7,1442830
16307456,5,1442830
16308668,4,1442830
16309880,4,1500040
16311093,3,1434504
16312305,5,1434504
16313517,3,1434504
16314729,5,1434504
16315942,3,1434504
16317154,3,1434504
16318367,4,1434504
16319579,6,1434504
16320791,4,1441493
16322003,4,1441493
16323216,4,1441493
16324428,4,1441493
16325640,4,1441493
16326853,4,1441493
16328065,6,1441493
16329277,4,1441493
16330489,2,1441493
16331701,3,1441403
16332915,4,1444731
16334126,3,1444731
16335339,4,1444731
16336551,5,1444731
16337763,3,1444731
16338975,2,1444731
16340188,7,1444731
16348674,5,1444731
16349886,9,1444731
16351098,4,1444731
16352312,6,1444269
16353523,4,1444210
16354735,5,1444210
16355948,7,1444210
16357161,4,1444210
16358373,9,1444210
16359585,4,1444210
16360797,7,1444210
16362010,7,1444210
16363222,5,1442162
16364434,5,1442162
16365647,4,1442162
16366859,5,1442162
16368072,8,1442162
16369284,6,1442162
16370496,6,1442162
16371709,9,1442162
16372921,5,1442162
16374133,5,1442162
16375345,8,1440466
16376559,4,1440466
16377771,5,1440466
16378982,7,1440466
16380196,3,1440466
16381408,6,1440466
16382620,5,1440466
16383833,9,1440466
16385045,5,1440466
16386257,6,1438359
16387470,4,1438359
16388682,9,1438359
16389895,6,1438359
16391108,5,1438359
16392321,5,1438359
16393532,6,1438359
16394745,8,1438359
16395957,8,1438359
16397170,10,1426436
16398382,5,1426436
16399595,9,1426436
16400807,5,1426436
16402019,7,1426436
16403232,7,1426436
16404444,9,1426436
16405657,6,1426436
16406869,10,1426436
16408081,5,1404183
16409294,4,1404183
16410506,5,1404183
16411719,5,1404183
16412931,4,1404183
16414143,5,1404183
16415356,5,1404183
16416568,7,1404183
16417781,4,1404183
16418993,7,1408500
16420206,3,1408500
16421418,8,1408500
16422630,5,1408500
16423843,2,1408500
16425056,7,1408500
16432330,1,1408500
16433543,7,1408500
16434756,10,1408500
16435968,7,1408500
16437180,6,1408500
16438393,5,1408500
16439605,7,1408500
16440818,5,1400483
16442030,3,1400483
16443243,6,1400483
16444455,10,1400483
16445668,7,1400483
16446881,8,1400483
16448093,4,1400483
16449305,9,1400483
16450517,6,1400483
16451730,5,1404235
16452942,4,1404235
16454155,6,1404235
16455367,7,1404235
16456579,5,1404235
16457793,4,1404235
16459004,7,1404235
16460217,7,1404235
16461430,6,1404235
16462642,9,1401768
16463855,3,1401768
16465067,5,1401768
16466280,5,1401768
16467493,3,1401768
16468705,6,1401768
16469917,6,1401768
16471130,7,1401768
16472342,8,1401768
16473555,7,1403927
16474767,4,1396835
16475980,4,1396835
16477193,4,1396835
16478405,6,1396835
16479618,3,1396835
16480830,3,1396835
16482043,4,1396835
16483255,4,1396835
16484467,4,1396835
16485680,5,1397040
16486892,4,1397040
16488105,4,1397040
16489318,4,1397040
16490530,4,1397040
16491742,5,1397040
16492954,4,1397040
16494167,4,1397040
16495380,3,1397040
16496593,4,1398068
16497805,1,1398068
16499017,4,1398068
16500230,4,1398068
16501443,7,1398068
16502654,3,1398068
16503867,3,1398068
16505079,4,1398068
16506292,5,1398068
16507505,3,1401254
16508717,9,1401254
16517204,12,1401254
16518417,4,1401091
16519629,4,1398531
16520842,3,1398531
16522053,8,1398531
16523266,3,1398531
16524478,4,1398531
16525691,4,1398531
16526903,4,1398531
16528116,5,1398531
16529328,4,1398640
16530540,2,1400432
16531753,10,1400432
16532966,4,1400432
16534178,5,1400432
16535390,5,1400432
16536604,4,1400432
16537815,-2,1400432
16539028,2,1400432
16540240,4,1400408
16541453,4,1394008
16542665,5,1394008
16543877,4,1394008
16545090,3,1394008
16546303,3,1394008
16547514,2,1394008
16548727,6,1394008
16549939,6,1394008
16551152,6,1394008
16552364,5,1394008
16553577,4,1394008
16554789,4,1394008
16556002,7,1394008
16557214,8,1394008
16558426,6,1394008
16559639,7,1394008
16560852,4,1394008
16562064,7,1371704
16563276,4,1371704
16564489,6,1371704
16565702,5,1371704
16566914,5,1371704
16568126,5,1371704
16569338,5,1371704
16570551,11,1371704
16571764,7,1371704
16572976,4,1356801
16574189,6,1356801
16575401,7,1356801
16576613,5,1356801
16577826,5,1356801
16579038,8,1356801
16580250,8,1356801
16581463,8,1356801
16582676,7,1356801
16583888,4,1358445
16585100,4,1358445
16586313,8,1358445
16587525,7,1358445
16588738,9,1358445
16589950,7,1358445
16591162,6,1358445
16592374,6,1358445
16593587,5,1358445
16600862,11,1358445
16602074,5,1358445
16603287,7,1358445
16604500,5,1358445
16605712,4,1365075
16606924,4,1365075
16608137,4,1365075
16609349,4,1365075
16610561,7,1365075
16611774,5,1365075
16612986,8,1365075
16614199,6,1365075
16615412,7,1365075
16616624,4,1382291
16617837,4,1382291
16619049,6,1382291
16620261,5,1382291
16621473,8,1382291
16622686,7,1382291
16623898,7,1382291
16625110,7,1382291
16626323,7,1382291
16627535,7,1367336
16628747,9,1367336
16629960,5,1367336
16631172,7,1367336
16632385,6,1367336
16633598,8,1367336
16634810,5,1367336
16636022,9,1367336
16637235,8,1367336
16638448,8,1365281
16639659,1,1365281
16640873,5,1365281
16642085,5,1365281
16643297,7,1365281
16644509,7,1365281
16645722,5,1365281
16646934,3,1365281
16648146,8,1365281
16649359,5,1366257
16650572,5,1366257
16651784,6,1366257
16652996,8,1366257
16654209,9,1366257
16655421,4,1366257
16656633,7,1366257
16657846,4,1366257
16659058,7,1366257
16660270,2,1369289
16661483,2,1365589
16662695,4,1365589
16663908,9,1365589
16665120,3,1365589
16666332,4,1365589
16667545,4,1365589
16668757,3,1365589
16669969,3,1365589
16671182,4,1365589
16672394,2,1363276
16673606,4,1363276
16674819,4,1363276
16676031,5,1363276
16677244,4,1363276
16685731,10,1363276
16686943,7,1363276
16688156,4,1363276
16689369,4,1363276
16690581,5,1363276
16691794,2,1363276
16693006,3,1356750
16694218,6,1349349
16695431,5,1349349
16696643,4,1349349
16697856,4,1349349
16699068,5,1349349
16700280,3,1349349
16701493,2,1349349
16702706,5,1349349
16703919,3,1349349
16705130,3,1349349
16706343,-6,1349349
16707556,3,1349349
16708769,11,1349349
16709981,8,1349349
16711193,8,1349349
16712405,4,1349349
16713618,-10,1349349
16714831,-3,1349349
16716043,0,1349126
16717255,7,1344518
16718468,0,1344518
16719681,5,1344518
16720893,6,1344518
16722106,9,1344518
16723318,5,1344518
16724530,-1,1344518
16725743,-5,1344518
16726955,2,1344565
16728167,11,1343285
16729380,12,1343285
16730593,7,1343285
16731805,1,1343285
16733017,5,1343285
16734230,-3,1343285
16735443,2,1343285
16736655,1,1343285
16737868,3,1343285
16739079,5,1343285
16740293,13,1343285
16741504,9,1343285
16742717,7,1343285
16743929,2,1343285
16745141,5,1343285
16746354,5,1343285
16747567,7,1335525
16748779,4,1335525
16749991,6,1335525
16751204,12,1335525
16752416,7,1335525
16753629,9,1335525
16754841,4,1335525
16756053,8,1335525
16757265,6,1335525
16758478,4,1335525
16759691,6,1340972
16760903,6,1340972
16762115,4,1340972
16769389,11,1340972
16770602,7,1365589
16771814,5,1365589
16773028,5,1365589
16774240,6,1365589
16775452,4,1365589
16776664,5,1365589
16777877,4,1365589
16779090,5,1365589
16780302,7,1365589
16781515,7,1371653
16782727,6,1371653
16783940,6,1371653
16785152,4,1371653
16786365,5,1371653
16787577,6,1371653
16788789,5,1371653
16790002,6,1371653
16791214,6,1371653
16792426,8,1362402
16793640,6,1362402
16794851,7,1362402
16796065,6,1362402
16797277,5,1362402
16798490,6,1362402
16799702,6,1362402
16800914,11,1362402
16802127,9,1362402
16803339,6,1346214
16804552,7,1346214
16805764,5,1346214
16806976,7,1346214
16808188,5,1346214
16809401,5,1346214
16810613,3,1346214
16811826,6,1346214
16813038,3,1346214
16814250,7,1375610
16815464,4,1375610
16816675,7,1375610
16817888,6,1375610
16819101,6,1375610
16820313,8,1375610
16821525,8,1375610
16822738,5,1375610
16823950,5,1375610
16825162,7,1376124
16826375,5,1376124
16827587,7,1376124
16828800,4,1376124
16830013,9,1376124
16831225,4,1376124
16832437,2,1376124
16833650,7,1376124
16834862,9,1376124
16836075,10,1387944
16837287,9,1387944
16838500,13,1387944
16839712,9,1387944
16840925,2,1387944
16842137,2,1387944
16843351,3,1387944
16844562,11,1387944
16845775,14,1387944
16853191,3,1387944
16854262,3,1387944
16855475,4,1387944
16856687,7,1387944
16857900,6,1386505
16859113,3,1378282
16860326,8,1378282
16861537,5,1378282
16862750,12,1378282
16863962,4,1378282
16865176,2,1378282
16866387,3,1378282
16867600,4,1378282
16868813,4,1378282
16870025,4,1380338
16871238,5,1380338
16872450,7,1380338
16873662,6,1380338
16874875,3,1380338
16876088,3,1380338
16877300,2,1380338
16878512,4,1380338
16879725,4,1380338
16880937,8,1379002
16882150,3,1379002
16883362,6,1379002
16884575,6,1379002
16885787,7,1379002
16887001,10,1379002
16888213,3,1379002
16889426,4,1379002
16890639,3,1379002
16891850,2,1383627
16893063,7,1383627
16894275,9,1383627
16895488,3,1383627
16896700,2,1383627
16897915,5,1383627
16899126,4,1383627
16900338,2,1383627
16901551,7,1383627
16902763,4,1383561
16903976,5,1379721
16905189,8,1379721
16906400,7,1379721
16907613,4,1379721
16908825,4,1379721
16910038,4,1379721
16911251,5,1379721
16912463,2,1379721
16913675,4,1379837
16914888,5,1383421
16916101,3,1383421
16917314,4,1383421
16918525,5,1383421
16919738,3,1383421
16920950,4,1383421
16922163,2,1383421
16923375,5,1383421
16924588,6,1383421
16925800,5,1383421
16927013,9,1383421
16928225,8,1383421
16929438,5,1382342
16936713,15,1382342
16937926,6,1382342
16939138,3,1382342
16940351,3,1382342
16941563,5,1382342
16942775,7,1382342
16943988,2,1382342
16945200,5,1382342
16946413,5,1382342
16947626,4,1382342
16948838,4,1382342
16950050,7,1382342
16951263,7,1382342
16952475,4,1382342
16953688,6,1382342
16954901,6,1382342
16956113,8,1382342
16957325,7,1383473
16958538,5,1383473
16959750,13,1383473
16960963,6,1383473
16962175,5,1383473
16963388,3,1383473
16964600,6,1383473
16965813,4,1383473
16967025,9,1383473
16968238,8,1379824
16969450,7,1379824
16970663,3,1379824
16971875,8,1379824
16973088,7,1379824
16974301,9,1379824
16975513,3,1379824
16976725,10,1379824
16977938,5,1379824
16979150,6,1382856
16980364,5,1382856
16981576,6,1382856
16982788,5,1382856
16984001,6,1382856
16985213,9,1382856
16986426,8,1382856
16987639,7,1382856
16988851,6,1382856
16990064,2,1381366
16991276,4,1381366
16992488,6,1381366
16993701,8,1381366
16994914,9,1381366
16996126,5,1381366
16997338,4,1381366
16998551,7,1381366
16999764,8,1381366
17000976,4,1382908
17002189,6,1382908
17003402,10,1382908
17004614,8,1382908
17005826,7,1382908
17007039,8,1382908
17008252,6,1382908
17009464,6,1382908
17010676,8,1382908
17011889,5,1382753
17013102,7,1382753
17021590,5,1382753
17022803,7,1384193
17024014,4,1384193
17025227,6,1384193
17026440,5,1384193
17027652,7,1384193
17028865,7,1384193
17030077,7,1384193
17031290,6,1384193
17032503,3,1384193
17033715,5,1383164
17034927,5,1381674
17036140,4,1381674
17037352,6,1381674
17038565,6,1381674
17039777,5,1381674
17040989,-3,1381674
17042202,1,1381674
17043414,2,1381674
17044627,8,1381674
17045839,6,1383730
17047052,8,1383730
17048264,3,1383730
17049478,0,1383730
17050689,5,1383730
17051902,8,1383730
17053114,6,1383730
17054327,5,1383730
17055540,5,1383730
17056752,6,1379927
17057965,4,1379927
17059177,4,1379927
17060389,2,1379927
17061602,1,1379927
17062815,5,1379927
17064027,5,1379927
17065240,4,1379927
17066452,7,1379927
17067665,4,1382240
17068877,2,1382240
17070090,3,1382240
17071302,5,1382240
17072515,5,1382240
17073727,7,1382240
17074941,5,1382240
17076152,5,1382240
17077366,8,1382240
17078578,4,1382394
17079790,3,1382394
17081003,2,1382394
17082215,3,1382394
17083428,3,1382394
17084640,3,1382394
17085853,1,1382394
17087065,5,1382394
17088278,4,1382394
17089490,2,1382238
17090703,0,1381982
17091915,4,1381982
17093128,5,1381982
17094341,4,1381982
17095553,5,1381982
17096765,3,1381982
17097978,6,1381982
17105255,12,1381982
17106466,6,1381982
17107678,5,1381982
17108891,8,1381982
17110104,5,1383319
17111317,2,1383319
17112528,4,1383319
17113741,11,1383319
17114953,6,1383319
17116166,6,1383319
17117379,8,1383319
17118592,6,1383319
17119804,5,1383319
17121017,4,1380852
17122229,5,1380852
17123442,3,1380852
17124654,4,1380852
17125866,8,1380852
17127079,9,1380852
17128292,8,1380852
17129504,5,1380852
17130717,7,1380852
17131929,4,1380852
17133142,7,1381674
17134354,5,1381674
17135566,9,1381674
17136779,4,1381674
17137991,9,1381674
17139205,10,1381674
17140417,6,1381674
17141629,5,1381674
17142841,5,1381674
17144054,10,1381726
17145266,5,1381726
17146479,6,1381726
17147691,2,1381726
17148904,7,1381726
17150117,7,1381726
17151329,4,1381726
17152541,6,1381726
17153754,10,1381726
17154966,9,1383370
17156179,3,1383370
17157392,3,1383370
17158604,6,1383370
17159816,12,1383370
17161029,11,1383370
17162241,8,1383370
17163453,6,1383370
17164666,7,1383370
17165878,8,1382599
17167092,3,1382599
17168303,9,1382599
17169516,8,1382599
17170728,7,1382599
17171941,9,1382599
17173153,7,1382599
17174366,6,1382599
17175578,9,1382599
17176791,4,1384090
17178004,5,1384090
17179216,6,1384090
17180428,5,1384090
17181640,9,1384090
17190128,9,1384090
17191341,9,1384090
17192552,8,1384090
17193765,4,1384090
17194978,6,1384090
17196190,5,1384090
17197402,5,1384090
17198615,7,1382085
17199827,1,1382085
17201041,8,1382085
17202253,10,1382085
17203465,5,1382085
17204678,5,1382085
17205891,6,1382085
17207103,5,1382085
17208315,5,1382085
17209528,6,1382959
17210741,4,1382959
17211953,8,1382959
17213166,4,1382959
17214378,6,1382959
17215591,11,1382959
17216803,8,1382959
17218016,7,1382959
17219229,7,1382959
17220442,4,1383370
17221654,2,1383935
17222867,3,1383935
17224079,4,1383935
17225291,4,1383935
17226503,4,1383935
17227716,6,1383935
17228929,4,1383935
17230141,3,1383935
17231353,6,1383935
17232566,4,1382548
17233779,3,1382548
17234991,5,1382548
17236203,4,1382548
17237416,5,1382548
17238629,4,1382548
17239841,4,1382548
17241054,5,1382548
17242266,4,1382548
17243479,3,1378539
17244691,6,1378539
17245904,6,1378539
17247117,4,1378539
17248328,6,1378539
17249541,5,1378539
17250754,8,1378539
17251966,4,1378539
17253179,4,1378539
17254391,2,1381982
17255604,2,1381982
17256816,-2,1381982
17258029,3,1381982
17259241,3,1381982
17260453,5,1381982
17261666,3,1381982
17262878,4,1381982
17264092,4,1381982
17265303,6,1386608
17266516,2,1386608
17275002,12,1386608
17276215,9,1386739
17277427,8,1380595
17278640,4,1380595
17279852,2,1380595
17281065,1,1380595
17282277,3,1380595
17283490,4,1380595
17284703,3,1380595
17285915,4,1380595
17287127,5,1380597
17288340,5,1381109
17289552,5,1381109
17290764,3,1381109
17291977,3,1381109
17293189,3,1381109
17294402,3,1381109
17295614,6,1381109
17296827,7,1381109
17298040,7,1381109
17299252,6,1381109
17300465,4,1381109
17301677,5,1381109
17302890,8,1381109
17304102,7,1381109
17305314,7,1381109
17306527,9,1381109
17307740,7,1381109
17308952,3,1381109
17310165,3,1381109
17311377,4,1381109
17312589,9,1381109
17313802,4,1381109
17315014,8,1381109
17316227,10,1381109
17317440,10,1381109
17318652,7,1381109
17319864,8,1382908
17321077,4,1382908
17322289,5,1382908
17323502,5,1382908
17324715,4,1382908
17325926,7,1382908
17327140,5,1382908
17328352,7,1382908
17329564,6,1382908
17330777,5,1384038
17331989,5,1384038
17333202,10,1384038
17334414,6,1384038
17335627,5,1384038
17336839,5,1384038
17338051,9,1384038
17339264,10,1384038
17340477,4,1384038
17341689,6,1378077
17342901,3,1378077
17344114,7,1378077
17345327,7,1378077
17346539,8,1378077
17347751,11,1378077
17348964,3,1378077
17350176,7,1378077
17351389,11,1378077
17358664,8,1378077
17359877,8,1378077
17361089,5,1378077
17362301,6,1378077
17363515,6,1382291
17364726,4,1382291
17365938,8,1382291
17367151,8,1382291
17368364,3,1382291
17369576,4,1382291
17370789,3,1382291
17372001,5,1382291
17373214,5,1382291
17374426,9,1383524
17375638,6,1383524
17376851,7,1383524
17378063,5,1383524
17379276,7,1383524
17380488,4,1383524
17381701,6,1383524
17382914,6,1383524
17384126,5,1383524
17385338,7,1380955
17386551,6,1380955
17387764,5,1380955
17388975,8,1380955
17390189,5,1380955
17391401,3,1380955
17392613,4,1380955
17393825,7,1380955
17395038,7,1380955
17396250,6,1380235
17397463,5,1380235
17398675,6,1380235
17399888,4,1380235
17401101,6,1380235
17402313,7,1380235
17403525,8,1380235
17404737,7,1380235
17405950,5,1380235
17407162,4,1382445
17408375,5,1382445
17409587,6,1382445
17410799,8,1382445
17412012,8,1382445
17413225,4,1382445
17414437,8,1382445
17415649,5,1382445
17416862,11,1382445
17418074,7,1379053
17419287,6,1383678
17420499,4,1383678
17421712,4,1383678
17422925,3,1383678
17424137,4,1383678
17425349,4,1383678
17426562,7,1383678
17427774,4,1383678
17428986,4,1383678
17430199,6,1382959
17431411,4,1382959
17432624,5,1382959
17433836,4,1382959
17435049,5,1382959
17442323,-1,1382959
17443536,4,1382959
17444748,11,1382959
17445961,7,1382959
17447173,8,1382959
17448385,6,1382959
17449598,5,1382959
17450810,5,1382908
17452023,4,1381520
17453235,5,1381520
17454448,6,1381520
17455661,3,1381520
17456873,4,1381520
17458086,3,1381520
17459298,5,1381520
17460511,4,1381520
17461723,6,1381520
17462937,4,1381520
17464149,3,1381520
17465362,4,1381520
17466574,2,1381520
17467787,4,1381520
17469000,6,1381520
17470211,5,1381520
17471424,3,1381520
17472637,4,1381520
17473850,3,1381451
17475062,5,1376843
17476275,4,1376843
17477487,3,1376843
17478701,6,1376843
17479914,5,1376843
17481125,4,1376843
17482338,4,1376843
17483551,7,1376843
17484763,5,1377021
17485976,2,1383421
17487189,4,1383421
17488400,8,1383421
17489613,7,1383421
17490825,5,1383421
17492038,5,1383421
17493250,7,1383421
17494463,4,1383421
17495675,3,1383421
17496888,6,1383421
17498101,4,1383421
17499313,7,1383421
17500527,5,1383421
17501739,10,1383421
17502952,6,1383421
17504163,5,1383421
17505377,5,1382342
17506589,2,1382342
17507801,4,1382342
17509014,6,1382342
17510227,6,1382342
17511439,10,1382342
17512652,8,1382342
17513864,8,1382342
17515077,6,1382342
17516289,6,1382342
17517501,4,1380030
17518714,8,1380030
17527201,6,1380030
17528414,7,1383319
17529627,4,1383319
17530839,5,1383319
17532051,9,1383319
17533265,10,1383319
17534476,8,1383319
17535689,9,1383319
17536902,9,1383319
17538114,11,1383319
17539328,6,1380492
17540540,3,1380492
17541752,9,1380492
17542965,6,1380492
17544177,4,1380492
17545390,6,1380492
17546602,6,1380492
17547815,6,1380492
17549027,8,1380492
17550240,8,1382342
17551453,7,1382342
17552666,5,1382342
17553878,7,1382342
17555090,6,1382342
17556303,7,1382342
17557515,5,1382342
17558728,7,1382342
17559941,5,1382342
17561153,7,1381314
17562366,3,1381314
17563578,5,1381314
17564790,4,1381314
17566003,8,1381314
17567215,8,1381314
17568428,6,1381314
17569641,6,1381314
17570854,7,1381314
17572065,3,1379670
17573278,3,1379670
17574491,5,1379670
17575703,8,1379670
17576917,6,1379670
17578129,8,1379670
17579341,6,1379670
17580553,5,1379670
17581766,6,1379670
17582978,6,1381674
17584192,5,1381674
17585404,5,1381674
17586616,7,1381674
17587828,7,1381674
17589041,7,1381674
17590254,4,1381674
17591466,6,1381674
17592678,6,1381674
17593891,4,1382085
17595104,5,1382085
17596317,7,1382085
17597529,10,1382085
17598741,8,1382085
17599954,6,1382085
17601166,7,1382085
17602379,7,1382085
17603591,7,1382085
17610867,12,1382085
17612080,6,1382085
17613292,7,1382085
17614505,2,1382085
17615717,6,1381777
17616930,4,1381212
17618142,6,1381212
17619354,6,1381212
17620567,7,1381212
17621779,4,1381212
17622993,4,1381212
17624205,5,1381212
17625417,2,1381212
17626630,1,1381212
17627842,4,1381212
17629055,9,1381212
17630267,5,1381212
17631480,4,1381212
17632693,5,1381212
17633905,4,1381212
17635118,3,1381212
17636331,0,1381212
17637543,4,1381212
17638755,7,1385785
17639968,6,1385785
17641181,7,1385785
17642393,5,1385785
17643605,4,1385785
17644818,4,1385785
17646030,4,1385785
17647243,5,1385785
17648455,6,1385785
17649667,4,1383576
17650880,4,1383576
17652093,5,1383576
17653305,5,1383576
17654517,5,1383576
17655729,3,1383576
17656943,2,1383576
17658154,3,1383576
17659368,5,1383576
17660580,4,1383668
17661791,6,1380852
17663005,5,1380852
17664216,4,1380852
17665429,5,1380852
17666641,4,1380852
17667854,6,1380852
17669066,7,1380852
17670279,5,1380852
17671491,3,1380794
17672704,3,1379002
17673916,5,1379002
17675129,2,1379002
17676341,3,1379002
17677554,12,1379002
17678766,3,1379002
17679979,5,1379002
17681192,3,1379002
17682404,4,1379002
17683617,2,1379002
17684829,5,1379002
17686042,4,1379002
17687254,2,1379002
17694528,5,1379002
17695742,5,1379002
17696953,8,1379002
17698167,4,1379002
17699379,8,1379002
17700591,8,1379002
17701804,6,1379002
17703016,7,1379002
17704229,7,1381726
17705441,5,1381726
17706653,8,1381726
17707866,8,1381726
17709078,8,1381726
17710292,8,1381726
17711503,10,1381726
17712716,8,1381726
17713929,6,1381726
17715141,9,1375918
17716353,6,1375918
17717566,5,1375918
17718779,6,1375918
17719991,5,1375918
17721204,6,1375918
17722416,7,1375918
17723628,6,1375918
17724841,9,1375918
17726053,8,1381417
17727265,4,1381417
17728478,2,1381417
17729690,6,1381417
17730903,8,1381417
17732116,6,1381417
17733327,6,1381417
17734540,9,1381417
17735753,10,1381417
17736965,10,1380389
17738177,-9,1380389
17739390,-11,1380389
17740602,20,1380389
17741815,20,1380389
17743027,23,1380389
17744239,13,1380389
17745452,2,1380389
17746665,-2,1380389
17747877,-4,1383164
17749089,0,1383164
17750302,6,1383164
17751514,16,1383164
17752727,18,1383164
17753939,18,1383164
17755152,10,1383164
17756365,3,1383164
17757577,-2,1383164
17758789,-2,1382034
17760002,-2,1382034
17761214,9,1382034
17762427,16,1382034
17763639,15,1382034
17764852,10,1382034
17766065,8,1382034
17767277,0,1382034
17768489,1,1382034
17769702,1,1381623
17770915,3,1381623
17778191,1,1381623
17779402,-2,1381623
17780615,3,1377974
17781827,5,1377974
17783039,13,1377974
17784252,13,1377974
17785464,7,1377974
17786677,5,1377974
17787889,3,1377974
17789102,1,1377974
17790314,2,1377974
17791526,7,1379105
17792738,8,1382908
17793951,8,1382908
17795163,9,1382908
17796376,5,1382908
17797589,4,1382908
17798800,-1,1382908
17800013,-2,1382908
17801226,3,1382908
17802438,4,1382908
17803651,5,1381469
17804862,5,1381469
17806076,6,1381469
17807287,3,1381469
17808500,2,1381469
17809712,3,1381469
17810925,2,1381469
17812138,6,1381469
17813349,7,1381469
17814562,6,1380389
17815774,4,1380389
17816987,1,1380389
17818199,4,1380389
17819411,3,1380389
17820624,3,1380389
17821836,3,1380389
17823049,6,1380389
17824261,7,1380389
17825474,2,1385374
17826686,5,1385374
17827899,4,1385374
17829110,4,1385374
17830324,3,1385374
17831536,2,1385374
17832748,7,1385374
17833961,4,1385374
17835172,6,1385374
17836386,7,1381469
17837597,5,1381469
17838810,3,1381469
17840022,4,1381469
17841234,4,1381469
17842447,9,1381469
17843659,4,1381469
17844872,5,1381469
17846084,3,1381469
17847296,4,1381561
17848509,3,1378745
17849721,3,1378745
17850934,3,1378745
17852146,3,1378745
17853359,6,1378745
17854572,8,1378745
17863058,9,1378745
17864271,9,1378745
17865483,6,1378745
17866696,5,1378745
17867909,5,1380287
17869121,2,1380287
17870334,3,1380287
17871546,7,1380287
17872759,8,1380287
17873970,9,1380287
17875184,6,1380287
17876395,2,1380287
17877608,7,1380287
17878820,5,1380287
17880033,2,1380287
17881245,6,1380287
17882458,8,1380287
17883670,12,1380287
17884883,7,1380287
17886096,9,1380287
17887308,4,1380287
17888520,4,1380287
17889733,6,1380287
17890945,9,1381572
17892158,5,1381572
17893370,7,1381572
17894582,11,1381572
17895795,2,1381572
17897007,4,1381572
17898220,7,1381572
17899433,6,1381572
17900645,7,1381572
17901857,7,1378282
17903071,2,1378282
17904282,8,1378282
17905495,6,1378282
17906708,4,1378282
17907920,3,1378282
17909133,1,1378282
17910345,8,1378282
17911557,4,1378282
17912770,4,1381726
17913982,3,1381726
17915195,5,1381726
17916408,7,1381726
17917620,6,1381726
17918833,6,1381726
17920045,12,1381726
17921257,11,1381726
17922469,8,1381726
17923682,1,1383113
17924894,4,1383113
17926107,6,1383113
17927320,6,1383113
17928532,8,1383113
17929744,9,1383113
17930957,5,1383113
17932169,8,1383113
17933381,4,1383113
17934593,7,1379464
17935806,-1,1379464
17937018,7,1379464
17938230,3,1379464
17939443,1,1381160
17946718,13,1381160
17947930,7,1381160
17949142,7,1381160
17950356,8,1381160
17951567,8,1381160
17952780,6,1381160
17953993,6,1381160
17955205,5,1381160
17956417,8,1379361
17957630,5,1379361
17958842,10,1379361
17960054,10,1379361
17961267,11,1379361
17962479,7,1379361
17963691,6,1379361
17964904,5,1379361
17966117,7,1379361
17967329,7,1382085
17968542,3,1382085
17969754,13,1382085
17970966,11,1382085
17972178,6,1382085
17973392,8,1382085
17974604,7,1382085
17975816,6,1382085
17977029,7,1382085
17978241,3,1382085
17979453,7,1380852
17980665,3,1380852
17981878,5,1380852
17983090,3,1380852
17984303,3,1380852
17985515,4,1380852
17986728,4,1380852
17987941,4,1380852
17989152,3,1380852
17990364,4,1387738
17991578,5,1387738
17992789,3,1387738
17994002,4,1387738
17995214,6,1387738
17996427,2,1387738
17997639,5,1387738
17998852,5,1387738
18000064,4,1387738
18001276,5,1379773
18002489,3,1379773
18003702,3,1379773
18004915,5,1379773
18006126,4,1379773
18007338,2,1379773
18008551,7,1379773
18009763,3,1379773
18010976,1,1379773
18012189,4,1386711
18013401,3,1386711
18014613,5,1386711
18015826,3,1386711
18017038,5,1386711
18018251,7,1386711
18019463,3,1386711
18020675,2,1386711
18021887,4,1386711
18023100,7,1386711
18031587,3,1386711
18032800,5,1381674
18034012,4,1381884
18035224,6,1382908
18036437,4,1382908
18037649,3,1382908
18038862,3,1382908
18040074,3,1382908
18041288,4,1382908
18042499,4,1382908
18043712,7,1382908
18044925,4,1382843
18046137,4,1379259
18047349,3,1379259
18048562,5,1379259
18049774,5,1379259
18050986,4,1379259
18052199,6,1379259
18053411,6,1379259
18054624,5,1379259
18055836,6,1379259
18057049,5,1379259
18058261,7,1379259
18059474,4,1379259
18060686,5,1379259
18061898,8,1379259
18063111,11,1379259
18064323,11,1379259
18065535,12,1379259
18066748,9,1379259
18067961,5,1379259
18069173,5,1379259
18070385,3,1379259
18071598,3,1379259
18072810,6,1379259
18074022,5,1379259
18075235,11,1379259
18076447,11,1379259
18077660,8,1382085
18078872,4,1382085
18080084,5,1382085
18081296,4,1382085
18082509,6,1382085
18083721,5,1382085
18084934,7,1382085
18086146,7,1382085
18087358,8,1382085
18088570,4,1382034
18089783,4,1382034
18090996,9,1382034
18092207,6,1382034
18093420,9,1382034
18094633,8,1382034
18095845,7,1382034
18097057,9,1382034
18098270,6,1382034
18099482,2,1384501
18100695,1,1384501
18101907,7,1384501
18103119,8,1384501
18104332,8,1384501
18105544,8,1384501
18106757,5,1384501
18107969,4,1384501
18115244,8,1384501
18116456,3,1384501
18117668,14,1384501
18118881,7,1384501
18120094,1,1384501
18121307,-2,1385426
18122518,2,1385426
18123731,6,1385426
18124943,10,1385426
18126155,14,1385426
18127368,10,1385426
18128580,5,1385426
18129793,2,1385426
18131005,2,1385426
18132218,2,1379516
18133430,4,1379516
18134643,11,1379516
18135856,15,1379516
18137067,13,1379516
18138281,10,1379516
18139493,1,1379516
18140705,1,1379516
18141918,-1,1379516
18143130,3,1383421
18144342,4,1383421
18145555,13,1383421
18146768,15,1383421
18147981,12,1383421
18149192,7,1383421
18150405,4,1383421
18151617,1,1383421
18152830,3,1383421
18154042,6,1378745
18155254,11,1378745
18156467,8,1378745
18157679,9,1378745
18158892,7,1378745
18160105,6,1378745
18161317,4,1378745
18162529,5,1378745
18163742,4,1378745
18164954,7,1384038
18166168,5,1384038
18167380,8,1384038
18168592,8,1384038
18169804,6,1384038
18171017,4,1384038
18172229,3,1384038
18173442,7,1384038
18174655,5,1384038
18175867,7,1379413
18177080,4,1379259
18178292,6,1379259
18179504,3,1379259
18180716,4,1379259
18181929,1,1379259
18183142,2,1379259
18184354,5,1379259
18185567,8,1379259
18186779,6,1379259
18187991,6,1382085
18189204,5,1382085
18190416,5,1382085
18191629,9,1379002
18200117,2,1379002
18201329,4,1379002
18202541,4,1379002
18203754,4,1379002
18204966,1,1379002
18206179,4,1379002
18207391,5,1379002
18208603,3,1379002
18209816,5,1383576
18211029,3,1383576
18212241,3,1383576
18213454,5,1383576
18214667,4,1383576
18215878,6,1383576
18217092,3,1383576
18218303,6,1383576
18219516,4,1383576
18220728,5,1383576
18221941,4,1383576
18223153,3,1383576
18224366,2,1383576
18225579,2,1383576
18226791,5,1383576
18228003,8,1383576
18229215,8,1383576
18230428,4,1383576
18231640,5,1383624
18232854,2,1382856
18234065,5,1382856
18235278,4,1382856
18236490,3,1382856
18237703,6,1382856
18238915,4,1382856
18240127,4,1382856
18241340,6,1382856
18242553,6,1382802
18243765,3,1382034
18244978,3,1382034
18246191,5,1382034
18247403,5,1382034
18248615,6,1382034
18249829,5,1382034
18251041,6,1382034
18252253,4,1382034
18253466,3,1382034
18254678,-1,1382034
18255891,3,1382034
18257104,5,1382034
18258316,8,1382034
18259528,10,1382034
18260741,8,1382034
18261953,7,1382034
18263166,7,1379978
18264378,4,1379978
18265592,2,1379978
18266803,4,1379978
18268017,8,1379978
18269229,5,1379978
18270442,9,1379978
18271653,6,1379978
18272866,7,1379978
18274078,4,1379978
18275291,3,1381828
18276504,5,1381828
18284992,9,1381828
18286203,11,1381982
18287416,4,1381982
18288629,5,1381982
18289841,5,1381982
18291054,5,1381982
18292267,4,1381982
18293479,8,1381982
18294692,9,1381982
18295904,6,1381982
18297117,5,1383370
18298329,4,1383370
18299541,8,1383370
18300754,8,1383370
18301966,4,1383370
18303180,6,1383370
18304391,7,1383370
18305604,7,1383370
18306817,5,1383370
18308029,5,1380338
18309241,4,1380338
18310454,7,1380338
18311666,8,1380338
18312880,8,1380338
18314092,7,1380338
18315305,10,1380338
18316518,10,1380338
18317730,8,1380338
18318943,4,1382856
18320154,3,1382856
18321368,7,1382856
18322580,9,1382856
18323793,7,1382856
18325005,8,1382856
18326218,8,1382856
18327430,7,1382856
18328642,7,1382856
18329856,4,1380903
18331068,2,1380903
18332281,4,1380903
18333493,7,1380903
18334705,7,1380903
18335918,11,1380903
18337130,9,1380903
18338344,8,1380903
18339556,4,1380903
18340769,3,1382702
18341981,2,1382702
18343194,6,1382702
18344407,10,1382702
18345619,10,1382702
18346831,11,1382702
18348045,9,1382702
18349257,7,1382702
18350469,4,1382702
18351682,4,1380492
18352894,2,1380492
18354108,2,1380492
18355320,6,1380492
18356532,9,1380492
18357745,12,1380492
18358958,10,1380492
18360170,9,1380492
18361383,10,1380492
18368659,8,1380492
18369871,11,1380492
18371084,7,1380492
18372297,6,1380492
18373510,4,1382445
18374721,-2,1382548
18375934,1,1382548
18377148,1,1382548
18378360,7,1382548
18379572,12,1382548
18380784,6,1382548
18381997,6,1382548
18383210,5,1382548
18384422,2,1382548
18385635,-2,1382548
18386848,2,1382548
18388061,4,1382548
18389273,4,1382548
18390485,8,1382548
18391698,7,1382548
18392911,3,1382548
18394123,4,1382548
18395335,4,1382548
18396548,5,1380698
18397761,2,1380698
18398973,4,1380698
18400186,4,1380698
18401398,8,1380698
18402611,4,1380698
18403824,5,1380698
18405037,3,1380698
18406249,5,1380698
18407462,3,1388766
18408674,3,1388766
18409887,3,1388766
18411100,5,1388766
18412313,5,1388766
18413525,5,1388766
18414737,3,1388766
18415950,3,1388766
18417162,4,1388766
18418375,2,1388591
18419588,4,1382959
18420801,3,1382959
18422013,3,1382959
18423225,5,1382959
18424438,7,1382959
18425650,4,1382959
18426864,-2,1382959
18428076,4,1382959
18429289,3,1383066
18430502,2,1384090
18431713,3,1384090
18432926,2,1384090
18434138,4,1384090
18435352,7,1384090
18436564,5,1384090
18437776,6,1384090
18438989,6,1384090
18440202,5,1384090
18441414,2,1384090
18442627,4,1384090
18443840,7,1384090
18445052,6,1384090
18452327,2,1384090
18453540,2,1384090
18454753,9,1384090
18455965,8,1384090
18457178,7,1384090
18458391,8,1384090
18459603,6,1384090
18460816,4,1384090
18462029,7,1381314
18463242,4,1381314
18464453,6,1381314
18465667,7,1381314
18466879,9,1381314
18468091,3,1381314
18469304,7,1381314
18470517,8,1381314
18471729,5,1381314
18472942,8,1381982
18474154,5,1381982
18475368,7,1381982
18476580,5,1381982
18477793,6,1381982
18479005,5,1381982
18480218,8,1381982
18481430,6,1381982
18482643,7,1381982
18483855,5,1379875
18485068,2,1379875
18486281,6,1379875
18487493,10,1379875
18488705,8,1379875
18489918,3,1379875
18491130,5,1379875
18492343,5,1379875
18493556,5,1379875
18494768,6,1384244
18495981,4,1384244
18497193,10,1384244
18498406,7,1384244
18499618,7,1384244
18500830,4,1384244
18502043,6,1384244
18503256,3,1384244
18504468,6,1384244
18505681,6,1379773
18506893,5,1379773
18508106,7,1379773
18509318,8,1379773
18510531,7,1379773
18511743,6,1379773
18512956,6,1379773
18514168,5,1379773
18515381,5,1379773
18516593,11,1381006
18517806,6,1381006
18519018,6,1381006
18520232,8,1381006
18521444,8,1381006
18522656,9,1381006
18523869,7,1381006
18525081,4,1381006
18526294,8,1381006
18527507,4,1379824
18528719,4,1379824
18537206,7,1379824
18538420,7,1380595
18539631,4,1380595
18540844,7,1380595
18542057,6,1380595
18543269,9,1380595
18544482,6,1380595
18545695,6,1380595
18546907,11,1380595
18548119,9,1380595
18549331,5,1380235
18550545,4,1379619
18551757,6,1379619
18552969,3,1379619
18554182,5,1379619
18555394,3,1379619
18556607,5,1379619
18557820,3,1379619
18559032,3,1379619
18560244,5,1379619
18561457,6,1382805
18562670,5,1382805
18563882,5,1382805
18565094,3,1382805
18566307,7,1382805
18567519,5,1382805
18568732,4,1382805
18569945,2,1382805
18571157,3,1382805
18572370,5,1377511
18573582,4,1377511
18574795,2,1377511
18576007,4,1377511
18577220,6,1377511
18578433,4,1377511
18579645,2,1377511
18580857,4,1377511
18582070,5,1377511
18583282,5,1383627
18584495,4,1383627
18585708,3,1383627
18586921,4,1383627
18588133,6,1383627
18589346,4,1383627
18590558,7,1383627
18591770,3,1383627
18592982,5,1383627
18594195,4,1378848
18595407,3,1378848
18596620,5,1378848
18597832,3,1378848
18599045,3,1378848
18600257,4,1378848
18601471,3,1378848
18602682,4,1378848
18603895,4,1378848
18605107,3,1378913
18606320,2,1382753
18607532,4,1382753
18608745,6,1382753
18609957,4,1382753
18611169,5,1382753
18612382,3,1382753
18613595,4,1382753
18622082,5,1382753
18623295,5,1382753
18624507,5,1382753
18625719,11,1379721
18626932,3,1379721
18628144,4,1379721
18629357,5,1379721
18630569,6,1379721
18631782,4,1379721
18632994,6,1379721
18634207,7,1379721
18635420,5,1379721
18636632,5,1379721
18637845,0,1379721
18639057,6,1379721
18640270,8,1379721
18641483,4,1379721
18642694,10,1379721
18643907,5,1379721
18645119,6,1379721
18646333,5,1379721
18647544,8,1379721
18648757,7,1379773
18649970,5,1379773
18651182,6,1379773
18652394,5,1379773
18653607,7,1379773
18654819,6,1379773
18656032,4,1379773
18657245,6,1379773
18658457,7,1379773
18659669,7,1378899
18660882,5,1378899
18662095,3,1378899
18663307,8,1378899
18664519,5,1378899
18665733,5,1378899
18666944,10,1378899
18668157,4,1378899
18669370,5,1378899
18670582,6,1383473
18671795,4,1383473
18673007,7,1383473
18674219,9,1383473
18675432,4,1383473
18676645,6,1383473
18677858,5,1383473
18679070,8,1383473
18680282,6,1383473
18681495,4,1379464
18682708,5,1379464
18683920,7,1379464
18685133,7,1379464
18686345,6,1379464
18687557,8,1379464
18688770,7,1379464
18689982,8,1379464
18691195,7,1379464
18692407,4,1379670
18693620,3,1379670
18694833,8,1379670
18696045,11,1379670
18697258,4,1379670
18698470,8,1379670
18705745,11,1379670
18706957,8,1379670
18708170,9,1379670
18709383,7,1379670
18710595,7,1379670
18711807,5,1379670
18713020,6,1379670
18714233,6,1382908
18715445,7,1382908
18716657,7,1382908
18717870,6,1382908
18719083,3,1382908
18720296,4,1382908
18721508,4,1382908
18722721,10,1382908
18723932,10,1382908
18725145,10,1379670
18726358,5,1379670
18727570,8,1379670
18728782,3,1379670
18729995,8,1379670
18731207,8,1379670
18732420,10,1379670
18733632,8,1379670
18734845,5,1379670
18736057,3,1379721
18737270,1,1379721
18738483,4,1379721
18739695,5,1379721
18740907,11,1379721
18742121,12,1379721
18743333,10,1379721
18744546,8,1379721
18745758,1,1379721
18746970,3,1381777
18748183,1,1382085
18749395,3,1382085
18750608,5,1382085
18751820,9,1382085
18753033,9,1382085
18754245,7,1382085
18755458,4,1382085
18756671,-2,1382085
18757883,-1,1382085
18759096,-4,1381572
18760308,1,1381572
18761520,5,1381572
18762733,7,1381572
18763946,5,1381572
18765158,5,1381572
18766370,4,1381572
18767583,2,1381572
18768795,3,1381572
18770008,5,1382548
18771220,7,1382548
18772433,6,1382548
18773645,4,1382548
18774859,7,1382548
18776070,5,1382548
18777283,3,1382548
18778495,-1,1382548
18779708,1,1382548
18780921,5,1382548
18782133,5,1382548
18790620,-4,1382548
18791833,11,1382548
18793046,9,1382548
18794258,6,1382548
18795470,5,1382548
18796683,5,1382548
18797896,5,1382548
18799109,0,1382548
18800322,1,1382548
18801534,4,1382548
18802747,8,1382502
18803959,4,1384038
18805171,5,1384038
18806384,4,1384038
18807597,3,1384038
18808808,-3,1384038
18810021,3,1384038
18811233,4,1384038
18812446,8,1384038
18813658,5,1384027
18814872,6,1380955
18816084,6,1380955
18817296,4,1380955
18818509,-2,1380955
18819721,3,1380955
18820934,4,1380955
18822146,-1,1380955
18823359,6,1380955
18824572,7,1380955
18825785,5,1380955
18826997,10,1380955
18828209,5,1380955
18829422,6,1380955
18830635,4,1380955
18831848,4,1380955
18833059,10,1380955
18834273,6,1384501
18835484,5,1384501
18836697,5,1384501
18837910,8,1384501
18839122,6,1384501
18840335,5,1384501
18841547,6,1384501
18842760,9,1384501
18843973,6,1384501
18845185,7,1384501
18846397,7,1380184
18847609,4,1380184
18848822,7,1380184
18850034,3,1380184
18851247,6,1380184
18852460,5,1380184
18853672,9,1380184
18854885,5,1380184
18856097,7,1380184
18857310,5,1379567
18858523,4,1379567
18859735,7,1379567
18860947,6,1379567
18862160,7,1379567
18863373,3,1379567
18864585,6,1379567
18865798,2,1379567
18867010,7,1379567
18874285,5,1379567
18875498,5,1379567
18876710,6,1379567
18877923,5,1379567
18879135,8,1382959
18880348,4,1382959
18881560,4,1382959
18882773,8,1382959
18883986,5,1382959
18885198,5,1382959
18886410,5,1382959
18887623,7,1382959
18888835,8,1382959
18890049,8,1382240
18891260,4,1382240
18892473,3,1382240
18893686,5,1382240
18894898,6,1382240
18896110,6,1382240
18897323,8,1382240
18898536,8,1382240
18899748,12,1382240
18900961,5,1381623
18902173,5,1381623
18903385,6,1381623
18904598,6,1381623
18905810,7,1381623
18907022,6,1381623
18908235,4,1381623
18909448,8,1381623
18910660,8,1381623
18911872,7,1381623
18913085,2,1381623
18914297,6,1381623
18915511,8,1381623
18916723,8,1381623
18917936,9,1381623
18919147,7,1381623
18920360,8,1381623
18921573,5,1381623
18922785,2,1383370
18923998,5,1383370
18925211,5,1383370
18926422,6,1383370
18927635,7,1383370
18928847,7,1383370
18930060,7,1383370
18931273,7,1383370
18932486,8,1383370
18933698,8,1381726
18934910,2,1379361
18936122,4,1379361
18937335,3,1379361
18938547,5,1379361
18939760,5,1379361
18940973,2,1379361
18942185,3,1379361
18943397,5,1379361
18944611,3,1379361
18945822,5,1379875
18947035,4,1379875
18948247,8,1379875
18949460,5,1379875
18950672,7,1379875
18959160,8,1379875
18960372,7,1379875
18961584,5,1379875
18962797,4,1379875
18964009,8,1379875
18965222,8,1379875
18966435,6,1382856
18967646,0,1380646
18968859,6,1380646
18970072,1,1380646
18971284,3,1380646
18972496,4,1380646
18973709,4,1380646
18974921,2,1380646
18976134,5,1380646
18977346,3,1380646
18978559,5,1379927
18979771,3,1379927
18980984,3,1379927
18982196,4,1379927
18983409,5,1379927
18984622,5,1379927
18985834,5,1379927
18987046,5,1379927
18988259,4,1379927
18989471,4,1380042
18990683,5,1383370
18991896,6,1383370
18993109,4,1383370
18994321,2,1383370
18995534,4,1383370
18996746,6,1383370
18997958,3,1383370
18999171,3,1383370
19000383,3,1383406
19001596,5,1379310
19002808,1,1379310
19004021,8,1379310
19005233,6,1379310
19006446,6,1379310
19007658,4,1379310
19008871,4,1379310
19010083,4,1379310
19011295,3,1379310
19012508,-1,1379310
19013721,7,1379310
19014933,6,1379310
19016145,10,1379310
19017358,11,1379310
19018571,12,1379310
19019783,8,1379310
19020995,6,1380852
19022208,3,1380852
19023420,2,1380852
19024633,7,1380852
19025845,9,1380852
19027058,8,1380852
19028270,4,1380852
19029483,9,1380852
19030696,8,1380852
19031908,8,1380852
19033120,8,1379927
19034333,4,1379927
19035545,1,1379927
19042820,5,1379927
19044033,2,1382959
19045245,5,1382959
19046458,6,1382959
19047670,9,1382959
19048882,6,1382959
19050095,3,1382959
19051308,8,1382959
19052520,7,1382959
19053733,8,1382959
19054945,5,1376432
19056158,3,1376432
19057370,8,1376432
19058583,8,1376432
19059795,5,1376432
19061008,5,1376432
19062221,6,1376432
19063433,6,1376432
19064645,5,1376432
19065859,4,1367182
19067070,2,1367182
19068284,7,1367182
19069496,5,1367182
19070708,7,1367182
19071921,5,1367182
19073133,5,1367182
19074346,8,1367182
19075559,7,1367182
19076771,5,1347037
19077984,6,1347037
19079195,6,1347037
19080409,4,1347037
19081622,8,1347037
19082833,6,1347037
19084046,7,1347037
19085258,4,1347037
19086471,5,1347037
19087683,6,1343131
19088896,2,1343131
19090109,5,1343131
19091321,6,1343131
19092533,6,1343131
19093746,13,1343131
19094958,8,1343131
19096172,4,1343131
19097384,5,1343131
19098596,14,1337272
19099808,15,1337272
19101021,3,1337272
19102234,5,1337272
19103447,9,1337272
19104658,14,1337272
19105871,6,1337272
19107084,4,1337272
19108296,-1,1337272
19109508,8,1337683
19110721,7,1337683
19111933,8,1337683
19113146,13,1337683
19114358,15,1337683
19115571,3,1337683
19116783,3,1337683
19117996,1,1337683
19119208,5,1337683
19126483,5,1337683
19127696,4,1337683
19128909,3,1337683
19130121,7,1337683
19131333,6,1325709
19132546,6,1310035
19133759,9,1310035
19134971,5,1310035
19136184,2,1310035
19137396,0,1310035
19138609,4,1310035
19139821,3,1310035
19141034,6,1310035
19142246,9,1310035
19143459,5,1322780
19144671,4,1322780
19145884,6,1322780
19147097,4,1322780
19148309,5,1322780
19149522,4,1322780
19150734,4,1322780
19151946,4,1322780
19153159,6,1322780
19154371,5,1318926
19155584,4,1318926
19156797,2,1318926
19158009,2,1318926
19159221,4,1318926
19160433,4,1318926
19161646,5,1318926
19162859,4,1318926
19164072,4,1318926
19165283,4,1321803
19166496,4,1321803
19167708,5,1321803
19168921,6,1321803
19170134,2,1321803
19171346,4,1321803
19172559,6,1321803
19173770,5,1321803
19174983,5,1321803
19176195,5,1321816
19177408,3,1325144
19178621,4,1325144
19179833,4,1325144
19181046,6,1325144
19182258,6,1325144
19183471,3,1325144
19184683,4,1325144
19185896,2,1325144
19187109,2,1325137
19188321,1,1323345
19189534,6,1323345
19190745,7,1323345
19191958,4,1323345
19193170,4,1323345
19194383,3,1323345
19195596,5,1323345
19196808,5,1323345
19198021,1,1323345
19199233,3,1323345
19200445,10,1323345
19201658,8,1323345
19202870,5,1323345
19210191,7,1323345
19211358,7,1323345
19212571,8,1323345
19213783,8,1323345
19214996,7,1323345
19216208,6,1323345
19217421,3,1323345
19218633,7,1323345
19219845,7,1322471
19221058,4,1322471
19222270,4,1322471
19223483,6,1322471
19224695,7,1322471
19225908,4,1322471
19227120,9,1322471
19228333,5,1322471
19229546,5,1322471
19230758,7,1321649
19231971,5,1321649
19233183,9,1321649
19234396,7,1321649
19235609,3,1321649
19236821,4,1321649
19238033,6,1321649
19239246,6,1321649
19240458,4,1321649
19241671,5,1323294
19242883,4,1323294
19244096,5,1323294
19245309,8,1323294
19246522,7,1323294
19247734,8,1323294
19248947,7,1323294
19250158,5,1323294
19251371,7,1323294
19252584,5,1323859
19253797,5,1323859
19255009,6,1323859
19256221,6,1323859
19257434,5,1323859
19258647,6,1323859
19259859,6,1323859
19261071,4,1323859
19262284,7,1323859
19263496,8,1326994
19264709,4,1326994
19265921,6,1326994
19267134,5,1326994
19268347,8,1326994
19269559,7,1326994
19270772,6,1326994
19271984,7,1326994
19273197,7,1326994
19274409,4,1322626
19275622,5,1322626
19276834,6,1322626
19278046,7,1322626
19279258,5,1322626
19280472,3,1322626
19281683,9,1322626
19282897,6,1322626
19284109,7,1322626
19285321,8,1327508
19286534,4,1327508
19295021,8,1327508
19296233,7,1325401
19297446,9,1325401
19298658,8,1325401
19299871,6,1325401
19301083,5,1325401
19302295,6,1325401
19303508,6,1325401
19304721,8,1325401
19305933,8,1325401
19307146,6,1322780
19308359,5,1322780
19309571,7,1322780
19310783,5,1322780
19311996,6,1322780
19313209,7,1322780
19314421,5,1322780
19315633,4,1322780
19316845,5,1322780
19318058,7,1320879
19319270,6,1323705
19320483,4,1323705
19321695,5,1323705
19322908,4,1323705
19324121,4,1323705
19325333,5,1323705
19326546,6,1323705
19327757,7,1323705
19328970,3,1323705
19330183,5,1325247
19331395,5,1325247
19332608,6,1325247
19333820,5,1325247
19335033,5,1325247
19336245,7,1325247
19337458,4,1325247
19338671,3,1325247
19339882,5,1325247
19341095,4,1321033
19342307,5,1321033
19343521,2,1321033
19344732,4,1321033
19345945,5,1321033
19347158,6,1321033
19348370,4,1321033
19349582,4,1321033
19350796,3,1321033
19352008,4,1322934
19353221,5,1322934
19354433,3,1322934
19355645,4,1322934
19356859,5,1322934
19358070,6,1322934
19359283,5,1322934
19360495,0,1322934
19361708,6,1322934
19362921,5,1322936
19364133,2,1323448
19365346,3,1323448
19366558,6,1323448
19367770,4,1323448
19368983,3,1323448
19370195,5,1323448
19371408,2,1323448
19379896,6,1323448
19381109,7,1323448
19382321,5,1323448
19383534,6,1323859
19384746,9,1324027
19385958,4,1327867
19387171,6,1327867
19388383,2,1327867
19389596,4,1327867
19390808,1,1327867
19392021,7,1327867
19393233,3,1327867
19394446,6,1327867
19395658,2,1327867
19396871,4,1327867
19398084,5,1327867
19399296,7,1327867
19400509,7,1327867
19401721,8,1327867
19402934,7,1327867
19404146,5,1327867
19405358,9,1327867
19406571,7,1322883
19407784,3,1322883
19408996,6,1322883
19410209,5,1322883
19411421,7,1322883
19412633,7,1322883
19413846,7,1322883
19415058,8,1322883
19416271,8,1322883
19417484,8,1323345
19418697,6,1323345
19419909,8,1323345
19421122,7,1323345
19422334,9,1323345
19423547,8,1323345
19424759,10,1323345
19425972,6,1323345
19427184,10,1323345
19428397,7,1324630
19429609,3,1324630
19430821,5,1324630
19432034,8,1324630
19433247,8,1324630
19434460,7,1324630
19435672,5,1324630
19436885,11,1324630
19438097,4,1324630
19439309,7,1323037
19440522,3,1323037
19441735,7,1323037
19442947,3,1323037
19444160,6,1323037
19445372,3,1323037
19446584,6,1323037
19447797,8,1323037
19449009,6,1323037
19450222,6,1320467
19451434,3,1320467
19452647,6,1320467
19453859,8,1320467
19455072,7,1320467
19456284,4,1320467
19463559,10,1320467
19464771,4,1320467
19465985,7,1320467
19467197,7,1320467
19468409,6,1320467
19469621,8,1320467
19470834,6,1320467
19472046,7,1323551
19473259,4,1323551
19474471,6,1323551
19475684,6,1323551
19476896,5,1323551
19478109,7,1323551
19479321,10,1323551
19480535,4,1323551
19481747,10,1323551
19482959,6,1321855
19484172,6,1321855
19485383,6,1321855
19486596,7,1321855
19487809,3,1321855
19489021,7,1321855
19490234,7,1321855
19491446,9,1321855
19492659,7,1321855
19493871,7,1320262
19495084,3,1320262
19496297,6,1320262
19497509,6,1320262
19498721,7,1320262
19499934,9,1320262
19501146,9,1320262
19502359,7,1320262
19503572,6,1320262
19504785,5,1325555
19505997,3,1324938
19507209,3,1324938
19508421,4,1324938
19509634,4,1324938
19510847,3,1324938
19512060,4,1324938
19513272,4,1324938
19514485,3,1324938
19515697,4,1324938
19516909,3,1323037
19518122,4,1323037
19519335,3,1323037
19520547,3,1323037
19521760,4,1323037
19522973,3,1323037
19524184,3,1323037
19525397,5,1323037
19526609,4,1323037
19527821,5,1325195
19529034,5,1325195
19530246,6,1325195
19531459,5,1325195
19532671,3,1325195
19533883,5,1325195
19535095,5,1325195
19536308,3,1325195
19537521,4,1325195
19538733,4,1320365
19539945,2,1320365
19547220,10,1320365
19548432,5,1320365
19549644,5,1325247
19550857,17,1325247
19552069,5,1325247
19553282,5,1325247
19554494,2,1325247
19555706,5,1325247
19556919,6,1325247
19558132,4,1325247
19559344,4,1325247
19560557,6,1325233
19561769,3,1321649
19562982,4,1321649
19564193,5,1321649
19565406,5,1321649
19566619,5,1321649
19567831,5,1321649
19569043,4,1321649
19570256,5,1321649
19571468,3,1321603
19572681,3,1322883
19573893,3,1322883
19575106,5,1322883
19576318,4,1322883
19577530,4,1322883
19578742,4,1322883
19579956,5,1322883
19581168,2,1322883
19582379,4,1322883
19583592,4,1322883
19584804,10,1322883
19586017,6,1322883
19587230,7,1322883
19588443,7,1322883
19589654,6,1322883
19590867,8,1322883
19592080,7,1322317
19593292,5,1322317
19594504,4,1322317
19595717,6,1322317
19596929,7,1322317
19598141,4,1322317
19599354,9,1322317
19600567,9,1322317
19601779,4,1322317
19602991,5,1322317
19604204,7,1322831
19605416,4,1322831
19606629,6,1322831
19607841,9,1322831
19609053,11,1322831
19610266,9,1322831
19611479,5,1322831
19612691,7,1322831
19613903,6,1322831
19615115,7,1321187
19616328,4,1321187
19617540,9,1321187
19618753,10,1321187
19619965,6,1321187
19621178,10,1321187
19622390,5,1321187
19623603,4,1321187
19632092,4,1321187
19633303,4,1321187
19634516,5,1321187
19635728,9,1321187
19636941,3,1323345
19638154,5,1323345
19639366,6,1323345
19640578,11,1323345
19641791,6,1323345
19643004,9,1323345
19644217,8,1323345
19645429,7,1323345
19646641,6,1323345
19647854,8,1321495
19649066,4,1321495
19650279,9,1321495
19651492,6,1321495
19652704,6,1321495
19653916,8,1321495
19655128,8,1321495
19656341,7,1321495
19657553,4,1321495
19658766,9,1322112
19659978,4,1322112
19661190,5,1322112
19662402,6,1322112
19663615,8,1322112
19664828,5,1322112
19666040,7,1322112
19667252,6,1322112
19668464,6,1322112
19669677,6,1322215
19670889,4,1322215
19672102,6,1322215
19673313,5,1322215
19674527,5,1322215
19675739,7,1322215
19676951,7,1322215
19678163,6,1322215
19679376,6,1322215
19680588,7,1326788
19681801,4,1326788
19683013,3,1326788
19684225,6,1326788
19685438,9,1326788
19686649,6,1326788
19687862,7,1326788
19689074,4,1326788
19690287,4,1326788
19691499,7,1324836
19692711,6,1325144
19693924,4,1325144
19695135,3,1325144
19696348,0,1325144
19697561,5,1325144
19698772,5,1325144
19699985,4,1325144
19701197,4,1325144
19702409,4,1325144
19703622,4,1321855
19704834,4,1321855
19706046,5,1321855
19707259,6,1321855
19708471,10,1321855
19716957,5,1321855
19718169,6,1321855
19719382,4,1321855
19720595,9,1321855
19721806,6,1321855
19723019,5,1321855
19724232,7,1324322
19725444,8,1321392
19726656,4,1321392
19727868,5,1321392
19729081,2,1321392
19730293,4,1321392
19731505,2,1321392
19732718,4,1321392
19733930,4,1321392
19735142,5,1321392
19736354,4,1320981
19737567,3,1320981
19738779,3,1320981
19739992,2,1320981
19741204,4,1320981
19742416,4,1320981
19743629,5,1320981
19744841,3,1320981
19746054,4,1320981
19747266,6,1321033
19748478,4,1321289
19749691,5,1321289
19750903,5,1321289
19752115,1,1321289
19753327,6,1321289
19754540,5,1321289
19755752,6,1321289
19756965,5,1321289
19758177,3,1321238
19759390,3,1321238
19760602,4,1321238
19761814,5,1321238
19763026,4,1321238
19764239,4,1321238
19765451,6,1321238
19766663,5,1321238
19767876,4,1321238
19769088,5,1321238
19770300,4,1321238
19771512,5,1321238
19772725,9,1321238
19773937,7,1321238
19775149,8,1321238
19776362,7,1321238
19777574,7,1321238
19778787,7,1324373
19779999,7,1324373
19781211,4,1324373
19782424,5,1324373
19783636,4,1324373
19784848,8,1324373
19786060,7,1324373
19787273,7,1324373
19788485,5,1324373
19789698,5,1324373
19790910,5,1324373
19792122,7,1324373
19793334,5,1324373
19800608,3,1324373
19801821,7,1324270
19803033,4,1324270
19804245,8,1324270
19805457,6,1324270
19806670,6,1324270
19807883,7,1324270
19809094,5,1324270
19810306,5,1324270
19811519,4,1324270
19812732,8,1320879
19813944,5,1320879
19815156,7,1320879
19816368,4,1320879
19817580,8,1320879
19818793,7,1320879
19820005,5,1320879
19821218,7,1320879
19822429,4,1320879
19823643,7,1323602
19824855,2,1323602
19826066,7,1323602
19827279,8,1323602
19828491,6,1323602
19829703,5,1323602
19830915,4,1323602
19832128,5,1323602
19833341,6,1323602
19834553,7,1321598
19835765,6,1321598
19836977,10,1321598
19838189,6,1321598
19839401,6,1321598
19840614,5,1321598
19841826,4,1321598
19843038,8,1321598
19844251,7,1321598
19845463,6,1319234
19846675,3,1319234
19847887,5,1319234
19849100,3,1319234
19850312,7,1319234
19851523,8,1319234
19852737,5,1319234
19853949,7,1319234
19855160,4,1319234
19856373,6,1321701
19857585,6,1321701
19858797,6,1321701
19860010,9,1321701
19861222,7,1321701
19862434,7,1321701
19863646,5,1321701
19864859,6,1321701
19866071,7,1321701
19867283,6,1322060
19868495,4,1322060
19869708,6,1322060
19870920,8,1322060
19872133,8,1322060
19873344,7,1322060
19874557,8,1322060
19875769,8,1322060
19876981,3,1322060
19884255,15,1322060
19885468,8,1322060
19886680,5,1322060
19887893,6,1322060
19889105,5,1320313
19890317,2,1323962
19891529,3,1323962
19892742,0,1323962
19893954,5,1323962
19895166,3,1323962
19896378,4,1323962
19897590,3,1323962
19898803,5,1323962
19900016,4,1323962
19901227,3,1322369
19902440,7,1322369
19903652,5,1322369
19904864,5,1322369
19906077,3,1322369
19907289,3,1322369
19908502,3,1322369
19909714,3,1322369
19910926,0,1322369
19912138,3,1322883
19913351,1,1322883
19914563,3,1322883
19915775,3,1322883
19916987,4,1322883
19918200,5,1322883
19919412,4,1322883
19920624,4,1322883
19921836,2,1322883
19923049,5,1322883
19924260,4,1322883
19925473,4,1322883
19926686,4,1322883
19927897,4,1322883
19929110,4,1322883
19930322,4,1322883
19931535,5,1322883
19932747,8,1322883
19933960,3,1322981
19935172,3,1321957
19936383,6,1321957
19937595,5,1321957
19938808,4,1321957
19940020,5,1321957
19941233,4,1321957
19942445,7,1321957
19943657,3,1321957
19944869,5,1321849
19946081,3,1320313
19947294,5,1320313
19948506,4,1320313
19949718,3,1320313
19950930,5,1320313
19952143,4,1320313
19953355,4,1320313
19954567,5,1320313
19955779,5,1320313
19956991,5,1320313
19958203,6,1320313
19959416,6,1320313
19960628,5,1320313
19969113,5,1320313
19970325,7,1320313
19971537,4,1320313
19972750,11,1320313
19973962,7,1320313
19975174,6,1320313
19976386,7,1320313
19977599,6,1323602
19978811,5,1323602
19980023,7,1323602
19981236,6,1323602
19982447,8,1323602
19983660,7,1323602
19984872,6,1323602
19986085,6,1323602
19987297,8,1323602
19988508,4,1321598
19989721,1,1321598
19990933,6,1321598
19992146,9,1321598
19993358,7,1321598
19994569,11,1321598
19995782,6,1321598
19996994,6,1321598
19998206,8,1321598
19999418,7,1323705
20000631,4,1323705
20001843,4,1323705
20003055,9,1323705
20004267,4,1323705
20005480,6,1323705
20006692,7,1323705
20007905,7,1323705
20009117,8,1323705
20010329,6,1323962
20011541,5,1323962
20012753,10,1323962
20013965,4,1323962
20015177,9,1323962
20016390,4,1323962
20017602,4,1323962
20018814,7,1323962
20020026,6,1323962
20021238,7,1325760
20022451,6,1325760
20023664,6,1325760
20024876,9,1325760
20026087,8,1325760
20027300,5,1325760
20028512,7,1325760
20029725,8,1325760
20030937,5,1325760
20032149,7,1323088
20033361,3,1323088
20034573,6,1323088
20035785,6,1323088
20036998,8,1323088
20038210,5,1323088
20039422,7,1323088
20040634,4,1323088
20041846,7,1323088
20043058,7,1324116
20044271,4,1324116
20045483,9,1324116
20052757,10,1324116
20053969,5,1322471
20055181,3,1322471
20056393,7,1322471
20057605,7,1322471
20058818,8,1322471
20060030,4,1322471
20061242,8,1322471
20062455,5,1322471
20063667,2,1322471
20064879,9,1320313
20066092,2,1323910
20067303,4,1323910
20068515,5,1323910
20069728,5,1323910
20070941,4,1323910
20072152,5,1323910
20073364,5,1323910
20074576,5,1323910
20075789,1,1323910
20077001,3,1323088
20078213,4,1323088
20079426,5,1323088
20080637,8,1323088
20081850,2,1323088
20083062,1,1323088
20084274,4,1323088
20085487,2,1323088
20086699,3,1323088
20087911,4,1328381
20089123,4,1328381
20090335,4,1328381
20091548,5,1328381
20092760,4,1328381
20093972,5,1328381
20095184,5,1328381
20096397,4,1328381
20097609,3,1328381
20098821,3,1317641
20100034,5,1317641
20101246,5,1317641
20102458,4,1317641
20103670,4,1317641
20104882,3,1317641
20106094,4,1317641
20107306,5,1317641
20108519,4,1317641
20109731,5,1317714
20110943,3,1323602
20112156,4,1323602
20113368,2,1323602
20114580,4,1323602
20115792,6,1323602
20117005,5,1323602
20118217,0,1323602
20119429,3,1323602
20120641,3,1323751
20121853,3,1322215
20123065,3,1322215
20124278,2,1322215
20125489,2,1322215
20126702,4,1322215
20127915,3,1322215
20129126,5,1322215
20137611,4,1322215
20138824,7,1322215
20140035,7,1322215
20141248,7,1321444
20142461,6,1321444
20143672,5,1321444
20144884,7,1321444
20146097,8,1321444
20147309,6,1321444
20148521,3,1321444
20149733,5,1321444
20150945,8,1321444
20152158,7,1321444
20153370,10,1321392
20154582,4,1321392
20155795,3,1321392
20157006,6,1321392
20158218,8,1321392
20159431,8,1321392
20160643,8,1321392
20161855,9,1321392
20163068,5,1321392
20164280,8,1322420
20165492,3,1322420
20166704,7,1322420
20167916,6,1322420
20169129,7,1322420
20170341,9,1322420
20171553,5,1322420
20172766,6,1322420
20173977,8,1322420
20175189,5,1324373
20176402,6,1324373
20177614,5,1324373
20178826,7,1324373
20180039,6,1324373
20181250,7,1324373
20182463,6,1324373
20183675,8,1324373
20184887,7,1324373
20186099,3,1323602
20187311,5,1323602
20188524,9,1323602
20189736,6,1323602
20190948,9,1323602
20192161,6,1323602
20193373,6,1323602
20194585,5,1323602
20195796,3,1323602
20197009,6,1322574
20198221,4,1322574
20199433,6,1322574
20200645,7,1322574
20201857,6,1322574
20203070,10,1322574
20204282,8,1322574
20205494,6,1322574
20206707,5,1322574
20207918,3,1323859
20209131,3,1323859
20210343,7,1323859
20211555,6,1323859
20212767,7,1323859
20213979,6,1323859
20221255,12,1323859
20222465,12,1323859
20223677,6,1323859
20224890,6,1323859
20226101,7,1323859
20227313,5,1323859
20228527,4,1323859
20229738,4,1322060
20230950,4,1322060
20232162,8,1322060
20233374,4,1322060
20234587,3,1322060
20235799,5,1322060
20237011,6,1322060
20238224,6,1322060
20239435,7,1322060
20240648,6,1325812
20241859,5,1318823
20243072,3,1318823
20244285,5,1318823
20245496,4,1318823
20246709,5,1318823
20247921,3,1318823
20249133,4,1318823
20250346,6,1318823
20251558,6,1318823
20252770,5,1321033
20253982,3,1321033
20255195,5,1321033
20256406,5,1321033
20257619,3,1321033
20258830,4,1321033
20260043,5,1321033
20261255,8,1321033
20262468,3,1321033
20263679,5,1321033
20264892,4,1321033
20266104,4,1321033
20267316,5,1321033
20268529,6,1321033
20269741,5,1321033
20270953,4,1321033
20272165,5,1321033
20273378,3,1321033
20274590,6,1319799
20275802,5,1319799
20277014,5,1319799
20278227,4,1319799
20279439,4,1319799
20280652,3,1319799
20281864,4,1319799
20283077,3,1319799
20284289,1,1319799
20285502,2,1316613
20286714,4,1316613
20287927,3,1316613
20289139,3,1316613
20290352,4,1316613
20291564,5,1316613
20292776,4,1316613
20293989,6,1316613
20295201,6,1316613
20296414,6,1316726
20297626,4,1319542
20306113,1,1319542
20307326,2,1319511
20308539,5,1324887
20309751,7,1324887
20310963,4,1324887
20312176,4,1324887
20313388,4,1324887
20314601,4,1324887
20315814,4,1324887
20317026,3,1324887
20318238,4,1324887
20319451,6,1324887
20320664,5,1324887
20321876,6,1324887
20323088,4,1324887
20324301,9,1324887
20325512,6,1324887
20326725,8,1324887
20327938,6,1322626
20329150,4,1322626
20330362,4,1322626
20331575,9,1322626
20332788,3,1322626
20334000,6,1322626
20335213,7,1322626
20336424,6,1322626
20337637,5,1322626
20338849,7,1322626
20340062,8,1324630
20341274,4,1324630
20342488,4,1324630
20343699,6,1324630
20344911,8,1324630
20346124,7,1324630
20347337,7,1324630
20348549,7,1324630
20349762,9,1324630
20350974,6,1323962
20352187,5,1323962
20353399,4,1323962
20354612,7,1323962
20355824,6,1323962
20357037,8,1323962
20358250,5,1323962
20359463,7,1323962
20360674,6,1323962
20361887,8,1319799
20363099,4,1319799
20364311,5,1319799
20365524,4,1319799
20366737,6,1319799
20367949,4,1319799
20369162,8,1319799
20370374,6,1319799
20371587,8,1319799
20372799,7,1323910
20374011,4,1323910
20375224,7,1323910
20376436,7,1323910
20377649,4,1323910
20378861,7,1323910
20380073,7,1323910
20381286,8,1323910
20382498,6,1323910
20389773,3,1323910
20390985,8,1323910
20392198,6,1323910
20393410,6,1323910
20394623,4,1320621
20395835,4,1320621
20397047,9,1320621
20398260,8,1320621
20399473,6,1320621
20400686,9,1320621
20401898,5,1320621
20403110,7,1320621
20404323,7,1320621
20405535,7,1318412
20406748,8,1318412
20407960,5,1318412
20409172,4,1318412
20410386,7,1318412
20411598,8,1318412
20412810,4,1318412
20414023,6,1318412
20415236,7,1318412
20416448,9,1321444
20417660,4,1321444
20418873,4,1321444
20420085,7,1321444
20421298,5,1321444
20422511,6,1321444
20423723,5,1321444
20424935,9,1321444
20426148,9,1321444
20427361,6,1320262
20428573,5,1323345
20429785,4,1323345
20430998,4,1323345
20432211,5,1323345
20433423,5,1323345
20434635,4,1323345
20435848,3,1323345
20437061,5,1323345
20438273,6,1323345
20439486,5,1323962
20440698,4,1323962
20441911,4,1323962
20443123,2,1323962
20444336,4,1323962
20445549,9,1323962
20446760,9,1323962
20447973,6,1323962
20449186,5,1323962
20450398,2,1323140
20451611,0,1323140
20452823,4,1323140
20454037,6,1323140
20455248,7,1323140
20456462,7,1323140
20457674,4,1323140
20458886,3,1323140
20460098,2,1323140
20461311,4,1320210
20462524,5,1320210
20463736,5,1320210
20464949,2,1320210
20466161,5,1320210
20474648,4,1320210
20475861,7,1320210
20477073,6,1320210
20478286,7,1320210
20479499,6,1320210
20480711,7,1320210
20481924,5,1321752
20483135,5,1321963
20484349,5,1323499
20485561,2,1323499
20486773,4,1323499
20487986,4,1323499
20489199,4,1323499
20490411,2,1323499
20491623,6,1323499
20492835,6,1323499
20494048,7,1323395
20495260,4,1322883
20496474,4,1322883
20497686,8,1322883
20498899,4,1322883
20500111,3,1322883
20501323,4,1322883
20502536,4,1322883
20503748,7,1322883
20504961,3,1322883
20506174,3,1322883
20507386,8,1322883
20508599,7,1322883
20509811,5,1322883
20511024,10,1322883
20512236,4,1322883
20513450,10,1322883
20514662,7,1322883
20515874,4,1322883
20517086,3,1322883
20518299,8,1322883
20519512,4,1322883
20520725,6,1322883
20521937,5,1322883
20523149,5,1322883
20524362,6,1322883
20525574,8,1322883
20526788,4,1323294
20528000,4,1323294
20529213,7,1323294
20530425,6,1323294
20531637,9,1323294
20532851,9,1323294
20534063,7,1323294
20535275,5,1323294
20536488,2,1323294
20537700,5,1322060
20538914,4,1322060
20540126,7,1322060
20541338,7,1322060
20542550,7,1322060
20543764,5,1322060
20544976,6,1322060
20546189,6,1322060
20547401,5,1322060
20548614,7,1321033
20549827,4,1321033
20551038,5,1321033
20558314,1,1321033
20559526,6,1321341
20560739,3,1321341
20561952,7,1321341
20563164,7,1321341
20564377,7,1321341
20565589,6,1321341
20566801,5,1321341
20568014,5,1321341
20569226,7,1321341
20570439,5,1320879
20571652,3,1320879
20572864,4,1320879
20574077,7,1320879
20575289,8,1320879
20576503,6,1320879
20577715,6,1320879
20578927,3,1320879
20580139,6,1320879
20581352,8,1321649
20582565,7,1321649
20583777,5,1321649
20584990,7,1321649
20586202,4,1321649
20587416,7,1321649
20588628,7,1321649
20589841,5,1321649
20591052,9,1321649
20592265,5,1323088
20593478,4,1323088
20594690,4,1323088
20595903,5,1323088
20597115,9,1323088
20598328,9,1323088
20599540,7,1323088
20600753,9,1323088
20601965,7,1323088
20603178,6,1320673
20604391,6,1320673
20605603,9,1320673
20606816,4,1320673
20608028,6,1320673
20609241,8,1320673
20610453,8,1320673
20611665,8,1320673
20612878,8,1320673
20614090,6,1322883
20615303,2,1322883
20616515,3,1322883
20617728,6,1322883
20618941,9,1322883
20620153,6,1322883
20621365,5,1322883
20622577,6,1322883
20623791,6,1322883
20625002,5,1322009
20626215,2,1318617
20627428,4,1318617
20628640,4,1318617
20629853,2,1318617
20631065,5,1318617
20632278,3,1318617
20633490,6,1318617
20634703,6,1318617
20643190,8,1318617
20644402,6,1318617
20645615,9,1318617
20646827,4,1323397
20648040,4,1326018
20649252,6,1326018
20650465,3,1326018
20651677,3,1326018
20652890,3,1326018
20654102,4,1326018
20655315,3,1326018
20656527,4,1326018
20657739,3,1326018
20658952,4,1319645
20660165,4,1319645
20661377,6,1319645
20662590,7,1319645
20663803,1,1319645
20665015,4,1319645
20666227,4,1319645
20667440,7,1319645
20668652,4,1319645
20669865,3,1319645
20671077,2,1319645
20672290,4,1319645
20673502,3,1319645
20674715,6,1319645
20675928,5,1319645
20677140,5,1319645
20678352,2,1319645
20679565,4,1319645
20680777,3,1319607
20681990,6,1323191
20683203,5,1323191
20684415,3,1323191
20685627,2,1323191
20686841,4,1323191
20688053,5,1323191
20689265,4,1323191
20690477,5,1323191
20691691,3,1323178
20692902,3,1319850
20694116,5,1319850
20695327,4,1319850
20696540,3,1319850
20697753,11,1319850
20698965,7,1319850
20700178,4,1319850
20701391,6,1319850
20702604,3,1319850
20703815,4,1319850
20705028,8,1319850
20706241,9,1319850
20707453,7,1319850
20708666,7,1319850
20709879,4,1319850
20711091,5,1319850
20712303,8,1319850
20713516,5,1319645
20714729,4,1319645
20715942,6,1319645
20717154,7,1319645
20718366,5,1319645
20719579,8,1319645
20726855,10,1319645
20728067,5,1319645
20729280,9,1319645
20730492,5,1319645
20731705,6,1319645
20732917,9,1319645
20734130,4,1319645
20735342,5,1323088
20736555,6,1323088
20737767,6,1323088
20738980,8,1323088
20740193,9,1323088
20741405,7,1323088
20742617,7,1323088
20743830,5,1323088
20745042,6,1323088
20746254,5,1320313
20747467,3,1320313
20748679,4,1320313
20749893,7,1320313
20751105,5,1320313
20752317,6,1320313
20753530,6,1320313
20754742,8,1320313
20755954,4,1320313
20757167,7,1323910
20758379,5,1323910
20759592,6,1323910
20760804,5,1323910
20762017,9,1323910
20763229,8,1323910
20764441,8,1323910
20765654,6,1323910
20766866,5,1323910
20768079,4,1321135
20769291,6,1321135
20770504,9,1321135
20771717,9,1321135
20772929,9,1321135
20774143,8,1321135
20775354,5,1321135
20776567,7,1321135
20777779,6,1321135
20778992,9,1318258
20780204,3,1318258
20781417,7,1318258
20782629,6,1318258
20783842,6,1318258
20785054,8,1318258
20786267,6,1318258
20787480,4,1318258
20788692,6,1318258
20789905,6,1323140
20791117,4,1323140
20792330,7,1323140
20793543,4,1323140
20794755,7,1323140
20795967,6,1323140
20797180,7,1323140
20798393,7,1323140
20799605,5,1323140
20800817,6,1321341
20802030,5,1321341
20803242,3,1321341
20810518,5,1321341
20811730,7,1320621
20812942,3,1320827
20814156,5,1320827
20815368,3,1320827
20816581,5,1320827
20817793,5,1320827
20819006,4,1320827
20820218,4,1320827
20821431,5,1320827
20822643,5,1320827
20823856,8,1322523
20825068,5,1322523
20826280,4,1322523
20827493,4,1322523
20828706,4,1322523
20829918,7,1322523
20831131,4,1322523
20832344,5,1322523
20833556,5,1322523
20834769,5,1321906
20835981,2,1321906
20837194,3,1321906
20838407,5,1321906
20839618,4,1321906
20840831,4,1321906
20842044,4,1321906
20843256,5,1321906
20844468,2,1321906
20845681,2,1320262
20846894,6,1320262
20848106,3,1320262
20849319,3,1320262
20850531,4,1320262
20851744,5,1320262
20852957,4,1320262
20854169,4,1320262
20855381,6,1320262
20856594,4,1322163
20857807,0,1322163
20859019,4,1322163
20860231,4,1322163
20861444,6,1322163
20862656,6,1322163
20863869,2,1322163
20865081,2,1322163
20866294,4,1322163
20867506,3,1322066
20868719,3,1323602
20869931,3,1323602
20871145,5,1323602
20872357,6,1323602
20873569,5,1323602
20874782,2,1323602
20875994,4,1323602
20877207,3,1323602
20878419,5,1323647
20879632,4,1321855
20880844,0,1321855
20882057,6,1321855
20883269,5,1321855
20884482,5,1321855
20885694,4,1321855
20886907,3,1321855
20894191,4,1321855
20895395,2,1321855
20896607,3,1321855
20897820,4,1321855
20899033,6,1321135
20900245,5,1321135
20901457,3,1321135
20902669,6,1321135
20903882,6,1321135
20905095,7,1321135
20906308,5,1321135
20907520,5,1321135
20908733,6,1321135
20909945,6,1321135
20911158,7,1324322
20912370,4,1324322
20913583,6,1324322
20914795,8,1324322
20916007,4,1324322
20917221,5,1324322
20918433,8,1324322
20919645,5,1324322
20920859,7,1324322
20922071,8,1323345
20923283,4,1323345
20924496,6,1323345
20925708,6,1323345
20926921,4,1323345
20928134,8,1323345
20929347,9,1323345
20930558,7,1323345
20931771,5,1323345
20932983,6,1320005
20934196,5,1320005
20935409,6,1320005
20936621,8,1320005
20937834,9,1320005
20939046,6,1320005
20940258,8,1320005
20941471,6,1320005
20942683,7,1320005
20943896,9,1320776
20945109,2,1320776
20946320,5,1320776
20947533,3,1320776
20948745,11,1320776
20949958,6,1320776
20951170,5,1320776
20952384,5,1320776
20953596,7,1320776
20954808,3,1322060
20956021,2,1322060
20957233,6,1322060
20958446,11,1322060
20959658,8,1322060
20960871,5,1322060
20962083,5,1322060
20963296,7,1322060
20964508,5,1322060
20965721,9,1321957
20966933,4,1321957
20968145,7,1321957
20969358,7,1321957
20970570,6,1320365
20977850,7,1320365
20979057,7,1320365
20980270,5,1320365
20981483,5,1320365
20982696,7,1320365
20983908,7,1320365
20985120,7,1320365
20986333,7,1320365
20987545,6,1319182
20988757,4,1319182
20989970,4,1319182
20991182,8,1319182
20992394,6,1319182
20993607,6,1319182
20994820,6,1319182
20996031,7,1319182
20997244,5,1319182
20998457,7,1321289
20999669,5,1320365
21000882,4,1320365
21002094,2,1320365
21003306,3,1320365
21004519,3,1320365
21005731,5,1320365
21006943,5,1320365
21008157,3,1320365
21009369,5,1320365
21010581,4,1319439
21011793,6,1319439
21013006,6,1319439
21014218,4,1319439
21015431,5,1319439
21016643,4,1319439
21017855,5,1319439
21019068,4,1319439
21020280,5,1319439
21021492,2,1319439
21022704,3,1319439
21023917,3,1319439
21025130,5,1319439
21026342,3,1319439
21027554,7,1319439
21028766,5,1319439
21029980,4,1319439
21031191,5,1319439
21032404,5,1320570
21033616,5,1320570
21034829,4,1320570
21036041,4,1320570
21037254,7,1320570
21038466,3,1320570
21039678,4,1320570
21040891,3,1320570
21042104,4,1320570
21043316,4,1321495
21044528,4,1321495
21045741,4,1321495
21046953,4,1321495
21048166,4,1321495
21049378,4,1321495
21050590,3,1321495
21051803,5,1321495
21053016,4,1321495
21054228,5,1321495
21062715,15,1321495
21063929,6,1322266
21065141,6,1322325
21066354,4,1324373
21067566,5,1324373
21068778,3,1324373
21069990,4,1324373
21071203,6,1324373
21072416,5,1324373
21073628,5,1324373
21074841,3,1324373
21076054,5,1324373
21077265,3,1324373
21078478,3,1324373
21079691,8,1324373
21080903,5,1324373
21082116,6,1324373
21083329,5,1324373
21084541,9,1324373
21085753,11,1319542
21086966,3,1319542
21088178,3,1319542
21089391,8,1319542
21090604,6,1319542
21091816,4,1319542
21093028,7,1319542
21094241,7,1319542
21095453,7,1319542
21096666,5,1319542
21097879,9,1321495
21099090,4,1321495
21100304,7,1321495
21101515,5,1321495
21102729,6,1321495
21103941,5,1321495
21105153,8,1321495
21106365,8,1321495
21107578,8,1321495
21108791,5,1321906
21110003,5,1321906
21111216,6,1321906
21112427,5,1321906
21113640,10,1321906
21114852,7,1321906
21116065,5,1321906
21117277,6,1321906
21118490,3,1321906
21119702,6,1321803
21120915,5,1321803
21122127,8,1321803
21123339,3,1321803
21124552,4,1321803
21125764,6,1321803
21126977,7,1321803
21128189,8,1321803
21129402,5,1321803
21130614,9,1320570
21131826,2,1320570
21133040,8,1320570
21134251,8,1320570
21135464,7,1320570
21136677,7,1320570
21137889,6,1320570
21139101,3,1320570
21146376,2,1320570
21147588,7,1320570
21148801,6,1320570
21150013,8,1320570
21151225,5,1320570
21152439,6,1321392
21153650,1,1321392
21154863,5,1321392
21156075,6,1321392
21157288,6,1321392
21158500,8,1321392
21159713,6,1321392
21160925,7,1321392
21162138,7,1321392
21163350,8,1317075
21164563,7,1317075
21165775,5,1317075
21166987,7,1317075
21168200,5,1317075
21169413,5,1317075
21170626,8,1317075
21171837,7,1317075
21173051,9,1317075
21174262,8,1320930
21175475,3,1320930
21176688,7,1320930
21177900,4,1320930
21179113,9,1320930
21180325,6,1320930
21181537,5,1320930
21182750,9,1320930
21183962,6,1320930
21185174,6,1324373
21186386,3,1319645
21187600,4,1319645
21188811,3,1319645
21190024,6,1319645
21191236,6,1319645
21192449,7,1319645
21193661,4,1319645
21194874,6,1319645
21196086,3,1319645
21197298,5,1323088
21198511,4,1323088
21199724,4,1323088
21200936,3,1323088
21202148,4,1323088
21203361,2,1323088
21204573,5,1323088
21205786,6,1323088
21206998,6,1323088
21208211,5,1321238
21209423,5,1321238
21210635,3,1321238
21211847,4,1321238
21213060,7,1321238
21214273,2,1321238
21215485,3,1321238
21216698,5,1321238
21217910,2,1321238
21219122,2,1319491
21220335,4,1319491
21221548,6,1319491
21222760,3,1319455
21231246,4,1323551
21232459,4,1323551
21233671,6,1323551
21234883,4,1323551
21236095,3,1323551
21237307,3,1323551
21238519,3,1323551
21239732,0,1323551
21240944,2,1323742
21242157,6,1319902
21243369,6,1319902
21244581,5,1319902
21245793,2,1319902
21247005,2,1319902
21248217,4,1319902
21249430,3,1319902
21250642,4,1319902
21251855,4,1319863
21253066,4,1323191
21254279,4,1323191
21255491,3,1323191
21256703,4,1323191
21257915,3,1323191
21259128,6,1323191
21260340,5,1323191
21261553,7,1323191
21262764,3,1323191
21263977,5,1323191
21265189,7,1323191
21266401,6,1323191
21267614,7,1323191
21268826,6,1323191
21270038,5,1323191
21271250,8,1323191
21272463,9,1324116
21273675,3,1324116
21274888,4,1324116
21276100,6,1324116
21277312,5,1324116
21278524,8,1324116
21279737,9,1324116
21280949,4,1324116
21282161,6,1324116
21283374,4,1324116
21284586,4,1322112
21285798,4,1322112
21287010,6,1322112
21288223,5,1322112
21289435,6,1322112
21290647,6,1322112
21291859,6,1322112
21293072,7,1322112
21294284,5,1322112
21295497,4,1322574
21296709,3,1322574
21297921,6,1322574
21299133,4,1322574
21300345,9,1322574
21301558,7,1322574
21302771,4,1322574
21303982,6,1322574
21305196,9,1322574
21306408,4,1319799
21307620,7,1319799
21316106,3,1319799
21317318,7,1322009
21318531,4,1322009
21319743,9,1322009
21320955,5,1322009
21322167,10,1322009
21323379,7,1322009
21324592,7,1322009
21325803,4,1322009
21327016,7,1322009
21328228,6,1318258
21329441,7,1318258
21330652,8,1318258
21331865,7,1318258
21333077,5,1318258
21334289,9,1318258
21335502,7,1318258
21336714,7,1318258
21337926,8,1318258
21339138,7,1321547
21340351,3,1321547
21341563,5,1321547
21342776,7,1321547
21343988,9,1321547
21345199,6,1321547
21346412,7,1321547
21347624,4,1321547
21348836,4,1321547
21350049,9,1321187
21351261,7,1321187
21352473,7,1321187
21353685,8,1321187
21354898,4,1321187
21356110,3,1321187
21357322,8,1321187
21358535,8,1321187
21359747,6,1321187
21360960,6,1321444
21362172,5,1321444
21363384,4,1321444
21364596,8,1321444
21365808,7,1321444
21367021,7,1321444
21368233,8,1321444
21369444,10,1321444
21370657,7,1321444
21371869,5,1319953
21373082,4,1322420
21374294,4,1322420
21375506,3,1322420
21376718,2,1322420
21377930,5,1322420
21379142,3,1322420
21380355,4,1322420
21381567,4,1322420
21382779,6,1322420
21383992,3,1325298
21385203,4,1325298
21386416,4,1325298
21387628,5,1325298
21388841,5,1325298
21390053,8,1325298
21391265,4,1325298
21392477,12,1325298
21400963,4,1325298
21402175,7,1325298
21403388,2,1325298
21404600,5,1321598
21405812,4,1324476
21407025,4,1324476
21408237,6,1324476
21409449,7,1324476
21410662,0,1324476
21411874,2,1324476
21413086,4,1324476
21414298,2,1324476
21415510,5,1324476
21416722,4,1323808
21417935,1,1323808
21419146,5,1323808
21420359,2,1323808
21421571,5,1323808
21422783,5,1323808
21423996,6,1323808
21425208,5,1323808
21426420,3,1323808
21427632,5,1323892
21428845,1,1319028
21430057,7,1319028
21431269,3,1319028
21432481,3,1319028
21433693,2,1319028
21434906,2,1319028
21436118,2,1319028
21437330,3,1319028
21438542,4,1319141
21439754,8,1321701
21440966,4,1321701
21442178,4,1321701
21443391,6,1321701
21444602,7,1321701
21445815,1,1321701
21447027,4,1321701
21448239,5,1321701
21449452,6,1321701
21450663,6,1321701
21451875,6,1321701
21453088,5,1321701
21454300,3,1321701
21455512,5,1321701
21456724,6,1321701
21457937,7,1321701
21459148,7,1319234
21460361,3,1319234
21461573,3,1319234
21462786,4,1319234
21463998,5,1319234
21465210,6,1319234
21466422,6,1319234
21467634,6,1319234
21468847,6,1319234
21470060,6,1319234
21471272,7,1317538
21472483,3,1317538
21473696,7,1317538
21474908,6,1317538
21476120,7,1317538
21477332,7,1317538
21484606,3,1317538
21485818,6,1317538
21487030,7,1317538
21488242,7,1317538
21489454,7,1317538
21490667,6,1317538
21491880,6,1317538
21493091,6,1320570
21494303,5,1320570
21495516,5,1320570
21496728,6,1320570
21497940,6,1320570
21499153,8,1320570
21500365,7,1320570
21501577,8,1320570
21502789,4,1320570
21504001,9,1320159
21505214,4,1320159
21506426,5,1320159
21507638,8,1320159
21508851,10,1320159
21510062,9,1320159
21511274,6,1320159
21512487,5,1320159
21513699,8,1320159
21514912,2,1322163
21516124,3,1322163
21517337,4,1322163
21518549,3,1322163
21519761,5,1322163
21520973,8,1322163
21522186,5,1322163
21523398,4,1322163
21524610,8,1322163
21525822,8,1321598
21527035,3,1321598
21528247,5,1321598
21529459,6,1321598
21530672,6,1321598
21531884,9,1321598
21533096,7,1321598
21534309,5,1321598
21535521,6,1321598
21536733,7,1322215
21537945,5,1322215
21539157,6,1322215
21540369,7,1322215
21541581,6,1322215
21542794,5,1322215
21544006,6,1322215
21545218,6,1322215
21546430,7,1322215
21547642,4,1321187
21548855,3,1321187
21550066,5,1321187
21551279,6,1321187
21552491,6,1321187
21553703,5,1321187
21554914,6,1321187
21556127,9,1321187
21557339,7,1321187
21558552,7,1317949
21559764,5,1317692
21560976,5,1317692
21568251,9,1317692
21569462,3,1317692
21570674,1,1323962
21571886,7,1323962
21573099,4,1323962
21574311,5,1323962
21575523,5,1323962
21576736,4,1323962
21577947,3,1323962
21579160,4,1323962
21580372,4,1323962
21581585,4,1323654
21582797,4,1323654
21584009,4,1323654
21585221,4,1323654
21586434,4,1323654
21587646,5,1323654
21588858,3,1323654
21590071,2,1323654
21591283,3,1323654
21592495,4,1321855
21593708,4,1321855
21594920,5,1321855
21596132,5,1321855
21597344,2,1321855
21598557,5,1321855
21599769,2,1321855
21600981,3,1321855
21602193,4,1321855
21603406,4,1321794
21604618,4,1319234
21605831,2,1319234
21607042,6,1319234
21608255,9,1319234
21609468,3,1319234
21610679,4,1319234
21611892,4,1319234
21613104,4,1319234
21614316,5,1319190
21615529,4,1321238
21616741,6,1321238
21617953,5,1321238
21619166,3,1321238
21620378,3,1321238
21621590,4,1321238
21622803,6,1321238
21624014,5,1321238
21625227,4,1321238
21626439,5,1321238
21627651,6,1321238
21628864,5,1321238
21630076,5,1321238
21631288,9,1321238
21632500,8,1321238
21633713,9,1321238
21634925,5,1321238
21636138,3,1321238
21637349,5,1321238
21638562,9,1321238
21639775,6,1321238
21640987,8,1321238
21642199,5,1321238
21643411,6,1321238
21644624,6,1321238
21653110,9,1321238
21654322,7,1321238
21655534,7,1321238
21656747,9,1321238
21657959,9,1321495
21659171,4,1321495
21660384,5,1321495
21661597,5,1321495
21662809,3,1321495
21664021,7,1321495
21665234,5,1321495
21666446,11,1321495
21667658,5,1321495
21668871,7,1318823
21670084,2,1318823
21671296,8,1318823
21672508,7,1318823
21673720,6,1318823
21674933,7,1318823
21676145,6,1318823
21677357,8,1318823
21678569,10,1318823
21679782,7,1322215
21680994,6,1322215
21682207,8,1322215
21683420,5,1322215
21684632,7,1322215
21685843,6,1322215
21687055,8,1322215
21688268,6,1322215
21689480,8,1322215
21690692,8,1320621
21691905,4,1320621
21693117,5,1320621
21694330,7,1320621
21695541,11,1320621
21696754,11,1320621
21697966,8,1320621
21699178,5,1320621
21700392,4,1320621
21701604,7,1321495
21702815,3,1321495
21704028,4,1321495
21705240,5,1321495
21706453,8,1321495
21707665,5,1321495
21708877,7,1321495
21710090,6,1321495
21711302,6,1321495
21712514,6,1320621
21713727,5,1320621
21714939,8,1320621
21716151,8,1320621
21717363,7,1320621
21718576,8,1320621
21719789,7,1320621
21721001,7,1320621
21722213,3,1320621
21723425,9,1324424
21724638,3,1324424
21725851,8,1324424
21727062,5,1324424
21728274,8,1324424
21729487,6,1324424
21736761,4,1324424
21737973,6,1324424
21739186,6,1324424
21740398,6,1324424
21741611,6,1324424
21742822,5,1324424
21744035,6,1324424
21745247,6,1320570
21746460,5,1321444
21747671,4,1321444
21748884,3,1321444
21750097,3,1321444
21751308,3,1321444
21752522,4,1321444
21753733,5,1321444
21754946,5,1321444
21756158,3,1321444
21757370,3,1317846
21758582,5,1317846
21759795,4,1317846
21761008,5,1317846
21762220,5,1317846
21763432,3,1317846
21764644,2,1317846
21765856,6,1317846
21767069,5,1317846
21768281,4,1319080
21769493,4,1319080
21770705,6,1319080
21771918,4,1319080
21773130,5,1319080
21774342,3,1319080
21775555,8,1319080
21776767,4,1319080
21777979,4,1319080
21779191,4,1320313
21780403,4,1320313
21781616,3,1320313
21782828,0,1320313
21784041,6,1320313
21785253,7,1320313
21786465,4,1320313
21787677,5,1320313
21788889,5,1320313
21790102,5,1320359
21791314,6,1318823
21792526,4,1318823
21793738,5,1318823
21794951,6,1318823
21796164,4,1318823
21797375,4,1318823
21798588,3,1318823
21799800,5,1318823
21801012,5,1318766
21802224,2,1317230
21803437,5,1317230
21804649,3,1317230
21805861,4,1317230
21807074,4,1317230
21808286,0,1317230
21809498,5,1317230
21810710,5,1317230
21811922,6,1317230
21813135,7,1317230
21821620,1,1318874
21822832,4,1318874
21824046,5,1318874
21825257,7,1318874
21826469,3,1318874
21827682,4,1318874
21828894,7,1318874
21830107,5,1318874
21831319,4,1318874
21832531,6,1318874
21833744,7,1318771
21834955,4,1318771
21836168,7,1318771
21837380,4,1318771
21838592,6,1318771
21839805,5,1318771
21841017,8,1318771
21842230,4,1318771
21843441,6,1318771
21844654,6,1322112
21845867,6,1322112
21847078,6,1322112
21848291,9,1322112
21849503,5,1322112
21850716,6,1322112
21851928,7,1322112
21853140,7,1322112
21854352,8,1322112
21855564,9,1320776
21856776,5,1320776
21857989,3,1320776
21859201,6,1320776
21860413,3,1320776
21861626,4,1320776
21862838,5,1320776
21864050,7,1320776
21865263,5,1320776
21866474,4,1320930
21867687,5,1320930
21868900,7,1320930
21870112,5,1320930
21871324,8,1320930
21872536,5,1320930
21873749,12,1320930
21874960,8,1320930
21876173,8,1320930
21877385,9,1317898
21878598,5,1317898
21879810,3,1317898
21881021,4,1317898
21882234,6,1317898
21883446,12,1317898
21884658,5,1317898
21885870,7,1317898
21887083,6,1317898
21888295,8,1319028
21889507,3,1319028
21890720,6,1319028
21891931,6,1319028
21893144,6,1319028
21894357,6,1319028
21895568,10,1319028
21896781,4,1319028
21897993,8,1319028
21905267,9,1319028
21906479,8,1319028
21907692,6,1319028
21908904,3,1319028
21910116,6,1319080
21911328,4,1319080
21912541,5,1319080
21913753,11,1319080
21914965,8,1319080
21916177,7,1319080
21917390,6,1319080
21918602,7,1319080
21919814,5,1319080
21921026,4,1321906
21922239,4,1318514
21923451,6,1318514
21924663,3,1318514
21925876,5,1318514
21927087,3,1318514
21928300,4,1318514
21929512,2,1318514
21930725,4,1318514
21931937,4,1318514
21933149,5,1325915
21934362,4,1325915
21935574,2,1325915
21936786,3,1325915
21937998,5,1325915
21939211,3,1325915
21940423,4,1325915
21941635,4,1325915
21942848,0,1325915
21944060,6,1325915
21945271,5,1325915
21946484,2,1325915
21947697,3,1325915
21948908,4,1325915
21950121,5,1325915
21951334,4,1325915
21952546,5,1325915
21953758,6,1325915
21954970,6,1318514
21956182,3,1318514
21957395,2,1318514
21958608,3,1318514
21959819,5,1318514
21961032,5,1318514
21962244,6,1318514
21963457,6,1318514
21964669,5,1318514
21965881,5,1316150
21967093,4,1316150
21968305,2,1316150
21969518,6,1316150
21970730,5,1316150
21971942,3,1316150
21973155,3,1316150
21974368,4,1316150
21975580,5,1316150
21976791,3,1316110
21978005,2,1318926
21979216,4,1318926
21980429,4,1318926
21981641,8,1318926
21990128,8,1318926
21991339,4,1318926
21992552,4,1318926
21993764,6,1318926
21994977,5,1318926
21996189,6,1318926
21997402,8,1319902
21998614,4,1319902
21999826,1,1319902
22001038,5,1319902
22002251,8,1319902
22003463,8,1319902
22004676,6,1319902
22005889,8,1319902
22007101,5,1319902
22008313,6,1318823
22009526,4,1318823
22010738,5,1318823
22011950,6,1318823
22013163,7,1318823
22014375,8,1318823
22015588,4,1318823
22016800,4,1318823
22018012,7,1318823
22019225,7,1318823
22020437,7,1324168
22021650,4,1324168
22022862,6,1324168
22024074,6,1324168
22025287,7,1324168
22026500,8,1324168
22027712,10,1324168
22028924,7,1324168
22030136,7,1324168
22031349,7,1322009
22032561,6,1322009
22033773,7,1322009
22034986,6,1322009
22036198,6,1322009
22037411,8,1322009
22038623,6,1322009
22039836,6,1322009
22041047,9,1322009
22042260,8,1322985
22043472,4,1322985
22044684,5,1322985
22045897,9,1322985
22047109,6,1322985
22048321,6,1322985
22049534,8,1322985
22050746,9,1322985
22051958,5,1322985
22053171,7,1322317
22054383,3,1322317
22055595,7,1322317
22056808,4,1322317
22058020,5,1322317
22059233,5,1322317
22060445,8,1322317
22061657,5,1322317
22062870,9,1322317
22064082,4,1322215
22065294,4,1322215
22066506,5,1322215
22073780,3,1322215
22074993,5,1322112
22076206,4,1322112
22077418,4,1322112
22078630,8,1322112
22079842,6,1322112
22081054,8,1322112
22082268,9,1322112
22083479,7,1322112
22084691,7,1322112
22085904,8,1319439
22087117,2,1319439
22088329,7,1319439
22089541,8,1319439
22090753,14,1319439
22091965,6,1319439
22093178,6,1319439
22094390,5,1319439
22095602,7,1319439
22096814,10,1320981
22098027,4,1320981
22099239,10,1320981
22100452,11,1320981
22101664,7,1320981
22102876,8,1320981
22104089,6,1320981
22105301,7,1320981
22106513,4,1320981
22107726,6,1320879
22108939,5,1323140
22110150,6,1323140
22111363,3,1323140
22112576,5,1323140
22113787,4,1323140
22115000,5,1323140
22116212,5,1323140
22117425,5,1323140
22118637,3,1323140
22119849,5,1320416
22121061,2,1320416
22122274,3,1320416
22123486,2,1320416
22124699,4,1320416
22125911,3,1320416
22127124,3,1320416
22128335,4,1320416
22129548,4,1320416
22130760,3,1320416
22131972,4,1320416
22133185,2,1320416
22134397,4,1320416
22135609,2,1320416
22136822,3,1320416
22138034,3,1320416
22139247,5,1320416
22140459,4,1320416
22141671,5,1314506
22142884,3,1314506
22144097,5,1314506
22145308,4,1314506
22146522,3,1314506
22147733,4,1314506
22148946,4,1314506
22150158,7,1314506
22158644,1,1314506
22159857,4,1314506
22161069,7,1314506
22162281,8,1321444
22163494,3,1321331
22164706,2,1318771
22165918,4,1318771
22167131,2,1318771
22168344,3,1318771
22169556,5,1318771
22170768,1,1318771
22171981,2,1318771
22173193,3,1318771
22174405,5,1318888
22175617,6,1322728
22176829,5,1322728
22178042,3,1322728
22179254,4,1322728
22180466,3,1322728
22181679,3,1322728
22182891,5,1322728
22184104,3,1322728
22185316,2,1322728
22186528,5,1322728
22187741,4,1322728
22188953,5,1322728
22190165,6,1322728
22191378,7,1322728
22192590,8,1322728
22193802,4,1322728
22195014,7,1320930
22196227,3,1320930
22197439,6,1320930
22198652,6,1320930
22199864,6,1320930
22201077,6,1320930
22202289,7,1320930
22203502,4,1320930
22204714,7,1320930
22205925,6,1320930
22207138,5,1318052
22208351,4,1318052
22209562,7,1318052
22210775,8,1318052
22211987,7,1318052
22213200,10,1318052
22214412,7,1318052
22215624,4,1318052
22216837,6,1318052
22218049,9,1321855
22219261,7,1321855
22220474,6,1321855
22221687,6,1321855
22222899,6,1321855
22224112,4,1321855
22225323,5,1321855
22226536,8,1321855
22227749,12,1321855
22228960,5,1319080
22230173,5,1319080
22231385,6,1319080
22232597,8,1319080
22233810,2,1319080
22235022,8,1319080
22242295,8,1319080
22243508,2,1319080
22244721,8,1319080
22245933,3,1319080
22247145,6,1319080
22248357,8,1319080
22249569,6,1319080
22250782,5,1323345
22251994,5,1323345
22253206,10,1323345
22254418,6,1323345
22255631,7,1323345
22256843,8,1323345
22258055,7,1323345
22259268,6,1323345
22260480,7,1323345
22261692,7,1321444
22262905,5,1321444
22264117,9,1321444
22265329,7,1321444
22266542,9,1321444
22267755,9,1321444
22268966,7,1321444
22270179,7,1321444
22271391,5,1321444
22272603,4,1319131
22273816,3,1319131
22275028,7,1319131
22276241,7,1319131
22277453,9,1319131
22278665,5,1319131
22279877,4,1319131
22281090,3,1319131
22282302,7,1319131
22283514,7,1324373
22284727,5,1324373
22285940,7,1324373
22287152,6,1324373
22288364,6,1324373
22289577,5,1324373
22290789,3,1324373
22292001,8,1324373
22293213,10,1324373
22294425,8,1319902
22295638,2,1319336
22296850,5,1319336
22298062,8,1319336
22299274,3,1319336
22300487,1,1319336
22301699,6,1319336
22302911,4,1319336
22304123,3,1319336
22305336,4,1319336
22306548,7,1318360
22307760,5,1318360
22308972,3,1318360
22310185,1,1318360
22311397,4,1318360
22312610,5,1318360
22313822,3,1318360
22315034,5,1318360
22316247,8,1318360
22317459,5,1318360
22318671,9,1318360
22327157,9,1318360
22328370,4,1323037
22329582,4,1323037
22330794,4,1323037
22332006,4,1323037
22333219,5,1323037
22334431,5,1323037
22335643,5,1323037
22336855,4,1323037
22338067,4,1323037
22339280,3,1319080
22340492,2,1319080
22341704,4,1319080
22342916,4,1319080
22344129,3,1319080
22345341,3,1319080
22346554,5,1319080
22347766,5,1319080
22348979,3,1319080
22350190,4,1319135
22351403,4,1320159
22352615,4,1320159
22353827,3,1320159
22355040,2,1320159
22356251,9,1320159
22357464,3,1320159
22358676,3,1320159
22359888,2,1320159
22361101,2,1320112
22362313,5,1321392
22363525,4,1321392
22364738,4,1321392
22365950,4,1321392
22367162,5,1321392
22368374,5,1321392
22369587,3,1321392
22370799,-1,1321392
22372011,3,1321392
22373223,4,1321392
22374436,6,1321392
22375648,6,1321392
22376861,6,1321392
22378073,7,1321392
22379285,8,1321392
22380497,5,1321392
22381709,5,1322266
22382922,3,1322266
22384134,6,1322266
22385347,7,1322266
22386559,7,1322266
22387771,5,1322266
22388984,6,1322266
22390196,5,1322266
22391407,4,1322266
22392620,8,1322266
22393832,8,1322523
22395045,4,1322523
22396256,7,1322523
22397469,7,1322523
22398681,8,1322523
22399894,6,1322523
22401106,8,1322523
22402318,6,1322523
22403530,4,1322523
22410804,5,1322523
22412016,6,1322523
22413229,7,1322523
22414441,6,1322523
22415653,6,1318000
22416865,3,1318000
22418078,5,1318000
22419290,8,1318000
22420502,9,1318000
22421716,9,1318000
22422928,9,1318000
22424139,6,1318000
22425352,3,1318000
22426564,5,1317949
22427776,5,1317949
22428989,7,1317949
22430201,4,1317949
22431413,4,1317949
22432625,8,1317949
22433838,7,1317949
22435050,8,1317949
22436262,7,1317949
22437474,3,1319285
22438687,6,1319285
22439899,6,1319285
22441111,8,1319285
22442323,8,1319285
22443536,5,1319285
22444748,10,1319285
22445960,7,1319285
22447173,8,1319285
22448385,5,1321187
22449597,6,1321187
22450810,3,1321187
22452022,6,1321187
22453235,7,1321187
22454446,7,1321187
22455659,8,1321187
22456872,10,1321187
22458083,5,1321187
22459296,6,1322317
22460508,3,1322317
22461721,6,1322317
22462933,6,1322317
22464145,8,1322317
22465357,8,1322317
22466570,6,1322317
22467782,3,1322317
22468994,7,1322317
22470207,7,1321701
22471419,5,1321701
22472632,8,1321701
22473843,3,1321701
22475056,6,1321701
22476269,6,1321701
22477480,5,1321701
22478693,5,1321701
22479905,7,1321701
22481117,7,1322574
22482330,4,1320313
22483542,5,1320313
22484754,8,1320313
22485966,5,1320313
22487178,6,1320313
22495664,3,1320313
22496877,7,1320313
22498089,4,1320313
22499301,7,1320313
22500513,7,1320313
22501726,8,1320313
22502938,4,1318412
22504150,4,1319645
22505362,4,1319645
22506575,5,1319645
22507787,1,1319645
22509000,3,1319645
22510212,3,1319645
22511425,3,1319645
22512637,3,1319645
22513850,4,1319645
22515062,6,1315071
22516275,2,1315071
22517487,1,1315071
22518700,3,1315071
22519912,2,1315071
22521125,5,1315071
22522338,4,1315071
22523550,6,1315071
22524763,4,1315071
22525974,5,1315071
22527187,5,1315071
22528399,4,1315071
22529612,4,1315071
22530824,5,1315071
22532037,5,1315071
22533249,10,1315071
22534462,5,1315071
22535674,3,1315071
22536887,5,1314893
22538099,2,1322317
22539312,1,1322317
22540524,4,1322317
22541737,5,1322317
22542950,5,1322317
22544162,4,1322317
22545375,4,1322317
22546588,3,1322317
22547801,2,1322420
22549012,4,1322420
22550225,6,1322420
22551437,5,1322420
22552650,4,1322420
22553863,3,1322420
22555075,7,1322420
22556287,4,1322420
22557500,4,1322420
22558712,5,1322420
22559925,4,1322420
22561137,9,1322420
22562350,6,1322420
22563563,8,1322420
22564775,8,1322420
22565988,7,1322420
22567200,8,1322420
22568413,8,1319182
22569625,2,1319182
22570837,3,1319182
22572050,8,1319182
22579325,2,1319182
22580537,6,1322471
22581750,7,1322471
22582963,9,1322471
22584175,5,1322471
22585388,9,1322471
22586600,5,1322471
22587812,5,1322471
22589025,7,1322471
22590237,5,1322471
22591450,9,1318514
22592663,4,1318514
22593875,7,1318514
22595087,8,1318514
22596300,8,1318514
22597513,5,1318514
22598725,9,1318514
22599938,6,1318514
22601150,9,1318514
22602362,8,1322009
22603576,4,1322009
22604788,5,1322009
22606000,7,1322009
22607213,6,1322009
22608426,6,1322009
22609638,6,1322009
22610850,8,1322009
22612063,7,1322009
22613275,6,1318874
22614488,4,1318874
22615701,7,1318874
22616915,5,1318874
22618126,7,1318874
22619338,4,1318874
22620550,11,1318874
22621764,6,1318874
22622976,5,1318874
22624188,4,1318566
22625401,2,1318566
22626614,7,1318566
22627827,7,1318566
22629038,7,1318566
22630251,5,1318566
22631464,5,1318566
22632676,8,1318566
22633889,8,1318566
22635101,8,1319594
22636314,4,1319594
22637527,8,1319594
22638739,4,1319594
22639952,6,1319594
22641164,7,1319594
22642377,8,1319594
22643589,7,1319594
22644801,5,1319594
22646015,5,1319336
22647227,4,1319336
22648440,9,1319336
22649652,8,1319336
22650865,10,1319336
22652077,6,1319336
22653290,8,1319336
22654502,7,1319336
22655715,6,1319336
22664202,9,1319336
22665415,7,1319336
22666627,8,1319336
22667840,7,1319491
22669053,5,1323191
22670265,5,1323191
22671478,6,1323191
22672691,4,1323191
22673902,4,1323191
22675115,3,1323191
22676327,4,1323191
22677540,4,1323191
22678752,10,1323191
22679965,6,1320930
22681177,4,1320930
22682389,5,1320930
22683602,7,1320930
22684814,3,1320930
22686026,2,1320930
22687239,5,1320930
22688452,5,1320930
22689664,4,1320930
22690876,3,1320930
22692089,4,1320930
22693301,6,1320930
22694513,4,1320930
22695726,3,1320930
22696938,6,1320930
22698151,5,1320930
22699364,5,1320930
22700576,2,1320930
22701788,4,1320159
22703001,4,1320159
22704213,5,1320159
22705426,4,1320159
22706639,4,1320159
22707850,3,1320159
22709064,5,1320159
22710275,5,1320159
22711488,3,1320159
22712700,4,1320005
22713915,5,1320005
22715126,5,1320005
22716339,3,1320005
22717551,6,1320005
22718763,5,1320005
22719975,3,1320005
22721188,5,1320005
22722400,6,1320005
22723613,5,1320052
22724825,2,1319028
22726038,6,1319028
22727251,6,1319028
22728463,3,1319028
22729675,3,1319028
22730888,5,1319028
22732101,2,1319028
22733313,0,1319028
22734526,4,1319077
22735738,4,1318309
22736950,4,1318309
22738163,3,1318309
22739375,4,1318309
22740588,6,1318309
22749075,4,1318309
22750288,5,1318309
22751500,8,1318309
22752712,7,1318309
22753925,4,1318309
22755137,7,1323705
22756349,3,1323705
22757562,5,1323705
22758774,7,1323705
22759987,6,1323705
22761200,7,1323705
22762413,4,1323705
22763624,7,1323705
22764837,10,1323705
22766050,8,1323705
22767262,7,1317435
22768474,2,1317435
22769687,5,1317435
22770900,7,1317435
22772112,7,1317435
22773324,7,1317435
22774537,6,1317435
22775750,10,1317435
22776962,7,1317435
22778174,5,1319234
22779387,2,1319234
22780600,8,1319234
22781812,6,1319234
22783024,4,1319234
22784237,8,1319234
22785449,12,1319234
22786662,5,1319234
22787875,9,1319234
22789088,5,1317281
22790299,3,1317281
22791512,7,1317281
22792724,5,1317281
22793937,8,1317281
22795150,7,1317281
22796362,4,1317281
22797574,5,1317281
22798788,4,1317281
22800000,6,1321957
22801212,3,1321957
22802425,7,1321957
22803637,7,1321957
22804850,7,1321957
22806062,6,1321957
22807275,8,1321957
22808487,7,1321957
22809701,7,1321957
22810912,5,1322420
22812125,3,1322420
22813338,7,1322420
22814550,5,1322420
22815763,6,1322420
22816975,9,1322420
22818189,7,1322420
22819401,6,1322420
22820613,5,1322420
22821826,8,1316921
22823038,6,1316921
22824251,7,1316921
22825463,3,1316921
22832739,7,1318514
22833952,2,1318514
22835165,5,1318514
22836377,7,1318514
22837589,9,1318514
22838802,5,1318514
22840014,4,1318514
22841227,7,1318514
22842440,9,1318514
22843652,6,1320776
22844865,3,1320776
22846077,5,1320776
22847290,7,1320776
22848503,5,1320776
22849715,8,1320776
22850928,8,1320776
22852141,3,1320776
22853352,6,1320776
22854565,7,1320827
22855778,4,1319234
22856990,5,1319234
22858203,5,1319234
22859415,3,1319234
22860628,3,1319234
22861841,5,1319234
22863053,8,1319234
22864265,5,1319234
22865478,5,1319234
22866690,4,1325401
22867903,5,1325401
22869115,4,1325401
22870328,3,1325401
22871541,8,1325401
22872753,9,1325401
22873966,3,1325401
22875178,2,1325401
22876391,4,1325401
22877603,5,1322574
22878816,4,1322574
22880029,3,1322574
22881241,5,1322574
22882454,5,1322574
22883666,1,1322574
22884878,6,1322574
22886092,4,1322574
22887304,4,1322574
22888516,4,1323551
22889729,4,1323551
22890942,4,1323551
22892154,3,1323551
22893367,4,1323551
22894579,9,1323551
22895791,3,1323551
22897004,5,1323551
22898217,3,1323551
22899430,5,1317949
22900642,4,1317949
22901855,3,1317949
22903067,4,1317949
22904279,5,1317949
22905492,3,1317949
22906704,4,1317949
22907917,4,1317949
22909130,7,1317949
22917618,2,1317949
22918831,7,1317949
22920043,7,1319594
22921255,4,1319588
22922468,3,1318052
22923680,5,1318052
22924893,5,1318052
22926106,5,1318052
22927318,5,1318052
22928531,3,1318052
22929743,5,1318052
22930956,4,1318052
22932168,4,1318052
22933381,3,1318052
22934594,5,1318052
22935807,4,1318052
22937019,5,1318052
22938232,8,1318052
22939445,10,1318052
22940657,6,1318052
22941870,4,1317024
22943082,4,1317024
22944294,4,1317024
22945507,5,1317024
22946720,3,1317024
22947933,4,1317024
22949145,5,1317024
22950358,7,1317024
22951570,5,1317024
22952783,6,1317024
22953996,4,1318977
22955208,4,1318977
22956420,8,1318977
22957633,7,1318977
22958845,5,1318977
22960059,9,1318977
22961270,6,1318977
22962483,4,1318977
22963695,8,1318977
22964908,7,1319645
22966121,4,1319645
22967333,6,1319645
22968546,5,1319645
22969759,9,1319645
22970970,2,1319645
22972183,10,1319645
22973396,6,1319645
22974608,6,1319645
22975821,8,1320570
22977033,4,1320570
22978246,4,1320570
22979459,8,1320570
22980671,5,1320570
22981884,6,1320570
22983097,8,1320570
22984309,4,1320570
22985522,6,1320570
22986734,5,1321547
22987946,4,1321547
22989159,8,1321547
22990372,5,1321547
22991584,4,1321547
22992796,4,1321547
22994009,3,1321547
23001284,10,1321547
23002497,6,1321547
23003709,7,1321547
23004922,6,1321547
23006135,8,1321547
23007347,9,1321547
23008560,9,1317487
23009772,5,1317487
23010985,6,1317487
23012197,7,1317487
23013410,4,1317487
23014623,7,1317487
23015836,7,1317487
23017048,9,1317487
23018261,6,1317487
23019473,8,1320313
23020686,5,1320313
23021898,9,1320313
23023110,8,1320313
23024323,7,1320313
23025536,6,1320313
23026749,9,1320313
23027961,8,1320313
23029174,7,1320313
23030386,6,1317332
23031598,3,1317332
23032811,5,1317332
23034023,6,1317332
23035236,7,1317332
23036448,9,1317332
23037660,7,1317332
23038873,5,1317332
23040086,5,1317332
23041298,7,1318360
23042510,5,1320467
23043723,4,1320467
23044935,4,1320467
23046148,4,1320467
23047361,3,1320467
23048573,4,1320467
23049785,4,1320467
23050997,4,1320467
23052210,7,1320467
23053422,6,1321495
23054635,6,1321495
23055848,5,1321495
23057060,4,1321495
23058272,6,1321495
23059485,5,1321495
23060697,2,1321495
23061909,2,1321495
23063122,1,1321495
23064334,6,1318771
23065547,7,1318771
23066759,6,1318771
23067972,3,1318771
23069184,4,1318771
23070397,4,1318771
23071609,3,1318771
23072821,5,1318771
23074034,6,1318771
23075247,7,1321957
23076459,4,1321957
23077672,9,1321957
23086158,8,1323808
23087372,3,1323808
23088584,4,1323808
23089797,3,1323808
23091008,2,1323808
23092221,4,1323808
23093434,4,1323808
23094646,3,1323808
23095858,6,1323808
23097071,5,1323946
23098283,4,1319850
23099495,3,1319850
23100708,4,1319850
23101921,5,1319850
23103132,3,1319850
23104345,2,1319850
23105558,3,1319850
23106770,3,1319850
23107982,4,1319686
23109194,5,1316870
23110407,5,1316870
23111619,6,1316870
23112832,4,1316870
23114045,5,1316870
23115257,3,1316870
23116469,3,1316870
23117681,5,1316870
23118894,4,1316921
23120106,3,1316921
23121319,3,1316921
23122531,5,1316921
23123743,6,1316921
23124957,4,1316921
23126169,5,1316921
23127381,4,1316921
23128594,4,1316921
23129806,5,1316921
23131018,5,1316921
23132231,6,1316921
23133444,10,1316921
23134656,5,1316921
23135869,8,1316921
23137081,6,1316921
23138294,6,1316921
23139506,7,1316921
23140719,7,1321238
23141931,3,1321238
23143143,7,1321238
23144356,4,1321238
23145568,10,1321238
23146780,7,1321238
23147993,6,1321238
23149205,4,1321238
23150418,7,1321238
23151630,6,1322112
23152843,5,1322112
23154055,9,1322112
23155268,6,1322112
23156480,6,1322112
23157692,5,1322112
23158905,6,1322112
23160117,7,1322112
23161330,6,1322112
23162542,5,1322112
23169817,4,1322112
23171030,8,1322112
23172242,8,1322112
23173455,10,1318823
23174667,5,1318823
23175880,7,1318823
23177092,6,1318823
23178305,4,1318823
23179516,5,1318823
23180729,8,1318823
23181942,4,1318823
23183154,6,1318823
23184366,5,1318103
23185579,3,1318103
23186792,5,1318103
23188004,7,1318103
23189217,10,1318103
23190429,5,1318103
23191641,5,1318103
23192854,4,1318103
23194066,5,1318103
23195279,7,1323088
23196491,4,1323088
23197704,5,1323088
23198916,6,1323088
23200129,8,1323088
23201341,9,1323088
23202553,8,1323088
23203766,6,1323088
23204978,6,1323088
23206191,6,1320313
23207403,3,1320313
23208616,10,1320313
23209829,8,1320313
23211041,5,1320313
23212253,7,1320313
23213465,4,1320313
23214678,6,1320313
23215890,10,1320313
23217103,5,1325144
23218315,5,1325144
23219528,7,1325144
23220741,7,1325144
23221953,4,1325144
23223165,7,1325144
23224378,10,1325144
23225590,6,1325144
23226803,6,1325144
23228016,9,1320210
23229227,6,1320210
23230440,8,1320210
23231652,7,1320210
23232865,7,1320210
23234077,5,1320210
23235290,7,1320210
23236502,5,1320210
23237715,4,1320210
23238927,8,1321444
23240140,6,1320416
23241352,3,1320416
23242564,2,1320416
23243776,4,1320416
23244989,6,1320416
23246202,6,1320416
23254688,13,1320416
23255901,7,1320416
23257113,7,1320416
23258325,5,1320416
23259537,9,1320416
23260751,9,1316099
23261962,5,1319953
23263175,4,1319953
23264387,4,1319953
23265599,2,1319953
23266812,4,1319953
23268024,5,1319953
23269236,2,1319953
23270449,7,1319953
23271661,-1,1319953
23272874,3,1315174
23274086,4,1315174
23275299,4,1315174
23276511,3,1315174
23277723,5,1315174
23278936,4,1315174
23280149,4,1315174
23281361,6,1315174
23282573,3,1315174
23283785,3,1315174
23284998,3,1315174
23286211,2,1315174
23287423,3,1315174
23288635,3,1315174
23289847,3,1315174
23291060,4,1315174
23292272,4,1315174
23293485,2,1315174
23294697,3,1315237
23295909,4,1318309
23297122,3,1318309
23298334,2,1318309
23299547,7,1318309
23300759,4,1318309
23301972,6,1318309
23303184,5,1318309
23304396,6,1318309
23305609,4,1318177
23306821,4,1324065
23308034,4,1324065
23309246,7,1324065
23310459,3,1324065
23311671,4,1324065
23312884,6,1324065
23314097,4,1324065
23315309,4,1324065
23316522,5,1324065
23317734,5,1324065
23318946,7,1324065
23320159,6,1324065
23321371,7,1324065
23322584,7,1324065
23323796,4,1324065
23325009,7,1324065
23326221,5,1319491
23327434,4,1319491
23328646,3,1319491
23329860,7,1319491
23331071,8,1320724
23338346,1,1320724
23339559,2,1320724
23340772,14,1320724
23341984,4,1320724
23343196,2,1320724
23344409,4,1320724
23345622,4,1320724
23346834,5,1320724
23348046,6,1320724
23349259,5,1320724
23350471,3,1320724
23351683,6,1320724
23352897,9,1320724
23354108,6,1320724
23355321,7,1320724
23356533,6,1320724
23357746,9,1320724
23358958,5,1320724
23360171,7,1316510
23361383,5,1316510
23362596,11,1316510
23363809,12,1316510
23365021,9,1316510
23366233,4,1316510
23367446,5,1316510
23368658,6,1316510
23369872,4,1316510
23371084,6,1318771
23372296,6,1318771
23373508,7,1318771
23374721,10,1318771
23375934,7,1318771
23377146,5,1318771
23378358,4,1318771
23379571,2,1318771
23380784,3,1318771
23381996,5,1321855
23383208,4,1321855
23384421,9,1321855
23385633,7,1321855
23386846,6,1321855
23388058,8,1321855
23389270,5,1321855
23390482,5,1321855
23391696,7,1321855
23392908,7,1320930
23394121,4,1320930
23395333,8,1320930
23396545,7,1320930
23397757,8,1320930
23398970,6,1320930
23400182,5,1320930
23401394,6,1320930
23402607,6,1320930
23403819,6,1317435
23405031,6,1317435
23406244,6,1317435
23407456,6,1317435
23408669,8,1317435
23409881,4,1317435
23411094,5,1317435
23412306,7,1317435
23413519,5,1317435
23414731,4,1317435
23423218,5,1317435
23424430,6,1317435
23425642,6,1321495
23426855,3,1323345
23428068,7,1323345
23429279,4,1323345
23430492,2,1323345
23431704,4,1323345
23432917,5,1323345
23434129,6,1323345
23435342,4,1323345
23436554,6,1323345
23437766,5,1319336
23438980,4,1319336
23440192,6,1319336
23441404,4,1319336
23442617,3,1319336
23443828,0,1319336
23445041,4,1319336
23446253,8,1319336
23447466,5,1319336
23448678,2,1318155
23449890,3,1318155
23451104,4,1318155
23452315,5,1318155
23453528,4,1318155
23454741,5,1318155
23455953,4,1318155
23457165,4,1318155
23458377,5,1318155
23459590,5,1320262
23460803,4,1320262
23462016,3,1320262
23463227,3,1320262
23464440,5,1320262
23465652,3,1320262
23466864,4,1320262
23468077,4,1320262
23469289,5,1320262
23470501,4,1320262
23471714,4,1320262
23472926,3,1320262
23474138,3,1320262
23475351,3,1320262
23476564,4,1320262
23477776,5,1320262
23478988,5,1320262
23480200,5,1320262
23481413,5,1320406
23482626,5,1317846
23483838,3,1317846
23485051,5,1317846
23486262,3,1317846
23487475,3,1317846
23488688,4,1317846
23489900,5,1317846
23491113,4,1317846
23492324,4,1317786
23493537,5,1315482
23494749,6,1315482
23495962,5,1315482
23497174,4,1315482
23498387,5,1315482
23499599,3,1315482
23508086,5,1315482
23509299,6,1315482
23510511,7,1315482
23511724,9,1315482
23512936,5,1319491
23514149,5,1319491
23515361,4,1319491
23516574,8,1319491
23517786,4,1319491
23518998,8,1319491
23520210,8,1319491
23521422,7,1319491
23522635,6,1319491
23523848,9,1319491
23525059,8,1317024
23526272,3,1317024
23527484,6,1317024
23528697,6,1317024
23529909,7,1317024
23531121,5,1317024
23532334,8,1317024
23533546,5,1317024
23534759,10,1317024
23535971,6,1322009
23537184,5,1322009
23538395,7,1322009
23539608,10,1322009
23540820,8,1322009
23542033,8,1322009
23543245,8,1322009
23544457,7,1322009
23545670,6,1322009
23546883,6,1321392
23548095,6,1321392
23549308,6,1321392
23550520,6,1321392
23551732,5,1321392
23552945,5,1321392
23554157,6,1321392
23555369,6,1321392
23556582,5,1321392
23557794,5,1320776
23559006,4,1320776
23560220,6,1320776
23561431,6,1320776
23562643,8,1320776
23563856,9,1320776
23565069,5,1320776
23566281,7,1320776
23567493,7,1320776
23568706,6,1316716
23569918,7,1316716
23571130,8,1316716
23572343,8,1316716
23573556,5,1316716
23574768,3,1316716
23575980,6,1316716
23577193,6,1316716
23578405,7,1316716
23579618,9,1317846
23580830,4,1317846
23582042,7,1317846
23583254,9,1317846
23584467,6,1319336
23591741,14,1319336
23592954,11,1319336
23594166,7,1319336
23595379,7,1319336
23596591,5,1319336
23597804,5,1319336
23599017,9,1319336
23600229,8,1319336
23601442,7,1319336
23602653,6,1319336
23603866,5,1319336
23605078,4,1319336
23606290,5,1319336
23607503,5,1319336
23608716,6,1319336
23609928,4,1319336
23611141,4,1319336
23612353,9,1321752
23613566,5,1319388
23614778,5,1319388
23615990,4,1319388
23617203,2,1319388
23618415,3,1319388
23619628,5,1319388
23620840,4,1319388
23622052,5,1319388
23623264,2,1319388
23624477,2,1319080
23625689,4,1319080
23626902,5,1319080
23628114,4,1319080
23629327,4,1319080
23630540,4,1319080
23631752,6,1319080
23632965,6,1319080
23634177,6,1319080
23635389,6,1315379
23636601,5,1315379
23637815,3,1315379
23639027,4,1315379
23640239,5,1315379
23641452,5,1315379
23642664,5,1315379
23643876,5,1315379
23645089,2,1315379
23646301,3,1319953
23647514,5,1319953
23648727,6,1319953
23649939,6,1319953
23651151,5,1319953
23652364,3,1319953
23653577,3,1319953
23654789,5,1319953
23656002,4,1319953
23657213,4,1320416
23658427,2,1320416
23659638,1,1320416
23660851,4,1320416
23662063,5,1320416
23663276,3,1320416
23664489,4,1320416
23665702,3,1320416
23666915,4,1320416
23668126,5,1320416
23676613,2,1320416
23677825,7,1316407
23679038,4,1316363
23680250,5,1318155
23681463,4,1318155
23682675,3,1318155
23683887,6,1318155
23685100,5,1318155
23686312,4,1318155
23687525,1,1318155
23688737,5,1318155
23689950,3,1318155
23691162,5,1318155
23692376,7,1318155
23693588,5,1318155
23694799,4,1318155
23696012,6,1318155
23697225,6,1318155
23698437,7,1318155
23699649,7,1318206
23700862,5,1318206
23702074,3,1318206
23703286,2,1318206
23704499,4,1318206
23705712,8,1318206
23706924,9,1318206
23708137,8,1318206
23709349,7,1318206
23710562,7,1318206
23711774,6,1316818
23712986,6,1316818
23714198,8,1316818
23715412,6,1316818
23716624,7,1316818
23717835,3,1316818
23719048,7,1316818
23720261,10,1316818
23721473,4,1316818
23722686,8,1319234
23723897,2,1319234
23725110,6,1319234
23726322,6,1319234
23727535,6,1319234
23728747,12,1319234
23729959,5,1319234
23731172,6,1319234
23732385,3,1319234
23733597,8,1320776
23734809,5,1320776
23736022,9,1320776
23737234,6,1320776
23738446,7,1320776
23739659,6,1320776
23740872,7,1320776
23742084,5,1320776
23743297,8,1320776
23744508,6,1320519
23745721,5,1320519
23746933,8,1320519
23748146,7,1320519
23749358,8,1320519
23750571,5,1320519
23751783,4,1320519
23752995,8,1320519
23760269,10,1320519
23761481,3,1320519
23762695,7,1320519
23763907,7,1320519
23765119,6,1320519
23766331,6,1319439
23767544,3,1319439
23768756,8,1319439
23769968,7,1319439
23771181,7,1319439
23772393,7,1319439
23773605,7,1319439
23774818,7,1319439
23776030,6,1319439
23777242,4,1324270
23778455,5,1324270
23779667,6,1324270
23780880,9,1324270
23782093,7,1324270
23783304,6,1324270
23784517,5,1324270
23785729,6,1324270
23786942,8,1324270
23788154,6,1314300
23789367,4,1314300
23790579,6,1314300
23791791,5,1314300
23793003,5,1314300
23794216,5,1314300
23795428,7,1314300
23796641,5,1314300
23797854,7,1314300
23799066,8,1319645
23800278,5,1315893
23801490,3,1315893
23802703,7,1315893
23803915,2,1315893
23805128,4,1315893
23806340,3,1315893
23807553,5,1315893
23808765,8,1315893
23809977,5,1315893
23811190,4,1319850
23812402,4,1319850
23813614,3,1319850
23814827,5,1319850
23816040,3,1319850
23817252,6,1319850
23818465,3,1319850
23819676,4,1319850
23820889,6,1319850
23822101,4,1320005
23823314,4,1320005
23824526,2,1320005
23825739,4,1320005
23826952,3,1320005
23828164,2,1320005
23829376,3,1320005
23830588,3,1320005
23831801,3,1320005
23833014,3,1317898
23834226,4,1317898
23835439,5,1317898
23836651,5,1321135
23845138,2,1321135
23846351,3,1321135
23847563,3,1321135
23848776,3,1321135
23849988,4,1321135
23851200,5,1321135
23852413,6,1321135
23853625,4,1321135
23854838,3,1321171
23856050,5,1317075
23857262,3,1317075
23858474,3,1317075
23859688,3,1317075
23860900,3,1317075
23862112,4,1317075
23863324,4,1317075
23864537,4,1317075
23865749,7,1317086
23866962,5,1319902
23868174,5,1319902
23869386,2,1319902
23870599,4,1319902
23871812,4,1319902
23873023,5,1319902
23874235,4,1319902
23875448,6,1319902
23876660,4,1319902
23877873,6,1319902
23879085,8,1319902
23880298,7,1319902
23881510,6,1319902
23882723,5,1319902
23883935,3,1319902
23885147,5,1319902
23886359,8,1317332
23887572,4,1317332
23888784,5,1317332
23889997,5,1317332
23891209,7,1317332
23892421,5,1317332
23893634,6,1317332
23894846,7,1317332
23896059,9,1317332
23897271,6,1317332
23898484,2,1321084
23899696,5,1321084
23900909,7,1321084
23902121,8,1321084
23903333,9,1321084
23904546,6,1321084
23905758,8,1321084
23906970,5,1321084
23908184,8,1321084
23909396,6,1317641
23910608,5,1317641
23911820,8,1317641
23913033,9,1317641
23914245,5,1317641
23915458,4,1317641
23916669,10,1317641
23917883,6,1317641
23919094,8,1317641
23920307,7,1318668
23921519,2,1318668
23930006,8,1318668
23931218,9,1318566
23932431,5,1318566
23933644,7,1318566
23934856,6,1318566
23936068,6,1318566
23937281,6,1318566
23938493,6,1318566
23939706,3,1318566
23940918,7,1318566
23942131,8,1322626
23943342,5,1322626
23944555,6,1322626
23945768,6,1322626
23946980,8,1322626
23948192,9,1322626
23949405,6,1322626
23950617,6,1322626
23951830,5,1322626
23953042,6,1319748
23954254,7,1319748
23955467,4,1319748
23956679,4,1319748
23957892,5,1319748
23959104,6,1319748
23960317,8,1319748
23961528,7,1319748
23962741,7,1319748
23963954,7,1319336
23965166,6,1319336
23966378,9,1319336
23967591,7,1319336
23968803,7,1319336
23970015,6,1319336
23971228,4,1319336
23972440,9,1319336
23973652,5,1319336
23974865,6,1320005
23976078,5,1320005
23977290,6,1320005
23978502,7,1320005
23979714,5,1320005
23980926,7,1320005
23982139,8,1320005
23983352,6,1320005
23984564,6,1320005
23985777,6,1317178
23986988,5,1318720
23988201,7,1318720
23989413,4,1318720
23990626,4,1318720
23991839,4,1318720
23993050,5,1318720
23994262,4,1318720
23995475,4,1318720
23996688,5,1318720
23997900,4,1319131
23999112,4,1319131
24000325,5,1319131
24001536,3,1319131
24002749,10,1319131
24003961,6,1319131
24005173,7,1319131
24006386,6,1319131
24014872,7,1319131
24016084,5,1319131
24017297,6,1319131
24018509,6,1320159
24019722,5,1317795
24020934,3,1317795
24022146,4,1317795
24023359,3,1317795
24024571,4,1317795
24025783,5,1317795
24026995,3,1317795
24028208,4,1317795
24029421,4,1317795
24030633,4,1320365
24031845,4,1320365
24033058,6,1320365
24034270,5,1320365
24035483,4,1320365
24036695,2,1320365
24037907,4,1320365
24039120,3,1320365
24040332,4,1320365
24041544,4,1320255
24042756,5,1318463
24043969,3,1318463
24045181,4,1318463
24046394,5,1318463
24047606,4,1318463
24048818,4,1318463
24050030,1,1318463
24051243,4,1318463
24052455,5,1318617
24053668,5,1318617
24054880,4,1318617
24056093,3,1318617
24057306,2,1318617
24058517,4,1318617
24059730,6,1318617
24060942,4,1318617
24062154,5,1318617
24063368,3,1318617
24064580,5,1318617
24065792,4,1318617
24067004,8,1318617
24068217,8,1318617
24069429,8,1318617
24070641,7,1318617
24071853,7,1318617
24073067,8,1321084
24074278,5,1321084
24075491,4,1321084
24076703,6,1321084
24077915,7,1321084
24079128,5,1321084
24080341,5,1321084
24081553,7,1321084
24082765,7,1321084
24083977,8,1321084
24085190,9,1318412
24086402,3,1318412
24087614,8,1318412
24088826,6,1318412
24090039,6,1318412
24091251,4,1318412
24098526,13,1318412
24099738,6,1318412
24100950,7,1318412
24102162,7,1318412
24103375,8,1318412
24104587,9,1318412
24105799,5,1318412
24107012,7,1317692
24108224,3,1317692
24109437,4,1317692
24110649,10,1317692
24111861,7,1317692
24113074,6,1317692
24114286,3,1317692
24115498,6,1317692
24116711,8,1317692
24117923,5,1319748
24119136,4,1319748
24120348,8,1319748
24121560,6,1319748
24122773,6,1319748
24123985,6,1319748
24125197,10,1319748
24126410,8,1319748
24127623,8,1319748
24128835,4,1319850
24130047,4,1319850
24131260,3,1319850
24132472,7,1319850
24133684,10,1319850
24134897,6,1319850
24136109,6,1319850
24137321,5,1319850
24138533,4,1319850
24139746,8,1319388
24140958,6,1319388
24142170,6,1319388
24143383,7,1319388
24144596,7,1319388
24145807,7,1319388
24147020,8,1319388
24148233,6,1319388
24149444,9,1319388
24150657,4,1321289
24151869,3,1321289
24153082,5,1321289
24154294,7,1321289
24155506,8,1321289
24156719,6,1321289
24157931,5,1321289
24159143,7,1321289
24160356,6,1321289
24161568,7,1320879
24162781,5,1320879
24163993,7,1320879
24165205,6,1320879
24166418,5,1320879
24167630,9,1320879
24168842,10,1320879
24170055,8,1320879
24171268,8,1320879
24172479,5,1321701
24173692,5,1317949
24174904,7,1317949
24182191,9,1317949
24183391,8,1317949
24184604,17,1317949
24185816,8,1317949
24187029,8,1317949
24188241,5,1317949
24189453,5,1317949
24190665,9,1317949
24191878,7,1317949
24193090,6,1317949
24194303,7,1319696
24195515,3,1318412
24196727,4,1318412
24197940,6,1318412
24199153,5,1318412
24200364,4,1318412
24201578,5,1318412
24202789,3,1318412
24204002,4,1318412
24205214,6,1318412
24206427,6,1322266
24207639,5,1322266
24208852,4,1322266
24210064,4,1322266
24211277,4,1322266
24212488,3,1322266
24213702,5,1322266
24214915,6,1322266
24216126,4,1322266
24217338,5,1313786
24218552,5,1313786
24219763,4,1313786
24220975,4,1313786
24222188,4,1313786
24223400,2,1313786
24224612,5,1313786
24225825,2,1313786
24227038,6,1313786
24228250,10,1313750
24229462,3,1317590
24230675,2,1317590
24231887,4,1317590
24233100,1,1317590
24234312,3,1317590
24235525,3,1317590
24236736,4,1317590
24237949,4,1317590
24239161,8,1317599
24240374,6,1320159
24241586,6,1320159
24242799,0,1320159
24244011,3,1320159
24245223,3,1320159
24246436,4,1320159
24247648,2,1320159
24248861,3,1320159
24250073,4,1320159
24251285,4,1320159
24252498,4,1320159
24253710,7,1320159
24254922,5,1320159
24256135,7,1320159
24257348,7,1320159
24258560,7,1320159
24265835,6,1320159
24267047,5,1320159
24268259,7,1320159
24269472,5,1320159
24270684,7,1320159
24271897,7,1318103
24273109,2,1318103
24274321,8,1318103
24275534,4,1318103
24276747,9,1318103
24277959,6,1318103
24279171,10,1318103
24280383,10,1318103
24281596,6,1318103
24282808,4,1318874
24284021,3,1318874
24285234,4,1318874
24286446,8,1318874
24287658,6,1318874
24288871,6,1318874
24290084,5,1318874
24291296,7,1318874
24292508,5,1318874
24293721,10,1322112
24294933,5,1322112
24296146,5,1322112
24297358,7,1322112
24298571,7,1322112
24299783,9,1322112
24300996,10,1322112
24302208,7,1322112
24303420,4,1322112
24304632,6,1320108
24305845,4,1320108
24307057,10,1320108
24308270,5,1320108
24309482,7,1320108
24310695,7,1320108
24311908,7,1320108
24313119,7,1320108
24314332,7,1320108
24315544,6,1321238
24316757,4,1321238
24317969,7,1321238
24319181,7,1321238
24320394,6,1321238
24321606,8,1321238
24322818,10,1321238
24324031,7,1321238
24325244,7,1321238
24326456,8,1319645
24327668,2,1319645
24328881,7,1319645
24330093,5,1319645
24331305,7,1319645
24332517,10,1319645
24333730,3,1319645
24334942,7,1319645
24336154,4,1319645
24337366,7,1320262
24338579,4,1320262
24339792,3,1320262
24341004,6,1320262
24342216,6,1320621
24349490,5,1320621
24350703,5,1320621
24351915,6,1320621
24353127,6,1320621
24354341,7,1320621
24355552,7,1320621
24356765,6,1320621
24357978,9,1320621
24359190,7,1323191
24360402,3,1320365
24361615,5,1320365
24362827,1,1320365
24364039,4,1320365
24365252,10,1320365
24366464,3,1320365
24367677,3,1320365
24368889,3,1320365
24370102,3,1320365
24371314,5,1320776
24372526,3,1320776
24373739,4,1320776
24374951,2,1320776
24376164,4,1320776
24377376,6,1320776
24378589,6,1320776
24379801,6,1320776
24381013,6,1320776
24382225,5,1325195
24383438,5,1325195
24384650,4,1325195
24385863,6,1325195
24387076,4,1325195
24388287,6,1325195
24389500,5,1325195
24390712,5,1325195
24391925,2,1325195
24393137,5,1314557
24394350,4,1314557
24395562,5,1314557
24396774,5,1314557
24397988,4,1314557
24399199,5,1314557
24400412,6,1314557
24401625,5,1314557
24402836,5,1314557
24404048,4,1321598
24405261,4,1321598
24406474,1,1321598
24407686,3,1321598
24408898,4,1321598
24410110,4,1321598
24411323,4,1321598
24412535,4,1321598
24413748,9,1321598
24414960,4,1321586
24416173,6,1318258
24417385,4,1318258
24418597,4,1318258
24419810,5,1318258
24421022,4,1318258
24422234,4,1318258
24423448,7,1318258
24424659,5,1318258
24425872,6,1318258
24433191,5,1318258
24434359,6,1318258
24435571,6,1318926
24436783,4,1318926
24437996,7,1318926
24439209,6,1318926
24440421,7,1318926
24441633,7,1318926
24442845,3,1318926
24444058,8,1318926
24445271,4,1318926
24446483,4,1319388
24447696,3,1319388
24448907,4,1319388
24450120,8,1319388
24451333,7,1319388
24452545,8,1319388
24453758,9,1319388
24454969,7,1319388
24456182,6,1319388
24457394,5,1319388
24458607,8,1317590
24459820,4,1317590
24461031,6,1317590
24462244,7,1317590
24463456,7,1317590
24464668,8,1317590
24465881,9,1317590
24467093,6,1317590
24468305,8,1317590
24469519,6,1319594
24470730,6,1319594
24471943,6,1319594
24473155,8,1319594
24474368,9,1319594
24475580,4,1319594
24476793,4,1319594
24478005,7,1319594
24479218,4,1319594
24480429,6,1320416
24481642,5,1320416
24482854,6,1320416
24484066,8,1320416
24485280,5,1320416
24486491,5,1320416
24487703,7,1320416
24488917,7,1320416
24490129,7,1320416
24491341,5,1321701
24492553,6,1321701
24493766,7,1321701
24494978,5,1321701
24496190,8,1321701
24497402,6,1321701
24498615,5,1321701
24499827,8,1321701
24501040,6,1321701
24502252,7,1319285
24503465,5,1319285
24504677,8,1319285
24505890,6,1319285
24507102,6,1319285
24508314,8,1319285
24509526,7,1319285
24516801,4,1319285
24518013,11,1319285
24519226,6,1319285
24520438,6,1319285
24521650,7,1319285
24522863,9,1319285
24524075,7,1319028
24525287,5,1319028
24526500,8,1319028
24527712,6,1319028
24528925,5,1319028
24530137,8,1319028
24531349,11,1319028
24532561,11,1319028
24533774,4,1319028
24534986,6,1320416
24536198,4,1320416
24537411,4,1320416
24538624,7,1320416
24539835,6,1320416
24541047,7,1320416
24542260,6,1320416
24543472,7,1320416
24544685,7,1320416
24545897,9,1319080
24547110,5,1319594
24548322,4,1319594
24549534,6,1319594
24550746,9,1319594
24551959,4,1319594
24553172,6,1319594
24554384,7,1319594
24555596,5,1319594
24556808,4,1319594
24558021,3,1315379
24559233,4,1315379
24560445,6,1315379
24561657,5,1315379
24562871,4,1315379
24564082,3,1315379
24565294,2,1315379
24566507,3,1315379
24567719,4,1315379
24568932,4,1320365
24570144,5,1320365
24571356,5,1320365
24572569,4,1320365
24573781,5,1320365
24574993,4,1320365
24576206,5,1320365
24577418,4,1320365
24578630,4,1320365
24579842,5,1324733
24581054,5,1324733
24582267,4,1324733
24583479,4,1324733
24584692,3,1324733
24585904,4,1324733
24587117,2,1324733
24588328,6,1324733
24589541,6,1324733
24590753,8,1324733
24591965,4,1324733
24593178,7,1324733
24601664,3,1321135
24602877,1,1321135
24604089,4,1321135
24605301,4,1321135
24606514,2,1321135
24607726,3,1321135
24608939,2,1321135
24610150,4,1321135
24611363,7,1321135
24612576,5,1320986
24613788,0,1322266
24615001,3,1322266
24616212,5,1322266
24617426,5,1322266
24618637,5,1322266
24619850,5,1322266
24621062,4,1322266
24622275,3,1322266
24623487,2,1322266
24624699,3,1322266
24625911,8,1322266
24627124,8,1322266
24628337,8,1322266
24629549,7,1322266
24630761,7,1322266
24631974,6,1322266
24633186,9,1320879
24634399,5,1320879
24635611,4,1320879
24636823,4,1320879
24638035,6,1320879
24639248,8,1320879
24640460,5,1320879
24641673,7,1320879
24642885,6,1320879
24644098,5,1320879
24645310,4,1319850
24646523,4,1319850
24647735,8,1319850
24648948,11,1319850
24650160,7,1319850
24651373,4,1319850
24652584,7,1319850
24653797,4,1319850
24655009,6,1319850
24656221,12,1320879
24657434,5,1320879
24658646,8,1320879
24659858,8,1320879
24661072,6,1320879
24662284,6,1320879
24663496,10,1320879
24664708,9,1320879
24665921,7,1320879
24667133,6,1321906
24668345,5,1321906
24669557,10,1321906
24670771,6,1321906
24671982,6,1321906
24673195,8,1321906
24674407,4,1321906
24675620,7,1321906
24676832,9,1321906
24678044,10,1321906
24685318,2,1321906
24686531,3,1321906
24687744,8,1321906
24688955,5,1321803
24690169,4,1321803
24691381,9,1321803
24692593,11,1321803
24693805,5,1321803
24695018,5,1321803
24696230,10,1321803
24697442,6,1321803
24698654,10,1321803
24699866,8,1323037
24701079,4,1323037
24702292,6,1323037
24703504,3,1323037
24704716,6,1323037
24705929,11,1323037
24707140,8,1323037
24708353,7,1323037
24709565,5,1323037
24710777,3,1322215
24711990,4,1322215
24713202,6,1322215
24714414,5,1322215
24715627,5,1322215
24716839,7,1322215
24718051,5,1322215
24719264,4,1322215
24720475,8,1322215
24721688,7,1322060
24722900,3,1322060
24724113,5,1322060
24725325,4,1322060
24726537,7,1322060
24727750,11,1322060
24728962,4,1322060
24730174,4,1322060
24731386,5,1322060
24732599,6,1321341
24733811,4,1318668
24735023,4,1318668
24736235,5,1318668
24737448,4,1318668
24738660,3,1318668
24739873,3,1318668
24741085,5,1318668
24742298,4,1318668
24743510,5,1318668
24744722,6,1321444
24745935,2,1321444
24747148,2,1321444
24748359,4,1321444
24749573,5,1321444
24750784,5,1321444
24751997,5,1321444
24753209,4,1321444
24754421,3,1321444
24755634,5,1318412
24756846,4,1318412
24758059,6,1318412
24759271,3,1318412
24760483,3,1318412
24761696,9,1318412
24770182,8,1318412
24771395,9,1318412
24772608,8,1318412
24773820,5,1318412
24775033,6,1318412
24776245,6,1319542
24777457,8,1318566
24778669,7,1318566
24779881,8,1318566
24781094,1,1318566
24782306,4,1318566
24783519,2,1318566
24784732,3,1318566
24785943,5,1318566
24787156,4,1318566
24788369,5,1318493
24789581,3,1326429
24790793,2,1326429
24792006,3,1326429
24793218,6,1326429
24794431,3,1326429
24795642,4,1326429
24796855,3,1326429
24798068,5,1326429
24799279,3,1326420
24800491,3,1324116
24801704,6,1324116
24802916,5,1324116
24804129,3,1324116
24805341,3,1324116
24806553,9,1324116
24807766,4,1324116
24808978,5,1324116
24810191,4,1324116
24811403,3,1324116
24812615,7,1324116
24813827,6,1324116
24815040,3,1324116
24816253,10,1324116
24817465,4,1324116
24818677,6,1324116
24819890,7,1318258
24821102,5,1318258
24822314,5,1318258
24823526,4,1318258
24824739,5,1318258
24825951,5,1318258
24827164,3,1318258
24828377,7,1318258
24829589,7,1318258
24830801,6,1318258
24832013,5,1320467
24833225,3,1320467
24834439,5,1320467
24835651,8,1320467
24836862,10,1320467
24838075,11,1320467
24839288,6,1320467
24840500,2,1320467
24841712,7,1320467
24842925,6,1321803
24844137,4,1321803
24845349,9,1321803
24846561,7,1322112
24853835,4,1322112
24855048,2,1322112
24856260,5,1322112
24857472,6,1322112
24858684,6,1322112
24859897,7,1322112
24861109,5,1322112
24862321,6,1322112
24863533,4,1322112
24864746,14,1319491
24865958,4,1319491
24867172,8,1319491
24868384,7,1319491
24869596,7,1319491
24870808,5,1319491
24872021,7,1319491
24873233,8,1319491
24874444,9,1319491
24875657,6,1323910
24876869,5,1323910
24878082,7,1323910
24879294,4,1323910
24880507,7,1323910
24881719,7,1323910
24882932,6,1323910
24884143,5,1323910
24885356,6,1323910
24886568,7,1320724
24887780,5,1320724
24888993,8,1320724
24890205,6,1320724
24891417,4,1320724
24892629,8,1320724
24893842,9,1320724
24895054,10,1320724
24896266,7,1320724
24897479,5,1319491
24898692,3,1319491
24899904,4,1319491
24901116,6,1319491
24902329,7,1319491
24903540,7,1319491
24904753,9,1319491
24905965,6,1319491
24907178,6,1319491
24908390,8,1319542
24909603,4,1319542
24910815,8,1319542
24912027,6,1319542
24913240,5,1319542
24914452,11,1319542
24915665,5,1319542
24916877,5,1319542
24918090,4,1319542
24919302,6,1324013
24920514,3,1321444
24921726,5,1321444
24922938,5,1321444
24924152,4,1321444
24925364,6,1321444
24926576,5,1321444
24927788,4,1321444
24929001,4,1321444
24930213,4,1321444
24938699,19,1321444
24939911,7,1321444
24941124,8,1317435
24942336,4,1321855
24943549,5,1321855
24944761,4,1321855
24945973,8,1321855
24947186,4,1321855
24948399,3,1321855
24949610,4,1321855
24950823,4,1321855
24952035,5,1321855
24953247,9,1318977
24954460,4,1318977
24955672,3,1318977
24956885,4,1318977
24958097,4,1318977
24959309,6,1318977
24960522,5,1318977
24961734,5,1318977
24962946,7,1318977
24964158,3,1318977
24965372,2,1318977
24966584,4,1318977
24967797,4,1318977
24969008,5,1318977
24970220,3,1318977
24971433,3,1318977
24972645,3,1318977
24973857,6,1318977
24975070,7,1319085
24976282,3,1320621
24977494,-1,1320621
24978708,3,1320621
24979919,3,1320621
24981131,6,1320621
24982344,4,1320621
24983557,7,1320621
24984769,4,1320621
24985981,3,1320672
24987194,6,1320416
24988405,5,1320416
24989618,5,1320416
24990830,1,1320416
24992042,5,1320416
24993255,3,1320416
24994468,2,1320416
24995679,6,1320416
24996892,5,1320416
24998104,3,1320416
24999317,6,1320416
25000529,3,1320416
25001741,6,1320416
25002954,7,1320416
25004166,10,1320416
25005378,7,1320416
25006590,5,1320416
25007803,4,1321341
25009016,4,1321341
25010228,9,1321341
25011440,7,1321341
25012652,4,1321341
25013864,5,1321341
25015076,7,1321341
25022350,3,1321341
25023564,4,1321341
25024776,6,1321341
25025988,8,1321341
25027200,6,1321341
25028412,5,1321341
25029625,4,1323756
25030836,4,1323756
25032049,8,1323756
25033261,9,1323756
25034473,5,1323756
25035686,5,1323756
25036899,6,1323756
25038111,5,1323756
25039323,7,1323756
25040536,5,1321033
25041747,8,1321033
25042960,6,1321033
25044173,6,1321033
25045385,6,1321033
25046597,9,1321033
25047809,7,1321033
25049022,6,1321033
25050234,4,1321033
25051446,11,1322471
25052659,3,1322471
25053872,6,1322471
25055084,7,1322471
25056296,8,1322471
25057508,7,1322471
25058721,11,1322471
25059933,7,1322471
25061145,8,1322471
25062358,9,1319285
25063570,5,1319285
25064783,4,1319285
25065995,6,1319285
25067208,8,1319285
25068420,5,1319285
25069632,7,1319285
25070844,8,1319285
25072056,7,1319285
25073269,5,1320313
25074482,4,1320313
25075693,6,1320313
25076906,9,1320313
25078119,7,1320313
25079330,7,1320313
25080542,6,1320313
25081755,11,1320313
25082967,7,1320313
25084180,9,1320879
25085392,3,1320879
25086605,3,1320879
25087817,5,1320879
25089030,7,1320879
25090243,9,1320879
25091455,9,1320879
25092667,10,1320879
25093880,7,1320879
25095092,4,1319953
25096304,3,1319953
25097516,10,1319953
25098729,5,1320210
25107216,10,1325144
25108428,5,1325144
25109640,3,1325144
25110852,4,1325144
25112065,5,1325144
25113277,5,1325144
25114490,3,1325144
25115702,2,1325144
25116915,3,1325144
25118126,4,1321495
25119339,5,1321495
25120551,6,1321495
25121763,4,1321495
25122976,4,1321495
25124189,4,1321495
25125401,4,1321495
25126614,6,1321495
25127825,5,1321495
25129038,4,1324527
25130250,7,1324527
25131463,4,1324527
25132675,5,1324527
25133888,4,1324527
25135100,5,1324527
25136312,3,1324527
25137524,2,1324527
25138737,5,1324527
25139950,2,1319645
25141162,5,1319645
25142374,6,1319645
25143586,4,1319645
25144799,4,1319645
25146011,3,1319645
25147223,4,1319645
25148436,4,1319645
25149648,4,1319645
25150861,3,1319640
25152073,2,1318360
25153285,3,1318360
25154497,3,1318360
25155710,7,1318360
25156922,5,1318360
25158135,3,1318360
25159347,3,1318360
25160559,4,1318360
25161771,4,1318208
25162983,7,1318720
25164196,5,1318720
25165409,5,1318720
25166621,4,1318720
25167833,4,1318720
25169046,5,1318720
25170258,9,1318720
25171470,3,1318720
25172683,3,1318661
25173894,5,1316613
25175106,3,1316613
25176319,4,1316613
25177531,5,1316613
25178744,7,1316613
25179957,5,1316613
25181168,4,1316613
25182380,2,1316613
25183593,5,1316613
25192078,6,1316613
25193290,6,1316613
25194503,7,1323602
25195715,4,1323602
25196927,6,1323602
25198140,4,1323602
25199352,7,1323602
25200564,6,1323602
25201777,7,1323602
25202989,4,1323602
25204201,6,1323602
25205413,9,1322009
25206626,5,1322009
25207838,7,1322009
25209050,8,1322009
25210262,6,1322009
25211475,7,1322009
25212687,5,1322009
25213900,7,1322009
25215112,7,1322009
25216324,6,1322471
25217536,6,1322471
25218749,9,1322471
25219961,6,1322471
25221173,7,1322471
25222386,7,1322471
25223598,6,1322471
25224810,3,1322471
25226022,7,1322471
25227235,5,1320981
25228447,9,1320981
25229659,9,1320981
25230872,8,1320981
25232083,5,1320981
25233295,6,1320981
25234508,5,1320981
25235720,6,1320981
25236932,6,1320981
25238145,5,1322523
25239357,5,1322523
25240569,7,1322523
25241782,7,1322523
25242994,9,1322523
25244206,7,1322523
25245418,6,1322523
25246631,6,1322523
25247844,6,1322523
25249056,11,1318000
25250268,7,1318000
25251480,8,1318000
25252692,7,1318000
25253905,7,1318000
25255117,6,1318000
25256330,6,1318000
25257542,7,1318000
25258755,13,1318000
25259966,6,1322112
25261179,3,1322112
25262392,5,1322112
25263604,5,1322112
25264816,5,1322112
25266028,7,1322112
25267241,6,1322112
25268453,4,1322112
25275727,10,1322112
25276940,3,1322112
25278151,5,1322112
25279364,8,1322112
25280576,6,1322112
25281789,6,1319748
25283001,4,1319336
25284214,5,1319336
25285426,6,1319336
25286638,4,1319336
25287850,0,1319336
25289063,3,1319336
25290275,2,1319336
25291488,3,1319336
25292701,4,1319336
25293914,6,1317487
25295124,2,1317487
25296337,3,1317487
25297550,5,1317487
25298762,5,1317487
25299974,6,1317487
25301187,6,1317487
25302399,5,1317487
25303611,4,1317487
25304823,2,1321649
25306035,4,1321649
25307248,5,1321649
25308461,3,1321649
25309673,5,1321649
25310885,4,1321649
25312097,4,1321649
25313310,2,1321649
25314523,5,1321649
25315734,5,1321444
25316947,4,1321444
25318159,3,1321444
25319372,4,1321444
25320584,4,1321444
25321797,0,1321444
25323009,8,1321444
25324221,4,1321444
25325434,4,1321444
25326646,5,1321135
25327858,3,1321135
25329071,3,1321135
25330283,4,1321135
25331495,5,1321135
25332708,2,1321135
25333921,4,1321135
25335133,3,1321135
25336346,0,1321135
25337558,3,1321089
25338770,5,1322369
25339982,3,1322369
25341195,5,1322369
25342407,5,1322369
25343620,7,1322369
25344832,5,1322369
25346045,4,1322369
25347256,3,1322369
25348469,2,1322299
25349681,4,1317435
25350893,4,1317435
25352106,8,1317435
25360592,7,1317435
25361804,5,1317435
25363017,9,1317435
25364230,8,1317435
25365441,9,1317435
25366654,8,1317435
25367866,5,1317435
25369079,5,1321238
25370291,5,1321238
25371504,3,1321238
25372716,10,1321238
25373928,6,1321238
25375141,6,1321238
25376353,8,1321238
25377565,8,1321238
25378778,6,1321238
25379990,7,1321238
25381202,8,1320262
25382414,5,1320262
25383627,5,1320262
25384839,7,1320262
25386051,7,1320262
25387264,5,1320262
25388476,5,1320262
25389688,5,1320262
25390901,4,1320262
25392114,5,1317692
25393325,3,1317692
25394538,4,1317692
25395750,12,1317692
25396962,7,1317692
25398175,5,1317692
25399388,5,1317692
25400600,8,1317692
25401812,6,1317692
25403025,9,1318258
25404236,5,1318258
25405449,9,1318258
25406661,3,1318258
25407873,7,1318258
25409086,4,1318258
25410299,7,1318258
25411510,4,1318258
25412723,4,1318258
25413935,6,1322985
25415147,4,1322985
25416360,9,1322985
25417572,7,1322985
25418785,3,1322985
25419997,4,1322985
25421209,6,1322985
25422421,7,1322985
25423635,8,1322985
25424846,4,1322728
25426058,6,1322728
25427272,5,1322728
25428483,3,1322728
25429695,6,1322728
25430908,6,1322728
25432121,9,1322728
25433333,5,1322728
25434545,8,1322728
25435757,10,1321701
25436969,4,1321701
25444244,9,1321701
25445456,11,1321701
25446668,9,1321495
25447880,5,1321495
25449093,5,1321495
25450305,7,1321495
25451517,8,1321495
25452729,7,1321495
25453942,8,1321495
25455154,6,1321495
25456366,4,1321495
25457579,3,1321187
25458791,4,1321187
25460003,8,1321187
25461216,7,1321187
25462428,7,1321187
25463640,6,1321187
25464853,6,1321187
25466065,6,1321187
25467277,8,1321187
25468489,6,1322471
25469702,5,1319028
25470914,2,1319028
25472126,3,1319028
25473339,4,1319028
25474551,7,1319028
25475763,4,1319028
25476976,4,1319028
25478189,4,1319028
25479401,6,1319028
25480613,5,1318463
25481825,4,1318463
25483039,6,1318463
25484250,8,1318463
25485463,1,1318463
25486675,2,1318463
25487888,3,1318463
25489101,4,1318463
25490312,5,1318463
25491526,3,1317795
25492737,5,1317795
25493950,4,1317795
25495162,3,1317795
25496375,5,1317795
25497588,5,1317795
25498801,4,1317795
25500012,5,1317795
25501225,4,1317795
25502438,3,1316921
25503650,4,1316921
25504863,5,1316921
25506074,4,1316921
25507287,3,1316921
25508500,6,1316921
25509712,4,1316921
25510924,6,1316921
25512137,8,1316921
25513349,2,1317744
25514562,5,1317744
25515774,3,1317744
25516986,2,1317744
25518199,7,1317744
25519411,6,1317744
25520624,5,1317744
25529110,2,1317744
25530323,6,1317744
25531536,10,1317744
25532748,12,1317744
25533960,6,1317692
25535172,5,1317652
25536385,4,1320724
25537597,4,1320724
25538809,4,1320724
25540022,4,1320724
25541234,8,1320724
25542447,7,1320724
25543659,4,1320724
25544872,5,1320724
25546084,4,1320724
25547296,3,1320724
25548509,8,1320724
25549721,6,1320724
25550933,4,1320724
25552146,7,1320724
25553358,7,1320724
25554571,8,1320724
25555783,8,1320724
25556995,5,1320724
25558208,2,1320724
25559420,7,1320724
25560632,5,1320724
25561845,4,1320724
25563057,7,1320724
25564270,9,1320724
25565482,4,1320724
25566694,5,1320724
25567907,7,1320416
25569120,4,1320416
25570332,8,1320416
25571544,8,1320416
25572757,7,1320416
25573969,6,1320416
25575182,8,1320416
25576394,6,1320416
25577607,9,1320416
25578818,5,1319645
25580032,3,1319645
25581244,6,1319645
25582456,8,1319645
25583668,7,1319645
25584880,8,1319645
25586093,8,1319645
25587305,5,1319645
25588518,6,1319645
25589730,6,1319902
25590943,5,1319902
25592155,6,1319902
25593368,10,1319902
25594580,7,1319902
25595793,5,1319902
25597005,8,1319902
25598217,10,1319902
25599430,6,1319902
25600641,6,1318926
25601854,2,1318926
25603066,7,1318926
25604280,6,1318926
25605491,8,1321135
25612766,5,1321135
25613978,10,1321135
25615190,8,1321135
25616403,6,1321135
25617616,6,1321135
25618827,5,1321135
25620041,9,1321135
25621252,7,1321135
25622464,6,1319748
25623677,3,1319748
25624890,7,1319748
25626102,6,1319748
25627314,10,1319748
25628526,8,1319748
25629738,6,1319748
25630951,7,1319748
25632163,6,1319748
25633376,7,1320621
25634589,5,1320621
25635801,5,1320621
25637014,6,1320621
25638226,8,1320621
25639438,7,1320621
25640650,6,1320621
25641863,6,1320621
25643075,5,1320621
25644288,7,1319491
25645501,3,1319491
25646713,5,1319491
25647925,8,1319491
25649137,4,1319491
25650350,7,1319491
25651562,6,1319491
25652775,7,1319491
25653988,6,1319491
25655199,7,1321598
25656412,5,1321598
25657624,8,1321598
25658836,4,1321598
25660049,6,1321598
25661261,5,1321598
25662474,3,1321598
25663687,9,1321598
25664899,8,1321598
25666112,5,1321392
25667324,4,1322112
25668536,4,1322112
25669749,8,1322112
25670961,5,1322112
25672173,5,1322112
25673386,4,1322112
25674599,3,1322112
25675812,4,1322112
25677024,7,1322112
25678236,5,1318977
25679449,9,1318977
25680662,3,1318977
25681874,4,1318977
25683086,4,1318977
25684298,3,1318977
25685511,4,1318977
25686723,4,1318977
25687936,4,1318977
25689148,7,1318977
25697635,1,1318977
25698848,7,1320005
25700061,6,1319902
25701273,5,1319902
25702485,4,1319902
25703698,3,1319902
25704911,2,1319902
25706123,2,1319902
25707335,6,1319902
25708548,6,1319902
25709760,3,1319902
25710973,7,1319689
25712185,2,1317641
25713397,3,1317641
25714610,4,1317641
25715822,4,1317641
25717035,4,1317641
25718247,7,1317641
25719460,3,1317641
25720672,5,1317641
25721885,6,1317743
25723097,4,1317487
25724309,4,1317487
25725522,2,1317487
25726734,5,1317487
25727946,4,1317487
25729159,7,1317487
25730371,4,1317487
25731585,4,1317487
25732796,1,1317447
25734009,4,1320519
25735221,3,1320519
25736434,4,1320519
25737646,3,1320519
25738858,5,1320519
25740072,5,1320519
25741283,6,1320519
25742496,3,1320519
25743708,4,1320519
25744921,4,1320519
25746133,6,1320519
25747345,7,1320519
25748558,6,1320519
25749771,7,1320519
25750982,8,1320519
25752195,5,1320519
25753408,5,1320519
25754620,5,1325606
25755832,3,1325606
25757045,7,1325606
25758257,10,1325606
25759470,6,1325606
25760682,6,1325606
25761894,4,1325606
25763107,7,1325606
25764320,6,1325606
25765532,7,1325555
25766744,6,1325555
25767957,6,1325555
25769169,8,1325555
25770382,5,1325555
25771594,6,1325555
25772806,6,1325555
25774018,9,1325555
25781293,6,1325555
25782505,5,1325555
25783718,8,1325555
25784930,8,1325555
25786142,8,1325555
25787356,7,1321752
25788568,4,1321752
25789780,4,1321752
25790993,4,1321752
25792205,7,1321752
25793417,4,1321752
25794629,5,1321752
25795841,6,1321752
25797054,8,1321752
25798266,6,1319953
25799479,3,1319953
25800692,9,1319953
25801904,9,1319953
25803117,6,1319953
25804329,6,1319953
25805541,6,1319953
25806753,9,1319953
25807966,5,1319953
25809178,8,1320416
25810391,5,1320416
25811603,5,1320416
25812815,9,1320416
25814028,3,1320416
25815241,5,1320416
25816452,13,1320416
25817665,9,1320416
25818878,5,1320416
25820090,5,1317898
25821303,4,1317898
25822515,4,1317898
25823728,5,1317898
25824940,9,1317898
25826152,4,1317898
25827365,5,1317898
25828577,5,1317898
25829790,8,1317898
25831002,8,1320519
25832214,4,1320519
25833426,5,1320519
25834639,7,1320519
25835851,5,1320519
25837064,9,1320519
25838277,7,1320519
25839488,5,1320519
25840702,4,1320519
25841914,8,1322831
25843126,2,1322831
25844339,7,1322831
25845551,11,1322831
25846764,6,1322831
25847976,4,1322831
25849189,8,1322831
25850401,8,1322831
25851614,4,1322831
25852826,9,1320519
25854038,7,1321187
25855250,7,1321187
25856463,4,1321187
25857675,8,1321392
25866162,14,1321392
25867374,3,1321392
25868587,3,1321392
25869799,4,1321392
25871011,5,1321392
25872224,4,1321392
25873437,4,1321392
25874649,4,1321392
25875862,4,1318874
25877074,4,1318874
25878286,4,1318874
25879498,2,1318874
25880711,5,1318874
25881924,6,1318874
25883135,3,1318874
25884348,2,1318874
25885561,5,1318874
25886773,3,1317641
25887985,5,1317641
25889198,6,1317641
25890410,6,1317641
25891622,4,1317641
25892836,5,1317641
25894047,1,1317641
25895260,9,1317641
25896472,3,1317641
25897685,5,1317641
25898897,5,1317641
25900109,3,1317641
25901322,3,1317641
25902535,6,1317641
25903747,10,1317641
25904960,4,1317641
25906172,5,1317641
25907384,3,1317641
25908597,2,1317842
25909808,4,1316818
25911021,4,1316818
25912234,5,1316818
25913446,7,1316818
25914658,3,1316818
25915870,4,1316818
25917083,3,1316818
25918295,5,1316818
25919508,5,1316720
25920720,4,1318000
25921934,4,1318000
25923146,4,1318000
25924358,5,1318000
25925571,6,1318000
25926782,4,1318000
25927996,5,1318000
25929208,4,1318000
25930420,5,1318000
25931633,4,1318000
25932845,7,1318000
25934058,7,1318000
25935270,6,1318000
25936482,3,1318000
25937695,6,1318000
25938908,8,1318000
25940120,5,1319799
25941333,3,1319799
25942545,4,1319799
25951032,6,1319799
25952245,6,1320621
25953457,5,1320621
25954669,10,1320621
25955882,9,1320621
25957094,5,1320621
25958308,5,1320621
25959519,7,1320621
25960732,8,1320621
25961944,8,1320621
25963157,6,1323242
25964369,5,1323242
25965581,9,1323242
25966794,5,1323242
25968006,7,1323242
25969219,8,1323242
25970431,8,1323242
25971644,7,1323242
25972856,8,1323242
25974069,5,1318668
25975281,5,1318668
25976494,8,1318668
25977707,5,1318668
25978919,6,1318668
25980131,8,1318668
25981344,6,1318668
25982556,9,1318668
25983769,9,1318668
25984982,8,1322677
25986194,4,1322677
25987406,8,1322677
25988619,7,1322677
25989831,8,1322677
25991044,10,1322677
25992257,6,1322677
25993469,6,1322677
25994681,6,1322677
25995894,3,1320724
25997106,4,1320724
25998319,8,1320724
25999532,8,1320724
26000744,8,1320724
26001957,5,1320724
26003169,5,1320724
26004381,6,1320724
26005594,11,1320724
26006806,6,1322163
26008018,3,1322163
26009231,4,1322163
26010443,10,1322163
26011656,10,1322163
26012869,7,1322163
26014081,3,1322163
26015293,10,1322163
26016505,5,1322163
26017718,5,1321135
26018930,4,1321135
26020143,8,1321135
26021355,9,1321135
26022568,7,1321135
26023780,8,1321135
26024992,5,1321135
26026205,8,1321135
26027417,6,1321135
26034691,12,1321135
26035904,10,1321135
26037117,3,1321135
26038329,5,1321135
26039542,6,1320313
26040753,8,1318309
26041966,4,1318309
26043178,3,1318309
26044391,4,1318309
26045603,4,1318309
26046815,4,1318309
26048027,9,1318309
26049240,5,1318309
26050453,5,1318309
26051665,3,1318103
26052878,4,1318103
26054090,4,1318103
26055302,4,1318103
26056514,4,1318103
26057727,3,1318103
26058939,5,1318103
26060151,3,1318103
26061365,5,1318103
26062577,6,1319336
26063788,5,1319336
26065001,3,1319336
26066214,2,1319336
26067426,5,1319336
26068638,5,1319336
26069851,3,1319336
26071063,3,1319336
26072275,4,1319336
26073488,2,1320981
26074701,4,1320981
26075914,5,1320981
26077125,6,1320981
26078337,4,1320981
26079550,5,1320981
26080762,3,1320981
26081975,2,1320981
26083187,6,1320981
26084400,4,1320981
26085612,5,1320981
26086824,3,1320981
26088037,4,1320981
26089249,7,1320981
26090462,4,1320981
26091673,0,1320981
26092886,5,1320981
26094098,6,1320981
26095311,5,1321033
26096523,5,1321289
26097736,5,1321289
26098949,5,1321289
26100161,5,1321289
26101374,4,1321289
26102585,3,1321289
26103798,3,1321289
26105010,4,1321289
26106223,5,1321346
26107435,4,1322626
26108648,3,1322626
26109860,4,1322626
26111072,7,1322626
26118347,2,1322626
26119560,5,1322626
26120772,6,1322626
26121985,9,1322626
26123197,5,1322626
26124409,4,1322626
26125621,7,1322626
26126834,7,1320056
26128046,5,1320056
26129259,6,1320056
26130471,5,1320056
26131683,7,1320056
26132896,6,1320056
26134109,6,1320056
26135321,5,1320056
26136534,7,1320056
26137746,8,1320056
26138958,8,1320313
26140170,4,1320313
26141382,4,1320313
26142596,7,1320313
26143807,6,1320313
26145019,6,1320313
26146232,8,1320313
26147444,13,1320313
26148657,9,1320313
26149869,10,1321187
26151082,5,1321187
26152294,7,1321187
26153506,5,1321187
26154719,6,1321187
26155931,9,1321187
26157143,9,1321187
26158356,9,1321187
26159568,5,1321187
26160780,5,1320930
26161993,3,1320930
26163205,6,1320930
26164417,5,1320930
26165629,8,1320930
26166841,4,1320930
26168054,6,1320930
26169266,7,1320930
26170478,7,1320930
26171690,9,1318566
26172903,5,1318566
26174115,9,1318566
26175327,7,1318566
26176540,5,1318566
26177752,11,1318566
26178965,8,1318566
26180177,9,1318566
26181390,6,1318566
26182602,5,1323654
26183814,5,1323654
26185026,10,1323654
26186239,6,1323654
26187451,9,1323654
26188664,5,1323654
26189876,7,1323654
26191089,4,1323654
26192301,6,1323654
26193513,5,1320724
26194726,3,1320724
26203212,2,1320724
26204424,7,1322112
26205637,4,1322112
26206850,9,1322112
26208061,8,1322112
26209274,3,1322112
26210486,4,1322112
26211698,5,1322112
26212911,6,1322112
26214123,6,1322112
26215335,7,1317384
26216548,6,1317384
26217761,7,1317384
26218973,4,1317384
26220185,6,1317384
26221397,8,1317384
26222609,6,1317384
26223822,7,1317384
26225034,6,1317384
26226246,5,1320827
26227459,3,1320621
26228671,3,1320621
26229884,4,1320621
26231096,4,1320621
26232308,7,1320621
26233520,3,1320621
26234733,4,1320621
26235945,4,1320621
26237158,5,1320621
26238370,4,1318771
26239583,4,1318771
26240795,6,1318771
26242008,6,1318771
26243220,6,1318771
26244433,8,1318771
26245645,5,1318771
26246857,4,1318771
26248070,3,1318771
26249282,3,1319850
26250495,3,1319850
26251708,6,1319850
26252919,5,1319850
26254132,4,1319850
26255344,3,1319850
26256557,7,1319850
26257769,6,1319850
26258982,4,1319850
26260195,3,1316664
26261406,2,1316664
26262619,4,1316664
26263831,4,1316664
26265044,6,1316664
26266256,3,1316664
26267469,4,1316664
26268681,6,1316664
26269893,5,1316664
26271106,3,1316664
26272318,5,1316664
26273530,5,1316664
26274743,9,1316664
26275956,5,1316664
26277168,4,1316664
26278380,4,1316664
26279593,4,1316664
26288080,5,1316664
26289292,4,1316664
26290504,6,1316664
26291717,8,1319285
26292930,3,1319352
26294142,3,1323448
26295355,6,1323448
26296567,2,1323448
26297779,4,1323448
26298991,3,1323448
26300204,5,1323448
26301416,4,1323448
26302629,5,1323448
26303841,4,1323448
26305054,5,1323448
26306266,4,1323448
26307479,5,1323448
26308692,8,1323448
26309904,6,1323448
26311116,6,1323448
26312329,6,1323448
26313541,6,1321444
26314753,9,1321444
26315966,4,1321444
26317178,6,1321444
26318391,3,1321444
26319603,5,1321444
26320815,7,1321444
26322028,6,1321444
26323240,6,1321444
26324453,11,1321444
26325665,7,1319594
26326877,3,1319594
26328090,8,1319594
26329302,6,1319594
26330514,7,1319594
26331727,6,1319594
26332939,8,1319594
26334151,5,1319594
26335364,7,1319594
26336576,5,1318309
26337789,4,1318309
26339001,7,1318309
26340214,6,1318309
26341426,5,1318309
26342638,7,1318309
26343851,5,1318309
26345063,7,1318309
26346276,8,1318309
26347488,4,1322009
26348701,3,1322009
26349912,4,1322009
26351125,7,1322009
26352337,7,1322009
26353549,8,1322009
26354762,5,1322009
26355974,4,1322009
26357187,6,1322009
26358400,4,1319645
26359612,4,1319645
26360825,7,1319645
26362037,7,1319645
26363249,5,1319645
26364461,8,1319645
26371735,10,1319645
26372948,9,1319645
26374161,9,1319645
26375373,9,1319645
26376585,7,1319645
26377798,4,1319645
26379010,5,1319645
26380222,5,1321238
26381434,5,1321238
26382647,5,1321238
26383859,8,1321238
26385071,5,1321238
26386284,7,1321238
26387496,7,1321238
26388709,8,1321238
26389921,5,1321238
26391134,5,1321084
26392345,4,1321084
26393558,5,1321084
26394771,4,1321084
26395984,6,1321084
26397196,7,1321084
26398408,6,1321084
26399620,4,1321084
26400832,7,1321084
26402045,7,1321803
26403257,5,1321803
26404470,4,1321803
26405682,6,1321803
26406895,6,1321803
26408107,6,1321803
26409319,7,1321803
26410532,3,1321803
26411745,6,1321803
26412957,6,1320879
26414169,4,1322574
26415382,3,1322574
26416594,4,1322574
26417807,5,1322574
26419020,5,1322574
26420231,3,1322574
26421444,6,1322574
26422656,7,1322574
26423869,5,1322574
26425081,3,1317487
26426293,4,1317487
26427506,2,1317487
26428719,4,1317487
26429932,3,1317487
26431143,4,1317487
26432356,6,1317487
26433569,4,1317487
26434780,2,1317487
26435993,5,1320056
26437206,4,1320056
26438418,3,1320056
26439631,4,1320056
26440844,5,1320056
26442055,8,1320056
26443268,5,1320056
26444480,4,1320056
26445693,3,1320056
26446905,5,1317692
26448117,9,1317692
26456604,4,1317692
26457817,13,1319748
26459029,3,1319748
26460240,2,1319748
26461454,5,1319748
26462665,4,1319748
26463878,1,1319748
26465090,2,1319748
26466302,6,1319748
26467514,5,1319748
26468726,4,1319744
26469939,3,1318720
26471151,3,1318720
26472363,3,1318720
26473576,3,1318720
26474788,0,1318720
26476001,3,1318720
26477212,4,1318720
26478425,4,1318720
26479636,5,1318663
26480849,5,1317127
26482061,4,1317127
26483273,5,1317127
26484485,2,1317127
26485698,4,1317127
26486911,1,1317127
26488122,1,1317127
26489334,5,1317127
26490547,6,1317127
26491759,5,1317127
26492971,5,1317127
26494184,8,1317127
26495396,6,1317127
26496608,7,1317127
26497820,7,1317127
26499032,8,1317127
26500245,5,1320365
26501457,6,1320365
26502669,4,1320365
26503882,8,1320365
26505093,4,1320365
26506306,8,1320365
26507519,4,1320365
26508730,6,1320365
26509942,6,1320365
26511154,9,1320365
26512366,7,1318463
26513579,4,1318463
26514792,5,1318463
26516004,4,1318463
26517216,7,1318463
26518428,8,1318463
26519640,8,1318463
26520852,8,1318463
26522065,2,1318463
26523277,6,1321957
26524490,3,1321957
26525702,7,1321957
26526914,6,1321957
26528126,6,1321957
26529338,5,1321957
26530551,5,1321957
26531763,5,1321957
26532975,6,1321957
26540249,14,1321957
26541460,9,1321957
26542673,4,1321957
26543885,5,1321957
26545097,5,1319645
26546310,4,1319645
26547522,4,1319645
26548735,10,1319645
26549947,7,1319645
26551159,5,1319645
26552372,9,1319645
26553584,7,1319645
26554796,4,1319645
26556009,8,1321547
26557220,6,1321547
26558433,7,1321547
26559645,7,1321547
26560857,6,1321547
26562070,5,1321547
26563282,6,1321547
26564494,5,1321547
26565706,4,1321547
26566919,6,1319542
26568132,4,1319542
26569344,7,1319542
26570555,7,1319542
26571768,3,1319542
26572980,6,1319542
26574193,8,1319542
26575405,5,1319542
26576617,7,1319542
26577829,5,1321289
26579042,4,1321289
26580254,4,1321289
26581466,6,1321289
26582678,7,1321289
26583891,4,1321289
26585103,5,1321289
26586316,3,1321289
26587528,3,1321289
26588740,9,1320570
26589953,5,1320570
26591165,8,1320570
26592377,8,1320570
26593589,7,1320570
26594801,4,1320570
26596014,10,1320570
26597226,8,1320570
26598438,8,1320570
26599650,5,1321906
26600863,3,1320827
26602075,3,1320827
26603287,5,1320827
26604500,4,1320827
26605712,5,1320827
26606925,6,1320827
26608136,4,1320827
26609349,5,1320827
26610561,4,1320827
26611774,4,1322728
26612986,5,1322728
26614199,6,1322728
26615411,5,1322728
26616623,5,1322728
26625109,7,1322728
26626321,8,1322728
26627533,8,1322728
26628746,9,1322728
26629958,8,1322728
26631170,6,1322728
26632382,6,1319285
26633595,5,1319748
26634807,4,1319748
26636020,3,1319748
26637231,4,1319748
26638444,6,1319748
26639656,3,1319748
26640869,3,1319748
26642081,4,1319748
26643293,3,1319748
26644505,3,1319741
26645718,4,1317949
26646930,6,1317949
26648142,3,1317949
26649355,5,1317949
26650568,4,1317949
26651779,3,1317949
26652992,3,1317949
26654204,4,1317949
26655416,4,1317906
26656629,3,1320210
26657841,5,1320210
26659053,5,1320210
26660265,5,1320210
26661478,4,1320210
26662690,6,1320210
26663902,4,1320210
26665115,4,1320210
26666327,4,1320401
26667540,4,1320401
26668752,14,1320401
26669964,8,1320401
26671177,6,1320401
26672389,5,1320401
26673601,4,1320401
26674814,5,1320401
26676026,7,1316561
26677238,4,1316561
26678451,8,1316561
26679663,8,1316561
26680875,8,1316561
26682088,4,1316561
26683300,6,1316561
26684512,5,1316561
26685725,5,1316561
26686937,7,1316561
26688149,6,1319542
26689361,4,1319542
26690573,3,1319542
26691787,6,1319542
26692998,7,1319542
26694211,6,1319542
26695422,10,1319542
26696635,7,1319542
26697848,7,1319542
26699060,7,1319285
26700271,5,1319285
26701484,6,1319285
26708758,6,1319285
26709970,5,1320313
26711183,2,1320313
26712394,9,1320313
26713607,3,1320313
26714819,5,1320313
26716032,7,1320313
26717243,7,1320313
26718456,7,1320313
26719668,7,1320313
26720880,6,1322060
26722093,5,1322060
26723305,4,1322060
26724517,8,1322060
26725730,10,1322060
26726942,6,1322060
26728154,8,1322060
26729366,6,1322060
26730579,6,1322060
26731791,6,1320724
26733003,6,1320724
26734215,4,1320724
26735428,4,1320724
26736640,7,1320724
26737852,5,1320724
26739065,9,1320724
26740277,10,1320724
26741489,8,1320724
26742702,8,1322266
26743915,3,1322266
26745126,8,1322266
26746338,5,1322266
26747551,4,1322266
26748763,6,1322266
26749976,4,1322266
26751188,7,1322266
26752400,6,1322266
26753612,6,1318926
26754824,2,1318926
26756037,5,1318926
26757249,6,1318926
26758462,7,1318926
26759674,5,1318926
26760887,4,1318926
26762098,8,1318926
26763312,6,1318926
26764523,5,1323242
26765735,4,1323242
26766948,6,1323242
26768161,8,1323242
26769372,7,1323242
26770584,7,1323242
26771797,4,1323242
26773009,7,1323242
26774222,5,1323242
26775434,5,1319594
26776646,4,1320776
26777858,3,1320776
26779070,4,1320776
26780283,3,1320776
26781496,4,1320776
26782707,3,1320776
26783920,4,1320776
26785132,7,1320776
26793618,2,1320776
26794830,8,1320776
26796043,9,1320776
26797256,4,1318360
26798467,3,1320724
26799680,4,1320724
26800892,6,1320724
26802105,-1,1320724
26803317,3,1320724
26804529,2,1320724
26805741,4,1320724
26806954,4,1320724
26808167,3,1320724
26809378,4,1322112
26810591,3,1322112
26811803,4,1322112
26813016,3,1322112
26814228,3,1322112
26815441,4,1322112
26816652,1,1322112
26817865,5,1322112
26819077,3,1322112
26820289,3,1321495
26821502,4,1321495
26822715,2,1321495
26823926,5,1321495
26825139,7,1321495
26826352,5,1321495
26827564,8,1321495
26828776,5,1321495
26829989,1,1321495
26831201,2,1321551
26832413,5,1322831
26833626,4,1322831
26834838,5,1322831
26836051,6,1322831
26837262,5,1322831
26838475,4,1322831
26839688,3,1322831
26840900,6,1322831
26842112,0,1322763
26843325,5,1318155
26844536,4,1318155
26845748,8,1318155
26846961,3,1318155
26848173,4,1318155
26849386,4,1318155
26850598,4,1318155
26851810,4,1318155
26853022,6,1318155
26854235,4,1318155
26855447,11,1318155
26856660,8,1318155
26857872,7,1318155
26859084,8,1318155
26860296,7,1318155
26861509,5,1318155
26862721,9,1318155
26863933,4,1318155
26865145,4,1318155
26866358,7,1318155
26867571,6,1318155
26868783,7,1318155
26869995,7,1318155
26877269,8,1318155
26878481,7,1318155
26879693,4,1318155
26880907,6,1318155
26882118,6,1318155
26883330,7,1318155
26884543,9,1318155
26885756,9,1318206
26886968,3,1318206
26888180,7,1318206
26889393,6,1318206
26890605,6,1318206
26891817,6,1318206
26893029,6,1318206
26894242,5,1318206
26895455,5,1318206
26896667,8,1320519
26897879,5,1320519
26899091,5,1320519
26900303,5,1320519
26901516,6,1320519
26902729,5,1320519
26903941,5,1320519
26905153,7,1320519
26906365,7,1320519
26907578,8,1320210
26908790,4,1320210
26910002,7,1320210
26911215,9,1320210
26912427,5,1320210
26913639,7,1320210
26914852,7,1320210
26916064,4,1320210
26917277,6,1320210
26918489,6,1319902
26919702,4,1319902
26920914,5,1319902
26922126,6,1319902
26923338,6,1319902
26924551,7,1319902
26925763,6,1319902
26926976,8,1319902
26928187,8,1319902
26929401,6,1321649
26930612,4,1321649
26931825,6,1321649
26933037,5,1321649
26934249,4,1321649
26935463,8,1321649
26936674,5,1321649
26937887,5,1321649
26939100,7,1321649
26940312,7,1321187
26941524,3,1321187
26942736,8,1321187
26943949,5,1321187
26945161,5,1321187
26946373,4,1321187
26947586,7,1321187
26948798,9,1321187
26950010,2,1321187
26951223,3,1320673
26952436,3,1320673
26953648,5,1320673
26962134,7,1319542
26963347,6,1317127
26964559,5,1317127
26965771,4,1317127
26966984,4,1317127
26968196,4,1317127
26969408,3,1317127
26970621,7,1317127
26971833,2,1317127
26973046,5,1317127
26974258,5,1321392
26975470,2,1321392
26976683,5,1321392
26977895,3,1321392
26979107,3,1321392
26980320,4,1321392
26981532,5,1321392
26982745,7,1321392
26983957,6,1321392
26985170,6,1314814
26986382,4,1314814
26987594,4,1314814
26988807,4,1314814
26990020,5,1314814
26991231,5,1314814
26992444,8,1314814
26993656,0,1314814
26994869,5,1314814
26996081,1,1320724
26997293,3,1320724
26998506,3,1320724
26999718,5,1320724
27000931,7,1320724
27002143,5,1320724
27003355,5,1320724
27004568,5,1320724
27005780,5,1320724
27006993,4,1320879
27008205,4,1320879
27009417,4,1320879
27010629,5,1320879
27011842,3,1320879
27013054,4,1320879
27014266,4,1320879
27015478,2,1320879
27016691,4,1320879
27017902,4,1320866
27019116,3,1317538
27020327,5,1317538
27021540,4,1317538
27022752,8,1317538
27023964,4,1317538
27025176,5,1317538
27026388,3,1317538
27027600,3,1317538
27028812,4,1317608
27030025,3,1322728
27031237,3,1322728
27032450,7,1322728
27033662,5,1322728
27034874,5,1322728
27036086,2,1322728
27037298,4,1322728
27038511,4,1322728
27046996,10,1322728
27048208,7,1322728
27049420,7,1320262
27050632,7,1320262
27051844,4,1320262
27053057,9,1320262
27054269,8,1320262
27055481,8,1320262
27056693,4,1320262
27057906,7,1320262
27059117,8,1320262
27060330,6,1320262
27061541,7,1320210
27062754,9,1320210
27063966,9,1320210
27065178,11,1320210
27066390,7,1320210
27067602,4,1320210
27068814,6,1320210
27070026,7,1320210
27071239,6,1320210
27072451,11,1319388
27073663,4,1319388
27074876,5,1319388
27076088,6,1319388
27077299,7,1319388
27078512,6,1319388
27079725,7,1319388
27080936,4,1319388
27082149,4,1319388
27083361,8,1321238
27084573,6,1321238
27085786,4,1321238
27086997,6,1321238
27088209,7,1321238
27089421,7,1321238
27090634,7,1321238
27091846,7,1321238
27093058,8,1321238
27094270,5,1317590
27095483,3,1317590
27096695,5,1317590
27097907,4,1317590
27099119,9,1317590
27100332,10,1317590
27101544,5,1317590
27102756,6,1317590
27103968,5,1317590
27105181,6,1318000
27106392,4,1318000
27107605,5,1318000
27108817,6,1318000
27110029,5,1318000
27111241,5,1318000
27112454,8,1318000
27113665,7,1318000
27114878,5,1318000
27116091,7,1321289
27117302,3,1321289
27118515,6,1321289
27119727,6,1321289
27120939,7,1321289
27122151,6,1321289
27123363,7,1321289
27130636,1,1321289
27131848,7,1321289
27133060,7,1321289
27134273,5,1321289
27135485,5,1321289
27136697,10,1321289
27137910,4,1321855
27139121,5,1321855
27140334,9,1321855
27141546,10,1321855
27142758,12,1321855
27143970,8,1321855
27145182,4,1321855
27146394,6,1321855
27147607,6,1321855
27148820,7,1318155
27150031,3,1321341
27151244,4,1321341
27152456,2,1321341
27153668,4,1321341
27154880,3,1321341
27156093,3,1321341
27157305,3,1321341
27158517,4,1321341
27159729,4,1321341
27160942,5,1319696
27162154,5,1319696
27163366,4,1319696
27164579,6,1319696
27165791,3,1319696
27167003,4,1319696
27168215,3,1319696
27169427,5,1319696
27170639,5,1319696
27171852,5,1319645
27173064,4,1319645
27174276,4,1319645
27175488,2,1319645
27176701,4,1319645
27177915,5,1319645
27179125,4,1319645
27180337,4,1319645
27181550,7,1319645
27182762,6,1319336
27183975,5,1319336
27185187,4,1319336
27186399,4,1319336
27187611,4,1319336
27188823,5,1319336
27190035,4,1319336
27191248,7,1319336
27192460,6,1319336
27193672,3,1319645
27194884,3,1319645
27196097,4,1319645
27197309,4,1319645
27198521,4,1319645
27199733,7,1319645
27200946,5,1319645
27202158,5,1319645
27203370,3,1319645
27204582,4,1319581
27205794,5,1316253
27207007,8,1316253
27214280,9,1316253
27215493,17,1320673
27216705,2,1320673
27217918,2,1320673
27219130,4,1320673
27220342,1,1320673
27221554,6,1320673
27222766,5,1320673
27223978,3,1320673
27225191,5,1320673
27226403,3,1320673
27227615,5,1320673
27228828,5,1320673
27230039,5,1320673
27231252,3,1320673
27232464,3,1320673
27233677,7,1320673
27234889,9,1320673
27236101,7,1319799
27237314,3,1319799
27238525,3,1319799
27239738,9,1319799
27240950,6,1319799
27242162,7,1319799
27243374,7,1319799
27244587,6,1319799
27245799,9,1319799
27247011,6,1319799
27248224,8,1319439
27249436,5,1319439
27250648,7,1319439
27251860,7,1319439
27253073,5,1319439
27254285,6,1319439
27255497,4,1319439
27256709,6,1319439
27257922,8,1319439
27259133,6,1321547
27260346,3,1321547
27261558,7,1321547
27262771,6,1321547
27263982,5,1321547
27265195,5,1321547
27266407,6,1321547
27267620,7,1321547
27268832,4,1321547
27270044,5,1320159
27271256,5,1320159
27272468,6,1320159
27273681,5,1320159
27274893,5,1320159
27276106,5,1320159
27277317,7,1320159
27278530,6,1320159
27279743,9,1320159
27280954,5,1319850
27282167,5,1319850
27283380,3,1319850
27284592,7,1319850
27285804,6,1319850
27287016,6,1319850
27288228,6,1319850
27289440,6,1319850
27290652,3,1319850
27299138,8,1319850
27300351,7,1319850
27301563,4,1319850
27302776,4,1321033
27303988,3,1321033
27305201,8,1321033
27306413,7,1321033
27307624,7,1321033
27308837,9,1321033
27310049,7,1321033
27311261,9,1321033
27312473,8,1321033
27313686,7,1315893
27314898,5,1315893
27316110,7,1315893
27317322,7,1315893
27318535,7,1315893
27319747,9,1315893
27320959,6,1315893
27322172,5,1315893
27323384,6,1315893
27324596,7,1320467
27325809,2,1320467
27327021,8,1320467
27328233,5,1320467
27329445,9,1320467
27330657,7,1320467
27331870,7,1320467
27333083,6,1320467
27334294,7,1320467
27335507,5,1319131
27336719,3,1316767
27337932,4,1316767
27339143,5,1316767
27340356,2,1316767
27341568,5,1316767
27342780,4,1316767
27343993,6,1316767
27345205,3,1316767
27346417,3,1316767
27347630,4,1318668
27348842,5,1318668
27350054,7,1318668
27351266,4,1318668
27352478,2,1318668
27353690,5,1318668
27354902,4,1318668
27356115,4,1318668
27357327,2,1318668
27358540,4,1322471
27359752,12,1322471
27360963,5,1322471
27362176,6,1322471
27363388,4,1322471
27364600,3,1322471
27365813,5,1322471
27367025,3,1322471
27368237,5,1322471
27369449,5,1318463
27370661,4,1318463
27371874,4,1318463
27373086,2,1318463
27374298,4,1318463
27375510,4,1318463
27383995,6,1318463
27385208,6,1318463
27386421,6,1318463
27387632,7,1318463
27388845,4,1318463
27390057,5,1316253
27391270,3,1316327
27392481,5,1322471
27393694,5,1322471
27394905,5,1322471
27396118,5,1322471
27397330,3,1322471
27398543,5,1322471
27399754,7,1322471
27400967,4,1322471
27402180,5,1322441
27403391,3,1322441
27404603,9,1322441
27405816,7,1322441
27407027,7,1322441
27408239,5,1322441
27409452,8,1322441
27410664,8,1322441
27411876,7,1314249
27413089,3,1314249
27414301,5,1314249
27415514,8,1314249
27416726,6,1314249
27417937,8,1314249
27419150,8,1314249
27420362,7,1314249
27421574,6,1314249
27422786,9,1314249
27423998,7,1320467
27425211,4,1320467
27426423,9,1320467
27427635,6,1320467
27428848,5,1320467
27430059,7,1320467
27431272,8,1320467
27432484,5,1320467
27433697,5,1320467
27434909,5,1318617
27436121,5,1318617
27437333,7,1318617
27438545,7,1318617
27439757,6,1318617
27440970,6,1318617
27442182,6,1318617
27443394,6,1318617
27444606,4,1318617
27445818,6,1320981
27447031,5,1320981
27448244,5,1320981
27449455,10,1320981
27450668,7,1320981
27451880,8,1320981
27453093,5,1320981
27454305,7,1320981
27455517,9,1320981
27456730,7,1320056
27457941,2,1320056
27459154,10,1320056
27460366,8,1322626
27467639,-2,1322626
27468852,8,1322626
27470064,4,1322626
27471277,6,1322626
27472488,6,1322626
27473701,7,1322626
27474914,4,1322626
27476125,5,1322626
27477337,5,1322626
27478550,3,1320519
27479762,5,1320519
27480974,9,1320519
27482187,7,1320519
27483399,6,1320519
27484611,7,1320519
27485823,5,1320519
27487035,6,1320519
27488248,7,1320519
27489460,7,1320827
27490672,2,1320827
27491885,5,1320827
27493097,7,1320827
27494309,8,1320827
27495521,8,1320827
27496734,6,1320827
27497946,6,1320827
27499158,6,1320827
27500370,4,1318566
27501583,5,1318566
27502795,4,1318566
27504007,7,1318566
27505220,5,1318566
27506431,6,1318566
27507644,8,1318566
27508856,8,1318566
27510069,8,1318566
27511281,7,1316921
27512493,4,1320879
27513705,5,1320879
27514917,4,1320879
27516130,4,1320879
27517342,2,1320879
27518555,5,1320879
27519767,5,1320879
27520979,4,1320879
27522191,4,1320879
27523403,3,1318103
27524615,5,1318103
27525827,2,1318103
27527040,4,1318103
27528252,5,1318103
27529465,4,1318103
27530677,7,1318103
27531889,3,1318103
27533101,3,1318103
27534314,4,1319748
27535525,2,1319748
27536738,5,1319748
27537950,4,1319748
27539162,5,1319748
27540375,4,1319748
27541586,2,1319748
27542799,4,1319748
27544011,5,1319748
27551285,8,1319748
27552497,7,1319748
27553709,9,1319748
27554922,6,1321392
27556134,5,1320930
27557346,6,1320930
27558559,7,1320930
27559770,5,1320930
27560983,5,1320930
27562195,6,1320930
27563407,4,1320930
27564619,4,1320930
27565832,4,1320930
27567044,6,1320866
27568256,5,1317538
27569469,3,1317538
27570680,3,1317538
27571893,2,1317538
27573105,4,1317538
27574317,4,1317538
27575529,4,1317538
27576741,4,1317538
27577954,5,1317501
27579166,4,1321341
27580378,3,1321341
27581591,3,1321341
27582802,4,1321341
27584014,3,1321341
27585227,4,1321341
27586439,4,1321341
27587651,5,1321341
27588864,5,1321341
27590076,5,1321341
27591287,5,1321341
27592500,8,1321341
27593713,7,1321341
27594924,5,1321341
27596137,6,1321341
27597349,6,1321341
27598561,8,1320519
27599773,4,1320519
27600985,5,1320519
27602197,7,1320519
27603410,7,1320519
27604623,6,1320519
27605834,4,1320519
27607046,6,1320519
27608258,6,1320519
27609471,9,1320519
27610683,6,1319336
27611896,4,1319336
27613107,6,1319336
27614320,3,1319336
27615532,8,1319336
27616745,7,1319336
27617957,7,1319336
27619169,6,1319336
27620381,6,1319336
27621593,6,1320056
27622806,6,1320056
27624018,8,1320056
27625231,5,1320056
27626442,7,1320056
27627654,5,1320056
27636140,10,1320056
27637352,8,1320056
27638564,7,1320056
27639776,6,1320056
27640989,6,1320056
27642201,11,1320056
27643413,7,1320056
27644626,5,1320056
27645838,5,1320056
27647050,7,1320056
27648262,6,1320056
27649475,3,1320056
27650687,8,1320056
27651899,6,1320056
27653111,6,1320056
27654323,8,1319439
27655536,5,1319439
27656748,11,1319439
27657960,7,1319439
27659172,6,1319439
27660384,9,1319439
27661597,7,1319439
27662809,4,1319439
27664021,7,1319439
27665234,5,1320930
27666446,6,1320930
27667658,6,1320930
27668871,7,1320930
27670082,5,1320930
27671295,6,1320930
27672507,5,1320930
27673720,5,1320930
27674932,7,1320930
27676143,6,1320570
27677356,4,1320570
27678567,6,1320570
27679780,8,1320570
27680992,4,1320570
27682205,7,1320570
27683416,7,1320570
27684628,5,1320570
27685841,6,1320570
27687053,9,1320673
27688266,5,1320673
27689478,7,1320673
27690689,7,1320673
27691902,5,1320673
27693114,5,1320673
27694326,6,1320673
27695539,7,1320673
27696751,12,1320673
27697963,8,1320724
27699175,6,1320416
27700387,4,1320416
27701600,5,1320416
27702811,3,1320416
27704024,7,1320416
27705236,4,1320416
27706449,7,1320416
27707660,4,1320416
27708873,3,1320416
27710085,3,1321187
27711297,4,1321187
27712509,7,1321187
27720994,7,1320621
27722207,3,1320621
27723420,5,1320621
27724632,4,1320621
27725843,4,1320621
27727056,7,1320621
27728268,3,1320621
27729480,3,1320621
27730692,3,1320621
27731904,4,1320365
27733117,3,1320365
27734329,5,1320365
27735541,4,1320365
27736753,7,1320365
27737965,4,1320365
27739178,5,1320365
27740390,3,1320365
27741602,6,1320365
27742814,4,1318977
27744026,5,1318977
27745239,5,1318977
27746451,7,1318977
27747663,4,1318977
27748875,2,1318977
27750088,-1,1318977
27751299,3,1318977
27752512,1,1318977
27753724,3,1318972
27754936,3,1317692
27756149,3,1317692
27757360,5,1317692
27758573,5,1317692
27759785,3,1317692
27760997,4,1317692
27762209,2,1317692
27763422,4,1317692
27764634,3,1317687
27765846,2,1316407
27767059,4,1316407
27768271,4,1316407
27769483,3,1316407
27770695,2,1316407
27771908,3,1316407
27773120,5,1316407
27774332,4,1316407
27775544,7,1316407
27776756,5,1316407
27777969,4,1316407
27779182,6,1316407
27780394,8,1316407
27781606,9,1316407
27782818,6,1316407
27784030,5,1316407
27785242,3,1318463
27786455,5,1318463
27787667,6,1318463
27788879,9,1318463
27790091,8,1318463
27791304,5,1318463
27792516,6,1318463
27793729,4,1318463
27794941,5,1318463
27796153,4,1318463
27797365,6,1318463
27804639,3,1318463
27805851,6,1318463
27807063,7,1318463
27808275,7,1321752
27809487,3,1321752
27810700,5,1321752
27811911,7,1321752
27813124,4,1321752
27814337,9,1321752
27815549,6,1321752
27816761,7,1321752
27817973,6,1321752
27819185,5,1318617
27820397,3,1318617
27821609,5,1318617
27822822,7,1318617
27824034,7,1318617
27825247,8,1318617
27826458,8,1318617
27827670,4,1318617
27828883,8,1318617
27830095,5,1319336
27831307,4,1319336
27832520,5,1319336
27833732,9,1319336
27834943,8,1319336
27836155,7,1319336
27837368,6,1319336
27838580,8,1319336
27839792,7,1319336
27841005,5,1319028
27842216,4,1319028
27843429,5,1319028
27844641,8,1319028
27845854,6,1319028
27847065,7,1319028
27848277,7,1319028
27849489,7,1319028
27850702,7,1319028
27851914,5,1319491
27853126,5,1319491
27854338,6,1319491
27855551,7,1319491
27856763,7,1319491
27857974,7,1319491
27859187,5,1319491
27860399,7,1319491
27861611,8,1319491
27862823,7,1320365
27864036,2,1320365
27865248,5,1320365
27866460,6,1320365
27867672,8,1320365
27868884,6,1320365
27870096,5,1320365
27871308,3,1320365
27872520,6,1320365
27873732,5,1319902
27874945,4,1319902
27876157,8,1319902
27877369,9,1319902
27878581,8,1319902
27879794,7,1319902
27881005,6,1319902
27888278,9,1319902
27889491,3,1319902
27890703,7,1319902
27891914,6,1319902
27893127,7,1319902
27894340,7,1319902
27895551,8,1320108
27896764,5,1320879
27897975,3,1320879
27899188,3,1320879
27900400,3,1320879
27901612,2,1320879
27902824,4,1320879
27904036,6,1320879
27905249,9,1320879
27906461,4,1320879
27907673,3,1318463
27908886,4,1318463
27910098,4,1318463
27911310,6,1318463
27912522,3,1318463
27913735,5,1318463
27914946,4,1318463
27916158,4,1318463
27917371,3,1318463
27918584,4,1318977
27919796,5,1318977
27921008,5,1318977
27922220,3,1318977
27923433,2,1318977
27924645,3,1318977
27925857,5,1318977
27927069,3,1318977
27928281,3,1318977
27929493,3,1319038
27930706,5,1321598
27931918,5,1321598
27933130,5,1321598
27934342,2,1321598
27935555,5,1321598
27936766,5,1321598
27937978,4,1321598
27939191,5,1321598
27940403,5,1321678
27941615,5,1315534
27942827,2,1315534
27944039,3,1315534
27945252,6,1315534
27946464,4,1315534
27947676,4,1315534
27948889,3,1315534
27950101,3,1315534
27951313,5,1315342
27952525,6,1315342
27953738,7,1315342
27954950,8,1315342
27956162,6,1315342
27957374,6,1315342
27958587,10,1315342
27959799,6,1315342
27961011,6,1318926
27962223,5,1318926
27963435,3,1318926
27964647,7,1318926
27973132,4,1321392
27974344,5,1321392
27975557,7,1321392
27976769,5,1321392
27977981,10,1321392
27979193,10,1321392
27980405,8,1321392
27981617,4,1321392
27982829,9,1321392
27984042,9,1321238
27985254,5,1321238
27986467,4,1321238
27987678,8,1321238
27988890,8,1321238
27990102,7,1321238
27991314,9,1321238
27992527,4,1321238
27993739,7,1321238
27994951,3,1323242
27996163,4,1323242
27997376,8,1323242
27998588,5,1323242
27999800,5,1323242
28001011,8,1323242
28002224,7,1323242
28003436,9,1323242
28004648,5,1323242
28005861,6,1320570
28007072,6,1320570
28008284,7,1320570
28009497,6,1320570
28010709,4,1320570
28011921,8,1320570
28013134,5,1320570
28014345,6,1320570
28015557,7,1320570
28016770,5,1316716
28017982,4,1316716
28019194,3,1316716
28020406,5,1316716
28021618,2,1316716
28022831,7,1316716
28024043,5,1316716
28025255,5,1316716
28026468,4,1316716
28027679,6,1317692
28028891,4,1317692
28030103,3,1317692
28031316,5,1317692
28032528,8,1317692
28033740,6,1317692
28034952,7,1317692
28036165,7,1317692
28037377,7,1317692
28038588,7,1319182
28039801,3,1319182
28041013,8,1319182
28042225,6,1319182
28043438,4,1319182
28044650,7,1319182
28045861,9,1319182
28047073,6,1319182
28048286,6,1319182
28049497,8,1319182
28056770,4,1319182
28057982,6,1319182
28059194,7,1319182
28060406,7,1319131
28061619,6,1316870
28062831,4,1316870
28064043,5,1316870
28065255,8,1316870
28066467,2,1316870
28067680,4,1316870
28068892,4,1316870
28070103,3,1316870
28071315,5,1316870
28072528,3,1319439
28073740,4,1319439
28074952,8,1319439
28076164,4,1319439
28077377,5,1319439
28078588,2,1319439
28079800,5,1319439
28081013,3,1319439
28082225,3,1319439
28083437,3,1320365
28084648,5,1320365
28085861,5,1320365
28087073,4,1320365
28088286,5,1320365
28089497,6,1320365
28090709,5,1320365
28091921,3,1320365
28093134,4,1320365
28094346,3,1320570
28095558,4,1320570
28096770,3,1320570
28097982,5,1320570
28099195,4,1320570
28100407,3,1320570
28101619,5,1320570
28102831,4,1320570
28104044,5,1320570
28105255,9,1319696
28106468,3,1319696
28107680,3,1319696
28108892,3,1319696
28110105,4,1319696
28111316,3,1319696
28112529,6,1319696
28113741,5,1319696
28114954,4,1319696
28116166,4,1319697
28117378,4,1319953
28118590,4,1319953
28119803,6,1319953
28121016,6,1319953
28122228,4,1319953
28123440,5,1319953
28124652,4,1319953
28125864,5,1319953
28127077,4,1320159
28128289,4,1320159
28129501,4,1320159
28130713,4,1320159
28131926,4,1320159
28133138,8,1320159
28141624,2,1320159
28142837,7,1320159
28144049,6,1320159
28145262,5,1320159
28146474,3,1320159
28147686,5,1322677
28148898,6,1322677
28150111,3,1322677
28151323,4,1322677
28152536,4,1322677
28153748,12,1322677
28154961,7,1322677
28156173,7,1322677
28157385,7,1322677
28158597,4,1322677
28159809,5,1319439
28161021,5,1319439
28162234,6,1319439
28163446,12,1319439
28164659,7,1319439
28165871,10,1319439
28167084,6,1319439
28168296,6,1319439
28169508,5,1319439
28170721,4,1318514
28171933,6,1318514
28173145,5,1318514
28174358,5,1318514
28175570,8,1318514
28176782,3,1318514
28177994,7,1318514
28179207,8,1318514
28180420,6,1318514
28181632,8,1320467
28182843,6,1320467
28184057,8,1320467
28185268,5,1320467
28186481,5,1320467
28187693,6,1320467
28188905,7,1320467
28190117,6,1320467
28191330,9,1320467
28192542,5,1317744
28193754,6,1317744
28194967,6,1317744
28196179,4,1317744
28197391,7,1317744
28198603,9,1317744
28199816,4,1317744
28201028,7,1317744
28202241,7,1317744
28203454,8,1320108
28204665,5,1320108
28205877,7,1320108
28207090,5,1320108
28208303,8,1320108
28209515,6,1320108
28210727,7,1320108
28211940,7,1320108
28213152,7,1320108
28214364,8,1321547
28215577,4,1321547
28216789,4,1321547
28218000,7,1320365
28225274,10,1320365
28226491,16,1320365
28227699,5,1320365
28228912,6,1320365
28230124,6,1320365
28231336,6,1320365
28232548,8,1320365
28233761,8,1320365
28234973,8,1320365
28236185,7,1319696
28237397,1,1319696
28238610,7,1319696
28239822,7,1319696
28241034,8,1319696
28242247,6,1319696
28243459,8,1319696
28244671,7,1319696
28245884,6,1319696
28247097,6,1314763
28248308,6,1319542
28249520,3,1319542
28250733,3,1319542
28251945,4,1319542
28253157,3,1319542
28254370,3,1319542
28255582,4,1319542
28256794,6,1319542
28258007,3,1319542
28259220,4,1319336
28260432,5,1319336
28261644,4,1319336
28262856,4,1319336
28264069,5,1319336
28265281,3,1319336
28266493,3,1319336
28267705,4,1319336
28268918,5,1319336
28270130,6,1319336
28271342,1,1319336
28272555,7,1319336
28273766,4,1319336
28274979,4,1319336
28276192,5,1319336
28277403,4,1319336
28278616,3,1319336
28279828,5,1319336
28281041,5,1319131
28282253,5,1319131
28283465,2,1319131
28284677,5,1319131
28285890,5,1319131
28287102,3,1319131
28288315,3,1319131
28289528,3,1319131
28290739,6,1319131
28291951,4,1321855
28293164,4,1321855
28294376,3,1321855
28295589,5,1321855
28296800,4,1321855
28298013,4,1321855
28299226,6,1321855
28300438,4,1321855
28301650,4,1321855
28310136,4,1321855
28311349,7,1321855
28312561,7,1315893
28313773,5,1316016
28314986,4,1321392
28316198,4,1321392
28317410,3,1321392
28318622,3,1321392
28319835,4,1321392
28321048,7,1321392
28322259,4,1321392
28323472,3,1321392
28324685,3,1321392
28325897,5,1321392
28327109,7,1321392
28328321,7,1321392
28329534,9,1321392
28330746,9,1321392
28331958,8,1321392
28333171,4,1321392
28334383,5,1318566
28335595,5,1318566
28336808,5,1318566
28338020,7,1318566
28339233,6,1318566
28340445,9,1318566
28341657,5,1318566
28342870,7,1318566
28344083,5,1318566
28345294,7,1318566
28346507,9,1318977
28347719,2,1318977
28348932,6,1318977
28350144,7,1318977
28351356,8,1318977
28352568,8,1318977
28353781,6,1318977
28354993,7,1318977
28356206,7,1318977
28357418,8,1318668
28358630,3,1318668
28359842,6,1318668
28361055,8,1318668
28362267,6,1318668
28363480,9,1318668
28364691,8,1318668
28365905,9,1318668
28367117,7,1318668
28368329,7,1316664
28369542,5,1316664
28370754,14,1316664
28371966,5,1316664
28373178,2,1316664
28374390,6,1316664
28375603,6,1316664
28376815,7,1316664
28378028,9,1316664
28379240,5,1320827
28380452,5,1320827
28381665,7,1320827
28382877,9,1320827
28384089,7,1320827
28385301,7,1320827
28386513,8,1320827
28393787,6,1320827
28395000,4,1320827
28396211,6,1320827
28397424,8,1320827
28398636,6,1320827
28399849,7,1320827
28401061,7,1318823
28402273,3,1318823
28403486,5,1318823
28404698,5,1318823
28405910,8,1318823
28407122,8,1318823
28408334,8,1318823
28409547,5,1318823
28410760,6,1318823
28411971,6,1320416
28413184,3,1320416
28414397,4,1320416
28415608,6,1320416
28416821,5,1320416
28418033,4,1320416
28419245,7,1320416
28420457,7,1320416
28421670,6,1320416
28422882,6,1319850
28424095,3,1319850
28425306,4,1319850
28426519,6,1319850
28427731,9,1319850
28428943,6,1319850
28430156,7,1319850
28431369,8,1319850
28432580,6,1319850
28433793,4,1317795
28435005,4,1321547
28436217,4,1321547
28437430,4,1321547
28438642,5,1321547
28439855,3,1321547
28441066,7,1321547
28442279,4,1321547
28443491,2,1321547
28444703,3,1321547
28445915,3,1316305
28447128,6,1316305
28448340,5,1316305
28449553,6,1316305
28450765,6,1316305
28451977,4,1316305
28453190,2,1316305
28454402,4,1316305
28455614,5,1316305
28456826,4,1319336
28458038,4,1319336
28459250,8,1319336
28460463,5,1319336
28461675,5,1319336
28462888,3,1319336
28464100,2,1319336
28465312,4,1319336
28466525,4,1319336
28467737,3,1317384
28468949,3,1317384
28470161,7,1317384
28478647,2,1317281
28479859,3,1317281
28481072,4,1317281
28482284,6,1317281
28483496,5,1317281
28484708,6,1317281
28485921,5,1317281
28487133,2,1317281
28488346,1,1317281
28489558,7,1317251
28490770,3,1322883
28491982,4,1322883
28493195,3,1322883
28494407,4,1322883
28495619,4,1322883
28496831,3,1322883
28498044,6,1322883
28499256,7,1322883
28500468,2,1322822
28501680,5,1320262
28502893,2,1320262
28504105,3,1320262
28505317,4,1320262
28506530,3,1320262
28507742,4,1320262
28508954,3,1320262
28510167,5,1320262
28511379,4,1320262
28512591,5,1320262
28513804,7,1320262
28515016,4,1320262
28516228,6,1320262
28517441,6,1320262
28518653,6,1320262
28519865,7,1320262
28521078,5,1320262
28522290,9,1320313
28523502,3,1320313
28524715,3,1320313
28525926,5,1320313
28527139,6,1320313
28528351,10,1320313
28529564,7,1320313
28530776,5,1320313
28531988,6,1320313
28533200,4,1318720
28534412,7,1318720
28535625,9,1318720
28536837,7,1318720
28538049,8,1318720
28539262,5,1318720
28540474,5,1318720
28541686,4,1318720
28542899,7,1318720
28544110,5,1321855
28545322,4,1321855
28546535,7,1321855
28547748,12,1321855
28548960,4,1321855
28550171,7,1321855
28551384,8,1321855
28552596,8,1321855
28553808,5,1321855
28555021,5,1321855
28562294,5,1321855
28563506,6,1321855
28564719,5,1321855
28565931,5,1318412
28567143,3,1318412
28568355,6,1318412
28569568,7,1318412
28570780,5,1318412
28571992,6,1318412
28573205,3,1318412
28574417,5,1318412
28575629,4,1318412
28576842,6,1317178
28578054,7,1317178
28579266,9,1317178
28580478,5,1317178
28581690,5,1317178
28582903,4,1317178
28584116,7,1317178
28585328,7,1317178
28586540,9,1317178
28587753,7,1317435
28588965,5,1317435
28590177,7,1317435
28591389,5,1317435
28592602,8,1317435
28593814,5,1317435
28595027,7,1317435
28596239,7,1317435
28597451,8,1317435
28598663,5,1318000
28599876,6,1318000
28601088,5,1318000
28602301,6,1318000
28603513,5,1318000
28604726,4,1318000
28605938,6,1318000
28607151,8,1318000
28608364,7,1318000
28609576,8,1319491
28610788,3,1319491
28612000,6,1319491
28613213,7,1319491
28614426,9,1319491
28615638,8,1319491
28616851,6,1319491
28618063,6,1319491
28619276,5,1319491
28620488,5,1320416
28621700,6,1320108
28622915,4,1320108
28624125,3,1320108
28625338,4,1320108
28626551,5,1320108
28627763,5,1320108
28628976,5,1320108
28630188,2,1320108
28631400,1,1320108
28632613,0,1323140
28633825,4,1323140
28635037,3,1323140
28636250,9,1323140
28637463,4,1323140
28638675,9,1323140
28647162,7,1323140
28648374,4,1323140
28649587,7,1323140
28650800,8,1323140
28652012,7,1323140
28653225,5,1319953
28654437,4,1317538
28655649,-1,1317538
28656862,3,1317538
28658074,4,1317538
28659287,5,1317538
28660500,2,1317538
28661711,5,1317538
28662924,4,1317538
28664137,5,1317538
28665349,6,1317441
28666561,5,1318977
28667774,4,1318977
28668986,5,1318977
28670199,3,1318977
28671411,3,1318977
28672623,2,1318977
28673835,3,1318977
28675048,8,1318977
28676260,4,1319040
28677473,5,1322112
28678686,3,1322112
28679897,4,1322112
28681110,2,1322112
28682322,3,1322112
28683535,4,1322112
28684747,8,1322112
28685959,3,1322112
28687172,4,1322143
28688384,3,1316767
28689596,4,1316767
28690809,4,1316767
28692021,6,1316767
28693234,6,1316767
28694447,7,1316767
28695659,1,1316767
28696872,4,1316767
28698084,4,1316767
28699296,6,1316767
28700509,7,1316767
28701721,9,1316767
28702934,3,1316767
28704146,6,1316767
28705358,6,1316767
28706571,6,1316767
28707783,8,1316767
28708996,4,1310600
28710208,4,1310600
28711420,7,1310600
28712632,7,1310600
28713845,3,1310600
28715057,9,1310600
28716270,5,1310600
28717482,4,1310600
28718694,6,1310600
28719907,9,1319748
28721120,2,1319748
28722332,11,1319748
28723544,6,1318000
28730819,2,1318000
28732031,2,1318000
28733244,5,1318000
28734456,5,1318000
28735668,11,1318000
28736881,9,1318000
28738093,6,1318000
28739306,9,1318000
28740518,6,1318000
28741730,6,1323191
28742943,7,1323191
28744155,5,1323191
28745368,7,1323191
28746580,7,1323191
28747793,4,1323191
28749005,9,1323191
28750217,7,1323191
28751430,7,1323191
28752643,4,1319902
28753855,3,1319902
28755067,5,1319902
28756280,8,1319902
28757492,5,1319902
28758705,5,1319902
28759916,6,1319902
28761129,6,1319902
28762341,4,1319902
28763553,10,1321649
28764766,6,1321649
28765978,7,1321649
28767191,9,1321649
28768404,6,1321649
28769616,8,1321649
28770828,5,1321649
28772040,5,1321649
28773252,8,1321649
28774465,4,1317435
28775677,3,1317435
28776890,4,1317435
28778102,5,1317435
28779314,8,1317435
28780527,8,1317435
28781739,7,1317435
28782951,6,1317435
28784164,5,1317435
28785376,8,1319285
28786590,5,1319285
28787801,4,1319285
28789014,3,1319285
28790226,5,1319285
28791439,8,1319285
28792651,7,1319285
28793864,8,1319285
28795075,5,1319285
28796288,10,1319799
28797500,2,1319799
28798713,7,1319799
28799925,7,1319799
28801137,8,1319799
28802351,4,1319799
28803562,9,1319799
28804774,4,1319799
28805987,5,1319799
28807199,6,1319799
28814474,5,1319799
28815687,6,1319799
28816900,6,1319799
28818112,6,1317898
28819324,3,1320262
28820536,3,1320262
28821749,9,1320262
28822961,6,1320262
28824174,6,1320262
28825386,2,1320262
28826599,3,1320262
28827811,2,1320262
28829023,4,1320262
28830235,6,1317435
28831448,8,1317435
28832660,4,1317435
28833873,2,1317435
28835085,2,1317435
28836297,5,1317435
28837510,2,1317435
28838722,5,1317435
28839935,5,1317435
28841148,3,1317384
28842360,3,1317384
28843572,5,1317384
28844784,5,1317384
28845997,3,1317384
28847209,4,1317384
28848421,6,1317384
28849634,4,1317384
28850846,5,1317384
28852058,6,1317460
28853271,5,1324116
28854483,2,1324116
28855695,3,1324116
28856908,5,1324116
28858121,5,1324116
28859333,5,1324116
28860545,4,1324116
28861757,5,1324116
28862970,4,1324259
28864182,4,1321187
28865394,4,1321187
28866607,5,1321187
28867819,5,1321187
28869031,6,1321187
28870244,5,1321187
28871456,6,1321187
28872669,3,1321187
28873881,4,1321037
28875094,4,1322317
28876305,4,1322317
28877518,3,1322317
28878730,4,1322317
28879942,3,1322317
28881156,3,1322317
28882368,4,1322317
28883580,4,1322317
28884792,4,1322317
28886005,6,1322317
28887217,6,1322317
28888429,7,1322317
28889642,7,1322317
28890853,8,1322317
28898191,6,1322317
28899341,7,1322317
28900553,7,1322317
28901765,5,1322317
28902978,9,1322317
28904190,6,1322317
28905402,8,1322317
28906615,7,1318668
28907827,4,1318668
28909040,6,1318668
28910253,4,1318668
28911464,5,1318668
28912677,8,1318668
28913890,8,1318668
28915102,6,1318668
28916314,9,1318668
28917527,8,1317795
28918740,6,1317795
28919951,7,1317795
28921164,5,1317795
28922377,7,1317795
28923588,5,1317795
28924801,6,1317795
28926013,4,1317795
28927226,7,1317795
28928438,7,1317590
28929651,5,1317590
28930864,6,1317590
28932075,6,1317590
28933288,6,1317590
28934500,6,1317590
28935713,7,1317590
28936925,8,1317590
28938137,8,1317590
28939351,8,1321289
28940563,6,1321289
28941775,6,1321289
28942988,8,1321289
28944199,7,1321289
28945412,6,1321289
28946624,7,1321289
28947837,7,1321289
28949049,7,1321289
28950262,7,1318720
28951474,3,1318720
28952686,5,1318720
28953899,7,1318720
28955112,4,1318720
28956324,5,1318720
28957536,5,1318720
28958749,11,1318720
28959961,10,1318720
28961173,6,1320776
28962386,3,1320776
28963598,6,1320776
28964810,4,1320776
28966023,7,1320776
28967235,9,1320776
28968448,13,1320776
28969660,9,1320776
28970872,7,1320776
28972085,8,1319388
28973298,3,1319388
28974510,7,1319388
28981784,3,1319388
28982997,5,1321084
28984209,4,1321084
28985421,5,1321084
28986634,7,1321084
28987846,8,1321084
28989059,6,1321084
28990272,7,1321084
28991484,7,1321084
28992696,7,1321084
28993909,6,1315945
28995121,4,1317024
28996334,6,1317024
28997546,3,1317024
28998758,6,1317024
28999971,4,1317024
29001183,5,1317024
29002395,4,1317024
29003607,5,1317024
29004821,4,1317024
29006033,3,1318617
29007244,3,1318617
29008457,5,1318617
29009669,2,1318617
29010881,4,1318617
29012094,3,1318617
29013306,1,1318617
29014520,4,1318617
29015731,4,1318617
29016943,4,1321135
29018156,2,1321135
29019369,3,1321135
29020581,5,1321135
29021793,4,1321135
29023006,5,1321135
29024218,5,1321135
29025431,3,1321135
29026643,3,1321135
29027855,4,1316767
29029067,4,1316767
29030280,5,1316767
29031493,4,1316767
29032705,5,1316767
29033917,3,1316767
29035130,5,1316767
29036342,5,1316767
29037555,7,1316767
29038767,3,1316716
29039979,4,1316716
29041192,3,1316716
29042404,4,1316716
29043616,3,1316716
29044829,4,1316716
29046041,5,1316716
29047254,9,1316716
29048467,1,1316716
29049678,5,1316792
29050891,7,1323448
29052104,5,1323448
29053316,5,1323448
29054529,5,1323448
29055741,5,1323448
29056953,3,1323448
29058165,9,1323448
29066652,2,1323448
29067864,7,1323448
29069076,7,1323448
29070289,6,1315482
29071501,2,1315482
29072714,3,1315482
29073926,5,1315482
29075138,6,1315482
29076351,5,1315482
29077563,8,1315482
29078775,6,1315482
29079988,7,1315482
29081201,8,1315482
29082413,7,1321289
29083626,6,1321289
29084837,8,1321289
29086051,8,1321289
29087262,6,1321289
29088475,5,1321289
29089687,9,1321289
29090900,6,1321289
29092112,5,1321289
29093324,9,1318926
29094537,4,1318926
29095750,12,1318926
29096961,7,1318926
29098174,7,1318926
29099386,6,1318926
29100599,5,1318926
29101811,2,1318926
29103024,8,1318926
29104237,5,1319902
29105449,7,1319902
29106661,7,1319902
29107873,8,1319902
29109086,6,1319902
29110299,8,1319902
29111510,7,1319902
29112722,9,1319902
29113935,6,1319902
29115147,5,1318720
29116360,2,1318720
29117572,7,1318720
29118785,4,1318720
29119997,7,1318720
29121209,8,1318720
29122421,6,1318720
29123634,8,1318720
29124846,5,1318720
29126058,6,1318103
29127271,0,1318103
29128483,3,1318103
29129695,5,1318103
29130909,6,1318103
29132121,9,1318103
29133333,7,1318103
29134545,8,1318103
29135757,8,1318103
29136969,7,1320827
29138182,6,1320827
29139394,4,1320827
29140607,3,1320827
29141819,4,1320827
29143031,6,1320827
29150305,2,1320827
29151517,7,1320827
29152730,8,1320827
29153942,7,1320827
29155154,3,1320827
29156366,8,1320827
29157579,6,1320827
29158791,6,1319799
29160004,4,1319799
29161216,7,1319799
29162429,7,1319799
29163641,7,1319799
29164854,7,1319799
29166066,5,1319799
29167279,6,1319799
29168490,7,1319799
29169703,7,1316459
29170916,3,1316459
29172128,5,1316459
29173341,4,1316459
29174552,5,1316459
29175765,4,1316459
29176977,7,1316459
29178191,4,1316459
29179402,9,1316459
29180615,6,1321033
29181827,6,1318000
29183040,4,1318000
29184251,7,1318000
29185465,4,1318000
29186676,3,1318000
29187889,4,1318000
29189101,4,1318000
29190313,3,1318000
29191526,2,1318000
29192738,3,1318823
29193951,4,1318823
29195164,4,1318823
29196375,3,1318823
29197588,3,1318823
29198801,4,1318823
29200013,4,1318823
29201225,5,1318823
29202438,6,1318823
29203649,4,1315328
29204862,5,1315328
29206074,4,1315328
29207287,3,1315328
29208500,2,1315328
29209711,4,1315328
29210924,8,1315328
29212136,5,1315328
29213349,5,1315328
29214561,5,1316305
29215774,4,1316305
29216986,7,1316305
29218199,3,1316305
29219411,4,1316305
29220624,2,1316305
29221836,5,1316305
29223048,5,1316305
29224260,5,1316305
29225473,4,1316305
29226685,7,1316305
29235172,12,1316305
29236384,4,1316218
29237597,4,1320570
29238809,5,1320570
29240022,5,1320570
29241234,6,1320570
29242447,7,1320570
29243659,5,1320570
29244872,6,1320570
29246084,5,1320570
29247296,2,1320502
29248509,5,1316150
29249721,3,1316150
29250934,4,1316150
29252146,5,1316150
29253358,5,1316150
29254571,5,1316150
29255783,4,1316150
29256995,6,1316150
29258208,5,1316150
29259421,3,1316150
29260634,8,1316150
29261845,7,1316150
29263058,11,1316150
29264270,6,1316150
29265483,4,1316150
29266695,5,1316150
29267908,5,1316150
29269121,9,1318514
29270332,0,1318514
29271545,6,1318514
29272757,10,1318514
29273970,6,1318514
29275182,6,1318514
29276395,9,1318514
29277608,4,1318514
29278820,7,1318514
29280032,9,1322523
29281245,7,1322523
29282457,7,1322523
29283669,5,1322523
29284882,7,1322523
29286094,5,1322523
29287307,4,1322523
29288519,6,1322523
29289732,9,1322523
29290945,6,1319080
29292157,3,1319080
29293370,10,1319080
29294582,7,1319080
29295795,4,1319080
29297007,7,1319080
29298219,7,1319080
29299432,7,1319080
29300644,5,1319080
29301857,4,1321341
29303069,5,1321341
29304282,6,1321341
29305495,6,1321341
29306707,6,1321341
29307919,4,1321341
29309132,7,1321341
29310344,6,1321341
29311556,4,1321341
29318831,7,1321341
29320044,4,1321341
29321256,6,1321341
29322468,3,1321341
29323681,6,1318412
29324893,6,1318412
29326106,7,1318412
29327318,5,1318412
29328531,4,1318412
29329744,6,1318412
29330957,9,1318412
29332169,6,1318412
29333381,7,1318412
29334593,7,1320519
29335806,2,1320519
29337018,7,1320519
29338231,6,1320519
29339444,10,1320519
29340656,7,1320519
29341869,7,1320519
29343081,4,1320519
29344293,7,1320519
29345506,6,1320210
29346718,5,1320210
29347930,8,1320210
29349142,5,1320210
29350355,7,1320210
29351568,7,1320210
29352780,9,1320210
29353993,5,1320210
29355205,5,1320210
29356417,6,1317795
29357630,4,1317795
29358842,6,1317795
29360055,11,1317795
29361268,9,1317795
29362480,4,1317795
29363692,3,1317795
29364905,6,1317795
29366117,8,1317795
29367329,7,1319594
29368542,6,1320981
29369754,9,1320981
29370966,4,1320981
29372179,4,1320981
29373391,2,1320981
29374603,4,1320981
29375816,4,1320981
29377029,5,1320981
29378241,4,1320981
29379453,5,1317949
29380665,6,1317949
29381877,5,1317949
29383090,4,1317949
29384303,4,1317949
29385514,4,1317949
29386727,5,1317949
29387939,3,1317949
29389152,6,1317949
29390364,4,1323962
29391577,3,1323962
29392789,4,1323962
29394001,5,1323962
29395214,2,1323962
29403700,17,1323962
29404914,8,1323962
29406125,4,1323962
29407338,8,1323962
29408551,5,1323962
29409763,4,1323962
29410974,7,1316407
29412187,3,1316407
29413400,4,1316407
29414612,5,1316407
29415824,5,1316407
29417037,3,1316407
29418249,7,1316407
29419463,3,1316407
29420674,3,1316407
29421887,3,1316407
29423099,3,1316436
29424312,5,1310292
29425525,7,1310292
29426736,6,1310292
29427949,2,1310292
29429161,5,1310292
29430374,6,1310292
29431586,4,1310292
29432799,4,1310292
29434011,5,1310366
29435223,6,1316510
29436436,4,1316510
29437648,4,1316510
29438860,4,1316510
29440073,4,1316510
29441285,5,1316510
29442497,5,1316510
29443710,5,1316510
29444922,4,1316510
29446135,2,1316510
29447347,8,1316510
29448559,6,1316510
29449772,5,1316510
29450984,5,1316510
29452197,7,1316510
29453409,6,1316510
29454621,6,1317846
29455834,4,1317846
29457046,4,1317846
29458258,8,1317846
29459471,5,1317846
29460683,4,1317846
29461896,5,1317846
29463109,6,1317846
29464321,5,1317846
29465533,6,1317846
29466745,10,1319080
29467958,4,1319080
29469170,7,1319080
29470383,7,1319080
29471596,6,1319080
29472808,5,1319080
29474021,7,1319080
29475233,5,1319080
29476445,9,1319080
29477658,9,1320365
29478871,4,1320365
29480083,8,1320365
29487361,5,1320365
29488570,6,1319439
29489783,6,1319439
29490996,9,1319439
29492209,7,1319439
29493421,6,1319439
29494633,8,1319439
29495845,6,1319439
29497058,9,1319439
29498270,5,1319439
29499483,5,1320210
29500695,4,1320210
29501908,6,1320210
29503121,7,1320210
29504333,7,1320210
29505545,10,1320210
29506758,6,1320210
29507970,8,1320210
29509183,7,1320210
29510396,3,1319131
29511608,3,1319131
29512820,6,1319131
29514033,8,1319131
29515245,7,1319131
29516457,7,1319131
29517670,7,1319131
29518883,8,1319131
29520095,7,1319131
29521308,5,1320210
29522521,4,1320210
29523733,7,1320210
29524945,5,1320210
29526157,9,1320210
29527370,7,1320210
29528582,7,1320210
29529794,3,1320210
29531007,7,1320210
29532219,7,1318206
29533433,5,1318206
29534644,7,1318206
29535857,7,1318206
29537069,6,1318206
29538282,6,1318206
29539494,6,1318206
29540707,7,1318206
29541919,7,1318206
29543131,6,1315328
29544344,2,1315328
29545557,8,1315328
29546769,8,1315328
29547982,9,1315328
29549195,7,1315328
29550406,5,1315328
29551619,5,1315328
29552831,7,1315328
29554044,6,1321033
29555256,5,1320365
29556469,2,1320365
29557681,2,1320365
29558894,4,1320365
29560106,4,1320365
29561319,5,1320365
29562531,4,1320365
29563744,2,1320365
29572232,5,1320365
29573444,7,1320365
29574656,4,1320365
29575869,8,1318155
29577081,4,1318309
29578293,5,1318309
29579506,2,1318309
29580718,3,1318309
29581931,3,1318309
29583143,4,1318309
29584356,4,1318309
29585568,4,1318309
29586780,5,1318309
29587993,5,1322215
29589206,4,1322215
29590418,5,1322215
29591631,4,1322215
29592842,4,1322215
29594056,9,1322215
29595267,3,1322215
29596480,3,1322215
29597693,4,1322215
29598905,4,1316664
29600118,4,1316664
29601330,4,1316664
29602543,5,1316664
29603755,6,1316664
29604967,5,1316664
29606180,4,1316664
29607392,4,1316664
29608606,3,1316664
29609817,5,1316784
29611030,4,1321392
29612242,5,1321392
29613456,5,1321392
29614667,4,1321392
29615880,5,1321392
29617093,2,1321392
29618305,3,1321392
29619518,4,1321392
29620730,4,1321369
29621942,3,1315225
29623155,5,1315225
29624368,5,1315225
29625581,3,1315225
29626792,4,1315225
29628005,5,1315225
29629218,2,1315225
29630430,3,1315225
29631643,5,1315225
29632855,4,1315225
29634068,6,1315225
29635281,7,1315225
29636493,7,1315225
29637706,7,1315225
29638918,6,1315225
29640130,5,1315225
29641343,7,1326120
29642556,4,1326120
29643769,4,1326120
29644980,4,1326120
29646193,6,1326120
29647406,6,1326120
29648618,4,1326120
29657106,6,1326120
29658318,6,1326120
29659531,7,1326120
29660744,10,1326120
29661956,7,1326120
29663169,5,1326120
29664381,4,1316664
29665593,5,1316664
29666806,4,1316664
29668018,7,1316664
29669231,9,1316664
29670444,10,1316664
29671656,10,1316664
29672869,5,1316664
29674081,5,1316664
29675293,6,1318103
29676506,3,1318103
29677718,7,1318103
29678931,9,1318103
29680144,8,1318103
29681356,8,1318103
29682568,7,1318103
29683781,2,1318103
29684993,6,1318103
29686206,6,1318823
29687419,3,1318823
29688631,6,1318823
29689843,7,1318823
29691057,10,1318823
29692269,8,1318823
29693482,6,1318823
29694694,6,1318823
29695906,6,1318823
29697119,6,1320519
29698331,3,1320519
29699544,8,1320519
29700756,12,1320519
29701969,6,1320519
29703182,8,1320519
29704394,5,1320519
29705606,5,1320519
29706819,7,1320519
29708031,6,1316664
29709244,7,1316664
29710456,7,1316664
29711669,5,1316664
29712881,8,1316664
29714094,7,1316664
29715306,7,1316664
29716519,7,1316664
29717731,7,1316664
29718944,7,1319594
29720156,5,1319594
29721369,7,1319594
29722581,4,1319594
29723794,6,1319594
29725006,7,1319594
29726219,7,1319594
29727431,5,1319594
29728643,6,1319594
29729856,7,1319491
29731069,4,1319491
29732281,6,1319491
29733493,9,1319491
29740768,6,1316921
29741981,5,1317281
29743193,4,1317281
29744406,4,1317281
29745619,3,1317281
29746830,5,1317281
29748043,4,1317281
29749256,9,1317281
29750468,5,1317281
29751681,3,1317281
29752893,3,1317024
29754106,4,1317024
29755318,2,1317024
29756531,5,1317024
29757743,6,1317024
29758956,4,1317024
29760168,5,1317024
29761382,4,1317024
29762594,4,1317024
29763806,2,1322934
29765018,4,1322934
29766231,3,1322934
29767444,6,1322934
29768657,5,1322934
29769869,5,1322934
29771081,2,1322934
29772294,4,1322934
29773507,3,1322934
29774719,5,1320621
29775933,4,1320621
29777144,3,1320621
29778357,6,1320621
29779570,3,1320621
29780783,4,1320621
29781994,6,1320621
29783207,3,1320621
29784420,6,1320621
29785632,4,1318720
29786844,1,1318720
29788057,5,1318720
29789269,5,1318720
29790482,2,1318720
29791695,4,1318720
29792907,4,1318720
29794119,5,1318720
29795332,3,1318720
29796544,5,1318668
29797758,9,1318412
29798969,5,1318412
29800182,5,1318412
29801394,3,1318412
29802608,3,1318412
29803819,5,1318412
29805032,3,1318412
29806244,9,1318412
29807457,3,1318573
29808669,3,1320621
29809882,4,1320621
29811094,4,1320621
29812307,5,1320621
29813519,4,1320621
29814732,5,1320621
29815945,4,1320621
29817157,9,1320621
29825645,3,1320621
29826857,7,1320621
29828069,7,1312193
29829282,6,1312193
29830494,4,1312193
29831707,8,1312193
29832919,4,1312193
29834131,6,1312193
29835344,5,1312193
29836556,8,1312193
29837769,6,1312193
29838981,7,1312193
29840193,7,1319491
29841406,5,1319491
29842619,11,1319491
29843831,4,1319491
29845043,9,1319491
29846256,7,1319491
29847468,5,1319491
29848680,6,1319491
29849894,10,1319491
29851105,5,1318463
29852318,1,1318463
29853531,7,1318463
29854743,7,1318463
29855955,8,1318463
29857168,7,1318463
29858381,9,1318463
29859593,7,1318463
29860805,4,1318463
29862018,9,1317332
29863230,4,1317332
29864443,7,1317332
29865655,7,1317332
29866867,7,1317332
29868080,4,1317332
29869293,5,1317332
29870506,5,1317332
29871718,4,1317332
29872930,6,1318823
29874142,3,1318823
29875355,8,1318823
29876568,9,1318823
29877780,6,1318823
29878993,5,1318823
29880205,6,1318823
29881417,5,1318823
29882630,5,1318823
29883842,3,1315379
29885056,8,1315379
29886268,6,1315379
29887480,5,1315379
29888692,7,1315379
29889905,6,1315379
29891117,7,1315379
29892330,6,1315379
29893543,9,1315379
29894755,8,1320930
29895967,5,1320930
29897179,6,1320930
29898393,6,1320930
29899605,10,1320930
29900817,5,1320930
29902029,6,1320930
29909305,3,1320930
29910517,6,1320930
29911730,8,1320930
29912942,6,1320930
29914155,4,1320930
29915367,6,1320930
29916580,3,1321957
29917792,3,1321957
29919005,6,1321957
29920218,6,1321957
29921431,9,1321957
29922642,5,1321957
29923855,7,1321957
29925067,6,1321957
29926281,5,1321957
29927493,7,1317487
29928705,4,1318309
29929918,4,1318309
29931130,3,1318309
29932343,4,1318309
29933556,5,1318309
29934768,3,1318309
29935981,6,1318309
29937193,4,1318309
29938405,3,1318309
29939618,5,1318874
29940830,4,1318874
29942043,4,1318874
29943255,7,1318874
29944468,4,1318874
29945680,5,1318874
29946893,3,1318874
29948105,1,1318874
29949317,3,1318874
29950531,5,1318977
29951742,4,1318977
29952955,7,1318977
29954167,4,1318977
29955380,3,1318977
29956593,5,1318977
29957805,6,1318977
29959018,5,1318977
29960230,3,1318977
29961443,5,1320262
29962655,4,1320262
29963868,3,1320262
29965080,4,1320262
29966292,0,1320262
29967505,3,1320262
29968717,4,1320262
29969930,6,1320262
29971143,4,1320262
29972355,2,1316407
29973568,3,1316407
29974780,5,1316407
29975993,4,1316407
29977205,5,1316407
29978417,4,1316407
29979630,5,1316407
29980842,5,1316407
29982055,7,1316407
29983267,4,1316467
29984479,3,1318771
29985692,8,1318771
29994180,14,1318829
29995392,5,1320621
29996605,6,1320621
29997817,4,1320621
29999030,5,1320621
30000242,5,1320621
30001455,7,1320621
30002667,4,1320621
30003879,4,1320621
30005092,4,1320580
30006305,4,1320580
30007517,9,1320580
30008729,5,1320580
30009942,7,1320580
30011154,5,1320580
30012366,7,1320580
30013580,9,1320580
30014792,5,1323140
30016004,5,1323140
30017216,3,1323140
30018429,7,1323140
30019641,8,1323140
30020854,6,1323140
30022067,5,1323140
30023279,10,1323140
30024492,4,1323140
30025704,3,1323140
30026917,6,1317075
30028129,5,1317075
30029341,8,1317075
30030554,6,1317075
30031766,5,1317075
30032979,8,1317075
30034192,5,1317075
30035405,4,1317075
30036616,7,1317075
30037829,7,1318309
30039042,4,1318309
30040254,6,1318309
30041466,7,1318309
30042679,8,1318309
30043891,9,1318309
30045105,4,1318309
30046317,6,1318309
30047529,7,1318309
30048742,4,1318514
30049955,3,1318514
30051167,8,1318514
30052379,5,1318514
30053592,5,1318514
30054805,5,1318514
30056017,9,1318514
30057229,7,1318514
30058441,9,1318514
30059654,6,1316767
30060867,4,1316767
30062080,5,1316767
30063292,6,1316767
30064504,6,1316767
30065717,6,1316767
30066929,3,1316767
30068142,6,1316767
30069354,7,1316767
30070567,4,1316767
30077842,10,1316767
30079054,11,1316767
30080267,9,1316767
30081480,6,1317795
30082692,3,1317795
30083905,5,1317795
30085117,8,1317795
30086329,4,1317795
30087543,5,1317795
30088755,11,1317795
30089967,8,1317795
30091179,7,1317795
30092392,7,1320879
30093605,5,1320879
30094817,8,1320879
30096029,6,1320879
30097242,6,1320879
30098455,7,1320879
30099667,6,1320879
30100879,9,1320879
30102092,5,1320879
30103305,7,1319439
30104516,3,1319439
30105729,7,1319439
30106942,6,1319439
30108154,7,1319439
30109367,6,1319439
30110579,5,1319439
30111792,2,1319439
30113004,6,1319439
30114217,9,1320005
30115429,3,1320005
30116641,8,1320005
30117854,8,1320005
30119066,5,1320005
30120279,6,1320005
30121492,7,1320005
30122704,7,1320005
30123916,5,1320005
30125129,8,1319336
30126342,3,1321187
30127554,4,1321187
30128766,3,1321187
30129979,5,1321187
30131192,3,1321187
30132404,5,1321187
30133617,4,1321187
30134829,4,1321187
30136041,3,1321187
30137254,7,1318926
30138467,3,1318926
30139679,5,1318926
30140892,4,1318926
30142105,5,1318926
30143317,4,1318926
30144529,4,1318926
30145742,5,1318926
30146954,5,1318926
30148167,2,1319645
30149379,3,1319645
30150592,4,1319645
30151804,5,1319645
30153017,6,1319645
30154230,4,1319645
30162717,11,1319645
30163930,6,1319645
30165142,8,1319645
30166355,8,1319645
30167568,4,1319645
30168780,4,1314969
30169992,4,1314969
30171205,6,1314969
30172417,5,1314969
30173630,2,1314969
30174842,2,1314969
30176055,6,1314969
30177267,0,1314969
30178480,2,1314969
30179692,5,1314969
30180905,5,1314869
30182117,2,1315637
30183330,3,1315637
30184542,4,1315637
30185755,6,1315637
30186967,5,1315637
30188180,1,1315637
30189392,2,1315637
30190605,0,1315637
30191817,4,1315688
30193030,5,1315688
30194243,6,1315688
30195455,7,1315688
30196667,5,1315688
30197880,5,1315688
30199093,0,1315688
30200305,4,1315688
30201518,6,1315688
30202730,4,1315688
30203942,5,1315688
30205155,5,1315688
30206368,7,1315688
30207580,7,1315688
30208793,6,1315688
30210005,5,1315688
30211217,7,1315688
30212431,7,1316921
30213642,3,1316921
30214855,3,1316921
30216068,7,1316921
30217280,9,1316921
30218492,7,1316921
30219705,5,1316921
30220918,5,1316921
30222130,8,1316921
30223342,7,1316921
30224554,7,1317641
30225767,5,1317641
30226980,6,1317641
30228193,8,1317641
30229405,7,1317641
30230617,8,1317641
30231830,5,1317641
30233042,3,1317641
30234255,7,1317641
30235467,6,1320724
30236680,5,1320724
30237892,6,1320724
30239105,7,1316973
30246383,9,1316973
30247592,2,1316973
30248805,7,1316973
30250018,5,1316973
30251230,6,1316973
30252443,5,1316973
30253655,5,1316973
30254868,4,1316973
30256081,2,1316973
30257293,3,1316973
30258505,5,1316973
30259718,5,1316973
30260930,8,1316973
30262143,6,1316973
30263356,5,1316973
30264568,6,1316973
30265780,4,1316973
30266993,6,1316973
30268205,5,1317538
30269418,4,1317538
30270631,8,1317538
30271843,9,1317538
30273055,6,1317538
30274267,10,1317538
30275480,5,1317538
30276692,3,1317538
30277906,6,1317538
30279117,6,1317487
30280330,4,1317487
30281543,5,1317487
30282755,9,1317487
30283967,7,1317487
30285180,4,1317487
30286392,4,1317487
30287604,9,1317487
30288817,3,1317487
30290029,3,1319902
30291242,5,1319902
30292455,9,1319902
30293667,7,1319902
30294879,5,1319902
30296092,4,1319902
30297305,9,1319902
30298516,4,1319902
30299729,5,1319902
30300942,7,1318360
30302154,4,1318360
30303366,6,1318360
30304578,7,1318360
30305791,5,1318360
30307004,4,1318360
30308217,7,1318360
30309429,7,1318360
30310641,5,1318360
30311854,5,1318000
30313066,4,1317332
30314279,4,1317332
30315491,3,1317332
30316704,4,1317332
30317916,3,1317332
30319129,5,1317332
30320341,5,1317332
30321554,6,1317332
30322766,5,1317332
30331253,6,1317332
30332466,6,1317332
30333678,6,1320879
30334891,4,1320879
30336104,4,1320879
30337316,4,1320879
30338528,4,1320879
30339741,5,1320879
30340953,5,1320879
30342166,4,1320879
30343378,3,1320879
30344591,5,1320879
30345803,6,1319542
30347016,5,1319542
30348228,4,1319542
30349441,5,1319542
30350653,7,1319542
30351865,5,1319542
30353078,4,1319542
30354290,3,1319542
30355504,2,1319542
30356715,6,1320724
30357928,6,1320724
30359141,4,1320724
30360354,3,1320724
30361566,4,1320724
30362778,5,1320724
30363990,3,1320724
30365203,6,1320724
30366416,5,1320724
30367629,6,1320913
30368841,3,1316561
30370054,6,1316561
30371265,4,1316561
30372478,4,1316561
30373690,6,1316561
30374903,5,1316561
30376116,3,1316561
30377328,5,1316561
30378540,3,1316359
30379753,9,1317127
30380965,6,1317127
30382178,4,1317127
30383390,3,1317127
30384604,5,1317127
30385815,5,1317127
30387028,4,1317127
30388240,4,1317127
30389453,6,1317127
30390666,4,1317127
30391878,6,1317127
30393090,6,1317127
30394303,6,1317127
30395515,5,1317127
30396728,7,1317127
30397940,6,1317127
30399153,8,1317590
30400365,4,1317590
30401578,5,1317590
30402790,3,1317590
30404002,7,1317590
30405214,6,1317590
30406427,8,1317590
30407639,6,1317590
30416126,8,1317590
30417339,8,1317590
30418552,7,1317590
30419764,4,1317590
30420977,8,1317590
30422189,7,1317384
30423401,4,1317384
30424613,7,1317384
30425825,2,1317384
30427038,6,1317384
30428250,6,1317384
30429463,7,1317384
30430676,8,1317384
30431888,7,1317384
30433101,5,1317487
30434312,4,1317487
30435525,7,1317487
30436737,5,1317487
30437950,7,1317487
30439162,8,1317487
30440375,6,1317487
30441587,8,1317487
30442799,4,1317487
30444012,7,1320262
30445224,5,1320262
30446437,5,1320262
30447649,8,1320262
30448862,6,1320262
30450074,8,1320262
30451287,8,1320262
30452500,6,1320262
30453712,8,1320262
30454925,8,1321803
30456136,5,1321803
30457349,6,1321803
30458561,8,1321803
30459774,7,1321803
30460986,6,1321803
30462199,7,1321803
30463411,7,1321803
30464624,7,1321803
30465836,7,1317641
30467049,6,1317641
30468261,4,1317641
30469473,5,1317641
30470685,10,1317641
30471898,8,1317641
30473111,9,1317641
30474323,6,1317641
30475535,9,1317641
30476748,9,1318977
30477960,4,1318977
30479172,8,1318977
30480385,6,1318977
30481597,6,1318977
30482810,4,1318977
30484022,5,1318977
30485234,7,1318977
30486447,7,1318977
30487659,5,1319388
30488872,3,1319388
30490085,5,1319388
30491297,5,1319388
30492509,3,1315431
30499784,2,1315431
30500997,6,1315431
30502209,8,1315431
30503421,7,1315431
30504633,7,1315431
30505846,8,1315431
30507058,8,1315431
30508271,7,1315431
30509484,3,1320056
30510696,5,1316202
30511908,3,1316202
30513121,4,1316202
30514333,3,1316202
30515546,5,1316202
30516758,7,1316202
30517970,5,1316202
30519184,2,1316202
30520395,3,1316202
30521608,3,1322163
30522821,4,1322163
30524033,5,1322163
30525245,7,1322163
30526458,3,1322163
30527671,5,1322163
30528883,6,1322163
30530096,3,1322163
30531308,6,1322163
30532521,5,1320365
30533733,4,1320365
30534945,4,1320365
30536158,4,1320365
30537370,6,1320365
30538583,4,1320365
30539795,5,1320365
30541008,4,1320365
30542220,5,1320365
30543433,5,1319696
30544645,4,1319696
30545858,4,1319696
30547070,5,1319696
30548283,4,1319696
30549496,3,1319696
30550707,5,1319696
30551920,4,1319696
30553133,4,1319696
30554345,3,1319755
30555558,6,1321803
30556770,4,1321803
30557982,4,1321803
30559195,4,1321803
30560407,6,1321803
30561620,4,1321803
30562832,5,1321803
30564045,5,1321803
30565257,5,1321796
30566469,3,1319748
30567681,3,1319748
30568894,3,1319748
30570106,3,1319748
30571319,4,1319748
30572532,4,1319748
30573744,6,1319748
30574957,5,1319748
30576169,10,1319748
30584656,3,1319748
30585869,5,1319748
30587081,2,1319748
30588293,6,1319748
30589506,7,1319748
30590719,5,1319748
30591930,8,1319748
30593144,6,1319748
30594356,8,1319748
30595568,11,1319748
30596781,7,1319748
30597993,7,1317127
30599206,5,1317127
30600418,6,1317127
30601630,7,1317127
30602843,6,1317127
30604056,12,1317127
30605268,7,1317127
30606480,7,1317127
30607693,3,1317127
30608905,4,1318874
30610118,3,1318874
30611330,8,1318874
30612544,8,1318874
30613756,8,1318874
30614969,8,1318874
30616181,6,1318874
30617393,5,1318874
30618605,6,1318874
30619818,6,1317744
30621030,2,1317744
30622243,6,1317744
30623456,9,1317744
30624668,9,1317744
30625881,4,1317744
30627093,7,1317744
30628305,6,1317744
30629518,5,1317744
30630731,5,1318514
30631942,7,1318514
30633156,5,1318514
30634368,7,1318514
30635580,7,1318514
30636792,6,1318514
30638005,8,1318514
30639217,8,1318514
30640430,6,1318514
30641642,7,1318052
30642855,6,1318052
30644068,8,1318052
30645280,8,1318052
30646492,7,1318052
30647704,7,1318052
30648917,6,1318052
30650129,4,1318052
30651341,7,1318052
30652555,7,1320365
30653766,4,1320365
30654979,9,1320365
30656192,7,1320365
30657405,6,1320365
30658617,8,1320365
30659829,8,1320365
30661041,7,1320365
30668316,2,1320365
30669529,3,1320365
30670741,8,1320365
30671954,6,1320365
30673167,3,1320365
30674380,8,1316767
30675592,6,1316767
30676804,5,1316767
30678017,5,1316767
30679229,7,1316767
30680442,6,1316767
30681654,8,1316767
30682867,7,1316767
30684080,4,1316767
30685293,7,1320724
30686504,3,1319234
30687717,3,1319234
30688930,5,1319234
30690142,4,1319234
30691355,4,1319234
30692567,4,1319234
30693780,4,1319234
30694993,5,1319234
30696205,5,1319234
30697417,2,1317127
30698630,4,1317127
30699842,3,1317127
30701055,7,1317127
30702267,2,1317127
30703480,2,1317127
30704693,7,1317127
30705905,2,1317127
30707117,3,1317127
30708330,4,1316253
30709543,6,1316253
30710755,8,1316253
30711968,4,1316253
30713180,3,1316253
30714393,4,1316253
30715605,4,1316253
30716818,3,1316253
30718030,5,1316253
30719242,6,1321135
30720455,6,1321135
30721667,-1,1321135
30722879,4,1321135
30724091,3,1321135
30725304,4,1321135
30726516,4,1321135
30727728,3,1321135
30728941,2,1321135
30730153,2,1316561
30731366,4,1316561
30732578,4,1316561
30733790,4,1316561
30735003,4,1316561
30736215,6,1316561
30737427,5,1316561
30738640,5,1316561
30739852,6,1316561
30741065,5,1316366
30742277,4,1318926
30743489,2,1318926
30744702,7,1319034
30753188,16,1320570
30754400,5,1320570
30755613,4,1320570
30756826,3,1320570
30758038,4,1320570
30759250,9,1320570
30760462,6,1320570
30761674,5,1320570
30762887,5,1320570
30764100,4,1320570
30765311,7,1320570
30766524,7,1320570
30767737,6,1320570
30768949,6,1320570
30770161,7,1320570
30771373,5,1320570
30772586,5,1320570
30773798,3,1320570
30775010,4,1320570
30776223,9,1320570
30777435,6,1320570
30778648,9,1320570
30779860,5,1320570
30781072,7,1320570
30782285,7,1320570
30783498,4,1320570
30784710,4,1319953
30785922,5,1319953
30787134,6,1319953
30788346,10,1319953
30789559,8,1319953
30790771,5,1319953
30791984,4,1319953
30793196,6,1319953
30794409,6,1319953
30795621,5,1318258
30796832,5,1318258
30798045,7,1318258
30799257,6,1318258
30800469,7,1318258
30801681,6,1318258
30802894,8,1318258
30804107,7,1318258
30805318,9,1318258
30806531,8,1320210
30807744,5,1320210
30808955,7,1320210
30810167,7,1320210
30811381,9,1320210
30812592,8,1320210
30813804,5,1320210
30815017,9,1320210
30816229,7,1320210
30817441,9,1315791
30818654,3,1315791
30819866,6,1315791
30821078,3,1315791
30822291,7,1315791
30823502,4,1315791
30824715,6,1315791
30825927,6,1315791
30827139,4,1315791
30828352,11,1318977
30829564,6,1318977
30838050,9,1318977
30839262,8,1317127
30840475,3,1317127
30841686,5,1317127
30842899,6,1317127
30844112,5,1317127
30845323,4,1317127
30846536,8,1317127
30847748,10,1317127
30848960,6,1317127
30850173,6,1320570
30851384,2,1320570
30852597,4,1320570
30853809,3,1320570
30855021,7,1320570
30856233,7,1320570
30857445,8,1320570
30858659,5,1320570
30859871,7,1320570
30861082,6,1319953
30862295,5,1319953
30863507,6,1319953
30864719,6,1319953
30865932,4,1319953
30867143,7,1319953
30868356,6,1319953
30869568,7,1319953
30870781,4,1319953
30871993,3,1321238
30873205,5,1320262
30874417,5,1320262
30875630,6,1320262
30876843,5,1320262
30878054,7,1320262
30879267,5,1320262
30880479,3,1320262
30881691,4,1320262
30882903,5,1320262
30884116,5,1314455
30885328,2,1314455
30886541,4,1314455
30887753,7,1314455
30888966,5,1314455
30890178,4,1314455
30891390,5,1314455
30892602,4,1314455
30893815,5,1314455
30895028,4,1319953
30896240,5,1319953
30897453,9,1319953
30898664,4,1319953
30899877,3,1319953
30901089,3,1319953
30902302,3,1319953
30903514,6,1319953
30904727,5,1319953
30905940,5,1319131
30907151,4,1319131
30908364,6,1319131
30909576,4,1319131
30910788,3,1319131
30912001,4,1319131
30913213,4,1319131
30914425,3,1319131
30922911,5,1319131
30924124,7,1319131
30925337,5,1319131
30926549,7,1321238
30927761,4,1321468
30928973,3,1314300
30930186,4,1314300
30931397,5,1314300
30932610,3,1314300
30933823,4,1314300
30935034,6,1314300
30936247,6,1314300
30937460,5,1314300
30938671,3,1314216
30939884,5,1319080
30941096,2,1319080
30942308,6,1319080
30943521,4,1319080
30944733,3,1319080
30945945,2,1319080
30947158,7,1319080
30948370,4,1319080
30949582,3,1319080
30950794,3,1319080
30952007,6,1319080
30953219,8,1319080
30954431,9,1319080
30955644,7,1319080
30956856,7,1319080
30958069,5,1319080
30959281,6,1319594
30960493,4,1319594
30961705,4,1319594
30962918,7,1319594
30964130,6,1319594
30965342,6,1319594
30966554,9,1319594
30967767,9,1319594
30968979,7,1319594
30970191,5,1319594
30971403,5,1315842
30972616,4,1315842
30973828,3,1315842
30975040,8,1315842
30976252,8,1315842
30977464,5,1315842
30978677,3,1315842
30979889,8,1315842
30981101,4,1315842
30982314,7,1318463
30983526,5,1318463
30984739,4,1318463
30985950,6,1318463
30987163,6,1318463
30988375,5,1318463
30989587,7,1318463
30990799,8,1318463
30992012,5,1318463
30993225,6,1318823
30994437,6,1318823
30995649,6,1318823
30996862,8,1318823
30998074,6,1318823
30999286,4,1318823
31006559,13,1318823
31007771,5,1318823
31008983,6,1318823
31010196,8,1318823
31011408,7,1318823
31012620,7,1318823
31013833,7,1318823
31015045,7,1318874
31016258,4,1318874
31017469,6,1318874
31018682,10,1318874
31019895,6,1318874
31021106,6,1318874
31022319,6,1318874
31023532,8,1318874
31024744,8,1318874
31025955,9,1315123
31027168,4,1315123
31028380,6,1315123
31029593,9,1315123
31030805,4,1315123
31032017,6,1315123
31033229,8,1315123
31034443,10,1315123
31035654,6,1315123
31036866,6,1317384
31038079,2,1317384
31039292,8,1317384
31040503,7,1317384
31041716,6,1317384
31042928,5,1317384
31044140,7,1317384
31045353,7,1317384
31046564,7,1317384
31047777,7,1317384
31048989,3,1317384
31050202,5,1317384
31051414,7,1317384
31052626,5,1317384
31053838,7,1317384
31055050,8,1317384
31056263,7,1317384
31057475,6,1317384
31058688,7,1318206
31059900,4,1318926
31061112,3,1318926
31062324,4,1318926
31063536,5,1318926
31064749,10,1318926
31065961,4,1318926
31067173,2,1318926
31068386,4,1318926
31069598,2,1318926
31070810,4,1320930
31072022,3,1320930
31073234,4,1320930
31074447,8,1320930
31075659,6,1320930
31076872,4,1320930
31078084,3,1320930
31079296,4,1320930
31080508,5,1320930
31081720,6,1320930
31082933,5,1320930
31090207,7,1320930
31091419,4,1320930
31092631,10,1319902
31093843,11,1319902
31095055,6,1319902
31096268,4,1319902
31097480,2,1319902
31098693,5,1319902
31099904,5,1319902
31101117,4,1319902
31102329,5,1319902
31103542,6,1314352
31104754,10,1314352
31105966,5,1314352
31107179,5,1314352
31108391,3,1314352
31109603,6,1314352
31110816,3,1314352
31112029,5,1314352
31113241,3,1314352
31114453,6,1314308
31115665,4,1316356
31116878,5,1316356
31118090,4,1316356
31119303,5,1316356
31120516,2,1316356
31121727,5,1316356
31122940,5,1316356
31124153,6,1316356
31125365,1,1316467
31126578,5,1318771
31127789,5,1318771
31129002,4,1318771
31130215,3,1318771
31131427,5,1318771
31132639,4,1318771
31133852,4,1318771
31135064,7,1318771
31136276,5,1318771
31137488,0,1318771
31138702,5,1318771
31139914,10,1318771
31141126,7,1318771
31142338,7,1318771
31143550,5,1318771
31144763,7,1318771
31145975,5,1316767
31147188,3,1316767
31148400,4,1316767
31149612,6,1316767
31150825,3,1316767
31152037,6,1316767
31153249,7,1316767
31154463,8,1316767
31155674,8,1316767
31156886,7,1316767
31158099,3,1316613
31159311,4,1316613
31160524,8,1316613
31161736,9,1316613
31162949,9,1316613
31164161,9,1316613
31165374,6,1316613
31166586,4,1316613
31173860,7,1316613
31175072,3,1316613
31176285,7,1316613
31177497,5,1316613
31178710,6,1316613
31179922,7,1320313
31181134,2,1320313
31182346,7,1320313
31183559,6,1320313
31184772,8,1320313
31185983,5,1320313
31187196,3,1320313
31188408,6,1320313
31189620,8,1320313
31190833,7,1317949
31192045,5,1317949
31193257,7,1317949
31194470,4,1317949
31195683,5,1317949
31196895,6,1317949
31198106,9,1317949
31199319,7,1317949
31200532,8,1317949
31201744,9,1319645
31202956,4,1319645
31204168,7,1319645
31205381,5,1319645
31206593,8,1319645
31207805,3,1319645
31209017,6,1319645
31210229,6,1319645
31211442,9,1319645
31212654,7,1319491
31213866,5,1319491
31215079,6,1319491
31216291,4,1319491
31217504,6,1319491
31218716,4,1319491
31219928,4,1319491
31221140,6,1319491
31222353,8,1319491
31223565,6,1320159
31224778,4,1320159
31225990,6,1320159
31227202,8,1320159
31228414,7,1320159
31229627,9,1320159
31230839,8,1320159
31232051,7,1320159
31233264,6,1320159
31234476,6,1318206
31235689,2,1318206
31236901,7,1318206
31238113,7,1318206
31239326,8,1318206
31240538,8,1318206
31241751,11,1318206
31242962,6,1318206
31244175,6,1318206
31245388,8,1318874
31246600,3,1315945
31247812,3,1315945
31249024,6,1315945
31250237,5,1315945
31258724,11,1315945
31259936,6,1315945
31261149,6,1315945
31262361,8,1315945
31263573,8,1315945
31264786,5,1315945
31265998,5,1315945
31267210,7,1321701
31268423,3,1321701
31269635,5,1321701
31270848,4,1321701
31272060,7,1321701
31273272,5,1321701
31274484,3,1321701
31275697,4,1321701
31276909,4,1321701
31278121,6,1321701
31279334,3,1317744
31280547,4,1317744
31281758,5,1317744
31282971,4,1317744
31284184,5,1317744
31285395,2,1317744
31286608,4,1317744
31287820,4,1317744
31289033,5,1317744
31290245,7,1320930
31291458,4,1320930
31292671,5,1320930
31293882,2,1320930
31295094,3,1320930
31296307,3,1320930
31297519,4,1320930
31298732,4,1320930
31299945,5,1320930
31301157,5,1320763
31302369,3,1317435
31303581,4,1317435
31304793,4,1317435
31306006,6,1317435
31307218,4,1317435
31308431,5,1317435
31309643,3,1317435
31310855,4,1317435
31312068,7,1317527
31313280,3,1314455
31314493,3,1314455
31315705,5,1314455
31316918,4,1314455
31318130,2,1314455
31319343,2,1314455
31320555,9,1314455
31321767,4,1314455
31322980,3,1314455
31324192,4,1314455
31325404,5,1314455
31326616,7,1314455
31327829,4,1314455
31329041,8,1314455
31330254,8,1314455
31331466,4,1314455
31332678,8,1314814
31333891,3,1314814
31335103,8,1314814
31343590,4,1314814
31344801,4,1318514
31346014,4,1318514
31347227,6,1318514
31348438,10,1318514
31349651,7,1318514
31350864,5,1318514
31352075,5,1318514
31353288,7,1318514
31354500,5,1318514
31355713,8,1317487
31356925,4,1317487
31358137,8,1317487
31359351,3,1317487
31360562,7,1317487
31361775,6,1317487
31362987,6,1317487
31364199,5,1317487
31365411,7,1317487
31366624,3,1319850
31367836,4,1319850
31369049,9,1319850
31370261,5,1319850
31371473,5,1319850
31372685,5,1319850
31373898,8,1319850
31375110,4,1319850
31376322,5,1319850
31377534,8,1319234
31378747,8,1319234
31379959,7,1319234
31381171,6,1319234
31382384,9,1319234
31383596,6,1319234
31384808,5,1319234
31386021,6,1319234
31387233,8,1319234
31388445,9,1319696
31389657,5,1319696
31390870,9,1319696
31392081,6,1319696
31393294,6,1319696
31394506,4,1319696
31395718,3,1319696
31396931,6,1319696
31398143,4,1319696
31399355,11,1319388
31400567,5,1319388
31401780,6,1319388
31402992,7,1319388
31404205,7,1319388
31405417,5,1319388
31406629,7,1319388
31407841,6,1319388
31409053,4,1319388
31410266,7,1318926
31411478,3,1318926
31412690,8,1318926
31413902,6,1318926
31415115,6,1318926
31416327,7,1318926
31417540,6,1318926
31418752,10,1318926
31419964,4,1318926
31427239,7,1318926
31428451,10,1318926
31429663,7,1318926
31430875,4,1318926
31432088,5,1316767
31433300,6,1318566
31434512,3,1318566
31435724,5,1318566
31436937,4,1318566
31438149,3,1318566
31439362,4,1318566
31440574,5,1318566
31441786,3,1318566
31442998,4,1318566
31444211,4,1315328
31445423,5,1315328
31446635,4,1315328
31447848,4,1315328
31449060,6,1315328
31450272,4,1315328
31451484,2,1315328
31452696,4,1315328
31453909,3,1315328
31455121,6,1320005
31456333,3,1320005
31457546,5,1320005
31458758,6,1320005
31459970,2,1320005
31461184,5,1320005
31462395,5,1320005
31463608,5,1320005
31464820,5,1320005
31466032,5,1318258
31467245,7,1318258
31468457,5,1318258
31469669,5,1318258
31470882,6,1318258
31472094,3,1318258
31473307,4,1318258
31474519,4,1318258
31475731,4,1318258
31476943,3,1317744
31478156,5,1317744
31479369,7,1317744
31480581,2,1317744
31481793,4,1317744
31483006,5,1317744
31484218,4,1317744
31485431,6,1317744
31486642,4,1317744
31487855,3,1317646
31489067,3,1318926
31490279,4,1318926
31491492,3,1318926
31492704,4,1318926
31493916,5,1318926
31495129,5,1318926
31496341,3,1318926
31497553,3,1318926
31498766,2,1319017
31499978,4,1315945
31501190,5,1315945
31502403,3,1315945
31503615,5,1315945
31512102,3,1315945
31513314,7,1315945
31514526,8,1315945
31515740,7,1315945
31516952,7,1315945
31518164,8,1315945
31519377,6,1318463
31520589,2,1318463
31521801,5,1318463
31523013,9,1318463
31524226,7,1318463
31525438,7,1318463
31526650,7,1318463
31527862,7,1318463
31529075,7,1318463
31530288,7,1318463
31531500,5,1316561
31532712,4,1316561
31533925,7,1316561
31535137,6,1316561
31536349,7,1316561
31537561,7,1316561
31538775,4,1316561
31539986,5,1316561
31541199,7,1316561
31542412,8,1317846
31543623,5,1317846
31544836,8,1317846
31546049,9,1317846
31547261,6,1317846
31548473,6,1317846
31549685,6,1317846
31550898,7,1317846
31552110,8,1317846
31553323,8,1316305
31554535,4,1316305
31555748,8,1316305
31556961,8,1316305
31558172,6,1316305
31559385,3,1316305
31560598,6,1316305
31561809,6,1316305
31563022,5,1316305
31564234,6,1319080
31565447,7,1319080
31566660,6,1319080
31567872,8,1319080
31569085,6,1319080
31570297,8,1319080
31571509,8,1319080
31572722,8,1319080
31573934,6,1319080
31575146,4,1318720
31576358,4,1318720
31577571,7,1318720
31578784,6,1318720
31579996,8,1318720
31581209,6,1318720
31582421,5,1318720
31583633,4,1318720
31584846,7,1318720
31586059,5,1317127
31587270,3,1317127
31588483,5,1317127
31595758,5,1317127
31596969,6,1319902
31598183,4,1319902
31599394,5,1319902
31600606,7,1319902
31601819,6,1319902
31603031,7,1319902
31604244,4,1319902
31605457,6,1319902
31606669,4,1319902
31607881,7,1319799
31609093,4,1319799
31610306,8,1319799
31611519,6,1319799
31612731,5,1319799
31613943,5,1319799
31615155,6,1319799
31616367,6,1319799
31617580,6,1319799
31618792,2,1322369
31620005,3,1314352
31621217,5,1314352
31622430,4,1314352
31623641,3,1314352
31624854,2,1314352
31626066,5,1314352
31627278,5,1314352
31628491,1,1314352
31629703,5,1314352
31630916,2,1316664
31632129,3,1316664
31633340,6,1316664
31634554,7,1316664
31635765,5,1316664
31636978,6,1316664
31638190,6,1316664
31639402,6,1316664
31640615,6,1316664
31641827,5,1315842
31643040,4,1315842
31644253,6,1315842
31645465,3,1315842
31646677,3,1315842
31647889,2,1315842
31649101,3,1315842
31650314,3,1315842
31651526,4,1315842
31652738,2,1317692
31653951,4,1317692
31655164,3,1317692
31656375,2,1317692
31657588,3,1317692
31658801,2,1317692
31660013,4,1317692
31661225,6,1317692
31662437,4,1317692
31663649,4,1318155
31664863,4,1318155
31666075,2,1318155
31667286,4,1318155
31668499,3,1318155
31669712,4,1318155
31670924,6,1318155
31672136,8,1318155
31680623,4,1318155
31681836,8,1318155
31683048,8,1318155
31684260,8,1314557
31685472,3,1314425
31686684,4,1320313
31687897,5,1320313
31689109,-1,1320313
31690321,4,1320313
31691533,5,1320313
31692746,6,1320313
31693959,4,1320313
31695170,4,1320313
31696383,5,1320313
31697596,3,1320313
31698807,4,1320313
31700020,6,1320313
31701232,7,1320313
31702445,9,1320313
31703657,3,1320313
31704870,7,1320313
31706082,7,1321084
31707294,3,1321084
31708506,3,1321084
31709720,7,1321084
31710932,7,1321084
31712144,3,1321084
31713356,8,1321084
31714568,7,1321084
31715781,5,1321084
31716993,9,1321084
31718206,7,1318668
31719418,2,1318668
31720631,7,1318668
31721843,6,1318668
31723055,9,1318668
31724268,8,1318668
31725480,5,1318668
31726692,8,1318668
31727905,7,1318668
31729117,7,1317487
31730330,5,1317487
31731541,7,1317487
31732755,12,1317487
31733966,7,1317487
31735179,4,1317487
31736391,5,1317487
31737603,9,1317487
31738815,7,1317487
31740028,6,1320673
31741241,5,1320673
31742453,7,1320673
31743665,7,1320673
31744877,9,1320673
31746090,6,1320673
31747302,6,1320673
31748514,7,1320673
31749727,9,1320673
31750939,6,1315123
31752151,7,1315123
31753364,10,1315123
31754576,6,1315123
31755789,6,1315123
31757001,7,1315123
31764275,12,1315123
31765488,5,1315123
31766701,6,1315123
31767912,8,1315123
31769125,5,1315123
31770337,6,1315123
31771549,7,1315123
31772762,5,1315842
31773974,3,1315842
31775186,5,1315842
31776399,6,1315842
31777612,6,1315842
31778824,6,1315842
31780037,6,1315842
31781249,7,1315842
31782460,5,1315842
31783673,5,1318258
31784886,4,1318258
31786098,6,1318258
31787310,7,1318258
31788523,4,1318258
31789735,7,1318258
31790947,6,1318258
31792159,7,1318258
31793372,7,1318258
31794585,8,1318000
31795797,4,1318000
31797009,6,1318000
31798222,8,1318000
31799434,5,1318000
31800646,8,1318000
31801859,8,1318000
31803071,5,1318000
31804284,7,1318000
31805496,4,1319131
31806709,5,1316253
31807921,5,1316253
31809133,5,1316253
31810345,4,1316253
31811558,5,1316253
31812771,3,1316253
31813982,4,1316253
31815194,4,1316253
31816407,4,1316253
31817619,5,1320005
31818832,2,1320005
31820044,6,1320005
31821256,4,1320005
31822469,3,1320005
31823681,6,1320005
31824893,5,1320005
31826106,3,1320005
31827318,6,1320005
31828530,3,1315791
31829743,6,1315791
31830955,4,1315791
31832167,4,1315791
31833379,5,1315791
31834592,5,1315791
31835804,4,1315791
31837017,3,1315791
31838229,4,1315791
31839442,5,1311114
31840654,7,1311114
31849140,5,1311114
31850352,5,1311114
31851564,5,1311114
31852777,6,1311114
31853989,7,1311114
31855202,5,1311114
31856414,5,1311114
31857626,4,1311114
31858838,5,1311114
31860052,5,1311114
31861263,3,1311033
31862475,3,1316921
31863688,5,1316921
31864900,4,1316921
31866113,4,1316921
31867324,4,1316921
31868537,5,1316921
31869749,7,1316921
31870962,6,1316921
31872174,6,1316881
31873387,4,1319953
31874599,6,1319953
31875812,3,1319953
31877024,4,1319953
31878236,3,1319953
31879449,9,1319953
31880661,5,1319953
31881873,5,1319953
31883086,4,1319953
31884298,2,1319953
31885511,6,1319953
31886723,3,1319953
31887935,7,1319953
31889147,6,1319953
31890360,6,1319953
31891572,7,1319953
31892784,3,1311063
31893997,6,1311063
31895209,3,1311063
31896421,7,1311063
31897634,7,1311063
31898846,6,1311063
31900059,11,1311063
31901271,6,1311063
31902484,8,1311063
31903696,7,1311063
31904909,4,1316921
31906121,6,1316921
31907333,6,1316921
31908546,6,1316921
31909758,10,1316921
31910970,7,1316921
31912182,5,1316921
31913395,6,1316921
31914608,6,1316921
31915819,8,1318823
31917032,5,1318823
31918245,6,1318823
31919456,5,1318823
31920669,4,1318823
31921882,4,1318823
31923094,7,1318823
31924306,5,1318823
31925519,5,1318823
31932794,2,1318823
31934005,9,1318823
31935218,8,1318823
31936430,5,1318823
31937643,8,1316818
31938855,4,1316818
31940067,9,1316818
31941280,6,1316818
31942492,7,1316818
31943705,7,1316818
31944916,6,1316818
31946129,9,1316818
31947341,6,1316818
31948553,6,1317435
31949766,4,1317435
31950978,5,1317435
31952191,5,1317435
31953403,5,1317435
31954616,9,1317435
31955827,6,1317435
31957041,5,1317435
31958253,6,1317435
31959465,7,1320005
31960677,5,1320005
31961890,6,1320005
31963102,6,1320005
31964314,7,1320005
31965527,6,1320005
31966739,7,1320005
31967951,5,1320005
31969163,7,1320005
31970376,7,1314557
31971588,4,1314557
31972800,4,1314557
31974013,7,1314557
31975225,6,1314557
31976438,6,1314557
31977650,10,1314557
31978862,7,1314557
31980075,4,1314557
31981287,7,1318463
31982499,5,1318463
31983712,7,1318463
31984924,8,1318463
31986137,5,1318463
31987349,6,1318463
31988561,8,1318463
31989774,4,1318463
31990986,7,1318463
31992198,5,1317332
31993411,2,1318206
31994623,3,1318206
31995835,0,1318206
31997047,4,1318206
31998260,4,1318206
31999472,4,1318206
32000685,2,1318206
32001897,2,1318206
32003109,5,1318206
32004322,3,1316356
32005534,3,1316356
32006746,7,1316356
32007958,6,1316356
32009171,12,1316356
32017658,3,1316356
32018870,9,1316356
32020081,6,1316356
32021294,9,1316356
32022506,6,1316356
32023719,9,1316356
32024931,3,1320519
32026144,4,1319491
32027356,7,1319491
32028569,5,1319491
32029781,5,1319491
32030993,4,1319491
32032206,4,1319491
32033418,5,1319491
32034630,4,1319491
32035843,4,1319491
32037055,5,1319491
32038267,5,1319491
32039480,4,1319491
32040692,5,1319491
32041904,4,1319491
32043117,4,1319491
32044329,5,1319491
32045541,6,1319491
32046753,8,1319491
32047966,4,1319435
32049178,3,1318155
32050390,4,1318155
32051603,5,1318155
32052815,4,1318155
32054028,4,1318155
32055239,4,1318155
32056452,5,1318155
32057664,3,1318155
32058877,2,1318253
32060089,4,1316973
32061302,5,1316973
32062515,2,1316973
32063726,3,1316973
32064939,4,1316973
32066151,4,1316973
32067364,6,1316973
32068576,2,1316973
32069788,6,1316973
32071000,4,1316973
32072213,8,1316973
32073425,8,1316973
32074637,5,1316973
32075849,6,1316973
32077062,4,1316973
32078274,7,1316973
32079487,2,1316973
32080699,4,1317075
32081911,5,1317075
32083124,6,1317075
32084336,6,1317075
32085548,5,1317075
32086761,5,1317075
32087973,8,1317075
32089185,6,1317075
32090397,7,1317075
32091610,5,1315123
32092822,3,1315123
32094034,8,1315123
32101308,4,1315123
32102520,3,1316818
32103732,6,1316818
32104944,10,1316818
32106157,4,1316818
32107369,6,1316818
32108581,9,1316818
32109793,6,1316818
32111005,6,1316818
32112218,5,1316818
32113430,6,1320159
32114642,4,1320159
32115854,7,1320159
32117067,7,1320159
32118279,7,1320159
32119491,4,1320159
32120703,9,1320159
32121917,7,1320159
32123129,6,1320159
32124340,6,1316818
32125553,8,1316818
32126765,6,1316818
32127977,7,1316818
32129190,6,1316818
32130402,7,1316818
32131615,9,1316818
32132826,8,1316818
32134038,9,1316818
32135250,7,1321598
32136463,5,1321598
32137676,6,1321598
32138888,8,1321598
32140099,8,1321598
32141312,4,1321598
32142524,7,1321598
32143737,7,1321598
32144949,5,1321598
32146161,7,1316613
32147374,5,1316613
32148586,6,1316613
32149798,5,1316613
32151012,4,1316613
32152223,7,1316613
32153436,7,1316613
32154648,4,1316613
32155861,9,1316613
32157074,6,1319080
32158286,6,1319080
32159499,6,1319080
32160711,8,1319080
32161924,5,1319080
32163136,6,1319080
32164349,7,1319080
32165561,8,1319080
32166774,5,1319080
32167986,9,1319439
32169199,4,1319439
32170412,4,1319439
32171623,7,1319439
32172836,4,1319439
32174048,5,1319439
32175261,8,1319439
32176474,5,1319439
32177686,8,1319439
32186174,7,1319439
32187387,8,1319439
32188599,7,1319439
32189812,5,1316767
32191024,3,1315739
32192237,3,1315739
32193450,6,1315739
32194661,3,1315739
32195874,4,1315739
32197087,4,1315739
32198299,5,1315739
32199512,4,1315739
32200724,4,1315739
32201937,4,1316407
32203149,7,1316407
32204362,6,1316407
32205574,4,1316407
32206787,4,1316407
32208000,6,1316407
32209213,5,1316407
32210425,5,1316407
32211637,3,1316407
32212850,4,1318977
32214062,4,1318977
32215274,5,1318977
32216487,2,1318977
32217699,5,1318977
32218912,5,1318977
32220125,3,1318977
32221338,5,1318977
32222550,6,1318977
32223762,2,1318977
32224975,4,1318977
32226187,5,1318977
32227400,5,1318977
32228612,3,1318977
32229826,3,1318977
32231038,4,1318977
32232250,10,1318977
32233463,5,1318977
32234675,3,1318915
32235888,4,1316099
32237101,4,1316099
32238313,3,1316099
32239525,4,1316099
32240738,6,1316099
32241950,5,1316099
32243163,3,1316099
32244376,3,1316099
32245589,5,1316110
32246801,-1,1319182
32248013,5,1319182
32249226,5,1319182
32250438,5,1319182
32251651,4,1319182
32252864,5,1319182
32254076,5,1319182
32255288,3,1319182
32256501,3,1319182
32257714,4,1319182
32258926,6,1319182
32260138,8,1319182
32261351,6,1319182
32262563,5,1319182
32269838,8,1319182
32271050,6,1319182
32272264,6,1319182
32273476,4,1319182
32274688,9,1319182
32275900,7,1319182
32277113,8,1319182
32278325,7,1319594
32279539,3,1319594
32280751,9,1319594
32281963,8,1319594
32283175,7,1319594
32284388,5,1319594
32285601,8,1319594
32286813,4,1319594
32288026,7,1319594
32289238,5,1316407
32290451,9,1316407
32291664,7,1316407
32292876,6,1316407
32294088,6,1316407
32295300,5,1316407
32296513,9,1316407
32297726,9,1316407
32298938,8,1316407
32300151,6,1321033
32301363,5,1321033
32302576,7,1321033
32303789,4,1321033
32305001,8,1321033
32306213,5,1321033
32307425,7,1321033
32308638,8,1321033
32309851,5,1321033
32311063,7,1317178
32312275,8,1317178
32313488,4,1317178
32314700,4,1317178
32315914,7,1317178
32317126,5,1317178
32318338,7,1317178
32319551,3,1317178
32320764,6,1317178
32321975,7,1318823
32323188,4,1318823
32324401,5,1318823
32325613,6,1318823
32326826,5,1318823
32328038,6,1318823
32329252,7,1318823
32330463,8,1318823
32331677,5,1318823
32332889,7,1317127
32334101,2,1317127
32335313,7,1317127
32336527,6,1317127
32337739,7,1317127
32338952,6,1317127
32340163,5,1317127
32341376,6,1317127
32342589,7,1317127
32343801,2,1319336
32345014,5,1319336
32346226,5,1319336
32353502,4,1319336
32354715,5,1318206
32355927,4,1318206
32357139,6,1318206
32358352,5,1318206
32359564,5,1318206
32360778,4,1318206
32361989,8,1318206
32363202,6,1318206
32364415,4,1318206
32365628,4,1316459
32366839,3,1319799
32368052,7,1319799
32369265,3,1319799
32370477,5,1319799
32371690,4,1319799
32372902,3,1319799
32374115,5,1319799
32375327,5,1319799
32376540,5,1319799
32377752,10,1315637
32378965,3,1315637
32380177,4,1315637
32381390,4,1315637
32382603,3,1315637
32383815,4,1315637
32385027,6,1315637
32386240,3,1315637
32387453,5,1315637
32388665,3,1315637
32389878,5,1315637
32391090,3,1315637
32392303,3,1315637
32393516,3,1315637
32394727,3,1315637
32395941,3,1315637
32397153,5,1315637
32398366,4,1315637
32399578,6,1315739
32400790,4,1315739
32402002,4,1315739
32403215,5,1315739
32404428,5,1315739
32405640,5,1315739
32406852,1,1315739
32408065,6,1315739
32409277,4,1315739
32410490,3,1319028
32411703,6,1319028
32412915,4,1319028
32414127,5,1319028
32415340,4,1319028
32416552,7,1319028
32417765,6,1319028
32418977,3,1319028
32420190,4,1319028
32421403,3,1319042
32422615,4,1322626
32423828,4,1322626
32425040,5,1322626
32426252,4,1322626
32427465,2,1322626
32428677,4,1322626
32429890,4,1322626
32437191,9,1322626
32438378,2,1322626
32439590,7,1322626
32440802,7,1322626
32442015,8,1321135
32443227,4,1321135
32444440,4,1321135
32445652,6,1321135
32446865,6,1321135
32448078,4,1321135
32449290,7,1321135
32450503,4,1321135
32451715,4,1321135
32452928,6,1321444
32454141,4,1321444
32455353,5,1321444
32456565,6,1321444
32457778,4,1321444
32458990,4,1321444
32460202,6,1321444
32461415,7,1321444
32462627,9,1321444
32463840,4,1321444
32465052,7,1317846
32466265,3,1317846
32467478,4,1317846
32468690,10,1317846
32469902,8,1317846
32471114,9,1317846
32472327,5,1317846
32473540,7,1317846
32474752,10,1317846
32475965,7,1321649
32477177,5,1321649
32478390,3,1321649
32479602,4,1321649
32480814,7,1321649
32482028,6,1321649
32483239,6,1321649
32484452,10,1321649
32485665,6,1321649
32486877,9,1320416
32488090,5,1320416
32489302,7,1320416
32490515,7,1320416
32491727,8,1320416
32492939,8,1320416
32494153,9,1320416
32495365,7,1320416
32496577,5,1320416
32497790,8,1318771
32499002,3,1318771
32500215,3,1318771
32501428,8,1318771
32502639,6,1318771
32503852,6,1318771
32505065,8,1318771
32506277,9,1318771
32507490,6,1318771
32508702,6,1316561
32509915,6,1316561
32511128,6,1316561
32512340,8,1316561
32513552,7,1319028
32520827,6,1319028
32522039,4,1319028
32523252,7,1319028
32524464,6,1319028
32525676,5,1319028
32526889,6,1319028
32528102,5,1319028
32529314,5,1319028
32530527,7,1320570
32531739,7,1320570
32532951,7,1320570
32534163,7,1320570
32535376,9,1320570
32536588,5,1320570
32537801,5,1320570
32539013,7,1320570
32540226,6,1320570
32541439,8,1318258
32542651,4,1318258
32543864,6,1318258
32545075,9,1318258
32546289,6,1318258
32547500,5,1318258
32548713,8,1318258
32549926,7,1318258
32551138,4,1318258
32552351,5,1319439
32553563,6,1317949
32554775,6,1317949
32555989,5,1317949
32557200,2,1317949
32558413,2,1317949
32559626,3,1317949
32560838,2,1317949
32562050,5,1317949
32563262,4,1317949
32564475,3,1321855
32565688,5,1321855
32566900,2,1321855
32568113,3,1321855
32569325,4,1321855
32570537,5,1321855
32571750,5,1321855
32572962,4,1321855
32574176,4,1321855
32575387,3,1317384
32576600,4,1317384
32577812,5,1317384
32579025,4,1317384
32580238,5,1317384
32581450,9,1317384
32582662,1,1317384
32583875,4,1317384
32585088,1,1317384
32586300,5,1318412
32587512,4,1318412
32588725,5,1318412
32589937,4,1318412
32591150,5,1318412
32592362,4,1318412
32593574,5,1318412
32594787,3,1318412
32595999,5,1318412
32597212,4,1318412
32605699,11,1318412
32606911,7,1320621
32608125,4,1320615
32609337,4,1318823
32610550,4,1318823
32611762,7,1318823
32612974,5,1318823
32614187,5,1318823
32615399,4,1318823
32616611,4,1318823
32617824,1,1318823
32619037,4,1318753
32620248,9,1313889
32621462,5,1313889
32622674,3,1313889
32623886,3,1313889
32625098,3,1313889
32626311,4,1313889
32627523,4,1313889
32628736,2,1313889
32629949,3,1313889
32631161,2,1313889
32632373,6,1313889
32633586,5,1313889
32634798,5,1313889
32636011,6,1313889
32637223,6,1313889
32638435,5,1313889
32639648,9,1319953
32640861,4,1319953
32642073,5,1319953
32643286,9,1319953
32644498,4,1319953
32645711,7,1319953
32646923,4,1319953
32648135,9,1319953
32649348,9,1319953
32650560,8,1319953
32651773,6,1319336
32652985,5,1319336
32654198,7,1319336
32655411,8,1319336
32656622,5,1319336
32657836,8,1319336
32659048,8,1319336
32660261,6,1319336
32661472,4,1319336
32662686,3,1318823
32663897,4,1318823
32665110,6,1318823
32666322,7,1318823
32667536,8,1318823
32668748,10,1318823
32669961,8,1318823
32671172,7,1318823
32672385,7,1318823
32673598,6,1319748
32674810,1,1319748
32676022,6,1319748
32677236,7,1319748
32678447,9,1319748
32679660,5,1319748
32680873,6,1319748
32682085,6,1319748
32689361,3,1319748
32690572,9,1319748
32691785,5,1319748
32692997,4,1319748
32694210,9,1319748
32695422,7,1317487
32696634,4,1317487
32697847,6,1317487
32699059,7,1317487
32700272,5,1317487
32701484,3,1317487
32702697,4,1317487
32703910,4,1317487
32705122,8,1317487
32706334,6,1319748
32707546,4,1319748
32708760,5,1319748
32709971,6,1319748
32711184,6,1319748
32712397,7,1319748
32713609,11,1319748
32714821,10,1319748
32716034,5,1319748
32717246,6,1318103
32718459,5,1318103
32719671,9,1318103
32720883,8,1318103
32722096,7,1318103
32723309,4,1318103
32724521,4,1318103
32725733,4,1318103
32726946,8,1318103
32728158,6,1318514
32729372,5,1318514
32730584,5,1318514
32731796,5,1318514
32733008,7,1318514
32734221,2,1318514
32735433,11,1318514
32736645,6,1318514
32737858,9,1318514
32739070,6,1317487
32740283,4,1316253
32741496,4,1316253
32742708,6,1316253
32743920,3,1316253
32745133,5,1316253
32746345,1,1316253
32747558,6,1316253
32748770,3,1316253
32749982,3,1316253
32751195,5,1318258
32752407,4,1318258
32753620,5,1318258
32754832,4,1318258
32756045,6,1318258
32757257,5,1318258
32758469,3,1318258
32759681,3,1318258
32760894,6,1318258
32762106,6,1317332
32763319,4,1317332
32764532,5,1317332
32765744,4,1313786
32774231,5,1313786
32775443,6,1313786
32776655,2,1313786
32777868,5,1313786
32779081,5,1313786
32780293,4,1313786
32781505,3,1313786
32782718,4,1313786
32783930,5,1318463
32785143,5,1318463
32786355,6,1318463
32787568,5,1318463
32788780,5,1318463
32789992,3,1318463
32791205,4,1318463
32792417,5,1318463
32793630,4,1318463
32794842,2,1318469
32796055,4,1320005
32797267,5,1320005
32798480,5,1320005
32799692,4,1320005
32800905,3,1320005
32802117,3,1320005
32803329,3,1320005
32804542,4,1320005
32805754,7,1320145
32806967,5,1316561
32808179,4,1316561
32809391,5,1316561
32810605,6,1316561
32811816,4,1316561
32813029,4,1316561
32814241,7,1316561
32815454,6,1316561
32816666,4,1316561
32817879,6,1316561
32819092,5,1316561
32820303,7,1316561
32821516,8,1316561
32822728,7,1316561
32823941,4,1316561
32825153,8,1316561
32826365,8,1316561
32827578,5,1316561
32828790,5,1316561
32830003,8,1316561
32831215,7,1316561
32832428,7,1316561
32833640,7,1316561
32834853,6,1316561
32836065,7,1316561
32837277,6,1316561
32838490,3,1318617
32839702,3,1318617
32840914,5,1318617
32842128,5,1318617
32843339,9,1318617
32844552,4,1318617
32845765,6,1318617
32846977,7,1318617
32848189,8,1318617
32849402,9,1320210
32850614,10,1320210
32859101,4,1320210
32860314,4,1317795
32861527,4,1317795
32862739,8,1317795
32863952,9,1317795
32865163,8,1317795
32866377,5,1317795
32867588,6,1317795
32868801,6,1317795
32870013,8,1317795
32871226,6,1320879
32872438,5,1320879
32873651,5,1320879
32874864,7,1320879
32876075,5,1320879
32877289,7,1320879
32878500,7,1320879
32879713,8,1320879
32880926,7,1320879
32882139,4,1319491
32883351,3,1319491
32884563,6,1319491
32885776,7,1319491
32886988,5,1319491
32888201,7,1319491
32889413,6,1319491
32890625,6,1319491
32891838,7,1319491
32893050,9,1316407
32894263,3,1316407
32895475,7,1316407
32896688,7,1316407
32897901,6,1316407
32899113,5,1316407
32900325,6,1316407
32901537,9,1316407
32902750,9,1316407
32903962,5,1318360
32905175,3,1318360
32906388,8,1318360
32907600,9,1318360
32908813,5,1318360
32910025,7,1318360
32911237,4,1318360
32912449,7,1318360
32913662,8,1318360
32914875,7,1314917
32916087,5,1314917
32917300,4,1314917
32918512,8,1314917
32919725,7,1314917
32920937,7,1314917
32922149,6,1314917
32923362,5,1314917
32924575,4,1314917
32925787,5,1316356
32927000,3,1316356
32928213,5,1316356
32929424,5,1316356
32930638,5,1316356
32931849,4,1316356
32933063,5,1316356
32934274,7,1316356
32935487,6,1316356
32942762,7,1316356
32943975,8,1316356
32945186,8,1316356
32946399,7,1316356
32947611,6,1315328
32948824,5,1317487
32950036,5,1317487
32951248,8,1317487
32952461,5,1317487
32953673,1,1317487
32954885,4,1317487
32956098,5,1317487
32957310,4,1317487
32958523,2,1317487
32959735,4,1317744
32960947,5,1317744
32962161,3,1317744
32963373,6,1317744
32964585,3,1317744
32965798,4,1317744
32967010,3,1317744
32968223,2,1317744
32969435,4,1317744
32970647,4,1319234
32971860,3,1319234
32973073,4,1319234
32974285,5,1319234
32975497,3,1319234
32976709,5,1319234
32977922,5,1319234
32979134,4,1319234
32980347,4,1319234
32981560,3,1319333
32982772,2,1318309
32983985,4,1318309
32985197,5,1318309
32986409,3,1318309
32987621,4,1318309
32988834,3,1318309
32990046,4,1318309
32991259,5,1318309
32992471,5,1318259
32993684,5,1318771
32994896,4,1318771
32996109,3,1318771
32997321,3,1318771
32998534,3,1318771
32999746,8,1318771
33000958,6,1318771
33002170,2,1318771
33003383,4,1318866
33004595,1,1316818
33005808,0,1316818
33007020,6,1316818
33008232,5,1316818
33009445,10,1316818
33010658,4,1316818
33011871,4,1316818
33013083,6,1316818
33014295,5,1316818
33015508,4,1316818
33016721,6,1316818
33017932,5,1316818
33019145,5,1316818
33026420,10,1316818
33027632,7,1316818
33028844,5,1316818
33030057,9,1316818
33031270,7,1316818
33032482,7,1316818
33033694,9,1316818
33034907,5,1316818
33036119,5,1316870
33037331,5,1316870
33038544,5,1316870
33039757,8,1316870
33040969,7,1316870
33042182,7,1316870
33043394,5,1316870
33044606,9,1316870
33045818,4,1316870
33047030,7,1315020
33048243,5,1315020
33049456,5,1315020
33050668,7,1315020
33051881,8,1315020
33053093,4,1315020
33054305,6,1315020
33055517,6,1315020
33056730,9,1315020
33057942,6,1316818
33059155,5,1316818
33060368,6,1316818
33061580,6,1316818
33062792,6,1316818
33064005,4,1316818
33065217,8,1316818
33066430,7,1316818
33067642,6,1316818
33068854,3,1319336
33070067,6,1319336
33071280,4,1319336
33072492,7,1319336
33073705,4,1319336
33074917,7,1319336
33076129,7,1319336
33077342,7,1319336
33078555,7,1319336
33079767,6,1318155
33080979,3,1318155
33082191,7,1318155
33083404,5,1318155
33084616,5,1318155
33085829,7,1318155
33087041,6,1318155
33088254,3,1318155
33089467,6,1318155
33090678,7,1318412
33091891,4,1318412
33093103,8,1318412
33094315,8,1318412
33095528,8,1318412
33096741,7,1318412
33097953,5,1318412
33099165,7,1318412
33100378,8,1318412
33101591,9,1318103
33102803,5,1318103
33110191,4,1318103
33111290,11,1318103
33112503,7,1320056
33113715,4,1320056
33114927,10,1320056
33116140,8,1320056
33117353,6,1320056
33118565,5,1320056
33119777,6,1320056
33120990,6,1320056
33122202,7,1320056
33123415,5,1316150
33124628,5,1320159
33125841,4,1320159
33127053,6,1320159
33128265,4,1320159
33129477,5,1320159
33130690,3,1320159
33131902,3,1320159
33133115,4,1320159
33134327,4,1320159
33135540,6,1313016
33136752,10,1313016
33137964,4,1313016
33139177,5,1313016
33140389,3,1313016
33141602,4,1313016
33142815,6,1313016
33144027,4,1313016
33145239,5,1313016
33146452,5,1318617
33147664,3,1318617
33148877,3,1318617
33150089,4,1318617
33151301,3,1318617
33152514,3,1318617
33153726,3,1318617
33154939,3,1318617
33156151,6,1318617
33157364,5,1315174
33158577,10,1315174
33159788,5,1315174
33161001,4,1315174
33162214,5,1315174
33163426,4,1315174
33164639,6,1315174
33165851,5,1315174
33167064,4,1315174
33168275,4,1315174
33169488,2,1315174
33170700,2,1315174
33171915,5,1315174
33173125,5,1315174
33174338,5,1315174
33175551,6,1315174
33176763,4,1315174
33177976,4,1315174
33179188,5,1315296
33180400,4,1320416
33181613,7,1320416
33182825,3,1320416
33184038,4,1320416
33185250,8,1320416
33186463,5,1320416
33194950,4,1320416
33196162,8,1320416
33197376,7,1320416
33198588,7,1320416
33199800,8,1320879
33201012,4,1320879
33202224,5,1320879
33203437,10,1320879
33204649,6,1320879
33205862,4,1320879
33207075,6,1320879
33208288,7,1320879
33209499,5,1320879
33210712,8,1319953
33211925,5,1319953
33213137,4,1319953
33214349,7,1319953
33215561,6,1319953
33216775,6,1319953
33217986,7,1319953
33219199,5,1319953
33220412,8,1319953
33221624,4,1319953
33222836,8,1316356
33224049,6,1316356
33225261,7,1316356
33226475,5,1316356
33227687,6,1316356
33228899,8,1316356
33230111,10,1316356
33231324,7,1316356
33232537,3,1316356
33233749,8,1317949
33234962,2,1317949
33236174,6,1317949
33237387,6,1317949
33238600,6,1317949
33239812,5,1317949
33241024,7,1317949
33242237,6,1317949
33243449,11,1317949
33244662,5,1315534
33245874,4,1315534
33247087,4,1315534
33248300,7,1315534
33249512,7,1315534
33250725,7,1315534
33251937,7,1315534
33253150,6,1315534
33254362,5,1315534
33255575,7,1317435
33256787,1,1317435
33258000,7,1317435
33259213,8,1317435
33260425,8,1317435
33261637,6,1317435
33262850,10,1317435
33264062,7,1317435
33265275,8,1317435
33266488,8,1314095
33267700,5,1314095
33268914,5,1314095
33270125,6,1314095
33271337,7,1321033
33278612,3,1321033
33279825,7,1321033
33281037,7,1321033
33282250,4,1321033
33283463,6,1321033
33284674,6,1321033
33285887,10,1321033
33287100,10,1321033
33288313,6,1319234
33289524,3,1319234
33290737,6,1319234
33291949,7,1319234
33293163,5,1319234
33294374,6,1319234
33295587,5,1319234
33296799,8,1319234
33298012,7,1319234
33299225,6,1319285
33300437,6,1319285
33301649,7,1319285
33302862,6,1319285
33304075,6,1319285
33305288,8,1319285
33306500,6,1319285
33307713,5,1319285
33308925,7,1319285
33310138,4,1319439
33311350,4,1321135
33312562,4,1321135
33313774,5,1321135
33314987,4,1321135
33316200,4,1321135
33317412,1,1321135
33318625,2,1321135
33319837,4,1321135
33321050,6,1321135
33322262,4,1317795
33323474,4,1317795
33324686,4,1317795
33325899,2,1317795
33327111,0,1317795
33328324,4,1317795
33329537,6,1317795
33330749,9,1317795
33331962,3,1317795
33333174,2,1316459
33334386,2,1316459
33335599,2,1316459
33336811,4,1316459
33338024,5,1316459
33339236,3,1316459
33340449,6,1316459
33341661,0,1316459
33342874,3,1316459
33344087,4,1319131
33345299,6,1319131
33346512,1,1319131
33347724,3,1319131
33348937,6,1319131
33350149,3,1319131
33351362,5,1319131
33352574,3,1319131
33353786,6,1319131
33354999,10,1319131
33362274,9,1319131
33363487,7,1319131
33364698,5,1320467
33365911,4,1320615
33367124,4,1318823
33368336,3,1318823
33369549,5,1318823
33370761,4,1318823
33371973,3,1318823
33373186,5,1318823
33374398,6,1318823
33375610,5,1318823
33376823,5,1318759
33378035,4,1315431
33379248,7,1315431
33380461,7,1315431
33381673,5,1315431
33382885,5,1315431
33384098,6,1315431
33385310,4,1315431
33386523,3,1315431
33387735,4,1315431
33388948,5,1315431
33390160,7,1315431
33391373,5,1315431
33392585,5,1315431
33393797,5,1315431
33395010,6,1315431
33396222,8,1315431
33397434,7,1322369
33398647,4,1322369
33399859,2,1322369
33401072,7,1322369
33402285,6,1322369
33403497,5,1322369
33404709,4,1322369
33405922,7,1322369
33407134,7,1322369
33408346,7,1322369
33409559,7,1322626
33410772,4,1322626
33411984,4,1322626
33413197,5,1322626
33414409,7,1322626
33415621,7,1322626
33416834,8,1322626
33418046,6,1322626
33419258,4,1322626
33420471,8,1316973
33421683,5,1316973
33422895,8,1316973
33424108,7,1316973
33425321,7,1316973
33426533,6,1316973
33427746,8,1316973
33428958,7,1316973
33430170,6,1316973
33431383,7,1320519
33432596,2,1320519
33433808,4,1320519
33435021,7,1320519
33436233,3,1320519
33437446,10,1320519
33438658,9,1320519
33447145,8,1320519
33448357,6,1320519
33449570,5,1320519
33450783,4,1320519
33451995,7,1320519
33453208,7,1316818
33454420,4,1316818
33455632,5,1316818
33456844,9,1316818
33458057,10,1316818
33459269,9,1316818
33460481,7,1316818
33461694,5,1316818
33462907,5,1316818
33464119,5,1313786
33465331,2,1313786
33466544,8,1313786
33467756,10,1313786
33468969,5,1313786
33470181,6,1313786
33471393,4,1313786
33472606,6,1313786
33473818,11,1313786
33475031,5,1316202
33476243,7,1316202
33477456,6,1316202
33478668,5,1316202
33479881,5,1316202
33481094,7,1316202
33482305,8,1316202
33483519,7,1316202
33484731,6,1316202
33485944,6,1317127
33487155,5,1317127
33488368,7,1317127
33489580,6,1317127
33490793,6,1317127
33492005,9,1317127
33493218,6,1317127
33494430,2,1317127
33495642,7,1317127
33496856,10,1318155
33498067,4,1318566
33499280,4,1318566
33500492,5,1318566
33501705,5,1318566
33502918,4,1318566
33504130,4,1318566
33505342,2,1318566
33506556,6,1318566
33507767,4,1318566
33508980,4,1321238
33510193,4,1321238
33511405,3,1321238
33512617,4,1321238
33513830,3,1321238
33515042,6,1321238
33516255,4,1321238
33517467,2,1321238
33518679,3,1321238
33519892,4,1321238
33521105,4,1321238
33522317,4,1321238
33523529,6,1316253
33532016,16,1316253
33533229,5,1316253
33534441,7,1316253
33535654,4,1316253
33536866,3,1316253
33538078,4,1316253
33539290,4,1316253
33540503,3,1316253
33541716,3,1318206
33542929,3,1318206
33544141,2,1318206
33545353,6,1318206
33546566,4,1318206
33547777,4,1318206
33548990,1,1318206
33550203,4,1318206
33551415,3,1318206
33552628,3,1318208
33553840,5,1318720
33555052,7,1318720
33556264,4,1318720
33557477,2,1318720
33558689,3,1318720
33559902,4,1318720
33561114,5,1318720
33562326,5,1318720
33563539,3,1318907
33564751,9,1314043
33565964,3,1314043
33567177,3,1314043
33568389,4,1314043
33569601,5,1314043
33570813,4,1314043
33572026,5,1314043
33573238,4,1314043
33574450,6,1314043
33575663,4,1314043
33576875,6,1314043
33578088,5,1314043
33579301,7,1314043
33580514,6,1314043
33581726,4,1314043
33582939,8,1314043
33584150,8,1316305
33585363,4,1316305
33586576,4,1316305
33587788,4,1316305
33589001,5,1316305
33590213,6,1316305
33591425,4,1316305
33592637,7,1316305
33593851,6,1316305
33595062,7,1316305
33596275,7,1315482
33597487,3,1315482
33598700,3,1315482
33599911,6,1315482
33601124,4,1315482
33602337,3,1315482
33603549,5,1315482
33604762,5,1315482
33605974,7,1315482
33607187,6,1316767
33608399,6,1316767
33616886,6,1316767
33618099,7,1318103
33619310,5,1318103
33620523,4,1318103
33621735,5,1318103
33622948,5,1318103
33624160,6,1318103
33625373,9,1318103
33626585,8,1318103
33627797,5,1318103
33629010,6,1318977
33630222,6,1318977
33631435,5,1318977
33632648,8,1318977
33633860,7,1318977
33635072,6,1318977
33636285,6,1318977
33637498,7,1318977
33638710,8,1318977
33639922,9,1315174
33641135,5,1315174
33642348,3,1315174
33643560,7,1315174
33644772,5,1315174
33645985,8,1315174
33647197,8,1315174
33648410,5,1315174
33649622,6,1315174
33650835,4,1317846
33652047,6,1317846
33653260,7,1317846
33654472,5,1317846
33655685,6,1317846
33656898,8,1317846
33658110,5,1317846
33659322,5,1317846
33660535,7,1317846
33661748,11,1313889
33662961,4,1313889
33664173,6,1313889
33665385,3,1313889
33666598,6,1313889
33667810,5,1313889
33669022,8,1313889
33670236,6,1313889
33671448,9,1313889
33672660,8,1317178
33673872,2,1317178
33675085,6,1317178
33676297,7,1317178
33677510,7,1317178
33678722,4,1317178
33679934,7,1317178
33681148,7,1317178
33682359,10,1317178
33683572,8,1317178
33684784,5,1317384
33685997,3,1317384
33687209,5,1317384
33688422,4,1317384
33689634,5,1317384
33690847,2,1317384
33692059,4,1317384
33693272,7,1317384
33701759,7,1317384
33702971,4,1317384
33704184,8,1317384
33705397,8,1317898
33706609,3,1322060
33707821,4,1322060
33709034,4,1322060
33710246,6,1322060
33711459,6,1322060
33712671,3,1322060
33713884,7,1322060
33715096,5,1322060
33716309,2,1322060
33717522,5,1321495
33718734,3,1321495
33719946,5,1321495
33721159,3,1321495
33722371,5,1321495
33723584,4,1321495
33724797,6,1321495
33726009,7,1321495
33727221,3,1321495
33728434,2,1312707
33729647,5,1312707
33730859,4,1312707
33732072,5,1312707
33733284,3,1312707
33734497,3,1312707
33735709,5,1312707
33736922,3,1312707
33738135,5,1312707
33739347,4,1312738
33740559,5,1320930
33741772,4,1320930
33742985,5,1320930
33744196,6,1320930
33745409,6,1320930
33746622,6,1320930
33747834,4,1320930
33749046,5,1320930
33750259,6,1320916
33751471,3,1317332
33752684,6,1317332
33753896,5,1317332
33755109,3,1317332
33756322,4,1317332
33757534,2,1317332
33758747,5,1317332
33759958,5,1317332
33761171,6,1317332
33762383,5,1317332
33763596,7,1317332
33764809,6,1317332
33766021,6,1317332
33767233,7,1317332
33768446,11,1317332
33769658,7,1317332
33770871,4,1318926
33772084,3,1318926
33773296,4,1318926
33774509,6,1318926
33775721,4,1318926
33776934,6,1318926
33778146,5,1318926
33785422,10,1318926
33786633,5,1318926
33787846,3,1318926
33789059,7,1318926
33790272,5,1318926
33791484,4,1318926
33792697,6,1318926
33793909,7,1317487
33795121,3,1317487
33796334,10,1317487
33797547,8,1317487
33798759,7,1317487
33799971,5,1317487
33801184,4,1317487
33802397,6,1317487
33803609,8,1317487
33804821,7,1317692
33806034,4,1317692
33807246,6,1317692
33808459,10,1317692
33809672,7,1317692
33810884,8,1317692
33812097,6,1317692
33813309,8,1317692
33814521,7,1317692
33815734,5,1317230
33816946,3,1317230
33818159,6,1317230
33819372,8,1317230
33820584,9,1317230
33821796,6,1317230
33823009,7,1317230
33824221,5,1317230
33825434,5,1317230
33826646,7,1319234
33827860,3,1319234
33829072,6,1319234
33830285,7,1319234
33831497,4,1319234
33832709,7,1319234
33833922,7,1319234
33835134,8,1319234
33836347,6,1319234
33837560,6,1315739
33838772,4,1315739
33839985,9,1315739
33841197,9,1315739
33842409,4,1315739
33843621,4,1315739
33844834,6,1315739
33846046,9,1315739
33847259,7,1315739
33848472,5,1320313
33849684,5,1320313
33850897,9,1320313
33852109,5,1320313
33853322,7,1320313
33854534,8,1320313
33855747,10,1320313
33856959,4,1320313
33858172,6,1320313
33859385,7,1317332
33860597,5,1317332
33861809,5,1317332
33869191,4,1317332
33870296,7,1317744
33871509,3,1314763
33872722,3,1314763
33873934,4,1314763
33875146,5,1314763
33876359,4,1314763
33877572,6,1314763
33878784,5,1314763
33879997,5,1314763
33881209,2,1314763
33882421,4,1318977
33883634,2,1318977
33884847,5,1318977
33886060,5,1318977
33887271,5,1318977
33888484,3,1318977
33889696,5,1318977
33890909,5,1318977
33892122,3,1318977
33893335,6,1313170
33894547,4,1313170
33895759,5,1313170
33896971,7,1313170
33898184,4,1313170
33899397,4,1313170
33900609,3,1313170
33901821,3,1313170
33903034,5,1313170
33904246,11,1320108
33905460,5,1320108
33906672,5,1320108
33907884,4,1320108
33909097,4,1320108
33910309,3,1320108
33911522,3,1320108
33912734,3,1320108
33913947,4,1320108
33915160,5,1319285
33916372,4,1319285
33917585,5,1319285
33918797,3,1319285
33920009,4,1319285
33921222,5,1319285
33922435,4,1319285
33923647,3,1319285
33924860,4,1319285
33926072,4,1319384
33927284,5,1318360
33928497,3,1318360
33929710,4,1318360
33930922,6,1318360
33932136,4,1318360
33933347,5,1318360
33934560,5,1318360
33935772,4,1318360
33936985,6,1318213
33938198,5,1320005
33939410,5,1320005
33940622,4,1320005
33941835,4,1320005
33943047,4,1320005
33944260,4,1320005
33945473,10,1320005
33953960,4,1320005
33955172,9,1320005
33956385,9,1320005
33957597,6,1318000
33958809,4,1318000
33960022,2,1318000
33961235,7,1318000
33962447,10,1318000
33963659,6,1318000
33964872,4,1318000
33966085,6,1318000
33967297,5,1318000
33968509,4,1318000
33969722,6,1318103
33970934,7,1318103
33972147,6,1318103
33973360,8,1318103
33974572,8,1318103
33975785,6,1318103
33976997,7,1318103
33978210,8,1318103
33979422,8,1318103
33980634,6,1317384
33981847,5,1317384
33983059,6,1317384
33984272,9,1317384
33985484,3,1317384
33986697,5,1317384
33987910,5,1317384
33989122,5,1317384
33990334,6,1317384
33991546,6,1317538
33992759,5,1317538
33993972,5,1317538
33995185,8,1317538
33996397,6,1317538
33997609,8,1317538
33998822,6,1317538
34000035,5,1317538
34001246,6,1317538
34002459,5,1316407
34003671,5,1316407
34004884,7,1316407
34006097,8,1316407
34007308,8,1316407
34008521,5,1316407
34009733,7,1316407
34010946,5,1316407
34012158,7,1316407
34013372,9,1316202
34014584,4,1316202
34015796,5,1316202
34017009,5,1316202
34018221,7,1316202
34019434,9,1316202
34020646,7,1316202
34021858,5,1316202
34023070,5,1316202
34024283,4,1317538
34025495,5,1317538
34026708,4,1317538
34027920,9,1317538
34029133,6,1317538
34030345,7,1317538
34037621,2,1317538
34038833,5,1317538
34040046,7,1317538
34041258,6,1317538
34042471,7,1317538
34043683,4,1317538
34044896,8,1317538
34046108,5,1319594
34047320,5,1319594
34048533,5,1319594
34049746,10,1319594
34050958,4,1319594
34052170,5,1319594
34053383,4,1319594
34054595,9,1319594
34055807,7,1319594
34057021,4,1317127
34058232,5,1317127
34059445,8,1317127
34060657,7,1317127
34061870,8,1317127
34063083,6,1317127
34064294,4,1317127
34065508,6,1317127
34066720,7,1317127
34067932,6,1317230
34069145,7,1317384
34070357,6,1317384
34071570,2,1317384
34072781,4,1317384
34073994,4,1317384
34075207,4,1317384
34076419,5,1317384
34077631,3,1317384
34078844,-1,1317384
34080057,4,1321444
34081269,3,1321444
34082482,2,1321444
34083694,5,1321444
34084906,4,1321444
34086119,4,1321444
34087331,3,1321444
34088543,2,1321444
34089756,8,1321444
34090968,6,1314969
34092181,3,1314969
34093393,5,1314969
34094606,5,1314969
34095818,5,1314969
34097031,4,1314969
34098243,5,1314969
34099456,5,1314969
34100668,5,1314969
34101880,5,1320365
34103093,3,1320365
34104305,3,1320365
34105518,3,1320365
34106730,4,1320365
34107943,6,1320365
34109156,6,1320365
34110368,3,1320365
34111580,4,1320365
34112792,7,1320365
34114005,7,1320365
34121279,9,1320365
34122492,18,1320365
34123704,5,1320365
34124916,1,1320365
34126129,3,1320365
34127341,3,1320365
34128554,2,1320365
34129766,4,1320365
34130979,5,1320365
34132192,7,1320365
34133404,5,1320365
34134617,6,1320204
34135830,4,1318668
34137041,3,1318668
34138254,4,1318668
34139467,2,1318668
34140679,5,1318668
34141891,6,1318668
34143104,0,1318668
34144316,4,1318668
34145529,5,1318668
34146741,6,1318668
34147954,8,1318668
34149166,7,1318668
34150378,7,1318668
34151591,4,1318668
34152803,7,1318668
34154016,9,1318668
34155228,3,1318668
34156441,9,1317590
34157653,4,1317590
34158865,7,1317590
34160078,3,1317590
34161290,8,1317590
34162503,8,1317590
34163715,7,1317590
34164927,7,1317590
34166141,5,1317590
34167353,6,1317538
34168566,5,1317538
34169778,7,1317538
34170990,5,1317538
34172203,7,1317538
34173416,4,1317538
34174628,6,1317538
34175840,7,1317538
34177053,10,1317538
34178265,8,1318874
34179478,4,1318874
34180690,6,1318874
34181903,5,1318874
34183115,6,1318874
34184329,7,1318874
34185541,6,1318874
34186753,9,1318874
34187966,6,1318874
34189178,6,1317332
34190391,4,1317332
34191603,4,1317332
34192815,7,1317332
34194029,5,1317332
34195241,6,1317332
34196453,10,1317332
34197666,6,1317332
34206153,8,1317332
34207365,7,1317332
34208579,8,1317332
34209791,5,1317332
34211003,7,1320159
34212215,4,1320159
34213428,5,1320159
34214640,6,1320159
34215853,7,1320159
34217066,8,1320159
34218279,7,1320159
34219490,7,1320159
34220703,9,1320159
34221916,6,1316047
34223129,5,1316047
34224341,6,1316047
34225553,7,1316047
34226766,5,1316047
34227978,8,1316047
34229191,10,1316047
34230404,8,1316047
34231616,7,1316047
34232828,6,1315739
34234041,3,1315739
34235254,7,1315739
34236467,4,1315739
34237679,4,1315739
34238892,4,1315739
34240104,7,1315739
34241316,6,1315739
34242530,6,1315739
34243742,9,1317281
34244954,4,1317281
34246167,5,1317281
34247380,6,1317281
34248592,8,1317281
34249804,4,1317281
34251017,8,1317281
34252229,5,1317281
34253442,5,1317281
34254654,5,1317692
34255867,4,1318155
34257080,4,1318155
34258292,4,1318155
34259505,2,1318155
34260717,3,1318155
34261930,3,1318155
34263142,5,1318155
34264355,5,1318155
34265568,5,1318155
34266780,4,1319748
34267993,5,1319748
34269205,5,1319748
34270417,2,1319748
34271630,4,1319748
34272842,2,1319748
34274055,5,1319748
34275267,2,1319748
34276480,5,1319748
34277692,4,1319131
34278905,4,1319131
34280118,3,1319131
34281330,4,1319131
34282543,4,1319131
34291030,10,1319131
34292243,6,1319131
34293456,7,1319131
34294668,5,1319131
34295881,3,1319131
34297093,6,1319131
34298306,7,1314095
34299518,6,1319902
34300731,3,1319902
34301944,1,1319902
34303155,2,1319902
34304369,5,1319902
34305581,4,1319902
34306793,5,1319902
34308006,5,1319902
34309219,3,1319902
34310431,5,1319838
34311643,3,1316510
34312857,5,1316510
34314069,4,1316510
34315281,5,1316510
34316493,4,1316510
34317706,4,1316510
34318919,4,1316510
34320132,3,1316510
34321345,3,1316561
34322557,4,1316305
34323769,4,1316305
34324982,5,1316305
34326194,6,1316305
34327407,4,1316305
34328620,6,1316305
34329832,3,1316305
34331045,4,1316305
34332257,5,1316305
34333470,2,1316305
34334682,9,1316305
34335895,6,1316305
34337108,5,1316305
34338320,5,1316305
34339534,8,1316305
34340746,9,1316305
34341959,12,1315277
34343170,8,1315277
34344383,5,1315277
34345596,6,1315277
34346808,3,1315277
34348021,7,1315277
34349233,8,1315277
34350446,12,1315277
34351658,5,1315277
34352872,5,1315277
34354084,8,1317641
34355296,2,1317641
34356509,9,1317641
34357721,4,1317641
34358934,7,1317641
34360146,6,1317641
34361360,6,1317641
34362571,7,1317641
34363784,4,1317641
34364997,7,1319645
34366209,4,1319645
34367422,3,1319645
34374698,15,1319645
34375910,6,1319028
34377122,4,1319028
34378336,8,1319028
34379547,8,1319028
34380760,7,1319028
34381973,3,1319028
34383185,8,1319028
34384398,5,1319028
34385611,8,1319028
34386822,7,1316818
34388036,4,1316818
34389248,5,1316818
34390460,6,1316818
34391673,6,1316818
34392885,9,1316818
34394097,3,1316818
34395311,5,1316818
34396522,5,1316818
34397735,6,1320673
34398948,2,1320673
34400160,7,1320673
34401373,7,1320673
34402585,6,1320673
34403797,6,1320673
34405011,6,1320673
34406222,8,1320673
34407435,8,1320673
34408647,7,1320159
34409860,3,1320159
34411073,3,1320159
34412284,8,1320159
34413497,7,1320159
34414710,8,1320159
34415922,6,1320159
34417134,7,1320159
34418347,6,1320159
34419560,6,1314300
34420772,5,1314300
34421985,9,1314300
34423197,9,1314300
34424410,7,1314300
34425622,3,1314300
34426834,5,1314300
34428047,7,1314300
34429260,7,1314300
34430472,5,1317487
34431684,3,1317487
34432897,5,1317487
34434109,6,1317487
34435322,5,1317487
34436535,8,1317487
34437747,10,1317487
34438960,6,1317487
34440173,5,1317487
34441385,4,1318000
34442597,5,1316407
34443810,6,1316407
34445023,5,1316407
34446234,3,1316407
34447447,6,1316407
34448661,4,1316407
34449872,3,1316407
34451085,9,1316407
34458361,5,1316407
34459573,5,1316407
34460786,7,1316407
34461998,6,1316407
34463210,7,1320519
34464423,4,1318258
34465636,3,1318258
34466849,3,1318258
34468061,5,1318258
34469273,4,1318258
34470486,2,1318258
34471698,6,1318258
34472911,5,1318258
34474123,3,1318258
34475336,4,1317795
34476549,8,1317795
34477761,5,1317795
34478974,6,1317795
34480186,5,1317795
34481399,4,1317795
34482611,6,1317795
34483824,0,1317795
34485036,2,1317795
34486249,6,1322060
34487461,5,1322060
34488674,5,1322060
34489886,6,1322060
34491099,4,1322060
34492311,4,1322060
34493524,5,1322060
34494736,4,1322060
34495949,3,1322060
34497161,3,1322148
34498374,4,1318052
34499586,7,1318052
34500799,4,1318052
34502011,3,1318052
34503224,3,1318052
34504436,5,1318052
34505649,6,1318052
34506861,4,1318052
34508074,4,1318106
34509287,5,1318874
34510499,2,1318874
34511712,4,1318874
34512924,5,1318874
34514137,3,1318874
34515349,5,1318874
34516562,3,1318874
34517774,4,1318874
34518988,4,1318874
34520200,4,1318874
34521413,6,1318874
34522626,9,1318874
34523838,4,1318874
34525050,5,1318874
34526262,4,1318874
34527476,6,1318874
34528687,8,1319439
34529900,4,1319439
34531112,3,1319439
34532325,7,1319439
34533538,7,1319439
34534750,4,1319439
34543238,5,1319439
34544451,11,1319439
34545663,6,1319439
34546876,8,1319439
34548088,7,1319439
34549301,8,1319439
34550515,10,1319439
34551727,9,1319388
34552940,2,1319388
34554152,8,1319388
34555364,7,1319388
34556577,7,1319388
34557789,4,1319388
34559002,7,1319388
34560214,4,1319388
34561427,6,1319388
34562639,8,1315020
34563852,4,1315020
34565065,10,1315020
34566277,7,1315020
34567489,5,1315020
34568702,7,1315020
34569914,6,1315020
34571127,6,1315020
34572339,8,1315020
34573552,6,1319028
34574764,3,1319028
34575977,4,1319028
34577189,9,1319028
34578402,9,1319028
34579615,4,1319028
34580826,6,1319028
34582040,9,1319028
34583252,7,1319028
34584464,7,1318412
34585677,4,1318412
34586890,8,1318412
34588102,4,1318412
34589314,4,1318412
34590527,6,1318412
34591739,6,1318412
34592952,6,1318412
34594165,6,1318412
34595377,8,1318258
34596590,2,1318258
34597802,5,1318258
34599014,8,1318258
34600227,7,1318258
34601440,7,1318258
34602652,6,1318258
34603865,7,1318258
34605077,8,1318258
34606290,5,1319028
34607502,4,1319028
34608714,7,1319028
34609927,6,1319028
34611140,8,1319028
34612352,6,1319028
34613565,6,1319028
34614777,7,1319028
34615990,7,1319028
34617202,8,1316613
34618415,4,1316613
34619627,3,1316613
34628116,4,1317024
34629328,6,1315739
34630540,4,1315739
34631753,8,1315739
34632966,4,1315739
34634178,4,1315739
34635391,3,1315739
34636604,5,1315739
34637816,4,1315739
34639029,4,1315739
34640241,3,1314249
34641454,6,1314249
34642667,4,1314249
34643878,4,1314249
34645092,2,1314249
34646304,5,1314249
34647517,4,1314249
34648729,7,1314249
34649941,0,1314249
34651154,5,1317538
34652367,4,1317538
34653579,3,1317538
34654791,4,1317538
34656005,5,1317538
34657216,5,1317538
34658429,4,1317538
34659641,1,1317538
34660854,6,1317538
34662067,6,1319439
34663279,4,1319439
34664492,5,1319439
34665705,5,1319439
34666917,4,1319439
34668129,2,1319439
34669342,5,1319439
34670555,6,1319439
34671767,5,1319439
34672979,6,1315431
34674192,5,1315431
34675404,4,1315431
34676617,4,1315431
34677830,0,1315431
34679042,5,1315431
34680254,9,1315431
34681467,3,1315431
34682680,4,1315431
34683892,4,1315431
34685105,3,1315431
34686318,4,1315431
34687530,5,1315431
34688742,5,1315431
34689956,4,1315431
34691168,6,1315431
34692380,4,1315431
34693593,5,1315431
34694805,2,1315333
34696018,3,1316613
34697230,1,1316613
34698443,6,1316613
34699655,5,1316613
34700868,4,1316613
34702081,4,1316613
34703293,4,1316613
34704506,5,1316613
34712993,10,1316613
34714206,11,1316613
34715418,7,1318720
34716631,6,1318720
34717844,2,1318720
34719056,8,1318720
34720269,4,1318720
34721481,5,1318720
34722693,7,1318720
34723906,5,1318720
34725118,8,1318720
34726332,10,1318720
34727544,5,1316664
34728756,6,1316664
34729969,7,1316664
34731181,9,1316664
34732394,3,1316664
34733606,6,1316664
34734818,3,1316664
34736031,9,1316664
34737244,6,1316664
34738456,7,1314866
34739669,5,1314866
34740881,9,1314866
34742094,6,1314866
34743306,5,1314866
34744518,5,1314866
34745731,7,1314866
34746943,5,1314866
34748156,7,1314866
34749369,8,1319850
34750581,7,1319850
34751793,6,1319850
34753006,7,1319850
34754218,7,1319850
34755431,8,1319850
34756644,9,1319850
34757856,4,1319850
34759068,4,1319850
34760281,6,1316716
34761493,2,1316716
34762706,5,1316716
34763918,7,1316716
34765131,7,1316716
34766344,9,1316716
34767556,6,1316716
34768769,4,1316716
34769981,8,1316716
34771193,6,1315071
34772405,6,1315071
34773618,8,1315071
34774831,7,1315071
34776043,6,1315071
34777256,6,1315071
34778468,6,1315071
34779680,7,1315071
34780894,5,1315071
34782105,4,1318926
34783318,3,1318926
34784530,5,1318926
34785743,6,1318926
34786955,6,1318926
34788168,5,1318926
34789380,10,1318926
34796655,3,1318926
34797868,5,1318926
34799081,8,1318926
34800293,8,1318926
34801505,8,1318926
34802718,7,1318926
34803930,5,1316305
34805143,4,1316305
34806355,7,1316305
34807568,6,1316305
34808781,7,1316305
34809993,7,1316305
34811206,6,1316305
34812419,3,1316305
34813631,5,1316305
34814843,5,1317075
34816056,7,1317075
34817269,4,1317075
34818482,6,1317075
34819694,5,1317075
34820906,7,1317075
34822119,7,1317075
34823332,7,1317075
34824544,10,1317075
34825757,9,1316510
34826969,3,1314969
34828181,6,1314969
34829394,4,1314969
34830607,4,1314969
34831819,4,1314969
34833032,4,1314969
34834245,4,1314969
34835457,5,1314969
34836669,5,1314969
34837881,2,1316767
34839094,4,1316767
34840306,3,1316767
34841519,3,1316767
34842731,3,1316767
34843944,5,1316767
34845157,6,1316767
34846369,5,1316767
34847582,4,1316767
34848794,4,1313889
34850006,3,1313889
34851219,4,1313889
34852432,3,1313889
34853644,1,1313889
34854857,2,1313889
34856069,4,1313889
34857282,5,1313889
34858494,3,1313889
34859707,5,1318206
34860920,4,1318206
34862133,4,1318206
34863344,4,1318206
34864557,1,1318206
34865770,4,1318206
34866982,5,1318206
34868195,4,1318206
34869407,5,1318206
34870620,3,1315071
34871832,4,1315071
34873045,8,1315071
34880320,2,1315071
34881534,7,1318874
34882745,18,1318874
34883958,6,1318874
34885170,4,1318874
34886384,4,1318874
34887596,4,1318874
34888808,3,1318874
34890021,4,1318874
34891233,4,1318874
34892446,7,1318902
34893658,3,1312758
34894871,5,1312758
34896083,3,1312758
34897296,2,1312758
34898509,5,1312758
34899721,5,1312758
34900934,4,1312758
34902146,5,1312758
34903359,5,1312758
34904571,4,1312758
34905783,4,1312758
34906996,7,1312758
34908209,10,1312758
34909421,7,1312758
34910633,6,1312758
34911846,4,1312758
34913059,6,1320262
34914271,5,1320262
34915483,3,1320262
34916697,4,1320262
34917909,8,1320262
34919121,8,1320262
34920334,9,1320262
34921546,8,1320262
34922759,8,1320262
34923971,9,1320262
34925184,8,1318103
34926396,4,1318103
34927609,8,1318103
34928821,5,1318103
34930034,8,1318103
34931247,8,1318103
34932459,6,1318103
34933672,7,1318103
34934885,7,1318103
34936097,7,1314557
34937310,5,1314557
34938522,6,1314557
34939734,6,1314557
34940947,7,1314557
34942161,6,1314557
34943373,4,1314557
34944585,7,1314557
34945798,7,1314557
34947010,5,1317127
34948222,5,1317127
34949435,6,1317127
34950648,5,1317127
34951860,6,1317127
34953073,10,1317127
34954285,7,1317127
34955498,5,1317127
34956711,5,1317127
34965199,6,1317127
34966411,5,1317127
34967624,7,1317127
34968836,6,1317487
34970049,5,1317487
34971262,6,1317487
34972475,7,1317487
34973687,8,1317487
34974899,6,1317487
34976112,6,1317487
34977324,7,1317487
34978537,4,1317487
34979749,10,1313581
34980962,4,1313581
34982174,5,1313581
34983387,5,1313581
34984599,8,1313581
34985812,5,1313581
34987025,4,1313581
34988238,11,1313581
34989451,9,1313581
34990662,5,1315534
34991875,6,1315534
34993087,8,1315534
34994300,7,1315534
34995513,5,1315534
34996725,6,1315534
34997938,7,1315534
34999150,8,1315534
35000363,10,1315534
35001576,5,1317898
35002788,5,1317898
35004001,6,1317898
35005213,6,1317898
35006426,5,1317898
35007639,9,1317898
35008851,7,1317898
35010063,10,1317898
35011276,5,1317898
35012488,6,1318103
35013701,4,1318360
35014915,5,1318360
35016126,6,1318360
35017339,6,1318360
35018551,6,1318360
35019763,2,1318360
35020977,1,1318360
35022189,4,1318360
35023401,5,1318360
35024614,3,1312758
35025826,4,1312758
35027039,6,1312758
35028251,6,1312758
35029464,4,1312758
35030676,2,1312758
35031889,4,1312758
35033101,4,1312758
35034314,3,1312758
35035527,3,1319285
35036739,5,1319285
35037951,2,1319285
35039163,4,1319285
35040376,4,1319285
35041589,5,1319285
35050076,3,1319285
35051289,7,1319285
35052501,6,1319285
35053713,9,1319285
35054926,6,1319285
35056138,7,1316664
35057350,4,1314403
35058563,4,1314403
35059775,4,1314403
35060988,5,1314403
35062200,0,1314403
35063413,4,1314403
35064626,5,1314403
35065839,3,1314403
35067051,6,1314403
35068263,5,1314420
35069476,3,1319028
35070688,2,1319028
35071901,3,1319028
35073113,5,1319028
35074326,7,1319028
35075539,4,1319028
35076751,10,1319028
35077963,3,1319028
35079176,5,1318973
35080388,2,1317949
35081601,5,1317949
35082814,4,1317949
35084026,3,1317949
35085238,2,1317949
35086451,7,1317949
35087663,5,1317949
35088876,5,1317949
35090089,3,1317949
35091301,5,1317949
35092513,4,1317949
35093726,6,1317949
35094938,7,1317949
35096151,7,1317949
35097364,6,1317949
35098576,6,1317949
35099788,5,1317641
35101001,4,1317641
35102213,6,1317641
35103425,6,1317641
35104638,6,1317641
35105850,3,1317641
35107063,6,1317641
35108275,5,1317641
35109488,6,1317641
35110701,8,1317641
35111912,6,1317898
35113125,3,1317898
35114337,7,1317898
35115551,8,1317898
35116763,8,1317898
35117975,9,1317898
35119188,3,1317898
35120400,5,1317898
35121613,6,1317898
35122825,4,1320005
35124038,4,1320005
35125250,6,1320005
35126463,7,1317744
35133738,12,1317744
35134950,8,1317744
35136163,8,1317744
35137375,7,1317744
35138588,8,1317744
35139801,6,1317744
35141013,5,1317744
35142226,9,1317744
35143439,8,1317744
35144650,6,1316561
35145863,2,1316561
35147076,7,1316561
35148288,5,1316561
35149500,6,1316561
35150713,5,1316561
35151925,5,1316561
35153138,6,1316561
35154351,7,1316561
35155562,8,1315071
35156775,2,1315071
35157987,6,1315071
35159201,6,1315071
35160413,6,1315071
35161625,6,1315071
35162837,6,1315071
35164050,9,1315071
35165262,7,1315071
35166475,5,1317949
35167688,4,1317949
35168900,10,1317949
35170112,4,1317949
35171325,8,1317949
35172537,5,1317949
35173750,9,1317949
35174962,8,1317949
35176174,5,1317949
35177388,6,1315482
35178600,4,1315482
35179812,5,1315482
35181024,5,1315482
35182237,7,1315482
35183449,10,1315482
35184662,4,1315482
35185875,4,1315482
35187088,4,1315482
35188300,7,1316716
35189511,6,1316716
35190724,5,1316716
35191937,10,1316716
35193149,8,1316716
35194362,9,1316716
35195574,7,1316716
35196786,5,1316716
35197999,6,1316716
35199212,5,1315996
35200424,2,1318926
35201636,3,1318926
35202849,4,1318926
35204061,8,1318926
35205274,6,1318926
35206486,3,1318926
35207699,2,1318926
35208911,6,1318926
35210123,6,1318926
35218611,2,1318926
35219823,5,1318926
35221036,7,1316613
35222248,11,1316356
35223461,3,1316356
35224673,4,1316356
35225885,4,1316356
35227098,4,1316356
35228310,6,1316356
35229523,4,1316356
35230735,3,1316356
35231948,5,1316356
35233160,5,1319542
35234372,4,1319542
35235586,4,1319542
35236797,-1,1319542
35238010,4,1319542
35239223,5,1319542
35240435,5,1319542
35241647,1,1319542
35242860,4,1319542
35244073,4,1320827
35245286,4,1320827
35246497,3,1320827
35247710,5,1320827
35248922,3,1320827
35250135,5,1320827
35251347,2,1320827
35252560,4,1320827
35253772,3,1320827
35254985,4,1320716
35256197,5,1318668
35257409,3,1318668
35258622,3,1318668
35259834,4,1318668
35261047,6,1318668
35262259,6,1318668
35263472,3,1318668
35264684,3,1318668
35265896,5,1318807
35267109,4,1314455
35268322,5,1314455
35269534,4,1314455
35270746,8,1314455
35271959,4,1314455
35273171,6,1314455
35274384,4,1314455
35275597,4,1314455
35276809,4,1314455
35278021,5,1314455
35279234,8,1314455
35280446,8,1314455
35281658,8,1314455
35282872,6,1314455
35284083,6,1314455
35285296,4,1314455
35286508,7,1314455
35287721,4,1314455
35288934,5,1314455
35290146,8,1314455
35291358,7,1314455
35292570,4,1314455
35293783,5,1314455
35294995,8,1314455
35302270,9,1314455
35303483,8,1314455
35304695,7,1314455
35305908,7,1314455
35307120,8,1314455
35308333,9,1314455
35309546,6,1318874
35310757,6,1318874
35311970,8,1318874
35313182,6,1318874
35314395,7,1318874
35315608,9,1318874
35316820,6,1318874
35318032,7,1318874
35319245,7,1318874
35320457,6,1316716
35321670,4,1316716
35322883,8,1316716
35324095,7,1316716
35325308,9,1316716
35326520,9,1316716
35327733,8,1316716
35328945,7,1316716
35330157,7,1316716
35331370,7,1319799
35332582,3,1319799
35333795,8,1319799
35335007,4,1319799
35336220,6,1319799
35337432,6,1319799
35338644,7,1319799
35339857,7,1319799
35341069,7,1319799
35342282,5,1318155
35343494,2,1318155
35344707,8,1318155
35345919,5,1318155
35347131,6,1318155
35348344,8,1318155
35349556,6,1318155
35350769,3,1318155
35351981,5,1318155
35353193,5,1318668
35354406,5,1318668
35355619,9,1318668
35356831,7,1318668
35358043,6,1318668
35359256,8,1318668
35360468,5,1318668
35361681,4,1318668
35362894,6,1318668
35364106,6,1318514
35365319,4,1318514
35366530,8,1318514
35367743,9,1318514
35368955,9,1318514
35370168,6,1318514
35371381,5,1318514
35372593,6,1318514
35373805,4,1318514
35375018,9,1315945
35376230,5,1315945
35377443,8,1315945
35378655,7,1316921
35387142,3,1315637
35388354,6,1315637
35389567,6,1315637
35390780,5,1315637
35391991,6,1315637
35393204,2,1315637
35394416,4,1315637
35395629,5,1315637
35396841,4,1315637
35398054,7,1313941
35399266,4,1313941
35400479,3,1313941
35401691,5,1313941
35402903,4,1313941
35404116,2,1313941
35405328,3,1313941
35406540,3,1313941
35407753,7,1313941
35408966,3,1317230
35410178,4,1317230
35411390,6,1317230
35412602,5,1317230
35413815,4,1317230
35415027,3,1317230
35416239,2,1317230
35417452,5,1317230
35418664,6,1317230
35419877,5,1318874
35421089,4,1318874
35422302,3,1318874
35423514,4,1318874
35424727,4,1318874
35425940,4,1318874
35427151,4,1318874
35428364,3,1318874
35429577,3,1318874
35430789,3,1318617
35432001,5,1318617
35433213,4,1318617
35434427,5,1318617
35435638,3,1318617
35436851,3,1318617
35438064,5,1318617
35439276,4,1318617
35440488,5,1318617
35441701,6,1318512
35442915,3,1317744
35444126,2,1317744
35445339,4,1317744
35446551,6,1317744
35447763,5,1317744
35448975,3,1317744
35450188,5,1317744
35451400,2,1317744
35452612,3,1317792
35453825,3,1317024
35455038,5,1317024
35456250,10,1317024
35457463,5,1317024
35458675,5,1317024
35459887,4,1317024
35461100,4,1317024
35462312,4,1317024
35463525,3,1317024
35472012,8,1317024
35473224,7,1313478
35474436,4,1313478
35475649,6,1313478
35476861,6,1313478
35478074,3,1313478
35479286,6,1313478
35480498,7,1313478
35481711,5,1313478
35482923,5,1313478
35484136,10,1313478
35485349,6,1318103
35486561,5,1318103
35487773,2,1318103
35488986,8,1318103
35490199,8,1318103
35491412,5,1318103
35492624,5,1318103
35493836,7,1318103
35495049,10,1318103
35496261,9,1315739
35497473,4,1315739
35498686,8,1315739
35499898,5,1315739
35501111,5,1315739
35502323,5,1315739
35503536,5,1315739
35504748,9,1315739
35505961,8,1315739
35507174,4,1319182
35508386,5,1319182
35509599,7,1319182
35510811,5,1319182
35512023,7,1319182
35513236,8,1319182
35514448,9,1319182
35515660,6,1319182
35516873,7,1319182
35518085,4,1314917
35519298,3,1314917
35520511,5,1314917
35521723,6,1314917
35522935,6,1314917
35524147,4,1314917
35525360,10,1314917
35526572,9,1314917
35527785,6,1314917
35528997,7,1319491
35530210,3,1319491
35531422,5,1319491
35532635,6,1319491
35533848,5,1319491
35535059,10,1319491
35536272,7,1319491
35537484,4,1319491
35538697,8,1319491
35539910,5,1321187
35541122,7,1321187
35542334,7,1321187
35543547,7,1321187
35544760,8,1321187
35545972,8,1321187
35547184,6,1321187
35548397,7,1321187
35555671,10,1321187
35556884,5,1321187
35558097,7,1321187
35559309,8,1321187
35560521,5,1321187
35561734,6,1318000
35562946,6,1318000
35564158,5,1318000
35565371,5,1318000
35566583,8,1318000
35567796,6,1318000
35569009,6,1318000
35570221,8,1318000
35571434,7,1318000
35572646,6,1318823
35573859,3,1318823
35575072,5,1318823
35576284,4,1318823
35577496,7,1318823
35578709,8,1318823
35579921,6,1318823
35581133,7,1318823
35582345,7,1318823
35583559,10,1317846
35584770,7,1312964
35585984,4,1312964
35587195,4,1312964
35588407,5,1312964
35589621,3,1312964
35590832,5,1312964
35592045,6,1312964
35593257,4,1312964
35594470,3,1312964
35595682,4,1317692
35596895,4,1317692
35598108,5,1317692
35599319,6,1317692
35600532,4,1317692
35601744,7,1317692
35602957,5,1317692
35604169,4,1317692
35605382,4,1317692
35606594,4,1313016
35607807,3,1313016
35609020,3,1313016
35610231,4,1313016
35611443,9,1313016
35612656,3,1313016
35613868,6,1313016
35615081,4,1313016
35616293,5,1313016
35617506,5,1315277
35618718,3,1315277
35619930,7,1315277
35621143,3,1315277
35622356,4,1315277
35623568,4,1315277
35624780,4,1315277
35625993,6,1315277
35627205,5,1315277
35628417,5,1315277
35629630,2,1315277
35630842,4,1315277
35632055,10,1315277
35639330,2,1315277
35640542,2,1315277
35641755,11,1315277
35642967,6,1315277
35644179,9,1315277
35645392,5,1315277
35646605,7,1315277
35647817,5,1315277
35649029,4,1317487
35650242,3,1317444
35651454,7,1319748
35652667,5,1319748
35653880,4,1319748
35655092,2,1319748
35656305,3,1319748
35657517,6,1319748
35658730,5,1319748
35659942,4,1319748
35661154,4,1319748
35662367,4,1319748
35663580,9,1319748
35664792,8,1319748
35666005,8,1319748
35667217,7,1319748
35668429,7,1319748
35669641,6,1319748
35670853,5,1314403
35672066,3,1314403
35673278,4,1314403
35674491,6,1314403
35675703,10,1314403
35676916,6,1314403
35678128,5,1314403
35679341,5,1314403
35680554,5,1314403
35681766,5,1314403
35682978,4,1318514
35684190,5,1318514
35685404,10,1318514
35686616,6,1318514
35687828,9,1318514
35689040,6,1318514
35690253,7,1318514
35691466,6,1318514
35692677,8,1318514
35693890,6,1316767
35695102,2,1316767
35696314,5,1316767
35697528,6,1316767
35698740,10,1316767
35699952,6,1316767
35701165,8,1316767
35702377,5,1316767
35703589,6,1316767
35704802,5,1318103
35706014,5,1318103
35707227,5,1318103
35708439,10,1318103
35709652,10,1318103
35710864,8,1318103
35712077,7,1318103
35713289,7,1318103
35714501,8,1318103
35715714,6,1318103
35724201,5,1318103
35725415,6,1318103
35726627,7,1318412
35727838,4,1318412
35729051,7,1318412
35730264,3,1318412
35731476,5,1318412
35732689,6,1318412
35733901,5,1318412
35735114,6,1318412
35736327,8,1318412
35737539,6,1314711
35738751,9,1314711
35739963,9,1314711
35741176,6,1314711
35742389,7,1314711
35743601,6,1314711
35744813,6,1314711
35746026,7,1314711
35747238,7,1314711
35748450,9,1317641
35749663,6,1317641
35750876,7,1317641
35752088,5,1317641
35753301,5,1317641
35754514,6,1317641
35755726,6,1317641
35756938,8,1317641
35758150,8,1317641
35759362,6,1317384
35760575,3,1317384
35761788,2,1317384
35763000,8,1317384
35764213,9,1317384
35765424,7,1317384
35766637,8,1317384
35767849,4,1317384
35769062,8,1317384
35770274,7,1317332
35771487,3,1315945
35772699,5,1315945
35773912,3,1315945
35775125,3,1315945
35776336,5,1315945
35777549,7,1315945
35778761,7,1315945
35779974,5,1315945
35781186,6,1315945
35782399,2,1310908
35783611,3,1310908
35784824,3,1310908
35786037,4,1310908
35787249,6,1310908
35788462,4,1310908
35789674,4,1310908
35790886,8,1310908
35792098,6,1310908
35793311,5,1319028
35794523,3,1319028
35795736,3,1319028
35796949,4,1319028
35798160,5,1319028
35799373,4,1319028
35800585,6,1319028
35809073,4,1319028
35810285,5,1319028
35811497,5,1319028
35812710,7,1319028
35813922,8,1316716
35815135,5,1317744
35816347,4,1317744
35817559,6,1317744
35818772,5,1317744
35819984,5,1317744
35821196,4,1317744
35822409,3,1317744
35823622,4,1317744
35824834,4,1317744
35826046,5,1317678
35827259,3,1313838
35828471,3,1313838
35829684,4,1313838
35830896,4,1313838
35832108,3,1313838
35833321,3,1313838
35834533,6,1313838
35835746,6,1313838
35836959,5,1314006
35838172,4,1317590
35839383,3,1317590
35840596,4,1317590
35841809,0,1317590
35843021,5,1317590
35844234,3,1317590
35845446,8,1317590
35846658,6,1317590
35847871,4,1317590
35849083,5,1317590
35850296,8,1317590
35851508,4,1317590
35852721,6,1317590
35853932,7,1317590
35855145,10,1317590
35856358,7,1317590
35857570,10,1316818
35858782,3,1316818
35859995,5,1316818
35861208,5,1316818
35862420,9,1316818
35863632,7,1316818
35864844,6,1316818
35866057,7,1316818
35867270,7,1316818
35868482,3,1316818
35869695,4,1316150
35870907,5,1316150
35872119,7,1316150
35873332,7,1316150
35874544,5,1316150
35875757,8,1316150
35876969,6,1316150
35878182,6,1316150
35879394,7,1316150
35880606,9,1316870
35881819,3,1316870
35883032,5,1316870
35884244,6,1316870
35885456,5,1317078
35892731,12,1317846
35893943,7,1317846
35895155,1,1317846
35896369,4,1317846
35897581,3,1317846
35898793,4,1317846
35900006,5,1317846
35901218,5,1317846
35902431,3,1317846
35903643,4,1317846
35904855,5,1317846
35906067,5,1317846
35907280,9,1317846
35908492,4,1317846
35909705,5,1317846
35910917,4,1317846
35912129,7,1317846
35913342,8,1314197
35914555,8,1314197
35915767,7,1314197
35916980,7,1314197
35918192,4,1314197
35919404,8,1314197
35920617,7,1314197
35921830,8,1314197
35923041,9,1314197
35924254,7,1314249
35925466,4,1314249
35926679,6,1314249
35927892,7,1314249
35929103,6,1314249
35930316,5,1314249
35931528,5,1314249
35932741,6,1314249
35933953,4,1314249
35935166,9,1316047
35936378,4,1316047
35937590,6,1316047
35938803,6,1316047
35940016,6,1316047
35941227,5,1316047
35942440,7,1316047
35943652,11,1316047
35944865,7,1316047
35946077,7,1318000
35947290,2,1318000
35948503,5,1318000
35949715,6,1318000
35950927,6,1318000
35952139,3,1318000
35953352,5,1318000
35954564,6,1318000
35955777,6,1318000
35956990,7,1314917
35958203,4,1318052
35959414,4,1318052
35960627,4,1318052
35961839,5,1318052
35963052,6,1318052
35964264,5,1318052
35965477,3,1318052
35966689,3,1318052
35967901,4,1318052
35969114,11,1318052
35977601,4,1318052
35978813,7,1314917
35980026,7,1314917
35981238,2,1314917
35982451,5,1314917
35983663,4,1314917
35984876,6,1314917
35986088,4,1314917
35987300,5,1314917
35988513,3,1314917
35989725,5,1314917
35990938,4,1375160
35992150,4,1309624
35993363,4,1309624
35994576,5,1309624
35995788,3,1309624
35997000,5,1309624
35998212,5,1309624
35999425,4,1309624
36000637,4,1309624
36001850,3,1249587
36003062,4,1315123
36004275,3,1315123
36005488,2,1315123
36006701,7,1315123
36007914,2,1315123
36009125,2,1315123
36010337,4,1315123
36011550,6,1315123
36012762,5,1315225
36013974,5,1315225
36015187,5,1315225
36016400,5,1315225
36017613,6,1315225
36018824,3,1315225
36020037,4,1315225
36021249,7,1315225
36022463,3,1315225
36023674,5,1315315
36024887,6,1311731
36026099,4,1311731
36027313,4,1311731
36028524,2,1311731
36029736,5,1311731
36030949,4,1311731
36032162,5,1311731
36033374,5,1311731
36034586,4,1311731
36035799,3,1311731
36037011,4,1311731
36038223,9,1311731
36039436,5,1311731
36040648,5,1311731
36041861,3,1311731
36043073,5,1311731
36044286,6,1314814
36045498,4,1314814
36046711,5,1314814
36047923,7,1314814
36049135,7,1314814
36050348,9,1314814
36051560,7,1314814
36052773,2,1314814
36053985,6,1314814
36061262,13,1314814
36062473,7,1314814
36063686,6,1314814
36064898,10,1314814
36066110,7,1314814
36067323,6,1312707
36068535,4,1312707
36069748,10,1312707
36070961,6,1312707
36072173,7,1312707
36073385,6,1312707
36074597,5,1312707
36075810,7,1312707
36077022,8,1312707
36078236,8,1310806
36079448,9,1310806
36080660,6,1310806
36081873,6,1310806
36083085,8,1310806
36084297,9,1310806
36085509,5,1310806
36086722,7,1310806
36087934,5,1310806
36089148,4,1312399
36090359,6,1312399
36091572,7,1312399
36092784,5,1312399
36093997,9,1312399
36095209,6,1312399
36096422,5,1312399
36097634,6,1312399
36098847,7,1312399
36100059,6,1311474
36101271,4,1311474
36102484,5,1311474
36103696,8,1311474
36104909,7,1311474
36106121,6,1311474
36107334,8,1311474
36108547,7,1311474
36109759,8,1311474
36110972,5,1306283
36112184,5,1306283
36113397,6,1306283
36114609,4,1306283
36115821,6,1306283
36117034,7,1306283
36118246,7,1306283
36119459,4,1306283
36120671,4,1306283
36121883,5,1308853
36123096,5,1308853
36124309,6,1308853
36125521,6,1308853
36126733,6,1308853
36127946,7,1308853
36129158,6,1308853
36130370,5,1308853
36131583,7,1308853
36132796,5,1309367
36134007,4,1309367
36135221,8,1309367
36136433,8,1309367
36137645,6,1314506
36146132,5,1314506
36147345,5,1314506
36148558,6,1314506
36149770,4,1314506
36150982,3,1314506
36152195,5,1314506
36153407,3,1314506
36154620,1,1314506
36155832,4,1313529
36157044,4,1313529
36158257,5,1313529
36159469,4,1313529
36160682,3,1313529
36161894,4,1313529
36163107,3,1313529
36164320,5,1313529
36165532,5,1313529
36166744,6,1317692
36167957,5,1317692
36169169,5,1317692
36170382,4,1317692
36171594,5,1317692
36172807,2,1317692
36174020,5,1317692
36175231,4,1317692
36176444,6,1317692
36177656,4,1372590
36178868,4,1307054
36180081,2,1307054
36181293,2,1307054
36182506,4,1307054
36183718,6,1307054
36184930,6,1307054
36186143,7,1307054
36187355,6,1307054
36188568,3,1250511
36189780,5,1316047
36190993,3,1316047
36192205,4,1316047
36193417,6,1316047
36194630,3,1316047
36195842,4,1316047
36197054,3,1316047
36198267,2,1316047
36199479,4,1315843
36200693,4,1316099
36201904,3,1316099
36203117,5,1316099
36204329,4,1316099
36205542,2,1316099
36206754,8,1316099
36207967,4,1316099
36209179,5,1316099
36210391,5,1316207
36211604,4,1317487
36212817,0,1317487
36214028,5,1317487
36215241,3,1317487
36216453,5,1317487
36217666,3,1317487
36218878,3,1317487
36220092,3,1317487
36221303,3,1317487
36222516,7,1317487
36231003,8,1317795
36232215,5,1317795
36233428,2,1317795
36234640,4,1317795
36235853,4,1317795
36237065,7,1317795
36238278,6,1317795
36239490,4,1317795
36240703,8,1317795
36241914,6,1317795
36243128,7,1321444
36244340,4,1321444
36245552,9,1321444
36246765,5,1321444
36247978,5,1321444
36249190,7,1321444
36250402,10,1321444
36251616,5,1321444
36252827,4,1321444
36254041,8,1322780
36255252,8,1322780
36256465,6,1322780
36257677,4,1322780
36258891,7,1322780
36260102,5,1322780
36261316,5,1322780
36262528,6,1322780
36263740,7,1322780
36264953,4,1324270
36266165,6,1324270
36267378,7,1324270
36268591,7,1324270
36269803,4,1324270
36271016,6,1324270
36272228,6,1324270
36273440,8,1324270
36274653,9,1324270
36275865,4,1322883
36277078,1,1322883
36278291,4,1322883
36279504,6,1322883
36280716,7,1322883
36281929,7,1322883
36283141,8,1322883
36284353,6,1322883
36285565,9,1322883
36286778,5,1323037
36287990,3,1323037
36289203,4,1323037
36290416,3,1323037
36291628,5,1323037
36292841,4,1323037
36294054,10,1323037
36295266,7,1323037
36296479,6,1323037
36297691,7,1327508
36298903,4,1327508
36300117,5,1327508
36301328,4,1327508
36302541,6,1327508
36303753,11,1327508
36304966,5,1327508
36306178,8,1327508
36307391,7,1327508
36314666,4,1327508
36315879,6,1327508
36317092,5,1327508
36318303,6,1327508
36319516,5,1328844
36320729,3,1328844
36321941,7,1328844
36323153,6,1328844
36324366,6,1328844
36325578,6,1328844
36326791,5,1328844
36328003,4,1328844
36329216,8,1328844
36330428,6,1324938
36331640,5,1331876
36332854,5,1331876
36334065,4,1331876
36335278,4,1331876
36336490,1,1331876
36337703,3,1331876
36338915,4,1331876
36340127,5,1331876
36341340,5,1331876
36342553,6,1331722
36343765,5,1331722
36344978,5,1331722
36346190,6,1331722
36347402,3,1331722
36348615,4,1331722
36349827,5,1331722
36351040,3,1331722
36352252,9,1331722
36353464,3,1329769
36354677,5,1329769
36355889,5,1329769
36357102,3,1329769
36358314,4,1329769
36359527,4,1329769
36360739,5,1329769
36361953,3,1329769
36363165,6,1329769
36364377,2,1330900
36365590,5,1330900
36366803,5,1330900
36368014,5,1330900
36369227,5,1330900
36370440,6,1330900
36371652,5,1330900
36372865,5,1330900
36374077,4,1330900
36375290,4,1328484
36376503,3,1328484
36377714,4,1328484
36378927,4,1328484
36380140,5,1328484
36381352,5,1328484
36382564,2,1328484
36383776,3,1328484
36384989,4,1328484
36386202,5,1328398
36387414,5,1332750
36388627,4,1332750
36389839,4,1332750
36391051,6,1332750
36398326,1,1332750
36399538,3,1332750
36400751,7,1332750
36401963,8,1332750
36403175,8,1332750
36404388,5,1332750
36405600,6,1332750
36406813,3,1326531
36408025,4,1326531
36409238,6,1326531
36410451,10,1326531
36411663,9,1326531
36412875,6,1326531
36414087,5,1326531
36415300,6,1326531
36416512,7,1326531
36417724,7,1326531
36418937,3,1326531
36420149,4,1326531
36421362,8,1326531
36422574,6,1326531
36423786,4,1326531
36424999,7,1326531
36426212,8,1326531
36427424,8,1326531
36428636,8,1326531
36429849,9,1330848
36431061,6,1330848
36432273,5,1330848
36433487,5,1330848
36434698,7,1330848
36435911,4,1330848
36437124,6,1330848
36438335,5,1330848
36439548,8,1330848
36440760,7,1329512
36441973,5,1329512
36443185,8,1329512
36444397,6,1329512
36445609,8,1329512
36446822,8,1329512
36448034,9,1329512
36449247,4,1329512
36450459,8,1329512
36451671,9,1332338
36452884,7,1332338
36454097,7,1332338
36455309,5,1332338
36456521,6,1332338
36457733,7,1332338
36458946,5,1332338
36460158,8,1332338
36461370,9,1332338
36462583,6,1332082
36463796,5,1332082
36465008,8,1332082
36466220,7,1332082
36467433,7,1332082
36468645,6,1332082
36469858,5,1332082
36471069,5,1332082
36472282,8,1332082
36473494,5,1334703
36474707,9,1334703
36483194,5,1334703
36484406,5,1331157
36485620,3,1331157
36486831,5,1331157
36488044,5,1331157
36489257,6,1331157
36490468,5,1331157
36491681,6,1331157
36492894,3,1331157
36494106,8,1331157
36495318,3,1333007
36496531,3,1333007
36497743,7,1333007
36498955,5,1333007
36500167,4,1333007
36501380,6,1333007
36502592,9,1333007
36503805,7,1333007
36505017,7,1333007
36506230,4,1334291
36507442,7,1334291
36508654,8,1334291
36509867,8,1334291
36511080,7,1334291
36512291,6,1334291
36513504,7,1334291
36514716,7,1334291
36515929,10,1334291
36517141,5,1336090
36518353,6,1332647
36519566,4,1332647
36520778,4,1332647
36521990,3,1332647
36523203,3,1332647
36524415,6,1332647
36525627,4,1332647
36526840,5,1332647
36528052,4,1332647
36529264,3,1331259
36530477,3,1331259
36531689,3,1331259
36532902,3,1331259
36534115,2,1331259
36535326,4,1331259
36536539,5,1331259
36537751,7,1331259
36538963,5,1331259
36540176,6,1333367
36541389,4,1333367
36542601,2,1333367
36543814,4,1333367
36545025,6,1333367
36546238,8,1333367
36547451,9,1333367
36548663,4,1333367
36549875,3,1333367
36551088,5,1334394
36552300,5,1334394
36553513,4,1334394
36554725,6,1334394
36555937,5,1334394
36557150,4,1334394
36558362,5,1334394
36559575,5,1334394
36568061,6,1334394
36569274,8,1334394
36570487,5,1334394
36571698,5,1329512
36572911,4,1329429
36574124,4,1334549
36575336,4,1334549
36576549,4,1334549
36577760,3,1334549
36578973,5,1334549
36580186,4,1334549
36581398,4,1334549
36582610,3,1334549
36583822,3,1334657
36585035,4,1336193
36586247,9,1336193
36587460,5,1336193
36588672,7,1336193
36589885,4,1336193
36591098,3,1336193
36592310,5,1336193
36593523,3,1336193
36594735,4,1336193
36595948,5,1336193
36597161,8,1336193
36598373,8,1336193
36599585,5,1336193
36600798,5,1336193
36602010,8,1336193
36603223,9,1336193
36604434,9,1336193
36605647,4,1336193
36606860,3,1336193
36608072,6,1336193
36609285,6,1336193
36610498,8,1336193
36611710,6,1336193
36612922,10,1336193
36614134,7,1336193
36615347,4,1336193
36616560,7,1335165
36617772,5,1335165
36618984,10,1335165
36620197,7,1335165
36621410,5,1335165
36622622,4,1335165
36623834,5,1335165
36625046,10,1335165
36626260,8,1335165
36627472,5,1332750
36628685,4,1332750
36629897,5,1332750
36631109,5,1332750
36632321,7,1332750
36633534,7,1332750
36634746,9,1332750
36635959,6,1332750
36637171,7,1332750
36638385,4,1332698
36639597,5,1332698
36640809,8,1332698
36642021,6,1332698
36643234,9,1332698
36644446,6,1332698
36651722,13,1332698
36652935,6,1332698
36654146,7,1332698
36655359,9,1332698
36656571,5,1332698
36657784,4,1332698
36658997,6,1332698
36660209,7,1333572
36661421,4,1333572
36662634,8,1333572
36663846,6,1333572
36665060,9,1333572
36666272,4,1333572
36667484,5,1333572
36668697,8,1333572
36669909,6,1333572
36671121,6,1335576
36672334,4,1335576
36673546,7,1335576
36674759,7,1335576
36675971,9,1335576
36677184,7,1335576
36678397,6,1335576
36679609,8,1335576
36680821,6,1335576
36682034,6,1332647
36683246,4,1332647
36684458,4,1332647
36685672,7,1332647
36686884,7,1332647
36688097,6,1332647
36689309,8,1332647
36690521,9,1332647
36691734,7,1332647
36692946,7,1333829
36694158,4,1333829
36695371,7,1333829
36696584,8,1333829
36697796,7,1333829
36699008,4,1333829
36700221,9,1333829
36701433,6,1333829
36702645,9,1333829
36703858,6,1334446
36705070,3,1334446
36706283,10,1334446
36707496,7,1334446
36708708,6,1334446
36709921,5,1334446
36711133,9,1334446
36712345,8,1334446
36713557,7,1334446
36714770,4,1336501
36715982,4,1332390
36717194,4,1332390
36718407,6,1332390
36719619,5,1332390
36720832,3,1332390
36722044,4,1332390
36723256,6,1332390
36724469,3,1332390
36725681,2,1332390
36726894,5,1335987
36728106,7,1335987
36736594,6,1335987
36737807,13,1333109
36739019,6,1333109
36740231,4,1333109
36741443,7,1333109
36742656,3,1333109
36743868,2,1333109
36745081,3,1333109
36746294,4,1333109
36747506,4,1333109
36748718,5,1335319
36749931,5,1335319
36751143,5,1335319
36752355,6,1335319
36753568,5,1335319
36754780,6,1335319
36755993,7,1335319
36757206,4,1335319
36758418,4,1335319
36759631,4,1335319
36760844,2,1335319
36762055,8,1335319
36763268,4,1335319
36764481,3,1335319
36765693,5,1335319
36766905,3,1335319
36768118,4,1335319
36769330,4,1335319
36770543,5,1335394
36771755,8,1327970
36772968,4,1327970
36774181,5,1327970
36775393,3,1327970
36776605,4,1327970
36777818,5,1327970
36779030,5,1327970
36780243,5,1327970
36781455,5,1328102
36782668,4,1335782
36783880,4,1335782
36785093,4,1335782
36786305,3,1335782
36787518,3,1335782
36788731,6,1335782
36789943,4,1335782
36791156,4,1335782
36792368,6,1335782
36793581,4,1335782
36794793,7,1335782
36796005,3,1335782
36797218,5,1335782
36798430,9,1335782
36799643,6,1335782
36800856,9,1335782
36802068,6,1328125
36803280,5,1328125
36804493,4,1328125
36805706,6,1328125
36806919,5,1328125
36808130,7,1328125
36809343,9,1328125
36810556,6,1328125
36811768,6,1328125
36812980,5,1328125
36820255,16,1328125
36821468,6,1328125
36822680,4,1328125
36823893,5,1328125
36825105,5,1332030
36826318,2,1332030
36827530,7,1332030
36828743,7,1332030
36829956,7,1332030
36831167,4,1332030
36832380,6,1332030
36833592,9,1332030
36834804,5,1332030
36836017,6,1334857
36837230,4,1334857
36838443,7,1334857
36839654,7,1334857
36840867,9,1334857
36842080,5,1334857
36843292,5,1334857
36844504,6,1334857
36845717,6,1334857
36846929,4,1335011
36848141,3,1335011
36849355,7,1335011
36850566,6,1335011
36851779,4,1335011
36852991,7,1335011
36854204,6,1335011
36855417,8,1335011
36856628,6,1335011
36857841,6,1334035
36859053,5,1334035
36860266,8,1334035
36861478,5,1334035
36862691,8,1334035
36863903,7,1334035
36865116,6,1334035
36866327,7,1334035
36867540,7,1334035
36868752,10,1335011
36869965,4,1335011
36871177,3,1335011
36872390,5,1335011
36873602,9,1335011
36874814,6,1335011
36876027,10,1335011
36877240,6,1335011
36878452,8,1335011
36879664,9,1336656
36880876,4,1336656
36882089,4,1336656
36883301,8,1336656
36884514,8,1336656
36885726,8,1336656
36886938,7,1336656
36888151,5,1336656
36889364,5,1336656
36890576,9,1337580
36891788,3,1337580
36893001,6,1337580
36894213,6,1337580
36895426,1,1337580
36896638,5,1337580
36905125,6,1337580
36906337,5,1337580
36907549,6,1337580
36908762,7,1337580
36909974,5,1337580
36911186,8,1337580
36912398,5,1336090
36913611,5,1337375
36914823,5,1337375
36916036,5,1337375
36917248,7,1337375
36918461,4,1337375
36919673,4,1337375
36920885,6,1337375
36922098,3,1337375
36923310,3,1337375
36924522,4,1333469
36925735,3,1333469
36926948,4,1333469
36928160,5,1333469
36929372,2,1333469
36930586,3,1333469
36931797,5,1333469
36933010,5,1333469
36934222,5,1333469
36935435,5,1330848
36936648,3,1330848
36937859,3,1330848
36939072,5,1330848
36940285,3,1330848
36941497,3,1330848
36942709,4,1330848
36943922,4,1330848
36945134,4,1330848
36946347,4,1333675
36947559,6,1333675
36948772,4,1333675
36949984,4,1333675
36951196,5,1333675
36952409,4,1333675
36953622,4,1333675
36954834,3,1333675
36956046,7,1333675
36957259,3,1333626
36958471,4,1334394
36959683,2,1334394
36960896,4,1334394
36962109,4,1334394
36963321,6,1334394
36964534,5,1334394
36965745,7,1334394
36966959,4,1334394
36968170,4,1334525
36969382,4,1328125
36970595,7,1328125
36971807,3,1328125
36973019,4,1328125
36974232,5,1328125
36975444,5,1328125
36976657,3,1328125
36977869,1,1328125
36979082,4,1328125
36980294,5,1328125
36981506,6,1328125
36988780,4,1339328
36989993,3,1339328
36991206,3,1339328
36992418,5,1339328
36993630,4,1339328
36994842,7,1339328
36996056,11,1339328
36997268,6,1339328
36998480,7,1339328
36999692,7,1339328
37000905,4,1336912
37002117,3,1336912
37003329,7,1336912
37004541,7,1336912
37005754,8,1336912
37006966,3,1336912
37008179,4,1336912
37009392,9,1336912
37010604,6,1336912
37011816,8,1334189
37013028,6,1334189
37014241,6,1334189
37015453,6,1334189
37016665,5,1334189
37017878,5,1334189
37019091,3,1334189
37020302,6,1334189
37021516,7,1334189
37022728,5,1336758
37023940,3,1336758
37025152,6,1336758
37026365,7,1336758
37027577,5,1336758
37028790,3,1336758
37030002,6,1336758
37031214,6,1336758
37032427,5,1336758
37033639,6,1336553
37034852,5,1336553
37036064,6,1336553
37037277,6,1336553
37038490,4,1336553
37039702,5,1336553
37040914,6,1336553
37042127,5,1336553
37043338,4,1336553
37044551,7,1333983
37045763,2,1333983
37046976,6,1333983
37048188,3,1333983
37049401,6,1333983
37050613,3,1333983
37051826,8,1333983
37053038,6,1333983
37054250,7,1333983
37055463,8,1333726
37056675,4,1333726
37057888,6,1333726
37059101,10,1333726
37060313,11,1333726
37061525,7,1333726
37062738,6,1333726
37063950,9,1333726
37065163,6,1333726
37072438,10,1333726
37073650,6,1333726
37074862,4,1333726
37076074,5,1333726
37077287,11,1335165
37078499,4,1335165
37079712,6,1335165
37080925,6,1335165
37082136,8,1335165
37083349,6,1335165
37084561,5,1335165
37085773,6,1335165
37086986,7,1335165
37088198,8,1336090
37089411,3,1333932
37090623,5,1333932
37091835,4,1333932
37093048,7,1333932
37094260,2,1333932
37095472,5,1333932
37096685,4,1333932
37097897,1,1333932
37099110,5,1333932
37100322,4,1331208
37101534,4,1331208
37102746,10,1331208
37103959,5,1331208
37105172,5,1331208
37106384,6,1331208
37107596,4,1331208
37108808,2,1331208
37110021,6,1331208
37111233,3,1332750
37112445,9,1332750
37113658,3,1332750
37114870,4,1332750
37116082,0,1332750
37117294,4,1332750
37118507,2,1332750
37119719,4,1332750
37120931,5,1332750
37122144,4,1337221
37123357,5,1337221
37124569,5,1337221
37125781,5,1337221
37126993,4,1337221
37128206,7,1337221
37129418,4,1337221
37130631,4,1337221
37131843,3,1337221
37133056,6,1330951
37134268,5,1330951
37135480,3,1330951
37136693,3,1330951
37137905,4,1330951
37139117,4,1330951
37140329,3,1330951
37141542,5,1330951
37142754,9,1330951
37143967,4,1331124
37145179,4,1336244
37146391,4,1336244
37147605,4,1336244
37148817,4,1336244
37156191,8,1336244
37157303,9,1336244
37158516,7,1336244
37159728,6,1336244
37160941,7,1336244
37162153,7,1336244
37163366,7,1336244
37164578,7,1337067
37165790,4,1337067
37167003,6,1337067
37168215,7,1337067
37169428,7,1337067
37170640,9,1337067
37171853,7,1337067
37173065,7,1337067
37174277,5,1337067
37175490,3,1336912
37176702,4,1336912
37177915,7,1336912
37179127,5,1336912
37180340,4,1336912
37181552,7,1336912
37182764,6,1336912
37183977,9,1336912
37185189,8,1336912
37186401,5,1336912
37187614,5,1337992
37188826,-1,1337992
37190038,5,1337992
37191251,7,1337992
37192463,6,1337992
37193675,10,1337992
37194888,9,1337992
37196101,3,1337992
37197313,8,1337992
37198525,7,1333932
37199738,5,1333932
37200950,7,1333932
37202162,8,1333932
37203375,6,1333932
37204588,5,1333932
37205800,5,1333932
37207013,4,1333932
37208225,6,1333932
37209437,6,1339945
37210649,4,1339945
37211861,3,1339945
37213074,7,1339945
37214286,10,1339945
37215499,6,1339945
37216712,5,1339945
37217924,9,1339945
37219136,6,1339945
37220348,7,1338043
37221561,6,1338043
37222773,5,1338043
37223985,4,1338043
37225198,5,1338043
37226410,5,1338043
37227623,6,1338043
37228835,5,1338043
37230047,10,1338043
37231260,6,1335833
37232472,9,1335833
37240958,1,1335833
37242170,7,1337324
37243382,3,1337324
37244595,7,1337324
37245807,4,1337324
37247019,4,1337324
37248232,7,1337324
37249444,10,1337324
37250657,6,1337324
37251869,4,1337324
37253081,4,1336810
37254293,6,1336810
37255505,8,1336810
37256718,8,1336810
37257930,8,1336810
37259142,7,1336810
37260354,7,1336810
37261567,5,1336810
37262780,4,1336810
37263992,6,1335319
37265204,4,1335319
37266416,5,1335319
37267628,6,1335319
37268841,9,1335319
37270053,8,1335319
37271265,8,1335319
37272477,7,1335319
37273690,6,1335319
37274903,5,1334189
37276114,3,1335936
37277326,4,1335936
37278539,6,1335936
37279751,10,1335936
37280964,4,1335936
37282176,3,1335936
37283388,4,1335936
37284601,6,1335936
37285812,5,1335936
37287025,3,1338094
37288237,3,1338094
37289450,6,1338094
37290662,3,1338094
37291874,2,1338094
37293086,3,1338094
37294299,2,1338094
37295512,3,1338094
37296723,4,1338094
37297936,4,1331619
37299148,4,1331619
37300360,6,1331619
37301573,6,1331619
37302785,5,1331619
37303997,4,1331619
37305209,4,1331619
37306421,5,1331619
37307634,3,1331619
37308846,4,1331259
37310058,5,1331259
37311271,6,1331259
37312483,3,1331259
37313695,4,1331259
37314908,3,1331259
37316121,5,1331259
37317332,4,1331259
37325819,5,1331259
37327031,6,1331259
37328243,6,1331259
37329455,8,1334857
37330667,4,1334918
37331880,4,1337478
37333093,3,1337478
37334304,3,1337478
37335517,3,1337478
37336730,4,1337478
37337942,5,1337478
37339154,4,1337478
37340366,3,1337478
37341579,2,1337382
37342791,5,1339174
37344003,3,1339174
37345215,2,1339174
37346428,4,1339174
37347640,3,1339174
37348852,3,1339174
37350066,4,1339174
37351277,4,1339174
37352490,3,1339174
37353702,3,1339174
37354915,7,1339174
37356126,4,1339174
37357340,9,1339174
37358552,7,1339174
37359764,7,1339174
37360976,6,1339174
37362189,7,1337015
37363401,5,1337015
37364614,4,1337015
37365826,7,1337015
37367038,5,1337015
37368251,5,1337015
37369464,7,1337015
37370676,5,1337015
37371889,6,1337015
37373101,5,1337015
37374313,5,1333829
37375525,4,1333829
37376738,7,1333829
37377950,4,1333829
37379162,6,1333829
37380375,6,1333829
37381588,4,1333829
37382800,3,1333829
37384012,7,1333829
37385225,10,1334857
37386437,6,1334857
37387649,12,1334857
37388862,8,1334857
37390074,6,1334857
37391287,7,1334857
37392500,6,1334857
37393712,7,1334857
37394924,5,1334857
37396136,5,1336707
37397349,5,1336707
37398561,4,1336707
37399774,4,1336707
37400986,7,1336707
37402198,5,1336707
37409473,4,1336707
37410685,7,1336707
37411898,5,1336707
37413110,8,1336707
37414323,8,1336707
37415534,7,1336707
37416748,10,1336707
37417960,6,1331928
37419172,4,1331928
37420384,6,1331928
37421596,7,1331928
37422809,7,1331928
37424021,6,1331928
37425234,4,1331928
37426446,9,1331928
37427658,6,1331928
37428870,7,1333264
37430083,3,1333264
37431296,7,1333264
37432508,7,1333264
37433720,5,1333264
37434932,7,1333264
37436145,7,1333264
37437357,8,1333264
37438569,7,1333264
37439782,6,1337580
37440994,5,1337580
37442207,6,1337580
37443420,6,1337580
37444632,8,1337580
37445844,5,1337580
37447056,6,1337580
37448269,8,1337580
37449481,6,1337580
37450694,5,1336347
37451906,4,1336347
37453118,4,1336347
37454330,6,1336347
37455543,7,1336347
37456756,11,1336347
37457968,10,1336347
37459180,8,1336347
37460393,6,1336347
37461605,6,1334189
37462818,4,1335268
37464030,4,1335268
37465243,6,1335268
37466456,6,1335268
37467667,4,1335268
37468880,3,1335268
37470093,3,1335268
37471306,5,1335268
37472518,5,1335268
37473730,3,1333469
37474942,2,1333469
37476155,4,1333469
37477368,4,1333469
37478580,4,1333469
37479792,4,1333469
37481005,5,1333469
37482217,4,1333469
37483430,1,1333469
37484642,3,1335525
37485854,6,1335525
37493191,7,1335525
37494342,17,1335525
37495554,5,1336501
37496766,1,1336501
37497978,4,1336501
37499192,4,1336501
37500403,3,1336501
37501616,3,1336501
37502829,4,1336501
37504041,5,1336501
37505253,6,1336501
37506466,5,1334908
37507678,4,1334908
37508890,3,1334908
37510104,4,1334908
37511315,6,1334908
37512528,4,1334908
37513740,5,1334908
37514953,4,1334908
37516165,4,1334908
37517377,5,1334974
37518590,4,1338814
37519803,4,1338814
37521014,5,1338814
37522227,5,1338814
37523439,5,1338814
37524652,4,1338814
37525864,4,1338814
37527077,3,1338814
37528289,5,1338759
37529501,4,1337735
37530713,6,1337735
37531926,6,1337735
37533138,4,1337735
37534351,3,1337735
37535563,5,1337735
37536775,3,1337735
37537987,5,1337735
37539200,4,1337735
37540412,2,1337735
37541624,7,1337735
37542837,8,1337735
37544049,8,1337735
37545262,5,1337735
37546474,4,1337735
37547687,6,1337735
37548899,5,1334549
37550112,2,1334549
37551324,5,1334549
37552537,8,1334549
37553749,13,1334549
37554962,9,1334549
37556174,5,1334549
37557387,5,1334549
37558599,8,1334549
37559811,4,1334549
37561024,8,1334959
37562236,5,1334959
37563449,9,1334959
37564661,7,1334959
37565874,7,1334959
37567086,6,1334959
37568299,8,1334959
37569511,7,1334959
37576786,6,1334959
37577999,4,1334959
37579210,7,1334959
37580423,7,1334959
37581636,8,1334959
37582848,7,1337529
37584060,3,1337529
37585273,9,1337529
37586485,5,1337529
37587698,7,1337529
37588910,5,1337529
37590122,7,1337529
37591335,5,1337529
37592547,7,1337529
37593760,8,1333623
37594973,5,1333623
37596185,7,1333623
37597397,5,1333623
37598609,7,1333623
37599822,6,1333623
37601034,7,1333623
37602246,6,1333623
37603459,6,1333623
37604672,5,1333932
37605884,3,1333932
37607096,4,1333932
37608309,6,1333932
37609521,4,1333932
37610734,6,1333932
37611946,7,1333932
37613158,8,1333932
37614371,7,1333932
37615583,7,1335319
37616795,4,1335319
37618008,5,1335319
37619221,5,1335319
37620433,6,1335319
37621645,7,1335319
37622858,8,1335319
37624070,6,1335319
37625282,5,1335319
37626495,4,1340715
37627708,7,1340715
37628920,6,1340715
37630133,7,1340715
37631345,5,1340715
37632557,6,1340715
37633770,5,1340715
37634982,8,1340715
37636194,8,1340715
37637408,8,1335679
37638619,6,1335679
37639832,3,1335679
37641045,6,1335679
37642257,6,1335679
37643469,4,1335679
37644681,7,1335679
37645894,4,1335679
37647107,4,1335679
37648320,5,1339585
37649531,2,1334959
37650744,8,1334959
37651957,4,1334959
37653169,10,1334959
37661656,6,1334959
37662869,8,1334959
37664081,8,1334959
37665293,10,1334959
37666507,8,1334959
37667719,5,1334959
37668932,4,1334959
37670143,7,1337221
37671356,5,1335525
37672569,5,1335525
37673781,5,1335525
37674993,5,1335525
37676206,4,1335525
37677419,4,1335525
37678630,6,1335525
37679843,5,1335525
37681056,5,1335525
37682268,4,1334651
37683480,4,1334651
37684693,5,1334651
37685905,5,1334651
37687118,4,1334651
37688330,4,1334651
37689543,1,1334651
37690755,7,1334651
37691967,5,1334651
37693180,1,1333829
37694392,3,1333829
37695605,4,1333829
37696817,3,1333829
37698030,2,1333829
37699242,5,1333829
37700455,4,1333829
37701667,5,1333829
37702879,5,1333829
37704092,5,1333829
37705304,3,1333829
37706517,4,1333829
37707729,5,1333829
37708942,6,1333829
37710154,4,1333829
37711366,3,1333829
37712579,4,1333829
37713791,3,1333829
37715005,5,1333940
37716216,6,1336244
37717429,6,1336244
37718641,6,1336244
37719853,5,1336244
37721066,4,1336244
37722279,5,1336244
37723491,4,1336244
37724703,4,1336244
37725916,4,1336244
37727129,4,1336244
37728341,6,1336244
37729554,6,1336244
37730766,5,1336244
37731978,7,1336244
37733190,6,1336244
37734402,6,1336244
37735616,6,1336912
37736827,4,1336912
37738040,7,1336912
37745314,3,1336912
37746527,3,1336912
37747739,6,1337170
37748952,4,1337170
37750165,7,1337170
37751377,7,1337170
37752589,9,1337170
37753801,7,1337170
37755014,5,1337170
37756226,6,1337170
37757439,5,1337170
37758651,5,1333932
37759864,4,1333932
37761077,6,1333932
37762289,5,1333932
37763501,6,1333932
37764714,7,1333932
37765926,4,1333932
37767138,5,1333932
37768351,9,1333932
37769563,7,1338968
37770776,5,1338968
37771989,8,1338968
37773200,9,1338968
37774413,5,1338968
37775625,5,1338968
37776839,4,1338968
37778050,10,1338968
37779263,9,1338968
37780475,4,1334497
37781688,4,1334497
37782901,9,1334497
37784113,4,1334497
37785325,5,1334497
37786538,6,1334497
37787750,9,1334497
37788962,6,1334497
37790175,6,1334497
37791388,6,1335730
37792599,5,1335730
37793812,7,1335730
37795024,6,1335730
37796238,4,1335730
37797449,9,1335730
37798661,9,1335730
37799874,7,1335730
37801086,5,1335730
37802300,8,1333778
37803512,5,1333778
37804725,5,1333778
37805936,8,1333778
37807149,7,1333778
37808362,8,1333778
37809574,6,1333778
37810786,5,1333778
37811999,6,1333778
37813212,5,1336090
37814424,5,1336090
37815636,7,1336090
37816849,9,1336090
37818061,6,1336090
37819274,9,1336090
37820487,4,1336090
37821698,9,1336090
37830185,5,1336090
37831398,9,1336090
37832611,6,1336090
37833822,4,1336090
37835035,6,1336964
37836247,8,1336193
37837460,5,1336193
37838672,4,1336193
37839885,4,1336193
37841098,3,1336193
37842309,5,1336193
37843523,3,1336193
37844734,3,1336193
37845948,4,1336193
37847159,3,1337170
37848372,2,1337170
37849584,4,1337170
37850797,4,1337170
37852009,5,1337170
37853222,5,1337170
37854434,4,1337170
37855647,4,1337170
37856859,3,1337170
37858072,4,1337170
37859284,4,1337170
37860496,3,1337170
37861709,5,1337170
37862922,2,1337170
37864134,4,1337170
37865347,5,1337170
37866559,5,1337170
37867771,4,1337170
37868984,5,1334908
37870196,4,1334908
37871408,4,1334908
37872622,5,1334908
37873834,5,1334908
37875046,4,1334908
37876258,5,1334908
37877471,0,1334908
37878683,4,1334908
37879896,4,1337272
37881108,4,1337272
37882320,5,1337272
37883534,4,1337272
37884745,6,1337272
37885959,6,1337272
37887170,5,1337272
37888383,6,1337272
37889595,4,1337272
37890808,5,1337260
37892020,4,1333932
37893232,5,1333932
37894445,6,1333932
37895657,4,1333932
37896870,6,1333932
37898082,-1,1333932
37899295,3,1333932
37900507,2,1333932
37901720,3,1333777
37902933,5,1333521
37904144,4,1333521
37905358,1,1333521
37906569,6,1333521
37915057,8,1333521
37916269,7,1333521
37917481,6,1333521
37918694,8,1333521
37919907,9,1333521
37921120,6,1333521
37922332,6,1338865
37923544,5,1338865
37924756,8,1338865
37925969,3,1338865
37927181,5,1338865
37928394,5,1338865
37929606,5,1338865
37930819,7,1338865
37932031,9,1338865
37933243,6,1338865
37934456,4,1335473
37935668,6,1335473
37936881,7,1335473
37938093,7,1335473
37939306,8,1335473
37940518,8,1335473
37941730,6,1335473
37942943,3,1335473
37944155,5,1335473
37945368,8,1335011
37946581,4,1335011
37947793,4,1335011
37949005,5,1335011
37950218,6,1335011
37951430,4,1335011
37952642,8,1335011
37953855,7,1335011
37955067,6,1335011
37956280,7,1334600
37957492,3,1334600
37958705,7,1334600
37959918,8,1334600
37961130,5,1334600
37962342,4,1334600
37963555,5,1334600
37964768,3,1334600
37965980,7,1334600
37967193,9,1337992
37968405,2,1337992
37969617,6,1337992
37970830,5,1337992
37972042,5,1337992
37973255,8,1337992
37974467,8,1337992
37975681,5,1337992
37976893,7,1337992
37978105,6,1336553
37979318,4,1336553
37980530,8,1336553
37981743,7,1336553
37982956,5,1336553
37984167,7,1336553
37985380,8,1336553
37986593,6,1336553
37987805,5,1336553
37989017,6,1335730
37990230,4,1335730
37991442,2,1335730
37998717,12,1335730
37999930,8,1334446
38001142,6,1334446
38002354,5,1334446
38003567,5,1334446
38004779,5,1334446
38005991,6,1334446
38007203,8,1334446
38008416,7,1334446
38009628,8,1334446
38010841,6,1335885
38012053,6,1335885
38013266,7,1335885
38014479,7,1335885
38015690,7,1335885
38016902,6,1335885
38018115,7,1335885
38019327,7,1335885
38020540,6,1335885
38021752,10,1338660
38022965,5,1336912
38024177,4,1336912
38025389,3,1336912
38026601,5,1336912
38027813,-1,1336912
38029026,5,1336912
38030238,5,1336912
38031451,9,1336912
38032663,3,1336912
38033876,6,1340561
38035088,3,1340561
38036300,3,1340561
38037512,1,1340561
38038725,3,1340561
38039937,5,1340561
38041149,4,1340561
38042362,6,1340561
38043574,6,1340561
38044786,5,1338146
38045999,6,1338146
38047211,5,1338146
38048424,3,1338146
38049636,2,1338146
38050849,2,1338146
38052061,3,1338146
38053273,8,1338146
38054486,3,1338146
38055698,3,1338146
38056910,3,1338146
38058122,4,1338146
38059335,2,1338146
38060548,7,1338146
38061759,6,1338146
38062972,5,1338146
38064184,2,1338146
38065397,5,1338146
38066610,3,1338711
38067822,5,1338711
38069034,4,1338711
38070247,9,1338711
38071459,5,1338711
38072671,3,1338711
38073884,3,1338711
38075096,9,1338711
38083583,8,1338711
38084795,5,1338711
38086008,6,1338711
38087221,5,1339379
38088433,4,1339159
38089645,4,1335319
38090858,3,1335319
38092070,4,1335319
38093282,3,1335319
38094495,5,1335319
38095708,4,1335319
38096920,6,1335319
38098133,4,1335319
38099345,5,1335319
38100558,5,1335319
38101770,6,1335319
38102982,7,1335319
38104195,7,1335319
38105407,4,1335319
38106620,7,1335319
38107833,6,1335319
38109045,9,1339019
38110257,6,1339019
38111469,5,1339019
38112683,7,1339019
38113895,6,1339019
38115107,10,1339019
38116319,8,1339019
38117532,8,1339019
38118745,9,1339019
38119957,7,1339019
38121169,4,1337272
38122382,4,1337272
38123595,5,1337272
38124807,5,1337272
38126019,6,1337272
38127231,4,1337272
38128444,10,1337272
38129657,7,1337272
38130869,6,1337272
38132082,7,1333367
38133294,3,1333367
38134507,4,1333367
38135720,10,1333367
38136932,5,1333367
38138144,6,1333367
38139357,6,1333367
38140569,5,1333367
38141782,5,1333367
38142994,8,1338351
38144207,7,1338351
38145419,9,1338351
38146632,6,1338351
38147845,6,1338351
38149057,7,1338351
38150270,5,1338351
38151482,4,1338351
38152694,7,1338351
38153907,7,1335782
38155120,1,1335782
38156332,5,1335782
38157544,4,1335782
38158757,9,1335782
38159969,3,1335782
38167244,10,1335782
38168456,9,1335782
38169668,6,1335782
38170882,5,1335782
38172093,5,1335782
38173306,7,1335782
38174518,7,1335782
38175731,5,1334394
38176944,4,1334394
38178156,2,1334394
38179368,6,1334394
38180580,5,1334394
38181792,4,1334394
38183005,8,1334394
38184218,7,1334394
38185430,6,1334394
38186643,9,1340561
38187855,3,1340561
38189068,6,1340561
38190280,5,1340561
38191492,5,1340561
38192705,6,1340561
38193917,5,1340561
38195130,7,1340561
38196342,9,1340561
38197554,6,1334959
38198767,4,1334959
38199979,6,1334959
38201193,7,1334959
38202405,11,1334959
38203617,6,1334959
38204830,6,1334959
38206042,6,1334959
38207254,5,1334959
38208467,6,1336912
38209679,5,1336398
38210891,4,1336398
38212104,4,1336398
38213316,-1,1336398
38214529,3,1336398
38215741,4,1336398
38216954,4,1336398
38218166,6,1336398
38219379,5,1336398
38220591,3,1332441
38221804,3,1332441
38223016,5,1332441
38224229,4,1332441
38225442,6,1332441
38226653,5,1332441
38227867,4,1332441
38229078,4,1332441
38230291,3,1332441
38231504,3,1334651
38232716,3,1334651
38233929,5,1334651
38235141,3,1334651
38236353,3,1334651
38237565,4,1334651
38238778,2,1334651
38239990,6,1334651
38241203,5,1334651
38242415,4,1335114
38243628,5,1335114
38252114,1,1335114
38253327,3,1340099
38254540,5,1340099
38255752,7,1340099
38256965,3,1340099
38258176,4,1340099
38259389,7,1340099
38260602,3,1340099
38261813,4,1340099
38263026,6,1340099
38264238,3,1340082
38265451,7,1335730
38266663,5,1335730
38267875,4,1335730
38269088,4,1335730
38270300,4,1335730
38271512,1,1335730
38272725,4,1335730
38273938,2,1335730
38275150,3,1335623
38276362,5,1334343
38277575,3,1334343
38278787,4,1334343
38280000,4,1334343
38281212,4,1334343
38282424,5,1334343
38283636,4,1334343
38284849,3,1334343
38286061,4,1334343
38287274,5,1334343
38288487,3,1334343
38289698,6,1334343
38290911,7,1334343
38292123,5,1334343
38293335,6,1334343
38294547,7,1334343
38295760,5,1338711
38296973,5,1338711
38298185,4,1338711
38299397,7,1338711
38300609,7,1338711
38301822,6,1338711
38303034,6,1338711
38304246,7,1338711
38305459,5,1338711
38306672,6,1338711
38307884,6,1334600
38309096,3,1334600
38310308,6,1334600
38311521,6,1334600
38312733,8,1334600
38313946,6,1334600
38315158,8,1334600
38316370,7,1334600
38317582,8,1334600
38318795,6,1335987
38320007,7,1335987
38321220,6,1335987
38322432,4,1335987
38323644,7,1335987
38324857,7,1335987
38326069,7,1335987
38327282,6,1335987
38328494,6,1335987
38335768,3,1335987
38336981,6,1335987
38338193,7,1335987
38339406,6,1335987
38340618,8,1336912
38341831,4,1336912
38343042,7,1336912
38344255,5,1336912
38345468,6,1336912
38346680,5,1336912
38347893,8,1336912
38349105,7,1336912
38350317,5,1336912
38351529,5,1334857
38352742,7,1334857
38353954,4,1334857
38355167,8,1334857
38356380,6,1334857
38357592,8,1334857
38358804,8,1334857
38360017,5,1334857
38361229,7,1334857
38362441,7,1337221
38363654,7,1337221
38364866,7,1337221
38366078,5,1337221
38367291,5,1337221
38368503,8,1337221
38369716,5,1337221
38370929,6,1337221
38372141,8,1337221
38373353,5,1335936
38374566,6,1335936
38375778,8,1335936
38376990,10,1335936
38378203,7,1335936
38379416,7,1335936
38380628,4,1335936
38381841,7,1335936
38383053,11,1335936
38384265,6,1338043
38385477,4,1338043
38386691,5,1338043
38387903,4,1338043
38389115,5,1338043
38390327,3,1338043
38391540,7,1338043
38392752,10,1338043
38393964,7,1338043
38395177,7,1336912
38396389,5,1340047
38397602,6,1340047
38398814,5,1340047
38400026,5,1340047
38401239,2,1340047
38402451,7,1340047
38403664,5,1340047
38404877,4,1340047
38406089,4,1340047
38407301,3,1327405
38408513,3,1327405
38409726,4,1327405
38410938,4,1327405
38412151,6,1327405
38420638,1,1327405
38421851,5,1327405
38423063,7,1327405
38424275,6,1327405
38425488,6,1327405
38426700,9,1327405
38427914,5,1335679
38429125,4,1339122
38430337,3,1339122
38431550,5,1339122
38432762,3,1339122
38433974,5,1339122
38435187,4,1339122
38436399,4,1339122
38437612,3,1339122
38438824,4,1339122
38440037,3,1339431
38441249,11,1339431
38442462,6,1339431
38443674,2,1339431
38444886,3,1339431
38446098,3,1339431
38447311,3,1339431
38448524,5,1339431
38449736,4,1339431
38450949,4,1339496
38452161,4,1343336
38453374,5,1343336
38454586,5,1343336
38455798,4,1343336
38457010,4,1343336
38458223,1,1343336
38459436,5,1343336
38460647,3,1343336
38461860,2,1343416
38463073,5,1337272
38464285,3,1337272
38465497,1,1337272
38466710,4,1337272
38467922,2,1337272
38469135,3,1337272
38470347,6,1337272
38471560,8,1337272
38472772,5,1337272
38473985,5,1337272
38475197,7,1337272
38476410,7,1337272
38477622,6,1337272
38478834,4,1337272
38480046,7,1337272
38481259,2,1337272
38482471,5,1340715
38483683,4,1340715
38484896,5,1340715
38486109,5,1340715
38487321,7,1340715
38488533,5,1340715
38489746,9,1340715
38490959,8,1340715
38492170,6,1340715
38493382,6,1340715
38494595,7,1339071
38495807,2,1339071
38497020,9,1339071
38504294,5,1339071
38505507,5,1335062
38506718,5,1335062
38507931,5,1335062
38509143,8,1335062
38510355,6,1335062
38511568,7,1335062
38512780,5,1335062
38513993,8,1335062
38515205,10,1335062
38516417,5,1334137
38517630,4,1334137
38518842,7,1334137
38520055,13,1334137
38521268,7,1334137
38522479,5,1334137
38523692,7,1334137
38524905,4,1334137
38526117,8,1334137
38527329,6,1337272
38528542,4,1337272
38529754,10,1337272
38530966,6,1337272
38532179,7,1337272
38533392,8,1337272
38534604,7,1337272
38535816,5,1337272
38537028,7,1337272
38538241,8,1333521
38539453,6,1333521
38540666,6,1333521
38541879,7,1333521
38543091,7,1333521
38544304,4,1333521
38545515,5,1333521
38546729,6,1333521
38547941,10,1333521
38549153,6,1337118
38550366,3,1337118
38551578,8,1337118
38552791,4,1337118
38554003,7,1337118
38555216,7,1337118
38556428,5,1337118
38557640,5,1337118
38558853,7,1337118
38560065,5,1335885
38561277,3,1335885
38562489,5,1335885
38563702,7,1335885
38564914,6,1335885
38566128,6,1335885
38567339,7,1335885
38568552,5,1335885
38569765,11,1335885
38570976,8,1337683
38572189,4,1337683
38573401,2,1337683
38574613,4,1337683
38575826,8,1337683
38577038,6,1337683
38578251,10,1337683
38579463,7,1337683
38580675,9,1337683
38589162,6,1337683
38590375,6,1337683
38591587,7,1337683
38592799,5,1339791
38594012,4,1342000
38595224,5,1342000
38596437,3,1342000
38597649,4,1342000
38598861,7,1342000
38600074,4,1342000
38601286,3,1342000
38602498,4,1342000
38603711,4,1342000
38604923,6,1340613
38606136,4,1340613
38607348,4,1340613
38608561,4,1340613
38609772,4,1340613
38610985,5,1340613
38612198,4,1340613
38613410,6,1340613
38614622,4,1340613
38615834,5,1334857
38617048,5,1334857
38618260,3,1334857
38619472,3,1334857
38620684,3,1334857
38621897,5,1334857
38623109,3,1334857
38624321,4,1334857
38625534,3,1334857
38626746,7,1338403
38627959,4,1338403
38629172,4,1338403
38630384,4,1338403
38631597,6,1338403
38632809,1,1338403
38634021,4,1338403
38635234,4,1338403
38636446,7,1338403
38637659,5,1338606
38638871,4,1337838
38640083,4,1337838
38641295,3,1337838
38642508,4,1337838
38643720,3,1337838
38644933,3,1337838
38646145,5,1337838
38647358,5,1337838
38648570,4,1337624
38649782,4,1335576
38650995,4,1335576
38652207,6,1335576
38653420,2,1335576
38654632,5,1335576
38655845,4,1335576
38657057,7,1335576
38658269,3,1335576
38659481,3,1335576
38660694,4,1335576
38661907,7,1335576
38663119,10,1335576
38664331,7,1335576
38665544,7,1335576
38672818,3,1335576
38674031,8,1335576
38675243,9,1335576
38676456,5,1335576
38677668,8,1335576
38678880,8,1335576
38680093,3,1335576
38681306,4,1341075
38682518,5,1341075
38683731,4,1341075
38684944,7,1341075
38686155,8,1341075
38687368,4,1341075
38688580,4,1341075
38689793,5,1341075
38691005,7,1341075
38692217,5,1334600
38693430,2,1334600
38694643,9,1334600
38695854,9,1334600
38697067,8,1334600
38698279,6,1334600
38699492,4,1334600
38700704,5,1334600
38701917,6,1334600
38703129,4,1336707
38704342,4,1336707
38705554,8,1336707
38706767,6,1336707
38707979,10,1336707
38709191,5,1336707
38710404,4,1336707
38711616,10,1336707
38712828,7,1336707
38714041,6,1337272
38715254,6,1337272
38716466,6,1337272
38717679,5,1337272
38718891,5,1337272
38720104,8,1337272
38721316,6,1337272
38722528,6,1337272
38723741,6,1337272
38724953,6,1335576
38726165,3,1335576
38727378,5,1335576
38728591,7,1335576
38729803,4,1335576
38731016,7,1335576
38732228,7,1335576
38733440,6,1335576
38734653,9,1335576
38735865,6,1336501
38737078,2,1336501
38738291,8,1336501
38739502,7,1336501
38740716,8,1336501
38741928,7,1336501
38743139,8,1336501
38744352,9,1336501
38745564,8,1336501
38746777,5,1335885
38747989,5,1335885
38749202,6,1335885
38756476,7,1335885
38757689,7,1338146
38758901,3,1338146
38760113,6,1338146
38761326,5,1338146
38762538,5,1338146
38763751,10,1338146
38764963,8,1338146
38766175,8,1338146
38767388,6,1338146
38768600,4,1334908
38769813,4,1337632
38771025,5,1337632
38772238,3,1337632
38773450,7,1337632
38774662,4,1337632
38775874,5,1337632
38777088,3,1337632
38778299,4,1337632
38779512,4,1337632
38780724,4,1329769
38781937,4,1329769
38783149,4,1329769
38784361,5,1329769
38785574,5,1329769
38786786,6,1329769
38787999,5,1329769
38789211,4,1329769
38790424,1,1329769
38791636,4,1337015
38792849,4,1337015
38794061,6,1337015
38795273,4,1337015
38796486,3,1337015
38797698,3,1337015
38798911,4,1337015
38800122,6,1337015
38801335,3,1337015
38802548,4,1335833
38803760,5,1335833
38804973,4,1335833
38806185,6,1335833
38807397,4,1335833
38808610,4,1335833
38809822,2,1335833
38811034,4,1335833
38812247,2,1335833
38813460,2,1337838
38814672,4,1337838
38815884,3,1337838
38817097,3,1337838
38818309,5,1337838
38819522,2,1337838
38820734,6,1337838
38821947,5,1337838
38823159,4,1337838
38824371,3,1337621
38825585,3,1334805
38826796,4,1334805
38828009,4,1334805
38829221,3,1334805
38830434,3,1334805
38831646,2,1334805
38832859,3,1334805
38840191,5,1334805
38841346,6,1334805
38842559,5,1334805
38843771,6,1334805
38844983,5,1333007
38846196,5,1333007
38847409,6,1333007
38848621,8,1333007
38849834,8,1333007
38851046,8,1333007
38852258,7,1333007
38853471,3,1333007
38854683,6,1333007
38855896,5,1333007
38857108,5,1333007
38858320,4,1333007
38859533,6,1333007
38860745,9,1333007
38861957,6,1333007
38863171,7,1333007
38864382,9,1333007
38865595,7,1333007
38866807,5,1333007
38868019,6,1333212
38869232,5,1333212
38870444,7,1333212
38871656,9,1333212
38872869,5,1333212
38874082,7,1333212
38875294,5,1333212
38876506,6,1333212
38877719,6,1333212
38878931,6,1336090
38880144,4,1336090
38881356,7,1336090
38882569,7,1336090
38883781,5,1336090
38884993,5,1336090
38886206,7,1336090
38887419,6,1336090
38888631,8,1336090
38889843,10,1339379
38891056,8,1339379
38892267,7,1339379
38893480,7,1339379
38894693,6,1339379
38895905,3,1339379
38897117,7,1339379
38898330,8,1339379
38899543,5,1339379
38900755,12,1334137
38901967,3,1334137
38903179,4,1334137
38904391,3,1334137
38905604,6,1334137
38906817,6,1334137
38908029,7,1334137
38909241,6,1334137
38910453,8,1334137
38911666,5,1337118
38912878,3,1337118
38914091,5,1337118
38915304,6,1337118
38916516,6,1337478
38923790,1,1337478
38925002,5,1337478
38926215,5,1337478
38927427,8,1337478
38928640,8,1337478
38929852,9,1337478
38931065,6,1337478
38932277,7,1337478
38933489,4,1335782
38934702,4,1335782
38935914,4,1335782
38937127,7,1335782
38938340,5,1335782
38939552,5,1335782
38940765,5,1335782
38941977,5,1335782
38943189,10,1335782
38944402,7,1335268
38945615,3,1335268
38946827,4,1335268
38948039,6,1335268
38949252,7,1335268
38950464,6,1335268
38951677,4,1335268
38952890,6,1335268
38954102,6,1335268
38955315,6,1335422
38956527,3,1335422
38957740,6,1335422
38958952,8,1335422
38960165,7,1335422
38961377,4,1335422
38962589,6,1335422
38963802,6,1335422
38965014,5,1335422
38966226,8,1336450
38967440,5,1335114
38968651,5,1335114
38969864,5,1335114
38971077,5,1335114
38972289,5,1335114
38973501,4,1335114
38974714,1,1335114
38975926,2,1335114
38977139,4,1335114
38978352,4,1337786
38979564,7,1337786
38980776,2,1337786
38981988,4,1337786
38983201,3,1337786
38984413,3,1337786
38985626,4,1337786
38986838,4,1337786
38988051,5,1337786
38989263,4,1340099
38990476,3,1340099
38991688,3,1340099
38992900,4,1340099
38994113,4,1340099
38995325,5,1340099
38996539,6,1340099
38997750,9,1340099
38998963,7,1340099
39000175,11,1340099
39008662,3,1340099
39009875,7,1339482
39011086,2,1339581
39012299,2,1338557
39013511,0,1338557
39014723,5,1338557
39015936,3,1338557
39017149,7,1338557
39018362,5,1338557
39019574,5,1338557
39020785,5,1338557
39021998,6,1338405
39023211,5,1338917
39024423,3,1338917
39025635,4,1338917
39026848,6,1338917
39028061,6,1338917
39029273,4,1338917
39030485,4,1338917
39031698,3,1338917
39032910,4,1339081
39034122,3,1341897
39035334,4,1341897
39036547,6,1341897
39037759,6,1341897
39038972,3,1341897
39040184,4,1341897
39041397,4,1341897
39042609,3,1341897
39043821,2,1341897
39045034,5,1341897
39046246,6,1341897
39047459,5,1341897
39048671,4,1341897
39049883,7,1341897
39051095,8,1341897
39052308,7,1341897
39053520,2,1341897
39054733,7,1338660
39055945,4,1338660
39057158,6,1338660
39058370,8,1338660
39059582,7,1338660
39060795,5,1338660
39062007,5,1338660
39063219,4,1338660
39064431,10,1338660
39065644,9,1336912
39066856,5,1336912
39068068,5,1336912
39069281,5,1336912
39070493,6,1336912
39071705,8,1336912
39072918,10,1336912
39074130,5,1336912
39075342,8,1336912
39076554,5,1335987
39077767,5,1335987
39078979,7,1335987
39080192,5,1335987
39081405,8,1335987
39082616,6,1335987
39083829,6,1335987
39085041,6,1335987
39092315,2,1335987
39093528,4,1335987
39094740,9,1335987
39095953,4,1335987
39097165,6,1335987
39098377,7,1338197
39099590,6,1338197
39100802,4,1338197
39102014,9,1338197
39103227,7,1338197
39104439,6,1338197
39105651,6,1338197
39106864,6,1338197
39108077,4,1338197
39109289,8,1335268
39110501,4,1335268
39111714,6,1335268
39112926,6,1335268
39114138,8,1335268
39115350,10,1335268
39116563,7,1335268
39117775,5,1335268
39118988,5,1335268
39120201,5,1336090
39121413,6,1336090
39122625,10,1336090
39123837,6,1336090
39125050,9,1336090
39126262,6,1336090
39127475,5,1336090
39128687,6,1336090
39129900,6,1336090
39131112,9,1337272
39132324,3,1337272
39133536,5,1337272
39134749,11,1337272
39135961,5,1337272
39137173,8,1337272
39138386,9,1337272
39139598,6,1337272
39140810,5,1337272
39142022,6,1339533
39143235,5,1339533
39144448,9,1339533
39145660,7,1339533
39146872,7,1339533
39148084,5,1339533
39149296,4,1339533
39150509,4,1339533
39151721,10,1339533
39152933,8,1332441
39154145,4,1334959
39155358,4,1334959
39156570,5,1334959
39157782,3,1334959
39158994,4,1334959
39160207,5,1334959
39161420,3,1334959
39162631,4,1334959
39163844,3,1334959
39165056,4,1337735
39166269,6,1337735
39167481,3,1337735
39168694,7,1337067
39177180,10,1337067
39178392,6,1337067
39179606,3,1337067
39180817,5,1337067
39182030,4,1337067
39183242,7,1337067
39184455,7,1337067
39185667,5,1337067
39186879,6,1333469
39188092,4,1333469
39189304,4,1333469
39190516,1,1333469
39191729,3,1333469
39192942,3,1333469
39194153,5,1333469
39195366,3,1333469
39196579,5,1333469
39197791,3,1333322
39199003,4,1335114
39200216,4,1335114
39201428,5,1335114
39202640,5,1335114
39203853,4,1335114
39205065,4,1335114
39206278,3,1335114
39207490,3,1335114
39208703,4,1335237
39209915,5,1340613
39211127,4,1340613
39212340,4,1340613
39213553,5,1340613
39214765,4,1340613
39215977,5,1340613
39217189,5,1340613
39218402,4,1340613
39219614,4,1340544
39220827,0,1335936
39222040,4,1335936
39223251,9,1335936
39224464,3,1335936
39225676,3,1335936
39226888,3,1335936
39228101,0,1335936
39229313,4,1335936
39230526,4,1335936
39231738,5,1335936
39232950,8,1335936
39234163,11,1335936
39235376,4,1335936
39236588,9,1335936
39237800,8,1335936
39239013,6,1335936
39240225,6,1335936
39241438,7,1343388
39242650,5,1343388
39243862,7,1343388
39245075,7,1343388
39246288,7,1343388
39247499,7,1343388
39248712,8,1343388
39249925,10,1343388
39251137,7,1343388
39252349,8,1337221
39253562,5,1337221
39262048,7,1337221
39263261,8,1337170
39264473,4,1337170
39265686,6,1337170
39266898,7,1337170
39268111,5,1337170
39269322,6,1337170
39270535,6,1337170
39271748,9,1337170
39272959,7,1337170
39274172,8,1334549
39275385,3,1334549
39276596,5,1334549
39277809,6,1334549
39279021,7,1334549
39280234,7,1334549
39281446,9,1334549
39282658,9,1334549
39283871,5,1334549
39285084,5,1336604
39286296,3,1336604
39287508,7,1336604
39288720,8,1336604
39289933,7,1336604
39291145,5,1336604
39292357,7,1336604
39293570,7,1336604
39294782,5,1336604
39295994,9,1337324
39297207,3,1337324
39298420,5,1337324
39299632,5,1337324
39300844,6,1337324
39302056,7,1337324
39303269,8,1337324
39304481,5,1337324
39305693,6,1337324
39306906,7,1333778
39308118,4,1333778
39309330,6,1333778
39310543,7,1333778
39311756,8,1333778
39312967,8,1333778
39314180,5,1333778
39315393,7,1333778
39316605,6,1333778
39317817,9,1337170
39319030,4,1337170
39320242,4,1337170
39321455,7,1337170
39322667,7,1337170
39323879,7,1337170
39325092,6,1337170
39326305,8,1337170
39327517,6,1337170
39328729,7,1334857
39329942,4,1334857
39331154,8,1334857
39332366,5,1334857
39333579,6,1334857
39334792,8,1334857
39336004,5,1334857
39337217,6,1334857
39338429,4,1334857
39345704,10,1334857
39346916,5,1334857
39348128,6,1334857
39349341,5,1334857
39350553,7,1335730
39351766,4,1339791
39352978,7,1339791
39354191,4,1339791
39355403,4,1339791
39356617,4,1339791
39357828,3,1339791
39359041,5,1339791
39360253,7,1339791
39361466,6,1339791
39362679,4,1338660
39363891,4,1338660
39365104,3,1338660
39366316,3,1338660
39367529,4,1338660
39368741,2,1338660
39369953,3,1338660
39371166,4,1338660
39372378,5,1338660
39373591,4,1335217
39374803,5,1335217
39376016,5,1335217
39377228,6,1335217
39378441,7,1335217
39379653,3,1335217
39380865,4,1335217
39382078,4,1335217
39383290,1,1335217
39384503,2,1335217
39385715,3,1335217
39386928,5,1335217
39388141,4,1335217
39389353,5,1335217
39390566,4,1335217
39391777,3,1335217
39392990,2,1335217
39394203,5,1335217
39395415,6,1335165
39396627,5,1335165
39397841,1,1335165
39399053,5,1335165
39400265,3,1335165
39401477,3,1335165
39402690,5,1335165
39403902,3,1335165
39405115,4,1335165
39406327,2,1335111
39407541,4,1334343
39408752,8,1334343
39409965,4,1334343
39411178,4,1334343
39412390,4,1334343
39413602,3,1334343
39414815,4,1334343
39416027,5,1334343
39417240,6,1334343
39418453,7,1334343
39419666,5,1334343
39420878,5,1334343
39422090,7,1334343
39429366,3,1334343
39430577,7,1334343
39431790,5,1334343
39433002,8,1334343
39434215,8,1334343
39435428,8,1334343
39436640,7,1334343
39437853,7,1334343
39439065,7,1336964
39440277,3,1336964
39441490,6,1336964
39442703,4,1336964
39443914,6,1336964
39445127,5,1336964
39446340,7,1336964
39447552,6,1336964
39448765,8,1336964
39449977,7,1338197
39451190,4,1338197
39452402,6,1338197
39453614,6,1338197
39454827,7,1338197
39456040,5,1338197
39457252,5,1338197
39458465,6,1338197
39459677,7,1338197
39460890,8,1339225
39462102,5,1339225
39463314,4,1339225
39464527,5,1339225
39465739,7,1339225
39466952,6,1339225
39468165,7,1339225
39469377,7,1339225
39470589,5,1339225
39471801,6,1335730
39473014,5,1335730
39474226,6,1335730
39475438,8,1335730
39476651,5,1335730
39477864,10,1335730
39479075,7,1335730
39480288,7,1335730
39481501,6,1335730
39482713,7,1335525
39483925,4,1335525
39485138,8,1335525
39486350,7,1335525
39487563,6,1335525
39488775,7,1335525
39489987,6,1335525
39491201,8,1335525
39492413,7,1335525
39493626,6,1336090
39494837,5,1336090
39496050,10,1336090
39497262,8,1336090
39498475,7,1336090
39499687,3,1336090
39500900,4,1336090
39502112,5,1336090
39503325,9,1336090
39504537,8,1335576
39505749,5,1335576
39514234,6,1335576
39515447,11,1337118
39516659,5,1337118
39517871,8,1337118
39519083,6,1337118
39520295,6,1337118
39521507,4,1337118
39522720,8,1337118
39523931,4,1337118
39525144,8,1337118
39526356,8,1337786
39527569,4,1338351
39528780,4,1338351
39529993,5,1338351
39531205,4,1338351
39532417,4,1338351
39533630,5,1338351
39534842,5,1338351
39536053,7,1338351
39537265,5,1338351
39538478,3,1335268
39539690,1,1335268
39540902,3,1335268
39542115,4,1335268
39543326,4,1335268
39544539,5,1335268
39545750,7,1335268
39546963,5,1335268
39548176,5,1335268
39549387,4,1333521
39550600,5,1333521
39551811,4,1333521
39553024,4,1333521
39554236,6,1333521
39555449,8,1333521
39556660,4,1333521
39557873,4,1333521
39559085,2,1333521
39560297,4,1336501
39561509,6,1336501
39562722,5,1336501
39563934,5,1336501
39565146,6,1336501
39566358,4,1336501
39567570,2,1336501
39568783,5,1336501
39569995,5,1336501
39571207,4,1336501
39572419,3,1336501
39573632,2,1336501
39574845,2,1336501
39576057,6,1336501
39577269,4,1336501
39578481,3,1336501
39579693,5,1336501
39580905,6,1336501
39582118,5,1336509
39583330,4,1338557
39584543,4,1338557
39585754,7,1338557
39586967,5,1338557
39588180,5,1338557
39589391,5,1338557
39590604,8,1338557
39599089,4,1338557
39600302,7,1338557
39601514,7,1338557
39602727,5,1336553
39603939,7,1336553
39605151,6,1336553
39606364,8,1336553
39607576,5,1336553
39608788,4,1336553
39610001,7,1336553
39611213,9,1336553
39612424,9,1336553
39613637,7,1336553
39614849,7,1333161
39616061,4,1333161
39617274,7,1333161
39618486,7,1333161
39619698,8,1333161
39620911,4,1333161
39622123,8,1333161
39623335,7,1333161
39624547,9,1333161
39625760,7,1335936
39626972,4,1335936
39628185,9,1335936
39629396,6,1335936
39630609,5,1335936
39631821,6,1335936
39633033,7,1335936
39634246,4,1335936
39635457,8,1335936
39636670,6,1337067
39637882,4,1337067
39639094,10,1337067
39640306,7,1337067
39641519,6,1337067
39642732,7,1337067
39643944,4,1337067
39645157,5,1337067
39646369,5,1337067
39647581,8,1336810
39648793,3,1336810
39650005,7,1336810
39651217,6,1336810
39652429,8,1336810
39653642,6,1336810
39654854,4,1336810
39656066,6,1336810
39657279,6,1336810
39658492,4,1337580
39659703,5,1337580
39660916,7,1337580
39662128,6,1337580
39663340,8,1337580
39664552,6,1337580
39665765,3,1337580
39666977,7,1337580
39668189,7,1337580
39669402,8,1338506
39670614,3,1338506
39671826,4,1338506
39673038,7,1338506
39674251,7,1338506
39675463,5,1338506
39682736,8,1338506
39683949,6,1338506
39685161,4,1338506
39686374,7,1338506
39687586,8,1338506
39688798,3,1338506
39690010,7,1338506
39691223,10,1337170
39692435,3,1337170
39693647,6,1337170
39694860,5,1337170
39696072,5,1337170
39697284,8,1337170
39698496,6,1337170
39699709,7,1337170
39700921,7,1337170
39702133,7,1335525
39703345,6,1335525
39704557,6,1335525
39705770,7,1335525
39706982,7,1335525
39708195,6,1335525
39709406,7,1335525
39710619,5,1335525
39711831,5,1335525
39713044,4,1336090
39714255,4,1335268
39715468,3,1335268
39716680,3,1335268
39717893,3,1335268
39719105,5,1335268
39720317,4,1335268
39721529,2,1335268
39722741,4,1335268
39723953,2,1335268
39725165,3,1335268
39726378,5,1335268
39727590,4,1335268
39728803,5,1335268
39730014,6,1335268
39731227,4,1335268
39732439,5,1335268
39733651,4,1335268
39734864,3,1335268
39736076,6,1332184
39737288,4,1332184
39738499,4,1332184
39739712,5,1332184
39740924,4,1332184
39742137,5,1332184
39743349,3,1332184
39744561,3,1332184
39745773,3,1332184
39746985,5,1334240
39748198,6,1334240
39749410,4,1334240
39750622,4,1334240
39751835,5,1334240
39753046,5,1334240
39754259,4,1334240
39755472,5,1334240
39756683,4,1334240
39757895,3,1334154
39759108,7,1338506
39767593,7,1338506
39768807,15,1338590
39770019,3,1333726
39771230,6,1333726
39772442,7,1333726
39773655,3,1333726
39774867,4,1333726
39776080,5,1333726
39777291,6,1333726
39778504,4,1333726
39779716,3,1333726
39780928,5,1333726
39782140,6,1333726
39783352,5,1333726
39784565,6,1333726
39785777,4,1333726
39786989,8,1333726
39788202,6,1333726
39789414,7,1333726
39790626,4,1333726
39791838,4,1333726
39793050,9,1333726
39794262,6,1333726
39795475,3,1333726
39796687,8,1333726
39797900,8,1333726
39799111,5,1333726
39800324,7,1333726
39801536,5,1335936
39802748,7,1335936
39803960,5,1335936
39805173,7,1335936
39806385,4,1335936
39807597,5,1335936
39808809,4,1335936
39810021,6,1335936
39811233,6,1335936
39812446,9,1335730
39813658,4,1335730
39814871,6,1335730
39816082,4,1335730
39817294,5,1335730
39818507,7,1335730
39819720,7,1335730
39820933,4,1335730
39822145,7,1335730
39823357,8,1334908
39824569,3,1334908
39825782,3,1334908
39826994,9,1334908
39828206,7,1334908
39829419,4,1334908
39830631,6,1334908
39831844,6,1334908
39833056,9,1334908
39834269,8,1335011
39835481,4,1335011
39836694,5,1335011
39837906,6,1335011
39839119,4,1335011
39840332,5,1335011
39841543,5,1335011
39842756,11,1335011
39843968,4,1335011
39851243,10,1335011
39852454,9,1335011
39853666,6,1335011
39854879,8,1335011
39856091,4,1334291
39857303,4,1334291
39858516,6,1334291
39859729,7,1334291
39860940,9,1334291
39862153,8,1334291
39863365,9,1334291
39864578,9,1334291
39865790,5,1334291
39867003,5,1338403
39868214,6,1338403
39869426,6,1338403
39870639,9,1338403
39871851,5,1338403
39873064,5,1338403
39874276,10,1338403
39875488,4,1338403
39876700,7,1338403
39877914,6,1336347
39879125,2,1336347
39880337,7,1336347
39881549,4,1336347
39882762,3,1336347
39883974,7,1336347
39885186,9,1336347
39886398,7,1336347
39887611,3,1336347
39888823,4,1335679
39890035,4,1334035
39891247,8,1334035
39892460,5,1334035
39893672,3,1334035
39894884,2,1334035
39896097,4,1334035
39897309,6,1334035
39898522,2,1334035
39899733,5,1334035
39900946,3,1334035
39902158,5,1334035
39903370,5,1334035
39904583,5,1334035
39905795,5,1334035
39907008,3,1334035
39908220,4,1334035
39909432,4,1334035
39910644,4,1334035
39911856,2,1333675
39913069,4,1333675
39914282,3,1333675
39915493,-1,1333675
39916706,4,1333675
39917919,3,1333675
39919131,2,1333675
39920344,4,1333675
39921556,7,1333675
39922768,5,1334137
39923980,3,1334137
39925193,4,1334137
39926405,4,1334137
39927617,6,1334137
39936104,4,1334137
39937316,5,1334137
39938528,8,1334137
39939741,8,1334137
39940953,10,1334137
39942165,7,1334137
39943377,7,1334291
39944590,5,1334285
39945802,6,1332493
39947014,5,1332493
39948227,6,1332493
39949440,8,1332493
39950651,4,1332493
39951864,2,1332493
39953077,5,1332493
39954288,4,1332493
39955501,4,1332695
39956714,6,1359319
39957926,4,1359319
39959138,4,1359319
39960351,3,1359319
39961563,5,1359319
39962776,4,1359319
39963988,6,1359319
39965200,3,1359319
39966412,6,1359319
39967625,4,1359319
39968837,8,1359319
39970049,11,1359319
39971262,7,1359319
39972474,6,1359319
39973687,5,1359319
39974899,7,1359319
39976112,8,1359319
39977323,5,1359319
39978536,3,1359319
39979748,7,1359319
39980961,6,1359319
39982173,5,1359319
39983385,5,1359319
39984597,9,1359319
39985810,6,1359319
39987022,3,1359319
39988234,8,762153
39989447,7,762153
39990659,9,762153
39991872,8,762153
39993084,5,762153
39994297,6,762153
39995508,5,762153
39996721,8,762153
39997933,7,762153
39999147,8,759327
40000358,3,759327
40001571,4,759327
40002783,5,759327
40003996,7,759327
40005208,10,759327
40006421,7,759327
40007632,4,759327
40008845,5,759327
40010058,8,757477
40011270,3,757477
40012482,5,757477
40019756,11,757477
40020968,8,757477
40022181,5,757477
40023393,5,757477
40024605,5,757477
40025818,9,757477
40027031,11,757477
40028242,7,757477
40029455,6,757477
40030667,5,757477
40031879,5,1210747
40033091,4,1210747
40034304,9,1210747
40035516,9,1210747
40036728,7,1210747
40037941,5,1210747
40039153,6,1210747
40040365,6,1210747
40041577,6,1210747
40042790,5,757323
40044002,5,757323
40045214,7,757323
40046426,5,757323
40047639,5,757323
40048851,6,757323
40050063,8,757323
40051276,6,757323
40052488,4,757323
40053700,8,755729
40054914,3,755729
40056125,6,755729
40057337,8,755729
40058549,3,755729
40059762,5,755729
40060974,7,755729
40062186,6,755729
40063399,8,755729
40064612,6,754753
40065823,1,754753
40067036,8,754753
40068248,8,754753
40069460,7,754753
40070673,5,754753
40071885,6,754753
40073098,5,754753
40074311,7,754753
40075523,3,752852
40076735,4,759584
40077947,4,759584
40079159,3,759584
40080372,3,759584
40081584,4,759584
40082796,3,759584
40084009,3,759584
40085222,3,759584
40086434,4,759584
40087646,4,1320262
40088858,5,1320262
40090070,3,1320262
40091283,4,1320262
40092495,3,1320262
40093708,4,1320262
40094919,4,1320262
40096132,6,1320262
40104619,2,1320262
40105831,9,1320262
40107044,7,1320262
40108256,4,1327867
40109468,4,1327097
40110680,4,1327097
40111892,3,1327097
40113105,5,1327097
40114317,4,1327097
40115530,5,1327097
40116742,4,1327097
40117954,5,1327097
40119166,3,1327097
40120379,3,1333623
40121591,5,1333623
40122804,4,1333623
40124016,4,1333623
40125228,3,1333623
40126441,6,1333623
40127653,4,1333623
40128866,8,1333623
40130078,4,1333623
40131291,3,1333662
40132503,2,1330334
40133715,5,1330334
40134928,6,1330334
40136140,6,1330334
40137352,1,1330334
40138565,6,1330334
40139777,5,1330334
40140990,2,1330334
40142203,4,1330340
40143415,3,1331876
40144627,5,1331876
40145839,3,1331876
40147051,5,1331876
40148264,4,1331876
40149476,4,1331876
40150689,5,1331876
40151901,4,1331876
40153114,1,1331876
40154326,5,1331876
40155538,4,1331876
40156750,10,1331876
40157963,3,1331876
40159175,5,1331876
40160388,7,1331876
40161600,8,1331876
40162813,7,1331876
40164025,3,1331876
40165237,5,1331876
40166450,11,1331876
40167662,5,1331876
40168876,7,1331876
40170088,6,1331876
40171299,5,1331876
40172512,6,1331876
40173725,7,1331876
40174937,6,1329204
40176149,4,1329204
40177361,12,1329204
40178574,10,1329204
40179787,5,1329204
40180998,6,1329204
40188272,8,1329204
40189485,4,1329204
40190697,4,1329204
40191910,7,1329204
40193122,13,1329204
40194334,5,1329204
40195546,6,1329204
40196759,8,1328176
40197972,4,1328176
40199184,8,1328176
40200397,11,1328176
40201608,12,1328176
40202821,4,1328176
40204033,4,1328176
40205245,6,1328176
40206457,6,1328176
40207670,8,1147793
40208882,3,1147793
40210095,4,1147793
40211307,9,1147793
40212519,7,1147793
40213732,7,1147793
40214945,6,1147793
40216157,6,1147793
40217369,7,1147793
40218581,6,823874
40219794,5,823874
40221006,6,823874
40222218,5,823874
40223431,7,823874
40224644,7,823874
40225856,7,823874
40227068,6,823874
40228281,5,823874
40229494,8,754496
40230705,3,754496
40231919,4,754496
40233130,6,754496
40234342,8,754496
40235555,7,754496
40236768,6,754496
40237980,7,754496
40239192,7,754496
40240405,4,756757
40241617,6,756757
40242829,6,756757
40244042,6,756757
40245255,8,756757
40246466,7,756757
40247679,7,756757
40248891,5,756757
40250104,8,756757
40251316,8,753417
40252528,4,753417
40253741,8,753417
40254953,7,753417
40256165,7,753417
40257378,8,753417
40258591,10,753417
40259803,8,753417
40261015,6,753417
40262228,7,756449
40263440,4,755935
40264652,6,755935
40273139,4,755935
40274352,4,755781
40275564,5,755781
40276776,4,755781
40277989,6,755781
40279201,3,755781
40280413,5,755781
40281626,5,755781
40282839,4,755781
40284050,4,755781
40285263,3,754239
40286476,2,754239
40287688,5,754239
40288900,4,754239
40290113,0,754239
40291325,4,754239
40292537,3,754239
40293750,9,754239
40294962,5,754239
40296174,4,754958
40297387,3,754958
40298599,4,754958
40299812,4,754958
40301025,4,754958
40302236,3,754958
40303450,5,754958
40304661,3,754958
40305874,6,754958
40307086,5,754290
40308299,6,754290
40309512,4,754290
40310724,3,754290
40311936,4,754290
40313148,4,754290
40314361,6,754290
40315573,5,754290
40316786,2,754290
40317998,5,754335
40319211,5,752543
40320423,7,752543
40321635,5,752543
40322847,1,752543
40324060,5,752543
40325272,4,752543
40326485,3,752543
40327698,4,752543
40328910,3,752393
40330122,2,753417
40331334,5,753417
40332547,7,753417
40333759,4,753417
40334972,4,753417
40336184,5,753417
40337396,5,753417
40338608,4,753417
40339821,5,753417
40341034,4,753417
40342246,7,753417
40343459,9,753417
40344671,8,753417
40345883,6,753417
40347096,5,753417
40348308,5,753417
40349520,5,753417
40356795,5,753417
40358007,6,753417
40359219,5,753417
40360432,8,753417
40361644,3,753417
40362856,5,753417
40364069,4,753417
40365281,9,753417
40366495,5,753417
40367707,6,753417
40368919,7,753417
40370131,5,753417
40371344,4,753417
40372556,7,749665
40373769,4,749665
40374980,6,749665
40376193,4,749665
40377406,7,749665
40378618,8,749665
40379830,7,749665
40381044,4,749665
40382256,5,749665
40383468,6,755832
40384680,2,755832
40385893,9,755832
40387105,7,755832
40388317,5,755832
40389530,9,755832
40390742,9,755832
40391954,8,755832
40393167,7,755832
40394380,7,753365
40395592,2,753365
40396804,5,753365
40398017,7,753365
40399229,8,753365
40400442,10,753365
40401654,8,753365
40402866,6,753365
40404078,6,753365
40405291,6,751669
40406503,4,751669
40407716,8,751669
40408929,5,751669
40410140,5,751669
40411353,7,751669
40412565,4,751669
40413779,4,751669
40414990,6,751669
40416203,5,753879
40417415,4,753879
40418628,5,753879
40419841,6,753879
40421053,7,753879
40422265,10,753879
40423478,8,753879
40424690,5,753879
40425903,7,753879
40427115,6,756038
40428327,4,756038
40429540,6,756038
40430753,10,756038
40431965,7,756038
40433177,7,756038
40440452,3,756038
40441664,7,756038
40442877,6,756038
40444089,7,756038
40445301,5,756038
40446514,4,756038
40447727,6,756038
40448938,6,748843
40450151,6,752543
40451364,4,752543
40452576,4,752543
40453788,-1,752543
40455001,4,752543
40456213,6,752543
40457425,3,752543
40458637,7,752543
40459850,1,752543
40461062,5,751258
40462275,4,751258
40463487,4,751258
40464699,3,751258
40465912,7,751258
40467124,4,751258
40468336,4,751258
40469549,5,751258
40470761,4,751258
40471974,4,753314
40473186,4,753314
40474398,4,753314
40475611,2,753314
40476823,4,753314
40478035,4,753314
40479248,10,753314
40480461,5,753314
40481672,4,753314
40482885,6,754239
40484097,3,754239
40485309,4,754239
40486521,4,754239
40487734,4,754239
40488946,3,754239
40490158,5,754239
40491372,6,754239
40492584,7,754239
40493795,5,753417
40495008,5,753417
40496220,4,753417
40497433,3,753417
40498645,4,753417
40499858,6,753417
40501069,5,753417
40502282,4,753417
40503494,3,753417
40504706,5,753563
40505919,5,751515
40507131,4,751515
40508344,6,751515
40509556,6,751515
40510769,4,751515
40511981,5,751515
40513193,5,751515
40514405,4,751515
40515618,2,751509
40516830,6,749717
40524191,6,749717
40525316,6,749717
40526529,-3,749665
40527741,6,749665
40528954,7,749665
40530166,3,749665
40531379,4,749665
40532591,3,749665
40533803,3,749665
40535016,6,749665
40536228,4,749665
40537441,6,749665
40538652,3,749665
40539865,9,749665
40541078,8,749665
40542290,4,749665
40543502,7,749665
40544715,5,749665
40545927,7,749665
40547140,4,749665
40548352,8,748792
40549565,4,748792
40550777,4,748792
40551989,9,748792
40553201,7,748792
40554414,7,748792
40555626,4,748792
40556838,7,748792
40558051,8,748792
40559264,7,751155
40560475,4,751155
40561688,4,751155
40562900,7,751155
40564112,6,751155
40565324,8,751155
40566536,6,751155
40567749,13,751155
40568961,7,751155
40570174,4,749511
40571386,6,749511
40572599,8,749511
40573811,6,749511
40575023,7,749511
40576236,4,749511
40577448,10,749511
40578660,6,749511
40579873,11,749511
40581085,10,751515
40582297,3,751515
40583509,5,751515
40584722,7,751515
40585934,8,751515
40587146,9,751515
40588358,6,751515
40589571,5,751515
40590784,6,751515
40591996,4,749203
40593208,6,749203
40594420,6,749203
40595632,7,749203
40596844,6,749203
40598057,9,749203
40599269,8,749203
40600481,5,749203
40607755,8,749203
40608967,8,749203
40610180,9,749203
40611392,6,749203
40612604,6,749203
40613816,8,754136
40615029,5,754136
40616241,6,754136
40617453,8,754136
40618665,7,754136
40619877,5,754136
40621090,5,754136
40622303,8,754136
40623515,8,754136
40624727,8,749562
40625939,4,749562
40627151,7,749562
40628363,9,749562
40629576,8,749562
40630788,5,749562
40632000,6,749562
40633213,6,749562
40634424,5,749562
40635637,4,749768
40636849,3,748175
40638061,5,748175
40639274,3,748175
40640485,3,748175
40641698,4,748175
40642910,5,748175
40644122,6,748175
40645335,4,748175
40646547,5,748175
40647759,4,752337
40648971,5,752337
40650184,7,752337
40651397,5,752337
40652609,5,752337
40653821,5,752337
40655034,3,752337
40656246,7,752337
40657458,4,752337
40658671,5,746839
40659883,6,746839
40661095,0,746839
40662307,3,746839
40663520,6,746839
40664732,5,746839
40665945,5,746839
40667157,5,746839
40668369,3,746839
40669581,3,753776
40670793,2,753776
40672006,3,753776
40673218,3,753776
40674431,5,753776
40675643,2,753776
40676855,3,753776
40678068,6,753776
40679280,5,753776
40680492,4,752646
40681705,5,752646
40682917,4,752646
40684129,7,752646
40692615,2,752646
40693828,7,752646
40695040,9,752646
40696253,4,752646
40697465,7,752646
40698677,5,752646
40699890,6,752646
40701102,6,752029
40702314,4,752021
40703527,4,749717
40704739,3,749717
40705951,6,749717
40707164,1,749717
40708376,4,749717
40709589,4,749717
40710801,5,749717
40712013,3,749717
40713225,4,749717
40714438,4,749717
40715650,7,749717
40716862,9,749717
40718075,7,749717
40719287,5,749717
40720500,1,749717
40721713,2,749717
40722924,9,753006
40724137,3,753006
40725349,4,753006
40726561,8,753006
40727774,3,753006
40728986,4,753006
40730199,5,753006
40731412,7,753006
40732624,6,753006
40733836,5,753006
40735048,7,752337
40736260,4,752337
40737473,4,752337
40738686,7,752337
40739898,6,752337
40741110,6,752337
40742322,7,752337
40743535,5,752337
40744748,10,752337
40745960,7,749973
40747172,4,749973
40748385,7,749973
40749597,7,749973
40750809,7,749973
40752022,6,749973
40753234,6,749973
40754447,8,749973
40755659,6,749973
40756872,10,750590
40758084,4,750590
40759297,8,750590
40760510,5,750590
40761722,8,750590
40762934,6,750590
40764146,7,750590
40765358,8,750590
40766571,8,750590
40767784,4,747764
40768996,8,747764
40776270,10,747764
40777483,10,747764
40778694,5,753160
40779907,4,753160
40781119,9,753160
40782332,5,753160
40783544,3,753160
40784757,11,753160
40785968,4,753160
40787181,5,753160
40788393,6,753160
40789606,8,749048
40790818,5,749048
40792030,7,749048
40793243,8,749048
40794455,8,749048
40795668,5,749048
40796881,5,749048
40798093,6,749048
40799305,8,749048
40800517,6,749048
40801730,3,749048
40802942,7,749048
40804154,8,749048
40805367,6,749048
40806579,6,749048
40807792,7,749048
40809004,10,749048
40810217,9,749048
40811429,9,748432
40812640,4,748432
40813853,6,748432
40815065,7,748432
40816277,7,748432
40817491,6,748432
40818702,9,748432
40819914,5,748432
40821127,7,748432
40822339,7,745245
40823552,7,747404
40824764,6,747404
40825976,4,747404
40827189,5,747404
40828401,5,747404
40829613,5,747404
40830826,5,747404
40832038,6,747404
40833251,5,747404
40834463,3,743344
40835676,3,743344
40836888,4,743344
40838101,4,743344
40839313,3,743344
40840525,4,743344
40841738,3,743344
40842950,4,743344
40844162,3,743344
40845375,4,744834
40846588,5,744834
40847799,4,744834
40849013,5,744834
40850224,5,744834
40851437,3,744834
40852649,6,744834
40861136,6,744834
40862348,7,744834
40863560,7,744834
40864773,6,744834
40865985,5,742522
40867197,4,744269
40868410,4,744269
40869622,4,744269
40870835,3,744269
40872048,6,744269
40873259,5,744269
40874472,2,744269
40875684,3,744269
40876896,3,744269
40878108,3,744241
40879321,3,736817
40880534,6,736817
40881746,7,736817
40882958,5,736817
40884170,4,736817
40885383,5,736817
40886595,3,736817
40887807,4,736817
40889020,4,736897
40890232,5,744577
40891445,6,744577
40892657,4,744577
40893869,2,744577
40895081,3,744577
40896294,6,744577
40897506,3,744577
40898718,4,744577
40899931,7,744577
40901143,4,744577
40902355,6,744577
40903568,5,744577
40904781,5,744577
40905992,7,744577
40907205,8,744577
40908417,8,744577
40909629,5,744166
40910842,4,744166
40912054,5,744166
40913266,4,744166
40914479,7,744166
40915691,6,744166
40916904,7,744166
40918116,6,744166
40919327,5,744166
40920540,5,744166
40921753,8,740774
40922964,5,740774
40924177,9,740774
40925389,5,740774
40926601,7,740774
40927814,5,740774
40929026,8,740774
40930238,5,740774
40931450,12,740774
40932662,6,745297
40933875,6,745297
40935087,4,745297
40936300,5,745297
40937511,5,741809
40944785,2,743601
40945998,10,743601
40947209,5,743601
40948422,4,743601
40949634,4,743601
40950846,3,743601
40952059,5,743601
40953271,7,743601
40954483,5,743601
40955696,4,743601
40956909,5,743601
40958121,9,743601
40959333,8,743601
40960546,7,743601
40961758,7,743601
40962970,6,743601
40964182,6,743601
40965395,5,742368
40966608,4,742368
40967820,8,742368
40969033,7,742368
40970245,4,742368
40971457,4,742368
40972669,6,742368
40973882,6,742368
40975093,6,742368
40976306,5,742830
40977518,-1,742830
40978731,7,742830
40979943,9,742830
40981155,9,742830
40982368,7,742830
40983580,8,742830
40984793,7,742830
40986005,6,742830
40987217,7,742008
40988430,4,742008
40989642,7,742008
40990854,10,742008
40992066,8,742008
40993279,9,742008
40994492,7,742008
40995703,9,742008
40996916,5,742008
40998128,8,745400
40999340,4,745400
41000553,5,745400
41001765,7,745400
41002978,8,745400
41004191,9,745400
41005402,8,745400
41006615,4,745400
41007827,7,745400
41009039,7,748843
41010252,7,747610
41011464,3,747610
41012677,3,747610
41013889,4,747610
41015101,3,747610
41016314,5,747610
41017526,5,747610
41018738,4,747610
41019950,4,747610
41021163,7,747610
41029650,3,747610
41030861,4,748740
41032074,4,747866
41033286,5,747866
41034499,3,747866
41035711,2,747866
41036924,6,747866
41038136,5,747866
41039349,5,747866
41040561,3,747866
41041773,4,747866
41042985,4,751104
41044198,5,751104
41045410,8,751104
41046622,5,751104
41047835,4,751104
41049048,6,751104
41050260,5,751104
41051472,2,751104
41052685,4,751104
41053897,7,752492
41055109,4,752492
41056322,5,752492
41057534,5,752492
41058746,8,752492
41059959,4,752492
41061171,5,752492
41062384,6,752492
41063597,3,752492
41064809,4,752399
41066021,2,755215
41067234,5,755215
41068446,7,755215
41069658,2,755215
41070871,5,755215
41072083,3,755215
41073296,2,755215
41074508,5,755215
41075720,5,755446
41076933,6,748278
41078146,4,748278
41079358,6,748278
41080571,5,748278
41081782,3,748278
41082995,5,748278
41084208,4,748278
41085420,4,748278
41086632,-1,748278
41087845,4,748278
41089057,9,748278
41090269,5,748278
41091481,4,748278
41092694,7,748278
41093907,6,748278
41095119,4,748278
41096331,8,748278
41097544,2,748278
41098756,5,748278
41099969,6,748278
41101181,6,748278
41102393,5,748278
41103605,5,748278
41104818,8,748278
41106030,6,748278
41113304,1,748278
41114517,5,748278
41115729,6,748278
41116942,7,748278
41118154,5,748278
41119366,6,750641
41120579,5,750641
41121792,3,750641
41123003,6,750641
41124216,6,750641
41125428,6,750641
41126640,8,750641
41127854,8,750641
41129065,7,750641
41130278,6,756346
41131490,5,756346
41132703,9,756346
41133916,6,756346
41135128,6,756346
41136341,6,756346
41137553,6,756346
41138765,9,756346
41139978,9,756346
41141191,7,749460
41142402,3,749460
41143615,6,749460
41144827,3,749460
41146039,4,749460
41147253,10,749460
41148464,9,749460
41149677,5,749460
41150890,4,749460
41152102,6,752389
41153314,5,752389
41154527,8,752389
41155739,5,752389
41156951,5,752389
41158164,7,752389
41159377,8,752389
41160589,9,752389
41161802,7,752389
41163014,6,751155
41164226,5,751155
41165439,4,751155
41166651,4,751155
41167864,7,751155
41169075,2,751155
41170288,6,751155
41171500,7,751155
41172713,8,751155
41173925,7,750590
41175138,6,750590
41176350,10,750590
41177562,4,750590
41178775,6,750590
41179987,7,750590
41181201,5,750590
41182413,4,750590
41183625,7,750590
41184837,9,749768
41186050,6,749768
41187263,6,749768
41188474,6,749768
41189687,9,750950
41198174,10,750950
41199386,6,750950
41200599,3,750950
41201811,4,750950
41203023,5,750950
41204236,6,750950
41205448,9,750950
41206661,5,750950
41207873,4,751464
41209086,4,751464
41210298,3,751464
41211511,0,751464
41212723,5,751464
41213936,4,751464
41215148,4,751464
41216361,6,751464
41217573,5,751464
41218785,6,753982
41219998,3,753982
41221211,3,753982
41222423,2,753982
41223635,4,753982
41224847,5,753982
41226060,5,753982
41227272,6,753982
41228485,3,753982
41229698,5,751104
41230910,4,751104
41232122,3,751104
41233334,3,751104
41234547,6,751104
41235759,3,751104
41236972,3,751104
41238184,4,751104
41239396,5,751104
41240609,5,754496
41241821,4,754496
41243034,5,754496
41244246,7,754496
41245459,5,754496
41246671,7,754496
41247883,4,754496
41249097,2,754496
41250308,5,754496
41251521,4,754491
41252733,4,753211
41253946,5,753211
41255158,5,753211
41256370,3,753211
41257583,6,753211
41258796,4,753211
41260008,3,753211
41261220,4,753211
41262433,8,753305
41263645,5,751001
41264857,3,751001
41266070,4,751001
41267282,4,751001
41268494,2,751001
41269708,4,751001
41270919,4,751001
41272132,3,751001
41273344,3,751001
41274557,5,751001
41283044,9,751001
41284256,4,751001
41285468,5,751001
41286681,8,751001
41287894,7,751001
41289106,6,751001
41290318,9,751001
41291531,4,751001
41292743,10,751001
41293956,3,751001
41295168,7,749922
41296380,5,749922
41297592,10,749922
41298805,12,749922
41300017,55,749922
41301230,-202,749922
41302442,1,749922
41303654,10,749922
41304867,11,749922
41306080,6,753571
41307291,6,753571
41308504,6,753571
41309717,7,753571
41310929,6,753571
41312141,9,753571
41313354,7,753571
41314566,5,753571
41315779,5,753571
41316991,7,643542
41318203,4,643542
41319416,7,643542
41320628,7,643542
41321841,5,643542
41323053,9,643542
41324265,8,643542
41325478,7,643542
41326690,7,643542
41327903,4,757117
41329115,4,757117
41330327,6,757117
41331540,6,757117
41332753,12,757117
41333965,8,757117
41335177,8,757117
41336390,6,757117
41337602,9,757117
41338815,8,754444
41340027,3,754444
41341240,7,754444
41342452,9,754444
41343664,6,754444
41344877,7,754444
41346089,4,754444
41347302,8,754444
41348515,8,754444
41349727,5,756192
41350939,6,756192
41352151,6,756192
41353364,5,756192
41354577,4,756192
41355789,5,756192
41357001,5,756192
41358214,6,756192
41359426,5,756192
41366701,13,756192
41367914,7,756192
41369126,8,756192
41370338,8,756192
41371550,8,755472
41372763,5,755472
41373975,0,755472
41375189,0,755472
41376401,0,755472
41377613,0,755472
41378826,-2,755472
41380038,18,755472
41381250,5,755472
41382463,12,754444
41383675,-3,753262
41384887,7,753262
41386100,8,753262
41387312,2,753262
41388525,3,753262
41389737,3,753262
41390950,4,753262
41392162,10,753262
41393375,7,753262
41394588,5,753982
41395799,3,753982
41397013,5,753982
41398225,4,753982
41399437,4,753982
41400650,5,753982
41401863,2,753982
41403074,3,753982
41404287,2,753982
41405499,2,757374
41406711,5,757374
41407925,3,757374
41409137,3,757374
41410349,4,757374
41411562,5,757374
41412774,3,757374
41413986,3,757374
41415199,3,757374
41416411,4,759584
41417625,4,759584
41418836,4,759584
41420049,5,759584
41421261,5,759584
41422474,2,759584
41423686,3,759584
41424898,2,759584
41426112,3,759584
41427323,3,755472
41428536,4,755472
41429749,5,755472
41430961,3,755472
41432173,4,755472
41433386,3,755472
41434599,4,755472
41435811,6,755472
41437023,3,755472
41438236,4,755638
41439448,8,758710
41440661,4,758710
41441873,5,758710
41443086,6,758710
41450361,3,758710
41451573,4,758710
41452786,3,758710
41453998,5,758710
41455210,5,758710
41456423,8,758710
41457636,7,758710
41458848,3,757014
41460060,6,757014
41461272,5,757014
41462485,6,757014
41463698,7,757014
41464910,5,757014
41466122,9,757014
41467335,6,757014
41468548,6,757014
41469760,5,757014
41470972,2,757014
41472184,3,757014
41473397,3,757014
41474610,6,757014
41475822,6,757014
41477034,6,757014
41478246,6,757014
41479460,6,757014
41480672,6,757014
41481884,4,756397
41483097,5,756397
41484309,6,756397
41485522,5,756397
41486734,7,756397
41487946,7,756397
41489158,8,756397
41490371,10,756397
41491583,7,756397
41492796,7,756243
41494008,5,756243
41495221,6,756243
41496433,6,756243
41497645,7,756243
41498858,6,756243
41500070,8,756243
41501283,7,756243
41502495,5,756243
41503707,6,754239
41504920,5,754239
41506133,8,754239
41507345,7,754239
41508557,7,754239
41509770,6,754239
41510982,6,754239
41512195,8,754239
41513407,10,754239
41514620,6,755781
41515831,5,755781
41517044,8,755781
41518257,5,755781
41519470,6,755781
41520681,5,755781
41521894,7,755781
41523106,5,755781
41524318,7,755781
41525531,6,751310
41526744,6,751310
41535230,5,751310
41536444,9,751721
41537655,3,751721
41538868,4,751721
41540081,7,751721
41541293,6,751721
41542505,6,751721
41543718,5,751721
41544930,6,751721
41546142,7,751721
41547354,6,752954
41548568,5,752954
41549780,4,752954
41550992,10,752954
41552205,4,752954
41553417,4,752954
41554629,4,752954
41555842,6,752954
41557053,9,752954
41558266,7,754444
41559478,3,754444
41560690,7,754444
41561903,5,754444
41563116,7,754444
41564327,10,754444
41565540,7,754444
41566753,9,754444
41567965,5,754444
41569178,7,752543
41570389,4,753160
41571602,4,753160
41572814,3,753160
41574027,4,753160
41575239,4,753160
41576452,6,753160
41577664,4,753160
41578876,5,753160
41580089,4,753160
41581301,2,756860
41582514,3,756860
41583726,4,756860
41584938,4,756860
41586151,6,756860
41587364,3,756860
41588576,3,756860
41589788,3,756860
41591001,4,756860
41592213,4,752646
41593426,5,752646
41594638,5,752646
41595850,6,752646
41597063,4,752646
41598275,4,752646
41599488,3,752646
41600700,4,752646
41601912,1,752646
41603125,4,755318
41604337,5,755318
41605550,5,755318
41606763,4,755318
41607975,2,755318
41609187,3,755318
41610400,9,755318
41611612,5,755318
41620099,6,755318
41621312,8,755318
41622524,4,755318
41623737,11,754907
41624949,11,754941
41626161,-8,763901
41627374,9,763901
41628586,6,763901
41629799,3,763901
41631011,4,763901
41632223,2,763901
41633436,5,763901
41634648,6,763901
41635861,5,763858
41637073,1,752594
41638285,4,752594
41639498,3,752594
41640711,2,752594
41641924,6,752594
41643135,7,752594
41644348,-1,752594
41645561,5,752594
41646773,3,752594
41647985,4,752594
41649198,8,752594
41650411,4,752594
41651622,6,752594
41652835,6,752594
41654047,6,752594
41655261,7,752594
41656473,7,752594
41657685,3,752594
41658897,3,752594
41660110,6,752594
41661322,6,752594
41662534,7,752594
41663748,11,752594
41664959,6,752594
41666172,5,752594
41667385,7,752594
41668597,5,754085
41669809,1,754085
41671021,8,754085
41672234,7,754085
41673446,6,754085
41674659,4,754085
41675871,6,754085
41677084,5,754085
41678297,8,754085
41679510,6,751310
41680721,3,751310
41681934,6,751310
41683146,6,751310
41684359,8,751310
41685571,6,751310
41686784,4,751310
41687997,5,751310
41689209,7,751310
41690421,5,747096
41691634,4,747096
41692846,7,747096
41694058,8,747096
41695272,7,747096
41696483,7,747096
41703758,6,747096
41704971,9,747096
41706183,5,747096
41707396,5,747096
41708608,9,747096
41709820,5,747096
41711033,8,747096
41712246,6,751258
41713458,6,751258
41714670,7,751258
41715883,8,751258
41717096,6,751258
41718308,6,751258
41719521,8,751258
41720733,6,751258
41721946,4,751258
41723158,6,751515
41724372,4,751515
41725584,7,751515
41726796,6,751515
41728009,7,751515
41729221,6,751515
41730433,6,751515
41731646,7,751515
41732858,6,751515
41734071,9,753262
41735283,4,753262
41736496,7,753262
41737708,4,753262
41738921,5,753262
41740133,7,753262
41741346,5,753262
41742558,9,753262
41743771,6,753262
41744984,7,755267
41746195,4,755267
41747408,8,755267
41748620,6,755267
41749833,10,755267
41751045,9,755267
41752259,7,755267
41753470,6,755267
41754683,7,755267
41755896,4,759481
41757108,3,757374
41758320,3,757374
41759532,5,757374
41760745,6,757374
41761958,3,757374
41763170,2,757374
41764383,4,757374
41765595,4,757374
41766808,-2,757374
41768021,5,764466
41769232,3,764466
41770445,7,764466
41771657,4,764466
41772869,5,764466
41774082,4,764466
41775294,5,764466
41776507,4,764466
41777720,5,764466
41778932,6,764209
41780144,6,764209
41788632,1,764209
41789845,12,766522
41791057,6,766522
41792269,4,766522
41793482,0,766522
41794695,5,766522
41795907,2,766522
41797119,5,766522
41798332,2,766522
41799544,4,766522
41800756,5,765185
41801969,5,765185
41803182,4,765185
41804394,2,765185
41805607,3,765185
41806819,3,765185
41808031,5,765185
41809244,5,765185
41810457,4,765185
41811669,3,765209
41812882,3,771609
41814094,4,771609
41815306,5,771609
41816520,3,771609
41817731,3,771609
41818944,4,771609
41820156,4,771609
41821369,4,771609
41822581,5,771795
41823794,2,766419
41825006,4,766419
41826218,4,766419
41827432,5,766419
41828643,5,766419
41829856,4,766419
41831069,0,766419
41832281,3,766419
41833494,2,766372
41834706,5,766372
41835918,2,766372
41837131,6,766372
41838343,9,766372
41839556,6,766372
41840769,6,766372
41841981,7,766372
41843193,7,767652
41844406,0,767652
41845618,5,767652
41846830,6,767652
41848044,8,767652
41849256,7,767652
41850468,7,767652
41851681,8,767652
41852893,5,767652
41854106,6,767652
41855318,8,771558
41856530,4,771558
41857743,7,771558
41858956,10,771558
41860168,4,771558
41861381,7,771558
41862592,6,771558
41863805,7,771558
41865018,9,771558
41872292,6,771558
41873505,4,771558
41874717,8,771558
41875930,5,771558
41877143,6,770684
41878355,2,770684
41879567,9,770684
41880780,6,770684
41881993,5,770684
41883205,10,770684
41884418,5,770684
41885630,7,770684
41886842,6,770684
41888055,7,768423
41889268,3,768423
41890480,3,768423
41891693,6,768423
41892906,8,768423
41894118,6,768423
41895330,8,768423
41896543,5,768423
41897756,9,768423
41898968,7,772842
41900180,3,772842
41901393,7,772842
41902606,8,772842
41903818,8,772842
41905030,7,772842
41906243,7,772842
41907456,6,772842
41908668,4,772842
41909881,6,770684
41911093,3,770684
41912305,7,770684
41913518,8,770684
41914731,10,770684
41915942,4,770684
41917156,5,770684
41918367,4,770684
41919580,6,770684
41920793,5,772123
41922005,5,772123
41923217,5,772123
41924429,4,772123
41925642,5,772123
41926854,9,772123
41928068,8,772123
41929279,7,772123
41930492,5,772123
41931704,5,772226
41932917,4,772226
41934129,8,772226
41935341,6,772226
41936555,8,772226
41937767,8,772226
41938979,6,772226
41940192,6,772226
41941403,6,772226
41942616,5,776337
41943828,6,776337
41945041,6,776337
41946254,6,776337
41947467,3,776337
41948679,9,776337
41957166,6,776337
41958379,3,776337
41959591,3,776337
41960803,3,776337
41962017,6,776337
41963229,8,776337
41964441,6,777879
41965653,4,774230
41966866,4,774230
41968078,4,774230
41969290,4,774230
41970503,3,774230
41971716,3,774230
41972929,4,774230
41974141,2,774230
41975353,4,774230
41976566,2,776748
41977778,3,776748
41978990,4,776748
41980203,6,776748
41981415,3,776748
41982628,4,776748
41983841,4,776748
41985053,5,776748
41986265,4,776748
41987478,5,776183
41988690,2,776183
41989903,3,776183
41991115,3,776183
41992328,3,776183
41993540,3,776183
41994753,7,776183
41995965,3,776183
41997178,4,776183
41998390,3,776129
41999603,3,775361
42000815,4,775361
42002027,2,775361
42003240,3,775361
42004452,6,775361
42005665,3,775361
42006877,4,775361
42008090,5,775361
42009303,5,775422
42010515,4,777982
42011727,4,777982
42012940,3,777982
42014152,4,777982
42015365,4,777982
42016578,4,777982
42017789,-2,777982
42019002,4,777982
42020215,4,777838
42021427,5,780654
42022640,5,780654
42023852,3,780654
42025065,5,780654
42026277,3,780654
42027490,2,780654
42028703,3,780654
42029915,5,780654
42031128,5,780654
42032340,2,780654
42033553,3,780654
42040828,6,780654
42042041,4,780860
42043253,7,780860
42044465,4,780860
42045678,6,780860
42046891,7,780860
42048104,5,780860
42049316,6,780860
42050528,6,780860
42051742,6,780860
42052954,6,774795
42054166,-1,774795
42055378,7,774795
42056592,7,774795
42057804,4,774795
42059017,9,774795
42060229,8,774795
42061441,11,774795
42062655,5,774795
42063867,6,783583
42065080,4,783583
42066291,8,783583
42067504,7,783583
42068717,7,783583
42069929,6,783583
42071142,6,783583
42072354,5,783583
42073566,6,783583
42074780,7,777571
42075991,4,777571
42077204,4,777571
42078417,6,777571
42079629,4,777571
42080842,7,777571
42082054,9,777571
42083267,9,777571
42084478,6,777571
42085692,6,779369
42086904,5,779369
42088116,7,779369
42089328,5,779369
42090541,6,779369
42091753,11,779369
42092966,7,779369
42094178,7,779369
42095390,4,779369
42096603,5,781836
42097815,2,781836
42099028,7,781836
42100241,4,781836
42101453,10,781836
42102665,10,781836
42103878,9,781836
42105090,4,781836
42106302,5,781836
42107515,7,780911
42108727,6,780911
42109941,5,780911
42111153,7,780911
42112365,6,780911
42113577,5,780911
42114790,6,780911
42116002,9,780911
42117214,9,780911
42124489,5,780911
42125702,4,780911
42126914,7,780911
42128127,5,780911
42129339,8,781117
42130552,7,781117
42131764,8,781117
42132976,5,781117
42134189,7,781117
42135401,6,781117
42136613,8,781117
42137825,7,781117
42139037,6,781117
42140250,7,786204
42141462,5,778496
42142675,2,778496
42143887,4,778496
42145100,4,778496
42146313,5,778496
42147524,3,778496
42148737,3,778496
42149950,3,778496
42151162,4,778496
42152374,5,784817
42153587,3,784817
42154799,3,784817
42156011,4,784817
42157224,3,784817
42158436,5,784817
42159649,5,784817
42160862,4,784817
42162074,4,784817
42163286,6,779369
42164498,3,779369
42165711,7,779369
42166924,4,779369
42168135,3,779369
42169348,3,779369
42170561,3,779369
42171772,2,779369
42172985,6,779369
42174197,5,721182
42175410,3,786718
42176622,3,786718
42177834,4,786718
42179047,5,786718
42180259,5,786718
42181472,3,786718
42182684,3,786718
42183896,3,786718
42185109,5,786718
42186322,4,786718
42187533,5,786718
42188746,6,786718
42189958,5,786718
42191171,4,786718
42192383,4,786718
42193596,3,786718
42194808,4,786718
42196021,3,786751
42197233,3,781887
42198446,6,781887
42199658,4,781887
42200870,8,781887
42208191,8,781887
42209357,5,781887
42210570,9,781887
42211782,5,781887
42212995,7,781887
42214207,6,781887
42215420,7,781887
42216632,10,783275
42217845,5,783275
42219057,6,783275
42220270,7,783275
42221482,6,783275
42222695,5,783275
42223907,7,783275
42225119,8,783275
42226331,4,783275
42227544,5,782967
42228757,6,782967
42229969,5,782967
42231181,7,782967
42232393,6,782967
42233606,7,782967
42234818,3,782967
42236030,7,782967
42237243,4,782967
42238455,5,782967
42239667,7,784868
42240879,2,784868
42242092,4,784868
42243305,8,784868
42244516,8,784868
42245729,8,784868
42246941,8,784868
42248153,3,784868
42249365,6,784868
42250578,4,780603
42251790,2,780603
42253002,6,780603
42254214,7,780603
42255427,4,780603
42256638,4,780603
42257851,7,780603
42259063,6,780603
42260276,7,780603
42261487,3,786924
42262699,3,786924
42263911,7,786924
42265124,6,786924
42266337,6,786924
42267548,5,786924
42268761,5,786924
42269973,8,786924
42271185,8,786924
42272397,9,782401
42273609,5,782401
42274821,8,782401
42276034,4,782401
42277246,5,782401
42278458,6,782401
42279671,5,782401
42280883,8,782401
42282094,7,782401
42283306,8,784971
42284519,5,784971
42293004,11,784971
42294217,6,784200
42295429,5,784200
42296641,8,784200
42297854,7,784200
42299065,10,784200
42300277,8,784200
42301489,7,784200
42302702,10,784200
42303914,8,784200
42305126,7,784251
42306338,4,784251
42307550,4,784251
42308763,5,784251
42309975,7,784251
42311187,6,784251
42312399,5,784251
42313612,9,784251
42314824,8,784251
42316036,7,784251
42317248,7,784251
42318460,7,784251
42319672,6,784251
42320884,4,784251
42322097,6,784251
42323309,6,784251
42324521,7,784251
42325733,9,784251
42326945,5,784508
42328157,3,782504
42329370,4,782504
42330582,5,782504
42331794,4,782504
42333006,4,782504
42334218,0,782504
42335430,3,782504
42336643,2,782504
42337855,3,782504
42339067,5,782555
42340279,3,782555
42341491,1,782555
42342704,4,782555
42343915,5,782555
42345129,3,782555
42346340,6,782555
42347553,6,782555
42348765,4,782555
42349977,3,781528
42351189,3,781528
42352402,5,781528
42353614,5,781528
42354826,3,781528
42356038,3,781528
42357251,6,781528
42358463,4,781528
42359675,4,781528
42360887,5,779318
42362100,3,779318
42363311,1,779318
42364524,1,779318
42365736,3,779318
42366948,4,779318
42368161,5,779318
42369372,3,779318
42377858,7,779318
42379070,4,779318
42380282,7,779318
42381494,3,783789
42382706,4,783781
42383918,3,781733
42385131,3,781733
42386343,3,781733
42387556,5,781733
42388767,6,781733
42389979,5,781733
42391192,3,781733
42392404,1,781733
42393616,4,781733
42394828,1,781733
42396041,9,781733
42397253,6,781733
42398465,2,781733
42399677,5,781733
42400889,3,781733
42402101,4,781733
42403313,7,781733
42404526,3,781733
42405738,5,781733
42406950,6,781733
42408162,6,781733
42409374,7,781733
42410587,6,781733
42411799,8,781733
42413011,7,781733
42414224,6,781733
42415435,8,783172
42416648,4,783172
42417861,7,783172
42419073,6,783172
42420285,8,783172
42421497,8,783172
42422709,6,783172
42423921,4,783172
42425133,3,783172
42426346,7,783326
42427559,4,783326
42428770,8,783326
42429982,7,783326
42431195,7,783326
42432407,7,783326
42433620,5,783326
42434831,6,783326
42436044,7,783326
42437257,9,781528
42438468,5,781528
42439681,8,781528
42440893,6,781528
42442106,5,781528
42443318,9,781528
42444530,8,781528
42445742,9,781528
42446954,4,781528
42448166,4,786872
42449379,3,786872
42450591,7,786872
42451803,3,786872
42453016,8,786872
42454227,5,786872
42461501,7,786872
42462713,5,786872
42463925,6,786872
42465138,5,786872
42466349,4,786872
42467562,8,786872
42468774,5,786872
42469986,4,781836
42471199,4,781836
42472410,6,781836
42473623,7,781836
42474834,8,781836
42476047,10,781836
42477258,6,781836
42478471,5,781836
42479683,8,781836
42480895,5,782710
42482108,3,782710
42483319,9,782710
42484531,4,782710
42485744,8,782710
42486956,8,782710
42488167,6,782710
42489380,7,782710
42490592,9,782710
42491804,5,779318
42493017,2,779318
42494229,6,779318
42495441,7,779318
42496653,6,779318
42497865,3,779318
42499077,7,779318
42500289,6,779318
42501501,8,779318
42502714,9,786821
42503927,7,782145
42505138,4,782145
42506351,5,782145
42507563,4,782145
42508775,4,782145
42509987,5,782145
42511199,4,782145
42512412,4,782145
42513623,4,782145
42514836,3,788106
42516048,3,788106
42517260,3,788106
42518472,3,788106
42519684,3,788106
42520896,4,788106
42522109,3,788106
42523321,2,788106
42524534,5,788106
42525745,9,788106
42526957,2,788106
42528170,4,788106
42529382,5,788106
42530594,2,788106
42531806,4,788106
42533018,3,788106
42534231,2,788106
42535443,5,788106
42536655,4,787489
42537867,7,787489
42545191,10,787489
42546353,19,787489
42547565,2,780140
42548777,1,780140
42549990,2,780140
42551201,2,780140
42552413,4,780140
42553626,4,780140
42554839,3,780140
42556050,5,780140
42557263,3,780140
42558474,4,780112
42559687,2,786512
42560899,5,786512
42562111,4,786512
42563323,4,786512
42564535,3,786512
42565748,9,786512
42566959,4,786512
42568172,4,786512
42569384,5,786446
42570597,4,782350
42571809,0,782350
42573021,4,782350
42574233,4,782350
42575445,6,782350
42576658,4,782350
42577869,4,782350
42579082,4,782350
42580294,2,782350
42581507,3,782350
42582719,5,782350
42583932,6,782350
42585143,4,782350
42586355,5,782350
42587568,5,782350
42588780,6,782350
42589992,9,785382
42591204,6,785382
42592417,4,785382
42593629,6,785382
42594842,3,785382
42596054,5,785382
42597266,8,785382
42598478,6,785382
42599690,4,785382
42600902,5,785382
42602114,4,781631
42603326,4,781631
42604539,10,781631
42605752,11,781631
42606964,7,781631
42608175,8,781631
42609388,5,781631
42610600,8,781631
42611812,9,781631
42613024,6,780551
42614237,3,780551
42615448,7,780551
42616661,4,780551
42617873,9,780551
42619085,6,780551
42620298,5,780551
42621509,8,780551
42628782,4,780551
42629994,5,780551
42631206,6,780551
42632418,9,780551
42633630,11,780551
42634843,5,781682
42636056,5,781682
42637268,4,781682
42638480,5,781682
42639691,5,781682
42640904,7,781682
42642116,6,781682
42643328,5,781682
42644540,6,781682
42645753,10,784920
42646965,5,784920
42648177,5,784920
42649389,7,784920
42650602,6,784920
42651813,7,784920
42653026,5,784920
42654239,7,784920
42655450,8,784920
42656662,5,778855
42657875,3,778855
42659087,8,778855
42660300,6,778855
42661511,6,778855
42662724,7,778855
42663936,7,778855
42665148,3,778855
42666361,6,778855
42667573,8,783429
42668785,4,783429
42669997,9,783429
42671209,8,783429
42672421,6,783429
42673633,6,783429
42674846,6,783429
42676058,8,783429
42677271,7,783429
42678482,5,778958
42679694,4,778958
42680907,6,778958
42682119,8,778958
42683332,10,778958
42684543,7,778958
42685756,7,778958
42686968,6,778958
42688180,6,778958
42689392,3,785690
42690604,6,779934
42691817,4,779934
42693029,4,779934
42694241,4,779934
42695453,7,779934
42696665,5,779934
42697877,3,779934
42699089,4,779934
42700302,4,779934
42701514,5,782555
42702726,6,782555
42703939,3,782555
42705150,7,782555
42713635,2,782555
42714847,6,782555
42716060,7,782555
42717272,6,782555
42718484,6,782555
42719697,9,782555
42720909,5,782555
42722121,6,779369
42723334,5,780448
42724546,6,780448
42725758,6,780448
42726970,5,780448
42728183,4,780448
42729395,4,780448
42730607,5,780448
42731819,3,780448
42733031,3,780448
42734243,4,780459
42735455,4,783275
42736667,4,783275
42737880,0,783275
42739092,0,783275
42740305,1,783275
42741516,4,783275
42742728,2,783275
42743941,5,783275
42745153,5,783138
42746365,4,773922
42747578,6,773922
42748789,5,773922
42750002,4,773922
42751214,3,773922
42752426,2,773922
42753639,4,773922
42754851,4,773922
42756064,3,773922
42757276,4,773922
42758488,6,773922
42759700,5,773922
42760914,5,773922
42762124,4,773922
42763337,8,773922
42764549,4,773922
42765762,7,773922
42766973,4,773922
42768186,2,773922
42769398,7,773922
42770610,7,773922
42771823,3,773922
42773035,7,773922
42774247,4,773922
42775459,6,773922
42776671,7,773922
42777884,6,781682
42779097,4,781682
42780309,5,781682
42781521,7,781682
42782733,6,781682
42783945,7,781682
42785158,7,781682
42786370,7,781682
42787583,7,781682
42788795,4,781631
42790007,5,781631
42797280,8,781631
42798492,5,781631
42799705,3,778650
42800917,3,778650
42802129,6,778650
42803341,7,778650
42804554,8,778650
42805766,7,778650
42806978,5,778650
42808190,5,778650
42809402,7,778650
42810615,7,783069
42811827,3,783069
42813040,6,783069
42814252,5,783069
42815464,8,783069
42816676,7,783069
42817889,5,783069
42819101,5,783069
42820313,7,783069
42821526,6,777828
42822737,6,777828
42823950,7,777828
42825162,7,777828
42826374,9,777828
42827586,7,777828
42828798,3,777828
42830010,4,777828
42831223,6,777828
42832435,4,784714
42833648,4,784714
42834860,8,784714
42836072,5,784714
42837284,9,784714
42838497,5,784714
42839709,5,784714
42840921,6,784714
42842133,6,784714
42843346,7,780500
42844559,6,780500
42845771,6,780500
42846982,5,780500
42848196,7,780500
42849408,8,780500
42850620,11,780500
42851831,7,780500
42853044,5,780500
42854257,8,780654
42855469,4,780654
42856680,8,780654
42857893,6,780654
42859105,7,780654
42860318,5,780654
42861529,6,780654
42862743,8,780654
42863954,8,780654
42865166,7,779524
42866379,3,779164
42867591,5,779164
42868804,4,779164
42870016,4,779164
42871228,4,779164
42872441,4,779164
42873653,6,779164
42882138,7,779164
42883351,10,779164
42884564,8,779164
42885776,5,779164
42886988,6,779986
42888200,4,777005
42889413,3,777005
42890625,3,777005
42891837,0,777005
42893049,5,777005
42894262,5,777005
42895474,3,777005
42896686,5,777005
42897899,6,777005
42899110,3,784251
42900322,4,784251
42901535,4,784251
42902747,8,784251
42903959,8,784251
42905171,5,784251
42906384,1,784251
42907597,2,784251
42908809,4,784251
42910021,3,778187
42911233,4,778187
42912445,7,778187
42913657,4,778187
42914869,4,778187
42916082,4,778187
42917294,4,778187
42918506,1,778187
42919718,4,778187
42920931,6,778113
42922143,3,785793
42923355,7,785793
42924568,5,785793
42925779,4,785793
42926992,5,785793
42928204,2,785793
42929416,3,785793
42930628,4,785793
42931842,3,785761
42933053,4,777313
42934266,5,777313
42935477,4,777313
42936689,4,777313
42937902,3,777313
42939115,4,777313
42940326,3,777313
42941538,5,777313
42942751,8,777313
42943963,5,777313
42945175,10,777313
42946387,5,777313
42947600,8,777313
42948812,7,777313
42950025,10,777313
42951237,8,777313
42952449,11,784920
42953661,3,784920
42954874,6,784920
42956086,6,784920
42957298,6,784920
42958510,7,780808
42965784,2,780808
42966996,11,780808
42968208,5,780808
42969421,4,780808
42970633,4,780808
42971845,0,780808
42973058,5,780808
42974270,4,780808
42975482,2,780808
42976695,4,780808
42977907,4,780808
42979119,4,780808
42980332,7,780808
42981544,6,780808
42982756,10,780808
42983968,7,780808
42985181,9,780808
42986393,5,781887
42987605,2,781887
42988817,7,781887
42990029,6,781887
42991242,5,781887
42992453,9,781887
42993667,4,781887
42994878,7,781887
42996090,6,781887
42997303,6,780962
42998515,3,780962
42999728,6,780962
43000939,6,780962
43002152,5,780962
43003364,9,780962
43004577,7,780962
43005789,3,780962
43007001,7,780962
43008213,5,779678
43009426,5,779678
43010639,7,779678
43011850,6,779678
43013062,8,779678
43014276,3,779678
43015487,2,779678
43016699,6,779678
43017911,7,779678
43019124,7,780654
43020336,5,780654
43021549,7,780654
43022761,7,780654
43023974,7,780654
43025186,6,780654
43026398,10,780654
43027611,6,780654
43028823,4,780654
43030034,5,781271
43031247,5,781271
43032460,6,781271
43033672,6,781271
43034884,6,781271
43036097,6,781271
43037308,6,781271
43038521,7,781271
43039733,7,781271
43040945,7,776132
43042157,11,776132
43050644,1,776132
43051856,6,781476
43053068,2,777725
43054280,4,777725
43055493,5,777725
43056705,3,777725
43057917,2,777725
43059130,4,777725
43060342,5,777725
43061555,6,777725
43062767,4,777725
43063979,5,786667
43065192,4,786667
43066404,4,786667
43067616,4,786667
43068828,3,786667
43070041,3,786667
43071252,5,786667
43072466,3,786667
43073677,3,786667
43074890,4,840589
43076102,3,775053
43077314,4,775053
43078526,4,775053
43079739,5,775053
43080951,6,775053
43082164,4,775053
43083376,4,775053
43084589,5,775053
43085800,5,783069
43087013,4,783069
43088225,4,783069
43089437,3,783069
43090650,3,783069
43091863,3,783069
43093074,5,783069
43094287,3,783069
43095499,4,783069
43096711,4,783069
43097924,3,783069
43099137,2,783069
43100349,4,783069
43101561,6,783069
43102773,5,783069
43103985,3,783069
43105199,6,783069
43106411,5,783069
43107623,5,783030
43108835,3,786358
43110047,5,786358
43111260,2,786358
43112472,3,786358
43113684,4,786358
43114896,4,786358
43116109,3,786358
43117321,4,786358
43118534,5,786220
43119746,7,776748
43120958,5,776748
43122170,3,776748
43123383,3,776748
43124595,3,776748
43125807,-2,776748
43127019,5,776748
43134293,6,776748
43135505,6,776748
43136718,6,776748
43137930,9,776748
43139142,2,778958
43140354,4,778958
43141567,7,778958
43142780,6,778958
43143991,6,778958
43145204,5,778958
43146416,7,778958
43147629,4,778958
43148842,8,778958
43150053,8,778958
43151266,4,777879
43152478,2,777879
43153691,5,777879
43154903,5,777879
43156115,9,777879
43157328,7,777879
43158540,7,777879
43159752,12,777879
43160965,7,777879
43162177,6,779678
43163389,4,779678
43164602,6,779678
43165813,5,779678
43167026,6,779678
43168238,7,779678
43169450,9,779678
43170663,8,779678
43171875,9,779678
43173088,4,780705
43174300,4,780705
43175512,4,780705
43176725,6,780705
43177937,7,780705
43179149,7,780705
43180361,8,780705
43181573,8,780705
43182786,6,780705
43183998,6,778187
43185211,4,778187
43186423,6,778187
43187635,6,778187
43188847,3,778187
43190060,5,778187
43191273,7,778187
43192484,7,778187
43193697,5,778187
43194910,4,781322
43196121,3,781322
43197333,7,781322
43198547,8,781322
43199758,9,781322
43200970,7,781322
43202182,6,781322
43203395,6,781322
43204608,8,781322
43205819,6,776183
43207033,4,776183
43208245,7,776183
43209456,4,776183
43210669,9,776183
43219156,7,776183
43220368,9,776183
43221581,5,776183
43222793,4,776183
43224005,4,776183
43225218,7,776183
43226429,5,776183
43227642,7,774436
43228855,4,774436
43230066,8,774436
43231278,5,774436
43232491,7,774436
43233703,6,774436
43234915,6,774436
43236128,5,774436
43237341,7,774436
43238552,5,782401
43239764,2,777725
43240977,2,777725
43242189,2,777725
43243401,4,777725
43244613,2,777725
43245826,5,777725
43247038,0,777725
43248250,8,777725
43249463,3,777725
43250675,5,780089
43251888,4,780089
43253100,2,780089
43254312,3,780089
43255525,4,780089
43256737,4,780089
43257949,5,780089
43259161,4,780089
43260374,5,780089
43261586,3,779986
43262798,3,779986
43264010,4,779986
43265222,2,779986
43266435,0,779986
43267647,4,779986
43268860,4,779986
43270072,5,779986
43271284,4,779986
43272496,4,784303
43273709,5,784303
43274921,4,784303
43276133,2,784303
43277346,3,784303
43278558,6,784303
43279770,5,784303
43280982,5,784303
43282195,4,784303
43283407,4,784375
43284619,0,776183
43285831,4,776183
43287044,4,776183
43288257,4,776183
43289468,3,776183
43290681,3,776183
43291893,5,776183
43293106,6,776183
43294318,5,776038
43295530,4,778598
43304017,10,778598
43305229,3,778598
43306441,6,778598
43307653,9,778598
43308866,8,778598
43310078,4,778598
43311290,5,778598
43312503,7,778598
43313716,7,778598
43314927,6,778598
43316140,4,778598
43317352,4,778598
43318566,4,778598
43319778,8,778598
43320989,5,778598
43322203,6,778598
43323414,7,778598
43324626,7,778598
43325839,5,778598
43327052,10,778033
43328263,5,778033
43329476,3,778033
43330689,4,778033
43331901,6,778033
43333113,3,778033
43334325,5,778033
43335538,8,778033
43336750,13,778033
43337962,6,781631
43339174,4,781631
43340387,6,781631
43341600,8,781631
43342812,8,781631
43344024,10,781631
43345236,7,781631
43346449,9,781631
43347661,5,781631
43348873,6,775669
43350086,4,775669
43351299,7,775669
43352511,7,775669
43353723,7,775669
43354935,6,775669
43356147,7,775669
43357360,6,775669
43358572,7,775669
43359785,5,784354
43360996,1,784354
43362209,7,784354
43363421,4,784354
43364633,7,784354
43365846,5,784354
43367058,9,784354
43368270,5,784354
43369483,4,784354
43370696,5,774230
43371907,5,774230
43373119,8,774230
43374332,6,774230
43375544,7,774230
43376757,8,774230
43377969,9,774230
43379181,6,774230
43380393,9,774230
43387667,2,774230
43388879,6,774230
43390092,6,774230
43391304,4,774230
43392516,5,775977
43393729,5,775977
43394940,6,775977
43396153,7,775977
43397365,7,775977
43398578,5,775977
43399790,4,775977
43401003,10,775977
43402214,8,775977
43403427,5,780860
43404638,4,780860
43405851,4,780860
43407063,7,780860
43408275,8,780860
43409488,8,780860
43410700,4,780860
43411911,6,780860
43413124,6,780860
43414337,4,776645
43415549,5,778650
43416761,4,778650
43417973,3,778650
43419186,4,778650
43420397,5,778650
43421610,4,778650
43422822,4,778650
43424034,4,778650
43425247,6,778650
43426459,4,777313
43427671,5,777313
43428884,4,777313
43430095,4,777313
43431308,3,777313
43432521,2,777313
43433733,4,777313
43434945,3,777313
43436157,5,777313
43437369,6,778701
43438581,4,778701
43439793,4,778701
43441006,4,778701
43442218,3,778701
43443431,3,778701
43444643,5,778701
43445855,5,778701
43447067,3,778701
43448280,3,784508
43449491,4,784508
43450704,5,784508
43451916,4,784508
43453129,5,784508
43454342,3,784508
43455554,6,784508
43456766,5,784508
43457978,5,784508
43459190,5,780808
43460402,4,780808
43461614,3,780808
43462826,2,780808
43464038,6,780808
43471312,4,780808
43472524,4,780808
43473737,6,780808
43474949,9,780808
43476161,7,780808
43477373,7,780808
43478585,7,780808
43479798,5,783326
43481010,4,783213
43482222,5,780397
43483435,3,780397
43484647,3,780397
43485860,2,780397
43487072,5,780397
43488284,4,780397
43489495,2,780397
43490708,4,780397
43491920,3,780397
43493133,3,780397
43494345,6,780397
43495557,5,780397
43496769,5,780397
43497982,6,780397
43499193,7,780397
43500406,6,780397
43501618,10,782504
43502830,1,782504
43504044,5,782504
43505256,7,782504
43506468,5,782504
43507679,6,782504
43508892,7,782504
43510104,6,782504
43511316,5,782504
43512528,6,782504
43513740,7,775977
43514952,2,775977
43516165,5,775977
43517377,5,775977
43518589,6,775977
43519802,4,775977
43521014,6,775977
43522226,5,775977
43523438,6,775977
43524651,6,780448
43525863,6,780448
43527074,7,780448
43528287,5,780448
43529499,5,780448
43530711,5,780448
43531923,5,780448
43533135,4,780448
43534348,6,780448
43535560,6,776748
43536772,4,776748
43537985,10,776748
43539197,4,776748
43540409,6,776748
43541621,6,776748
43542834,8,776748
43544045,11,776748
43545258,4,776748
43546471,5,781322
43547682,7,781322
43556168,6,781322
43557380,5,781168
43558593,3,781168
43559805,6,781168
43561017,7,781168
43562229,7,781168
43563441,9,781168
43564654,6,781168
43565866,6,781168
43567078,7,781168
43568291,8,782196
43569503,2,782196
43570715,6,782196
43571927,3,782196
43573140,6,782196
43574353,6,782196
43575564,5,782196
43576777,5,782196
43577989,5,782196
43579201,8,780757
43580413,0,780757
43581626,4,780757
43582838,5,780757
43584050,8,780757
43585262,8,780757
43586475,9,780757
43587687,6,780757
43588900,8,780757
43590112,7,781219
43591324,3,781219
43592536,3,781219
43593749,8,781219
43594960,8,781219
43596173,6,781219
43597385,4,781219
43598597,6,781219
43599810,3,781219
43601022,6,782761
43602235,5,779934
43603447,6,779934
43604659,5,779934
43605871,4,779934
43607083,1,779934
43608296,3,779934
43609508,4,779934
43610720,2,779934
43611933,4,779934
43613145,3,786924
43614357,4,786924
43615570,6,786924
43616781,4,786924
43617994,5,786924
43619206,4,786924
43620418,6,786924
43621631,4,786924
43622843,5,786924
43624056,8,842798
43625267,4,777262
43626480,3,777262
43627693,5,777262
43628905,5,777262
43630117,4,777262
43631329,5,777262
43632542,6,777262
43641028,7,777262
43642241,4,777262
43643452,9,777262
43644665,9,780294
43645877,4,778084
43647089,4,778084
43648301,4,778084
43649514,4,778084
43650726,4,778084
43651938,5,778084
43653150,2,778084
43654363,4,778084
43655575,5,778084
43656787,5,777991
43658000,6,780551
43659212,4,780551
43660425,4,780551
43661636,3,780551
43662849,3,780551
43664061,3,780551
43665273,4,780551
43666486,2,780551
43667698,2,780662
43668911,2,782710
43670123,3,782710
43671335,3,782710
43672548,6,782710
43673760,5,782710
43674973,4,782710
43676184,4,782710
43677397,2,782710
43678610,4,782710
43679821,6,782710
43681034,7,782710
43682246,7,782710
43683459,7,782710
43684671,6,782710
43685883,6,782710
43687095,9,782710
43688308,8,784920
43689520,4,784920
43690733,4,784920
43691944,5,784920
43693157,6,784920
43694369,7,784920
43695582,6,784920
43696794,4,784920
43698006,5,784920
43699218,5,784920
43700431,6,781939
43701643,5,781939
43702855,7,781939
43704068,4,781939
43705281,5,781939
43706492,3,781939
43707704,6,781939
43708917,7,781939
43710129,5,781939
43711342,9,784611
43712554,6,784611
43713766,5,784611
43714978,8,784611
43716191,5,784611
43717403,3,784611
43724677,6,784611
43725890,7,784611
43727102,4,784611
43728314,7,784611
43729527,7,784611
43730739,6,784611
43731951,9,784611
43733163,4,781117
43734375,4,781117
43735587,6,781117
43736800,5,781117
43738012,5,781117
43739224,6,781117
43740436,7,781117
43741650,6,781117
43742861,4,781117
43744074,5,779215
43745286,3,779215
43746499,8,779215
43747711,8,779215
43748924,8,779215
43750135,6,779215
43751347,5,779215
43752560,7,779215
43753773,4,779215
43754985,5,782145
43756197,4,782145
43757409,6,782145
43758621,6,782145
43759834,6,782145
43761046,7,782145
43762258,6,782145
43763471,6,782145
43764683,8,782145
43765896,4,781476
43767108,2,781476
43768321,6,781476
43769532,8,781476
43770745,8,781476
43771958,5,781476
43773170,7,781476
43774382,5,781476
43775594,3,781476
43776806,4,777262
43778018,3,777262
43779231,8,777262
43780444,10,777262
43781656,5,777262
43782868,5,777262
43784081,7,777262
43785293,4,777262
43786505,5,777262
43787717,7,785588
43788929,4,780192
43790142,2,780192
43791353,4,780192
43792566,4,780192
43793778,3,780192
43794990,6,780192
43796203,5,780192
43797415,5,780192
43798627,4,780192
43799839,4,784920
43801052,9,784920
43808325,1,784920
43809537,5,784920
43810749,19,781425
43811962,5,781425
43813174,4,781425
43814386,5,781425
43815598,5,781425
43816811,6,781425
43818023,4,781425
43819235,5,781425
43820448,6,781425
43821660,5,778855
43822872,3,778855
43824085,4,778855
43825297,5,778855
43826510,2,778855
43827721,3,778855
43828934,3,778855
43830147,2,778855
43831358,4,778855
43832571,4,778871
43833783,4,783223
43834996,3,783223
43836208,4,783223
43837420,4,783223
43838632,4,783223
43839845,3,783223
43841057,5,783223
43842269,2,783223
43843481,3,783144
43844693,3,789288
43845906,5,789288
43847118,5,789288
43848330,4,789288
43849542,4,789288
43850754,7,789288
43851966,4,789288
43853178,3,789288
43854391,4,789406
43855603,2,789406
43856815,7,789406
43858027,5,789406
43859240,6,789406
43860452,7,789406
43861664,7,789406
43862877,5,789406
43864088,6,779678
43865301,4,779678
43866513,3,779678
43867726,5,779678
43868937,6,779678
43870150,8,779678
43871362,9,779678
43872574,8,779678
43873787,6,779678
43874999,8,779678
43876211,6,781065
43877424,3,781065
43878635,3,781065
43879848,6,781065
43881061,6,781065
43882273,7,781065
43883485,4,781065
43884697,10,781065
43893184,4,781065
43894396,9,781065
43895607,10,781065
43896820,6,781065
43898033,5,776543
43899245,4,776543
43900457,7,776543
43901669,6,776543
43902881,7,776543
43904094,5,776543
43905306,7,776543
43906518,3,776543
43907731,6,776543
43908944,4,787900
43910155,4,787900
43911368,8,787900
43912580,7,787900
43913792,6,787900
43915005,6,787900
43916216,6,787900
43917429,6,787900
43918641,8,787900
43919853,3,779678
43921066,0,779678
43922278,5,779678
43923490,4,779678
43924703,6,779678
43925915,5,779678
43927127,3,779678
43928340,6,779678
43929552,5,779678
43930765,4,783635
43931977,3,783635
43933189,5,783635
43934402,6,783635
43935614,7,783635
43936826,7,783635
43938038,7,783635
43939251,10,783635
43940463,6,783635
43941675,5,780037
43942887,2,780037
43944100,5,780037
43945313,5,780037
43946524,4,780037
43947737,7,780037
43948949,7,780037
43950161,6,780037
43951373,5,780037
43952586,6,782658
43953798,5,782658
43955010,7,782658
43956222,5,782658
43957435,7,782658
43958648,6,782658
43959859,9,782658
43961071,6,782658
43962284,6,782658
43963496,6,775926
43964709,2,784046
43965921,5,784046
43967133,3,784046
43968345,3,784046
43969558,4,784046
43978044,7,784046
43979256,5,784046
43980468,5,784046
43981680,7,784046
43982893,9,784046
43984105,3,784046
43985317,4,775977
43986529,3,781219
43987742,5,781219
43988954,3,781219
43990166,4,781219
43991378,4,781219
43992590,3,781219
43993803,4,781219
43995016,5,781219
43996227,3,781219
43997440,5,782299
43998652,3,782299
43999864,3,782299
44001077,4,782299
44002289,4,782299
44003501,3,782299
44004713,3,782299
44005926,4,782299
44007138,3,782299
44008350,3,781528
44009563,5,781528
44010775,5,781528
44011988,4,781528
44013200,5,781528
44014412,3,781528
44015625,4,781528
44016837,3,781528
44018049,5,781528
44019261,4,781509
44020473,4,776389
44021686,3,776389
44022898,1,776389
44024110,3,776389
44025322,4,776389
44026535,5,776389
44027747,6,776389
44028959,3,776389
44030171,4,776291
44031384,2,777571
44032597,4,777571
44033809,-1,777571
44035021,3,777571
44036233,2,777571
44037445,6,777571
44038658,5,777571
44039870,4,777571
44041082,4,777571
44042294,4,777571
44043507,6,777571
44044720,5,777571
44045932,8,777571
44047143,7,777571
44048356,6,777571
44049568,7,777571
44050781,5,782247
44051993,4,782247
44053206,2,782247
44054417,5,782247
44061691,13,782247
44062903,7,776748
44064116,4,776748
44065328,6,776748
44066540,7,776748
44067753,9,776748
44068965,8,776748
44070177,5,776748
44071389,6,776748
44072602,10,776748
44073814,3,784303
44075026,4,784303
44076238,7,784303
44077450,9,784303
44078663,5,784303
44079875,6,784303
44081088,8,784303
44082300,8,784303
44083512,7,784303
44084725,6,779061
44085936,4,779061
44087149,7,779061
44088361,5,779061
44089573,9,779061
44090786,3,779061
44091998,7,779061
44093210,7,779061
44094423,6,779061
44095636,7,781939
44096847,4,781939
44098059,9,781939
44099272,5,781939
44100485,2,781939
44101697,6,781939
44102909,7,781939
44104121,9,781939
44105334,7,781939
44106546,7,778239
44107758,3,778239
44108970,6,778239
44110182,8,778239
44111394,6,778239
44112607,8,778239
44113820,4,778239
44115031,4,778239
44116244,4,778239
44117456,7,781887
44118668,4,781887
44119881,7,781887
44121093,6,781887
44122305,7,781887
44123517,7,781887
44124730,2,781887
44125942,8,781887
44127154,7,781887
44128366,10,779369
44129579,1,779369
44130792,3,779369
44132003,6,779369
44133216,7,779369
44134428,7,779369
44135641,6,779369
44136852,7,779369
44138065,6,779369
44145338,1,779369
44146550,4,779369
44147763,8,779369
44148975,5,779369
44150187,8,781373
44151399,3,779934
44152612,3,779934
44153824,3,779934
44155037,4,779934
44156248,9,779934
44157461,4,779934
44158673,2,779934
44159885,5,779934
44161098,6,779934
44162310,5,779318
44163523,3,779318
44164734,4,779318
44165946,3,779318
44167159,5,779318
44168371,4,779318
44169584,3,779318
44170796,4,779318
44172008,4,779318
44173220,3,779318
44174432,5,779318
44175644,4,779318
44176857,5,779318
44178069,4,779318
44179282,5,779318
44180493,4,779318
44181706,4,779318
44182919,5,779318
44184130,3,781476
44185342,1,781476
44186555,5,781476
44187767,4,781476
44188980,5,781476
44190191,4,781476
44191404,5,781476
44192616,2,781476
44193828,4,781476
44195041,5,775618
44196253,7,775618
44197465,4,775618
44198678,4,775618
44199890,4,775618
44201102,1,775618
44202314,3,775618
44203527,2,775618
44204739,5,775618
44205951,5,775531
44207164,3,779883
44208376,4,779883
44209588,6,779883
44210801,6,779883
44212013,6,779883
44213226,5,779883
44214438,4,779883
44215650,3,779883
44216863,3,779815
44218075,3,775207
44219287,2,775207
44220499,5,775207
44221712,4,775207
44230198,7,775207
44231411,4,775207
44232622,8,775207
44233835,10,775207
44235047,9,775207
44236260,7,775207
44237471,8,780346
44238684,6,780346
44239896,3,780346
44241109,7,780346
44242321,6,780346
44243533,5,780346
44244746,9,780346
44245958,7,780346
44247170,7,780346
44248382,6,780346
44249595,6,778239
44250808,3,778239
44252019,6,778239
44253232,4,778239
44254444,10,778239
44255656,9,778239
44256869,6,778239
44258081,5,778239
44259293,7,778239
44260505,8,781785
44261718,6,781785
44262930,6,781785
44264142,7,781785
44265354,6,781785
44266567,5,781785
44267779,6,781785
44268991,6,781785
44270204,5,781785
44271417,8,777622
44272628,2,777622
44273840,7,777622
44275052,8,777622
44276265,6,777622
44277478,5,777622
44278689,6,777622
44279902,8,777622
44281114,6,777622
44282326,4,780808
44283539,4,780808
44284751,12,780808
44285964,6,780808
44287176,7,780808
44288387,8,780808
44289600,5,780808
44290812,7,780808
44292025,8,780808
44293237,7,778598
44294449,6,778598
44295661,6,778598
44296873,8,778598
44298086,7,778598
44299298,7,778598
44300511,6,778598
44301723,6,778598
44302936,5,778598
44304147,7,779780
44305359,6,779780
44306571,4,779780
44313845,5,779780
44315057,8,777416
44316269,3,777416
44317481,6,777416
44318694,8,777416
44319907,7,777416
44321118,4,777416
44322330,3,777416
44323543,4,777416
44324756,6,777416
44325967,7,775875
44327180,2,775875
44328393,5,775875
44329605,5,775875
44330817,4,775875
44332029,6,775875
44333241,7,775875
44334454,8,775875
44335666,8,775875
44336878,7,783481
44338090,4,777211
44339303,6,777211
44340515,4,777211
44341727,5,777211
44342940,2,777211
44344152,2,777211
44345364,3,777211
44346577,4,777211
44347789,3,777211
44349002,4,778496
44350214,4,778496
44351426,4,778496
44352638,6,778496
44353850,3,778496
44355063,5,778496
44356275,6,778496
44357488,2,778496
44358700,2,778496
44359912,4,776132
44361124,4,776132
44362336,4,776132
44363549,7,776132
44364761,3,776132
44365973,3,776132
44367186,4,776132
44368398,3,776132
44369610,4,776132
44370823,1,781733
44372034,3,781733
44373247,5,781733
44374460,4,781733
44375671,4,781733
44376883,5,781733
44378096,5,781733
44379308,4,781733
44380520,3,781733
44381733,3,781597
44382945,4,772637
44384157,5,772637
44385369,4,772637
44386581,4,772637
44387794,3,772637
44389006,5,772637
44390218,7,772637
44398703,12,772637
44399915,10,772637
44401128,4,772637
44402340,4,780860
44403553,5,780931
44404764,4,780931
44405977,7,780931
44407189,6,780931
44408401,7,780931
44409613,6,780931
44410825,3,780931
44412038,6,780931
44413250,8,772483
44414462,3,772483
44415674,3,772483
44416886,5,772483
44418098,5,772483
44419311,7,772483
44420523,8,772483
44421736,7,772483
44422947,8,772483
44424159,5,772483
44425372,7,776851
44426584,3,776851
44427796,6,776851
44429009,6,776851
44430221,6,776851
44431432,6,776851
44432645,9,776851
44433856,7,776851
44435069,9,776851
44436281,8,777571
44437494,2,777571
44438706,7,777571
44439917,6,777571
44441130,5,777571
44442342,6,777571
44443554,7,777571
44444766,7,777571
44445978,4,777571
44447190,7,775001
44448403,5,775001
44449615,7,775001
44450827,6,775001
44452039,5,775001
44453252,3,775001
44454464,5,775001
44455675,5,775001
44456888,8,775001
44458101,6,779369
44459312,5,779369
44460524,9,779369
44461737,7,779369
44462949,3,779369
44464161,8,779369
44465373,5,779369
44466586,7,779369
44467797,5,779369
44469010,5,777057
44470222,3,777057
44471435,9,777057
44472647,6,777057
44473858,7,777057
44475071,8,777057
44482344,1,777057
44483556,3,777057
44484768,4,777057
44485981,5,777057
44487193,6,777057
44488405,7,777057
44489617,5,777057
44490829,7,773305
44492041,5,773305
44493254,8,773305
44494466,4,773305
44495678,6,773305
44496891,4,773305
44498103,4,773305
44499315,10,773305
44500527,6,773305
44501740,7,779061
44502951,4,779061
44504164,2,779061
44505377,8,779061
44506588,8,779061
44507801,3,779061
44509013,5,779061
44510225,7,779061
44511437,6,779061
44512649,4,776954
44513861,4,777879
44515073,2,777879
44516286,2,777879
44517499,1,777879
44518710,4,777879
44519922,6,777879
44521134,4,777879
44522347,3,777879
44523559,3,777879
44524771,3,775926
44525984,4,775926
44527195,5,775926
44528407,4,775926
44529620,4,775926
44530832,5,775926
44532045,4,775926
44533257,3,775926
44534469,3,775926
44535681,3,780192
44536894,3,780192
44538106,3,780192
44539319,3,780192
44540531,6,780192
44541743,6,780192
44542956,4,780192
44544169,4,780192
44545380,3,780192
44546593,4,777828
44547805,5,777828
44549017,4,777828
44550230,4,777828
44551443,7,777828
44552655,5,777828
44553867,3,777828
44555079,2,777828
44556292,4,777828
44557505,3,777365
44558717,8,777365
44567204,15,777365
44568416,5,777358
44569629,4,775566
44570840,4,775566
44572053,5,775566
44573265,4,775566
44574478,3,775566
44575690,1,775566
44576902,4,775566
44578115,5,775566
44579327,3,775519
44580540,4,776543
44581752,8,776543
44582965,2,776543
44584177,5,776543
44585389,4,776543
44586602,5,776543
44587814,3,776543
44589026,3,776543
44590239,2,776543
44591452,6,776543
44592664,8,776543
44593877,7,776543
44595089,3,776543
44596301,7,776543
44597515,6,776543
44598727,8,776543
44599939,7,774950
44601151,5,774950
44602364,5,774950
44603576,7,774950
44604789,4,774950
44606001,8,774950
44607214,6,774950
44608426,6,774950
44609638,5,774950
44610851,3,774950
44612063,8,771249
44613276,5,771249
44614488,6,771249
44615700,6,771249
44616914,4,771249
44618126,8,771249
44619338,7,771249
44620551,6,771249
44621763,9,771249
44622976,10,777828
44624187,5,777828
44625400,4,777828
44626613,7,777828
44627825,6,777828
44629037,10,777828
44630250,6,777828
44631462,4,777828
44632675,6,777828
44633887,7,775309
44635100,5,775309
44636312,8,775309
44637524,7,775309
44638737,5,775309
44639949,7,775309
44641162,4,775309
44642374,7,775309
44643587,4,775309
44650862,10,775309
44652074,9,775309
44653286,7,775309
44654498,6,775309
44655711,6,773511
44656924,3,773511
44658136,6,773511
44659349,5,773511
44660561,7,773511
44661773,6,773511
44662986,8,773511
44664198,7,773511
44665410,6,773511
44666623,6,779575
44667835,1,779575
44669048,6,779575
44670261,7,779575
44671473,5,779575
44672685,5,779575
44673898,7,779575
44675110,3,779575
44676322,5,779575
44677534,5,773922
44678747,7,773922
44679960,5,773922
44681172,6,773922
44682384,6,773922
44683596,6,773922
44684809,2,773922
44686021,8,773922
44687234,6,773922
44688446,9,777622
44689658,7,777622
44690871,9,777622
44692084,4,777622
44693295,8,777622
44694508,4,777622
44695720,5,777622
44696933,7,777622
44698145,4,777622
44699357,7,778701
44700570,4,773356
44701782,2,773356
44702994,2,773356
44704207,4,773356
44705420,3,773356
44706632,4,773356
44707845,4,773356
44709057,5,773356
44710269,4,773356
44711482,3,774641
44712695,4,774641
44713907,4,774641
44715119,4,774641
44716331,5,774641
44717544,3,774641
44718756,7,774641
44719969,4,774641
44721181,3,774641
44722394,5,774693
44723606,2,774693
44724818,3,774693
44726030,2,774693
44727243,6,774693
44735730,10,774693
44736943,5,774693
44738154,7,774693
44739366,8,774693
44740579,5,774693
44741791,4,774693
44743003,5,779934
44744216,6,770222
44745429,3,770222
44746641,3,770222
44747853,4,770222
44749066,6,770222
44750278,4,770222
44751491,3,770222
44752703,3,770222
44753915,2,770222
44755127,5,770199
44756340,3,777879
44757553,5,777879
44758765,4,777879
44759977,3,777879
44761189,3,777879
44762402,2,777879
44763614,3,777879
44764827,6,777879
44766040,3,777769
44767251,6,775721
44768465,3,775721
44769676,4,775721
44770889,5,775721
44772101,4,775721
44773313,5,775721
44774526,3,775721
44775738,3,775721
44776951,3,775721
44778163,5,775721
44779376,7,775721
44780588,8,775721
44781801,5,775721
44783013,7,775721
44784226,7,775721
44785438,9,775721
44786650,9,777879
44787863,4,777879
44789075,4,777879
44790288,6,777879
44791500,4,777879
44792713,7,777879
44793925,8,777879
44795138,10,777879
44796351,7,777879
44797562,6,777879
44798775,6,775618
44799987,3,775618
44801199,7,775618
44802412,7,775618
44803624,6,775618
44804837,5,775618
44806049,8,775618
44807262,9,775618
44808474,7,775618
44809687,4,780603
44810899,2,780603
44812111,5,780603
44819386,6,780603
44820598,5,776286
44821810,4,776286
44823023,7,776286
44824235,6,776286
44825447,7,776286
44826659,8,776286
44827872,4,776286
44829084,7,776286
44830297,6,776286
44831508,7,777725
44832721,2,777725
44833933,7,777725
44835145,6,777725
44836357,6,777725
44837569,5,777725
44838782,4,777725
44839994,6,777725
44841206,5,777725
44842419,8,775977
44843631,4,775977
44844843,7,775977
44846055,7,775977
44847267,8,775977
44848480,6,775977
44849691,6,775977
44850904,6,775977
44852116,5,775977
44853329,3,778239
44854541,4,778239
44855753,12,778239
44856965,7,778239
44858177,5,778239
44859389,4,778239
44860602,7,778239
44861814,3,778239
44863026,7,778239
44864238,8,777057
44865451,7,777057
44866662,6,777057
44867875,7,777057
44869088,4,777057
44870299,5,777057
44871512,5,777057
44872724,6,777057
44873936,5,777057
44875149,5,775207
44876361,5,775207
44877573,8,775207
44878785,5,775207
44879997,7,775207
44881210,10,775207
44882422,7,775207
44883635,5,775207
44884846,6,775207
44886059,8,776234
44887271,4,770119
44888483,2,770119
44889695,3,770119
44890908,3,770119
44892121,1,770119
44893333,5,770119
44894545,3,770119
44895757,5,770119
44904242,4,770119
44905455,6,770119
44906667,5,770119
44907880,7,776080
44909092,3,777776
44910304,4,777776
44911516,3,777776
44912729,4,777776
44913941,3,777776
44915153,3,777776
44916366,4,777776
44917578,3,777776
44918790,3,777776
44920002,3,772277
44921214,4,772277
44922427,5,772277
44923639,6,772277
44924852,4,772277
44926064,4,772277
44927276,6,772277
44928489,4,772277
44929702,4,772277
44930915,7,773716
44932126,5,773716
44933338,4,773716
44934551,5,773716
44935764,2,773716
44936976,4,773716
44938189,5,773716
44939401,4,773716
44940614,1,773716
44941826,4,773775
44943038,4,775823
44944251,7,775823
44945464,5,775823
44946676,2,775823
44947889,4,775823
44949101,2,775823
44950313,3,775823
44951526,3,775823
44952738,4,775821
44953951,3,775309
44955163,3,775309
44956376,4,775309
44957589,4,775309
44958802,1,775309
44960014,3,775309
44961226,4,775309
44962439,4,775309
44963652,3,775309
44964864,5,775309
44966077,6,775309
44967289,8,775309
44968501,4,775309
44969714,3,775309
44970927,3,775309
44972139,7,775309
44973352,7,779061
44974564,4,779061
44975777,4,779061
44976989,9,779061
44978202,6,779061
44979414,5,779061
44980627,7,779061
44989114,4,779061
44990328,3,779061
44991540,7,779061
44992752,10,779061
44993964,7,779061
44995177,7,779061
44996390,7,774333
44997603,3,774333
44998814,6,774333
45000027,7,774333
45001239,8,774333
45002452,7,774333
45003664,4,774333
45004877,7,774333
45006090,5,774333
45007302,8,776543
45008514,4,776543
45009727,7,776543
45010940,5,776543
45012152,8,776543
45013365,3,776543
45014577,7,776543
45015790,6,776543
45017002,6,776543
45018215,6,775618
45019427,7,775618
45020640,7,775618
45021852,9,775618
45023065,8,775618
45024277,10,775618
45025489,6,775618
45026702,5,775618
45027914,3,775618
45029128,5,775566
45030340,2,775566
45031552,6,775566
45032764,4,775566
45033977,6,775566
45035190,8,775566
45036402,7,775566
45037615,7,775566
45038827,7,775566
45040039,7,774487
45041252,7,774487
45042464,4,774487
45043677,10,774487
45044890,8,774487
45046102,6,774487
45047315,5,774487
45048528,6,774487
45049740,5,774487
45050953,7,776748
45052165,4,776748
45053377,5,776748
45054589,7,776748
45055802,4,776748
45057014,6,776748
45058228,6,776748
45059440,10,776748
45060653,8,776748
45061865,6,775207
45063078,2,775207
45064290,5,775207
45065502,3,775207
45072778,6,774950
45073990,5,776903
45075203,4,776903
45076415,3,776903
45077627,3,776903
45078840,4,776903
45080052,5,776903
45081265,4,776903
45082477,4,776903
45083689,5,776903
45084902,4,778239
45086114,2,778239
45087327,5,778239
45088540,0,778239
45089752,8,778239
45090965,4,778239
45092177,4,778239
45093389,3,778239
45094603,4,778239
45095814,6,778239
45097028,4,778239
45098239,3,778239
45099453,6,778239
45100664,2,778239
45101877,4,778239
45103090,3,778239
45104303,5,778239
45105516,3,778239
45106727,4,779472
45107940,3,779472
45109153,6,779472
45110366,4,779472
45111578,3,779472
45112790,5,779472
45114002,4,779472
45115215,6,779472
45116428,4,779472
45117640,6,779112
45118854,3,779112
45120065,5,779112
45121278,4,779112
45122491,2,779112
45123703,5,779112
45124915,3,779112
45126128,4,779112
45127340,3,779112
45128554,7,779045
45129765,4,774693
45130978,4,774693
45132190,4,774693
45133402,2,774693
45134616,3,774693
45135827,5,774693
45137040,3,774693
45138252,4,774693
45139465,5,774803
45140678,3,776851
45141890,3,776851
45143102,2,776851
45144315,4,776851
45145527,3,776851
45146739,5,776851
45147952,3,776851
45149164,7,776851
45157652,1,776851
45158864,5,776851
45160076,6,779575
45161289,4,779575
45162502,2,779575
45163714,5,779575
45164926,5,779575
45166139,5,779575
45167352,8,779575
45168564,9,779575
45169777,4,779575
45170988,5,779575
45172201,4,774898
45173413,5,774898
45174626,6,774898
45175838,7,774898
45177051,7,774898
45178264,8,774898
45179476,5,774898
45180688,7,774898
45181901,7,774898
45183113,5,775412
45184326,2,775412
45185538,3,775412
45186751,10,775412
45187963,7,775412
45189175,5,775412
45190388,6,775412
45191600,4,775412
45192813,5,775412
45194025,6,777725
45195238,4,777725
45196451,8,777725
45197662,4,777725
45198876,5,777725
45200088,8,777725
45201301,5,777725
45202512,6,777725
45203726,6,777725
45204937,6,776491
45206150,6,776491
45207362,7,776491
45208575,10,776491
45209788,6,776491
45210999,6,776491
45212212,8,776491
45213425,5,776491
45214637,5,776491
45215849,6,777057
45217062,4,777057
45218274,8,777057
45219487,5,777057
45220699,7,777057
45221911,6,777057
45223124,4,777057
45224337,4,777057
45225549,9,777057
45226762,5,776389
45227974,3,776389
45229186,3,776389
45230400,6,776389
45231612,7,776389
45232824,2,776389
45234036,7,776389
45241311,1,776389
45242524,4,776389
45243736,7,776389
45244949,7,776389
45246161,8,776389
45247374,7,776389
45248586,6,776491
45249799,5,776491
45251011,5,776491
45252223,2,776491
45253436,5,776491
45254648,5,776491
45255861,6,776491
45257073,6,776491
45258286,9,776491
45259498,7,772586
45260710,4,776029
45261923,5,776029
45263136,2,776029
45264349,5,776029
45265561,2,776029
45266773,5,776029
45267985,4,776029
45269198,6,776029
45270410,5,776029
45271623,4,779575
45272835,3,779575
45274048,5,779575
45275260,3,779575
45276472,2,779575
45277686,3,779575
45278897,4,779575
45280110,3,779575
45281322,2,779575
45282535,2,779575
45283747,8,779575
45284960,4,779575
45286172,4,779575
45287384,3,779575
45288597,5,779575
45289809,-1,779575
45291022,3,779575
45292234,3,779575
45293447,6,777982
45294659,3,777982
45295872,3,777982
45297085,3,777982
45298297,2,777982
45299509,5,777982
45300722,5,777982
45301934,1,777982
45303147,2,777982
45304360,4,771866
45305572,5,771866
45306785,4,771866
45307997,5,771866
45309209,7,771866
45310422,2,771866
45311634,4,771866
45312847,0,771866
45314060,6,771866
45315272,6,772035
45316485,2,775875
45317697,7,775875
45326185,13,775724
45327397,3,776748
45328610,3,776748
45329822,4,776748
45331035,5,776748
45332247,7,776748
45333460,3,776748
45334673,3,776748
45335885,3,776748
45337097,5,776748
45338310,4,776748
45339522,6,776748
45340735,8,776748
45341948,4,776748
45343161,5,776748
45344373,6,776748
45345585,7,776748
45346798,3,771969
45348010,4,771969
45349223,1,771969
45350435,7,771969
45351648,9,771969
45352861,8,771969
45354073,6,771969
45355285,10,771969
45356497,6,771969
45357710,6,771969
45358922,5,777519
45360135,4,777519
45361347,8,777519
45362560,7,777519
45363773,4,777519
45364985,6,777519
45366198,4,777519
45367411,6,777519
45368622,6,777519
45369835,5,776594
45371047,5,776594
45372260,6,776594
45373472,5,776594
45374685,8,776594
45375897,7,776594
45377110,6,776594
45378323,8,776594
45379534,6,776594
45380747,9,775977
45381960,5,775977
45383172,12,775977
45384385,6,775977
45385597,8,775977
45386809,5,775977
45388022,5,775977
45389234,10,775977
45390447,9,775977
45391659,5,773100
45392872,3,773100
45394084,6,773100
45395297,10,773100
45396508,7,773100
45397721,6,773100
45398934,6,773100
45400146,7,773100
45401358,6,773100
45402571,5,773100
45409846,5,773100
45411059,8,773100
45412271,6,773100
45413484,4,774179
45414697,3,774179
45415909,6,774179
45417121,7,774179
45418334,5,774179
45419547,5,774179
45420759,7,774179
45421972,8,774179
45423184,7,774179
45424396,5,774024
45425608,4,774024
45426821,7,774024
45428033,5,774024
45429246,8,774024
45430459,5,774024
45431670,8,774024
45432883,7,774024
45434095,6,774024
45435308,6,773922
45436521,4,773922
45437733,8,773922
45438945,7,773922
45440158,6,773922
45441370,7,773922
45442583,5,773922
45443795,6,773922
45445008,10,773922
45446221,9,778650
45447433,4,775207
45448645,3,775207
45449859,6,775207
45451070,4,775207
45452283,2,775207
45453495,5,775207
45454708,4,775207
45455921,2,775207
45457133,3,775207
45458346,3,776903
45459558,3,776903
45460771,4,776903
45461983,5,776903
45463195,5,776903
45464408,2,776903
45465620,4,776903
45466832,5,776903
45468045,3,776903
45469257,4,776697
45470470,2,776697
45471682,3,776697
45472895,5,776697
45474107,3,776697
45475320,2,776697
45476532,4,776697
45477745,3,776697
45478957,3,776697
45480169,3,773202
45481382,4,773202
45482594,5,773202
45483807,3,773202
45485020,0,773202
45486232,3,773202
45494719,10,773202
45495931,9,773202
45497144,7,773202
45498355,6,773202
45499568,3,773202
45500780,6,777468
45501993,3,777458
45503206,4,774898
45504418,3,774898
45505630,3,774898
45506842,3,774898
45508056,6,774898
45509267,2,774898
45510480,3,774898
45511693,4,774898
45512905,5,774798
45514117,5,775566
45515329,5,775566
45516542,4,775566
45517754,6,775566
45518966,4,775566
45520180,4,775566
45521391,5,775566
45522604,3,775566
45523816,0,775566
45525029,4,775566
45526241,9,775566
45527455,8,775566
45528666,5,775566
45529879,9,775566
45531092,4,775566
45532304,7,775566
45533516,8,776286
45534729,4,776286
45535942,5,776286
45537154,6,776286
45538366,7,776286
45539579,8,776286
45540791,6,776286
45542004,6,776286
45543217,6,776286
45544429,7,776286
45545641,7,773202
45546854,4,773202
45548066,9,773202
45549279,4,773202
45550492,6,773202
45551704,7,773202
45552916,6,773202
45554129,6,773202
45555342,6,773202
45556554,6,773665
45557766,5,773665
45558979,4,773665
45560192,8,773665
45561405,5,773665
45562616,5,773665
45563829,3,773665
45565041,5,773665
45566254,7,773665
45567467,5,774230
45568679,4,774230
45569891,11,774230
45571104,8,772174
45578383,6,772238
45579592,0,775566
45580805,8,775566
45582017,4,775566
45583230,6,775566
45584442,5,775566
45585654,5,775566
45586867,4,775566
45588079,3,775566
45589292,4,775566
45590504,4,775566
45591717,7,775566
45592929,9,775566
45594141,3,775566
45595354,7,775566
45596566,8,775566
45597780,6,775566
45598991,7,775566
45600204,6,774179
45601416,1,774179
45602629,7,774179
45603842,7,774179
45605055,7,774179
45606266,10,774179
45607479,5,774179
45608691,6,774179
45609904,7,774179
45611117,6,773356
45612329,4,773356
45613541,6,773356
45614754,10,773356
45615966,5,773356
45617179,5,773356
45618392,3,773356
45619604,9,773356
45620817,5,773356
45622029,6,777211
45623242,6,777211
45624454,7,777211
45625667,7,777211
45626880,6,777211
45628093,7,777211
45629305,7,777211
45630517,8,777211
45631729,5,777211
45632942,4,776491
45634154,4,770735
45635368,2,770735
45636580,2,770735
45637792,5,770735
45639005,4,770735
45640217,2,770735
45641430,5,770735
45642642,4,770735
45643855,4,770735
45645067,5,772123
45646279,3,772123
45647492,4,772123
45648704,6,772123
45649916,4,772123
45651129,2,772123
45652341,3,772123
45653554,6,772123
45654767,4,772123
45663254,9,772123
45664466,5,772123
45665679,7,776132
45666891,5,774795
45668104,1,774795
45669316,5,774795
45670529,5,774795
45671741,3,774795
45672954,3,774795
45674166,3,774795
45675379,6,774795
45676591,4,774795
45677804,4,776440
45679016,3,776440
45680228,5,776440
45681441,5,776440
45682654,3,776440
45683867,3,776440
45685079,3,776440
45686291,3,776440
45687503,3,776440
45688716,4,776230
45689929,3,774950
45691141,4,774950
45692353,5,774950
45693567,4,774950
45694778,4,774950
45695992,4,774950
45697203,5,774950
45698416,4,774950
45699629,4,775006
45700842,4,776286
45702053,6,776286
45703266,5,776286
45704478,4,776286
45705691,4,776286
45706903,3,776286
45708116,4,776286
45709329,5,776286
45710541,4,776286
45711753,8,776286
45712966,8,776286
45714178,7,776286
45715391,5,776286
45716603,9,776286
45717816,6,776286
45719029,6,776286
45720241,8,779832
45721453,6,779832
45722665,4,779832
45723879,3,779832
45725091,6,779832
45726303,6,779832
45727516,8,779832
45728728,4,779832
45729941,4,779832
45731153,5,779832
45732365,8,776029
45733578,6,776029
45734790,4,776029
45736003,8,776029
45737215,9,776029
45738428,5,776029
45739640,8,776029
45748128,8,776029
45749341,11,776029
45750553,7,776029
45751765,7,776029
45752978,4,776029
45754190,3,776440
45755402,4,776440
45756616,11,776440
45757828,6,776440
45759041,7,776440
45760253,6,776440
45761466,7,776440
45762679,5,776440
45763891,6,776440
45765104,5,775926
45766315,3,775926
45767528,4,775926
45768740,6,775926
45769953,7,775926
45771165,5,775926
45772378,7,775926
45773590,5,775926
45774803,7,775926
45776015,8,773048
45777227,5,773048
45778440,5,773048
45779653,4,773048
45780865,7,773048
45782078,6,773048
45783290,5,773048
45784503,5,773048
45785715,6,773048
45786928,7,775669
45788139,4,775669
45789352,10,775669
45790565,5,775669
45791777,6,775669
45792989,6,775669
45794202,4,775669
45795415,5,775669
45796627,6,775669
45797839,9,770222
45799052,6,770222
45800264,8,770222
45801476,7,770222
45802688,8,770222
45803902,5,770222
45805114,4,770222
45806326,11,770222
45807539,6,770222
45808751,11,777930
45809963,5,777930
45811176,6,777930
45812388,5,777930
45813601,7,777930
45814813,6,777930
45816027,4,777930
45817238,5,777930
45818451,9,777930
45819663,6,774538
45820876,4,772740
45822089,2,772740
45823301,4,772740
45824513,3,772740
45833001,8,772740
45834213,6,772740
45835425,6,772740
45836637,5,772740
45837850,7,772740
45839062,4,772740
45840275,8,772740
45841487,5,777725
45842701,4,771609
45843914,4,771609
45845125,3,771609
45846337,3,771609
45847550,6,771609
45848762,4,771609
45849974,6,771609
45851187,2,771609
45852399,4,771609
45853612,3,781990
45854824,5,781990
45856037,6,781990
45857249,6,781990
45858462,2,781990
45859674,4,781990
45860886,3,781990
45862099,4,781990
45863311,4,781990
45864524,3,773305
45865736,6,773305
45866949,4,773305
45868160,6,773305
45869374,5,773305
45870585,3,773305
45871798,1,773305
45873010,3,773305
45874223,3,773305
45875435,4,773353
45876647,2,772329
45877860,3,772329
45879073,2,772329
45880285,4,772329
45881497,5,772329
45882710,4,772329
45883922,3,772329
45885135,1,772329
45886347,3,772330
45887560,4,772586
45888772,2,772586
45889985,3,772586
45891197,1,772586
45892410,4,772586
45893622,3,772586
45894834,2,772586
45896047,7,772586
45897259,3,772586
45898472,3,772586
45899685,6,772586
45900897,6,772586
45902109,4,772586
45903322,7,772586
45904535,6,772586
45905747,14,772586
45906960,8,772586
45908172,3,772586
45909384,4,772586
45917871,6,772586
45919084,7,777108
45920295,3,777108
45921508,4,777108
45922721,7,777108
45923933,9,777108
45925145,8,777108
45926358,8,777108
45927571,8,777108
45928783,5,777108
45929996,5,774898
45931208,2,774898
45932420,5,774898
45933632,6,774898
45934845,6,774898
45936057,7,774898
45937270,8,774898
45938482,4,774898
45939695,7,774898
45940907,6,776183
45942120,4,776183
45943331,8,776183
45944544,5,776183
45945757,8,776183
45946969,5,776183
45948181,8,776183
45949393,7,776183
45950606,5,776183
45951818,5,778290
45953030,3,778290
45954243,3,778290
45955455,8,778290
45956668,8,778290
45957881,9,778290
45959093,7,778290
45960305,6,778290
45961517,4,778290
45962730,8,772740
45963942,4,772740
45965155,7,772740
45966368,5,772740
45967580,6,772740
45968792,3,772740
45970005,6,772740
45971217,4,772740
45972430,7,772740
45973642,3,773614
45974854,4,773614
45976066,5,773614
45977279,8,773614
45978491,7,773614
45979704,7,773614
45980916,4,773614
45982129,5,773614
45983341,7,773614
45984553,8,772791
45985766,5,772791
45986978,6,772791
45988192,5,772791
45989404,5,772791
45990616,6,772791
45991828,4,772791
45993041,6,772791
45994253,3,772791
46001527,10,772791
46002740,9,772791
46003953,5,772791
46005165,8,772791
46006377,9,775412
46007590,4,772791
46008803,3,772791
46010014,4,772791
46011227,3,772791
46012439,5,772791
46013652,5,772791
46014864,4,772791
46016077,2,772791
46017289,4,772791
46018501,4,772688
46019714,5,772688
46020926,4,772688
46022139,4,772688
46023352,5,772688
46024564,5,772688
46025776,5,772688
46026989,3,772688
46028201,4,772688
46029413,5,770684
46030626,3,770684
46031838,4,770684
46033051,7,770684
46034262,4,770684
46035475,4,770684
46036688,3,770684
46037900,2,770684
46039112,4,770684
46040324,5,776286
46041537,5,776286
46042749,7,776286
46043962,6,776286
46045174,6,776286
46046387,4,776286
46047599,2,776286
46048811,4,776286
46050024,3,776286
46051236,2,769965
46052449,6,769965
46053661,4,769965
46054874,3,769965
46056086,4,769965
46057298,5,769965
46058510,3,769965
46059723,4,769965
46060935,4,769965
46062149,2,769837
46063361,5,777005
46064573,3,777005
46065785,3,777005
46066997,3,777005
46068210,6,777005
46069422,4,777005
46070635,4,777005
46071848,4,777005
46073060,5,777096
46074272,4,774024
46075485,2,774024
46076697,4,774024
46077910,6,774024
46085191,9,774024
46086397,4,774024
46087609,4,774024
46088821,5,774024
46090034,9,774024
46091246,6,774024
46092459,7,774024
46093671,9,773716
46094883,5,773716
46096096,0,773716
46097309,7,773716
46098521,6,773716
46099733,9,773716
46100946,6,773716
46102158,5,773716
46103370,3,773716
46104583,7,773716
46105795,7,770684
46107007,3,770684
46108220,4,770684
46109432,5,770684
46110645,7,770684
46111858,7,770684
46113069,8,770684
46114282,6,770684
46115494,5,770684
46116707,5,774487
46117920,4,774487
46119131,7,774487
46120344,7,774487
46121556,8,774487
46122769,6,774487
46123981,8,774487
46125193,6,774487
46126405,9,774487
46127618,5,777879
46128830,4,777879
46130043,9,777879
46131256,7,777879
46132468,4,777879
46133681,6,777879
46134893,6,777879
46136106,5,777879
46137317,7,777879
46138529,6,771866
46139742,3,771866
46140954,8,771866
46142166,5,771866
46143380,7,771866
46144592,7,771866
46145803,5,771866
46147015,6,771866
46148228,5,771866
46149440,9,773356
46150652,3,773356
46151865,7,773356
46153077,7,773356
46154289,7,773356
46155501,5,773356
46156714,4,773356
46157926,7,773356
46159138,4,773356
46160350,5,773459
46161563,5,773459
46170049,9,773459
46171262,6,773716
46172474,4,773716
46173686,4,773716
46174899,7,773716
46176111,5,773716
46177323,6,773716
46178536,8,773716
46179748,11,773716
46180960,5,773716
46182172,7,771404
46183385,5,771404
46184597,6,771404
46185810,4,771404
46187022,6,771404
46188234,7,771404
46189447,7,771404
46190659,7,771404
46191872,10,771404
46193083,7,776029
46194296,4,774795
46195508,4,774795
46196720,4,774795
46197933,3,774795
46199145,3,774795
46200358,5,774795
46201570,4,774795
46202782,3,774795
46203994,4,774795
46205207,4,776286
46206419,3,776286
46207632,3,776286
46208844,3,776286
46210057,7,776286
46211268,3,776286
46212480,3,776286
46213694,3,776286
46214905,1,776286
46216118,5,776286
46217330,6,776286
46218542,5,776286
46219755,6,776286
46220968,5,776286
46222179,5,776286
46223391,1,776286
46224604,6,776286
46225816,5,776286
46227029,4,771866
46228241,5,771866
46229453,5,771866
46230666,3,771866
46231878,2,771866
46233090,5,771866
46234303,2,771866
46235515,1,771866
46236727,5,771866
46237939,4,771506
46239152,8,771506
46240365,3,771506
46241577,3,771506
46242789,3,771506
46244001,3,771506
46245214,4,771506
46246426,3,771506
46254911,2,771506
46256124,6,771506
46257336,7,771506
46258549,6,773511
46259761,5,773557
46260974,2,772277
46262186,2,772277
46263398,4,772277
46264610,4,772277
46265823,0,772277
46267035,3,772277
46268248,6,772277
46269460,4,772277
46270673,4,772277
46271885,6,772277
46273097,6,772277
46274309,6,772277
46275521,6,772277
46276734,7,772277
46277946,7,772277
46279158,8,772277
46280371,5,774127
46281583,2,774127
46282795,5,774127
46284007,4,774127
46285219,5,774127
46286432,7,774127
46287644,8,774127
46288856,7,774127
46290069,5,774127
46291281,6,774127
46292493,5,771815
46293705,5,771815
46294917,7,771815
46296130,6,771815
46297342,5,771815
46298555,7,771815
46299767,7,771815
46300979,8,771815
46302191,3,771815
46303403,2,772534
46304616,4,772534
46305828,6,772534
46307041,3,772534
46308253,6,772534
46309465,8,772534
46310677,7,772534
46311890,6,772534
46313102,8,772534
46314314,7,774487
46315526,5,774487
46316739,7,774487
46317950,8,774487
46319163,5,774487
46320376,8,774487
46321588,7,774487
46322800,7,774487
46324012,6,774487
46325225,8,775515
46326437,3,775515
46327649,4,775515
46328862,6,775515
46330075,7,775515
46331286,4,775515
46338560,8,775515
46339773,8,775515
46340985,8,775515
46342197,7,775515
46343410,7,775515
46344623,7,775515
46345834,7,775515
46347046,6,774693
46348259,6,774693
46349472,9,774693
46350683,7,774693
46351896,6,774693
46353108,6,774693
46354321,4,774693
46355532,7,774693
46356745,10,774693
46357957,8,776594
46359169,4,776594
46360382,6,776594
46361595,6,776594
46362806,5,776594
46364018,7,776594
46365231,7,776594
46366443,8,776594
46367656,7,776594
46368867,4,774282
46370080,2,774282
46371292,7,774282
46372504,6,774282
46373717,9,774282
46374929,5,774282
46376141,6,774282
46377354,7,774282
46378566,4,774282
46379778,6,774230
46380990,4,772020
46382203,1,772020
46383415,3,772020
46384627,5,772020
46385839,4,772020
46387052,7,772020
46388264,4,772020
46389476,2,772020
46390689,-2,772020
46391901,4,772380
46393113,4,772380
46394325,2,772380
46395538,5,772380
46396750,8,772380
46397962,2,772380
46399176,4,772380
46400387,4,772380
46401600,5,772380
46402812,3,773768
46404025,3,773768
46405236,4,773768
46406450,6,773768
46407661,4,773768
46408873,5,773768
46410086,2,773768
46411298,3,773768
46412511,3,773768
46413723,6,776337
46414935,3,776337
46422209,9,776337
46423421,6,776337
46424637,14,769605
46425846,13,769605
46427058,5,769605
46428270,4,769605
46429483,4,769605
46430695,3,769605
46431907,4,769605
46433120,3,769605
46434332,4,769605
46435544,3,769633
46436757,7,777313
46437969,2,777313
46439181,4,777313
46440394,3,777313
46441606,3,777313
46442818,3,777313
46444031,-1,777313
46445243,4,777313
46446455,4,777291
46447667,3,771147
46448880,4,771147
46450093,4,771147
46451304,5,771147
46452517,3,771147
46453729,4,771147
46454941,3,771147
46456154,1,771147
46457366,5,771147
46458579,4,771147
46459791,6,771147
46461003,4,771147
46462216,4,771147
46463427,9,771147
46464640,7,771147
46465853,8,771147
46467065,7,771147
46468277,5,771455
46469490,2,771455
46470702,5,771455
46471915,5,771455
46473127,5,771455
46474339,9,771455
46475552,6,771455
46476764,5,771455
46477977,7,771455
46479189,3,774282
46480401,4,774282
46481613,7,774282
46482825,3,774282
46484038,5,774282
46485251,8,774282
46486462,10,774282
46487675,6,774282
46488888,6,774282
46490099,4,773408
46491311,-1,773408
46492524,5,773408
46493736,6,773408
46494949,6,773408
46496161,6,773408
46497373,5,773408
46498586,3,773408
46505859,8,773408
46507072,8,773408
46508284,6,773408
46509497,6,773408
46510709,6,773408
46511921,6,775875
46513134,5,775875
46514347,5,775875
46515558,5,775875
46516771,7,775875
46517983,6,775875
46519196,6,775875
46520408,6,775875
46521620,7,775875
46522832,8,778855
46524045,5,778855
46525257,6,778855
46526469,2,778855
46527681,4,778855
46528894,7,778855
46530106,6,778855
46531318,6,778855
46532531,7,778855
46533743,7,769553
46534955,5,769553
46536168,8,769553
46537380,9,769553
46538592,6,769553
46539805,4,769553
46541017,8,769553
46542229,5,769553
46543442,8,769553
46544654,8,772534
46545867,4,772534
46547078,6,772534
46548291,4,772534
46549503,6,772534
46550716,6,772534
46551927,6,772534
46553140,6,772534
46554352,8,772534
46555564,8,772791
46556776,4,776543
46557989,4,776543
46559201,5,776543
46560413,3,776543
46561626,3,776543
46562838,4,776543
46564051,4,776543
46565262,3,776543
46566474,3,776543
46567687,3,770273
46568899,6,770273
46570111,4,770273
46571323,3,770273
46572536,3,770273
46573748,8,770273
46574960,4,770273
46576173,4,770273
46577385,1,770273
46578598,3,776748
46579809,5,776748
46581022,4,776748
46582235,2,776748
46590722,9,776748
46591933,10,776748
46593146,6,776748
46594358,7,776748
46595570,7,776748
46596783,5,776748
46597994,7,776748
46599207,4,769965
46600419,4,776029
46601631,4,776029
46602843,3,776029
46604056,7,776029
46605268,4,776029
46606480,3,776029
46607693,6,776029
46608905,6,776029
46610117,4,776029
46611329,3,776172
46612542,4,773356
46613754,5,773356
46614966,4,773356
46616178,4,773356
46617390,5,773356
46618603,3,773356
46619815,3,773356
46621028,3,773356
46622239,4,773356
46623452,5,773100
46624664,3,773100
46625877,3,773100
46627089,4,773100
46628300,4,773100
46629513,4,773100
46630725,4,773100
46631938,5,773100
46633150,3,773100
46634362,5,773100
46635574,7,773100
46636786,4,773100
46637999,5,773100
46639211,6,773100
46640424,6,773100
46641636,6,773100
46642847,6,773100
46644060,6,773100
46645272,4,773100
46646484,5,773100
46647697,7,773100
46648909,7,773100
46650121,7,773100
46651333,5,773100
46652545,6,773100
46653758,9,773100
46654970,5,771249
46656183,5,771249
46657394,5,771249
46658606,6,771249
46659819,6,771249
46661031,7,771249
46662244,6,771249
46663456,4,771249
46664668,6,771249
46665881,6,774384
46667092,8,774384
46675578,8,774384
46676791,4,771969
46678002,6,771969
46679215,8,771969
46680427,8,771969
46681640,9,771969
46682852,6,771969
46684064,5,771969
46685277,7,771969
46686489,3,771969
46687701,6,771969
46688915,4,771969
46690125,4,771969
46691338,5,771969
46692550,9,771969
46693762,7,771969
46694974,6,771969
46696186,7,771969
46697399,3,771969
46698612,3,771558
46699823,5,771558
46701036,7,771558
46702248,5,771558
46703460,7,771558
46704673,10,771558
46705886,7,771558
46707098,5,771558
46708310,7,771558
46709522,7,777519
46710734,2,777519
46711946,7,777519
46713159,6,777519
46714372,5,777519
46715583,6,777519
46716796,4,777519
46718008,9,777519
46719221,5,777519
46720433,5,768474
46721646,2,768474
46722857,7,768474
46724070,5,768474
46725283,8,768474
46726494,5,768474
46727708,7,768474
46728919,6,768474
46730131,8,768474
46731344,8,774024
46732556,3,774024
46733769,5,774024
46734981,8,774024
46736193,5,774024
46737405,9,774024
46738618,8,774024
46739830,7,774024
46741042,7,774024
46742254,5,771455
46743467,2,773408
46744679,4,773408
46745891,5,773408
46747104,5,773408
46748316,2,773408
46749529,2,773408
46750741,4,773408
46751953,3,773408
46759227,9,773408
46760438,10,773408
46761651,6,773408
46762864,3,773408
46764075,6,768474
46765288,3,768474
46766500,3,768474
46767712,4,768474
46768925,0,768474
46770137,2,768474
46771349,3,768474
46772562,4,768474
46773774,5,768474
46774986,6,768474
46776198,3,769451
46777411,4,769451
46778623,3,769451
46779835,2,769451
46781047,5,769451
46782260,4,769451
46783472,5,769451
46784685,2,769451
46785897,3,769451
46787110,3,772174
46788322,4,772174
46789534,5,772174
46790746,4,772174
46791958,3,772174
46793171,4,772174
46794383,2,772174
46795596,5,772174
46796807,3,772174
46798020,4,772278
46799232,3,772534
46800445,5,772534
46801657,5,772534
46802869,4,772534
46804081,3,772534
46805294,4,772534
46806505,4,772534
46807718,4,772534
46808930,2,772435
46810142,5,773459
46811355,5,773459
46812568,4,773459
46813779,3,773459
46814991,5,773459
46816204,3,773459
46817416,4,773459
46818629,5,773459
46819841,4,773459
46821053,4,773459
46822265,6,773459
46823477,8,773459
46824689,10,773459
46825902,7,773459
46827114,5,773459
46828326,5,773459
46829538,5,774282
46830751,8,774282
46831963,4,774282
46833175,7,774282
46834388,6,774282
46835600,7,774282
46844086,5,774282
46845298,8,774282
46846511,6,774282
46847723,6,774282
46848936,8,774282
46850148,7,774282
46851360,7,774282
46852572,10,773562
46853785,3,773562
46854997,5,773562
46856209,5,773562
46857422,5,773562
46858634,8,773562
46859846,7,773562
46861058,9,773562
46862271,7,773562
46863483,4,771866
46864695,4,771866
46865908,6,771866
46867120,9,771866
46868332,9,771866
46869545,6,771866
46870757,9,771866
46871969,6,771866
46873181,6,771866
46874394,5,772791
46875606,4,772791
46876818,4,772791
46878031,9,772791
46879242,3,772791
46880455,7,772791
46881667,7,772791
46882879,7,772791
46884091,6,772791
46885304,5,770427
46886516,3,770427
46887728,5,770427
46888941,6,770427
46890153,6,770427
46891365,5,770427
46892577,5,770427
46893790,4,770427
46895002,9,770427
46896214,7,777211
46897427,3,777211
46898639,7,777211
46899851,8,777211
46901063,8,777211
46902276,5,777211
46903488,4,777211
46904700,8,777211
46905914,3,777211
46907124,3,770890
46908337,2,770890
46909549,5,770890
46910762,8,770890
46911974,6,770890
46913186,8,770890
46914399,6,770890
46915611,6,770890
46916823,6,770890
46918036,9,775977
46919248,6,775977
46920460,7,775977
46927734,9,775977
46928946,7,768885
46930158,3,773716
46931372,5,773716
46932584,6,773716
46933795,3,773716
46935008,3,773716
46936220,3,773716
46937433,2,773716
46938645,4,773716
46939858,5,773716
46941069,5,771198
46942282,3,771198
46943494,3,771198
46944706,4,771198
46945919,4,771198
46947131,5,771198
46948344,5,771198
46949556,6,771198
46950768,3,771198
46951981,3,773870
46953193,3,773870
46954405,6,773870
46955617,3,773870
46956830,2,773870
46958042,3,773870
46959254,4,773870
46960467,2,773870
46961679,5,773870
46962891,3,777673
46964104,4,777673
46965316,4,777673
46966529,3,777673
46967741,3,777673
46968953,3,777673
46970166,3,777673
46971378,2,777673
46972590,2,777673
46973803,4,777673
46975016,5,777673
46976227,5,777673
46977440,5,777673
46978651,2,777673
46979864,4,777673
46981077,3,777673
46982289,4,777673
46983501,2,777673
46984713,4,777623
46985926,4,777879
46987138,3,777879
46988350,3,777879
46989563,3,777879
46990775,3,777879
46991987,2,777879
46993200,4,777879
46994412,5,777879
46995625,3,777814
46996836,4,774230
46998049,7,774230
46999261,4,774230
47000474,2,774230
47001686,6,774230
47002898,5,774230
47004110,7,774230
47012596,4,774230
47013809,5,774230
47015021,9,774230
47016234,6,774230
47017446,10,775155
47018658,5,775155
47019870,7,775155
47021083,4,775155
47022296,8,775155
47023507,5,775155
47024721,7,775155
47025933,7,775155
47027144,8,775155
47028357,8,771918
47029569,3,771918
47030782,4,771918
47031994,6,771918
47033207,7,771918
47034418,5,771918
47035631,6,771918
47036843,6,771918
47038055,7,771918
47039267,6,774795
47040480,3,774795
47041693,7,774795
47042905,6,774795
47044116,6,774795
47045329,4,774795
47046542,5,774795
47047754,11,774795
47048965,9,774795
47050178,7,768834
47051391,4,768834
47052602,7,768834
47053815,8,768834
47055027,6,768834
47056240,7,768834
47057451,8,768834
47058664,7,768834
47059877,5,768834
47061089,4,777057
47062301,4,777057
47063513,7,777057
47064725,6,777057
47065937,6,777057
47067150,7,777057
47068362,8,777057
47069575,7,777057
47070787,4,777057
47071999,4,771249
47073211,4,771249
47074424,6,771249
47075636,6,771249
47076849,4,771249
47078061,4,771249
47079273,5,771249
47080485,3,771249
47081698,7,771249
47082910,7,777725
47084122,3,777725
47085334,6,777725
47086547,2,777725
47087759,7,777725
47088971,3,777725
47096245,10,777725
47097457,9,777725
47098669,8,777725
47099882,6,777725
47101094,6,777725
47102306,6,777725
47103519,5,777725
47104731,6,775258
47105943,3,769399
47107156,4,769399
47108368,5,769399
47109581,2,769399
47110792,3,769399
47112005,1,769399
47113217,3,769399
47114429,4,769399
47115641,2,769399
47116854,3,771301
47118067,3,771301
47119278,4,771301
47120491,4,771301
47121703,3,771301
47122915,6,771301
47124128,4,771301
47125340,4,771301
47126553,8,771301
47127764,7,774282
47128977,5,774282
47130190,5,774282
47131402,3,774282
47132615,4,774282
47133826,3,774282
47135038,4,774282
47136251,6,774282
47137463,2,774282
47138675,4,772534
47139888,3,772534
47141099,4,772534
47142312,4,772534
47143525,2,772534
47144736,5,772534
47145949,4,772534
47147161,3,772534
47148374,4,772534
47149586,4,775515
47150798,2,775515
47152010,4,775515
47153223,2,775515
47154435,5,775515
47155647,3,775515
47156859,3,775515
47158072,2,775515
47159285,3,775515
47160496,3,775498
47161709,4,770890
47162921,4,770890
47164133,2,770890
47165345,4,770890
47166558,4,770890
47167770,5,770890
47168982,5,770890
47170195,4,770890
47171407,5,771006
47172619,5,774590
47181105,0,774590
47182317,3,774590
47183530,4,774590
47184742,7,774590
47185954,7,774590
47187167,5,774590
47188379,6,774590
47189592,7,774590
47190804,5,774590
47192016,4,770735
47193229,4,770735
47194441,6,770735
47195654,6,770735
47196865,7,770735
47198078,8,770735
47199290,7,770735
47200502,6,770735
47201714,8,770735
47202927,6,770735
47204139,7,771455
47205352,3,771455
47206564,7,771455
47207777,7,771455
47208989,9,771455
47210201,5,771455
47211413,5,771455
47212625,7,771455
47213838,4,771455
47215050,8,771712
47216262,4,771712
47217474,8,771712
47218686,8,771712
47219899,10,771712
47221111,8,771712
47222323,7,771712
47223536,6,771712
47224748,10,771712
47225960,8,776080
47227173,5,776080
47228385,6,776080
47229597,3,776080
47230809,4,776080
47232022,5,776080
47233234,4,776080
47234446,8,776080
47235658,8,776080
47236870,5,769965
47238083,0,769965
47239296,6,769965
47240508,7,769965
47241720,7,769965
47242932,5,769965
47244144,5,769965
47245357,6,769965
47246569,8,769965
47247781,6,774590
47248993,5,774590
47250205,6,774590
47251417,6,774590
47252630,6,774590
47253842,3,774590
47255054,9,774590
47256266,7,774590
47257478,6,774590
47264752,9,774590
47265964,7,774590
47267177,6,774590
47268388,7,774590
47269601,7,774795
47270813,4,774795
47272025,5,774795
47273237,5,774795
47274450,9,774795
47275661,7,774795
47276874,7,774795
47278086,7,774795
47279298,5,774795
47280510,5,767755
47281723,5,767755
47282935,9,767755
47284147,8,767755
47285359,7,767755
47286572,5,767755
47287785,3,767755
47288997,5,767755
47290209,6,767755
47291421,8,776440
47292633,4,768680
47293845,5,768680
47295058,4,768680
47296270,5,768680
47297482,3,768680
47298694,5,768680
47299906,3,768680
47301118,3,768680
47302331,3,768680
47303544,4,777313
47304756,5,777313
47305968,5,777313
47307180,4,777313
47308392,3,777313
47309605,3,777313
47310817,3,777313
47312029,2,777313
47313242,6,777313
47314454,3,777313
47315666,4,777313
47316878,3,777313
47318090,4,777313
47319302,3,777313
47320515,4,777313
47321727,2,777313
47322940,4,777313
47324152,3,777313
47325364,4,768423
47326576,7,768423
47327788,3,768423
47329001,2,768423
47330212,4,768423
47331424,2,768423
47332637,4,768423
47333849,6,768423
47335062,4,768423
47336274,4,773511
47337486,3,773511
47338698,4,773511
47339911,3,773511
47341123,7,773511
47349609,4,773511
47350821,5,773511
47352033,5,773511
47353246,4,773511
47354458,7,773511
47355670,5,773511
47356883,6,772432
47358095,3,772437
47359307,4,773973
47360519,3,773973
47361731,4,773973
47362944,5,773973
47364156,5,773973
47365369,2,773973
47366581,4,773973
47367793,3,773973
47369006,4,773973
47370218,5,773973
47371431,5,773973
47372642,6,773973
47373855,6,773973
47375067,3,773973
47376279,7,773973
47377491,7,773973
47378704,4,767446
47379917,2,767446
47381129,4,767446
47382341,8,767446
47383553,5,767446
47384765,4,767446
47385978,5,767446
47387191,8,767446
47388402,3,767446
47389615,6,767446
47390827,3,773459
47392039,6,773459
47393252,4,773459
47394464,6,773459
47395676,6,773459
47396889,6,773459
47398101,6,773459
47399313,8,773459
47400525,4,773459
47401737,6,768320
47402949,3,768320
47404162,7,768320
47405374,11,768320
47406587,7,768320
47407798,5,768320
47409012,6,768320
47410223,5,768320
47411435,6,768320
47412648,7,776286
47413860,5,776286
47415073,7,776286
47416285,6,776286
47417498,3,776286
47418709,3,776286
47419921,8,776286
47421133,7,776286
47422346,8,776286
47423559,6,769040
47424770,3,769040
47425983,3,769040
47433256,10,769040
47434469,6,773048
47435681,4,773048
47436893,5,773048
47438106,5,773048
47439318,6,773048
47440530,7,773048
47441743,9,773048
47442955,7,773048
47444167,7,773048
47445379,6,767858
47446592,-2,767858
47447804,5,767858
47449017,5,767858
47450229,7,767858
47451442,8,767858
47452654,5,767858
47453865,5,767858
47455078,7,767858
47456290,9,777930
47457502,4,777930
47458714,2,777930
47459927,8,777930
47461139,6,777930
47462352,7,777930
47463564,8,777930
47464776,6,777930
47465989,6,777930
47467200,7,770324
47468413,4,770324
47469625,9,770324
47470838,8,770324
47472050,6,770324
47473262,7,770324
47474475,8,770324
47475687,5,770324
47476899,7,770324
47478112,8,775053
47479323,4,767344
47480536,4,767344
47481749,6,767344
47482961,4,767344
47484173,3,767344
47485385,3,767344
47486597,4,767344
47487810,3,767344
47489022,2,767344
47490234,3,774282
47491447,7,774282
47492659,4,774282
47493872,4,774282
47495084,3,774282
47496296,5,774282
47497508,3,774282
47498720,6,774282
47499932,5,774282
47501145,4,772072
47502357,6,772072
47503569,5,772072
47504781,4,772072
47505994,4,772072
47507206,6,772072
47508418,5,772072
47509630,4,772072
47518116,2,772072
47519328,5,772072
47520540,5,772072
47521753,13,771404
47522965,6,771564
47524177,4,773356
47525390,3,773356
47526602,0,773356
47527814,4,773356
47529026,5,773356
47530238,3,773356
47531450,6,773356
47532663,3,773356
47533876,3,773144
47535087,6,771352
47536300,4,771352
47537512,2,771352
47538725,2,771352
47539936,4,771352
47541149,5,771352
47542361,4,771352
47543573,7,771352
47544786,4,771352
47545998,4,771352
47547211,8,771352
47548422,5,771352
47549636,6,771352
47550847,8,771352
47552060,8,771352
47553273,7,771352
47554484,5,771352
47555697,3,771352
47556910,6,771352
47558122,6,771352
47559334,5,771352
47560546,7,771352
47561759,7,771352
47562970,8,771352
47564183,7,771352
47565396,5,771352
47566608,5,772945
47567820,4,772945
47569032,5,772945
47570245,9,772945
47571456,4,772945
47572669,7,772945
47573881,6,772945
47575094,7,772945
47576306,5,772945
47577519,6,775258
47578730,5,775258
47579943,9,775258
47581155,6,775258
47582367,6,775258
47583580,6,775258
47584793,8,775258
47586004,8,775258
47587216,4,775258
47588428,5,770787
47589641,3,770787
47590854,4,770787
47592066,5,770787
47593278,6,770787
47594490,5,770787
47601764,3,770787
47602976,5,770787
47604188,6,770787
47605401,4,770787
47606613,5,770787
47607825,4,770787
47609037,9,770787
47610250,4,769297
47611462,3,769297
47612674,9,769297
47613886,8,769297
47615099,7,769297
47616312,6,769297
47617523,5,769297
47618736,5,769297
47619947,4,769297
47621160,7,775258
47622372,5,775258
47623584,7,775258
47624796,4,775258
47626009,4,775258
47627221,3,775258
47628433,5,775258
47629646,3,775258
47630858,7,775258
47632070,6,768115
47633283,6,768115
47634495,6,768115
47635708,8,768115
47636920,7,768115
47638131,6,768115
47639344,7,768115
47640556,7,768115
47641769,6,768115
47642981,9,773870
47644194,5,773870
47645406,4,773870
47646618,7,773870
47647830,8,773870
47649043,7,773870
47650255,9,773870
47651467,5,773870
47652680,5,773870
47653893,6,773665
47655105,4,776748
47656317,4,776748
47657529,5,776748
47658742,5,776748
47659954,3,776748
47661166,2,776748
47662379,2,776748
47663591,4,776748
47664803,5,776748
47666016,4,774282
47667229,6,774282
47668441,7,774282
47669653,4,774282
47670865,5,774282
47672077,3,774282
47673290,3,774282
47674502,1,774282
47675714,4,774282
47676927,4,769913
47678138,5,769913
47686625,1,769913
47687837,13,771969
47689049,6,771969
47690262,4,771969
47691474,3,771969
47692686,4,771969
47693899,4,771969
47695111,3,771969
47696323,5,771969
47697536,5,771969
47698748,7,766778
47699961,4,766778
47701172,6,766778
47702385,4,766778
47703598,3,766778
47704809,3,766778
47706022,4,766778
47707234,5,766778
47708446,7,766778
47709659,3,766967
47710872,2,776183
47712084,3,776183
47713296,4,776183
47714508,3,776183
47715720,3,776183
47716933,4,776183
47718145,4,776183
47719358,2,776183
47720570,3,775970
47721782,3,773922
47722994,7,773922
47724207,4,773922
47725420,4,773922
47726631,3,773922
47727844,3,773922
47729057,6,773922
47730269,4,773922
47731481,4,773922
47732693,6,773922
47733905,8,773922
47735118,7,773922
47736330,9,773922
47737542,7,773922
47738755,9,773922
47739966,6,773922
47741179,4,771506
47742391,5,771506
47743603,2,771506
47744816,7,771506
47746028,7,771506
47747240,5,771506
47748453,9,771506
47749665,7,771506
47750877,9,771506
47752090,6,771506
47753302,4,769811
47754514,3,769811
47755727,7,769811
47756939,8,769811
47758151,10,769811
47759363,8,769811
47760576,6,769811
47761788,3,769811
47763000,3,769811
47770274,10,769811
47771486,7,769811
47772699,7,769811
47773912,5,769811
47775123,5,767292
47776336,2,767292
47777548,6,767292
47778761,4,767292
47779973,7,767292
47781185,7,767292
47782397,7,767292
47783610,5,767292
47784822,5,767292
47786034,5,778084
47787247,6,778084
47788459,6,778084
47789672,6,778084
47790884,8,778084
47792097,4,778084
47793308,9,778084
47794521,6,778084
47795733,7,778084
47796945,5,769862
47798157,5,769862
47799370,6,769862
47800582,7,769862
47801794,6,769862
47803006,5,769862
47804219,7,769862
47805431,7,769862
47806644,6,769862
47807856,10,772226
47809068,4,772226
47810281,4,772226
47811492,5,772226
47812705,7,772226
47813917,7,772226
47815129,8,772226
47816342,9,772226
47817555,9,772226
47818767,6,772740
47819979,4,772740
47821191,6,772740
47822404,6,772740
47823616,8,772740
47824828,4,772740
47826040,4,772740
47827253,9,772740
47828465,5,772740
47829677,8,773870
47830889,6,773870
47832102,7,773870
47833314,5,773870
47834527,3,773870
47835739,8,773870
47836951,6,773870
47838163,7,773870
47839375,4,773870
47840588,6,770684
47841800,2,772226
47843013,3,772226
47844225,4,772226
47845437,5,772226
47846649,4,772226
47855136,7,772226
47856348,6,772226
47857560,8,772226
47858773,6,772226
47859984,3,772226
47861197,6,772226
47862409,3,772072
47863622,2,772072
47864834,3,772072
47866046,5,772072
47867259,3,772072
47868470,3,772072
47869683,3,772072
47870896,2,772072
47872107,3,772072
47873320,4,772072
47874532,1,770787
47875745,4,770787
47876957,5,770787
47878170,3,770787
47879382,5,770787
47880594,5,770787
47881807,3,770787
47883020,4,770787
47884231,5,770787
47885444,6,769091
47886656,5,769091
47887869,4,769091
47889081,2,769091
47890293,3,769091
47891506,2,769091
47892718,3,769091
47893930,4,769091
47895143,3,769091
47896356,5,769062
47897568,4,774950
47898780,3,774950
47899993,0,774950
47901204,5,774950
47902417,3,774950
47903630,4,774950
47904842,5,774950
47906054,4,774950
47907266,3,775141
47908479,5,771301
47909692,5,771301
47910904,4,771301
47912116,3,771301
47913329,0,771301
47914541,4,771301
47915753,11,771301
47916966,1,771301
47918178,0,771301
47919390,3,771301
47920602,6,771301
47921815,8,771301
47923027,9,771301
47924240,8,771301
47925451,10,771301
47926664,4,771301
47927877,7,778958
47929089,4,778958
47930301,3,778958
47931513,6,778958
47938787,5,778958
47939999,7,768731
47941212,3,768731
47942424,9,768731
47943637,6,768731
47944849,7,768731
47946061,8,768731
47947274,7,768731
47948486,4,768731
47949698,7,768731
47950911,3,776029
47952123,3,776029
47953335,7,776029
47954548,8,776029
47955760,4,776029
47956973,7,776029
47958185,6,776029
47959397,7,776029
47960609,8,776029
47961822,4,772637
47963034,2,772637
47964246,4,772637
47965458,7,772637
47966671,5,772637
47967884,6,772637
47969095,6,772637
47970308,7,772637
47971520,5,772637
47972733,7,774127
47973945,3,774127
47975157,3,774127
47976370,5,774127
47977582,6,774127
47978794,6,774127
47980006,6,774127
47981219,6,774127
47982431,7,774127
47983643,3,771506
47984856,4,771506
47986069,5,771506
47987281,6,771506
47988493,7,771506
47989705,8,771506
47990918,5,771506
47992130,7,771506
47993342,5,771506
47994554,6,776234
47995767,8,776234
47996980,8,776234
47998192,3,776234
47999404,3,776234
48000616,6,776234
48001829,5,776234
48003041,5,776234
48004253,4,776234
48005465,3,770324
48006678,3,770324
48007890,7,770324
48009102,7,770324
48010315,7,770324
48011527,5,770324
48012739,7,770324
48013952,9,770324
48015164,5,770324
48022438,8,770324
48023651,5,770324
48024863,6,770324
48026076,8,770324
48027288,5,772123
48028500,3,771661
48029712,5,771661
48030925,3,771661
48032137,5,771661
48033349,4,771661
48034562,4,771661
48035774,4,771661
48036986,4,771661
48038199,5,771661
48039411,4,775207
48040623,3,775207
48041835,4,775207
48043048,5,775207
48044260,5,775207
48045473,2,775207
48046686,1,775207
48047897,3,775207
48049110,2,775207
48050322,5,772072
48051535,8,772072
48052747,6,772072
48053960,3,772072
48055172,3,772072
48056384,5,772072
48057597,4,772072
48058809,3,772072
48060021,4,772072
48061233,5,777108
48062446,4,777108
48063658,4,777108
48064871,3,777108
48066083,6,777108
48067295,5,777108
48068507,4,777108
48069719,3,777108
48070932,2,777108
48072144,2,777108
48073357,5,777108
48074569,5,777108
48075781,3,777108
48076993,3,777108
48078206,3,777108
48079418,4,777108
48080631,4,777108
48081842,5,777108
48083055,6,776999
48084267,3,775463
48085480,-1,775463
48086692,4,775463
48087904,4,775463
48089116,5,775463
48090328,5,775463
48091541,4,775463
48092753,9,775463
48093966,3,775638
48095178,4,767190
48096390,4,767190
48097602,4,767190
48098815,4,767190
48106191,3,767190
48107301,10,767190
48108513,6,767190
48109725,5,767190
48110938,7,767190
48112150,6,767190
48113362,7,767190
48114574,6,767190
48115788,5,775155
48116999,4,775155
48118212,6,775155
48119424,6,775155
48120636,7,775155
48121849,4,775155
48123061,7,775155
48124273,7,775155
48125485,7,775155
48126698,7,771918
48127910,3,771918
48129123,5,771918
48130334,10,771918
48131547,7,771918
48132759,6,771918
48133971,9,771918
48135183,8,771918
48136397,5,771918
48137608,8,772329
48138820,2,772329
48140033,6,772329
48141245,7,772329
48142458,6,772329
48143670,6,772329
48144883,9,772329
48146094,9,772329
48147307,4,772329
48148519,8,772637
48149732,3,772637
48150944,7,772637
48152157,6,772637
48153369,6,772637
48154582,6,772637
48155794,6,772637
48157007,7,772637
48158218,8,772637
48159431,5,772997
48160643,4,772997
48161855,7,772997
48163068,6,772997
48164280,7,772997
48165492,6,772997
48166704,6,772997
48167916,3,772997
48169129,2,772997
48170341,8,774179
48171554,4,774179
48172766,6,774179
48173978,8,774179
48175190,7,774179
48176404,6,774179
48177615,8,774179
48178828,5,774179
48180041,7,774179
48181253,6,772945
48182465,4,772945
48190952,3,772945
48192164,7,775053
48193377,3,775053
48194588,6,775053
48195801,6,775053
48197013,5,775053
48198225,5,775053
48199437,8,775053
48200650,7,775053
48201862,7,775053
48203074,8,771609
48204287,-1,771609
48205500,6,771609
48206712,8,771609
48207925,6,771609
48209137,6,771609
48210349,4,771609
48211561,8,771609
48212774,5,771609
48213986,5,775258
48215198,5,768166
48216411,4,768166
48217623,3,768166
48218836,2,768166
48220049,4,768166
48221260,5,768166
48222473,4,768166
48223686,4,768166
48224898,5,768166
48226111,4,775155
48227322,5,775155
48228535,5,775155
48229747,7,775155
48230960,4,775155
48232172,4,775155
48233384,5,775155
48234597,3,775155
48235809,4,775155
48237021,5,775207
48238233,5,775207
48239446,7,775207
48240658,4,775207
48241871,5,775207
48243082,5,775207
48244294,4,775207
48245507,4,775207
48246719,5,775207
48247931,3,770427
48249143,3,770427
48250356,3,770427
48251569,5,770427
48252781,5,770427
48253993,5,770427
48255205,6,770427
48256417,3,770427
48257629,5,770427
48258842,2,770479
48260054,5,770479
48261267,3,770479
48262479,3,770479
48263692,2,770479
48264904,3,770479
48266116,2,770479
48267328,6,770479
48275814,5,770479
48277026,3,770479
48278240,5,770479
48279451,9,772277
48280663,5,772277
48281876,4,772277
48283088,5,772277
48284301,5,772277
48285513,6,772277
48286725,5,772277
48287937,7,772277
48289149,7,772277
48290362,7,772277
48291575,3,772277
48292786,2,772277
48293999,6,772277
48295211,7,772277
48296424,5,772277
48297636,4,772277
48298848,5,772277
48300061,7,772277
48301273,5,772277
48302486,4,774744
48303698,4,774744
48304910,6,774744
48306122,7,774744
48307334,6,774744
48308546,8,774744
48309759,5,774744
48310971,6,774744
48312183,6,774744
48313396,8,772586
48314608,5,772586
48315821,5,772586
48317033,8,772586
48318245,8,772586
48319457,8,772586
48320670,6,772586
48321882,7,772586
48323094,5,772586
48324306,9,774179
48325518,3,774179
48326731,6,774179
48327943,6,774179
48329155,6,774179
48330368,9,774179
48331580,6,774179
48332793,4,774179
48334005,4,774179
48335217,9,778444
48336429,2,778444
48337641,5,778444
48338854,7,778444
48340066,9,778444
48341278,7,778444
48342490,6,778444
48343703,6,778444
48344914,6,778444
48346127,5,775104
48347340,4,775104
48348552,4,775104
48349764,6,775104
48350977,7,775104
48352189,9,775104
48359463,6,775104
48360675,9,775104
48361887,7,775104
48363100,6,775104
48364312,3,775104
48365524,5,775104
48366737,7,775104
48367949,6,763592
48369162,4,763592
48370374,8,763592
48371587,5,763592
48372798,4,763592
48374011,5,763592
48375224,7,763592
48376436,6,763592
48377648,5,763592
48378860,7,766522
48380073,4,766522
48381285,7,766522
48382498,7,766522
48383710,6,766522
48384922,6,766522
48386134,6,766522
48387346,4,766522
48388559,6,766522
48389772,7,774076
48390983,4,767138
48392196,4,767138
48393409,4,767138
48394620,3,767138
48395834,4,767138
48397045,5,767138
48398257,4,767138
48399470,3,767138
48400683,5,767138
48401895,3,770530
48403108,2,770530
48404320,5,770530
48405532,3,770530
48406744,7,770530
48407956,3,770530
48409169,4,770530
48410381,5,770530
48411594,3,770530
48412806,4,774024
48414018,4,774024
48415231,5,774024
48416444,6,774024
48417655,4,774024
48418868,3,774024
48420081,3,774024
48421293,3,774024
48422506,2,774024
48423717,5,778598
48424930,4,778598
48426142,4,778598
48427354,6,778598
48428567,3,778598
48429779,2,778598
48430992,2,778598
48432204,4,778598
48433417,4,778598
48434629,3,777468
48435842,3,777468
48443191,3,777468
48444329,12,777468
48445541,1,776645
48446753,7,776645
48447965,4,776645
48449178,5,776645
48450390,5,776645
48451602,2,776645
48452815,5,776645
48454027,4,776645
48455239,5,776645
48456452,7,776603
48457663,3,778907
48458876,3,778907
48460089,3,778907
48461301,4,778907
48462513,2,778907
48463726,5,778907
48464938,4,778907
48466150,3,778907
48467362,5,778907
48468575,5,778907
48469788,5,778907
48470999,7,778907
48472212,7,778907
48473424,6,778907
48474637,8,778907
48475849,11,778907
48477062,9,777057
48478274,3,777057
48479486,2,777057
48480699,7,777057
48481912,7,777057
48483123,8,777057
48484336,6,777057
48485548,6,777057
48486761,6,777057
48487973,6,777057
48489186,9,781528
48490398,4,781528
48491610,7,781528
48492822,2,781528
48494034,8,781528
48495247,5,781528
48496460,8,781528
48497672,9,781528
48498885,4,781528
48500097,7,777622
48501310,4,777622
48502521,4,777622
48503734,7,777622
48504947,8,777622
48506158,7,777622
48507371,8,777622
48508583,7,777622
48509796,7,777622
48511008,8,767138
48512220,5,767138
48513433,6,767138
48514645,7,767138
48515857,6,767138
48517070,6,767138
48518282,5,767138
48519495,8,767138
48526770,4,767138
48527981,8,767138
48529195,6,767138
48530406,7,767138
48531619,6,767138
48532831,8,770119
48534043,4,770119
48535256,7,770119
48536468,4,770119
48537681,7,770119
48538893,7,770119
48540105,7,770119
48541318,10,770119
48542530,7,770119
48543743,7,779369
48544954,3,779369
48546167,5,779369
48547380,7,779369
48548592,6,779369
48549803,4,779369
48551017,4,779369
48552229,5,779369
48553442,8,779369
48554654,10,762256
48555866,-1,762256
48557079,5,762256
48558290,6,762256
48559503,5,762256
48560715,10,762256
48561927,6,762256
48563140,7,762256
48564352,5,762256
48565564,5,769862
48566777,4,769862
48567990,8,769862
48569202,5,769862
48570415,9,769862
48571627,5,769862
48572839,6,769862
48574050,8,769862
48575263,8,769862
48576475,3,769811
48577688,4,765648
48578900,3,765648
48580112,3,765648
48581325,4,765648
48582537,4,765648
48583749,9,765648
48584962,4,765648
48586173,5,765648
48587386,5,765648
48588598,5,780603
48589810,4,780603
48591023,3,780603
48592235,4,780603
48593448,5,780603
48594660,4,780603
48595872,4,780603
48597085,3,780603
48598297,4,780603
48599509,4,780603
48600721,4,780603
48601934,5,780603
48603146,7,780603
48611632,3,780603
48612844,7,780603
48614057,10,780603
48615269,5,780603
48616481,3,780603
48617694,7,780603
48618906,8,780603
48620118,7,768834
48621330,4,759121
48622543,4,759121
48623755,5,759121
48624968,2,759121
48626180,3,759121
48627392,3,759121
48628604,5,759121
48629816,4,759121
48631028,3,759121
48632241,4,759193
48633453,5,764825
48634666,5,764825
48635878,4,764825
48637090,4,764825
48638303,4,764825
48639515,2,764825
48640728,5,764825
48641940,3,764825
48643152,3,764737
48644365,2,754753
48645577,3,754753
48646789,3,754753
48648002,3,754753
48649214,3,754753
48650426,4,754753
48651638,4,754753
48652851,3,754753
48654063,4,754753
48655275,4,754753
48656488,6,754753
48657700,5,754753
48658914,6,754753
48660124,2,754753
48661337,6,754753
48662549,6,754753
48663762,6,784920
48664974,5,784920
48666186,2,784920
48667398,6,784920
48668611,8,784920
48669823,5,784920
48671036,7,784920
48672249,3,784920
48673460,6,784920
48674673,5,784920
48675885,5,770530
48677098,5,770530
48678309,6,770530
48679522,7,770530
48680735,9,770530
48681946,6,770530
48683160,8,770530
48684372,6,770530
48685584,4,770530
48686796,4,769913
48688008,7,769913
48695282,9,769913
48696495,3,769913
48697707,10,764774
48698920,7,764774
48700132,3,764774
48701345,7,764774
48702557,4,764774
48703769,4,764774
48704981,6,764774
48706193,7,764774
48707406,4,764774
48708618,6,776132
48709831,2,776132
48711043,8,776132
48712255,6,776132
48713468,5,776132
48714680,7,776132
48715893,8,776132
48717104,5,776132
48718317,4,776132
48719529,7,777005
48720742,7,777005
48721954,4,777005
48723166,4,777005
48724380,7,777005
48725592,6,777005
48726804,6,777005
48728016,4,777005
48729229,8,777005
48730441,8,772123
48731653,5,772123
48732865,5,772123
48734077,7,772123
48735290,8,772123
48736502,5,772123
48737715,8,772123
48738926,5,772123
48740140,6,772123
48741351,7,771044
48742564,2,771044
48743776,5,771044
48744988,7,771044
48746201,8,771044
48747413,6,771044
48748625,6,771044
48749838,8,771044
48751050,8,771044
48752263,5,767395
48753475,-1,767395
48754688,7,767395
48755900,8,767395
48757113,4,767395
48758325,5,767395
48759537,4,767395
48760749,9,767395
48761962,6,767395
48763174,9,777828
48764386,4,757579
48765599,5,757579
48766811,4,757579
48768023,4,757579
48769236,4,757579
48770448,6,757579
48771661,3,757579
48780148,4,757579
48781359,6,757579
48782572,6,757579
48783785,5,757579
48784996,8,769605
48786209,4,772688
48787421,4,772688
48788634,4,772688
48789846,3,772688
48791058,5,772688
48792271,4,772688
48793483,5,772688
48794695,4,772688
48795908,5,772688
48797121,3,777211
48798333,4,777211
48799545,4,777211
48800757,5,777211
48801970,4,777211
48803183,4,777211
48804394,3,777211
48805607,4,777211
48806819,4,777211
48808032,4,777211
48809243,4,777211
48810456,5,777211
48811669,4,777211
48812881,5,777211
48814093,5,777211
48815305,3,777211
48816517,3,777211
48817730,3,777211
48818942,4,777167
48820154,5,765391
48821367,5,765391
48822580,4,765391
48823792,4,765391
48825004,4,765391
48826216,5,765391
48827428,4,765391
48828641,4,765391
48829854,0,765430
48831065,2,762102
48832278,4,762102
48833489,4,762102
48834702,6,762102
48835915,5,762102
48837127,2,762102
48838339,-1,762102
48839552,5,762102
48840763,5,762102
48841976,6,762102
48843188,8,762102
48844401,6,762102
48845613,7,762102
48846825,6,762102
48848037,6,762102
48849250,6,762102
48850462,5,770273
48851674,4,770273
48852886,5,770273
48854099,5,770273
48855312,8,770273
48856523,6,759835
48863797,3,772123
48865010,8,772123
48866221,6,772123
48867434,4,772123
48868646,5,772123
48869858,4,772123
48871070,5,772123
48872282,5,772123
48873495,2,772123
48874708,5,772123
48875919,5,772123
48877131,7,772123
48878344,8,772123
48879556,9,772123
48880769,6,772123
48881981,5,772123
48883193,4,772123
48884405,6,768423
48885618,4,768423
48886830,4,768423
48888042,5,768423
48889254,6,768423
48890467,3,768423
48891679,9,768423
48892892,8,768423
48894103,7,768423
48895316,8,768680
48896528,5,768680
48897740,9,768680
48898953,7,768680
48900166,9,768680
48901378,7,768680
48902590,6,768680
48903802,5,768680
48905014,7,768680
48906227,8,771095
48907439,7,771095
48908652,5,771095
48909864,6,771095
48911076,4,771095
48912289,8,771095
48913500,8,771095
48914713,6,771095
48915925,6,771095
48917137,9,770222
48918349,4,770222
48919562,6,770222
48920775,7,770222
48921986,5,770222
48923199,8,770222
48924412,5,770222
48925624,4,770222
48926836,9,770222
48928048,10,769862
48929261,4,769862
48930473,3,769862
48931685,6,769862
48932897,8,769862
48934110,8,769862
48935322,5,769862
48936535,4,769862
48937747,12,769862
48938960,5,769913
