timestamp_us,acceleration,capacitance
907,86,0
2120,34,0
3331,40,0
4544,82,0
5756,57,0
6968,37,0
8181,67,8334904
9394,50,8336805
10606,42,8336805
11819,64,8336805
13031,39,8336805
14243,14,8336805
15456,57,8336805
16668,45,8336805
17881,48,8336805
19092,73,8336805
20305,36,8336866
21518,32,8339170
22730,44,8339170
23942,49,8339170
25155,8,8339170
26367,46,8339170
27579,50,8339170
28791,36,8339170
30005,24,8339170
31217,40,8338994
32429,14,8333362
33641,56,8333362
34854,35,8333362
36067,21,8333362
37278,43,8333362
38491,33,8333362
39703,38,8333362
40915,20,8333362
42128,31,8333362
43341,9,8333362
44553,82,8333362
45765,26,8333362
46977,50,8333362
48190,29,8333362
49402,16,8333362
50615,52,8333362
51827,47,8330947
53040,10,8330947
54251,35,8330947
55464,35,8330947
56677,19,8330947
57889,39,8330947
59101,32,8330947
60313,34,8330947
61525,41,8330947
62738,37,8330947
63950,26,8337679
65162,29,8337679
66375,44,8337679
67587,16,8337679
68800,31,8337679
70013,39,8337679
71225,33,8337679
72437,36,8337679
73650,27,8337679
74862,30,8334852
76074,22,8334852
77286,31,8334852
78499,28,8337217
85864,32,8336805
86987,39,8336805
88198,34,8336805
89411,42,8336805
90624,41,8336805
91835,23,8336805
93048,42,8336805
94260,32,8336805
95473,24,8336805
96685,15,8336805
97898,21,8336805
99110,46,8336805
100322,40,8336805
101534,24,8336805
102747,35,8336805
103959,32,8336805
105172,22,8336805
106384,32,8336805
107597,20,8335418
108810,33,8335418
110022,29,8335418
111234,29,8335418
112446,33,8335418
113659,49,8335418
114871,47,8335418
116083,22,8335418
117296,31,8335418
118509,29,8336446
119722,28,8336446
120933,39,8336446
122146,34,8336446
123359,47,8336446
124571,51,8336446
125784,42,8336446
126996,26,8336446
128208,35,8336446
129421,24,8335778
130634,20,8335778
131846,40,8335778
133058,43,8335778
134271,34,8335778
135483,24,8335778
136695,32,8335778
137907,20,8335778
139120,34,8335778
140333,33,8333414
141546,33,8333414
142758,29,8333414
143970,33,8333414
145183,30,8333414
146395,41,8333414
147607,29,8333414
148820,28,8333414
150032,42,8333414
151245,30,8334339
152457,21,8336600
153670,24,8336600
154882,23,8336600
156094,24,8336600
157307,24,8336600
158519,39,8336600
159731,20,8336600
160944,34,8336600
162157,40,8336600
170643,35,8336600
171857,42,8336600
173068,37,8333311
174281,60,8338347
175493,48,8338347
176706,28,8338347
177919,35,8338347
179131,83,8338347
180344,46,8338347
181556,33,8338347
182769,35,8338347
183982,32,8338347
185194,67,8334442
186406,39,8334442
187619,39,8334442
188831,28,8334442
190044,68,8334442
191257,48,8334442
192469,17,8334442
193681,30,8334442
194893,37,8334442
196106,42,8335726
197319,14,8335726
198531,67,8335726
199744,39,8335726
200956,22,8335726
202169,37,8335726
203381,34,8335726
204594,29,8335726
205806,30,8335726
207018,23,8335727
208232,18,8335983
209444,25,8335983
210656,50,8335983
211869,33,8335983
213081,21,8335983
214293,24,8335983
215506,34,8335983
216719,38,8335983
217931,26,8335928
219143,38,8334904
220356,42,8334904
221568,29,8334904
222781,24,8334904
223994,25,8334904
225207,31,8334904
226419,25,8334904
227631,23,8334904
228843,29,8334904
230056,28,8334904
231269,40,8334904
232481,34,8334904
233693,33,8334904
234906,29,8334904
236118,26,8334904
237330,34,8334904
238544,34,8335264
239755,24,8335264
240968,24,8335264
242181,27,8335264
243392,33,8335264
244605,38,8335264
245818,35,8335264
247030,42,8335264
254305,35,8335264
255517,38,8335264
256729,61,8335264
257942,54,8335264
259154,35,8335264
260366,28,8335264
261578,32,8338501
262791,35,8338501
264003,29,8338501
265216,23,8338501
266429,41,8338501
267640,33,8338501
268852,43,8338501
270065,32,8338501
271277,33,8338501
272489,32,8333516
273702,33,8333516
274914,39,8333516
276127,32,8333516
277339,35,8333516
278551,34,8333516
279764,38,8333516
280977,29,8333516
282189,27,8333516
283401,29,8337628
284613,18,8337628
285826,36,8337628
287038,33,8337628
288251,15,8337628
289463,74,8337628
290675,54,8337628
291887,47,8337628
293100,31,8337628
294312,47,8336240
295524,69,8336240
296736,28,8336240
297949,33,8336240
299161,67,8336240
300374,55,8336240
301586,62,8336240
302799,45,8336240
304011,28,8336240
305224,159,8332900
306436,23,8332900
307648,81,8332900
308861,68,8332900
310074,26,8332900
311285,46,8332900
312499,38,8332900
313711,51,8332900
314923,30,8332900
316136,32,8337422
317347,51,8337422
318560,55,8337422
319772,56,8337422
320985,39,8337422
322197,42,8337422
323410,71,8337422
324622,55,8337422
325834,36,8337422
327047,17,8334184
328259,53,8334184
329472,41,8334184
330684,47,8335521
337958,28,8335521
339172,50,8335521
340384,65,8335521
341596,39,8335521
342809,33,8335521
344021,43,8335521
345233,58,8335521
346445,49,8335521
347658,26,8335521
348870,40,8334390
350082,61,8333619
351295,62,8333619
352507,29,8333619
353720,34,8333619
354933,55,8333619
356145,53,8333619
357356,34,8333619
358569,28,8333619
359782,60,8333619
360994,56,8340968
362207,36,8340968
363419,30,8340968
364631,38,8340968
365843,43,8340968
367055,46,8340968
368268,59,8340968
369481,24,8340968
370692,41,8340968
371905,59,8334544
373118,81,8334544
374330,53,8334544
375542,57,8334544
376755,55,8334544
377967,19,8334544
379179,42,8334544
380391,61,8334544
381604,14,8334544
382816,57,8334544
384028,65,8334544
385241,67,8334544
386453,32,8334544
387666,49,8334544
388878,78,8334544
390090,61,8334544
391303,104,8334544
392515,25,8334544
393727,63,8334525
394940,62,8329405
396152,98,8329405
397364,66,8329405
398578,61,8329405
399790,97,8329405
401002,75,8329405
402214,83,8329405
403426,39,8329405
404638,57,8329437
405851,59,8337885
407063,51,8337885
408275,47,8337885
409487,63,8337885
410699,47,8337885
411912,31,8337885
413123,37,8337885
414336,45,8337885
422822,74,8337885
424034,39,8337885
425246,30,8337885
426458,38,8334030
427671,47,8334030
428882,43,8334030
430094,22,8334030
431306,52,8334030
432519,62,8334030
433731,34,8334030
434943,24,8334030
436156,43,8334030
437368,41,8333876
438580,32,8333876
439792,34,8333876
441005,51,8333876
442217,59,8333876
443429,45,8333876
444642,29,8333876
445854,32,8333876
447066,39,8333876
448278,27,8336137
449490,29,8336137
450702,44,8336137
451915,39,8336137
453127,39,8336137
454339,39,8336137
455551,28,8336137
456764,33,8336137
457976,38,8336137
459188,30,8332694
460401,29,8332694
461613,38,8332694
462826,35,8332694
464037,32,8332694
465250,28,8332694
466462,31,8332694
467674,29,8332694
468887,32,8332694
470099,40,8335212
471311,39,8335212
472523,23,8335212
473735,30,8335212
474948,33,8335212
476160,38,8335212
477372,28,8335212
478584,30,8335212
479797,40,8335212
481009,36,8337782
482221,29,8337782
483434,32,8337782
484646,32,8337782
485858,33,8337782
487071,27,8337782
488283,30,8337782
489495,45,8337782
490707,18,8337782
491920,59,8335829
493133,45,8335829
494344,32,8335829
495556,50,8335829
496769,39,8335829
497981,46,8335829
499193,66,8335829
506467,47,8335829
507679,27,8335829
508892,63,8335829
510104,55,8335829
511316,31,8335829
512528,68,8335829
513740,104,8337063
514952,79,8334082
516165,23,8334082
517378,53,8334082
518590,128,8334082
519802,46,8334082
521014,71,8334082
522226,88,8334082
523439,154,8334082
524651,93,8334082
525863,87,8335007
527076,57,8335007
528288,205,8335007
529500,89,8335007
530712,140,8335007
531925,61,8335007
533137,87,8335007
534349,168,8335007
535562,159,8335007
536774,60,8339426
537986,118,8339426
539198,162,8339426
540410,230,8339426
541622,78,8339426
542834,50,8339426
544047,117,8339426
545259,242,8339426
546471,201,8339426
547683,75,8343538
548895,102,8343538
550107,278,8343538
551320,319,8343538
552533,133,8343538
553744,69,8343538
554956,190,8343538
556169,214,8343538
557381,154,8343538
558593,98,8333311
559806,143,8333311
561017,223,8333311
562230,181,8333311
563442,30,8333311
564654,103,8333311
565866,183,8333311
567079,186,8333311
568291,86,8333311
569503,9,8333179
570715,140,8339067
571927,151,8339067
573140,163,8339067
574352,45,8339067
575564,66,8339067
576776,130,8339067
577989,139,8339067
579200,56,8339067
580413,72,8339027
581625,148,8342099
582837,46,8342099
591323,28,8337114
592535,90,8337114
593747,121,8337114
594960,100,8337114
596172,31,8337114
597384,45,8337114
598596,92,8337114
599809,90,8337114
601021,74,8337114
602233,44,8337114
603445,40,8337114
604658,105,8337114
605870,101,8337114
607082,62,8337114
608294,41,8337114
609507,93,8337114
610719,98,8337114
611931,70,8337114
613144,32,8335675
614356,93,8335675
615569,93,8335675
616781,35,8335675
617993,44,8335675
619205,70,8335675
620418,77,8335675
621630,49,8335675
622842,29,8335675
624054,58,8333722
625267,61,8333722
626479,48,8333722
627691,31,8333722
628903,38,8333722
630116,52,8333722
631329,43,8333722
632540,18,8333722
633753,71,8333722
634966,58,8335572
636178,54,8335572
637390,27,8335572
638602,41,8335572
639815,42,8335572
641027,40,8335572
642240,25,8335572
643451,33,8335572
644664,54,8335572
645876,56,8333260
647089,30,8333260
648301,29,8333260
649513,44,8333260
650726,65,8333260
651938,43,8333260
653150,54,8333260
654363,61,8333260
655575,70,8333260
656787,38,8333979
657999,20,8333979
659213,48,8333979
660424,67,8333979
661637,62,8333979
662849,43,8333979
664061,41,8333979
665274,74,8333979
666486,58,8333979
667698,56,8333979
674971,49,8333979
676183,73,8333979
677396,56,8333979
678608,43,8334339
679820,19,8334339
681032,47,8334339
682245,40,8334339
683458,30,8334339
684670,44,8334339
685882,62,8334339
687095,37,8334339
688306,31,8334339
689519,32,8335521
690731,39,8335521
691943,45,8335521
693155,33,8335521
694367,45,8335521
695580,37,8335521
696792,12,8335521
698005,47,8335521
699217,48,8335521
700430,32,8336189
701642,29,8336137
702854,36,8336137
704066,17,8336137
705278,41,8336137
706490,48,8336137
707703,23,8336137
708915,23,8336137
710128,44,8336137
711340,47,8336137
712552,36,8334750
713764,54,8334750
714976,21,8334750
716188,118,8334750
717402,35,8334750
718613,22,8334750
719826,54,8334750
721038,92,8334750
722250,71,8334750
723463,55,8332951
724675,23,8332951
725888,66,8332951
727099,133,8332951
728311,133,8332951
729524,85,8332951
730737,11,8332951
731949,48,8332951
733161,81,8332951
734373,76,8332026
735585,28,8332026
736798,79,8332026
738010,90,8332026
739223,86,8332026
740435,48,8332026
741647,29,8332026
742859,65,8332026
744072,82,8332026
745284,52,8334801
746496,22,8334801
747708,55,8334801
748922,53,8334801
750133,101,8334801
751345,78,8334801
759831,63,8334801
761043,45,8334801
762256,52,8334801
763469,46,8334801
764681,59,8334801
765893,58,8332848
767106,17,8332893
768318,45,8331101
769530,68,8331101
770742,77,8331101
771954,35,8331101
773167,25,8331101
774379,46,8331101
775591,44,8331101
776803,24,8331101
778016,37,8331101
779227,44,8331101
780440,62,8331101
781652,33,8331101
782864,34,8331101
784076,38,8331101
785289,43,8331101
786501,41,8331101
787714,31,8335161
788926,46,8335161
790138,61,8335161
791350,60,8335161
792562,37,8335161
793774,28,8335161
794987,41,8335161
796199,44,8335161
797411,35,8335161
798623,33,8335161
799835,33,8337165
801048,32,8337165
802260,29,8337165
803472,44,8337165
804685,52,8337165
805897,39,8337165
807109,43,8337165
808321,81,8337165
809533,49,8337165
810746,25,8335161
811958,40,8335161
813170,49,8335161
814382,36,8335161
815595,40,8335161
816807,45,8335161
818019,65,8335161
819232,62,8335161
820443,88,8335161
821656,76,8332797
822868,23,8332797
824080,57,8332797
825293,85,8332797
826506,94,8332797
827718,51,8332797
828930,76,8332797
830142,114,8332797
831354,129,8332797
832566,58,8334904
833779,45,8334904
834991,125,8334904
836203,31,8334904
843476,102,8333876
844689,179,8333876
845900,131,8333876
847113,56,8333876
848325,98,8333876
849537,156,8333876
850749,214,8333876
851962,156,8333876
853174,20,8333876
854387,96,8336497
855598,144,8336497
856810,133,8336497
858023,51,8336497
859235,73,8336497
860447,129,8336497
861659,134,8336497
862871,79,8336497
864085,32,8336497
865296,81,8335058
866508,102,8335058
867720,90,8335058
868933,29,8335058
870146,65,8335058
871358,92,8335058
872569,104,8335058
873782,50,8335058
874994,27,8335058
876206,63,8338142
877419,73,8338142
878631,62,8338142
879843,15,8338142
881055,64,8338142
882267,46,8338142
883479,41,8338142
884691,35,8338142
885904,24,8338142
887116,41,8335624
888328,23,8332797
889540,29,8332797
890753,19,8332797
891964,35,8332797
893178,38,8332797
894390,44,8332797
895602,30,8332797
896814,20,8332797
898026,29,8332797
899238,31,8333568
900451,25,8333568
901663,25,8333568
902875,32,8333568
904088,33,8333568
905300,27,8333568
906512,25,8333568
907725,26,8333568
908936,23,8333568
910148,21,8329559
911360,19,8329559
912573,25,8329559
913785,19,8329559
914997,23,8329559
916209,20,8329559
917422,30,8329559
918634,31,8329559
919846,108,8329559
928331,85,8329559
929544,36,8329559
930756,89,8336137
931968,124,8336289
933180,106,8335521
934393,56,8335521
935605,48,8335521
936818,77,8335521
938030,85,8335521
939241,48,8335521
940455,31,8335521
941666,85,8335521
942879,110,8335440
944091,54,8341328
945303,31,8341328
946515,72,8341328
947727,105,8341328
948939,79,8341328
950152,16,8341328
951365,85,8341328
952575,118,8341328
953789,117,8341328
955001,45,8341328
956213,36,8341328
957426,86,8341328
958638,133,8341328
959850,81,8341328
961062,34,8341328
962274,69,8341328
963487,129,8341328
964698,137,8341328
965910,44,8341328
967123,53,8341328
968335,105,8341328
969547,121,8341328
970759,64,8341328
971972,40,8341328
973184,104,8341328
974396,128,8341328
975609,84,8337936
976821,19,8337936
978034,68,8337936
979245,101,8337936
980458,83,8337936
981670,23,8337936
982882,70,8337936
984095,90,8337936
985307,79,8337936
986519,41,8333928
987732,37,8333928
988944,69,8333928
990156,76,8333928
991368,58,8333928
992581,25,8333928
993793,59,8333928
995005,77,8333928
996218,86,8333928
997430,31,8333928
998642,75,8333928
999855,128,8333928
1001067,106,8333928
1002280,41,8333928
1003492,79,8333928
1004704,73,8333928
1011977,51,8333928
1013190,23,8333928
1014402,69,8333928
1015615,83,8333928
1016827,67,8333928
1018039,34,8333928
1019252,46,8338964
1020464,60,8338964
1021676,60,8338964
1022889,37,8338964
1024101,58,8338964
1025313,79,8338964
1026525,42,8338964
1027737,45,8338964
1028950,124,8338964
1030162,107,8338296
1031374,48,8338296
1032586,58,8338296
1033799,133,8338296
1035011,137,8338296
1036224,93,8338296
1037435,26,8338296
1038648,79,8338296
1039860,114,8338296
1041072,101,8330690
1042285,27,8330690
1043498,57,8330690
1044710,111,8330690
1045922,103,8330690
1047134,61,8330690
1048346,35,8330690
1049558,69,8330690
1050770,84,8330690
1051983,60,8335624
1053196,33,8335624
1054407,72,8335624
1055620,80,8335624
1056832,31,8335624
1058045,24,8335624
1059256,56,8335624
1060469,57,8335624
1061681,39,8335624
1062893,32,8334904
1064105,62,8334955
1065318,62,8334955
1066530,28,8334955
1067742,25,8334955
1068955,47,8334955
1070166,52,8334955
1071379,43,8334955
1072590,27,8334955
1073803,42,8334955
1075014,59,8329868
1076226,49,8329868
1077438,43,8329868
1078651,30,8329868
1079863,35,8329868
1081076,31,8329868
1082287,22,8329868
1083499,28,8329868
1084712,49,8329868
1085924,29,8329868
1087136,39,8329868
1088348,34,8329868
1096834,36,8333722
1098046,23,8333722
1099258,34,8333722
1100470,54,8333722
1101682,26,8333722
1102894,25,8333722
1104106,28,8333722
1105318,76,8333722
1106530,66,8333722
1107743,86,8333979
1108954,97,8333979
1110167,113,8333979
1111379,68,8333979
1112591,20,8333979
1113803,62,8333979
1115016,68,8333979
1116227,61,8333979
1117440,17,8333979
1118652,54,8333842
1119864,60,8338450
1121077,56,8338450
1122288,32,8338450
1123500,37,8338450
1124713,63,8338450
1125925,58,8338450
1127138,45,8338450
1128349,18,8338450
1129562,36,8338504
1130774,66,8339272
1131986,51,8339272
1133198,10,8339272
1134410,44,8339272
1135622,59,8339272
1136834,39,8339272
1138047,107,8339272
1139258,103,8339272
1140471,14,8339272
1141683,43,8339272
1142895,43,8339272
1144107,67,8339272
1145319,51,8339272
1146532,58,8339272
1147743,27,8339272
1148955,58,8339272
1150167,52,8330227
1151380,10,8330227
1152592,45,8330227
1153804,43,8330227
1155017,32,8330227
1156229,39,8330227
1157440,73,8330227
1158653,62,8330227
1159864,37,8330227
1161077,65,8330227
1162289,137,8333568
1163501,81,8333568
1164714,34,8333568
1165926,27,8333568
1167138,85,8333568
1168349,60,8333568
1169561,24,8333568
1170774,53,8333568
1171986,79,8333568
1173198,89,8333568
1180470,18,8333568
1181683,51,8333568
1182895,100,8333568
1184107,229,8332848
1185320,106,8332848
1186531,134,8332848
1187744,118,8332848
1188956,224,8332848
1190169,106,8332848
1191380,41,8332848
1192593,111,8332848
1193805,206,8332848
1195018,143,8334082
1196229,40,8334082
1197441,65,8334082
1198654,192,8334082
1199866,165,8334082
1201078,149,8334082
1202290,34,8334082
1203503,107,8334082
1204715,155,8334082
1205927,133,8336137
1207139,36,8336137
1208352,74,8336137
1209564,155,8336137
1210776,147,8336137
1211988,80,8336137
1213201,39,8336137
1214414,115,8336137
1215626,132,8336137
1216838,94,8334544
1218050,29,8334544
1219263,71,8334544
1220475,133,8334544
1221687,108,8334544
1222899,105,8334544
1224112,20,8334544
1225324,79,8334544
1226536,117,8334544
1227748,83,8334390
1228960,31,8334390
1230173,79,8334390
1231386,100,8334390
1232597,89,8334390
1233810,51,8334390
1235022,58,8334390
1236234,102,8334390
1237447,98,8334390
1238658,42,8332797
1239871,55,8335778
1241083,126,8335778
1242296,126,8335778
1243507,27,8335778
1244719,54,8335778
1245932,98,8335778
1247144,133,8335778
1248356,107,8335778
1249569,55,8335778
1250781,106,8334852
1251993,145,8334852
1253205,118,8334852
1254418,30,8334852
1255630,70,8334852
1256843,53,8334852
1265329,19,8334852
1266540,78,8334852
1267752,121,8334852
1268965,91,8334852
1270178,32,8334852
1271389,78,8330330
1272602,128,8334544
1273814,120,8334544
1275026,50,8334544
1276238,43,8334544
1277450,84,8334544
1278663,95,8334544
1279875,56,8334544
1281088,28,8334544
1282300,78,8334544
1283512,117,8331615
1284724,65,8331615
1285937,11,8331615
1287149,62,8331615
1288361,82,8331615
1289573,56,8331615
1290786,15,8331615
1291998,61,8331615
1293209,69,8331615
1294422,51,8331535
1295634,28,8337679
1296847,40,8337679
1298059,85,8337679
1299271,49,8337679
1300484,19,8337679
1301695,56,8337679
1302908,55,8337679
1304120,84,8337679
1305332,16,8337874
1306545,24,8335058
1307756,48,8335058
1308969,50,8335058
1310181,39,8335058
1311393,52,8335058
1312606,58,8335058
1313818,71,8335058
1315030,47,8335058
1316242,24,8335058
1317454,46,8335058
1318667,61,8335058
1319879,43,8335058
1321091,37,8335058
1322304,45,8335058
1323515,69,8335058
1324727,63,8335058
1325940,35,8340403
1327153,32,8340403
1328364,50,8340403
1329578,53,8340403
1330788,35,8340403
1332001,46,8340403
1333213,63,8340403
1334425,57,8340403
1335638,24,8340403
1336850,37,8340403
1338062,45,8337525
1339274,44,8337525
1340487,27,8337525
1341698,39,8335469
1348971,40,8335469
1350184,48,8335469
1351396,30,8335469
1352609,41,8335469
1353821,47,8335469
1355032,38,8335469
1356244,30,8335469
1357457,21,8335469
1358669,33,8335469
1359881,32,8335469
1361093,26,8335469
1362305,31,8335469
1363518,37,8335469
1364730,34,8335469
1365942,33,8335469
1367155,28,8335469
1368366,32,8335469
1369578,35,8335469
1370791,29,8338604
1372003,27,8338604
1373215,39,8338604
1374427,30,8338604
1375639,33,8338604
1376852,29,8338604
1378064,30,8338604
1379276,33,8338604
1380489,28,8338604
1381700,29,8335418
1382913,31,8335418
1384125,34,8335418
1385338,33,8335418
1386550,31,8335418
1387762,28,8335418
1388974,30,8335418
1390186,28,8335418
1391398,29,8335418
1392611,34,8334493
1393823,28,8334493
1395035,31,8334493
1396248,30,8334493
1397459,28,8334493
1398672,32,8334493
1399884,29,8334493
1401096,29,8334493
1402309,29,8334493
1403521,32,8335161
1404733,22,8335161
1405946,31,8335161
1407157,28,8335161
1408369,27,8335161
1409582,29,8335161
1410794,26,8335161
1412006,28,8335161
1413219,31,8335161
1414430,30,8336343
1415642,25,8336343
1416854,32,8336343
1418067,30,8336343
1419279,32,8336343
1420491,30,8336343
1421703,32,8336343
1422916,31,8336343
1424128,32,8336343
1425340,29,8336343
1433826,31,8336343
1435038,31,8336343
1436250,31,8335624
1437462,25,8337217
1438674,23,8337217
1439886,29,8337217
1441098,24,8337217
1442311,21,8337217
1443523,22,8337217
1444735,26,8337217
1445947,22,8337217
1447159,18,8337217
1448371,22,8338604
1449584,26,8338604
1450796,25,8338604
1452008,27,8338604
1453220,25,8338604
1454432,26,8338604
1455644,25,8338604
1456857,23,8338604
1458070,26,8338604
1459281,25,8332386
1460494,21,8332386
1461706,24,8332386
1462918,26,8332386
1464131,29,8332386
1465343,20,8332386
1466555,23,8332386
1467767,23,8332386
1468979,21,8332386
1470191,25,8332386
1471404,26,8332386
1472616,26,8332386
1473828,25,8332386
1475040,24,8332386
1476253,26,8332386
1477465,22,8332386
1478677,22,8332386
1479890,32,8332386
1481101,25,8332456
1482314,25,8337576
1483526,23,8337576
1484739,24,8337576
1485951,22,8337576
1487163,23,8337576
1488375,25,8337576
1489587,28,8337576
1490799,29,8337576
1492011,23,8337567
1493224,22,8335007
1494436,27,8335007
1495648,20,8335007
1496861,25,8335007
1498074,22,8335007
1499285,23,8335007
1500497,23,8335007
1501710,26,8335007
1502922,28,8335007
1504135,24,8335007
1505346,27,8335007
1506558,30,8335007
1507771,27,8335007
1508983,32,8335007
1510195,29,8335007
1517469,24,8335007
1518681,31,8335007
1519894,30,8335007
1521106,30,8335007
1522318,31,8335007
1523530,31,8335007
1524743,33,8337731
1525955,23,8337731
1527167,27,8337731
1528379,31,8337731
1529592,27,8337731
1530805,32,8337731
1532016,27,8337731
1533229,30,8337731
1534441,30,8337731
1535654,29,8337679
1536865,25,8337679
1538078,28,8337679
1539291,31,8337679
1540503,31,8337679
1541715,32,8337679
1542927,29,8337679
1544140,27,8337679
1545352,28,8337679
1546564,29,8334390
1547777,24,8334390
1548988,29,8334390
1550201,32,8334390
1551414,31,8334390
1552626,31,8334390
1553838,28,8334390
1555050,31,8334390
1556263,29,8334390
1557475,23,8332900
1558687,27,8332900
1559899,31,8332900
1561112,30,8332900
1562323,30,8332900
1563536,30,8332900
1564748,26,8332900
1565960,31,8332900
1567173,23,8332900
1568384,35,8335315
1569598,26,8335315
1570809,26,8335315
1572022,32,8335315
1573234,34,8335315
1574446,28,8335315
1575658,27,8335315
1576870,32,8335315
1578083,27,8335315
1579295,28,8335881
1580507,25,8335881
1581719,28,8335881
1582931,29,8335881
1584144,27,8335881
1585356,31,8335881
1586568,31,8335881
1587780,30,8335881
1588992,33,8335881
1590205,26,8336549
1591418,24,8336549
1592630,29,8336549
1593841,32,8335007
1601115,36,8335007
1602327,42,8335007
1603540,30,8335007
1604752,29,8335007
1605965,31,8335007
1607177,28,8335007
1608389,31,8335007
1609601,27,8335007
1610814,33,8335007
1612026,29,8334133
1613238,25,8333825
1614450,23,8333825
1615663,28,8333825
1616875,25,8333825
1618087,27,8333825
1619300,26,8333825
1620511,22,8333825
1621724,24,8333825
1622937,26,8333825
1624149,23,8332489
1625361,25,8332489
1626573,27,8332489
1627786,21,8332489
1628998,25,8332489
1630210,26,8332489
1631423,25,8332489
1632634,27,8332489
1633847,21,8332489
1635059,22,8330947
1636271,24,8330947
1637484,25,8330947
1638695,23,8330947
1639908,26,8330947
1641121,22,8330947
1642333,22,8330947
1643545,23,8330947
1644757,21,8330947
1645970,22,8328634
1647182,26,8328634
1648394,29,8328634
1649606,23,8328634
1650819,24,8328634
1652031,23,8328634
1653243,27,8328634
1654455,19,8328634
1655667,27,8328634
1656879,25,8328681
1658091,27,8341225
1659304,23,8341225
1660516,22,8341225
1661729,24,8341225
1662941,27,8341225
1664153,25,8341225
1665366,24,8341225
1666579,23,8341225
1667790,23,8341096
1669002,24,8334184
1670214,27,8334184
1671427,22,8334184
1672638,24,8334184
1673850,26,8334184
1675062,23,8334184
1676275,25,8334184
1677487,28,8334184
1684859,24,8334184
1685972,34,8334184
1687185,32,8334184
1688397,31,8332900
1689610,26,8332900
1690822,26,8332900
1692034,32,8332900
1693246,28,8332900
1694459,29,8332900
1695671,29,8332900
1696883,28,8332900
1698095,30,8332900
1699308,32,8332900
1700520,30,8335007
1701732,26,8335007
1702944,30,8335007
1704157,30,8335007
1705369,29,8335007
1706582,32,8335007
1707793,30,8335007
1709006,31,8335007
1710218,29,8335007
1711431,30,8336857
1712643,25,8336857
1713854,28,8336857
1715067,30,8336857
1716280,32,8336857
1717492,26,8336857
1718703,30,8336857
1719916,29,8336857
1721129,33,8336857
1722341,29,8338244
1723553,27,8338244
1724766,30,8338244
1725978,32,8338244
1727190,29,8338244
1728401,30,8338244
1729614,28,8338244
1730826,30,8338244
1732039,30,8338244
1733250,34,8336600
1734463,22,8336600
1735675,29,8336600
1736887,31,8336600
1738100,29,8336600
1739312,31,8336600
1740524,30,8336600
1741737,30,8336600
1742948,28,8336600
1744161,28,8335572
1745373,24,8335572
1746585,28,8335572
1747798,28,8335572
1749010,31,8335572
1750222,26,8335572
1751434,33,8335572
1752647,31,8335572
1753858,31,8335572
1755071,28,8336960
1756283,27,8336960
1757496,27,8336960
1758708,29,8336960
1759920,30,8336960
1761132,28,8336960
1768406,35,8336960
1769618,31,8336960
1770831,28,8336960
1772042,32,8336960
1773254,33,8336960
1774467,29,8336960
1775679,30,8336960
1776891,31,8334698
1778103,26,8334698
1779315,31,8334698
1780528,31,8334698
1781741,31,8334698
1782953,32,8334698
1784165,30,8334698
1785377,33,8334698
1786589,29,8334698
1787802,28,8336703
1789013,23,8335881
1790226,23,8335881
1791439,25,8335881
1792650,25,8335881
1793863,24,8335881
1795075,25,8335881
1796287,23,8335881
1797499,24,8335881
1798711,25,8335881
1799924,25,8333774
1801136,25,8333774
1802348,23,8333774
1803560,28,8333774
1804772,21,8333774
1805985,27,8333774
1807197,24,8333774
1808409,25,8333774
1809622,27,8333774
1810834,23,8339272
1812046,24,8339272
1813258,25,8339272
1814471,16,8339272
1815683,26,8339272
1816895,28,8339272
1818108,23,8339272
1819320,22,8339272
1820533,27,8339272
1821745,27,8334442
1822957,24,8334442
1824170,20,8334442
1825381,26,8334442
1826593,22,8334442
1827806,24,8334442
1829018,21,8334442
1830230,23,8334442
1831443,27,8334442
1832655,21,8334442
1833867,25,8334442
1835080,27,8334442
1836292,24,8334442
1837504,21,8334442
1838716,28,8334442
1839928,25,8334442
1841140,22,8334442
1842353,26,8334442
1843566,26,8334460
1844777,31,8339324
1853266,35,8339324
1854478,37,8339259
1855688,21,8335675
1856900,25,8335675
1858112,26,8335675
1859324,23,8335675
1860536,26,8335675
1861748,21,8335675
1862961,25,8335675
1864173,25,8335675
1865385,27,8335675
1866598,24,8335675
1867810,25,8335675
1869022,29,8335675
1870235,31,8335675
1871446,31,8335675
1872659,30,8335675
1873871,29,8335675
1875083,31,8335675
1876296,29,8336960
1877508,22,8336960
1878720,29,8336960
1879932,28,8336960
1881145,31,8336960
1882356,33,8336960
1883569,30,8336960
1884781,28,8336960
1885994,34,8336960
1887205,32,8336497
1888418,26,8336497
1889630,31,8336497
1890843,28,8336497
1892055,27,8336497
1893266,30,8336497
1894479,26,8336497
1895691,31,8336497
1896903,32,8336497
1898115,32,8334082
1899328,23,8334082
1900540,32,8334082
1901752,28,8334082
1902965,29,8334082
1904176,29,8334082
1905388,32,8334082
1906601,28,8334082
1907814,35,8334082
1909026,31,8334544
1910237,25,8334544
1911450,26,8334544
1912662,25,8334544
1913874,29,8334544
1915086,29,8334544
1916298,28,8334544
1917510,31,8334544
1918723,29,8334544
1919935,30,8336805
1921147,26,8336805
1922359,30,8336805
1923571,31,8336805
1924784,30,8336805
1925997,33,8336805
1927208,32,8336805
1928420,32,8336805
1929632,29,8336805
1936906,39,8336805
1938118,35,8336805
1939330,30,8336805
1940542,33,8336805
1941755,28,8335778
1942967,20,8335778
1944180,27,8335778
1945391,32,8335778
1946604,30,8335778
1947816,31,8335778
1949029,30,8335778
1950241,29,8335778
1951452,27,8335778
1952666,31,8336549
1953878,25,8336549
1955089,32,8336549
1956302,31,8336549
1957514,31,8336549
1958726,25,8336549
1959938,29,8336549
1961151,26,8336549
1962363,30,8336549
1963575,27,8337679
1964788,27,8336343
1966000,27,8336343
1967212,25,8336343
1968425,26,8336343
1969636,24,8336343
1970849,24,8336343
1972062,23,8336343
1973274,26,8336343
1974486,23,8336343
1975698,25,8336189
1976910,28,8336189
1978123,25,8336189
1979335,20,8336189
1980547,25,8336189
1981760,19,8336189
1982971,23,8336189
1984183,24,8336189
1985395,27,8336189
1986608,25,8330998
1987820,25,8330998
1989032,23,8330998
1990245,27,8330998
1991457,20,8330998
1992670,24,8330998
1993882,24,8330998
1995093,26,8330998
1996306,25,8330998
1997518,23,8335366
1998730,24,8335366
1999943,21,8335366
2001155,21,8335366
2002367,26,8335366
2003579,24,8335366
2004791,26,8335366
2006004,21,8335366
2007215,26,8335366
2008428,24,8328686
2009641,23,8328686
2010852,23,8328686
2012065,23,8328686
2013276,28,8328686
2021762,30,8328686
2022974,30,8328686
2024186,30,8328686
2025398,33,8328686
2026611,30,8328686
2027823,28,8328686
2029035,31,8333928
2030247,26,8333886
2031459,23,8336446
2032672,25,8336446
2033884,25,8336446
2035096,27,8336446
2036309,22,8336446
2037521,23,8336446
2038734,24,8336446
2039946,23,8336446
2041158,25,8336446
2042370,25,8336446
2043582,31,8336446
2044795,29,8336446
2046007,30,8336446
2047220,31,8336446
2048431,34,8336446
2049644,30,8336446
2050857,31,8335469
2052069,24,8335469
2053280,24,8335469
2054493,27,8335469
2055705,28,8335469
2056918,30,8335469
2058130,29,8335469
2059342,30,8335469
2060554,30,8335469
2061766,30,8335469
2062979,30,8335624
2064191,22,8335624
2065403,32,8335624
2066615,30,8335624
2067828,30,8335624
2069040,32,8335624
2070252,29,8335624
2071464,27,8335624
2072677,29,8335624
2073889,29,8339118
2075102,28,8339118
2076314,28,8339118
2077527,35,8339118
2078739,33,8339118
2079950,27,8339118
2081163,27,8339118
2082375,27,8339118
2083588,31,8339118
2084799,29,8334852
2086012,23,8334852
2087225,30,8334852
2088436,32,8334852
2089649,32,8334852
2090861,27,8334852
2092073,30,8334852
2093285,27,8334852
2094498,31,8334852
2095710,31,8333568
2096923,21,8333568
2098134,29,8333568
2105409,37,8333568
2106620,28,8336035
2107833,24,8336035
2109045,30,8336035
2110257,28,8336035
2111470,26,8336035
2112682,32,8336035
2113893,32,8336035
2115106,29,8336035
2116318,30,8336035
2117530,28,8335418
2118742,24,8335418
2119955,29,8335418
2121167,28,8335418
2122379,29,8335418
2123591,30,8335418
2124804,28,8335418
2126016,29,8335418
2127228,32,8335418
2128440,30,8334133
2129653,23,8334133
2130866,30,8334133
2132078,28,8334133
2133289,29,8334133
2134502,28,8334133
2135714,31,8334133
2136926,29,8334133
2138138,30,8334133
2139351,28,8332129
2140563,25,8332129
2141775,31,8332129
2142987,30,8332129
2144199,29,8332129
2145412,31,8332129
2146625,29,8332129
2147837,29,8332129
2149049,28,8332129
2150261,31,8336137
2151473,21,8334082
2152685,27,8334082
2153898,26,8334082
2155110,23,8334082
2156323,20,8334082
2157535,26,8334082
2158746,25,8334082
2159959,26,8334082
2161171,23,8334082
2162384,25,8337576
2163595,24,8337576
2164807,25,8337576
2166020,23,8337576
2167232,24,8337576
2168445,22,8337576
2169656,23,8337576
2170869,24,8337576
2172081,26,8337576
2173294,22,8340352
2174506,22,8340352
2175718,25,8340352
2176930,25,8340352
2178143,22,8340352
2179355,21,8340352
2180567,24,8340352
2181779,31,8340352
2190265,32,8340352
2191477,34,8340352
2192690,30,8340352
2193901,28,8335726
2195114,24,8335675
2196327,23,8335675
2197539,25,8335675
2198751,24,8335675
2199963,23,8335675
2201175,27,8335675
2202387,30,8335675
2203599,27,8335675
2204812,25,8335675
2206024,23,8335669
2207237,29,8334133
2208448,25,8334133
2209660,26,8334133
2210873,24,8334133
2212086,25,8334133
2213297,24,8334133
2214510,23,8334133
2215722,25,8334133
2216935,24,8334278
2218147,23,8334278
2219359,29,8334278
2220571,31,8334278
2221783,34,8334278
2222995,30,8334278
2224208,29,8334278
2225419,30,8334278
2226632,33,8331718
2227844,23,8331718
2229056,29,8331718
2230268,30,8331718
2231480,32,8331718
2232692,30,8331718
2233905,32,8331718
2235117,32,8331718
2236329,30,8331718
2237541,32,8331718
2238754,29,8341071
2239966,24,8341071
2241178,29,8341071
2242390,33,8341071
2243603,29,8341071
2244815,29,8341071
2246027,33,8341071
2247240,31,8341071
2248452,25,8341071
2249665,27,8332180
2250877,26,8332180
2252089,31,8332180
2253301,29,8332180
2254513,30,8332180
2255726,30,8332180
2256938,30,8332180
2258150,28,8332180
2259363,26,8332180
2260574,28,8336497
2261787,23,8336497
2262999,27,8336497
2264211,31,8336497
2265423,26,8336497
2266636,26,8336497
2273909,35,8336497
2275121,29,8336497
2276335,31,8336497
2277546,31,8336497
2278759,29,8336497
2279971,30,8336497
2281184,28,8336497
2282395,33,8332848
2283607,25,8332848
2284820,29,8332848
2286032,32,8332848
2287245,31,8332848
2288457,28,8332848
2289669,28,8332848
2290882,32,8332848
2292094,30,8332848
2293306,29,8333774
2294518,25,8333774
2295730,28,8333774
2296943,30,8333774
2298155,25,8333774
2299367,28,8333774
2300579,29,8333774
2301792,33,8333774
2303005,29,8333774
2304216,31,8333465
2305429,24,8333465
2306641,29,8333465
2307853,26,8333465
2309066,29,8333465
2310278,28,8333465
2311490,29,8333465
2312702,32,8333465
2313914,30,8333465
2315126,31,8335264
2316340,23,8335264
2317551,30,8335264
2318763,26,8335264
2319976,33,8335264
2321188,25,8335264
2322400,31,8335264
2323613,33,8335264
2324825,29,8335264
2326037,31,8334544
2327249,25,8335881
2328462,20,8335881
2329674,23,8335881
2330886,27,8335881
2332099,27,8335881
2333311,22,8335881
2334523,24,8335881
2335735,25,8335881
2336947,22,8335881
2338160,20,8334596
2339372,26,8334596
2340583,22,8334596
2341796,25,8334596
2343008,24,8334596
2344220,24,8334596
2345433,26,8334596
2346644,27,8334596
2347857,27,8334596
2349070,25,8334596
2350281,33,8334596
2358767,26,8334596
2359979,23,8336086
2361191,24,8336086
2362404,25,8336086
2363616,26,8336086
2364828,22,8336086
2366041,27,8336086
2367252,22,8336086
2368465,23,8336086
2369677,26,8336086
2370889,25,8342870
2372102,24,8342870
2373314,25,8342870
2374526,23,8342870
2375739,23,8342870
2376951,25,8342870
2378163,24,8342870
2379375,26,8342870
2380587,24,8342870
2381800,26,8343003
2383012,21,8337371
2384224,24,8337371
2385437,24,8337371
2386649,23,8337371
2387861,22,8337371
2389073,23,8337371
2390286,23,8337371
2391498,23,8337371
2392710,24,8337205
2393923,26,8334133
2395135,29,8334133
2396347,27,8334133
2397559,27,8334133
2398771,24,8334133
2399983,23,8334133
2401195,25,8334133
2402408,26,8334133
2403620,25,8334133
2404832,25,8334133
2406045,32,8334133
2407257,30,8334133
2408469,27,8334133
2409682,28,8334133
2410894,28,8334133
2412106,33,8334133
2413319,36,8338193
2414530,24,8338193
2415743,23,8338193
2416955,29,8338193
2418168,28,8338193
2419380,33,8338193
2420593,29,8338193
2421804,28,8338193
2423017,32,8338193
2424229,28,8338193
2425442,31,8329816
2426654,25,8329816
2427867,30,8329816
2429079,29,8329816
2430291,29,8329816
2431503,33,8329816
2432716,29,8329816
2433928,30,8329816
2435140,31,8329816
2442414,36,8329816
2443626,28,8329816
2444839,30,8329816
2446051,26,8329816
2447263,31,8332951
2448476,20,8332951
2449688,30,8332951
2450901,30,8332951
2452113,36,8332951
2453326,29,8332951
2454538,32,8332951
2455750,29,8332951
2456962,29,8332951
2458175,30,8337628
2459387,25,8337628
2460599,28,8337628
2461812,29,8337628
2463024,31,8337628
2464237,30,8337628
2465449,31,8337628
2466662,26,8337628
2467873,30,8337628
2469086,29,8338039
2470298,21,8338039
2471510,31,8338039
2472723,31,8338039
2473935,30,8338039
2475148,29,8338039
2476360,31,8338039
2477572,29,8338039
2478785,29,8338039
2479997,29,8331409
2481210,29,8331409
2482422,27,8331409
2483634,31,8331409
2484847,29,8331409
2486059,28,8331409
2487271,30,8331409
2488484,31,8331409
2489696,32,8331409
2490909,29,8334544
2492121,24,8334544
2493334,29,8334544
2494546,31,8334544
2495759,29,8334544
2496971,29,8334544
2498184,30,8334544
2499396,30,8334544
2500609,32,8334544
2501821,30,8332180
2503033,26,8332180
2504246,30,8332180
2505459,28,8332180
2506671,29,8332180
2507883,31,8332180
2509095,28,8332180
2510308,29,8332180
2511520,31,8332180
2512732,32,8334184
2513946,26,8334236
2515158,23,8334236
2516370,24,8334236
2517582,23,8334236
2518795,30,8334236
2527282,24,8334236
2528494,26,8334236
2529706,28,8334236
2530918,28,8334236
2532131,31,8334236
2533343,28,8334236
2534556,29,8336497
2535768,23,8335624
2536980,22,8335624
2538193,25,8335624
2539405,23,8335624
2540618,25,8335624
2541830,26,8335624
2543043,27,8335624
2544255,23,8335624
2545467,21,8335624
2546680,23,8337987
2547892,26,8337987
2549105,25,8337987
2550318,22,8337987
2551530,27,8337987
2552742,24,8337987
2553955,24,8337987
2555167,23,8337987
2556380,23,8337987
2557591,23,8337987
2558804,26,8337987
2560016,25,8337987
2561228,24,8337987
2562441,26,8337987
2563654,27,8337987
2564866,22,8337987
2566079,23,8337987
2567291,25,8337987
2568503,25,8338140
2569716,26,8337628
2570928,26,8337628
2572140,22,8337628
2573352,26,8337628
2574565,24,8337628
2575778,23,8337628
2576989,24,8337628
2578202,26,8337628
2579415,26,8337591
2580627,25,8341431
2581839,24,8341431
2583052,22,8341431
2584264,22,8341431
2585476,19,8341431
2586689,22,8341431
2587901,25,8341431
2589114,26,8341431
2590326,22,8341431
2591538,27,8341431
2592750,30,8341431
2593963,31,8341431
2595175,28,8341431
2596388,33,8341431
2597600,30,8341431
2598813,32,8341431
2600025,31,8341431
2601237,32,8332334
2602450,24,8332334
2603662,30,8332334
2610937,38,8341482
2612150,37,8341482
2613363,24,8341482
2614574,30,8341482
2615787,31,8341482
2616999,29,8341482
2618212,32,8341482
2619424,28,8341482
2620637,31,8341482
2621850,30,8341482
2623062,29,8335726
2624275,25,8335726
2625487,30,8335726
2626699,29,8335726
2627912,31,8335726
2629125,31,8335726
2630337,29,8335726
2631549,29,8335726
2632762,31,8335726
2633975,31,8335212
2635187,23,8335212
2636400,32,8335212
2637612,30,8335212
2638825,28,8335212
2640037,31,8335212
2641250,31,8335212
2642462,28,8335212
2643674,30,8335212
2644887,28,8336600
2646100,21,8336600
2647312,28,8336600
2648524,29,8336600
2649737,31,8336600
2650950,29,8336600
2652161,28,8336600
2653374,30,8336600
2654587,29,8336600
2655799,29,8333979
2657011,23,8333979
2658224,30,8333979
2659436,34,8333979
2660649,30,8333979
2661861,31,8333979
2663074,30,8333979
2664286,30,8333979
2665499,31,8333979
2666711,29,8333260
2667923,25,8333260
2669136,33,8333260
2670348,29,8333260
2671561,29,8333260
2672774,28,8333260
2673986,31,8333260
2675198,32,8333260
2676411,29,8333260
2677623,26,8336343
2678835,24,8336343
2680049,33,8336343
2681261,30,8336343
2682473,26,8336343
2683686,29,8336343
2684898,31,8336343
2686110,28,8336343
2687322,33,8336343
2695810,31,8336343
2697023,33,8336343
2698235,31,8336343
2699448,28,8331769
2700661,23,8337422
2701873,23,8337422
2703086,26,8337422
2704298,22,8337422
2705510,23,8337422
2706723,24,8337422
2707935,29,8337422
2709148,23,8337422
2710360,23,8337422
2711572,23,8334904
2712785,25,8334904
2713997,23,8334904
2715209,22,8334904
2716422,24,8334904
2717635,24,8334904
2718847,26,8334904
2720059,26,8334904
2721272,23,8334904
2722485,20,8334390
2723697,25,8334390
2724910,24,8334390
2726122,22,8334390
2727335,21,8334390
2728547,25,8334390
2729759,24,8334390
2730972,27,8334390
2732184,25,8334390
2733396,26,8331512
2734609,23,8331512
2735822,23,8331512
2737034,24,8331512
2738247,24,8331512
2739459,22,8331512
2740671,23,8331512
2741885,24,8331512
2743096,28,8331512
2744309,23,8331512
2745521,22,8331512
2746734,25,8331512
2747947,27,8331512
2749158,24,8331512
2750371,23,8331512
2751583,27,8331512
2752797,25,8331512
2754008,24,8331512
2755221,26,8331275
2756433,26,8336651
2757646,24,8336651
2758858,25,8336651
2760070,26,8336651
2761283,25,8336651
2762496,23,8336651
2763708,26,8336651
2764921,24,8336651
2766133,26,8336769
2767345,21,8327041
2768558,27,8327041
2769770,21,8327041
2770983,22,8327041
2772195,27,8327041
2780683,32,8327041
2781895,32,8327041
2783108,32,8327041
2784320,29,8327041
2785533,31,8327041
2786746,30,8327041
2787957,33,8337628
2789170,22,8337628
2790383,31,8337628
2791595,31,8337628
2792808,31,8337628
2794021,30,8337628
2795233,27,8337628
2796446,32,8337628
2797658,30,8337628
2798870,32,8337165
2800083,24,8337165
2801295,32,8337165
2802507,31,8337165
2803721,31,8337165
2804933,30,8337165
2806145,29,8337165
2807358,28,8337165
2808571,30,8337165
2809782,33,8334184
2810995,23,8334184
2812208,29,8334184
2813420,31,8334184
2814633,32,8334184
2815845,30,8334184
2817057,28,8334184
2818271,28,8334184
2819483,30,8334184
2820695,31,8334904
2821907,27,8334904
2823120,27,8334904
2824332,27,8334904
2825545,29,8334904
2826758,24,8334904
2827970,30,8334904
2829182,29,8334904
2830395,32,8334904
2831607,31,8332283
2832820,26,8332283
2834033,29,8332283
2835245,30,8332283
2836458,28,8332283
2837670,31,8332283
2838882,32,8332283
2840095,31,8332283
2841308,31,8332283
2842519,32,8337576
2843732,26,8337576
2844944,30,8337576
2846157,27,8337576
2847370,28,8337576
2848582,32,8337576
2849795,32,8337576
2851007,29,8337576
2852220,31,8337576
2853432,33,8334544
2854644,24,8334544
2855856,29,8334544
2857069,32,8334544
2864344,26,8337679
2865556,25,8337679
2866769,30,8337679
2867981,29,8337679
2869193,27,8337679
2870406,31,8337679
2871618,32,8337679
2872831,31,8337679
2874043,28,8337679
2875256,30,8335264
2876468,21,8335264
2877681,32,8335264
2878892,29,8335264
2880105,33,8335264
2881318,33,8335264
2882530,29,8335264
2883742,31,8335264
2884954,30,8335264
2886167,32,8335315
2887380,25,8336395
2888592,25,8336395
2889805,25,8336395
2891016,21,8336395
2892229,27,8336395
2893442,27,8336395
2894654,25,8336395
2895866,25,8336395
2897079,22,8336395
2898291,23,8331255
2899504,26,8331255
2900717,24,8331255
2901929,26,8331255
2903141,22,8331255
2904353,23,8331255
2905566,25,8331255
2906778,22,8331255
2907990,25,8331255
2909204,26,8335161
2910416,23,8335161
2911628,28,8335161
2912840,25,8335161
2914053,27,8335161
2915265,21,8335161
2916478,24,8335161
2917690,25,8335161
2918903,24,8335161
2920115,26,8334596
2921327,21,8334596
2922540,23,8334596
2923752,23,8334596
2924964,24,8334596
2926177,22,8334596
2927389,29,8334596
2928602,26,8334596
2929814,21,8334596
2931027,25,8334731
2932239,24,8329611
2933452,19,8329611
2934664,25,8329611
2935877,25,8329611
2937088,29,8329611
2938302,27,8329611
2939513,21,8329611
2940726,34,8329611
2948000,22,8329611
2949213,30,8329611
2950425,35,8329611
2951638,29,8337731
2952851,28,8337829
2954063,25,8336549
2955275,25,8336549
2956488,24,8336549
2957700,25,8336549
2958913,22,8336549
2960126,27,8336549
2961338,25,8336549
2962550,23,8336549
2963763,25,8336549
2964976,22,8336549
2966188,27,8336549
2967401,29,8336549
2968613,28,8336549
2969826,25,8336549
2971038,32,8336549
2972250,30,8336549
2973463,26,8336549
2974675,29,8341379
2975888,30,8341379
2977100,28,8341379
2978313,29,8341379
2979525,32,8341379
2980738,32,8341379
2981950,30,8341379
2983163,33,8341379
2984375,30,8341379
2985587,25,8338501
2986800,24,8338501
2988013,30,8338501
2989225,32,8338501
2990438,29,8338501
2991650,35,8338501
2992862,29,8338501
2994074,31,8338501
2995287,32,8338501
2996499,31,8333414
2997712,25,8333414
2998925,31,8333414
3000137,29,8333414
3001349,30,8333414
3002561,33,8333414
3003774,31,8333414
3004986,33,8333414
3006200,32,8333414
3007411,27,8334236
3008623,25,8334236
3009836,32,8334236
3011048,32,8334236
3012261,29,8334236
3013474,30,8334236
3014686,28,8334236
3015898,29,8334236
3017110,32,8334236
3018324,32,8333260
3019536,25,8333260
3020748,30,8333260
3021960,29,8333260
3023173,29,8333260
3024385,28,8333260
3032872,30,8333260
3034085,31,8333260
3035297,29,8333260
3036510,26,8333260
3037722,27,8333260
3038936,30,8333260
3040148,34,8335829
3041360,26,8335829
3042573,28,8335829
3043784,31,8335829
3044998,29,8335829
3046210,31,8335829
3047423,26,8335829
3048635,32,8335829
3049847,33,8335829
3051059,25,8338347
3052272,27,8338347
3053484,29,8338347
3054697,31,8338347
3055909,36,8338347
3057122,26,8338347
3058334,33,8338347
3059546,32,8338347
3060759,27,8338347
3061971,29,8335058
3063183,21,8335058
3064396,31,8335058
3065608,28,8335058
3066820,28,8335058
3068033,34,8335058
3069245,32,8335058
3070458,30,8335058
3071670,31,8335058
3072882,31,8332334
3074094,24,8334082
3075307,25,8334082
3076519,23,8334082
3077732,27,8334082
3078945,24,8334082
3080156,23,8334082
3081369,24,8334082
3082582,24,8334082
3083794,22,8334082
3085006,22,8333516
3086218,27,8333516
3087432,27,8333516
3088643,26,8333516
3089856,26,8333516
3091068,21,8333516
3092280,26,8333516
3093493,23,8333516
3094706,21,8333516
3095918,27,8334390
3097131,29,8334390
3098343,23,8334390
3099556,25,8334390
3100768,20,8334390
3101980,23,8334390
3103192,22,8334390
3104405,22,8334390
3105618,25,8334390
3106830,23,8334544
3108043,28,8334544
3109255,29,8334544
3117742,36,8334393
3118955,25,8335161
3120167,22,8335161
3121379,23,8335161
3122591,24,8335161
3123805,23,8335161
3125017,28,8335161
3126229,27,8335161
3127442,24,8335161
3128654,22,8335119
3129866,23,8337679
3131080,26,8337679
3132292,22,8337679
3133504,21,8337679
3134716,26,8337679
3135929,29,8337679
3137141,26,8337679
3138354,26,8337679
3139566,24,8337770
3140779,21,8337770
3141992,31,8337770
3143204,32,8337770
3144416,28,8337770
3145629,29,8337770
3146841,29,8337770
3148053,30,8337770
3149266,30,8334698
3150478,19,8334698
3151690,26,8334698
3152903,30,8334698
3154115,31,8334698
3155328,31,8334698
3156540,30,8334698
3157752,32,8334698
3158964,30,8334698
3160176,30,8334698
3161390,32,8334236
3162602,23,8334236
3163814,31,8334236
3165027,31,8334236
3166239,29,8334236
3167452,27,8334236
3168663,29,8334236
3169876,27,8334236
3171089,31,8334236
3172300,31,8336137
3173513,24,8336137
3174725,33,8336137
3175938,32,8336137
3177151,27,8336137
3178363,27,8336137
3179575,31,8336137
3180788,32,8336137
3181999,30,8336137
3183212,34,8337833
3184424,28,8337833
3185637,32,8337833
3186849,34,8337833
3188061,27,8337833
3189273,29,8337833
3190486,27,8337833
3191698,26,8337833
3192911,30,8337833
3194123,33,8337833
3201397,38,8337833
3202610,27,8337833
3203822,30,8337833
3205034,29,8332386
3206247,28,8332386
3207459,27,8332386
3208671,30,8332386
3209884,27,8332386
3211097,27,8332386
3212308,30,8332386
3213520,30,8332386
3214733,31,8332386
3215946,32,8334750
3217158,21,8334750
3218371,32,8334750
3219582,29,8334750
3220795,26,8334750
3222007,29,8334750
3223219,31,8334750
3224432,35,8334750
3225645,29,8334750
3226856,31,8338501
3228070,25,8338501
3229281,31,8338501
3230494,30,8338501
3231706,29,8338501
3232918,29,8338501
3234131,33,8338501
3235343,31,8338501
3236556,27,8338501
3237769,31,8336240
3238981,25,8336240
3240193,28,8336240
3241406,28,8336240
3242618,31,8336240
3243830,31,8336240
3245043,29,8336240
3246255,30,8336240
3247468,27,8336240
3248679,27,8333774
3249892,30,8337782
3251104,25,8337782
3252316,20,8337782
3253529,26,8337782
3254741,27,8337782
3255954,23,8337782
3257166,20,8337782
3258379,26,8337782
3259591,30,8337782
3260803,30,8337063
3262016,24,8337063
3263228,33,8337063
3264441,30,8337063
3265653,24,8337063
3266865,31,8337063
3268078,30,8337063
3269290,25,8337063
3270502,22,8337063
3271715,27,8335881
3272927,27,8335881
3274140,30,8335881
3275351,21,8335881
3276564,26,8335881
3277776,31,8335881
3286262,29,8335881
3287475,31,8335881
3288687,32,8335881
3289900,28,8335881
3291113,35,8335881
3292324,33,8343435
3293537,28,8337473
3294750,24,8337473
3295963,23,8337473
3297175,22,8337473
3298387,26,8337473
3299599,23,8337473
3300812,24,8337473
3302025,22,8337473
3303236,28,8337473
3304449,25,8337522
3305662,23,8336754
3306874,24,8336754
3308086,28,8336754
3309299,21,8336754
3310511,22,8336754
3311723,27,8336754
3312936,24,8336754
3314148,27,8336754
3315361,24,8336859
3316574,24,8337371
3317786,16,8337371
3318998,26,8337371
3320210,21,8337371
3321423,23,8337371
3322635,30,8337371
3323847,26,8337371
3325059,25,8337371
3326272,27,8337371
3327485,20,8337371
3328697,31,8337371
3329909,28,8337371
3331121,29,8337371
3332334,34,8337371
3333547,31,8337371
3334759,29,8337371
3335971,35,8330639
3337184,28,8330639
3338397,28,8330639
3339609,31,8330639
3340822,32,8330639
3342034,31,8330639
3343247,29,8330639
3344460,29,8330639
3345671,28,8330639
3346884,30,8330639
3348097,28,8333465
3349309,27,8333465
3350522,34,8333465
3351734,32,8333465
3352946,36,8333465
3354159,28,8333465
3355371,26,8333465
3356583,29,8333465
3357797,29,8333465
3359008,30,8337473
3360221,30,8337473
3361433,37,8337473
3362646,34,8331050
3369921,36,8331050
3371133,32,8331050
3372345,30,8331050
3373558,38,8331050
3374770,28,8331050
3375983,36,8331050
3377196,34,8331050
3378407,32,8331050
3379620,36,8331050
3380832,69,8331050
3382046,76,8331050
3383258,42,8331050
3384470,26,8331050
3385682,61,8331050
3386895,64,8331050
3388107,44,8331050
3389320,44,8331050
3390532,65,8331050
3391744,51,8332437
3392957,25,8332437
3394169,47,8332437
3395381,59,8332437
3396594,43,8332437
3397806,27,8332437
3399019,59,8332437
3400232,66,8332437
3401443,50,8332437
3402656,28,8335624
3403868,39,8335624
3405081,39,8335624
3406293,48,8335624
3407505,35,8335624
3408718,50,8335624
3409930,67,8335624
3411143,57,8335624
3412355,46,8335624
3413568,34,8337371
3414779,45,8337371
3415993,54,8337371
3417205,34,8337371
3418418,25,8337371
3419630,49,8337371
3420842,33,8337371
3422054,36,8337371
3423267,28,8337371
3424479,31,8337217
3425691,29,8337217
3426903,29,8337217
3428117,36,8337217
3429329,42,8337217
3430541,29,8337217
3431753,29,8337217
3432966,34,8337217
3434178,36,8337217
3435391,41,8331666
3436603,28,8334544
3437815,36,8334544
3439027,39,8334544
3440240,36,8334544
3441452,31,8334544
3442664,27,8334544
3443877,34,8334544
3445089,31,8334544
3446302,32,8334544
3454789,32,8334544
3456001,34,8334544
3457213,31,8333208
3458426,28,8333208
3459638,37,8333208
3460850,36,8333208
3462063,29,8333208
3463275,21,8333208
3464487,29,8333208
3465699,36,8333208
3466912,55,8333208
3468125,59,8333208
3469337,10,8338039
3470549,75,8338039
3471762,82,8338039
3472974,56,8338039
3474187,21,8338039
3475399,69,8338039
3476612,82,8338039
3477823,71,8338039
3479036,62,8338039
3480248,73,8330022
3481461,118,8330022
3482673,117,8330022
3483886,85,8330022
3485098,29,8330022
3486311,89,8330022
3487522,107,8330022
3488735,88,8330022
3489947,25,8330022
3491159,93,8329996
3492372,151,8336908
3493584,131,8336908
3494797,36,8336908
3496010,57,8336908
3497221,125,8336908
3498434,133,8336908
3499647,98,8336908
3500858,30,8336908
3502071,85,8336967
3503283,141,8339015
3504496,136,8339015
3505708,59,8339015
3506921,45,8339015
3508132,109,8339015
3509345,112,8339015
3510557,67,8339015
3511770,40,8339015
3512982,115,8339015
3514194,119,8339015
3515407,62,8339015
3516619,32,8339015
3517833,82,8339015
3519045,104,8339015
3520257,86,8339015
3521470,15,8339015
3522682,57,8336446
3523894,83,8336446
3525106,71,8336446
3526320,25,8336446
3527532,46,8336446
3528744,65,8336446
3529956,108,8336446
3531168,112,8336446
3538443,17,8336446
3539655,46,8336446
3540867,58,8336446
3542080,74,8336446
3543293,41,8336446
3544504,59,8336446
3545717,70,8338656
3546929,75,8338656
3548142,29,8338656
3549354,45,8338656
3550567,59,8338656
3551780,65,8338656
3552991,40,8338656
3554203,64,8338656
3555417,66,8338656
3556628,49,8336137
3557841,37,8336137
3559053,34,8336137
3560266,45,8336137
3561478,45,8336137
3562691,21,8336137
3563903,29,8336137
3565115,69,8336137
3566328,52,8336137
3567541,36,8335624
3568752,25,8335624
3569966,48,8335624
3571177,58,8335624
3572391,54,8335624
3573603,30,8335624
3574815,40,8335624
3576027,46,8335624
3577239,54,8335624
3578453,33,8335264
3579664,31,8335264
3580877,46,8335264
3582089,54,8335264
3583302,39,8335264
3584514,21,8335264
3585726,36,8335264
3586939,36,8335264
3588152,65,8335264
3589364,43,8330587
3590575,43,8330587
3591788,41,8330587
3593001,32,8330587
3594213,46,8330587
3595426,39,8330587
3596638,28,8330587
3597851,41,8330587
3599063,54,8330587
3600275,56,8339581
3601487,31,8339581
3602700,31,8339581
3603913,42,8339581
3605125,66,8339581
3606337,50,8339581
3607550,30,8339581
3608762,68,8339581
3609974,39,8339581
3611187,21,8337576
3612399,36,8337576
3613611,33,8337576
3614823,51,8336805
3622101,32,8336805
3623314,63,8336805
3624522,35,8336805
3625735,40,8336805
3626947,115,8336805
3628160,36,8336805
3629373,69,8336805
3630584,61,8336805
3631797,64,8336805
3633010,42,8336137
3634222,53,8336600
3635435,51,8336600
3636646,55,8336600
3637858,42,8336600
3639071,20,8336600
3640284,28,8336600
3641496,32,8336600
3642708,43,8336600
3643921,30,8336600
3645133,20,8332489
3646345,42,8332489
3647558,44,8332489
3648770,32,8332489
3649983,20,8332489
3651196,35,8332489
3652408,48,8332489
3653621,26,8332489
3654832,35,8332489
3656045,36,8330227
3657258,28,8330227
3658470,24,8330227
3659683,42,8330227
3660895,55,8330227
3662108,43,8330227
3663320,40,8330227
3664532,61,8330227
3665745,71,8330227
3666957,80,8333106
3668169,47,8333106
3669381,25,8333106
3670594,58,8333106
3671807,67,8333106
3673019,38,8333106
3674232,38,8333106
3675444,63,8333106
3676657,69,8333106
3677869,56,8333259
3679081,28,8333003
3680293,40,8333003
3681506,49,8333003
3682718,49,8333003
3683930,35,8333003
3685143,56,8333003
3686356,71,8333003
3687568,58,8333003
3688780,15,8332978
3689993,36,8340146
3691204,54,8340146
3692418,27,8340146
3693630,45,8340146
3694841,53,8340146
3696054,43,8340146
3697266,30,8340146
3698478,52,8340146
3705859,42,8340146
3706965,23,8340146
3708177,44,8340146
3709389,57,8341482
3710602,38,8341482
3711814,47,8341482
3713027,51,8341482
3714239,80,8341482
3715452,73,8341482
3716663,26,8341482
3717876,49,8341482
3719088,69,8341482
3720301,65,8341482
3721513,37,8333414
3722726,31,8333414
3723938,86,8333414
3725150,83,8333414
3726363,64,8333414
3727574,25,8333414
3728787,67,8333414
3729999,86,8333414
3731211,72,8333414
3732424,28,8339889
3733637,42,8339889
3734848,114,8339889
3736061,99,8339889
3737273,61,8339889
3738486,31,8339889
3739698,89,8339889
3740910,118,8339889
3742122,74,8339889
3743335,22,8338090
3744547,98,8338090
3745759,136,8338090
3746972,90,8338090
3748184,33,8338090
3749396,73,8338090
3750609,112,8338090
3751821,95,8338090
3753034,38,8338090
3754247,56,8336189
3755458,100,8336189
3756671,79,8336189
3757883,71,8336189
3759096,21,8336189
3760308,73,8336189
3761520,89,8336189
3762733,64,8336189
3763945,18,8336189
3765158,60,8339838
3766370,76,8339838
3767582,39,8339838
3768795,46,8339838
3770007,61,8339838
3771220,50,8339838
3772432,55,8339838
3773645,40,8339838
3774856,48,8339838
3776069,33,8338399
3777281,34,8338399
3778493,37,8338399
3779706,33,8338399
3780918,32,8338399
3782131,29,8338399
3789405,59,8338399
3790618,71,8338399
3791830,51,8338399
3793043,19,8338399
3794256,32,8338399
3795468,49,8338399
3796681,47,8338399
3797893,17,8334955
3799105,37,8334955
3800317,33,8334955
3801530,31,8334955
3802742,30,8334955
3803954,55,8334955
3805166,33,8334955
3806379,44,8334955
3807591,42,8334955
3808804,33,8335572
3810016,35,8338090
3811229,32,8338090
3812441,29,8338090
3813653,35,8338090
3814866,43,8338090
3816079,31,8338090
3817290,22,8338090
3818503,43,8338090
3819716,56,8338090
3820928,40,8339581
3822140,33,8339581
3823352,46,8339581
3824566,55,8339581
3825778,33,8339581
3826990,32,8339581
3828202,64,8339581
3829415,88,8339581
3830627,57,8339581
3831839,41,8328326
3833051,41,8328326
3834264,86,8328326
3835476,40,8328326
3836689,68,8328326
3837902,20,8328326
3839114,69,8328326
3840326,91,8328326
3841539,85,8328326
3842751,52,8336754
3843964,87,8336754
3845176,132,8336754
3846388,97,8336754
3847601,36,8336754
3848813,41,8336754
3850026,84,8336754
3851238,101,8336754
3852450,46,8336754
3853662,27,8336849
3854875,78,8334801
3856088,122,8334801
3857300,93,8334801
3858513,20,8334801
3859725,56,8334801
3860938,78,8334801
3862150,71,8334801
3863363,32,8334801
3864575,66,8334700
3865787,33,8335212
3874274,58,8335212
3875486,88,8335319
3876699,80,8336343
3877911,24,8336343
3879124,42,8336343
3880336,68,8336343
3881548,66,8336343
3882761,28,8336343
3883973,44,8336343
3885185,62,8336343
3886399,57,8336343
3887610,22,8336343
3888823,38,8336343
3890035,57,8336343
3891248,56,8336343
3892460,33,8336343
3893672,34,8336343
3894884,46,8336343
3896097,43,8336343
3897309,32,8328737
3898522,21,8328737
3899734,45,8328737
3900946,49,8328737
3902159,31,8328737
3903372,52,8328737
3904584,57,8328737
3905797,55,8328737
3907008,42,8328737
3908221,30,8336857
3909433,45,8336857
3910646,49,8336857
3911859,35,8336857
3913071,36,8336857
3914284,56,8336857
3915496,57,8336857
3916709,44,8336857
3917920,25,8336857
3919133,45,8338090
3920346,80,8338090
3921558,101,8338090
3922771,58,8338090
3923983,60,8338090
3925196,93,8338090
3926407,134,8338090
3927620,149,8338090
3928833,45,8338090
3930045,61,8336651
3931257,134,8336651
3932469,182,8336651
3933682,130,8336651
3934895,61,8336651
3936107,164,8336651
3937319,224,8336651
3938531,163,8336651
3939744,66,8336651
3940956,96,8334236
3942169,152,8334236
3943381,137,8334236
3944594,73,8334236
3945806,56,8334236
3947018,152,8334236
3948231,187,8334236
3949443,90,8334236
3950656,110,8334236
3957930,134,8334236
3959142,102,8334236
3960355,21,8334236
3961567,73,8334236
3962780,135,8331872
3963992,109,8331872
3965205,37,8331872
3966418,77,8331872
3967630,135,8331872
3968842,109,8331872
3970054,36,8331872
3971266,57,8331872
3972479,93,8331872
3973691,94,8338399
3974904,52,8338399
3976116,45,8338399
3977329,80,8338399
3978541,78,8338399
3979753,47,8338399
3980966,41,8338399
3982178,57,8338399
3983391,55,8338399
3984603,43,8334493
3985815,21,8337011
3987027,54,8337011
3988240,57,8337011
3989453,29,8337011
3990664,25,8337011
3991877,45,8337011
3993090,52,8337011
3994302,20,8337011
3995515,38,8337011
3996727,58,8331975
3997939,69,8331975
3999152,62,8331975
4000364,22,8331975
4001578,31,8331975
4002789,60,8331975
4004001,69,8331975
4005214,31,8331975
4006426,47,8331975
4007638,22,8337885
4008851,60,8337885
4010064,91,8337885
4011276,55,8337885
4012488,55,8337885
4013701,124,8337885
4014914,107,8337885
4016126,68,8337885
4017339,22,8337885
4018551,87,8333311
4019764,102,8333311
4020976,71,8333311
4022188,15,8333311
4023401,68,8333311
4024613,109,8333311
4025826,94,8333311
4027038,51,8333311
4028250,35,8333311
4029463,61,8337525
4030675,55,8337525
4031887,27,8337525
4033100,48,8337525
4034312,29,8337525
4042799,36,8337525
4044012,58,8337525
4045225,54,8337525
4046437,37,8337525
4047650,37,8337525
4048862,50,8337525
4050074,61,8335624
4051286,34,8335732
4052499,28,8337268
4053712,39,8337268
4054924,47,8337268
4056137,38,8337268
4057349,25,8337268
4058562,39,8337268
4059774,41,8337268
4060986,34,8337268
4062199,29,8337268
4063412,46,8337268
4064624,56,8337268
4065836,44,8337268
4067048,27,8337268
4068261,34,8337268
4069473,44,8337268
4070686,36,8337268
4071898,33,8337268
4073112,25,8337268
4074323,29,8337268
4075536,32,8337268
4076749,31,8337268
4077961,33,8337268
4079174,33,8337268
4080386,40,8337268
4081598,33,8337268
4082811,32,8337268
4084023,32,8334236
4085236,34,8334236
4086449,70,8334236
4087661,89,8334236
4088874,84,8334236
4090086,12,8334236
4091298,77,8334236
4092511,110,8334236
4093723,101,8334236
4094935,36,8332900
4096148,111,8332900
4097360,201,8332900
4098573,142,8332900
4099786,29,8332900
4100998,90,8332900
4102210,201,8332900
4103422,229,8332900
4104635,116,8332900
4105847,69,8337731
4107060,187,8337731
4108272,258,8337731
4109484,213,8337731
4110697,23,8337731
4111910,104,8337731
4113122,204,8337731
4114334,224,8337731
4115547,104,8337731
4116759,80,8341431
4117972,197,8341431
4119184,206,8341431
4126458,57,8341431
4127671,75,8334133
4128883,71,8334133
4130096,52,8334133
4131308,94,8334133
4132520,57,8334133
4133734,19,8334133
4134945,47,8334133
4136158,55,8334133
4137371,65,8334133
4138583,42,8335264
4139795,34,8335264
4141007,34,8335264
4142220,58,8335264
4143433,74,8335264
4144644,40,8335264
4145856,34,8335264
4147069,56,8335264
4148281,98,8335264
4149494,73,8334133
4150707,28,8334133
4151919,80,8334133
4153132,95,8334133
4154344,101,8334133
4155557,47,8334133
4156768,34,8334133
4157982,68,8334133
4159194,98,8334133
4160406,48,8337731
4161618,61,8337731
4162831,103,8337731
4164043,96,8337731
4165256,49,8337731
4166468,37,8337731
4167680,73,8337731
4168892,91,8337731
4170105,93,8337731
4171317,38,8332694
4172530,41,8331358
4173742,67,8331358
4174954,55,8331358
4176167,32,8331358
4177379,52,8331358
4178591,77,8331358
4179804,68,8331358
4181016,32,8331358
4182228,35,8331358
4183441,39,8334390
4184654,119,8334390
4185866,71,8334390
4187078,52,8334390
4188291,33,8334390
4189503,52,8334390
4190715,77,8334390
4191928,57,8334390
4193140,30,8334390
4194352,36,8335418
4195564,73,8335418
4196778,72,8335418
4197990,50,8335418
4199202,24,8335418
4200415,57,8335418
4201626,63,8335418
4202839,40,8335418
4211326,45,8335418
4212538,43,8335418
4213751,25,8335418
4214963,46,8336857
4216175,46,8334236
4217388,48,8334236
4218601,25,8334236
4219813,28,8334236
4221026,41,8334236
4222237,39,8334236
4223450,25,8334236
4224662,25,8334236
4225874,41,8334236
4227087,43,8334147
4228300,42,8337731
4229512,30,8337731
4230725,30,8337731
4231937,22,8337731
4233149,32,8337731
4234361,34,8337731
4235574,23,8337731
4236786,41,8337731
4237999,53,8337794
4239211,41,8341122
4240424,24,8341122
4241637,30,8341122
4242849,40,8341122
4244061,30,8341122
4245274,20,8341122
4246486,38,8341122
4247698,31,8341122
4248911,27,8341122
4250123,33,8341122
4251335,27,8341122
4252548,33,8341122
4253760,33,8341122
4254973,30,8341122
4256185,29,8341122
4257398,37,8341122
4258610,26,8340814
4259822,35,8340814
4261035,31,8340814
4262248,32,8340814
4263459,28,8340814
4264672,29,8340814
4265884,30,8340814
4267097,30,8340814
4268309,28,8340814
4269522,28,8340814
4270734,28,8337833
4271947,23,8337833
4273159,29,8337833
4274371,32,8337833
4275583,31,8337833
4276796,32,8337833
4278009,30,8337833
4279221,29,8337833
4280434,32,8337833
4281645,28,8333774
4282858,24,8333774
4284071,28,8333774
4285282,30,8333774
4286496,30,8333774
4287708,32,8333774
4294982,32,8333774
4296194,34,8333774
4297407,30,8333774
4298619,30,8333774
4299832,31,8333774
4301045,34,8333774
4302256,30,8333774
4303469,30,8335366
4304681,24,8335366
4305894,31,8335366
4307106,31,8335366
4308319,28,8335366
4309530,28,8335366
4310743,28,8335366
4311955,28,8335366
4313168,29,8335366
4314381,31,8337679
4315592,28,8337679
4316805,31,8337679
4318018,29,8337679
4319230,30,8337679
4320443,31,8337679
4321655,27,8337679
4322867,32,8337679
4324080,29,8337679
4325292,30,8331461
4326505,22,8331461
4327717,32,8331461
4328929,31,8331461
4330141,28,8331461
4331354,33,8331461
4332566,31,8331461
4333778,27,8331461
4334991,32,8331461
4336203,31,8335264
4337416,27,8335264
4338629,29,8335264
4339841,28,8335264
4341053,33,8335264
4342265,31,8335264
4343478,31,8335264
4344690,30,8335264
4345903,31,8335264
4347115,30,8335881
4348327,24,8335881
4349539,32,8335881
4350752,32,8335881
4351964,31,8335881
4353177,28,8335881
4354389,35,8335881
4355602,30,8335881
4356814,31,8335881
4358027,29,8334750
4359239,28,8337063
4360452,23,8337063
4361664,24,8337063
4362876,25,8337063
4364089,26,8337063
4365301,25,8337063
4366513,22,8337063
4367726,26,8337063
4368939,24,8337063
4370151,24,8336446
4371363,33,8336446
4379850,37,8336446
4381063,26,8336446
4382275,23,8336446
4383487,21,8336446
4384699,24,8336446
4385912,25,8336446
4387124,23,8336446
4388337,23,8336446
4389549,25,8336446
4390762,25,8336446
4391974,23,8328480
4393186,23,8328480
4394398,25,8328480
4395610,24,8328480
4396823,24,8328480
4398035,25,8328480
4399248,27,8328480
4400460,21,8328480
4401672,27,8328480
4402886,31,8334852
4404097,24,8334852
4405310,24,8334852
4406522,22,8334852
4407735,24,8334852
4408947,22,8334852
4410159,23,8334852
4411371,25,8334852
4412584,27,8334852
4413797,25,8334980
4415009,24,8341636
4416221,26,8341636
4417434,27,8341636
4418646,26,8341636
4419858,23,8341636
4421071,28,8341636
4422283,24,8341636
4423496,25,8341636
4424707,23,8341597
4425920,24,8331101
4427132,24,8331101
4428345,25,8331101
4429558,25,8331101
4430770,23,8331101
4431982,25,8331101
4433195,25,8331101
4434407,23,8331101
4435619,23,8331101
4436831,25,8331101
4438044,34,8331101
4439257,29,8331101
4440469,30,8331101
4441682,29,8331101
4442894,32,8331101
4444106,28,8331101
4445318,31,8339581
4446530,22,8339581
4447743,22,8339581
4448955,27,8339581
4450168,28,8339581
4451380,30,8339581
4452593,29,8339581
4453804,27,8339581
4455018,29,8339581
4456229,31,8339581
4463503,30,8339581
4464716,29,8339581
4465928,33,8339581
4467140,31,8339581
4468352,31,8333003
4469565,26,8333003
4470777,30,8333003
4471990,29,8333003
4473202,27,8333003
4474415,31,8333003
4475627,31,8333003
4476839,31,8333003
4478051,32,8333003
4479264,32,8336549
4480476,20,8336549
4481689,29,8336549
4482900,29,8336549
4484113,30,8336549
4485325,29,8336549
4486537,31,8336549
4487750,32,8336549
4488962,28,8336549
4490175,30,8332694
4491387,26,8332694
4492599,28,8332694
4493811,28,8332694
4495023,28,8332694
4496236,31,8332694
4497448,29,8332694
4498661,29,8332694
4499873,31,8332694
4501085,31,8338399
4502297,22,8338399
4503510,29,8338399
4504722,32,8338399
4505934,30,8338399
4507146,29,8338399
4508358,30,8338399
4509570,30,8338399
4510783,29,8338399
4511995,32,8330998
4513208,25,8330998
4514420,30,8330998
4515633,29,8330998
4516844,31,8330998
4518057,29,8330998
4519269,28,8330998
4520481,30,8330998
4521694,31,8330998
4522906,30,8334133
4524119,26,8334133
4525330,32,8334133
4526544,30,8334133
4527755,29,8334133
4528967,29,8334133
4530180,28,8334133
4531392,31,8334133
4532604,29,8334133
4533817,31,8334596
4535030,25,8334596
4536241,31,8334596
4537454,29,8334596
4538666,33,8334596
4539879,30,8334596
4547153,31,8334596
4548366,29,8334596
4549579,29,8334596
4550790,28,8334596
4552002,31,8334596
4553215,33,8334596
4554427,30,8334596
4555639,28,8335983
4556852,24,8335983
4558065,22,8335983
4559276,21,8335983
4560489,23,8335983
4561701,23,8335983
4562914,28,8335983
4564126,22,8335983
4565338,23,8335983
4566551,25,8335983
4567763,22,8334904
4568975,23,8334904
4570187,22,8334904
4571400,26,8334904
4572612,25,8334904
4573824,25,8334904
4575038,25,8334904
4576249,22,8334904
4577462,21,8334904
4578674,23,8332437
4579887,23,8332437
4581098,26,8332437
4582311,22,8332437
4583524,23,8332437
4584735,27,8332437
4585948,22,8332437
4587160,24,8332437
4588373,25,8332437
4589585,25,8332437
4590798,22,8332437
4592010,25,8332437
4593222,25,8332437
4594435,28,8332437
4595647,26,8332437
4596860,21,8332437
4598072,23,8332437
4599284,26,8332437
4600497,21,8332299
4601709,28,8336395
4602922,25,8336395
4604134,28,8336395
4605346,20,8336395
4606559,25,8336395
4607771,22,8336395
4608983,25,8336395
4610196,24,8336395
4611408,24,8336627
4612621,21,8330227
4613833,27,8330227
4615045,23,8330227
4616257,22,8330227
4617470,22,8330227
4618682,25,8330227
4619894,26,8330227
4621107,21,8330227
4622319,24,8330227
4623531,28,8330227
4630859,32,8330227
4632017,31,8330227
4633231,29,8337319
4634443,25,8337319
4635655,29,8337319
4636867,29,8337319
4638079,32,8337319
4639292,30,8337319
4640504,32,8337319
4641717,29,8337319
4642929,32,8337319
4644141,31,8336549
4645353,23,8336549
4646566,31,8336549
4647778,31,8336549
4648990,28,8336549
4650203,29,8336549
4651416,31,8336549
4652627,30,8336549
4653840,30,8336549
4655052,29,8337782
4656265,28,8337782
4657478,27,8337782
4658690,33,8337782
4659901,31,8337782
4661114,32,8337782
4662327,32,8337782
4663539,30,8337782
4664751,31,8337782
4665963,33,8338810
4667176,24,8338810
4668388,33,8338810
4669600,31,8338810
4670814,27,8338810
4672026,29,8338810
4673238,28,8338810
4674450,28,8338810
4675663,30,8338810
4676875,30,8338450
4678088,26,8338450
4679299,31,8338450
4680512,32,8338450
4681724,30,8338450
4682936,29,8338450
4684149,30,8338450
4685361,30,8338450
4686574,31,8338450
4687786,30,8337319
4688998,25,8337319
4690211,29,8337319
4691423,28,8337319
4692635,30,8337319
4693848,28,8337319
4695060,31,8337319
4696273,29,8337319
4697486,28,8337319
4698698,28,8334390
4699910,26,8334390
4701123,29,8334390
4702335,30,8334390
4703547,32,8334390
4704759,30,8334390
4705972,31,8334390
4707184,31,8334390
4714459,29,8334390
4715671,31,8334390
4716883,28,8334390
4718097,27,8334390
4719309,30,8334390
4720521,29,8337371
4721734,26,8337371
4722946,29,8337371
4724158,29,8337371
4725371,30,8337371
4726583,30,8337371
4727795,29,8337371
4729007,31,8337371
4730220,30,8337371
4731432,32,8339375
4732644,26,8333619
4733857,24,8333619
4735070,23,8333619
4736281,25,8333619
4737494,25,8333619
4738706,23,8333619
4739918,25,8333619
4741132,28,8333619
4742344,25,8333619
4743556,26,8331923
4744769,21,8331923
4745981,24,8331923
4747193,25,8331923
4748405,25,8331923
4749618,27,8331923
4750831,24,8331923
4752043,27,8331923
4753255,27,8331923
4754468,22,8338656
4755681,23,8338656
4756893,25,8338656
4758106,27,8338656
4759318,21,8338656
4760530,22,8338656
4761742,23,8338656
4762955,26,8338656
4764167,24,8338656
4765379,22,8335932
4766592,25,8335932
4767805,23,8335932
4769017,24,8335932
4770230,25,8335932
4771442,28,8335932
4772654,25,8335932
4773866,25,8335932
4775080,24,8335932
4776292,21,8335984
4777504,21,8336240
4778716,26,8336240
4779929,26,8336240
4781142,23,8336240
4782353,23,8336240
4783566,26,8336240
4784778,22,8336240
4785991,26,8336240
4787203,27,8336223
4788416,23,8331615
4789628,25,8331615
4790840,34,8334442
4799327,19,8334442
4800540,33,8334442
4801752,21,8334442
4802964,23,8334442
4804177,23,8334442
4805389,27,8334442
4806602,26,8334442
4807814,24,8334442
4809026,23,8334442
4810239,27,8334442
4811451,30,8334442
4812663,29,8334442
4813876,29,8334442
4815088,28,8334442
4816301,31,8334442
4817513,29,8334442
4818726,31,8334442
4819938,28,8338707
4821150,22,8338707
4822363,29,8338707
4823575,29,8338707
4824787,30,8338707
4826000,31,8338707
4827213,32,8338707
4828425,30,8338707
4829638,26,8338707
4830850,28,8337165
4832062,25,8337165
4833274,32,8337165
4834487,28,8337165
4835699,31,8337165
4836911,29,8337165
4838124,30,8337165
4839336,30,8337165
4840549,30,8337165
4841762,28,8336703
4842974,23,8336703
4844186,29,8336703
4845399,32,8336703
4846611,30,8336703
4847823,29,8336703
4849035,30,8336703
4850248,32,8336703
4851460,31,8336703
4852673,30,8336189
4853885,28,8336189
4855097,32,8336189
4856310,30,8336189
4857522,30,8336189
4858735,30,8336189
4859947,29,8336189
4861160,27,8336189
4862372,31,8336189
4863584,29,8334801
4864798,24,8334801
4866010,31,8334801
4867222,31,8334801
4868434,33,8334801
4869647,30,8334801
4870859,28,8334801
4872071,31,8334801
4873284,30,8334801
4874496,29,8334339
4875708,34,8334339
4882982,30,8334339
4884195,28,8334339
4885407,31,8335418
4886620,23,8335418
4887832,28,8335418
4889044,29,8335418
4890257,31,8335418
4891470,27,8335418
4892682,31,8335418
4893894,30,8335418
4895107,28,8335418
4896319,31,8335058
4897531,20,8335058
4898744,32,8335058
4899957,29,8335058
4901169,28,8335058
4902382,27,8335058
4903594,30,8335058
4904806,32,8335058
4906019,31,8335058
4907230,31,8335264
4908443,24,8337679
4909655,23,8337679
4910868,24,8337679
4912080,27,8337679
4913292,25,8337679
4914504,25,8337679
4915717,25,8337679
4916929,23,8337679
4918142,22,8337679
4919354,26,8335521
4920567,27,8335521
4921779,24,8335521
4922991,26,8335521
4924203,26,8335521
4925416,25,8335521
4926628,25,8335521
4927841,24,8335521
4929053,26,8335521
4930265,23,8325088
4931477,23,8325088
4932690,27,8325088
4933902,24,8325088
4935115,23,8325088
4936327,23,8325088
4937540,23,8325088
4938752,23,8325088
4939964,23,8325088
4941176,24,8334596
4942389,27,8334596
4943601,23,8334596
4944814,23,8334596
4946026,23,8334596
4947239,25,8334596
4948452,24,8334596
4949663,24,8334596
4950876,25,8334596
4952088,27,8329765
4953301,21,8329765
4954513,21,8329765
4955726,25,8329765
4956938,25,8329765
4958151,23,8329765
4959363,34,8329765
4967849,31,8329765
4969061,30,8329765
4970274,34,8329765
4971486,30,8329765
4972699,32,8333311
4973911,27,8333162
4975124,20,8334698
4976336,22,8334698
4977548,25,8334698
4978760,23,8334698
4979973,24,8334698
4981184,22,8334698
4982397,25,8334698
4983610,26,8334698
4984822,26,8334698
4986034,22,8334698
4987246,31,8334698
4988459,27,8334698
4989671,31,8334698
4990883,29,8334698
4992096,31,8334698
4993308,30,8334698
4994521,30,8334698
4995733,25,8334698
4996946,22,8334698
4998158,27,8334698
4999370,29,8334698
5000583,31,8334698
5001795,30,8334698
5003007,29,8334698
5004220,29,8334698
5005432,33,8334698
5006644,30,8334287
5007856,24,8334287
5009069,29,8334287
5010282,28,8334287
5011494,29,8334287
5012706,33,8334287
5013919,31,8334287
5015131,32,8334287
5016343,31,8334287
5017556,27,8332386
5018767,24,8332386
5019980,29,8332386
5021192,30,8332386
5022404,31,8332386
5023617,30,8332386
5024829,30,8332386
5026042,29,8332386
5027255,31,8332386
5028467,31,8337268
5029679,25,8337268
5030891,31,8337268
5032104,29,8337268
5033316,30,8337268
5034529,28,8337268
5035742,29,8337268
5036954,31,8337268
5038165,29,8337268
5039379,29,8332540
5040591,25,8332540
5041803,29,8332540
5043015,29,8332540
5044228,29,8334339
5051502,28,8334339
5052714,29,8334339
5053926,30,8334339
5055139,31,8334339
5056351,29,8334339
5057563,30,8334339
5058776,30,8334339
5059988,29,8334339
5061201,30,8334082
5062413,27,8334082
5063626,26,8334082
5064838,31,8334082
5066050,28,8334082
5067262,32,8334082
5068476,29,8334082
5069687,30,8334082
5070899,32,8334082
5072112,33,8333106
5073325,22,8333106
5074537,29,8333106
5075750,30,8333106
5076962,30,8333106
5078174,27,8333106
5079387,33,8333106
5080599,29,8333106
5081811,29,8333106
5083024,30,8336908
5084236,26,8336908
5085449,28,8336908
5086661,33,8336908
5087873,29,8336908
5089086,31,8336908
5090298,32,8336908
5091510,29,8336908
5092722,31,8336908
5093935,30,8336805
5095147,22,8336086
5096359,25,8336086
5097572,23,8336086
5098784,22,8336086
5099997,24,8336086
5101210,24,8336086
5102422,24,8336086
5103634,27,8336086
5104847,26,8336086
5106059,26,8334698
5107271,22,8334698
5108483,23,8334698
5109695,24,8334698
5110908,24,8334698
5112121,25,8334698
5113332,24,8334698
5114546,24,8334698
5115758,24,8334698
5116970,25,8335161
5118182,25,8335161
5119395,28,8335161
5120607,24,8335161
5121819,25,8335161
5123032,23,8335161
5124244,26,8335161
5125457,20,8335161
5126669,24,8335161
5127881,29,8335161
5136369,36,8335161
5137580,30,8333568
5138793,22,8334287
5140006,22,8334287
5141218,24,8334287
5142430,24,8334287
5143643,24,8334287
5144855,23,8334287
5146068,25,8334287
5147280,24,8334287
5148493,22,8334287
5149705,26,8334267
5150918,23,8342715
5152130,21,8342715
5153343,21,8342715
5154555,25,8342715
5155767,24,8342715
5156979,23,8342715
5158192,25,8342715
5159404,27,8342715
5160617,26,8342627
5161829,25,8332643
5163041,26,8332643
5164253,26,8332643
5165466,20,8332643
5166678,25,8332643
5167891,27,8332643
5169103,26,8332643
5170315,22,8332643
5171528,26,8332643
5172740,27,8332643
5173952,28,8332643
5175165,28,8332643
5176378,27,8332643
5177590,30,8332643
5178802,29,8332643
5180014,29,8332643
5181227,28,8332180
5182440,28,8332180
5183652,23,8332180
5184864,31,8332180
5186077,31,8332180
5187289,32,8332180
5188501,27,8332180
5189714,31,8332180
5190926,29,8332180
5192139,31,8332180
5193351,31,8337165
5194564,25,8337165
5195776,30,8337165
5196989,27,8337165
5198201,30,8337165
5199414,31,8337165
5200626,29,8337165
5201839,29,8337165
5203051,31,8337165
5204263,30,8336240
5205476,22,8336240
5206689,30,8336240
5207901,28,8336240
5209113,31,8336240
5210326,29,8336240
5211539,29,8336240
5212751,32,8336240
5220025,21,8336240
5221237,30,8336240
5222450,27,8336240
5223663,30,8336240
5224875,31,8336240
5226088,28,8336086
5227300,24,8336086
5228512,30,8336086
5229725,32,8336086
5230938,35,8336086
5232150,29,8336086
5233363,29,8336086
5234575,27,8336086
5235788,32,8336086
5236999,28,8336446
5238212,24,8336446
5239424,28,8336446
5240637,32,8336446
5241849,30,8336446
5243061,32,8336446
5244274,31,8336446
5245487,30,8336446
5246699,29,8336446
5247911,31,8334544
5249123,24,8334544
5250336,31,8334544
5251548,28,8334544
5252761,29,8334544
5253974,30,8334544
5255186,28,8334544
5256399,32,8334544
5257611,29,8334544
5258823,28,8337063
5260035,24,8337063
5261247,31,8337063
5262461,27,8337063
5263672,31,8337063
5264885,28,8337063
5266098,28,8337063
5267310,30,8337063
5268522,27,8337063
5269735,31,8337473
5270947,24,8337473
5272160,29,8337473
5273372,30,8337473
5274585,31,8337473
5275797,29,8337473
5277009,31,8337473
5278222,31,8337473
5279435,31,8337473
5280647,29,8335315
5281860,24,8337217
5283073,27,8337217
5284284,26,8337217
5285498,23,8337217
5286709,24,8337217
5287922,22,8337217
5289134,21,8337217
5290347,24,8337217
5291559,27,8337217
5292772,25,8332797
5293984,25,8332797
5295197,28,8332797
5296410,29,8334852
5304896,37,8334852
5306109,24,8334852
5307321,22,8334852
5308534,26,8334852
5309746,28,8334852
5310959,24,8334852
5312171,21,8334852
5313384,24,8334852
5314596,25,8335932
5315809,26,8335932
5317020,20,8335932
5318233,28,8335932
5319446,23,8335932
5320658,23,8335932
5321870,27,8335932
5323083,26,8335932
5324295,23,8335932
5325508,24,8336343
5326721,27,8336343
5327933,28,8336343
5329145,22,8336343
5330358,24,8336343
5331570,23,8336343
5332782,22,8336343
5333994,23,8336343
5335207,24,8336343
5336420,24,8336232
5337632,26,8334184
5338844,23,8334184
5340057,24,8334184
5341269,22,8334184
5342482,21,8334184
5343694,25,8334184
5344907,27,8334184
5346118,25,8334184
5347331,23,8334286
5348544,24,8333774
5349756,24,8333774
5350969,24,8333774
5352180,23,8333774
5353393,26,8333774
5354606,27,8333774
5355818,25,8333774
5357030,23,8333774
5358242,25,8333774
5359455,20,8333774
5360667,29,8333774
5361879,29,8333774
5363093,33,8333774
5364305,30,8333774
5365517,29,8333774
5366730,30,8333774
5367942,29,8335418
5369155,23,8335418
5370366,26,8335418
5371579,32,8335418
5372791,28,8335418
5374003,29,8335418
5375216,31,8335418
5376429,30,8335418
5377641,30,8335418
5378853,31,8335418
5380066,30,8337833
5381278,29,8337833
5389765,26,8337833
5390978,31,8334698
5392190,23,8334698
5393403,30,8334698
5394614,29,8334698
5395827,31,8334698
5397039,31,8334698
5398251,28,8334698
5399464,28,8334698
5400676,29,8334698
5401889,28,8334544
5403101,24,8334544
5404314,30,8334544
5405527,31,8334544
5406738,29,8334544
5407951,31,8334544
5409163,28,8334544
5410376,31,8334544
5411588,31,8334544
5412801,29,8334904
5414013,22,8334904
5415225,28,8334904
5416437,30,8334904
5417650,31,8334904
5418862,30,8334904
5420074,29,8334904
5421287,30,8334904
5422499,28,8334904
5423711,30,8336600
5424924,24,8336600
5426136,31,8336600
5427349,27,8336600
5428561,29,8336600
5429774,30,8336600
5430986,29,8336600
5432198,30,8336600
5433411,31,8336600
5434623,29,8333106
5435836,27,8333106
5437048,28,8333106
5438261,27,8333106
5439473,27,8333106
5440686,29,8333106
5441897,30,8333106
5443111,28,8333106
5444323,30,8333106
5445535,29,8337319
5446747,22,8337319
5447959,28,8337319
5449172,28,8337319
5450384,32,8337319
5451597,29,8337319
5452810,29,8337319
5454022,29,8337319
5455234,28,8337319
5456446,29,8335418
5457659,27,8335418
5458871,28,8335418
5460083,33,8335418
5461297,28,8335418
5462509,28,8335418
5463721,28,8335418
5464933,30,8335418
5466145,27,8335418
5473421,31,8335418
5474633,29,8335418
5475846,32,8335418
5477058,30,8335418
5478271,33,8334596
5479483,24,8335212
5480695,25,8335212
5481908,24,8335212
5483120,22,8335212
5484333,22,8335212
5485545,24,8335212
5486757,20,8335212
5487969,23,8335212
5489182,23,8335212
5490395,26,8335212
5491607,24,8335212
5492819,26,8335212
5494032,24,8335212
5495245,25,8335212
5496456,22,8335212
5497669,21,8335212
5498882,24,8335212
5500094,25,8335212
5501306,23,8339786
5502519,23,8339786
5503731,25,8339786
5504944,24,8339786
5506156,24,8339786
5507369,26,8339786
5508580,24,8339786
5509793,21,8339786
5511006,22,8339786
5512217,26,8339684
5513430,28,8339684
5514643,24,8339684
5515855,23,8339684
5517067,26,8339684
5518280,26,8339684
5519493,22,8339684
5520705,27,8339684
5521917,25,8339684
5523130,24,8339557
5524343,22,8333157
5525555,26,8333157
5526767,24,8333157
5527980,22,8333157
5529192,26,8333157
5530405,24,8333157
5531617,23,8333157
5532830,23,8333157
5534042,26,8333079
5535254,22,8339735
5536466,21,8339735
5537679,22,8339735
5538891,26,8339735
5540104,28,8339735
5541316,24,8339735
5542529,24,8339735
5543741,25,8339735
5544954,24,8339735
5546166,23,8339735
5547378,28,8339735
5548591,31,8339735
5549803,27,8339735
5557078,36,8339735
5558290,30,8339735
5559503,30,8339735
5560715,27,8339735
5561927,28,8339735
5563140,32,8339735
5564352,30,8339735
5565564,33,8339735
5566777,28,8335675
5567989,22,8335675
5569202,31,8335675
5570414,28,8335675
5571626,32,8335675
5572840,29,8335675
5574051,32,8335675
5575264,29,8335675
5576477,28,8335675
5577689,30,8331615
5578901,26,8331615
5580114,31,8331615
5581326,32,8331615
5582539,32,8331615
5583751,30,8331615
5584963,29,8331615
5586176,31,8331615
5587389,35,8331615
5588601,30,8334184
5589813,24,8334184
5591026,31,8334184
5592238,28,8334184
5593451,28,8334184
5594662,28,8334184
5595875,31,8334184
5597088,32,8334184
5598300,30,8334184
5599512,28,8335778
5600725,22,8335778
5601937,32,8335778
5603149,26,8335778
5604363,29,8335778
5605575,32,8335778
5606787,31,8335778
5608000,29,8335778
5609213,31,8335778
5610424,30,8333671
5611637,26,8333671
5612850,31,8333671
5614062,29,8333671
5615274,30,8333671
5616488,28,8333671
5617699,29,8333671
5618912,26,8333671
5620125,30,8333671
5621337,30,8331563
5622549,24,8331563
5623762,30,8331563
5624974,28,8331563
5626187,29,8331563
5627400,29,8331563
5628612,29,8331563
5629825,31,8331563
5631037,30,8331563
5632249,30,8333825
5633462,35,8333825
5640859,26,8333825
5641949,31,8333825
5643162,28,8331153
5644374,25,8331153
5645586,30,8331153
5646798,31,8331153
5648011,30,8331153
5649224,29,8331153
5650436,32,8331153
5651649,31,8331153
5652861,28,8331153
5654073,28,8335521
5655285,27,8336343
5656498,25,8336343
5657710,26,8336343
5658923,24,8336343
5660135,24,8336343
5661347,24,8336343
5662560,23,8336343
5663773,21,8336343
5664985,26,8336343
5666197,24,8338656
5667410,26,8338656
5668622,24,8338656
5669834,25,8338656
5671047,25,8338656
5672259,25,8338656
5673472,22,8338656
5674685,27,8338656
5675897,26,8338656
5677109,23,8338656
5678322,22,8338656
5679534,24,8338656
5680747,27,8338656
5681960,22,8338656
5683172,23,8338656
5684384,25,8338656
5685597,25,8338656
5686809,24,8338656
5688021,21,8327144
5689234,25,8327144
5690447,20,8327144
5691658,28,8327144
5692871,27,8327144
5694084,27,8327144
5695296,24,8327144
5696508,21,8327144
5697721,24,8327144
5698933,26,8339940
5700146,25,8339940
5701358,24,8339940
5702571,23,8339940
5703783,26,8339940
5704995,22,8339940
5706207,25,8339940
5707420,24,8339940
5708632,23,8339940
5709845,24,8339865
5711058,26,8333465
5712269,23,8333465
5713482,23,8333465
5714695,22,8333465
5715907,24,8333465
5717119,33,8333465
5725606,28,8333465
5726819,31,8333465
5728031,30,8333465
5729244,31,8333465
5730457,28,8336292
5731669,23,8336292
5732881,26,8336292
5734094,31,8336292
5735307,29,8336292
5736518,28,8336292
5737731,30,8336292
5738943,30,8336292
5740156,29,8336292
5741368,28,8337114
5742580,24,8337114
5743793,26,8337114
5745006,28,8337114
5746218,30,8337114
5747431,33,8337114
5748643,29,8337114
5749855,29,8337114
5751068,28,8337114
5752281,29,8337114
5753493,28,8338810
5754706,28,8338810
5755918,27,8338810
5757131,33,8338810
5758342,30,8338810
5759555,27,8338810
5760767,31,8338810
5761980,29,8338810
5763193,27,8338810
5764406,29,8332489
5765618,27,8332489
5766829,32,8332489
5768042,30,8332489
5769254,31,8332489
5770467,31,8332489
5771679,31,8332489
5772892,31,8332489
5774104,31,8332489
5775317,28,8333876
5776529,25,8333876
5777742,28,8333876
5778954,29,8333876
5780166,28,8333876
5781379,30,8333876
5782591,29,8333876
5783803,30,8333876
5785016,29,8333876
5786229,28,8333928
5787441,27,8333928
5788654,28,8333928
5789865,30,8333928
5791078,31,8333928
5792291,32,8333928
5793503,31,8333928
5794715,30,8333928
5795928,27,8333928
5797141,30,8335521
5798354,20,8335521
5799565,32,8335521
5800778,29,8335521
5801990,31,8334750
5809266,33,8334750
5810478,32,8334750
5811691,28,8334750
5812903,27,8334750
5814115,29,8334750
5815327,30,8334750
5816540,31,8334750
5817752,31,8334750
5818965,31,8334750
5820178,23,8334750
5821391,32,8334750
5822602,29,8334750
5823815,31,8334750
5825027,31,8334750
5826239,29,8334750
5827452,30,8334750
5828664,31,8334750
5829877,31,8335161
5831089,25,8335161
5832302,29,8335161
5833514,28,8335161
5834727,29,8335161
5835939,31,8335161
5837152,27,8335161
5838364,29,8335161
5839578,28,8335161
5840789,30,8336549
5842001,21,8336857
5843213,25,8336857
5844426,23,8336857
5845638,25,8336857
5846851,25,8336857
5848063,23,8336857
5849275,25,8336857
5850488,23,8336857
5851700,24,8336857
5852913,26,8340043
5854125,23,8340043
5855337,22,8340043
5856549,23,8340043
5857762,22,8340043
5858975,23,8340043
5860186,24,8340043
5861400,24,8340043
5862611,23,8340043
5863824,26,8335315
5865036,26,8335315
5866248,23,8335315
5867461,22,8335315
5868673,28,8335315
5869886,26,8335315
5871097,24,8335315
5872310,24,8335315
5873523,28,8335315
5874734,28,8333414
5875947,25,8333414
5877159,23,8333414
5878371,25,8333414
5879583,24,8333414
5880796,24,8333414
5882008,24,8333414
5883220,24,8333414
5884434,25,8333414
5885645,29,8333414
5892920,37,8333414
5894132,35,8333414
5895344,29,8335366
5896557,25,8335520
5897769,19,8335264
5898982,26,8335264
5900193,23,8335264
5901407,25,8335264
5902619,25,8335264
5903831,23,8335264
5905043,27,8335264
5906255,25,8335264
5907468,22,8335162
5908681,23,8335418
5909893,27,8335418
5911105,25,8335418
5912318,25,8335418
5913530,24,8335418
5914742,22,8335418
5915955,25,8335418
5917167,24,8335418
5918379,24,8335418
5919591,24,8335418
5920803,30,8335418
5922016,29,8335418
5923229,30,8335418
5924441,34,8335418
5925654,32,8335418
5926865,30,8335418
5928077,30,8334184
5929290,26,8334184
5930502,24,8334184
5931715,29,8334184
5932927,31,8334184
5934140,30,8334184
5935351,31,8334184
5936564,30,8334184
5937777,32,8334184
5938988,31,8334184
5940201,30,8333362
5941414,27,8333362
5942626,26,8333362
5943838,30,8333362
5945050,29,8333362
5946263,29,8333362
5947476,26,8333362
5948688,28,8333362
5949900,29,8333362
5951113,31,8338142
5952325,23,8338142
5953538,32,8338142
5954750,28,8338142
5955962,30,8338142
5957174,30,8338142
5958387,31,8338142
5959599,30,8338142
5960812,28,8338142
5962025,30,8338501
5963237,22,8338501
5964449,29,8338501
5965662,31,8338501
5966874,32,8338501
5968087,29,8338501
5969298,31,8338501
5977786,29,8338501
5978998,30,8338501
5980210,31,8338501
5981423,29,8338501
5982635,30,8338501
5983848,27,8339221
5985061,26,8339221
5986273,29,8339221
5987486,29,8339221
5988698,30,8339221
5989910,31,8339221
5991122,29,8339221
5992334,29,8339221
5993547,30,8339221
5994759,29,8337576
5995972,23,8337576
5997184,25,8337576
5998396,30,8337576
5999609,29,8337576
6000822,30,8337576
6002034,29,8337576
6003246,30,8337576
6004458,29,8337576
6005671,30,8335778
6006883,25,8335778
6008096,27,8335778
6009308,32,8335778
6010520,32,8335778
6011733,28,8335778
6012945,31,8335778
6014157,29,8335778
6015369,28,8335778
6016582,32,8332797
6017794,25,8332797
6019007,29,8332797
6020220,30,8332797
6021431,31,8332797
6022645,32,8332797
6023857,30,8332797
6025069,27,8332797
6026281,28,8332797
6027494,30,8334082
6028706,25,8337525
6029919,24,8337525
6031131,25,8337525
6032343,21,8337525
6033556,25,8337525
6034769,23,8337525
6035981,25,8337525
6037193,25,8337525
6038406,28,8337525
6039618,23,8335469
6040830,23,8335469
6042042,24,8335469
6043254,22,8335469
6044467,23,8335469
6045679,25,8335469
6046891,29,8335469
6048104,21,8335469
6049317,24,8335469
6050529,24,8336189
6051742,27,8336189
6052954,23,8336189
6054166,31,8334750
6062653,25,8334750
6063865,25,8334750
6065078,26,8334750
6066290,24,8334750
6067503,24,8334750
6068716,22,8334750
6069928,21,8334750
6071140,28,8334750
6072352,20,8334771
6073564,26,8340403
6074777,21,8340403
6075990,23,8340403
6077202,25,8340403
6078415,22,8340403
6079627,25,8340403
6080840,25,8340403
6082052,21,8340403
6083264,25,8340382
6084477,21,8334750
6085689,24,8334750
6086902,24,8334750
6088114,25,8334750
6089327,20,8334750
6090539,25,8334750
6091751,24,8334750
6092963,23,8334750
6094176,22,8334601
6095389,25,8334601
6096601,31,8334601
6097813,30,8334601
6099025,30,8334601
6100238,33,8334601
6101451,26,8334601
6102663,29,8334601
6103875,27,8336137
6105089,25,8336137
6106301,23,8336137
6107513,32,8336137
6108726,28,8336137
6109938,27,8336137
6111151,27,8336137
6112363,29,8336137
6113575,30,8336137
6114787,32,8336137
6116000,29,8337628
6117213,25,8337628
6118425,29,8337628
6119638,29,8337628
6120850,32,8337628
6122062,30,8337628
6123274,35,8337628
6124487,30,8337628
6125699,31,8337628
6126911,29,8335007
6128124,24,8335007
6129336,31,8335007
6130549,29,8335007
6131760,28,8335007
6132973,29,8335007
6134185,33,8335007
6135398,30,8335007
6136611,29,8335007
6137823,29,8331615
6139035,25,8331615
6147521,31,8331615
6148734,30,8338244
6149946,26,8338244
6151158,27,8338244
6152371,31,8338244
6153583,31,8338244
6154795,30,8338244
6156007,29,8338244
6157220,33,8338244
6158433,33,8338244
6159644,29,8336703
6160857,26,8336703
6162069,31,8336703
6163281,29,8336703
6164494,31,8336703
6165706,31,8336703
6166919,30,8336703
6168132,33,8336703
6169343,30,8336703
6170555,26,8338758
6171769,23,8338758
6172981,30,8338758
6174193,29,8338758
6175405,31,8338758
6176618,30,8338758
6177830,31,8338758
6179042,32,8338758
6180254,31,8338758
6181467,30,8333619
6182679,23,8333619
6183892,32,8333619
6185105,30,8333619
6186317,29,8333619
6187529,29,8333619
6188741,32,8333619
6189954,33,8333619
6191166,32,8333619
6192378,30,8335366
6193591,24,8335366
6194804,31,8335366
6196017,32,8335366
6197229,27,8335366
6198442,30,8335366
6199654,32,8335366
6200866,28,8335366
6202078,27,8335366
6203291,30,8333311
6204503,24,8334852
6205715,23,8334852
6206928,23,8334852
6208141,24,8334852
6209353,24,8334852
6210565,24,8334852
6211778,26,8334852
6212990,24,8334852
6214203,23,8334852
6215415,28,8334339
6216627,27,8334339
6217840,26,8334339
6219053,25,8334339
6220264,25,8334339
6221478,19,8334339
6222689,24,8334339
6223902,30,8334339
6232389,39,8334339
6233601,29,8334339
6234814,30,8334339
6236026,30,8337731
6237238,25,8338656
6238450,23,8338656
6239663,25,8338656
6240875,25,8338656
6242087,27,8338656
6243300,20,8338656
6244513,23,8338656
6245724,26,8338656
6246938,26,8338656
6248150,22,8336137
6249362,23,8336137
6250574,26,8336137
6251787,22,8336137
6252999,20,8336137
6254211,25,8336137
6255424,24,8336137
6256636,25,8336137
6257849,21,8336137
6259062,26,8336148
6260274,25,8338964
6261486,22,8338964
6262698,25,8338964
6263911,25,8338964
6265123,23,8338964
6266336,25,8338964
6267548,27,8338964
6268760,20,8338964
6269973,24,8339089
6271185,23,8344977
6272398,27,8344977
6273610,26,8344977
6274822,24,8344977
6276035,26,8344977
6277248,24,8344977
6278460,20,8344977
6279672,22,8344977
6280885,27,8344977
6282097,25,8344977
6283309,31,8344977
6284522,30,8344977
6285734,29,8344977
6286946,27,8344977
6288159,30,8344977
6289371,29,8344977
6290584,29,8344977
6291796,23,8344977
6293008,26,8344977
6294221,28,8344977
6295434,33,8344977
6296646,32,8344977
6297858,30,8344977
6299070,30,8344977
6300282,31,8344977
6301495,28,8344977
6302707,29,8339170
6303920,25,8339170
6305133,31,8339170
6306344,30,8339170
6307557,31,8339170
6308769,31,8339170
6316045,31,8339170
6317256,31,8339170
6318469,28,8339170
6319682,30,8339170
6320893,31,8339170
6322106,28,8339170
6323318,32,8339170
6324530,31,8336549
6325743,24,8336549
6326955,32,8336549
6328167,28,8336549
6329380,29,8336549
6330593,29,8336549
6331805,31,8336549
6333017,31,8336549
6334229,28,8336549
6335442,29,8333003
6336655,25,8333003
6337867,30,8333003
6339079,29,8333003
6340292,30,8333003
6341504,31,8333003
6342716,31,8333003
6343928,31,8333003
6345141,28,8333003
6346353,32,8332746
6347566,24,8332746
6348778,27,8332746
6349990,29,8332746
6351203,29,8332746
6352415,31,8332746
6353627,30,8332746
6354840,31,8332746
6356053,29,8332746
6357265,30,8336908
6358478,19,8336908
6359690,31,8336908
6360902,28,8336908
6362115,32,8336908
6363327,32,8336908
6364539,31,8336908
6365752,29,8336908
6366964,29,8336908
6368177,27,8335675
6369389,29,8335675
6370602,31,8335675
6371814,31,8335675
6373026,33,8335675
6374238,30,8335675
6375451,30,8335675
6376663,32,8335675
6377875,32,8335675
6379088,31,8338244
6380300,27,8338244
6381512,29,8338244
6382725,33,8338244
6383938,29,8338244
6385150,28,8338244
6386362,29,8338244
6387574,33,8338244
6388786,29,8338244
6389999,31,8333414
6391212,24,8333979
6392424,28,8333979
6400910,31,8333979
6402123,24,8335418
6403335,23,8335418
6404548,27,8335418
6405760,22,8335418
6406972,23,8335418
6408184,23,8335418
6409397,25,8335418
6410609,24,8335418
6411822,23,8335418
6413034,27,8328480
6414247,27,8328480
6415459,21,8328480
6416671,26,8328480
6417884,28,8328480
6419096,25,8328480
6420308,23,8328480
6421521,22,8328480
6422733,25,8328480
6423946,26,8328377
6425158,26,8328377
6426371,25,8328377
6427583,25,8328377
6428795,24,8328377
6430008,25,8328377
6431220,24,8328377
6432433,27,8328377
6433645,25,8328377
6434858,25,8330536
6436070,24,8330536
6437282,23,8330536
6438494,23,8330536
6439707,25,8330536
6440919,27,8330536
6442132,26,8330536
6443344,22,8330536
6444557,25,8330536
6445769,25,8330569
6446982,25,8339529
6448193,25,8339529
6449406,21,8339529
6450619,24,8339529
6451831,25,8339529
6453044,27,8339529
6454256,25,8339529
6455468,24,8339529
6456681,23,8339494
6457894,28,8343846
6459105,25,8343846
6460319,25,8343846
6461531,21,8343846
6462743,24,8343846
6463956,25,8343846
6465168,24,8343846
6466381,27,8343846
6467593,27,8343846
6468806,27,8343846
6470018,30,8343846
6471230,31,8343846
6472443,30,8343846
6473655,30,8343846
6474867,30,8343846
6476080,30,8343846
6477292,32,8343846
6485779,28,8343846
6486992,29,8343846
6488204,29,8343846
6489416,34,8338707
6490630,26,8338707
6491842,31,8338707
6493054,30,8338707
6494266,29,8338707
6495479,30,8338707
6496691,31,8338707
6497905,32,8338707
6499117,29,8338707
6500329,29,8335264
6501542,25,8335264
6502754,29,8335264
6503966,28,8335264
6505178,30,8335264
6506391,31,8335264
6507603,33,8335264
6508817,29,8335264
6510028,29,8335264
6511241,32,8337268
6512453,23,8337268
6513666,31,8337268
6514878,31,8337268
6516090,32,8337268
6517303,30,8337268
6518515,32,8337268
6519727,26,8337268
6520940,28,8337268
6522152,27,8331409
6523364,27,8331409
6524579,30,8331409
6525789,32,8331409
6527002,29,8331409
6528215,27,8331409
6529427,26,8331409
6530639,32,8331409
6531851,29,8331409
6533064,30,8334442
6534276,25,8334442
6535489,27,8334442
6536702,28,8334442
6537914,32,8334442
6539127,31,8334442
6540339,30,8334442
6541551,32,8334442
6542764,29,8334442
6543976,31,8334133
6545189,24,8334133
6546402,31,8334133
6547614,30,8334133
6548826,32,8334133
6550039,30,8334133
6551252,30,8334133
6552464,29,8334133
6553676,30,8334133
6554888,29,8338861
6556101,25,8338861
6557313,31,8338861
6558526,30,8338861
6559738,31,8338861
6560951,31,8338861
6562163,29,8338861
6569438,31,8338861
6570650,28,8338861
6571862,32,8338861
6573074,29,8338861
6574287,31,8338861
6575499,29,8338861
6576711,28,8338810
6577924,25,8333311
6579137,23,8333311
6580349,22,8333311
6581561,24,8333311
6582773,21,8333311
6583985,23,8333311
6585198,24,8333311
6586411,23,8333311
6587623,22,8333311
6588835,23,8337731
6590047,25,8337731
6591260,24,8337731
6592472,20,8337731
6593684,26,8337731
6594898,27,8337731
6596109,26,8337731
6597321,25,8337731
6598534,28,8337731
6599746,23,8337731
6600958,20,8337731
6602171,25,8337731
6603383,26,8337731
6604595,25,8337731
6605808,24,8337731
6607021,24,8337731
6608233,26,8337731
6609445,22,8337731
6610657,26,8339992
6611870,27,8339992
6613083,26,8339992
6614295,23,8339992
6615507,21,8339992
6616719,25,8339992
6617932,25,8339992
6619144,24,8339992
6620356,26,8339992
6621569,27,8339940
6622781,20,8339940
6623994,24,8339940
6625207,25,8339940
6626419,24,8339940
6627632,24,8339940
6628844,23,8339940
6630056,23,8339940
6631268,24,8339940
6632481,20,8339873
6633694,26,8335521
6634906,21,8335521
6636117,26,8335521
6637330,25,8335521
6638543,27,8335521
6639755,22,8335521
6640967,25,8335521
6642180,25,8335521
6643392,25,8335423
6644604,25,8336703
6645817,32,8336703
6654303,20,8337165
6655516,39,8337165
6656728,24,8337165
6657941,25,8337165
6659153,21,8337165
6660366,29,8337165
6661578,24,8337165
6662790,22,8337165
6664002,21,8337165
6665215,23,8337165
6666427,25,8337165
6667639,27,8337165
6668853,29,8337165
6670065,32,8337165
6671277,29,8337165
6672490,29,8337165
6673702,29,8337165
6674914,29,8337165
6676127,30,8339272
6677339,23,8339272
6678552,30,8339272
6679763,28,8339272
6680976,28,8339272
6682188,30,8339272
6683402,28,8339272
6684614,28,8339272
6685825,30,8339272
6687038,28,8335675
6688251,25,8335675
6689463,26,8335675
6690675,31,8335675
6691888,31,8335675
6693101,31,8335675
6694313,28,8335675
6695525,29,8335675
6696738,34,8335675
6697950,29,8337165
6699162,23,8337165
6700375,30,8337165
6701587,28,8337165
6702799,31,8337165
6704012,28,8337165
6705225,32,8337165
6706437,34,8337165
6707650,30,8337165
6708862,31,8333928
6710075,24,8333928
6711286,30,8333928
6712499,31,8333928
6713711,27,8333928
6714923,27,8333928
6716136,32,8333928
6717349,29,8333928
6718560,30,8333928
6719774,32,8337833
6720986,22,8337833
6722198,31,8337833
6723411,33,8337833
6724623,28,8337833
6725835,31,8337833
6727047,30,8337833
6728259,31,8337833
6729472,28,8337833
6730684,33,8337833
6737959,32,8337833
6739172,31,8337833
6740383,30,8337833
6741596,29,8335624
6742809,24,8335624
6744021,32,8335624
6745233,30,8335624
6746446,30,8335624
6747658,29,8335624
6748871,28,8335624
6750083,33,8335624
6751296,31,8335624
6752508,28,8332848
6753721,25,8332848
6754933,30,8332848
6756145,30,8332848
6757358,29,8332848
6758569,29,8332848
6759782,31,8332848
6760995,30,8332848
6762207,30,8332848
6763419,30,8333979
6764632,24,8334133
6765844,22,8334133
6767057,25,8334133
6768269,25,8334133
6769482,20,8334133
6770694,24,8334133
6771906,25,8334133
6773118,24,8334133
6774331,19,8334133
6775544,22,8339478
6776755,23,8339478
6777968,27,8339478
6779180,24,8339478
6780393,26,8339478
6781606,23,8339478
6782818,23,8339478
6784030,26,8339478
6785243,25,8339478
6786455,22,8338450
6787667,26,8338450
6788880,24,8338450
6790092,24,8338450
6791304,21,8338450
6792516,24,8338450
6793729,26,8338450
6794941,25,8338450
6796154,21,8338450
6797366,25,8339992
6798578,26,8339992
6799790,27,8339992
6801003,24,8339992
6802215,26,8339992
6803428,23,8339992
6804641,25,8339992
6805852,23,8339992
6807065,24,8339992
6808277,21,8330587
6809490,22,8330587
6810702,27,8330587
6811914,25,8330587
6813127,27,8330587
6814340,35,8330587
6822827,30,8330587
6824039,31,8330587
6825251,32,8330587
6826464,29,8330587
6827677,31,8330587
6828889,28,8329559
6830102,22,8329683
6831314,22,8335315
6832526,25,8335315
6833739,25,8335315
6834951,23,8335315
6836164,21,8335315
6837376,24,8335315
6838589,24,8335315
6839801,25,8335315
6841013,22,8335315
6842226,25,8335315
6843439,31,8335315
6844651,32,8335315
6845863,29,8335315
6847076,31,8335315
6848289,31,8335315
6849501,31,8335315
6850713,31,8333414
6851926,23,8333414
6853138,25,8333414
6854351,29,8333414
6855564,30,8333414
6856776,30,8333414
6857988,31,8333414
6859201,30,8333414
6860414,33,8333414
6861626,29,8333414
6862839,30,8336292
6864051,29,8336292
6865264,29,8336292
6866476,28,8336292
6867689,30,8336292
6868901,28,8336292
6870114,33,8336292
6871327,31,8336292
6872538,31,8336292
6873751,29,8338193
6874963,27,8338193
6876176,29,8338193
6877389,34,8338193
6878601,31,8338193
6879814,30,8338193
6881026,30,8338193
6882239,29,8338193
6883451,29,8338193
6884663,31,8333054
6885876,28,8333054
6887089,31,8333054
6888301,29,8333054
6889513,29,8333054
6890726,30,8333054
6891938,33,8333054
6893151,28,8333054
6894363,30,8333054
6895575,31,8333362
6896789,23,8333362
6898001,32,8333362
6899213,29,8333362
6906488,28,8332797
6907700,26,8332797
6908913,31,8332797
6910125,29,8332797
6911338,31,8332797
6912551,31,8332797
6913762,30,8332797
6914975,30,8332797
6916188,27,8332797
6917401,28,8336754
6918612,26,8336754
6919826,30,8336754
6921037,27,8336754
6922251,33,8336754
6923463,26,8336754
6924675,30,8336754
6925887,30,8336754
6927100,28,8336754
6928313,31,8335983
6929525,24,8335983
6930738,31,8335983
6931950,29,8335983
6933162,30,8335983
6934375,29,8335983
6935587,28,8335983
6936799,28,8335983
6938012,30,8335983
6939225,32,8333671
6940437,28,8333671
6941650,34,8333671
6942862,31,8333671
6944074,27,8333671
6945287,31,8333671
6946499,29,8333671
6947711,29,8333671
6948924,28,8333671
6950137,30,8336754
6951349,23,8335572
6952562,25,8335572
6953774,24,8335572
6954986,22,8335572
6956198,27,8335572
6957411,25,8335572
6958623,25,8335572
6959836,23,8335572
6961049,25,8335572
6962260,25,8334236
6963473,22,8334236
6964686,26,8334236
6965898,23,8334236
6967110,25,8334236
6968323,20,8334236
6969536,28,8334236
6970748,22,8334236
6971960,24,8334236
6973174,23,8341585
6974386,25,8341585
6975598,25,8341585
6976810,25,8341585
6978023,23,8341585
6979235,23,8341585
6980448,22,8341585
6981661,26,8341585
6982873,30,8341585
6991360,35,8341585
6992572,32,8341585
6993784,31,8331718
6994997,25,8337011
6996209,22,8337011
6997423,21,8337011
6998634,26,8337011
6999847,22,8337011
7001060,26,8337011
7002271,25,8337011
7003485,21,8337011
7004697,24,8337011
7005909,25,8337005
7007122,24,8335469
7008334,23,8335469
7009546,25,8335469
7010759,21,8335469
7011971,23,8335469
7013184,26,8335469
7014396,27,8335469
7015608,26,8335469
7016821,24,8335363
7018033,25,8334339
7019246,25,8334339
7020459,25,8334339
7021671,25,8334339
7022883,25,8334339
7024096,19,8334339
7025308,22,8334339
7026521,21,8334339
7027733,25,8334339
7028947,24,8334339
7030159,28,8334339
7031371,32,8334339
7032583,29,8334339
7033796,30,8334339
7035009,31,8334339
7036221,32,8334339
7037434,31,8336497
7038646,24,8336497
7039858,24,8336497
7041071,28,8336497
7042284,29,8336497
7043496,32,8336497
7044709,30,8336497
7045921,29,8336497
7047134,30,8336497
7048347,31,8336497
7049558,30,8337782
7050771,23,8337782
7051983,30,8337782
7053197,29,8337782
7054408,30,8337782
7055621,30,8337782
7056834,33,8337782
7058046,30,8337782
7059258,31,8337782
7060471,29,8333722
7061683,26,8333722
7062896,28,8333722
7064108,29,8333722
7065321,30,8333722
7066534,30,8333722
7067746,32,8333722
7075021,19,8333722
7076233,29,8333722
7077447,28,8333722
7078659,31,8333722
7079871,27,8333722
7081083,28,8333722
7082296,31,8337319
7083508,22,8337319
7084721,30,8337319
7085934,29,8337319
7087146,29,8337319
7088359,32,8337319
7089571,30,8337319
7090783,31,8337319
7091996,34,8337319
7093209,31,8333465
7094421,23,8333465
7095633,29,8333465
7096846,30,8333465
7098058,30,8333465
7099270,28,8333465
7100483,29,8333465
7101695,30,8333465
7102907,30,8333465
7104121,28,8336343
7105332,24,8336343
7106545,31,8336343
7107757,32,8336343
7108970,29,8336343
7110182,29,8336343
7111395,31,8336343
7112607,30,8336343
7113819,31,8336343
7115031,33,8335521
7116244,25,8335521
7117456,26,8335521
7118669,31,8335521
7119881,30,8335521
7121093,31,8335521
7122306,32,8335521
7123518,31,8335521
7124731,28,8335521
7125943,31,8338707
7127155,26,8338707
7128369,28,8338707
7129580,32,8338707
7130793,30,8338707
7132005,32,8338707
7133217,30,8338707
7134431,32,8338707
7135643,31,8338707
7136855,31,8335315
7138067,24,8333260
7139279,25,8333260
7140492,22,8333260
7141704,22,8333260
7142917,26,8333260
7144129,25,8333260
7145341,23,8333260
7146553,26,8333260
7147766,21,8333260
7148978,25,8335418
7150191,24,8335418
7151403,29,8335418
7159888,36,8335932
7161101,25,8335932
7162314,24,8335932
7163526,22,8335932
7164738,23,8335932
7165951,23,8335932
7167163,23,8335932
7168375,26,8335932
7169587,22,8335932
7170800,26,8337319
7172012,23,8337319
7173224,24,8337319
7174437,31,8337319
7175650,26,8337319
7176861,24,8337319
7178075,26,8337319
7179286,24,8337319
7180499,22,8337319
7181712,25,8337319
7182924,21,8337319
7184136,26,8337319
7185349,23,8337319
7186561,24,8337319
7187774,20,8337319
7188986,25,8337319
7190198,23,8337319
7191411,24,8337319
7192622,25,8337362
7193835,24,8335058
7195047,26,8335058
7196259,25,8335058
7197472,21,8335058
7198684,22,8335058
7199897,25,8335058
7201109,24,8335058
7202322,24,8335058
7203534,24,8334925
7204746,22,8340557
7205958,23,8340557
7207171,23,8340557
7208383,30,8340557
7209595,26,8340557
7210807,25,8340557
7212020,24,8340557
7213232,27,8340557
7214445,23,8340557
7215658,27,8340557
7216870,30,8340557
7218082,30,8340557
7219294,30,8340557
7220507,32,8340557
7221719,30,8340557
7222932,31,8340557
7224145,27,8340557
7225356,31,8337268
7226570,27,8337268
7227782,28,8337268
7228994,31,8337268
7230206,29,8337268
7231419,30,8337268
7232631,27,8337268
7233843,32,8337268
7235055,29,8337268
7236268,32,8337268
7244755,30,8337268
7245967,29,8337268
7247179,32,8332694
7248392,27,8332694
7249603,32,8332694
7250816,32,8332694
7252028,31,8332694
7253241,29,8332694
7254454,26,8332694
7255666,30,8332694
7256878,30,8332694
7258090,33,8334698
7259303,23,8334698
7260515,30,8334698
7261727,29,8334698
7262941,30,8334698
7264153,30,8334698
7265366,30,8334698
7266578,31,8334698
7267790,30,8334698
7269002,28,8337063
7270214,27,8337063
7271427,29,8337063
7272639,30,8337063
7273852,32,8337063
7275064,30,8337063
7276277,30,8337063
7277489,29,8337063
7278702,28,8337063
7279914,29,8337165
7281127,20,8337165
7282339,31,8337165
7283552,31,8337165
7284764,28,8337165
7285977,31,8337165
7287189,30,8337165
7288402,32,8337165
7289614,29,8337165
7290826,31,8333362
7292039,25,8333362
7293251,30,8333362
7294463,29,8333362
7295676,28,8333362
7296889,29,8333362
7298101,30,8333362
7299313,31,8333362
7300525,28,8333362
7301738,31,8333825
7302951,24,8333825
7304162,30,8333825
7305375,32,8333825
7306587,28,8333825
7307800,27,8333825
7309013,28,8333825
7310225,31,8333825
7311436,34,8333825
7312649,32,8335264
7313861,25,8335264
7315074,32,8335264
7316287,31,8335264
7317499,30,8335264
7318711,30,8335264
7319923,30,8335264
7321136,28,8335264
7328410,33,8335264
7329623,29,8335264
7330835,29,8335264
7332048,28,8335264
7333260,30,8335264
7334473,30,8335675
7335686,25,8336497
7336897,24,8336497
7338110,26,8336497
7339323,24,8336497
7340535,25,8336497
7341747,23,8336497
7342959,23,8336497
7344171,22,8336497
7345384,23,8336497
7346596,30,8332386
7347809,25,8332386
7349021,21,8332386
7350233,26,8332386
7351446,22,8332386
7352658,25,8332386
7353871,22,8332386
7355083,25,8332386
7356296,25,8332386
7357508,23,8336189
7358720,27,8336189
7359932,30,8336189
7361146,22,8336189
7362358,25,8336189
7363570,23,8336189
7364782,23,8336189
7365995,22,8336189
7367206,23,8336189
7368419,26,8336285
7369631,23,8334493
7370843,23,8334493
7372056,25,8334493
7373268,24,8334493
7374481,19,8334493
7375693,27,8334493
7376906,24,8334493
7378119,24,8334493
7379331,24,8334523
7380543,24,8342459
7381755,26,8342459
7382967,24,8342459
7384179,21,8342459
7385392,30,8342459
7386604,24,8342459
7387817,25,8342459
7389029,27,8342459
7390241,27,8342459
7391454,22,8342459
7392666,30,8342459
7393878,30,8342459
7395091,34,8342459
7396304,29,8342459
7397515,31,8342459
7398728,30,8342459
7399940,32,8342459
7401152,26,8342459
7402364,25,8342459
7403578,26,8342459
7404789,30,8334544
7412064,34,8338244
7413276,20,8338244
7414488,34,8338244
7415701,23,8338244
7416913,27,8338244
7418126,25,8338244
7419338,24,8338244
7420550,26,8338244
7421763,24,8338244
7422975,25,8338244
7424187,22,8338244
7425400,31,8338244
7426613,28,8338244
7427825,30,8338244
7429038,31,8338244
7430249,28,8338244
7431462,29,8338244
7432674,28,8338244
7433887,29,8339067
7435099,23,8339067
7436311,29,8339067
7437524,31,8339067
7438737,32,8339067
7439948,32,8339067
7441161,29,8339067
7442374,28,8339067
7443586,28,8339067
7444798,27,8336446
7446011,25,8336446
7447223,27,8336446
7448436,32,8336446
7449648,32,8336446
7450860,28,8336446
7452073,31,8336446
7453285,28,8336446
7454498,28,8336446
7455710,28,8337987
7456923,25,8337987
7458135,34,8337987
7459347,31,8337987
7460559,25,8337987
7461773,31,8337987
7462985,29,8337987
7464197,29,8337987
7465409,33,8337987
7466622,28,8336343
7467834,25,8336343
7469046,29,8336343
7470258,32,8336343
7471471,28,8336343
7472683,29,8336343
7473895,29,8336343
7475108,29,8336343
7476321,31,8336343
7477533,29,8335418
7478745,21,8335418
7479958,32,8335418
7481170,28,8335418
7482383,30,8335418
7483595,29,8335418
7484807,31,8335418
7486020,30,8335418
7487232,27,8335418
7488444,33,8335418
7495859,23,8335418
7496931,30,8335418
7498143,27,8335418
7499356,29,8335829
7500568,25,8332437
7501780,23,8332437
7502993,25,8332437
7504205,27,8332437
7505418,26,8332437
7506630,22,8332437
7507842,25,8332437
7509054,28,8332437
7510267,26,8332437
7511479,21,8330022
7512691,26,8330022
7513904,26,8330022
7515116,21,8330022
7516328,22,8330022
7517541,26,8330022
7518753,25,8330022
7519965,24,8330022
7521179,21,8330022
7522391,26,8326990
7523603,26,8326990
7524815,25,8326990
7526027,24,8326990
7527241,28,8326990
7528453,23,8326990
7529665,26,8326990
7530878,26,8326990
7532089,25,8326990
7533302,19,8331769
7534514,22,8331769
7535727,26,8331769
7536940,26,8331769
7538152,26,8331769
7539364,25,8331769
7540579,26,8331769
7541789,25,8331769
7543002,22,8331769
7544214,24,8344617
7545426,22,8344617
7546638,21,8344617
7547851,25,8344617
7549064,26,8344617
7550276,22,8344617
7551488,20,8344617
7552700,23,8344617
7553914,26,8344617
7555125,26,8344592
7556338,23,8337936
7557550,25,8337936
7558763,22,8337936
7559975,23,8337936
7561187,22,8337936
7562400,27,8337936
7563613,23,8337936
7564825,22,8337936
7566037,28,8337958
7567249,24,8330022
7568462,21,8330022
7569674,24,8330022
7570887,27,8330022
7572099,31,8330022
7580586,28,8330022
7581798,28,8330022
7583010,28,8330022
7584222,27,8330022
7585435,32,8330022
7586647,29,8339324
7587859,26,8339324
7589073,27,8339324
7590285,27,8339324
7591497,28,8339324
7592709,29,8339324
7593922,30,8339324
7595134,32,8339324
7596346,30,8339324
7597559,32,8339324
7598771,28,8335881
7599983,27,8335881
7601196,29,8335881
7602408,28,8335881
7603621,34,8335881
7604832,27,8335881
7606045,29,8335881
7607257,31,8335881
7608469,29,8335881
7609682,31,8334030
7610895,25,8334030
7612107,28,8334030
7613320,29,8334030
7614531,29,8334030
7615744,31,8334030
7616956,30,8334030
7618169,28,8334030
7619382,27,8334030
7620594,29,8336395
7621806,23,8336395
7623019,28,8336395
7624231,31,8336395
7625444,30,8336395
7626656,30,8336395
7627868,30,8336395
7629081,30,8336395
7630293,30,8336395
7631506,30,8332437
7632718,25,8332437
7633931,31,8332437
7635143,30,8332437
7636355,31,8332437
7637567,30,8332437
7638780,30,8332437
7639992,28,8332437
7641205,31,8332437
7642418,32,8334082
7643629,23,8334082
7644842,31,8334082
7646054,30,8334082
7647267,30,8334082
7648479,30,8334082
7649692,28,8334082
7650904,29,8334082
7652117,32,8334082
7653329,29,8333054
7654541,30,8333054
7655753,28,8333054
7656965,30,8336703
7664241,38,8336703
7665452,27,8336703
7666665,30,8336703
7667877,31,8336703
7669089,32,8336703
7670301,30,8336703
7671514,31,8336703
7672726,27,8336703
7673939,31,8336703
7675151,29,8336292
7676363,23,8336292
7677575,29,8336292
7678788,30,8336292
7680001,28,8336292
7681213,29,8336292
7682425,33,8336292
7683638,30,8336292
7684850,31,8336292
7686062,29,8334904
7687275,24,8336137
7688487,21,8336137
7689699,24,8336137
7690912,23,8336137
7692124,24,8336137
7693337,22,8336137
7694549,22,8336137
7695762,26,8336137
7696974,25,8336137
7698186,23,8333208
7699399,25,8333208
7700611,26,8333208
7701824,25,8333208
7703036,25,8333208
7704248,27,8333208
7705461,21,8333208
7706674,24,8333208
7707886,27,8333208
7709099,25,8329354
7710311,23,8329354
7711523,22,8329354
7712737,24,8329354
7713949,25,8329354
7715161,23,8329354
7716374,27,8329354
7717586,25,8329354
7718798,25,8329354
7720010,24,8337833
7721224,24,8337833
7722436,28,8337833
7723648,28,8337833
7724860,24,8337833
7726073,24,8337833
7727285,23,8337833
7728498,20,8337833
7729710,25,8337833
7730922,22,8334544
7732135,27,8334544
7733347,20,8334544
7734560,27,8334544
7735773,25,8334544
7736985,21,8334544
7738197,23,8334544
7739409,26,8334544
7740622,24,8334544
7747897,33,8334544
7749109,31,8334544
7750321,28,8334544
7751533,31,8340300
7752746,26,8340228
7753959,22,8334852
7755171,23,8334852
7756383,27,8334852
7757595,22,8334852
7758808,25,8334852
7760021,22,8334852
7761233,24,8334852
7762446,23,8334852
7763658,24,8334852
7764870,27,8334852
7766083,31,8334852
7767296,30,8334852
7768508,31,8334852
7769720,30,8334852
7770932,28,8334852
7772145,29,8334852
7773357,29,8340300
7774570,25,8340300
7775782,24,8340300
7776994,29,8340300
7778206,30,8340300
7779419,32,8340300
7780631,32,8340300
7781844,32,8340300
7783057,33,8340300
7784269,27,8340300
7785482,29,8336292
7786694,23,8336292
7787906,29,8336292
7789120,29,8336292
7790332,30,8336292
7791544,29,8336292
7792756,26,8336292
7793969,29,8336292
7795181,31,8336292
7796394,31,8333414
7797605,26,8333414
7798818,28,8333414
7800031,30,8333414
7801244,30,8333414
7802456,29,8333414
7803668,32,8333414
7804880,30,8333414
7806093,33,8333414
7807305,29,8338656
7808518,23,8338656
7809731,32,8338656
7810943,30,8338656
7812155,28,8338656
7813368,31,8338656
7814580,28,8338656
7815794,30,8338656
7817005,31,8338656
7818218,29,8332180
7819430,24,8332180
7820642,33,8332180
7821855,29,8332180
7823067,30,8332180
7824280,31,8332180
7832767,29,8332180
7833980,27,8332180
7835193,29,8332180
7836405,30,8332180
7837618,28,8332180
7838830,28,8332180
7840042,32,8337628
7841255,25,8337628
7842468,29,8337628
7843680,30,8337628
7844892,30,8337628
7846105,30,8337628
7847317,32,8337628
7848529,30,8337628
7849742,30,8337628
7850955,31,8337987
7852167,21,8337987
7853380,30,8337987
7854592,30,8337987
7855804,28,8337987
7857017,29,8337987
7858229,31,8337987
7859441,29,8337987
7860654,31,8337987
7861867,32,8336960
7863079,24,8336960
7864292,27,8336960
7865504,30,8336960
7866716,29,8336960
7867929,28,8336960
7869141,31,8336960
7870354,28,8336960
7871567,27,8336960
7872779,28,8334852
7873991,25,8337576
7875204,25,8337576
7876417,27,8337576
7877629,23,8337576
7878842,21,8337576
7880054,25,8337576
7881266,26,8337576
7882479,18,8337576
7883691,26,8337576
7884904,28,8333619
7886116,27,8333619
7887329,21,8333619
7888542,25,8333619
7889754,19,8333619
7890966,24,8333619
7892179,21,8333619
7893392,29,8333619
7894604,24,8333619
7895816,23,8333003
7897028,27,8333003
7898241,24,8333003
7899454,24,8333003
7900666,24,8333003
7901879,24,8333003
7903091,27,8333003
7904304,21,8333003
7905516,23,8333003
7906729,24,8335110
7907941,25,8335110
7909153,29,8335110
7917641,25,8334442
7918853,22,8334442
7920066,23,8334442
7921278,25,8334442
7922491,21,8334442
7923703,24,8334442
7924916,25,8334442
7926128,26,8334442
7927341,23,8334442
7928554,27,8334392
7929766,25,8334904
7930978,24,8334904
7932191,24,8334904
7933403,25,8334904
7934616,27,8334904
7935828,24,8334904
7937041,27,8334904
7938253,26,8334904
7939465,19,8335029
7940678,25,8340917
7941891,28,8340917
7943103,26,8340917
7944315,21,8340917
7945528,23,8340917
7946741,23,8340917
7947953,23,8340917
7949165,24,8340917
7950378,25,8340917
7951590,26,8340917
7952803,31,8340917
7954015,31,8340917
7955228,30,8340917
7956440,32,8340917
7957653,29,8340917
7958865,32,8340917
7960078,31,8332283
7961290,25,8332283
7962503,21,8332283
7963715,30,8332283
7964927,31,8332283
7966141,28,8332283
7967353,30,8332283
7968565,29,8332283
7969778,27,8332283
7970990,30,8332283
7972203,30,8340197
7973415,28,8340197
7974627,29,8340197
7975840,29,8340197
7977052,28,8340197
7978265,29,8340197
7979477,31,8340197
7980690,28,8340197
7981902,31,8340197
7983115,30,8334955
7984327,22,8334955
7985540,33,8334955
7986752,27,8334955
7987965,32,8334955
7989177,32,8334955
7990390,35,8334955
7991602,27,8334955
7992815,28,8334955
7994027,36,8334955
8001302,19,8334955
8002514,28,8334955
8003727,26,8334955
8004939,29,8331923
8006152,24,8331923
8007365,30,8331923
8008578,30,8331923
8009790,31,8331923
8011002,28,8331923
8012215,28,8331923
8013426,33,8331923
8014639,28,8331923
8015851,31,8335572
8017064,24,8335572
8018277,29,8335572
8019489,29,8335572
8020701,29,8335572
8021914,28,8335572
8023126,30,8335572
8024339,28,8335572
8025551,29,8335572
8026764,26,8337319
8027977,23,8337319
8029189,29,8337319
8030401,30,8337319
8031614,32,8337319
8032826,30,8337319
8034039,29,8337319
8035251,29,8337319
8036464,29,8337319
8037676,29,8336754
8038888,27,8336754
8040101,31,8336754
8041313,31,8336754
8042525,31,8336754
8043738,31,8336754
8044950,30,8336754
8046163,28,8336754
8047375,29,8336754
8048587,28,8333722
8049800,24,8333722
8051013,31,8333722
8052224,30,8333722
8053437,33,8333722
8054650,31,8333722
8055862,29,8333722
8057074,30,8333722
8058286,28,8333722
8059499,30,8335161
8060711,26,8334184
8061924,23,8334184
8063136,24,8334184
8064349,26,8334184
8065561,25,8334184
8066774,24,8334184
8067986,24,8334184
8069198,26,8334184
8070411,26,8334184
8071623,24,8333003
8072836,23,8333003
8074049,26,8333003
8075261,23,8333003
8076473,18,8333003
8077686,29,8333003
8084961,28,8333003
8086173,31,8333003
8087386,32,8333003
8088598,27,8333003
8089811,29,8333003
8091023,30,8333003
8092236,29,8332334
8093448,25,8333774
8094660,23,8333774
8095874,23,8333774
8097086,28,8333774
8098298,24,8333774
8099511,22,8333774
8100723,24,8333774
8101936,29,8333774
8103148,20,8333774
8104360,22,8336549
8105573,25,8336549
8106786,21,8336549
8107998,24,8336549
8109210,24,8336549
8110423,22,8336549
8111635,25,8336549
8112848,23,8336549
8114061,22,8336549
8115272,22,8336560
8116485,21,8339632
8117698,26,8339632
8118910,26,8339632
8120123,25,8339632
8121335,24,8339632
8122547,28,8339632
8123759,21,8339632
8124973,24,8339632
8126184,25,8339548
8127397,30,8330844
8128610,24,8330844
8129822,23,8330844
8131035,24,8330844
8132246,25,8330844
8133459,20,8330844
8134671,24,8330844
8135884,26,8330844
8137097,27,8330844
8138309,20,8330844
8139521,28,8330844
8140734,29,8330844
8141946,29,8330844
8143158,27,8330844
8144371,29,8330844
8145583,30,8330844
8146796,31,8334904
8148009,22,8334904
8149221,27,8334904
8150433,31,8334904
8151646,29,8334904
8152858,29,8334904
8154070,31,8334904
8155283,30,8334904
8156495,30,8334904
8157707,27,8334904
8158921,29,8334698
8160132,25,8334698
8161345,32,8334698
8169832,32,8337114
8171045,24,8337114
8172257,29,8337114
8173469,30,8337114
8174682,28,8337114
8175893,32,8337114
8177106,31,8337114
8178318,28,8337114
8179531,29,8337114
8180743,28,8334904
8181956,23,8334904
8183169,30,8334904
8184380,31,8334904
8185593,28,8334904
8186806,28,8334904
8188018,30,8334904
8189230,30,8334904
8190442,33,8334904
8191655,29,8333106
8192867,24,8333106
8194079,30,8333106
8195291,32,8333106
8196504,31,8333106
8197717,31,8333106
8198928,29,8333106
8200141,30,8333106
8201354,28,8333106
8202567,28,8336651
8203778,22,8336651
8204991,28,8336651
8206204,29,8336651
8207415,29,8336651
8208628,30,8336651
8209840,31,8336651
8211053,32,8336651
8212265,29,8336651
8213478,28,8333208
8214690,25,8333208
8215903,29,8333208
8217115,29,8333208
8218328,31,8333208
8219539,32,8333208
8220752,28,8333208
8221964,28,8333208
8223177,30,8333208
8224390,31,8334698
8225602,26,8334698
8226814,29,8334698
8228026,29,8334698
8229239,31,8334698
8230452,29,8334698
8231664,32,8334698
8232876,27,8334698
8234089,29,8334698
8235301,29,8338039
8236513,24,8338039
8237725,34,8338039
8238938,30,8338039
8240151,29,8338039
8241363,30,8338039
8242576,29,8338039
8243787,29,8338039
8245000,33,8338039
8246212,28,8338039
8253487,27,8338039
8254699,31,8338039
8255911,29,8338039
8257124,27,8334184
8258336,24,8336651
8259548,25,8336651
8260761,23,8336651
8261973,25,8336651
8263186,23,8336651
8264399,21,8336651
8265611,25,8336651
8266823,23,8336651
8268035,23,8336651
8269248,25,8336651
8270460,23,8336651
8271673,23,8336651
8272885,25,8336651
8274098,25,8336651
8275310,23,8336651
8276523,23,8336651
8277734,28,8336651
8278947,23,8336651
8280159,21,8334596
8281372,27,8334596
8282584,24,8334596
8283797,27,8334596
8285010,24,8334596
8286221,23,8334596
8287434,25,8334596
8288646,25,8334596
8289860,27,8334596
8291072,25,8329765
8292284,25,8329765
8293497,19,8329765
8294709,22,8329765
8295921,26,8329765
8297134,27,8329765
8298346,23,8329765
8299559,26,8329765
8300771,23,8329765
8301983,23,8329844
8303196,21,8337268
8304409,27,8337268
8305621,24,8337268
8306834,27,8337268
8308046,23,8337268
8309258,26,8337268
8310470,18,8337268
8311683,26,8337268
8312896,26,8337334
8314108,25,8341174
8315320,22,8341174
8316532,25,8341174
8317745,22,8341174
8318958,23,8341174
8320170,23,8341174
8321382,25,8341174
8322595,24,8341174
8323807,23,8341174
8325020,25,8341174
8326233,28,8341174
8327445,30,8341174
8328658,30,8341174
8329869,33,8341174
8337144,30,8341174
8338356,30,8341174
8339569,30,8341174
8340781,30,8341174
8341994,28,8341174
8343206,28,8341174
8344419,32,8341174
8345631,28,8332489
8346843,24,8332489
8348056,32,8332489
8349268,31,8332489
8350481,29,8332489
8351693,29,8332489
8352905,28,8332489
8354118,30,8332489
8355330,31,8332489
8356543,32,8339838
8357755,19,8339838
8358968,28,8339838
8360181,28,8339838
8361393,30,8339838
8362606,30,8339838
8363818,31,8339838
8365030,28,8339838
8366243,32,8339838
8367455,31,8333671
8368667,27,8333671
8369879,30,8333671
8371092,31,8333671
8372304,29,8333671
8373516,30,8333671
8374730,31,8333671
8375942,26,8333671
8377154,29,8333671
8378367,29,8333722
8379578,23,8333722
8380791,27,8333722
8382004,33,8333722
8383216,27,8333722
8384429,30,8333722
8385641,28,8333722
8386853,29,8333722
8388065,28,8333722
8389278,29,8334904
8390491,24,8334904
8391703,31,8334904
8392915,29,8334904
8394128,33,8334904
8395340,32,8334904
8396553,31,8334904
8397765,31,8334904
8398978,29,8334904
8400190,29,8334390
8401402,26,8334390
8402615,30,8334390
8403827,30,8334390
8405040,30,8334390
8406252,30,8334390
8407465,28,8334390
8408677,30,8334390
8409890,30,8334390
8411102,29,8339015
8412314,25,8339015
8413526,30,8339015
8420859,30,8339015
8422014,29,8332951
8423225,27,8332951
8424439,30,8332951
8425651,31,8332951
8426863,29,8332951
8428075,28,8332951
8429288,32,8332951
8430500,28,8332951
8431713,30,8332951
8432925,31,8335726
8434137,25,8333054
8435350,26,8333054
8436562,28,8333054
8437774,23,8333054
8438987,24,8333054
8440200,23,8333054
8441412,23,8333054
8442624,28,8333054
8443837,22,8333054
8445049,24,8333825
8446261,24,8333825
8447473,19,8333825
8448686,25,8333825
8449898,28,8333825
8451112,26,8333825
8452323,22,8333825
8453536,25,8333825
8454749,24,8333825
8455961,27,8336497
8457173,23,8336497
8458386,24,8336497
8459598,26,8336497
8460810,24,8336497
8462023,25,8336497
8463235,26,8336497
8464448,25,8336497
8465661,23,8336497
8466873,24,8335110
8468085,26,8335110
8469298,23,8335110
8470510,22,8335110
8471722,25,8335110
8472934,28,8335110
8474147,23,8335110
8475359,24,8335110
8476571,25,8335110
8477783,23,8339375
8478996,22,8339375
8480208,22,8339375
8481421,24,8339375
8482633,23,8339375
8483845,24,8339375
8485058,28,8339375
8486270,25,8339375
8487483,20,8339375
8488695,22,8339217
8489907,21,8338193
8491120,23,8338193
8492332,23,8338193
8493545,27,8338193
8494757,22,8338193
8495969,24,8338193
8497181,27,8338193
8505667,33,8338193
8506879,31,8338193
8508092,29,8338193
8509304,31,8342304
8510516,27,8342304
8511728,27,8342304
8512941,28,8342304
8514153,27,8342304
8515365,30,8342304
8516578,29,8342304
8517790,29,8342304
8519002,31,8342304
8520215,30,8333825
8521427,26,8333825
8522639,25,8333825
8523852,29,8333825
8525064,29,8333825
8526276,30,8333825
8527489,29,8333825
8528702,29,8333825
8529914,29,8333825
8531126,30,8333825
8532338,30,8338913
8533551,24,8338913
8534763,28,8338913
8535975,31,8338913
8537188,26,8338913
8538400,31,8338913
8539613,29,8338913
8540825,29,8338913
8542037,29,8338913
8543250,30,8338964
8544462,23,8338964
8545674,29,8338964
8546887,30,8338964
8548099,32,8338964
8549311,32,8338964
8550524,28,8338964
8551736,30,8338964
8552949,31,8338964
8554161,30,8337114
8555373,24,8337114
8556586,31,8337114
8557798,27,8337114
8559010,30,8337114
8560223,32,8337114
8561434,35,8337114
8562647,31,8337114
8563859,29,8337114
8565071,29,8337731
8566284,20,8337731
8567496,28,8337731
8568708,29,8337731
8569921,29,8337731
8571133,32,8337731
8572346,30,8337731
8573559,30,8337731
8574771,31,8337731
8575983,28,8337628
8577196,24,8337628
8578407,28,8337628
8579620,30,8337628
8580832,31,8337628
8582044,31,8337628
8589319,22,8337628
8590532,30,8337628
8591743,30,8337628
8592956,32,8337628
8594168,25,8337628
8595381,30,8337628
8596594,30,8337628
8597806,27,8336549
8599018,25,8336549
8600230,32,8336549
8601443,29,8336549
8602655,31,8336549
8603867,31,8336549
8605080,30,8336549
8606292,31,8336549
8607504,29,8336549
8608718,29,8335778
8609930,22,8335778
8611142,29,8335778
8612354,31,8335778
8613567,30,8335778
8614779,28,8335778
8615991,29,8335778
8617205,28,8335778
8618416,31,8335778
8619629,28,8337731
8620841,24,8336497
8622054,27,8336497
8623267,24,8336497
8624479,21,8336497
8625691,25,8336497
8626903,25,8336497
8628116,27,8336497
8629328,25,8336497
8630541,25,8336497
8631753,21,8338707
8632965,24,8338707
8634178,23,8338707
8635390,29,8338707
8636603,25,8338707
8637815,25,8338707
8639028,21,8338707
8640240,24,8338707
8641452,22,8338707
8642665,30,8331101
8643878,25,8331101
8645089,26,8331101
8646302,21,8331101
8647514,25,8331101
8648727,27,8331101
8649939,25,8331101
8651152,24,8331101
8652364,22,8331101
8653575,24,8340454
8654789,20,8340454
8656000,26,8340454
8657213,26,8340454
8658426,24,8340454
8659638,22,8340454
8660850,25,8340454
8662062,24,8340454
8663275,23,8340454
8664487,23,8340454
8665699,29,8340454
8672973,28,8340454
8674185,41,8340454
8675398,32,8340230
8676610,25,8335366
8677822,23,8335366
8679035,24,8335366
8680248,24,8335366
8681460,24,8335366
8682672,24,8335366
8683885,24,8335366
8685096,24,8335366
8686309,23,8335539
8687521,21,8340403
8688734,26,8340403
8689946,25,8340403
8691158,23,8340403
8692371,22,8340403
8693583,25,8340403
8694795,25,8340403
8696008,22,8340403
8697221,26,8340403
8698433,25,8340403
8699645,31,8340403
8700857,31,8340403
8702070,28,8340403
8703282,31,8340403
8704494,27,8340403
8705706,28,8340403
8706919,32,8340403
8708132,33,8341225
8709344,19,8341225
8710556,29,8341225
8711768,31,8341225
8712980,29,8341225
8714193,33,8341225
8715406,30,8341225
8716618,28,8341225
8717830,29,8341225
8719042,29,8334698
8720255,22,8334698
8721467,31,8334698
8722679,31,8334698
8723891,27,8334698
8725104,33,8334698
8726317,30,8334698
8727529,29,8334698
8728741,31,8334698
8729954,32,8337885
8731166,21,8337885
8732378,30,8337885
8733591,32,8337885
8734803,30,8337885
8736016,30,8337885
8737228,28,8337885
8738440,31,8337885
8739653,28,8337885
8740865,32,8334544
8742078,27,8334544
8743291,33,8334544
8744503,30,8334544
8745715,31,8334544
8746927,30,8334544
8748140,30,8334544
8749352,33,8334544
8757839,32,8334544
8759051,31,8334544
8760264,30,8334544
8761476,26,8334544
8762688,28,8337063
8763900,24,8337063
8765113,30,8337063
8766325,33,8337063
8767537,34,8337063
8768750,31,8337063
8769963,31,8337063
8771175,29,8337063
8772387,30,8337063
8773600,33,8333157
8774813,24,8333157
8776024,31,8333157
8777237,28,8333157
8778450,29,8333157
8779662,32,8333157
8780874,29,8333157
8782086,28,8333157
8783299,28,8333157
8784511,31,8334596
8785724,26,8334596
8786936,27,8334596
8788148,27,8334596
8789361,28,8334596
8790573,30,8334596
8791786,30,8334596
8792998,33,8334596
8794211,29,8334596
8795422,28,8336395
8796635,24,8336395
8797847,30,8336395
8799059,28,8336395
8800272,32,8336395
8801484,29,8336395
8802697,33,8336395
8803908,28,8336395
8805121,29,8336395
8806334,28,8332694
8807545,28,8332540
8808757,24,8332540
8809970,23,8332540
8811182,23,8332540
8812395,29,8332540
8813607,26,8332540
8814819,24,8332540
8816031,21,8332540
8817243,24,8332540
8818456,23,8329662
8819668,25,8329662
8820881,26,8329662
8822093,25,8329662
8823305,26,8329662
8824518,23,8329662
8825730,25,8329662
8826942,24,8329662
8828155,21,8329662
8829367,23,8333516
8830579,26,8333516
8831792,23,8333516
8833004,23,8333516
8834216,25,8333516
8842703,33,8333516
8843915,30,8333516
8845128,30,8333516
8846339,29,8333516
8847552,29,8333516
8848765,31,8333516
8849977,28,8335983
8851189,25,8335886
8852402,25,8337422
8853613,23,8337422
8854826,24,8337422
8856039,27,8337422
8857250,27,8337422
8858463,22,8337422
8859675,23,8337422
8860888,26,8337422
8862100,23,8337469
8863312,23,8336189
8864525,24,8336189
8865738,23,8336189
8866950,24,8336189
8868162,22,8336189
8869374,25,8336189
8870587,24,8336189
8871799,25,8336189
8873011,24,8336189
8874223,25,8336189
8875436,28,8336189
8876648,32,8336189
8877861,27,8336189
8879074,29,8336189
8880286,31,8336189
8881498,31,8336189
8882711,28,8336189
8883923,26,8336189
8885135,26,8336189
8886348,30,8336189
8887561,31,8336189
8888772,29,8336189
8889985,30,8336189
8891197,30,8336189
8892410,28,8336189
8893622,29,8336189
8894834,29,8335778
8896047,26,8335778
8897260,29,8335778
8898472,26,8335778
8899684,32,8335778
8900897,29,8335778
8902109,32,8335778
8903321,26,8335778
8904533,29,8335778
8905745,28,8332180
8906958,23,8332180
8908170,29,8332180
8909382,32,8332180
8910594,29,8332180
8911807,27,8332180
8913019,31,8332180
8914232,31,8332180
8915443,30,8332180
8916656,30,8339838
8917868,25,8339838
8919080,31,8339838
8926354,35,8339838
8927567,31,8332797
8928779,21,8332797
8929991,29,8332797
8931204,29,8332797
8932416,31,8332797
8933628,27,8332797
8934840,31,8332797
8936052,31,8332797
8937265,31,8332797
8938478,29,8334339
8939689,25,8334339
8940902,31,8334339
8942114,29,8334339
8943327,27,8334339
8944539,31,8334339
8945752,28,8334339
8946964,29,8334339
8948177,30,8334339
8949389,31,8336086
8950601,25,8336086
8951814,30,8336086
8953025,27,8336086
8954238,27,8336086
8955450,29,8336086
8956663,28,8336086
8957875,31,8336086
8959088,32,8336086
8960299,31,8334852
8961512,21,8334852
8962725,30,8334852
8963937,34,8334852
8965149,32,8334852
8966361,32,8334852
8967574,30,8334852
8968785,31,8334852
8969999,29,8334852
8971211,26,8334236
8972423,24,8334236
8973635,29,8334236
8974847,27,8334236
8976059,28,8334236
8977272,29,8334236
8978485,28,8334236
8979697,29,8334236
8980908,32,8334236
8982121,28,8336240
8983333,23,8332746
8984546,25,8332746
8985758,21,8332746
8986970,25,8332746
8988182,24,8332746
8989395,31,8332746
8990607,24,8332746
8991819,25,8332746
8993032,25,8332746
8994245,26,8339118
8995456,22,8339118
8996670,23,8339118
8997881,27,8339118
8999094,25,8339118
9000306,20,8339118
9001518,19,8339118
9002731,30,8339118
9010005,24,8339118
9011217,28,8339118
9012430,30,8339118
9013642,29,8339118
9014854,30,8325705
9016067,25,8336960
9017279,25,8336960
9018492,21,8336960
9019704,24,8336960
9020916,25,8336960
9022129,27,8336960
9023341,23,8336960
9024553,23,8336960
9025766,23,8336960
9026978,25,8334287
9028191,24,8334287
9029403,25,8334287
9030615,24,8334287
9031827,24,8334287
9033040,24,8334287
9034252,25,8334287
9035464,17,8334287
9036677,25,8334287
9037890,27,8334262
9039101,25,8327350
9040315,23,8327350
9041526,23,8327350
9042739,24,8327350
9043952,22,8327350
9045163,23,8327350
9046376,26,8327350
9047589,25,8327350
9048800,25,8327415
9050013,22,8331255
9051225,24,8331255
9052437,26,8331255
9053650,24,8331255
9054863,24,8331255
9056075,28,8331255
9057287,23,8331255
9058499,23,8331255
9059711,24,8331255
9060924,24,8331255
9062136,34,8331255
9063348,29,8331255
9064561,29,8331255
9065774,30,8331255
9066986,28,8331255
9068199,31,8331255
9069411,30,8335624
9070623,27,8335624
9071835,24,8335624
9073048,29,8335624
9074260,31,8335624
9075473,26,8335624
9076685,29,8335624
9077898,29,8335624
9079110,27,8335624
9080322,33,8335624
9081535,32,8335110
9082747,21,8335110
9083960,31,8335110
9085173,26,8335110
9086385,31,8335110
9094872,31,8335110
9096084,29,8335110
9097296,28,8335110
9098510,28,8335110
9099722,28,8335110
9100934,32,8335110
9102146,28,8335110
9103358,31,8337165
9104571,26,8337165
9105783,31,8337165
9106995,31,8337165
9108208,32,8337165
9109420,30,8337165
9110633,29,8337165
9111846,31,8337165
9113058,29,8337165
9114269,32,8332180
9115482,22,8332180
9116695,31,8332180
9117907,31,8332180
9119119,29,8332180
9120332,30,8332180
9121544,32,8332180
9122756,29,8332180
9123969,31,8332180
9125181,29,8336549
9126394,29,8336549
9127606,31,8336549
9128819,31,8336549
9130031,30,8336549
9131243,30,8336549
9132456,31,8336549
9133668,30,8336549
9134880,31,8336549
9136093,31,8334544
9137305,26,8334544
9138517,32,8334544
9139730,30,8334544
9140942,31,8334544
9142154,31,8334544
9143367,27,8334544
9144579,28,8334544
9145791,28,8334544
9147003,27,8339170
9148216,25,8339170
9149428,31,8339170
9150640,31,8339170
9151854,30,8339170
9153065,29,8339170
9154278,31,8339170
9155490,27,8339170
9156702,30,8339170
9157915,29,8334442
9159127,27,8334442
9160339,33,8334442
9161551,31,8334442
9162764,28,8334442
9163977,27,8334442
9165189,30,8334442
9166401,31,8334442
9167614,32,8334442
9168826,29,8332643
9170039,29,8338244
9171251,31,8338244
9179738,36,8338244
9180950,25,8336035
9182162,24,8336035
9183375,23,8336035
9184587,26,8336035
9185799,25,8336035
9187012,24,8336035
9188224,24,8336035
9189437,27,8336035
9190648,25,8336035
9191861,24,8336035
9193073,24,8336035
9194286,23,8336035
9195498,25,8336035
9196711,25,8336035
9197923,23,8336035
9199136,24,8336035
9200347,23,8336035
9201560,23,8336035
9202772,23,8338399
9203985,27,8338399
9205197,25,8338399
9206410,26,8338399
9207622,25,8338399
9208834,25,8338399
9210047,25,8338399
9211259,23,8338399
9212472,23,8338399
9213684,26,8332026
9214897,27,8332026
9216109,28,8332026
9217322,23,8332026
9218534,25,8332026
9219746,26,8332026
9220958,25,8332026
9222170,22,8332026
9223383,28,8332026
9224595,29,8331789
9225808,24,8337165
9227020,20,8337165
9228232,27,8337165
9229445,24,8337165
9230658,28,8337165
9231869,23,8337165
9233083,23,8337165
9234294,24,8337165
9235507,21,8337256
9236719,26,8333928
9237932,28,8333928
9239144,23,8333928
9240356,24,8333928
9241568,23,8333928
9242781,22,8333928
9243993,23,8333928
9245206,29,8333928
9246418,24,8333928
9247630,22,8333928
9248842,30,8333928
9250054,28,8333928
9251267,32,8333928
9252480,33,8333928
9253692,33,8333928
9254904,29,8333928
9256116,25,8333928
9263390,42,8333928
9264603,31,8333928
9265815,30,8333928
9267027,27,8333928
9268240,28,8337217
9269452,27,8337217
9270664,28,8337217
9271876,29,8337217
9273089,32,8337217
9274301,31,8337217
9275514,32,8337217
9276726,28,8337217
9277938,29,8337217
9279151,29,8333928
9280363,25,8333928
9281575,31,8333928
9282787,29,8333928
9284000,30,8333928
9285213,31,8333928
9286424,28,8333928
9287637,29,8333928
9288850,28,8333928
9290062,31,8333774
9291274,24,8333774
9292487,31,8333774
9293699,33,8333774
9294911,29,8333774
9296124,27,8333774
9297336,31,8333774
9298548,30,8333774
9299761,27,8333774
9300973,29,8338193
9302185,23,8338193
9303398,31,8338193
9304610,31,8338193
9305823,30,8338193
9307035,29,8338193
9308248,30,8338193
9309460,28,8338193
9310672,31,8338193
9311884,30,8337114
9313096,25,8337114
9314309,31,8337114
9315522,29,8337114
9316734,32,8337114
9317946,28,8337114
9319158,27,8337114
9320371,31,8337114
9321583,29,8337114
9322795,28,8333774
9324008,24,8333774
9325220,30,8333774
9326432,31,8333774
9327646,33,8333774
9328858,30,8333774
9330070,30,8333774
9331282,30,8333774
9332494,28,8333774
9333707,30,8336651
9334919,26,8336651
9336131,31,8336651
9337344,28,8336651
9338555,33,8336651
9339768,32,8336651
9347043,29,8336651
9348254,31,8336651
9349466,30,8336651
9350678,30,8336651
9351891,28,8336651
9353103,30,8336651
9354316,30,8336651
9355528,28,8334698
9356739,25,8337987
9357952,22,8337987
9359165,22,8337987
9360377,26,8337987
9361589,25,8337987
9362801,23,8337987
9364013,21,8337987
9365225,23,8337987
9366438,28,8337987
9367650,27,8333928
9368863,26,8333928
9370075,23,8333928
9371287,19,8333928
9372499,22,8333928
9373711,27,8333928
9374924,24,8333928
9376137,26,8333928
9377349,21,8333928
9378561,25,8337833
9379773,21,8337833
9380985,25,8337833
9382197,23,8337833
9383410,25,8337833
9384622,22,8337833
9385835,24,8337833
9387047,25,8337833
9388259,24,8337833
9389472,25,8334493
9390683,25,8334493
9391897,25,8334493
9393108,23,8334493
9394321,22,8334493
9395532,22,8334493
9396744,25,8334493
9397958,25,8334493
9399170,24,8334493
9400382,27,8334493
9401594,23,8334493
9402806,26,8334493
9404018,25,8334493
9405230,23,8334493
9406443,25,8334493
9407655,24,8334493
9408868,24,8334493
9410080,26,8334493
9411292,22,8334401
9412504,22,8337217
9413717,24,8337217
9414929,24,8337217
9416141,27,8337217
9417353,24,8337217
9418565,24,8337217
9419778,20,8337217
9420990,22,8337217
9422201,23,8337198
9423414,27,8332334
9431899,37,8332334
9433111,24,8332334
9434324,22,8332334
9435536,30,8332334
9436748,29,8332334
9437960,30,8332334
9439173,30,8332334
9440384,31,8332334
9441596,29,8332334
9442809,31,8332334
9444021,27,8334647
9445233,23,8334647
9446445,29,8334647
9447658,29,8334647
9448870,31,8334647
9450082,30,8334647
9451295,30,8334647
9452507,29,8334647
9453719,32,8334647
9454932,29,8336651
9456144,21,8336651
9457355,30,8336651
9458567,32,8336651
9459780,29,8336651
9460992,29,8336651
9462205,29,8336651
9463416,31,8336651
9464629,30,8336651
9465841,31,8338450
9467053,28,8338450
9468265,30,8338450
9469477,31,8338450
9470690,28,8338450
9471901,30,8338450
9473113,30,8338450
9474326,32,8338450
9475538,30,8338450
9476750,29,8339170
9477962,23,8339170
9479174,29,8339170
9480387,30,8339170
9481599,30,8339170
9482811,30,8339170
9484023,32,8339170
9485236,29,8339170
9486448,31,8339170
9487660,31,8335366
9488873,24,8335366
9490085,32,8335366
9491297,29,8335366
9492508,30,8335366
9493720,30,8335366
9494933,28,8335366
9496146,27,8335366
9497358,28,8335366
9498569,29,8335624
9499782,21,8335624
9500994,29,8335624
9502206,28,8335624
9503418,32,8335624
9504631,31,8335624
9505843,30,8335624
9507055,27,8335624
9508267,29,8335624
9516753,31,8335624
9517966,31,8335624
9519178,29,8335624
9520390,31,8337525
9521602,27,8337525
9522814,32,8337525
9524026,29,8337525
9525239,32,8337525
9526452,27,8337525
9527663,30,8337525
9528876,33,8337525
9530088,31,8337525
9531301,31,8334596
9532513,21,8338347
9533725,25,8338347
9534937,26,8338347
9536150,19,8338347
9537361,22,8338347
9538573,27,8338347
9539786,22,8338347
9540998,25,8338347
9542211,22,8338347
9543423,24,8336086
9544635,23,8336086
9545847,25,8336086
9547059,26,8336086
9548271,25,8336086
9549483,20,8336086
9550696,21,8336086
9551909,20,8336086
9553120,21,8336086
9554332,22,8329971
9555545,24,8329971
9556757,22,8329971
9557970,25,8329971
9559182,23,8329971
9560394,24,8329971
9561606,26,8329971
9562818,25,8329971
9564031,27,8329971
9565242,24,8339067
9566455,22,8339067
9567667,22,8339067
9568880,29,8339067
9570092,26,8339067
9571304,23,8339067
9572516,20,8339067
9573728,23,8339067
9574941,26,8339067
9576153,26,8331307
9577365,22,8331307
9578578,25,8331307
9579789,23,8331307
9581002,22,8331307
9582214,25,8331307
9583426,25,8331307
9584639,26,8331307
9585851,22,8331307
9587063,25,8331372
9588275,25,8335212
9589487,20,8335212
9590699,25,8335212
9591911,27,8335212
9593124,34,8335212
9601608,25,8335212
9602821,29,8335212
9604033,29,8335212
9605246,30,8335212
9606458,28,8335212
9607670,29,8334698
9608882,22,8334698
9610094,26,8334698
9611307,29,8334698
9612518,30,8334698
9613731,30,8334698
9614943,32,8334698
9616155,29,8334698
9617368,28,8334698
9618579,30,8338142
9619791,24,8338142
9621004,21,8338142
9622216,31,8338142
9623428,30,8338142
9624640,28,8338142
9625853,30,8338142
9627065,30,8338142
9628277,32,8338142
9629489,30,8338142
9630702,30,8335212
9631915,26,8335212
9633127,29,8335212
9634339,28,8335212
9635550,29,8335212
9636764,26,8335212
9637975,29,8335212
9639187,28,8335212
9640399,30,8335212
9641612,31,8337319
9642825,26,8337319
9644036,31,8337319
9645249,31,8337319
9646461,27,8337319
9647674,30,8337319
9648886,30,8337319
9650098,31,8337319
9651310,32,8337319
9652523,31,8334698
9653735,26,8334698
9654948,31,8334698
9656160,29,8334698
9657372,29,8334698
9658585,29,8334698
9659798,29,8334698
9661010,28,8334698
9662223,31,8334698
9663434,32,8340146
9664647,23,8340146
9665860,29,8340146
9667071,29,8340146
9668284,31,8340146
9669497,28,8340146
9670708,29,8340146
9671921,30,8340146
9673134,31,8340146
9674346,29,8333722
9675559,23,8333722
9676771,29,8333722
9677983,30,8334544
9685259,36,8334544
9686473,36,8334544
9687682,30,8334544
9688895,29,8334544
9690107,31,8334544
9691319,31,8334544
9692532,29,8334544
9693745,32,8334544
9694957,28,8334544
9696169,27,8334955
9697382,25,8334955
9698594,30,8334955
9699806,29,8334955
9701018,28,8334955
9702231,29,8334955
9703443,30,8334955
9704656,31,8334955
9705869,29,8334955
9707081,31,8334750
9708293,22,8334750
9709506,29,8334750
9710718,30,8334750
9711930,28,8334750
9713142,30,8334750
9714355,30,8334750
9715567,27,8334750
9716780,29,8334750
9717993,31,8335521
9719205,25,8337422
9720417,25,8337422
9721630,24,8337422
9722842,24,8337422
9724055,22,8337422
9725266,25,8337422
9726480,21,8337422
9727691,24,8337422
9728904,23,8337422
9730117,25,8331512
9731329,21,8331512
9732541,26,8331512
9733754,23,8331512
9734965,23,8331512
9736178,24,8331512
9737391,30,8331512
9738602,26,8331512
9739815,24,8331512
9741027,25,8338913
9742239,25,8338913
9743452,20,8338913
9744664,22,8338913
9745877,25,8338913
9747089,27,8338913
9748301,26,8338913
9749514,23,8338913
9750726,26,8338913
9751938,26,8337011
9753151,22,8337011
9754363,22,8337011
9755576,25,8337011
9756787,23,8337011
9758000,22,8337011
9759212,25,8337011
9760425,22,8337011
9761637,26,8337011
9768912,37,8337011
9770124,32,8337011
9771336,33,8337011
9772548,30,8332643
9773760,23,8332707
9774973,23,8336035
9776185,26,8336035
9777398,26,8336035
9778610,22,8336035
9779823,25,8336035
9781035,27,8336035
9782247,23,8336035
9783459,24,8336035
9784672,26,8336098
9785885,23,8339426
9787096,23,8339426
9788309,23,8339426
9789521,25,8339426
9790734,27,8339426
9791946,25,8339426
9793157,23,8339426
9794370,22,8339426
9795582,23,8339426
9796794,25,8339426
9798006,29,8339426
9799218,30,8339426
9800430,31,8339426
9801643,31,8339426
9802855,30,8339426
9804067,29,8339426
9805280,28,8339426
9806492,30,8336549
9807703,24,8336549
9808916,29,8336549
9810128,32,8336549
9811340,30,8336549
9812552,31,8336549
9813764,29,8336549
9814976,28,8336549
9816189,28,8336549
9817401,29,8333311
9818613,25,8333311
9819826,29,8333311
9821038,32,8333311
9822250,27,8333311
9823462,28,8333311
9824674,29,8333311
9825886,31,8333311
9827099,28,8333311
9828310,28,8336137
9829522,22,8336137
9830735,29,8336137
9831947,31,8336137
9833160,31,8336137
9834371,29,8336137
9835584,30,8336137
9836796,31,8336137
9838009,30,8336137
9839220,30,8331461
9840433,29,8331461
9841645,27,8331461
9842857,30,8331461
9844069,30,8331461
9845281,31,8331461
9853767,30,8331461
9854979,30,8331461
9856190,29,8331461
9857404,27,8331461
9858615,31,8331461
9859827,29,8331461
9861039,29,8337782
9862251,25,8337782
9863464,28,8337782
9864676,28,8337782
9865888,30,8337782
9867101,29,8337782
9868312,29,8337782
9869525,32,8337782
9870736,34,8337782
9871949,31,8335829
9873162,23,8335829
9874373,31,8335829
9875585,30,8335829
9876798,30,8335829
9878010,28,8335829
9879222,29,8335829
9880434,30,8335829
9881647,29,8335829
9882859,30,8334801
9884071,24,8334801
9885283,30,8334801
9886495,29,8334801
9887707,29,8334801
9888919,32,8334801
9890131,30,8334801
9891343,30,8334801
9892555,30,8334801
9893767,29,8336600
9894980,22,8334955
9896191,24,8334955
9897404,25,8334955
9898615,21,8334955
9899827,25,8334955
9901040,23,8334955
9902252,22,8334955
9903464,21,8334955
9904676,25,8334955
9905888,30,8331615
9907100,25,8331615
9908313,22,8331615
9909524,25,8331615
9910736,26,8331615
9911948,22,8331615
9913160,24,8331615
9914372,24,8331615
9915584,25,8331615
9916796,25,8334544
9918009,25,8334544
9919220,25,8334544
9920432,25,8334544
9921645,25,8334544
9922857,26,8334544
9924069,23,8334544
9925281,23,8334544
9926493,25,8334544
9927705,25,8330895
9928917,25,8330895
9930129,31,8330895
9938614,30,8335675
9939826,28,8335675
9941038,24,8335675
9942250,26,8335675
9943463,21,8335675
9944674,24,8335675
9945887,27,8335675
9947098,26,8335675
9948311,26,8335675
9949523,25,8335822
9950735,27,8334030
9951947,22,8334030
9953159,23,8334030
9954371,23,8334030
9955584,24,8334030
9956796,27,8334030
9958009,21,8334030
9959220,23,8334030
9960432,25,8333930
9961644,25,8334442
9962857,25,8334442
9964070,28,8334442
9965281,25,8334442
9966494,19,8334442
9967706,21,8334442
9968917,25,8334442
9970130,25,8334442
9971341,25,8334442
9972553,24,8334442
9973766,30,8334442
9974978,28,8334442
9976190,30,8334442
9977401,30,8334442
9978614,30,8334442
9979826,29,8334442
9981038,28,8331821
9982250,23,8331821
9983463,24,8331821
9984674,31,8331821
9985886,31,8331821
9987098,29,8331821
9988311,30,8331821
9989522,33,8331821
9990735,28,8331821
9991947,27,8331821
9993158,30,8333106
9994370,24,8333106
9995582,28,8333106
9996795,27,8333106
9998007,31,8333106
9999219,30,8333106
10000431,30,8333106
10001643,28,8333106
10002855,30,8333106
10004067,30,8336446
10005279,25,8336446
10006491,28,8336446
10007703,31,8336446
10008915,29,8336446
10010128,33,8336446
10011339,31,8336446
10012551,30,8336446
10013763,28,8336446
10014975,32,8336446
10022249,32,8336446
10023461,27,8336446
10024673,27,8336446
10025884,29,8339992
10027097,27,8339992
10028309,28,8339992
10029522,31,8339992
10030734,27,8339992
10031946,30,8339992
10033158,28,8339992
10034371,32,8339992
10035582,29,8339992
10036795,27,8334339
10038007,25,8334339
10039219,29,8334339
10040431,30,8334339
10041643,31,8334339
10042855,31,8334339
10044067,30,8334339
10045279,29,8334339
10046492,29,8334339
10047704,28,8333876
10048917,26,8333876
10050128,30,8333876
10051341,29,8333876
10052552,30,8333876
10053764,30,8333876
10054978,30,8333876
10056190,27,8333876
10057401,29,8333876
10058614,27,8336395
10059826,24,8336395
10061038,31,8336395
10062251,29,8336395
10063463,28,8336395
10064675,29,8336395
10065887,28,8336395
10067099,28,8336395
10068311,28,8336395
10069523,32,8333722
10070735,25,8334544
10071948,21,8334544
10073160,22,8334544
10074373,25,8334544
10075585,22,8334544
10076797,25,8334544
10078008,25,8334544
10079221,27,8334544
10080434,27,8334544
10081646,26,8339170
10082858,20,8339170
10084070,25,8339170
10085282,25,8339170
10086494,22,8339170
10087706,24,8339170
10088919,24,8339170
10090131,24,8339170
10091343,23,8339170
10092556,25,8335058
10093767,22,8335058
10094980,24,8335058
10096192,22,8335058
10097404,25,8335058
10098616,27,8335058
10105890,34,8335058
10107101,29,8335058
10108313,29,8335058
10109525,30,8335058
10110737,31,8335058
10111950,27,8335058
10113161,30,8332848
10114374,25,8335366
10115586,21,8335366
10116798,23,8335366
10118010,23,8335366
10119222,26,8335366
10120435,28,8335366
10121646,25,8335366
10122858,20,8335366
10124070,25,8335366
10125283,25,8335440
10126495,22,8341328
10127707,25,8341328
10128919,26,8341328
10130131,24,8341328
10131344,21,8341328
10132556,27,8341328
10133767,22,8341328
10134979,24,8341328
10136192,24,8341476
10137404,22,8339940
10138616,24,8339940
10139828,23,8339940
10141039,27,8339940
10142252,26,8339940
10143464,21,8339940
10144677,25,8339940
10145888,28,8339940
10147100,28,8339940
10148312,26,8339940
10149524,28,8339940
10150737,29,8339940
10151948,31,8339940
10153161,29,8339940
10154372,30,8339940
10155584,28,8339940
10156797,30,8338347
10158009,24,8338347
10159221,24,8338347
10160433,31,8338347
10161645,33,8338347
10162857,29,8338347
10164070,32,8338347
10165281,30,8338347
10166494,28,8338347
10167706,32,8338347
10168918,29,8336805
10170130,31,8336805
10171342,31,8336805
10172553,33,8336805
10173766,31,8336805
10174978,30,8336805
10176190,30,8336805
10177402,30,8336805
10178614,31,8336805
10179826,30,8336805
10181039,26,8336805
10182250,29,8336805
10189523,32,8336805
10190735,29,8332694
10191948,26,8332694
10193159,28,8332694
10194372,32,8332694
10195585,32,8332694
10196797,29,8332694
10198009,29,8332694
10199221,31,8332694
10200433,32,8332694
10201646,29,8334647
10202857,23,8334647
10204070,28,8334647
10205282,31,8334647
10206494,32,8334647
10207706,28,8334647
10208919,31,8334647
10210130,28,8334647
10211343,30,8334647
10212554,29,8335469
10213768,20,8335469
10214979,29,8335469
10216192,31,8335469
10217403,29,8335469
10218616,31,8335469
10219829,29,8335469
10221041,31,8335469
10222253,31,8335469
10223465,29,8333774
10224678,26,8333774
10225890,32,8333774
10227102,30,8333774
10228314,31,8333774
10229527,29,8333774
10230738,31,8333774
10231951,30,8333774
10233163,29,8333774
10234376,30,8336137
10235587,25,8336137
10236799,31,8336137
10238012,31,8336137
10239224,27,8336137
10240437,29,8336137
10241649,31,8336137
10242860,32,8336137
10244073,30,8336137
10245285,28,8334493
10246498,19,8334493
10247710,27,8334493
10248922,31,8334493
10250134,33,8334493
10251346,31,8334493
10252559,31,8334493
10253770,31,8334493
10254982,34,8334493
10256195,29,8332129
10257407,26,8332951
10258619,25,8332951
10259831,24,8332951
10261043,25,8332951
10262255,22,8332951
10263468,22,8332951
10264681,25,8332951
10265892,26,8332951
10274377,35,8332951
10275590,28,8332951
10276802,29,8332951
10278014,31,8328120
10279225,24,8337011
10280438,26,8337011
10281650,26,8337011
10282862,26,8337011
10284074,26,8337011
10285286,24,8337011
10286499,19,8337011
10287711,25,8337011
10288923,25,8337011
10290135,25,8333979
10291347,21,8333979
10292560,27,8333979
10293771,23,8333979
10294983,24,8333979
10296196,23,8333979
10297408,26,8333979
10298619,24,8333979
10299831,25,8333979
10301044,26,8333879
10302256,23,8334647
10303468,24,8334647
10304681,24,8334647
10305893,27,8334647
10307104,24,8334647
10308317,25,8334647
10309529,24,8334647
10310742,27,8334647
10311953,25,8334715
10313166,24,8339067
10314378,23,8339067
10315590,25,8339067
10316802,24,8339067
10318014,23,8339067
10319226,24,8339067
10320439,28,8339067
10321651,25,8339067
10322863,30,8339067
10324075,27,8339067
10325288,29,8339067
10326499,29,8339067
10327711,31,8339067
10328923,32,8339067
10330135,31,8339067
10331348,28,8339067
10332560,30,8339067
10333773,24,8339067
10334984,25,8339067
10336197,30,8339067
10337408,31,8339067
10338621,30,8339067
10339833,28,8339067
10341044,30,8339067
10342257,32,8339067
10343469,29,8339067
10344681,30,8337011
10345893,23,8337011
10347105,29,8337011
10348317,32,8337011
10349530,29,8337011
10350741,32,8337011
10358014,19,8337011
10359227,32,8337011
10360439,32,8337011
10361651,31,8337011
10362863,32,8337011
10364075,28,8337011
10365288,29,8337011
10366500,29,8336549
10367712,26,8336549
10368924,31,8336549
10370136,30,8336549
10371348,30,8336549
10372561,28,8336549
10373772,28,8336549
10374984,30,8336549
10376197,30,8336549
10377409,31,8332746
10378621,24,8332746
10379833,29,8332746
10381046,29,8332746
10382257,28,8332746
10383469,29,8332746
10384682,32,8332746
10385894,29,8332746
10387105,30,8332746
10388317,28,8338501
10389530,23,8338501
10390742,32,8338501
10391954,28,8338501
10393167,29,8338501
10394378,29,8338501
10395591,32,8338501
10396803,30,8338501
10398015,30,8338501
10399227,32,8336549
10400439,28,8336549
10401652,33,8336549
10402863,30,8336549
10404075,31,8336549
10405288,30,8336549
10406500,27,8336549
10407712,32,8336549
10408924,29,8336549
10410137,31,8338604
10411349,25,8338604
10412560,29,8338604
10413772,29,8338604
10414984,31,8338604
10416197,30,8338604
10417408,28,8338604
10418620,29,8338604
10419833,29,8338604
10421046,34,8333260
10422257,25,8333260
10423469,29,8333260
10424682,28,8333260
10425893,32,8333260
10427106,29,8333260
10428319,29,8333260
10429530,32,8333260
10430742,32,8333260
10431954,28,8338861
10433167,22,8333671
10434379,30,8333671
10442864,40,8333671
10444077,26,8336086
10445289,20,8336086
10446501,21,8336086
10447713,26,8336086
10448926,23,8336086
10450138,25,8336086
10451350,22,8336086
10452562,22,8336086
10453774,18,8336086
10454986,26,8334236
10456198,26,8334236
10457410,26,8334236
10458623,24,8334236
10459835,27,8334236
10461047,28,8334236
10462259,24,8334236
10463472,20,8334236
10464685,27,8334236
10465897,26,8328943
10467109,24,8328943
10468321,22,8328943
10469534,24,8328943
10470745,20,8328943
10471958,24,8328943
10473170,24,8328943
10474382,29,8328943
10475594,26,8328943
10476807,23,8330485
10478019,22,8330485
10479231,26,8330485
10480443,24,8330485
10481657,24,8330485
10482868,24,8330485
10484081,23,8330485
10485293,22,8330485
10486505,24,8330485
10487717,23,8330244
10488929,21,8334596
10490142,25,8334596
10491353,23,8334596
10492566,23,8334596
10493778,23,8334596
10494991,23,8334596
10496202,23,8334596
10497415,26,8334596
10498627,22,8334645
10499839,22,8334133
10501052,26,8334133
10502263,24,8334133
10503475,23,8334133
10504688,26,8334133
10505901,25,8334133
10507112,24,8334133
10508325,24,8334133
10509537,26,8334133
10510750,23,8334133
10511962,31,8334133
10513173,27,8334133
10514386,32,8334133
10515598,28,8334133
10516811,29,8334133
10518023,31,8334133
10519235,29,8334133
10526508,29,8334133
10527720,32,8334133
10528932,33,8334133
10530145,31,8334133
10531356,31,8336343
10532568,22,8336343
10533781,28,8336343
10534994,30,8336343
10536205,30,8336343
10537417,32,8336343
10538630,29,8336343
10539842,28,8336343
10541055,31,8336343
10542266,32,8337987
10543479,22,8337987
10544691,30,8337987
10545904,29,8337987
10547116,28,8337987
10548328,32,8337987
10549540,32,8337987
10550752,31,8337987
10551965,32,8337987
10553177,31,8335315
10554389,29,8335315
10555601,28,8335315
10556813,29,8335315
10558026,28,8335315
10559238,28,8335315
10560450,28,8335315
10561662,29,8335315
10562874,30,8335315
10564086,32,8336035
10565299,23,8336035
10566511,29,8336035
10567723,27,8336035
10568935,30,8336035
10570148,30,8336035
10571360,26,8336035
10572573,33,8336035
10573784,29,8336035
10574997,32,8337114
10576209,26,8337114
10577421,30,8337114
10578634,27,8337114
10579846,33,8337114
10581058,27,8337114
10582270,29,8337114
10583483,27,8337114
10584695,31,8337114
10585907,29,8337114
10587119,26,8337114
10588332,29,8337114
10589543,33,8337114
10590756,27,8337114
10591968,32,8337114
10593180,28,8337114
10594393,31,8337114
10595605,29,8337114
10596817,31,8334133
10598030,25,8334133
10599242,28,8334133
10600454,27,8334133
10601666,31,8334133
10602878,31,8334133
10610152,28,8334133
10611364,28,8334133
10612578,31,8334133
10613789,32,8334133
10615001,31,8334133
10616213,28,8334133
10617426,32,8334133
10618638,32,8338707
10619850,23,8333362
10621062,24,8333362
10622274,25,8333362
10623486,21,8333362
10624699,25,8333362
10625911,25,8333362
10627124,23,8333362
10628336,24,8333362
10629549,25,8333362
10630761,23,8331101
10631972,22,8331101
10633184,21,8331101
10634397,29,8331101
10635609,26,8331101
10636822,25,8331101
10638033,25,8331101
10639246,26,8331101
10640458,22,8331101
10641670,23,8328223
10642882,28,8328223
10644094,25,8328223
10645307,23,8328223
10646519,23,8328223
10647731,24,8328223
10648943,23,8328223
10650155,21,8328223
10651368,23,8328223
10652580,25,8334030
10653793,24,8334030
10655005,22,8334030
10656217,27,8334030
10657430,26,8334030
10658641,25,8334030
10659853,23,8334030
10661066,27,8334030
10662278,23,8334030
10663490,21,8333847
10664702,23,8339735
10665915,29,8339735
10667127,25,8339735
10668339,22,8339735
10669551,26,8339735
10670763,23,8339735
10671976,26,8339735
10673188,25,8339735
10674400,25,8339874
10675613,24,8335778
10676824,27,8335778
10678036,25,8335778
10679249,27,8335778
10680461,23,8335778
10681673,25,8335778
10682885,26,8335778
10684097,28,8335778
10685310,26,8335778
10686522,30,8335778
10693859,29,8335778
10695007,28,8339375
10696219,23,8339375
10697432,27,8339375
10698643,31,8339375
10699856,32,8339375
10701068,30,8339375
10702280,30,8339375
10703493,27,8339375
10704704,28,8339375
10705917,27,8339375
10707129,29,8335469
10708341,24,8335469
10709553,32,8335469
10710766,32,8335469
10711978,30,8335469
10713190,29,8335469
10714403,31,8335469
10715615,30,8335469
10716827,31,8335469
10718039,31,8333260
10719252,25,8333260
10720464,29,8333260
10721676,29,8333260
10722888,28,8333260
10724101,29,8333260
10725313,28,8333260
10726525,30,8333260
10727738,30,8333260
10728950,29,8337165
10730162,23,8337165
10731374,30,8337165
10732587,30,8337165
10733799,30,8337165
10735011,30,8337165
10736224,27,8337165
10737435,30,8337165
10738648,28,8337165
10739861,28,8335675
10741073,24,8335675
10742285,30,8335675
10743497,27,8335675
10744710,30,8335675
10745922,28,8335675
10747133,32,8335675
10748346,27,8335675
10749558,32,8335675
10750770,28,8337782
10751983,29,8337782
10753195,28,8337782
10754407,30,8337782
10755619,27,8337782
10756831,27,8337782
10758043,28,8337782
10759256,31,8337782
10760468,31,8337782
10761680,26,8337165
10762893,26,8337165
10764105,28,8337165
10765317,29,8337165
10766529,31,8337165
10767741,32,8337165
10768954,30,8337165
10770166,30,8337165
10777440,30,8337165
10778651,31,8337165
10779863,29,8337165
10781076,32,8337165
10782288,28,8337165
10783500,30,8333825
10784713,24,8333825
10785925,29,8333825
10787137,30,8333825
10788349,32,8333825
10789562,27,8333825
10790774,31,8333825
10791987,30,8333825
10793199,27,8333825
10794411,29,8336497
10795623,26,8337114
10796835,23,8337114
10798047,27,8337114
10799259,26,8337114
10800472,20,8337114
10801684,24,8337114
10802897,23,8337114
10804108,28,8337114
10805321,22,8337114
10806533,24,8330895
10807745,25,8330895
10808958,26,8330895
10810170,24,8330895
10811382,25,8330895
10812594,24,8330895
10813806,23,8330895
10815019,20,8330895
10816231,26,8330895
10817444,25,8330125
10818655,27,8330125
10819868,26,8330125
10821080,24,8330125
10822292,20,8330125
10823504,22,8330125
10824716,23,8330125
10825929,25,8330125
10827141,23,8330125
10828353,23,8339426
10829566,24,8339426
10830777,26,8339426
10831990,23,8339426
10833202,25,8339426
10834415,26,8339426
10835626,26,8339426
10836839,22,8339426
10838051,25,8339426
10839263,23,8332900
10840476,24,8332900
10841687,25,8332900
10842900,24,8332900
10844112,26,8332900
10845325,23,8332900
10846537,26,8332900
10847749,20,8332900
10848961,23,8332900
10850174,24,8332963
10851386,29,8336035
10852598,22,8336035
10853810,31,8336035
10862296,24,8336035
10863507,30,8336035
10864720,32,8336035
10865932,30,8336035
10867144,27,8336035
10868356,29,8336035
10869568,32,8336035
10870781,29,8336086
10871992,24,8336086
10873205,26,8336086
10874417,30,8336086
10875630,32,8336086
10876841,30,8336086
10878053,31,8336086
10879265,28,8336086
10880478,27,8336086
10881690,32,8336086
10882902,29,8338604
10884114,23,8338604
10885326,29,8338604
10886539,30,8338604
10887751,32,8338604
10888963,29,8338604
10890176,27,8338604
10891388,33,8338604
10892601,29,8338604
10893813,27,8336549
10895025,23,8336549
10896237,29,8336549
10897449,27,8336549
10898662,30,8336549
10899874,31,8336549
10901086,29,8336549
10902298,29,8336549
10903511,31,8336549
10904723,29,8333928
10905935,28,8333928
10907147,31,8333928
10908359,31,8333928
10909571,29,8333928
10910783,31,8333928
10911996,31,8333928
10913209,30,8333928
10914420,28,8333928
10915633,30,8334801
10916845,23,8334801
10918058,31,8334801
10919269,31,8334801
10920481,28,8334801
10921694,30,8334801
10922906,29,8334801
10924118,29,8334801
10925330,30,8334801
10926543,30,8333106
10927755,20,8333106
10928967,27,8333106
10930180,29,8333106
10931392,33,8333106
10932605,29,8333106
10933817,28,8333106
10935028,33,8333106
10936241,31,8333106
10937453,26,8335983
10938665,32,8335983
10945938,34,8335983
10947150,28,8335983
10948363,30,8338090
10949575,24,8338090
10950787,29,8338090
10951999,29,8338090
10953212,31,8338090
10954423,31,8338090
10955635,30,8338090
10956847,31,8338090
10958060,30,8338090
10959272,30,8336086
10960484,22,8336086
10961696,29,8336086
10962908,28,8336086
10964120,31,8336086
10965333,28,8336086
10966544,29,8336086
10967757,29,8336086
10968968,30,8336086
10970181,30,8338604
10971393,29,8337063
10972604,24,8337063
10973817,25,8337063
10975029,25,8337063
10976241,25,8337063
10977453,22,8337063
10978666,24,8337063
10979878,25,8337063
10981090,27,8337063
10982301,23,8340865
10983514,27,8340865
10984726,24,8340865
10985939,26,8340865
10987150,19,8340865
10988363,26,8340865
10989575,26,8340865
10990786,21,8340865
10991998,22,8340865
10993211,24,8330895
10994423,25,8330895
10995635,27,8330895
10996847,26,8330895
10998059,25,8330895
10999272,23,8330895
11000484,19,8330895
11001695,25,8330895
11002908,25,8330895
11004120,25,8334596
11005332,21,8334596
11006545,24,8334596
11007757,23,8334596
11008969,21,8334596
11010181,24,8334596
11011393,27,8334596
11012605,27,8334596
11013817,24,8334596
11015029,21,8334904
11016241,25,8334904
11017453,24,8334904
11018666,21,8334904
11019877,24,8334904
11021090,24,8334904
11022302,30,8334904
11030787,28,8334904
11031999,30,8334904
11033212,28,8334904
11034423,30,8334904
11035635,30,8329816
11036847,27,8329778
11038060,25,8333362
11039272,26,8333362
11040484,23,8333362
11041696,30,8333362
11042909,23,8333362
11044120,22,8333362
11045333,24,8333362
11046545,25,8333362
11047756,19,8333362
11048969,24,8333362
11050181,29,8333362
11051393,33,8333362
11052606,29,8333362
11053818,31,8333362
11055030,32,8333362
11056242,31,8333362
11057454,28,8342510
11058666,24,8342510
11059879,25,8342510
11061091,31,8342510
11062303,28,8342510
11063515,26,8342510
11064727,29,8342510
11065939,29,8342510
11067152,26,8342510
11068363,30,8342510
11069575,31,8332540
11070789,24,8332540
11072001,30,8332540
11073212,28,8332540
11074424,29,8332540
11075637,30,8332540
11076849,31,8332540
11078062,31,8332540
11079273,31,8332540
11080486,28,8332797
11081698,27,8332797
11082910,32,8332797
11084122,31,8332797
11085334,29,8332797
11086547,29,8332797
11087758,29,8332797
11088971,30,8332797
11090183,31,8332797
11091394,31,8335366
11092607,25,8335366
11093819,28,8335366
11095031,28,8335366
11096244,33,8335366
11097456,29,8335366
11098668,29,8335366
11099880,32,8335366
11101092,29,8335366
11102305,31,8337936
11103516,21,8337936
11104728,28,8337936
11105940,30,8337936
11107153,30,8335418
11114425,36,8335418
11115638,35,8335418
11116850,30,8335418
11118062,28,8335418
11119274,32,8335418
11120487,28,8335418
11121698,31,8335418
11122910,29,8335418
11124122,28,8337628
11125335,25,8337628
11126547,28,8337628
11127759,31,8337628
11128971,30,8337628
11130184,29,8337628
11131395,33,8337628
11132607,30,8337628
11133819,32,8337628
11135031,31,8335366
11136244,25,8335366
11137456,28,8335366
11138668,31,8335366
11139880,30,8335366
11141092,32,8335366
11142305,31,8335366
11143516,32,8335366
11144728,28,8335366
11145940,29,8336497
11147152,23,8336497
11148364,32,8336497
11149578,30,8336497
11150789,28,8336497
11152001,31,8336497
11153213,30,8336497
11154426,31,8336497
11155638,27,8336497
11156850,30,8332386
11158062,23,8333516
11159274,25,8333516
11160486,22,8333516
11161698,25,8333516
11162911,24,8333516
11164122,22,8333516
11165335,24,8333516
11166547,26,8333516
11167759,25,8333516
11168971,24,8331358
11170183,22,8331358
11171395,27,8331358
11172607,22,8331358
11173819,26,8331358
11175031,26,8331358
11176243,25,8331358
11177456,19,8331358
11178668,23,8331358
11179880,25,8328737
11181091,27,8328737
11182304,23,8328737
11183516,23,8328737
11184729,25,8328737
11185941,26,8328737
11187152,24,8328737
11188364,27,8328737
11189578,25,8328737
11190789,31,8328737
11199274,26,8328737
11200486,30,8340249
11201698,25,8340388
11202911,22,8336292
11204122,25,8336292
11205335,23,8336292
11206546,24,8336292
11207759,23,8336292
11208971,25,8336292
11210183,24,8336292
11211395,24,8336292
11212607,25,8336338
11213819,25,8335058
11215031,23,8335058
11216243,25,8335058
11217455,19,8335058
11218667,22,8335058
11219879,24,8335058
11221091,26,8335058
11222303,23,8335058
11223516,19,8335058
11224727,24,8335058
11225939,28,8335058
11227151,29,8335058
11228365,29,8335058
11229576,31,8335058
11230788,31,8335058
11232001,30,8335058
11233213,29,8335058
11234425,25,8335058
11235637,25,8335058
11236849,31,8335058
11238062,31,8335058
11239273,28,8335058
11240486,27,8335058
11241698,31,8335058
11242910,30,8335058
11244122,30,8335058
11245335,32,8339684
11246547,25,8339684
11247759,27,8339684
11248971,31,8339684
11250184,29,8339684
11251395,30,8339684
11252607,31,8339684
11253819,30,8339684
11255032,32,8339684
11256244,30,8331821
11257456,21,8331821
11258668,31,8331821
11259880,32,8331821
11261093,29,8331821
11262304,30,8331821
11263516,29,8331821
11264728,30,8331821
11265940,31,8331821
11267153,29,8336240
11268365,24,8336240
11269579,30,8336240
11270789,27,8336240
11272001,31,8336240
11273213,32,8336240
11274426,30,8336240
11275638,31,8336240
11282912,38,8336240
11284124,33,8336240
11285336,29,8336240
11286549,29,8336240
11287760,29,8336240
11288972,29,8338810
11290185,24,8338810
11291397,29,8338810
11292610,30,8338810
11293822,28,8338810
11295034,29,8338810
11296246,30,8338810
11297458,29,8338810
11298670,30,8338810
11299883,28,8337217
11301095,25,8337217
11302308,27,8337217
11303519,31,8337217
11304731,29,8337217
11305944,30,8337217
11307156,27,8337217
11308368,30,8337217
11309580,30,8337217
11310792,30,8336395
11312005,22,8336395
11313217,27,8336395
11314430,29,8336395
11315642,30,8336395
11316854,32,8336395
11318066,31,8336395
11319279,31,8336395
11320491,29,8336395
11321702,30,8334390
11322915,24,8334390
11324127,31,8334390
11325339,33,8334390
11326551,33,8334390
11327763,31,8334390
11328975,30,8334390
11330189,30,8334390
11331400,32,8334390
11332612,31,8337422
11333825,25,8333825
11335037,26,8333825
11336249,26,8333825
11337461,20,8333825
11338674,23,8333825
11339886,29,8333825
11341099,25,8333825
11342311,21,8333825
11343523,25,8333825
11344735,24,8336292
11345947,24,8336292
11347159,28,8336292
11348372,25,8336292
11349583,22,8336292
11350796,26,8336292
11352008,24,8336292
11353220,25,8336292
11354433,25,8336292
11355645,25,8336292
11356857,23,8336292
11358070,23,8336292
11359282,27,8333876
11367767,24,8333876
11368979,28,8333876
11370192,23,8333876
11371404,25,8333876
11372616,21,8333876
11373828,27,8333876
11375041,22,8333876
11376252,29,8333876
11377465,21,8332694
11378676,22,8332694
11379889,27,8332694
11381101,21,8332694
11382314,26,8332694
11383525,28,8332694
11384738,21,8332694
11385950,27,8332694
11387162,25,8332694
11388374,20,8332546
11389586,26,8334082
11390799,27,8334082
11392010,22,8334082
11393222,24,8334082
11394435,27,8334082
11395647,28,8334082
11396860,24,8334082
11398072,23,8334082
11399284,28,8334181
11400496,21,8333157
11401708,22,8333157
11402920,27,8333157
11404133,25,8333157
11405345,22,8333157
11406558,26,8333157
11407769,22,8333157
11408983,28,8333157
11410195,28,8333157
11411407,21,8333157
11412618,31,8333157
11413831,29,8333157
11415043,29,8333157
11416256,30,8333157
11417468,33,8333157
11418680,31,8333157
11419892,30,8335778
11421104,25,8335778
11422316,23,8335778
11423528,29,8335778
11424741,36,8335778
11425953,31,8335778
11427165,26,8335778
11428377,33,8335778
11429590,32,8335778
11430802,31,8335778
11432014,31,8339221
11433226,26,8339221
11434439,33,8339221
11435651,31,8339221
11436863,30,8339221
11438075,32,8339221
11439287,32,8339221
11440500,30,8339221
11441713,29,8339221
11442925,31,8338142
11444137,31,8338142
11452622,28,8338142
11453834,29,8337473
11455047,24,8337473
11456259,29,8337473
11457471,26,8337473
11458684,32,8337473
11459895,30,8337473
11461107,31,8337473
11462320,31,8337473
11463532,31,8337473
11464745,30,8335058
11465957,23,8335058
11467169,28,8335058
11468381,29,8335058
11469593,32,8335058
11470805,31,8335058
11472018,30,8335058
11473230,30,8335058
11474442,32,8335058
11475654,28,8336446
11476866,27,8336446
11478079,29,8336446
11479290,28,8336446
11480503,28,8336446
11481716,33,8336446
11482927,34,8336446
11484139,29,8336446
11485352,30,8336446
11486564,30,8337063
11487776,21,8337063
11488989,27,8337063
11490201,32,8337063
11491413,29,8337063
11492626,28,8337063
11493838,32,8337063
11495049,29,8337063
11496263,31,8337063
11497475,31,8335521
11498687,26,8335521
11499899,30,8335521
11501111,31,8335521
11502324,31,8335521
11503536,32,8335521
11504748,31,8335521
11505961,28,8335521
11507173,30,8335521
11508385,29,8338193
11509597,24,8338193
11510810,27,8338193
11512022,29,8338193
11513234,32,8338193
11514446,27,8338193
11515658,27,8338193
11516870,32,8338193
11518083,31,8338193
11519295,28,8335726
11520507,23,8337063
11521720,25,8337063
11522932,28,8337063
11524144,24,8337063
11525356,20,8337063
11526569,24,8337063
11527780,21,8337063
11528993,29,8337063
11537478,28,8337063
11538690,28,8337063
11539902,34,8337063
11541115,32,8334133
11542327,23,8340403
11543539,25,8340403
11544751,24,8340403
11545964,23,8340403
11547176,21,8340403
11548388,28,8340403
11549601,25,8340403
11550812,24,8340403
11552025,21,8340403
11553237,27,8335521
11554450,24,8335521
11555662,25,8335521
11556874,21,8335521
11558086,25,8335521
11559298,20,8335521
11560510,21,8335521
11561722,25,8335521
11562935,27,8335521
11564147,23,8335376
11565360,21,8337936
11566572,25,8337936
11567784,20,8337936
11568996,21,8337936
11570209,24,8337936
11571421,21,8337936
11572633,24,8337936
11573845,26,8337936
11575058,25,8338015
11576270,24,8331615
11577482,19,8331615
11578694,24,8331615
11579907,25,8331615
11581119,25,8331615
11582332,21,8331615
11583544,24,8331615
11584755,21,8331615
11585968,26,8331615
11587181,23,8331615
11588392,32,8331615
11589605,30,8331615
11590817,31,8331615
11592029,29,8331615
11593241,30,8331615
11594453,28,8331615
11595666,30,8331615
11596878,24,8331615
11598090,25,8331615
11599302,28,8331615
11600514,29,8331615
11601726,30,8331615
11602938,32,8331615
11604151,27,8331615
11605363,30,8331615
11606575,31,8331615
11607787,32,8334904
11608999,27,8334904
11610212,28,8334904
11611425,27,8334904
11612636,33,8334904
11613848,35,8334904
11621121,30,8334904
11622334,31,8334904
11623545,35,8334904
11624758,34,8334904
11625970,30,8334904
11627182,31,8334904
11628394,30,8334904
11629606,28,8337576
11630818,25,8337576
11632031,30,8337576
11633243,31,8337576
11634456,27,8337576
11635668,31,8337576
11636879,30,8337576
11638092,28,8337576
11639303,32,8337576
11640516,29,8337987
11641727,25,8337987
11642939,27,8337987
11644151,29,8337987
11645363,29,8337987
11646576,31,8337987
11647788,28,8337987
11649001,31,8337987
11650212,31,8337987
11651424,28,8333979
11652637,27,8333979
11653849,32,8333979
11655060,30,8333979
11656273,33,8333979
11657485,30,8333979
11658698,29,8333979
11659910,28,8333979
11661122,30,8333979
11662334,31,8334801
11663545,24,8334801
11664758,30,8334801
11665970,29,8334801
11667182,28,8334801
11668394,32,8334801
11669607,30,8334801
11670818,34,8334801
11672031,30,8334801
11673243,32,8333979
11674455,22,8333979
11675667,32,8333979
11676879,28,8333979
11678092,27,8333979
11679304,30,8333979
11680515,31,8333979
11681728,29,8333979
11682940,29,8333979
11684153,28,8336035
11685364,27,8336035
11686576,29,8336035
11687789,30,8336035
11689000,31,8336035
11690213,28,8336035
11691424,28,8336035
11692637,30,8336035
11693849,30,8336035
11695061,28,8333465
11696273,24,8336395
11697485,29,8336395
11704859,29,8336395
11705970,20,8336395
11707182,27,8336395
11708394,35,8336395
11709607,30,8336395
11710818,30,8336395
11712031,30,8336395
11713243,29,8336395
11714455,26,8336395
11715667,30,8336395
11716879,31,8335675
11718092,27,8334596
11719304,25,8334596
11720515,19,8334596
11721728,20,8334596
11722940,21,8334596
11724152,21,8334596
11725364,25,8334596
11726576,22,8334596
11727788,19,8334596
11729000,23,8328069
11730212,26,8328069
11731424,25,8328069
11732636,26,8328069
11733848,24,8328069
11735060,22,8328069
11736273,25,8328069
11737485,20,8328069
11738696,25,8328069
11739908,25,8328069
11741120,26,8328069
11742333,25,8328069
11743545,24,8328069
11744757,23,8328069
11745969,24,8328069
11747181,22,8328069
11748393,27,8328069
11749605,24,8328069
11750817,27,8328089
11752029,25,8333465
11753241,23,8333465
11754454,25,8333465
11755666,26,8333465
11756877,22,8333465
11758089,28,8333465
11759302,25,8333465
11760514,21,8333465
11761726,25,8333525
11762938,25,8335829
11764151,25,8335829
11765363,25,8335829
11766575,23,8335829
11767787,21,8335829
11768999,23,8335829
11770211,26,8335829
11771423,23,8335829
11772635,24,8335829
11773847,24,8335829
11775060,27,8335829
11776272,32,8335829
11777484,31,8335829
11778696,31,8335829
11779908,32,8335829
11781120,29,8335829
11788393,41,8335829
11789605,32,8335829
11790817,31,8335829
11792029,30,8335829
11793241,31,8335829
11794453,27,8335315
11795666,25,8335315
11796878,29,8335315
11798089,32,8335315
11799302,30,8335315
11800514,28,8335315
11801726,29,8335315
11802938,30,8335315
11804151,27,8335315
11805363,28,8335624
11806574,26,8335624
11807787,30,8335624
11808999,30,8335624
11810210,29,8335624
11811422,29,8335624
11812635,31,8335624
11813847,29,8335624
11815059,29,8335624
11816271,33,8335366
11817484,22,8335366
11818696,30,8335366
11819907,31,8335366
11821120,31,8335366
11822332,30,8335366
11823543,29,8335366
11824755,28,8335366
11825968,31,8335366
11827179,31,8334904
11828391,28,8334904
11829603,29,8334904
11830816,27,8334904
11832029,30,8334904
11833240,32,8334904
11834452,28,8334904
11835664,31,8334904
11836876,31,8334904
11838089,31,8333619
11839300,25,8333619
11840512,32,8333619
11841725,29,8333619
11842936,24,8333619
11844149,28,8333619
11845360,30,8333619
11846572,30,8333619
11847785,27,8333619
11848996,29,8336651
11850209,22,8336651
11851421,31,8336651
11852633,29,8336651
11853846,29,8336651
11855058,29,8336651
11856270,28,8336651
11857483,29,8336651
11858695,30,8336651
11859907,28,8333979
11861118,26,8333979
11862331,30,8333979
11863543,31,8333979
11864755,33,8333835
11872031,24,8336395
11873240,27,8336395
11874453,41,8336395
11875665,24,8336395
11876877,23,8336395
11878090,23,8336395
11879302,19,8336395
11880513,27,8336395
11881726,24,8336395
11882938,30,8338090
11884151,23,8338090
11885363,23,8338090
11886575,25,8338090
11887786,25,8338090
11888999,22,8338090
11890211,26,8338090
11891423,28,8338090
11892635,24,8338090
11893847,24,8338090
11895060,25,8338090
11896272,25,8338090
11897484,23,8338090
11898696,22,8338090
11899909,25,8338090
11901121,23,8338090
11902333,21,8338090
11903545,26,8338090
11904757,24,8326476
11905970,21,8326476
11907182,19,8326476
11908394,25,8326476
11909607,23,8326476
11910819,24,8326476
11912031,22,8326476
11913243,24,8326476
11914455,20,8326476
11915667,25,8333876
11916879,24,8333876
11918091,27,8333876
11919304,21,8333876
11920516,22,8333876
11921729,25,8333876
11922940,24,8333876
11924153,27,8333876
11925364,24,8333876
11926578,24,8334049
11927790,22,8338913
11929002,21,8338913
11930213,24,8338913
11931426,24,8338913
11932638,25,8338913
11933850,27,8338913
11935063,22,8338913
11936275,21,8338913
11937487,22,8338807
11938699,25,8338039
11939911,26,8338039
11941124,23,8338039
11942336,23,8338039
11943548,28,8338039
11944759,23,8338039
11945972,25,8338039
11947184,23,8338039
11948396,31,8338039
11956882,31,8338039
11958094,27,8329816
11959306,19,8329816
11960518,23,8329816
11961730,30,8329816
11962942,29,8329816
11964154,27,8329816
11965367,29,8329816
11966578,31,8329816
11967791,32,8329816
11969003,30,8329816
11970215,28,8336703
11971427,28,8336703
11972639,31,8336703
11973851,29,8336703
11975063,28,8336703
11976276,31,8336703
11977488,28,8336703
11978700,31,8336703
11979912,29,8336703
11981125,28,8335366
11982337,22,8335366
11983548,30,8335366
11984761,31,8335366
11985973,32,8335366
11987185,31,8335366
11988397,30,8335366
11989610,31,8335366
11990822,29,8335366
11992034,29,8334133
11993246,27,8334133
11994458,28,8334133
11995670,32,8334133
11996882,32,8334133
11998094,28,8334133
11999307,29,8334133
12000518,30,8334133
12001731,32,8334133
12002943,31,8333568
12004155,25,8333568
12005367,28,8333568
12006579,30,8333568
12007791,28,8333568
12009003,28,8333568
12010216,31,8333568
12011427,33,8333568
12012639,27,8333568
12013852,31,8332746
12015064,25,8332746
12016276,31,8332746
12017489,29,8332746
12018701,29,8332746
12019913,30,8332746
12021125,30,8332746
12022337,32,8332746
12023548,28,8332746
12024760,29,8338347
12025972,23,8338347
12027185,28,8338347
12028398,29,8338347
12029609,28,8338347
12030822,31,8338347
12032034,30,8338347
12033245,31,8338347
12040518,32,8338347
12041730,30,8338347
12042942,30,8338347
12044155,31,8338347
12045366,28,8338347
12046579,30,8333825
12047790,25,8336651
12049003,23,8336651
12050214,25,8336651
12051427,23,8336651
12052639,23,8336651
12053851,23,8336651
12055063,23,8336651
12056275,24,8336651
12057487,22,8336651
12058699,26,8335212
12059912,28,8335212
12061124,25,8335212
12062336,21,8335212
12063549,26,8335212
12064761,25,8335212
12065972,27,8335212
12067184,25,8335212
12068396,27,8335212
12069608,26,8334955
12070822,24,8334955
12072033,24,8334955
12073245,25,8334955
12074458,19,8334955
12075670,25,8334955
12076882,22,8334955
12078094,27,8334955
12079306,29,8334955
12080518,23,8335058
12081730,22,8335058
12082943,27,8335058
12084154,24,8335058
12085367,26,8335058
12086578,27,8335058
12087791,25,8335058
12089003,21,8335058
12090215,25,8335058
12091427,26,8332129
12092639,25,8332129
12093852,27,8332129
12095065,22,8332129
12096276,24,8332129
12097488,24,8332129
12098701,26,8332129
12099913,22,8332129
12101124,24,8332129
12102337,22,8332131
12103550,26,8332643
12104761,23,8332643
12105974,24,8332643
12107186,22,8332643
12108398,26,8332643
12109610,28,8332643
12110822,28,8332643
12112035,28,8332643
12113246,24,8332574
12114459,20,8341790
12115671,24,8341790
12116883,29,8335264
12125368,35,8335264
12126580,21,8335264
12127792,28,8335264
12129005,23,8335264
12130218,26,8335264
12131430,25,8335264
12132642,23,8335264
12133854,22,8335264
12135066,27,8335264
12136278,28,8335264
12137491,30,8335264
12138702,31,8335264
12139915,29,8335264
12141127,29,8335264
12142340,28,8335264
12143551,30,8335264
12144763,29,8335264
12145975,32,8341688
12147188,23,8341688
12148401,28,8341688
12149612,29,8341688
12150825,29,8341688
12152036,29,8341688
12153249,30,8341688
12154461,27,8341688
12155674,29,8341688
12156885,31,8335161
12158098,23,8335161
12159310,29,8335161
12160522,30,8335161
12161734,29,8335161
12162946,29,8335161
12164159,31,8335161
12165371,29,8335161
12166583,31,8335161
12167795,27,8337371
12169007,23,8337371
12170220,29,8337371
12171432,33,8337371
12172645,34,8337371
12173857,31,8337371
12175069,29,8337371
12176281,33,8337371
12177493,30,8337371
12178705,29,8333979
12179917,26,8333979
12181129,27,8333979
12182341,31,8333979
12183553,29,8333979
12184766,33,8333979
12185978,31,8333979
12187190,28,8333979
12188402,30,8333979
12189615,29,8336805
12190827,22,8336805
12192039,28,8336805
12193251,31,8336805
12194463,29,8336805
12195676,28,8336805
12196887,29,8336805
12198100,25,8336805
12199312,26,8336805
12200524,31,8335007
12201736,30,8335007
12209009,16,8335007
12210221,29,8335007
12211434,34,8335110
12212646,24,8335110
12213858,33,8335110
12215070,27,8335110
12216282,26,8335110
12217494,27,8335110
12218707,43,8335110
12219919,39,8335110
12221132,39,8335110
12222344,34,8335881
12223556,24,8335881
12224768,34,8335881
12225981,32,8335881
12227192,31,8335881
12228404,31,8335881
12229617,28,8335881
12230829,30,8335881
12232041,27,8335881
12233254,30,8335624
12234466,23,8337165
12235678,27,8337165
12236890,29,8337165
12238102,25,8337165
12239315,22,8337165
12240526,22,8337165
12241738,24,8337165
12242951,27,8337165
12244163,26,8337165
12245375,21,8335726
12246587,27,8335726
12247800,25,8335726
12249012,22,8335726
12250224,26,8335726
12251436,30,8335726
12252649,23,8335726
12253861,22,8335726
12255074,24,8335726
12256286,25,8331204
12257498,23,8331204
12258710,27,8331204
12259922,25,8331204
12261134,27,8331204
12262346,23,8331204
12263558,25,8331204
12264770,22,8331204
12265983,23,8331204
12267194,26,8341534
12268407,24,8341534
12269619,25,8341534
12270831,23,8341534
12272044,27,8341534
12273255,23,8341534
12274468,18,8341534
12275681,21,8341534
12276892,25,8341534
12278104,23,8341534
12279316,23,8341534
12280529,27,8341534
12281741,23,8341534
12282953,21,8341534
12284165,23,8341534
12285377,32,8341534
12293862,31,8341534
12295075,31,8341534
12296287,31,8341534
12297500,31,8341534
12298711,30,8334698
12299924,23,8334654
12301136,24,8336446
12302348,23,8336446
12303560,24,8336446
12304772,22,8336446
12305985,24,8336446
12307197,24,8336446
12308409,26,8336446
12309621,27,8336446
12310833,25,8336446
12312046,27,8336446
12313258,29,8336446
12314470,27,8336446
12315682,31,8336446
12316894,30,8336446
12318106,30,8336446
12319319,32,8336446
12320530,31,8336446
12321743,29,8333671
12322955,22,8333671
12324167,29,8333671
12325379,29,8333671
12326591,30,8333671
12327803,28,8333671
12329016,29,8333671
12330228,31,8333671
12331440,30,8333671
12332653,32,8338553
12333864,26,8338553
12335077,29,8338553
12336289,30,8338553
12337501,31,8338553
12338713,29,8338553
12339926,30,8338553
12341138,32,8338553
12342350,30,8338553
12343561,32,8332900
12344774,23,8332900
12345986,30,8332900
12347198,28,8332900
12348410,31,8332900
12349622,30,8332900
12350834,29,8332900
12352047,31,8332900
12353259,30,8332900
12354471,28,8334904
12355683,23,8334904
12356895,31,8334904
12358108,31,8334904
12359320,26,8334904
12360531,30,8334904
12361744,33,8334904
12362956,28,8334904
12364168,29,8334904
12365381,29,8336086
12366593,25,8336086
12367805,32,8336086
12369016,32,8336086
12370228,27,8336343
12377501,28,8336343
12378714,29,8336343
12379926,31,8336343
12381139,30,8336343
12382350,29,8336343
12383563,31,8336343
12384774,30,8336343
12385987,29,8336343
12387199,28,8333876
12388412,24,8333876
12389624,32,8333876
12390835,28,8333876
12392047,30,8333876
12393260,30,8333876
12394472,27,8333876
12395684,29,8333876
12396896,30,8333876
12398109,29,8334750
12399321,23,8334750
12400533,34,8334750
12401744,33,8334750
12402957,33,8334750
12404169,31,8334750
12405381,28,8334750
12406593,32,8334750
12407806,28,8334750
12409017,27,8336035
12410229,23,8337268
12411442,25,8337268
12412654,26,8337268
12413865,25,8337268
12415078,25,8337268
12416290,26,8337268
12417503,20,8337268
12418714,21,8337268
12419927,25,8337268
12421139,22,8338039
12422351,24,8338039
12423563,27,8338039
12424775,23,8338039
12425987,22,8338039
12427199,26,8338039
12428412,25,8338039
12429623,22,8338039
12430835,25,8338039
12432048,27,8338039
12433259,23,8338039
12434472,20,8338039
12435684,22,8338039
12436897,26,8338039
12438108,26,8338039
12439321,25,8338039
12440533,26,8338039
12441744,24,8338039
12442957,22,8332180
12444169,24,8332180
12445381,26,8332180
12446593,27,8332180
12447805,23,8332180
12449017,21,8332180
12450229,24,8332180
12451442,27,8332180
12452654,22,8332180
12453865,32,8332180
12462350,33,8332180
12463562,33,8331975
12464774,21,8331879
12465987,23,8333671
12467198,23,8333671
12468410,24,8333671
12469623,27,8333671
12470834,25,8333671
12472047,27,8333671
12473259,24,8333671
12474472,21,8333671
12475683,25,8333735
12476896,24,8337063
12478107,23,8337063
12479319,23,8337063
12480531,24,8337063
12481743,25,8337063
12482956,26,8337063
12484168,22,8337063
12485381,25,8337063
12486592,25,8337063
12487804,24,8337063
12489017,31,8337063
12490229,28,8337063
12491440,28,8337063
12492653,31,8337063
12493864,30,8337063
12495077,30,8337063
12496289,33,8341122
12497501,22,8341122
12498714,24,8341122
12499926,31,8341122
12501138,29,8341122
12502350,28,8341122
12503562,30,8341122
12504774,33,8341122
12505986,32,8341122
12507199,30,8341122
12508410,31,8333516
12509623,23,8333516
12510835,29,8333516
12512047,30,8333516
12513259,33,8333516
12514472,29,8333516
12515683,27,8333516
12516895,29,8333516
12518108,29,8333516
12519320,29,8334082
12520531,27,8334082
12521744,32,8334082
12522956,29,8334082
12524168,27,8334082
12525380,30,8334082
12526592,33,8334082
12527805,31,8334082
12529016,31,8334082
12530229,33,8332540
12531441,29,8332540
12532652,31,8332540
12533865,33,8332540
12535077,28,8332540
12536289,28,8332540
12537502,27,8332540
12538713,31,8332540
12545986,24,8332540
12547198,28,8332540
12548410,29,8332540
12549622,29,8332540
12550834,29,8332540
12552046,30,8337833
12553259,26,8337833
12554471,27,8337833
12555683,29,8337833
12556894,30,8337833
12558106,28,8337833
12559319,29,8337833
12560531,31,8337833
12561743,31,8337833
12562955,30,8336446
12564168,21,8336446
12565379,29,8336446
12566591,27,8336446
12567803,30,8336446
12569015,30,8336446
12570227,29,8336446
12571439,32,8336446
12572652,32,8336446
12573864,30,8337628
12575077,23,8337628
12576288,32,8337628
12577501,27,8337628
12578712,33,8337628
12579924,31,8337628
12581137,30,8337628
12582349,28,8337628
12583561,32,8337628
12584773,32,8336651
12585986,23,8340094
12587198,26,8340094
12588410,25,8340094
12589622,27,8340094
12590834,25,8340094
12592047,23,8340094
12593258,25,8340094
12594471,20,8340094
12595683,20,8340094
12596896,22,8338758
12598107,27,8338758
12599320,24,8338758
12600531,24,8338758
12601744,26,8338758
12602956,22,8338758
12604168,25,8338758
12605380,26,8338758
12606593,23,8338758
12607804,24,8336549
12609016,23,8336549
12610228,25,8336549
12611441,25,8336549
12612653,24,8336549
12613865,28,8336549
12615078,25,8336549
12616290,28,8336549
12617501,24,8336549
12618713,23,8330587
12619926,21,8330587
12621138,23,8330587
12622350,33,8330587
12630835,34,8330587
12632047,26,8330587
12633259,27,8330587
12634472,19,8330587
12635683,24,8330587
12636896,25,8330587
12638108,25,8330587
12639320,24,8330587
12640532,24,8330610
12641744,25,8336754
12642956,23,8336754
12644168,23,8336754
12645381,27,8336754
12646592,26,8336754
12647805,22,8336754
12649017,24,8336754
12650229,24,8336754
12651441,24,8336819
12652653,24,8340403
12653865,25,8340403
12655078,31,8340403
12656290,21,8340403
12657501,23,8340403
12658714,27,8340403
12659926,24,8340403
12661138,24,8340403
12662350,22,8340403
12663561,28,8340403
12664774,27,8340403
12665986,29,8340403
12667198,31,8340403
12668410,29,8340403
12669622,30,8340403
12670834,28,8340403
12672046,32,8334390
12673259,25,8334390
12674471,22,8334390
12675682,30,8334390
12676895,31,8334390
12678107,27,8334390
12679319,30,8334390
12680531,30,8334390
12681743,32,8334390
12682955,27,8334390
12684168,28,8336086
12685380,25,8336086
12686591,30,8336086
12687804,31,8336086
12689016,31,8336086
12690228,29,8336086
12691440,33,8336086
12692652,31,8336086
12693864,31,8336086
12695076,31,8332540
12696289,25,8332540
12697501,30,8332540
12698714,29,8332540
12699926,29,8332540
12701138,32,8332540
12702350,30,8332540
12703562,29,8332540
12704774,32,8332540
12705986,31,8337576
12707198,27,8337576
12715684,29,8337576
12716896,31,8336395
12718108,23,8336395
12719320,30,8336395
12720533,32,8336395
12721744,33,8336395
12722957,34,8336395
12724168,28,8336395
12725380,29,8336395
12726592,30,8336395
12727804,29,8335675
12729017,19,8335675
12730229,28,8335675
12731441,29,8335675
12732654,30,8335675
12733866,32,8335675
12735078,29,8335675
12736290,30,8335675
12737502,32,8335675
12738714,31,8335572
12739927,22,8335572
12741139,31,8335572
12742350,31,8335572
12743562,30,8335572
12744775,27,8335572
12745987,30,8335572
12747200,29,8335572
12748411,30,8335572
12749623,28,8337731
12750835,28,8337731
12752048,27,8337731
12753260,30,8337731
12754472,28,8337731
12755684,29,8337731
12756896,32,8337731
12758109,30,8337731
12759321,32,8337731
12760533,30,8337936
12761744,23,8337936
12762957,29,8337936
12764169,28,8337936
12765381,31,8337936
12766593,32,8337936
12767806,31,8337936
12769018,31,8337936
12770229,32,8337936
12771442,32,8334544
12772654,27,8333979
12773865,25,8333979
12775077,23,8333979
12776290,25,8333979
12777502,23,8333979
12778714,23,8333979
12779926,25,8333979
12781138,23,8333979
12782350,24,8333979
12783562,25,8335110
12784775,24,8335110
12785987,23,8335110
12787199,27,8335110
12788412,25,8335110
12789623,25,8335110
12790836,24,8335110
12792048,28,8335110
12800533,34,8335110
12801746,33,8335110
12802958,29,8335110
12804170,32,8337422
12805381,27,8334698
12806594,23,8334698
12807806,23,8334698
12809018,24,8334698
12810230,26,8334698
12811443,27,8334698
12812655,25,8334698
12813867,25,8334698
12815079,24,8334698
12816291,20,8334748
12817503,21,8334236
12818715,23,8334236
12819927,23,8334236
12821139,24,8334236
12822352,20,8334236
12823564,24,8334236
12824776,25,8334236
12825989,26,8334236
12827200,28,8334174
12828412,23,8345182
12829625,24,8345182
12830837,22,8345182
12832050,25,8345182
12833262,26,8345182
12834474,22,8345182
12835686,25,8345182
12836898,26,8345182
12838110,25,8345182
12839323,26,8345182
12840535,32,8345182
12841747,32,8345182
12842959,31,8345182
12844172,27,8345182
12845384,31,8345182
12846596,29,8345182
12847808,31,8345182
12849021,26,8345182
12850232,27,8345182
12851445,29,8345182
12852658,31,8345182
12853870,31,8345182
12855082,31,8345182
12856294,31,8345182
12857506,32,8345182
12858718,30,8345182
12859930,31,8339170
12861142,22,8339170
12862355,30,8339170
12863567,28,8339170
12864779,31,8339170
12865991,32,8339170
12867203,28,8339170
12868416,31,8339170
12869627,30,8339170
12870840,32,8331307
12872052,27,8331307
12873264,32,8331307
12874476,30,8331307
12875689,32,8331307
12876900,28,8331307
12884173,25,8331307
12885385,32,8331307
12886598,30,8331307
12887810,27,8331307
12889022,29,8331307
12890234,29,8331307
12891446,31,8331307
12892659,30,8332694
12893871,22,8332694
12895084,33,8332694
12896296,32,8332694
12897508,30,8332694
12898720,29,8332694
12899931,28,8332694
12901144,33,8332694
12902356,31,8332694
12903568,31,8338142
12904780,25,8338142
12905992,28,8338142
12907205,28,8338142
12908417,29,8338142
12909630,29,8338142
12910842,27,8338142
12912054,28,8338142
12913266,30,8338142
12914478,26,8332797
12915690,25,8332797
12916902,30,8332797
12918114,30,8332797
12919327,29,8332797
12920539,29,8332797
12921752,27,8332797
12922963,33,8332797
12924176,32,8332797
12925388,30,8336395
12926601,25,8336395
12927812,28,8336395
12929024,31,8336395
12930237,32,8336395
12931449,31,8336395
12932661,33,8336395
12933873,31,8336395
12935086,32,8336395
12936298,29,8338296
12937510,22,8338296
12938722,28,8338296
12939935,30,8338296
12941147,31,8338296
12942359,32,8338296
12943571,32,8338296
12944783,30,8338296
12945995,29,8338296
12947207,28,8335624
12948420,22,8336137
12949632,23,8336137
12950844,23,8336137
12952057,24,8336137
12953268,25,8336137
12954481,18,8336137
12955694,23,8336137
12956905,21,8336137
12958117,24,8336137
12959329,23,8335212
12960542,30,8335212
12967859,33,8335212
12969028,39,8335212
12970239,30,8335212
12971451,24,8335212
12972663,31,8335212
12973876,29,8335212
12975088,30,8335212
12976300,31,8335212
12977513,31,8335212
12978724,29,8335212
12979937,31,8334236
12981150,21,8335418
12982361,25,8335418
12983574,26,8335418
12984786,20,8335418
12985998,26,8335418
12987210,25,8335418
12988423,26,8335418
12989635,23,8335418
12990847,23,8335418
12992059,28,8335264
12993271,26,8335264
12994484,20,8335264
12995695,24,8335264
12996908,26,8335264
12998121,22,8335264
12999333,22,8335264
13000545,24,8335264
13001756,22,8335264
13002969,25,8335169
13004181,25,8337217
13005393,28,8337217
13006605,27,8337217
13007818,23,8337217
13009030,26,8337217
13010242,26,8337217
13011455,20,8337217
13012666,24,8337217
13013879,26,8337389
13015091,26,8342253
13016303,21,8342253
13017515,24,8342253
13018727,21,8342253
13019939,23,8342253
13021152,22,8342253
13022365,23,8342253
13023575,26,8342253
13024789,25,8342253
13026001,22,8342253
13027213,31,8342253
13028425,28,8342253
13029638,29,8342253
13030850,30,8342253
13032062,27,8342253
13033274,31,8342253
13034487,29,8342253
13035699,31,8328480
13036911,25,8328480
13038123,28,8328480
13039335,28,8328480
13040547,27,8328480
13041759,29,8328480
13042972,29,8328480
13044184,29,8328480
13051457,27,8328480
13052670,30,8328480
13053882,27,8328480
13055095,29,8328480
13056307,29,8328480
13057518,30,8335624
13058731,25,8335624
13059943,31,8335624
13061156,29,8335624
13062368,29,8335624
13063580,31,8335624
13064792,29,8335624
13066005,29,8335624
13067217,28,8335624
13068429,29,8335521
13069641,26,8335521
13070853,30,8335521
13072066,28,8335521
13073278,31,8335521
13074490,28,8335521
13075702,30,8335521
13076915,30,8335521
13078126,31,8335521
13079339,28,8333311
13080551,29,8333311
13081763,28,8333311
13082976,29,8333311
13084188,29,8333311
13085400,29,8333311
13086612,29,8333311
13087824,30,8333311
13089036,32,8333311
13090248,30,8335110
13091461,21,8335110
13092673,30,8335110
13093886,28,8335110
13095097,28,8335110
13096310,29,8335110
13097522,30,8335110
13098734,29,8335110
13099946,30,8335110
13101159,30,8338296
13102371,26,8338296
13103583,29,8338296
13104795,27,8338296
13106007,29,8338296
13107219,29,8338296
13108431,30,8338296
13109643,29,8338296
13110855,29,8338296
13112067,29,8335983
13113280,25,8335983
13114492,29,8335983
13115704,30,8335983
13116916,28,8335983
13118129,30,8335983
13119341,30,8335983
13120553,30,8335983
13121766,29,8335983
13122978,32,8334082
13124190,21,8336035
13125402,23,8336035
13126614,26,8336035
13127826,32,8336035
13136311,23,8336035
13137523,31,8336035
13138736,33,8336035
13139948,31,8336035
13141160,29,8336035
13142372,32,8336035
13143585,28,8336035
13144796,32,8337114
13146009,25,8335675
13147221,24,8335675
13148433,27,8335675
13149645,24,8335675
13150857,24,8335675
13152070,24,8335675
13153281,24,8335675
13154494,21,8335675
13155706,28,8335675
13156918,25,8336497
13158131,27,8336497
13159343,23,8336497
13160555,24,8336497
13161767,23,8336497
13162980,23,8336497
13164192,24,8336497
13165404,23,8336497
13166616,25,8336497
13167829,25,8339529
13169041,26,8339529
13170252,24,8339529
13171465,23,8339529
13172677,24,8339529
13173890,29,8339529
13175101,24,8339529
13176314,22,8339529
13177526,21,8339529
13178738,25,8339595
13179950,23,8329611
13181163,23,8329611
13182375,27,8329611
13183587,23,8329611
13184799,28,8329611
13186011,23,8329611
13187224,27,8329611
13188436,27,8329611
13189648,23,8329676
13190860,24,8333260
13192073,25,8333260
13193285,22,8333260
13194497,23,8333260
13195710,26,8333260
13196922,24,8333260
13198133,25,8333260
13199346,24,8333260
13200558,24,8333260
13201770,21,8333260
13202983,29,8333260
13204195,30,8333260
13205407,32,8333260
13206619,31,8333260
13207831,32,8333260
13209043,31,8333260
13210256,29,8338707
13211468,20,8338707
13212680,31,8338707
13219953,33,8338707
13221165,29,8338707
13222378,28,8338039
13223590,25,8338039
13224802,31,8338039
13226014,28,8338039
13227226,32,8338039
13228438,34,8338039
13229651,32,8338039
13230863,31,8338039
13232075,30,8338039
13233287,30,8335212
13234499,23,8335212
13235711,29,8335212
13236924,27,8335212
13238137,33,8335212
13239348,30,8335212
13240561,30,8335212
13241772,27,8335212
13242985,31,8335212
13244197,31,8334750
13245409,26,8334750
13246621,28,8334750
13247834,29,8334750
13249046,29,8334750
13250258,29,8334750
13251470,28,8334750
13252683,29,8334750
13253895,31,8334750
13255108,29,8335778
13256319,25,8335778
13257532,30,8335778
13258743,31,8335778
13259955,28,8335778
13261168,28,8335778
13262380,31,8335778
13263592,29,8335778
13264804,32,8335778
13266017,29,8338758
13267229,25,8338758
13268441,29,8338758
13269654,29,8338758
13270865,30,8338758
13272078,30,8338758
13273290,28,8338758
13274502,29,8338758
13275714,32,8338758
13276926,29,8332077
13278139,25,8332077
13279351,29,8332077
13280563,29,8332077
13281775,31,8332077
13282987,30,8332077
13284200,28,8332077
13285411,28,8332077
13286624,32,8332077
13287836,29,8338039
13289049,23,8338039
13290261,30,8338039
13291473,27,8338039
13292685,29,8338039
13293897,31,8338039
13295109,32,8338039
13296321,30,8338039
13304806,29,8338039
13306018,30,8338039
13307230,29,8338039
13308443,31,8338039
13309655,28,8334904
13310868,23,8334184
13312079,24,8334184
13313292,22,8334184
13314503,22,8334184
13315715,25,8334184
13316928,23,8334184
13318140,24,8334184
13319352,21,8334184
13320564,26,8334184
13321777,23,8334596
13322989,23,8334596
13324201,26,8334596
13325414,27,8334596
13326626,24,8334596
13327838,24,8334596
13329050,23,8334596
13330262,22,8334596
13331475,21,8334596
13332686,29,8332694
13333899,25,8332694
13335111,24,8332694
13336323,25,8332694
13337535,26,8332694
13338747,20,8332694
13339959,23,8332694
13341172,24,8332694
13342384,25,8332694
13343597,26,8330433
13344808,26,8330433
13346021,26,8330433
13347233,23,8330433
13348445,24,8330433
13349658,24,8330433
13350869,24,8330433
13352081,21,8330433
13353294,21,8330433
13354506,23,8330492
13355718,27,8332540
13356930,23,8332540
13358143,25,8332540
13359355,23,8332540
13360567,24,8332540
13361779,25,8332540
13362990,23,8332540
13364203,26,8332540
13365416,26,8332533
13366627,23,8330741
13367839,29,8330741
13369052,25,8330741
13370264,24,8330741
13371476,17,8330741
13372689,25,8330741
13373900,23,8330741
13375112,28,8330741
13376325,22,8330595
13377537,26,8330595
13378749,30,8330595
13379962,30,8330595
13381173,30,8335881
13388447,29,8335881
13389659,40,8335881
13390872,25,8335881
13392084,27,8335881
13393296,23,8335881
13394508,24,8335881
13395721,26,8335881
13396933,26,8335881
13398145,21,8335881
13399356,22,8335881
13400569,32,8335881
13401781,31,8335881
13402994,30,8335881
13404205,29,8335881
13405417,33,8335881
13406630,31,8335881
13407842,33,8335881
13409054,30,8335624
13410266,23,8335624
13411478,27,8335624
13412690,30,8335624
13413903,31,8335624
13415115,31,8335624
13416327,29,8335624
13417540,29,8335624
13418752,29,8335624
13419963,30,8334339
13421176,24,8334339
13422388,29,8334339
13423601,30,8334339
13424813,29,8334339
13426024,30,8334339
13427237,30,8334339
13428449,27,8334339
13429662,30,8334339
13430874,30,8334236
13432086,30,8334236
13433297,29,8334236
13434510,31,8334236
13435722,31,8334236
13436935,29,8334236
13438147,29,8334236
13439359,32,8334236
13440572,31,8334236
13441785,32,8334698
13442997,23,8334698
13444209,28,8334698
13445421,31,8334698
13446634,30,8334698
13447846,30,8334698
13449058,32,8334698
13450271,29,8334698
13451483,25,8334698
13452695,30,8335829
13453908,25,8335829
13455120,29,8335829
13456333,28,8335829
13457545,29,8335829
13458758,27,8335829
13459970,26,8335829
13461182,31,8335829
13462395,30,8335829
13463608,32,8337525
13464819,30,8337525
13473307,24,8337525
13474519,28,8336805
13475731,27,8336805
13476945,27,8336805
13478157,29,8336805
13479369,32,8336805
13480581,30,8336805
13481794,28,8336805
13483006,28,8336805
13484219,30,8336805
13485431,32,8334801
13486643,25,8336086
13487856,25,8336086
13489068,25,8336086
13490280,25,8336086
13491493,25,8336086
13492706,28,8336086
13493918,26,8336086
13495130,27,8336086
13496343,22,8336086
13497555,26,8335726
13498767,24,8335726
13499979,24,8335726
13501192,23,8335726
13502404,23,8335726
13503616,27,8335726
13504829,25,8335726
13506042,25,8335726
13507254,23,8335726
13508466,22,8328274
13509678,24,8328274
13510891,27,8328274
13512104,24,8328274
13513316,20,8328274
13514528,24,8328274
13515741,25,8328274
13516953,25,8328274
13518165,20,8328274
13519377,25,8334647
13520590,25,8334647
13521802,27,8334647
13523015,22,8334647
13524227,26,8334647
13525440,28,8334647
13526652,22,8334647
13527864,24,8334647
13529077,27,8334647
13530290,23,8338964
13531502,22,8338964
13532713,26,8338964
13533927,24,8338964
13535139,24,8338964
13536352,24,8338964
13537564,28,8338964
13538776,19,8338964
13539989,26,8338964
13541201,26,8339001
13542413,26,8335161
13543626,23,8335161
13544838,23,8335161
13546051,26,8335161
13547262,25,8335161
13548476,20,8335161
13549687,29,8335161
13556961,32,8335161
13558174,28,8335161
13559386,31,8335161
13560599,31,8335161
13561811,29,8332437
13563023,22,8332437
13564236,25,8332437
13565448,28,8332437
13566661,32,8332437
13567873,30,8332437
13569085,33,8332437
13570297,31,8332437
13571510,28,8332437
13572722,30,8335366
13573934,29,8335366
13575147,21,8335366
13576359,31,8335366
13577572,28,8335366
13578783,27,8335366
13579996,30,8335366
13581209,28,8335366
13582421,28,8335366
13583633,30,8335366
13584846,28,8336651
13586058,26,8336651
13587270,31,8336651
13588483,29,8336651
13589695,31,8336651
13590907,31,8336651
13592120,30,8336651
13593332,29,8336651
13594545,28,8336651
13595758,28,8337114
13596970,25,8337114
13598182,29,8337114
13599394,31,8337114
13600607,29,8337114
13601819,28,8337114
13603031,30,8337114
13604244,30,8337114
13605456,29,8337114
13606668,30,8335315
13607881,25,8335315
13609093,28,8335315
13610305,30,8335315
13611517,30,8335315
13612730,28,8335315
13613942,29,8335315
13615155,27,8335315
13616367,30,8335315
13617579,30,8338296
13618791,25,8338296
13620003,31,8338296
13621217,27,8338296
13622428,29,8338296
13623641,28,8338296
13624853,30,8338296
13626066,31,8338296
13627278,29,8338296
13628490,29,8334750
13629702,25,8334750
13630915,30,8334750
13632127,30,8334750
13633339,31,8334750
13641826,30,8334750
13643038,29,8334750
13644251,31,8334750
13645464,28,8334750
13646675,28,8334750
13647888,29,8334750
13649101,28,8334750
13650313,28,8334287
13651525,20,8334287
13652738,30,8334287
13653950,30,8334287
13655162,29,8334287
13656374,31,8334287
13657587,31,8334287
13658799,30,8334287
13660012,28,8334287
13661225,30,8334082
13662437,25,8334082
13663650,29,8334082
13664862,30,8334082
13666074,29,8334082
13667286,31,8334082
13668499,29,8334082
13669711,28,8334082
13670923,31,8334082
13672136,33,8340557
13673349,24,8335007
13674561,29,8335007
13675773,25,8335007
13676986,25,8335007
13678197,24,8335007
13679410,27,8335007
13680622,26,8335007
13681835,23,8335007
13683048,26,8335007
13684259,24,8338399
13685472,20,8338399
13686684,26,8338399
13687897,26,8338399
13689109,23,8338399
13690322,22,8338399
13691534,25,8338399
13692747,23,8338399
13693959,25,8338399
13695171,27,8338399
13696383,26,8338399
13697596,25,8338399
13698809,22,8338399
13700021,22,8338399
13701234,23,8338399
13702446,26,8338399
13703658,27,8338399
13704870,26,8338399
13706083,32,8333876
13707295,23,8333876
13708507,22,8333876
13709719,25,8333876
13710932,25,8333876
13712144,22,8333876
13713356,28,8333876
13714569,26,8333876
13715782,25,8333876
13716994,25,8326784
13718206,26,8326784
13726693,35,8326784
13727905,23,8326817
13729118,25,8335521
13730331,25,8335521
13731543,27,8335521
13732755,25,8335521
13733968,23,8335521
13735179,22,8335521
13736392,29,8335521
13737605,25,8335521
13738817,25,8335444
13740030,22,8342356
13741243,25,8342356
13742454,21,8342356
13743667,27,8342356
13744880,27,8342356
13746091,27,8342356
13747304,22,8342356
13748516,25,8342356
13749729,24,8342356
13750941,24,8342356
13752153,28,8342356
13753366,32,8342356
13754578,31,8342356
13755791,31,8342356
13757003,30,8342356
13758216,29,8342356
13759428,29,8336754
13760640,23,8336754
13761853,24,8336754
13763065,30,8336754
13764277,31,8336754
13765490,27,8336754
13766702,29,8336754
13767914,30,8336754
13769126,31,8336754
13770339,32,8336754
13771551,31,8334647
13772765,23,8334647
13773977,30,8334647
13775189,29,8334647
13776402,29,8334647
13777614,29,8334647
13778826,29,8334647
13780038,30,8334647
13781250,31,8334647
13782463,28,8332232
13783675,24,8332232
13784888,31,8332232
13786100,28,8332232
13787313,28,8332232
13788525,32,8332232
13789737,33,8332232
13790949,29,8332232
13792163,28,8332232
13793374,29,8335418
13794587,26,8335418
13795799,31,8335418
13797011,28,8335418
13798225,30,8335418
13799436,31,8335418
13800649,31,8335418
13801861,30,8335418
13803074,34,8335418
13810348,32,8335418
13811560,30,8335418
13812772,28,8335418
13813985,28,8335418
13815198,31,8335418
13816410,25,8335418
13817622,30,8335418
13818834,32,8335418
13820047,32,8335418
13821259,30,8335418
13822473,27,8335418
13823685,31,8335418
13824897,30,8335418
13826110,29,8332232
13827322,23,8332232
13828535,28,8332232
13829747,26,8332232
13830960,29,8332232
13832172,27,8332232
13833384,31,8332232
13834596,30,8332232
13835810,31,8332232
13837022,32,8336600
13838235,29,8336600
13839446,27,8336600
13840659,30,8336600
13841871,30,8336600
13843084,33,8336600
13844296,31,8336600
13845509,28,8336600
13846721,29,8336600
13847933,31,8334442
13849145,22,8334442
13850358,31,8334442
13851571,29,8334442
13852782,31,8334442
13853995,29,8334442
13855208,29,8334442
13856419,30,8334442
13857633,30,8334442
13858844,32,8334287
13860057,23,8335572
13861269,28,8335572
13862482,24,8335572
13863694,25,8335572
13864907,24,8335572
13866119,26,8335572
13867331,22,8335572
13868543,25,8335572
13869756,21,8335572
13870969,23,8327915
13872180,23,8327915
13873394,24,8327915
13874605,23,8327915
13875818,25,8327915
13877030,23,8327915
13878242,25,8327915
13879455,20,8327915
13880667,25,8327915
13881880,28,8335366
13883093,25,8335366
13884305,23,8335366
13885517,23,8335366
13886729,34,8335366
13894004,22,8335366
13895217,29,8335366
13896428,29,8335366
13897641,30,8335366
13898854,29,8335366
13900066,31,8335366
13901278,31,8335366
13902491,29,8330279
13903703,24,8334544
13904916,26,8334544
13906128,23,8334544
13907340,25,8334544
13908554,27,8334544
13909765,22,8334544
13910978,28,8334544
13912190,25,8334544
13913403,22,8334544
13914615,24,8334347
13915827,25,8336651
13917041,25,8336651
13918252,26,8336651
13919465,21,8336651
13920678,25,8336651
13921890,27,8336651
13923102,25,8336651
13924315,23,8336651
13925527,24,8336835
13926739,23,8330947
13927952,22,8330947
13929164,25,8330947
13930377,22,8330947
13931590,23,8330947
13932802,25,8330947
13934014,19,8330947
13935227,23,8330947
13936439,27,8330947
13937651,22,8330947
13938864,29,8330947
13940076,29,8330947
13941288,30,8330947
13942501,28,8330947
13943714,29,8330947
13944926,31,8330947
13946138,29,8327247
13947351,22,8327247
13948564,23,8327247
13949776,27,8327247
13950989,30,8327247
13952201,27,8327247
13953414,33,8327247
13954626,31,8327247
13955838,30,8327247
13957050,28,8327247
13958263,27,8337885
13959475,22,8337885
13960689,30,8337885
13961901,29,8337885
13963113,31,8337885
13964325,29,8337885
13965538,31,8337885
13966750,29,8337885
13967963,33,8337885
13969176,28,8334852
13970388,30,8334852
13978875,31,8334852
13980088,35,8337628
13981300,26,8337628
13982512,30,8337628
13983725,30,8337628
13984936,32,8337628
13986149,29,8337628
13987361,29,8337628
13988574,31,8337628
13989786,29,8337628
13990999,28,8335983
13992212,26,8335983
13993424,31,8335983
13994636,32,8335983
13995849,30,8335983
13997061,29,8335983
13998273,32,8335983
13999486,29,8335983
14000698,32,8335983
14001911,33,8333208
14003122,24,8333208
14004335,29,8333208
14005547,31,8333208
14006760,30,8333208
14007973,32,8333208
14009185,29,8333208
14010397,30,8333208
14011610,31,8333208
14012822,32,8335726
14014035,24,8335726
14015246,30,8335726
14016459,29,8335726
14017671,31,8335726
14018884,27,8335726
14020096,30,8335726
14021309,31,8335726
14022521,32,8335726
14023733,31,8339375
14024946,26,8339375
14026159,25,8339375
14027370,30,8339375
14028583,30,8339375
14029795,32,8339375
14031008,29,8339375
14032220,31,8339375
14033432,32,8339375
14034645,29,8333825
14035857,23,8333825
14037070,31,8333825
14038283,29,8333825
14039494,27,8333825
14040707,27,8333825
14041919,30,8333825
14043132,32,8333825
14044344,29,8333825
14045556,31,8332026
14046768,21,8337987
14047981,23,8337987
14049193,25,8337987
14050406,26,8337987
14051618,26,8337987
14052830,22,8337987
14054043,28,8337987
14055255,31,8337987
14063742,30,8337987
14064954,27,8337987
14066166,28,8337987
14067379,27,8335829
14068591,24,8334544
14069803,27,8334544
14071016,23,8334544
14072228,24,8334544
14073441,25,8334544
14074653,25,8334544
14075865,26,8334544
14077077,22,8334544
14078290,23,8334544
14079503,22,8340454
14080715,24,8340454
14081928,25,8340454
14083139,25,8340454
14084352,23,8340454
14085564,26,8340454
14086777,20,8340454
14087989,25,8340454
14089202,25,8340454
14090414,23,8340454
14091626,22,8340454
14092838,24,8340454
14094051,27,8340454
14095263,23,8340454
14096475,22,8340454
14097687,27,8340454
14098901,24,8340454
14100112,25,8340454
14101325,25,8340448
14102537,28,8338656
14103750,22,8338656
14104962,22,8338656
14106174,22,8338656
14107387,26,8338656
14108599,27,8338656
14109811,24,8338656
14111023,22,8338656
14112236,25,8338470
14113448,25,8343846
14114660,26,8343846
14115874,25,8343846
14117086,26,8343846
14118298,22,8343846
14119510,21,8343846
14120723,23,8343846
14121936,26,8343846
14123148,24,8343846
14124360,20,8343846
14125572,30,8343846
14126785,28,8343846
14127998,32,8343846
14129209,28,8343846
14130423,30,8343846
14131635,27,8343846
14132847,30,8343846
14134059,29,8332489
14135271,25,8332489
14136484,29,8332489
14137697,32,8332489
14138909,31,8332489
14140121,29,8332489
14147396,37,8332489
14148608,30,8332489
14149820,28,8332489
14151033,31,8332489
14152245,31,8332489
14153457,27,8332489
14154670,31,8332489
14155882,29,8336343
14157095,27,8336343
14158308,30,8336343
14159520,29,8336343
14160732,30,8336343
14161945,30,8336343
14163157,28,8336343
14164369,28,8336343
14165582,30,8336343
14166794,28,8331975
14168006,23,8331975
14169218,29,8331975
14170432,32,8331975
14171644,30,8331975
14172856,29,8331975
14174068,32,8331975
14175281,30,8331975
14176493,30,8331975
14177706,29,8333106
14178918,25,8333106
14180130,30,8333106
14181342,30,8333106
14182555,29,8333106
14183767,30,8333106
14184979,31,8333106
14186192,31,8333106
14187404,31,8333106
14188617,30,8332951
14189829,24,8332951
14191042,32,8332951
14192254,30,8332951
14193466,27,8332951
14194678,29,8332951
14195891,28,8332951
14197103,28,8332951
14198316,28,8332951
14199528,28,8334133
14200740,23,8334133
14201952,30,8334133
14203165,33,8334133
14204377,29,8334133
14205590,29,8334133
14206802,30,8334133
14208013,30,8334133
14209226,28,8334133
14210439,34,8335469
14211651,26,8335469
14212863,30,8335469
14214075,31,8335469
14215288,30,8335469
14216500,26,8335469
14217713,31,8335469
14218925,32,8335469
14220137,36,8335469
14221349,28,8336960
14222563,27,8336960
14223774,30,8336960
14231048,31,8336960
14232261,30,8334647
14233473,23,8336805
14234685,24,8336805
14235899,25,8336805
14237110,24,8336805
14238323,23,8336805
14239535,25,8336805
14240748,23,8336805
14241960,23,8336805
14243172,23,8336805
14244384,25,8336189
14245597,26,8336189
14246809,21,8336189
14248021,22,8336189
14249233,27,8336189
14250446,23,8336189
14251658,27,8336189
14252870,25,8336189
14254083,26,8336189
14255296,22,8338450
14256507,19,8338450
14257720,24,8338450
14258933,25,8338450
14260145,23,8338450
14261356,25,8338450
14262570,26,8338450
14263782,22,8338450
14264994,21,8338450
14266207,24,8335932
14267419,22,8335932
14268631,25,8335932
14269843,25,8335932
14271056,24,8335932
14272268,25,8335932
14273480,22,8335932
14274693,25,8335932
14275905,24,8335932
14277116,24,8336031
14278329,21,8335007
14279541,27,8335007
14280753,23,8335007
14281966,25,8335007
14283178,26,8335007
14284390,28,8335007
14285602,24,8335007
14286815,25,8335007
14288027,24,8334907
14289239,29,8335675
14290451,22,8335675
14291663,24,8335675
14292876,25,8335675
14294087,26,8335675
14295300,22,8335675
14296512,23,8335675
14297725,24,8335675
14298937,27,8335763
14300149,22,8335763
14301361,28,8335763
14302574,30,8335763
14303786,32,8335763
14304998,33,8335763
14306210,31,8335763
14307422,31,8335763
14315907,27,8335763
14317120,31,8335763
14318332,30,8335763
14319544,31,8335763
14320757,30,8334904
14321969,26,8334904
14323181,31,8334904
14324393,32,8334904
14325606,31,8334904
14326817,30,8334904
14328030,31,8334904
14329242,30,8334904
14330454,26,8334904
14331667,31,8331358
14332879,26,8331358
14334090,31,8331358
14335303,30,8331358
14336515,30,8331358
14337727,29,8331358
14338940,31,8331358
14340152,30,8331358
14341364,30,8331358
14342578,30,8338964
14343789,21,8338964
14345001,31,8338964
14346213,30,8338964
14347425,28,8338964
14348638,30,8338964
14349850,29,8338964
14351063,30,8338964
14352274,32,8338964
14353487,28,8334647
14354699,22,8334647
14355911,30,8334647
14357124,30,8334647
14358336,28,8334647
14359548,29,8334647
14360761,30,8334647
14361974,32,8334647
14363185,33,8334647
14364399,30,8333311
14365610,24,8333311
14366823,29,8333311
14368035,30,8333311
14369248,32,8333311
14370460,28,8333311
14371673,32,8333311
14372885,32,8333311
14374097,30,8333311
14375309,30,8336137
14376522,20,8336137
14377734,30,8336137
14378946,29,8336137
14380159,29,8336137
14381371,27,8336137
14382583,31,8336137
14383795,29,8336137
14385007,29,8336137
14386220,31,8331769
14387432,29,8331769
14388644,31,8331769
14389857,30,8331769
14391069,29,8331769
14392281,30,8331769
14400767,26,8331769
14401979,28,8331769
14403192,31,8331769
14404404,31,8331769
14405617,30,8331769
14406829,31,8331769
14408041,29,8335058
14409253,24,8334030
14410466,20,8334030
14411678,23,8334030
14412891,29,8334030
14414102,25,8334030
14415315,22,8334030
14416528,22,8334030
14417739,22,8334030
14418952,23,8334030
14420164,22,8329045
14421377,25,8329045
14422588,24,8329045
14423801,26,8329045
14425013,22,8329045
14426227,24,8329045
14427439,27,8329045
14428651,24,8329045
14429863,26,8329045
14431076,25,8335469
14432288,20,8335469
14433500,22,8335469
14434712,26,8335469
14435926,22,8335469
14437138,22,8335469
14438350,22,8335469
14439562,22,8335469
14440774,20,8335469
14441987,23,8334750
14443199,24,8334750
14444412,27,8334750
14445624,26,8334750
14446837,23,8334750
14448049,26,8334750
14449261,23,8334750
14450473,17,8334750
14451686,25,8334750
14452898,24,8331821
14454111,24,8331821
14455323,23,8331821
14456535,26,8331821
14457747,23,8331821
14458961,26,8331821
14460173,23,8331821
14461384,29,8331821
14462597,26,8331821
14463810,20,8332017
14465022,22,8329713
14466235,24,8329713
14467447,25,8329713
14468659,24,8329713
14469871,25,8329713
14471084,23,8329713
14472296,25,8329713
14473508,20,8329713
14474720,25,8329615
14475933,27,8330895
14477145,33,8330895
14485632,17,8330895
14486844,22,8330895
14488057,31,8330895
14489269,29,8330895
14490482,30,8330895
14491694,30,8330895
14492906,28,8330895
14494118,28,8330895
14495331,29,8336600
14496543,26,8336600
14497755,19,8336600
14498967,28,8336600
14500180,32,8336600
14501392,32,8336600
14502604,28,8336600
14503818,29,8336600
14505030,31,8336600
14506241,28,8336600
14507454,28,8340763
14508666,27,8340763
14509878,28,8340763
14511091,33,8340763
14512304,29,8340763
14513515,30,8340763
14514728,27,8340763
14515940,27,8340763
14517153,27,8340763
14518364,30,8330022
14519578,27,8330022
14520789,28,8330022
14522002,30,8330022
14523214,29,8330022
14524427,28,8330022
14525639,29,8330022
14526851,31,8330022
14528063,31,8330022
14529276,31,8332489
14530488,22,8332489
14531700,32,8332489
14532912,30,8332489
14534125,30,8332489
14535338,30,8332489
14536549,30,8332489
14537762,28,8332489
14538974,30,8332489
14540187,25,8333671
14541399,25,8333671
14542611,30,8333671
14543823,29,8333671
14545036,30,8333671
14546248,29,8333671
14547460,28,8333671
14548672,32,8333671
14549886,30,8333671
14551098,29,8340300
14552310,22,8340300
14553522,29,8340300
14554734,29,8340300
14555947,30,8340300
14557159,31,8340300
14558371,30,8340300
14559583,31,8340300
14560796,32,8340300
14562008,31,8340300
14569282,26,8340300
14570495,30,8340300
14571707,29,8340300
14572919,28,8334698
14574132,26,8334698
14575343,28,8334698
14576556,31,8334698
14577768,30,8334698
14578981,28,8334698
14580193,27,8334698
14581406,28,8334698
14582617,30,8334698
14583829,28,8334596
14585042,26,8334596
14586254,27,8334596
14587467,28,8334596
14588679,32,8334596
14589891,28,8334596
14591104,29,8334596
14592316,31,8334596
14593528,33,8334596
14594740,30,8340300
14595953,20,8337731
14597165,24,8337731
14598378,24,8337731
14599590,24,8337731
14600802,26,8337731
14602014,26,8337731
14603227,25,8337731
14604439,27,8337731
14605651,25,8337731
14606864,23,8338090
14608077,25,8338090
14609289,21,8338090
14610501,23,8338090
14611713,27,8338090
14612926,24,8338090
14614138,25,8338090
14615350,26,8338090
14616562,26,8338090
14617775,22,8335058
14618987,24,8335058
14620200,24,8335058
14621412,26,8335058
14622624,25,8335058
14623837,23,8335058
14625049,25,8335058
14626261,24,8335058
14627473,22,8335058
14628685,24,8332489
14629898,29,8332489
14631111,23,8332489
14632323,22,8332489
14633535,29,8332489
14634747,23,8332489
14635959,21,8332489
14637171,24,8332489
14638384,28,8332489
14639597,26,8334544
14640809,23,8334544
14642021,26,8334544
14643234,28,8334544
14644446,23,8334544
14645658,27,8334544
14652931,34,8334544
14654145,34,8334544
14655356,34,8334544
14656569,31,8334544
14657782,31,8334544
14658993,27,8334544
14660206,29,8331872
14661418,23,8331984
14662630,25,8334544
14663842,22,8334544
14665055,24,8334544
14666267,28,8334544
14667479,21,8334544
14668691,25,8334544
14669904,25,8334544
14671117,23,8334544
14672329,20,8334544
14673541,26,8334544
14674753,28,8334544
14675966,33,8334544
14677178,29,8334544
14678390,30,8334544
14679602,30,8334544
14680814,31,8334544
14682027,33,8336754
14683239,26,8336754
14684452,23,8336754
14685664,28,8336754
14686876,31,8336754
14688089,28,8336754
14689301,30,8336754
14690513,27,8336754
14691726,30,8336754
14692938,31,8336754
14694150,29,8336395
14695363,26,8336395
14696574,28,8336395
14697788,31,8336395
14698999,32,8336395
14700212,27,8336395
14701424,29,8336395
14702637,29,8336395
14703849,32,8336395
14705061,29,8335007
14706274,26,8335007
14707486,31,8335007
14708698,32,8335007
14709910,29,8335007
14711122,29,8335007
14712334,28,8335007
14713547,31,8335007
14714759,29,8335007
14715972,27,8337217
14717184,23,8337217
14718396,29,8337217
14719610,27,8337217
14720822,32,8337217
14722034,27,8337217
14723246,29,8337217
14724459,26,8337217
14725671,28,8337217
14726883,29,8338553
14728096,22,8338553
14729307,31,8338553
14737794,26,8335212
14739006,22,8335212
14740218,28,8335212
14741431,31,8335212
14742643,28,8335212
14743855,30,8335212
14745068,31,8335212
14746281,29,8335212
14747493,27,8335212
14748706,28,8333516
14749918,24,8333516
14751131,30,8333516
14752343,28,8333516
14753554,29,8333516
14754768,29,8333516
14755979,31,8333516
14757191,31,8333516
14758404,33,8333516
14759616,30,8334698
14760829,24,8334698
14762041,29,8334698
14763254,28,8334698
14764466,29,8334698
14765678,29,8334698
14766891,27,8334698
14768103,29,8334698
14769316,30,8334698
14770528,29,8336908
14771740,23,8336908
14772953,30,8336908
14774166,29,8336908
14775377,29,8336908
14776590,29,8336908
14777802,30,8336908
14779015,29,8336908
14780228,30,8336908
14781440,31,8334852
14782653,24,8336137
14783864,26,8336137
14785077,25,8336137
14786289,23,8336137
14787501,22,8336137
14788714,27,8336137
14789926,25,8336137
14791139,25,8336137
14792352,22,8336137
14793564,26,8335881
14794777,23,8335881
14795989,26,8335881
14797201,25,8335881
14798414,25,8335881
14799625,24,8335881
14800838,27,8335881
14802050,22,8335881
14803263,23,8335881
14804475,20,8331975
14805687,24,8331975
14806900,24,8331975
14808112,23,8331975
14809325,23,8331975
14810537,28,8331975
14811749,22,8331975
14812961,27,8331975
14814174,30,8331975
14822661,29,8331975
14823873,30,8331975
14825085,32,8333979
14826298,23,8333878
14827510,21,8334390
14828722,27,8334390
14829935,27,8334390
14831147,24,8334390
14832359,25,8334390
14833572,27,8334390
14834784,24,8334390
14835996,21,8334390
14837209,25,8334550
14838421,26,8336086
14839634,25,8336086
14840845,24,8336086
14842059,26,8336086
14843270,26,8336086
14844482,24,8336086
14845695,26,8336086
14846907,27,8336086
14848120,26,8335973
14849332,25,8333157
14850544,25,8333157
14851756,21,8333157
14852969,23,8333157
14854182,27,8333157
14855394,30,8333157
14856606,24,8333157
14857819,24,8333157
14859031,22,8333157
14860243,25,8333157
14861456,27,8333157
14862669,30,8333157
14863881,30,8333157
14865093,31,8333157
14866305,29,8333157
14867518,30,8333157
14868730,28,8333157
14869942,29,8333362
14871155,25,8333362
14872368,30,8333362
14873579,31,8333362
14874791,28,8333362
14876004,32,8333362
14877217,31,8333362
14878429,30,8333362
14879641,31,8333362
14880854,29,8334852
14882066,23,8334852
14883278,29,8334852
14884490,27,8334852
14885703,30,8334852
14886915,29,8334852
14888127,29,8334852
14889341,30,8334852
14890552,31,8334852
14891765,29,8335058
14892978,26,8335058
14894190,29,8335058
14895403,29,8335058
14896615,27,8335058
14897827,28,8335058
14899039,32,8335058
14906313,20,8335058
14907525,29,8335058
14908738,33,8335058
14909951,29,8335058
14911162,29,8335058
14912375,26,8335058
14913587,32,8335469
14914800,26,8335469
14916012,29,8335469
14917225,31,8335469
14918436,33,8335469
14919649,30,8335469
14920862,30,8335469
14922074,30,8335469
14923287,31,8335469
14924499,27,8336137
14925711,24,8336137
14926923,28,8336137
14928136,33,8336137
14929348,28,8336137
14930560,30,8336137
14931773,30,8336137
14932985,29,8336137
14934198,29,8336137
14935410,30,8334647
14936622,25,8334647
14937835,28,8334647
14939047,33,8334647
14940260,30,8334647
14941472,30,8334647
14942684,32,8334647
14943897,32,8334647
14945109,28,8334647
14946321,29,8331358
14947534,24,8331358
14948746,32,8331358
14949958,30,8331358
14951171,30,8331358
14952384,32,8331358
14953595,29,8331358
14954808,31,8331358
14956020,30,8331358
14957233,30,8334698
14958445,26,8335572
14959658,27,8335572
14960870,25,8335572
14962083,24,8335572
14963295,25,8335572
14964507,23,8335572
14965719,23,8335572
14966932,26,8335572
14968144,23,8335572
14969356,22,8329251
14970568,25,8329251
14971781,23,8329251
14972994,22,8329251
14974205,24,8329251
14975418,27,8329251
14976630,24,8329251
14977843,28,8329251
14979055,25,8329251
14980267,24,8333157
14981479,21,8333157
14982692,32,8333157
14989966,28,8333157
14991179,41,8333157
14992391,31,8333157
14993603,31,8333157
14994815,31,8333157
14996029,30,8333157
14997241,32,8333157
14998452,27,8333157
14999665,31,8333157
15000878,30,8334544
15002091,27,8336960
15003303,19,8336960
15004515,21,8336960
15005727,24,8336960
15006940,28,8336960
15008152,25,8336960
15009364,26,8336960
15010578,26,8336960
15011789,23,8336960
15013001,23,8337051
15014214,25,8333979
15015426,23,8333979
15016639,26,8333979
15017851,25,8333979
15019063,25,8333979
15020276,25,8333979
15021488,20,8333979
15022700,25,8333979
15023913,25,8334013
15025125,24,8343229
15026337,24,8343229
15027549,25,8343229
15028762,24,8343229
15029974,23,8343229
15031187,23,8343229
15032400,26,8343229
15033611,23,8343229
15034823,24,8343229
15036036,24,8343229
15037249,31,8343229
15038461,29,8343229
15039673,30,8343229
15040886,30,8343229
15042098,28,8343229
15043310,31,8343229
15044523,29,8335315
15045735,25,8335315
15046948,23,8335315
15048160,25,8335315
15049373,31,8335315
15050586,31,8335315
15051798,29,8335315
15053010,30,8335315
15054223,26,8335315
15055435,31,8335315
15056647,31,8340197
15057860,26,8340197
15059073,29,8340197
15060284,28,8340197
15061496,28,8340197
15062710,29,8340197
15063922,28,8340197
15065134,32,8340197
15066346,32,8340197
15074834,31,8340197
15076046,28,8340197
15077258,31,8340197
15078470,26,8340300
15079683,22,8340300
15080895,30,8340300
15082108,32,8340300
15083320,29,8340300
15084533,29,8340300
15085744,31,8340300
15086957,31,8340300
15088169,29,8340300
15089381,28,8334544
15090594,24,8334544
15091807,27,8334544
15093019,32,8334544
15094232,31,8334544
15095443,29,8334544
15096656,29,8334544
15097868,30,8334544
15099081,26,8334544
15100293,30,8334236
15101506,24,8334236
15102718,30,8334236
15103930,28,8334236
15105142,32,8334236
15106354,27,8334236
15107567,31,8334236
15108779,31,8334236
15109991,27,8334236
15111204,28,8337987
15112416,23,8337987
15113629,28,8337987
15114841,29,8337987
15116054,30,8337987
15117265,28,8337987
15118477,27,8337987
15119690,32,8337987
15120902,30,8337987
15122115,31,8337422
15123327,19,8337422
15124540,30,8337422
15125752,31,8337422
15126964,29,8337422
15128177,30,8337422
15129390,31,8337422
15130602,31,8337422
15131814,32,8337422
15133026,30,8336651
15134239,29,8336651
15135452,29,8336651
15136664,29,8336651
15137877,31,8336651
15139089,33,8336651
15140301,29,8336651
15141514,28,8336651
15142726,29,8336651
15143938,31,8336035
15145151,22,8331615
15146363,23,8331615
15147576,20,8331615
15148788,23,8331615
15150000,25,8331615
15151213,28,8331615
15159699,33,8331615
15160912,29,8331615
15162125,28,8331615
15163337,27,8331615
15164550,31,8331615
15165762,30,8332026
15166973,23,8336137
15168186,24,8336137
15169398,28,8336137
15170611,22,8336137
15171823,24,8336137
15173036,25,8336137
15174248,25,8336137
15175461,18,8336137
15176673,22,8336137
15177885,25,8332643
15179098,25,8332643
15180310,23,8332643
15181522,23,8332643
15182735,25,8332643
15183948,22,8332643
15185160,25,8332643
15186372,23,8332643
15187585,25,8332643
15188798,23,8336343
15190010,22,8336343
15191223,26,8336343
15192435,28,8336343
15193647,23,8336343
15194859,23,8336343
15196072,25,8336343
15197284,22,8336343
15198497,22,8336343
15199709,26,8336353
15200922,24,8338913
15202134,29,8338913
15203346,22,8338913
15204559,23,8338913
15205771,23,8338913
15206983,23,8338913
15208196,22,8338913
15209409,25,8338913
15210621,29,8338795
15211834,27,8334955
15213046,24,8334955
15214258,23,8334955
15215470,20,8334955
15216682,25,8334955
15217895,25,8334955
15219108,23,8334955
15220320,21,8334955
15221533,25,8334955
15222744,23,8334955
15223957,30,8334955
15225169,30,8334955
15226382,30,8334955
15227594,26,8334955
15228806,31,8334955
15230019,29,8334955
15231231,30,8337731
15232444,24,8337731
15233657,27,8337731
15234869,30,8337731
15236081,30,8340197
15243354,29,8340031
15244567,25,8336703
15245780,24,8336703
15246993,22,8336703
15248204,25,8336703
15249417,26,8336703
15250629,26,8336703
15251842,26,8336703
15253054,26,8336703
15254267,25,8336703
15255479,22,8336703
15256691,32,8336703
15257903,29,8336703
15259116,31,8336703
15260328,29,8336703
15261541,30,8336703
15262753,29,8336703
15263966,29,8336703
15265178,30,8336292
15266390,33,8336292
15267602,29,8336292
15268815,29,8336292
15270027,31,8336292
15271240,31,8336292
15272453,27,8336292
15273665,29,8336292
15274877,30,8336292
15276089,32,8335778
15277302,25,8335778
15278514,31,8335778
15279726,31,8335778
15280939,32,8335778
15282152,29,8335778
15283363,31,8335778
15284575,28,8335778
15285788,29,8335778
15287001,30,8337576
15288213,25,8337576
15289425,27,8337576
15290638,32,8337576
15291850,27,8337576
15293062,30,8337576
15294274,30,8337576
15295487,30,8337576
15296699,29,8337576
15297912,28,8336035
15299124,24,8336035
15300336,29,8336035
15301548,29,8336035
15302761,28,8336035
15303974,29,8336035
15305186,29,8336035
15306399,31,8336035
15307611,29,8336035
15308823,29,8335521
15310035,25,8335521
15311247,25,8335521
15312461,29,8335521
15313672,28,8335521
15314885,29,8335521
15316097,31,8335521
15317310,29,8335521
15318522,31,8335521
15319734,31,8335521
15327008,23,8335521
15328221,29,8335521
15329433,30,8335521
15330646,32,8336292
15331858,23,8336035
15333071,25,8336035
15334283,21,8336035
15335496,21,8336035
15336707,24,8336035
15337920,26,8336035
15339132,24,8336035
15340345,25,8336035
15341557,25,8336035
15342770,21,8334082
15343982,26,8334082
15345195,23,8334082
15346407,24,8334082
15347619,24,8334082
15348831,25,8334082
15350043,25,8334082
15351256,27,8334082
15352468,21,8334082
15353681,25,8334082
15354893,28,8334082
15356105,24,8334082
15357318,20,8334082
15358530,23,8334082
15359742,22,8334082
15360955,25,8334082
15362167,23,8334082
15363380,25,8334082
15364592,24,8337319
15365805,25,8337319
15367016,21,8337319
15368229,23,8337319
15369441,26,8337319
15370654,23,8337319
15371866,22,8337319
15373079,26,8337319
15374291,21,8337319
15375503,19,8339992
15376716,23,8339992
15377928,24,8339992
15379141,26,8339992
15380353,21,8339992
15381566,28,8339992
15382778,24,8339992
15383991,24,8339992
15385202,24,8339992
15386415,28,8340025
15387627,23,8335161
15388839,26,8335161
15390052,23,8335161
15391264,24,8335161
15392477,23,8335161
15393689,23,8335161
15394902,25,8335161
15396114,26,8335161
15397326,22,8335293
15398539,23,8343229
15399751,22,8343229
15400963,23,8343229
15402176,25,8343229
15403388,28,8343229
15411875,29,8343229
15413087,31,8343229
15414300,29,8343229
15415511,27,8343229
15416725,30,8343229
15417936,30,8333311
15419149,25,8333311
15420361,25,8333311
15421574,29,8333311
15422786,29,8333311
15423999,29,8333311
15425211,31,8333311
15426423,31,8333311
15427635,30,8333311
15428849,31,8333311
15430061,28,8335572
15431273,25,8335572
15432485,29,8335572
15433698,31,8335572
15434910,32,8335572
15436123,27,8335572
15437334,30,8335572
15438547,31,8335572
15439759,31,8335572
15440973,33,8338810
15442184,25,8338810
15443397,28,8338810
15444610,31,8338810
15445822,31,8338810
15447034,29,8338810
15448246,29,8338810
15449459,28,8338810
15450671,28,8338810
15451884,30,8338604
15453097,25,8338604
15454309,29,8338604
15455522,31,8338604
15456734,32,8338604
15457946,30,8338604
15459159,29,8338604
15460371,30,8338604
15461584,31,8338604
15462796,27,8336549
15464008,25,8336549
15465221,27,8336549
15466434,33,8336549
15467646,29,8336549
15468857,30,8336549
15470070,28,8336549
15471282,31,8336549
15472494,29,8336549
15473707,29,8333825
15474920,27,8333825
15476131,30,8333825
15477344,31,8333825
15478556,29,8333825
15479768,28,8333825
15480982,30,8333825
15482193,30,8333825
15483405,29,8333825
15484618,28,8339170
15485830,23,8339170
15487042,31,8339170
15488255,29,8336395
15496742,35,8336395
15497954,30,8336395
15499166,28,8336395
15500378,28,8336395
15501590,31,8336395
15502802,30,8336395
15504015,29,8336395
15505227,28,8336395
15506439,30,8336189
15507651,23,8336189
15508865,29,8336189
15510076,31,8336189
15511288,30,8336189
15512501,28,8336189
15513714,26,8336189
15514926,31,8336189
15516139,31,8336189
15517350,31,8333825
15518563,25,8337371
15519775,23,8337371
15520988,23,8337371
15522200,23,8337371
15523413,23,8337371
15524625,25,8337371
15525837,24,8337371
15527050,27,8337371
15528262,26,8337371
15529474,22,8337679
15530686,25,8337679
15531899,24,8337679
15533112,26,8337679
15534323,23,8337679
15535536,25,8337679
15536748,22,8337679
15537961,25,8337679
15539173,25,8337679
15540386,27,8334544
15541598,22,8334544
15542810,24,8334544
15544022,23,8334544
15545234,26,8334544
15546447,21,8334544
15547659,20,8334544
15548872,25,8334544
15550084,25,8334544
15551296,25,8333465
15552508,24,8333465
15553720,24,8333465
15554933,29,8333465
15556146,25,8333465
15557358,19,8333465
15558570,27,8333465
15559782,24,8333465
15560995,25,8333465
15562206,23,8333465
15563419,25,8333465
15564631,23,8333465
15565843,23,8333465
15567056,25,8333465
15568267,25,8333465
15569479,23,8333465
15570692,24,8333465
15571905,25,8333465
15573117,32,8333465
15581602,27,8333465
15582814,30,8335264
15584027,24,8335208
15585240,27,8333928
15586452,20,8333928
15587664,26,8333928
15588877,22,8333928
15590088,25,8333928
15591301,21,8333928
15592513,21,8333928
15593725,23,8333928
15594938,28,8333928
15596149,23,8333928
15597362,29,8333928
15598574,29,8333928
15599786,30,8333928
15600999,30,8333928
15602211,31,8333928
15603423,30,8333928
15604635,33,8333928
15605848,30,8334493
15607060,24,8334493
15608272,29,8334493
15609485,28,8334493
15610697,32,8334493
15611909,29,8334493
15613121,31,8334493
15614334,28,8334493
15615546,30,8334493
15616758,28,8333619
15617970,23,8333619
15619182,30,8333619
15620395,33,8333619
15621607,30,8333619
15622819,29,8333619
15624031,32,8333619
15625244,26,8333619
15626456,28,8333619
15627669,31,8334750
15628881,26,8334750
15630093,30,8334750
15631305,29,8334750
15632517,31,8334750
15633730,29,8334750
15634942,29,8334750
15636155,29,8334750
15637366,31,8334750
15638578,30,8338450
15639790,24,8338450
15641004,27,8338450
15642216,30,8338450
15643427,29,8338450
15644640,30,8338450
15645853,27,8338450
15647065,30,8338450
15648277,32,8338450
15649489,29,8332540
15650701,24,8332540
15651914,30,8332540
15653125,32,8332540
15654338,29,8332540
15655551,31,8332540
15656763,29,8332540
15657975,30,8332540
15665248,32,8332540
15666461,30,8332540
15667674,31,8332540
15668886,30,8332540
15670098,31,8332540
15671311,32,8334750
15672523,22,8334750
15673735,31,8334750
15674947,33,8334750
15676160,32,8334750
15677371,31,8334750
15678584,29,8334750
15679797,31,8334750
15681009,29,8334750
15682221,29,8336857
15683433,29,8336857
15684646,27,8336857
15685858,31,8336857
15687070,32,8336857
15688283,33,8336857
15689495,31,8336857
15690707,29,8336857
15691919,31,8336857
15693131,33,8333825
15694344,23,8335058
15695556,25,8335058
15696769,26,8335058
15697981,22,8335058
15699193,22,8335058
15700405,27,8335058
15701618,25,8335058
15702830,26,8335058
15704043,26,8335058
15705255,25,8337936
15706468,25,8337936
15707680,26,8337936
15708893,25,8337936
15710104,24,8337936
15711317,23,8337936
15712529,23,8337936
15713741,22,8337936
15714954,26,8337936
15716166,27,8328994
15717380,27,8328994
15718591,25,8328994
15719803,23,8328994
15721016,23,8328994
15722228,24,8328994
15723441,26,8328994
15724653,26,8328994
15725865,23,8328994
15727078,23,8333157
15728290,22,8333157
15729502,23,8333157
15730715,24,8333157
15731927,23,8333157
15733140,25,8333157
15734352,24,8333157
15735565,27,8333157
15736777,22,8333157
15737989,26,8338964
15739202,28,8338964
15740414,28,8338964
15741626,24,8338964
15748901,34,8338964
15750112,27,8338964
15751325,33,8338964
15752538,29,8338964
15753750,30,8338964
15754962,29,8338964
15756174,30,8338964
15757387,33,8338964
15758599,30,8334647
15759812,25,8334714
15761024,23,8338810
15762237,28,8338810
15763449,23,8338810
15764661,24,8338810
15765874,24,8338810
15767086,30,8338810
15768298,26,8338810
15769510,21,8338810
15770722,22,8338810
15771935,27,8338810
15773148,29,8338810
15774360,33,8338810
15775573,32,8338810
15776784,30,8338810
15777997,27,8338810
15779209,31,8338810
15780421,29,8338861
15781634,26,8338861
15782847,25,8338861
15784059,28,8338861
15785271,33,8338861
15786483,32,8338861
15787695,30,8338861
15788908,33,8338861
15790121,33,8338861
15791333,31,8338861
15792545,34,8337525
15793758,23,8337525
15794970,31,8337525
15796183,27,8337525
15797395,34,8337525
15798607,32,8337525
15799819,29,8337525
15801031,29,8337525
15802244,34,8337525
15803456,26,8333516
15804668,23,8333516
15805881,31,8333516
15807094,28,8333516
15808306,30,8333516
15809518,31,8333516
15810731,31,8333516
15811943,32,8333516
15813156,27,8333516
15814367,29,8334082
15815581,24,8334082
15816792,30,8334082
15818005,31,8334082
15819218,33,8334082
15820431,33,8334082
15821642,32,8334082
15822855,32,8334082
15824067,29,8334082
15825280,29,8334082
15833767,28,8334082
15834979,30,8334082
15836192,30,8335572
15837404,27,8335572
15838617,31,8335572
15839829,28,8335572
15841042,34,8335572
15842254,33,8335572
15843466,29,8335572
15844679,29,8335572
15845891,31,8335572
15847104,29,8335983
15848316,23,8335983
15849528,31,8335983
15850740,30,8335983
15851953,30,8335983
15853166,27,8335983
15854378,30,8335983
15855590,31,8335983
15856803,29,8335983
15858015,29,8336189
15859228,26,8336189
15860440,29,8336189
15861652,29,8336189
15862865,32,8336189
15864078,33,8336189
15865290,29,8336189
15866503,29,8336189
15867715,30,8336189
15868927,32,8335726
15870140,23,8335726
15871352,30,8335726
15872564,31,8335726
15873777,28,8335726
15874990,31,8335726
15876202,29,8335726
15877415,30,8335726
15878627,29,8335726
15879839,30,8335418
15881051,23,8335624
15882264,25,8335624
15883476,20,8335624
15884689,25,8335624
15885901,24,8335624
15887114,24,8335624
15888326,26,8335624
15889539,25,8335624
15890751,22,8335624
15891964,24,8336189
15893176,23,8336189
15894388,27,8336189
15895601,25,8336189
15896814,25,8336189
15898026,22,8336189
15899238,25,8336189
15900451,24,8336189
15901663,25,8336189
15902876,27,8333825
15904088,29,8333825
15905301,23,8333825
15906513,22,8333825
15907726,26,8333825
15908938,28,8333825
15910150,27,8333825
15918637,28,8333825
15919850,31,8333825
15921062,30,8333825
15922274,29,8333825
15923487,27,8333465
15924698,27,8338347
15925911,27,8338347
15927124,25,8338347
15928336,24,8338347
15929549,24,8338347
15930761,23,8338347
15931973,25,8338347
15933185,23,8338347
15934398,24,8338347
15935610,25,8338386
15936823,22,8335058
15938035,24,8335058
15939248,21,8335058
15940460,22,8335058
15941672,28,8335058
15942885,23,8335058
15944097,26,8335058
15945310,25,8335058
15946522,22,8334943
15947734,27,8331615
15948947,27,8331615
15950159,20,8331615
15951371,23,8331615
15952584,23,8331615
15953797,25,8331615
15955009,25,8331615
15956221,23,8331615
15957434,28,8331615
15958646,28,8331615
15959859,30,8331615
15961071,31,8331615
15962283,31,8331615
15963496,33,8331615
15964708,30,8331615
15965921,30,8331615
15967133,33,8338399
15968345,22,8338399
15969558,27,8338399
15970770,29,8338399
15971982,31,8338399
15973195,31,8338399
15974407,32,8338399
15975619,30,8338399
15976832,29,8338399
15978044,32,8338399
15979257,31,8335161
15980469,20,8335161
15981682,30,8335161
15982893,32,8335161
15984107,30,8335161
15985319,29,8335161
15986530,30,8335161
15987743,31,8335161
15988955,31,8335161
15990169,26,8335161
15991381,25,8335161
15992593,30,8335161
15993806,29,8335161
15995018,31,8336343
16002292,26,8336343
16003505,43,8336343
16004717,27,8336343
16005930,28,8336343
16007143,24,8336343
16008355,25,8336343
16009568,28,8336343
16010779,23,8336343
16011992,22,8336343
16013205,27,8336343
16014417,30,8336343
16015630,29,8336343
16016842,29,8336343
16018054,31,8336343
16019266,29,8336343
16020479,27,8336343
16021691,33,8336343
16022904,30,8336035
16024116,25,8336035
16025329,29,8336035
16026542,30,8336035
16027753,28,8336035
16028966,30,8336035
16030178,30,8336035
16031391,32,8336035
16032603,28,8336035
16033815,29,8337165
16035028,23,8337165
16036240,31,8337165
16037453,26,8337165
16038666,34,8337165
16039878,32,8337165
16041090,30,8337165
16042302,28,8337165
16043515,33,8337165
16044727,33,8334647
16045940,26,8334647
16047153,29,8334647
16048365,29,8334647
16049578,32,8334647
16050790,29,8334647
16052002,29,8334647
16053214,29,8334647
16054427,32,8334647
16055639,33,8335110
16056851,23,8335110
16058064,28,8335110
16059277,29,8335110
16060489,29,8335110
16061702,30,8335110
16062914,31,8335110
16064126,32,8335110
16065338,30,8335110
16066551,29,8336189
16067763,21,8332386
16068976,23,8332386
16070188,24,8332386
16071401,24,8332386
16072614,24,8332386
16073826,24,8332386
16075038,27,8332386
16076250,22,8332386
16077464,23,8332386
16078676,32,8332386
16085951,31,8332386
16087163,31,8332386
16088376,31,8334750
16089589,23,8335469
16090800,26,8335469
16092013,23,8335469
16093226,25,8335469
16094438,25,8335469
16095650,25,8335469
16096862,25,8335469
16098075,25,8335469
16099288,24,8335469
16100500,22,8333722
16101712,24,8333722
16102924,25,8333722
16104137,23,8333722
16105349,24,8333722
16106562,24,8333722
16107774,21,8333722
16108986,23,8333722
16110198,24,8333722
16111411,24,8337987
16112623,23,8337987
16113836,25,8337987
16115048,24,8337987
16116261,25,8337987
16117474,19,8337987
16118686,25,8337987
16119898,26,8337987
16121111,26,8337987
16122323,24,8337929
16123535,26,8336137
16124747,23,8336137
16125960,25,8336137
16127172,23,8336137
16128385,28,8336137
16129597,28,8336137
16130810,26,8336137
16132022,24,8336137
16133234,25,8336357
16134447,22,8340197
16135659,24,8340197
16136871,22,8340197
16138084,28,8340197
16139296,23,8340197
16140509,20,8340197
16141721,23,8340197
16142934,27,8340197
16144147,21,8340197
16145359,23,8340197
16146571,30,8340197
16147784,29,8340197
16148995,30,8340197
16150208,32,8340197
16151421,30,8340197
16152633,29,8340197
16153846,29,8332591
16155058,25,8332591
16156270,24,8332591
16157483,28,8332591
16158695,30,8332591
16159908,29,8332591
16161119,27,8332591
16162332,32,8332591
16170819,31,8332591
16172032,29,8332591
16173244,29,8332591
16174456,30,8332591
16175670,31,8332591
16176882,28,8334852
16178094,25,8334852
16179306,30,8334852
16180519,28,8334852
16181731,29,8334852
16182945,29,8334852
16184157,29,8334852
16185369,28,8334852
16186582,29,8334852
16187794,29,8332232
16189006,23,8332232
16190218,29,8332232
16191431,29,8332232
16192643,31,8332232
16193856,30,8332232
16195069,28,8332232
16196280,29,8332232
16197493,28,8332232
16198706,27,8333260
16199918,27,8333260
16201131,29,8333260
16202343,28,8333260
16203555,29,8333260
16204768,30,8333260
16205981,31,8333260
16207193,26,8333260
16208405,32,8333260
16209618,31,8337114
16210830,25,8337114
16212042,30,8337114
16213254,29,8337114
16214467,27,8337114
16215679,31,8337114
16216891,31,8337114
16218104,31,8337114
16219317,31,8337114
16220529,29,8332334
16221741,22,8332334
16222953,28,8332334
16224166,28,8332334
16225378,27,8332334
16226590,30,8332334
16227803,32,8332334
16229015,31,8332334
16230228,29,8332334
16231440,33,8336497
16232653,24,8336497
16233865,31,8336497
16235078,31,8336497
16236290,30,8336497
16237502,28,8336497
16238715,32,8336497
16239927,28,8336497
16241140,29,8336497
16242352,30,8335572
16243565,22,8335572
16244778,28,8335572
16245990,29,8335572
16247202,31,8335315
16254476,23,8335315
16255689,30,8335315
16256902,31,8335315
16258114,29,8335315
16259326,32,8335315
16260539,33,8335315
16261751,31,8335315
16262964,30,8335315
16264177,29,8337319
16265389,26,8336395
16266601,26,8336395
16267814,26,8336395
16269026,25,8336395
16270239,26,8336395
16271452,26,8336395
16272664,26,8336395
16273877,25,8336395
16275089,27,8336395
16276302,23,8336395
16277513,22,8336395
16278726,26,8336395
16279939,28,8336395
16281151,23,8336395
16282363,23,8336395
16283575,26,8336395
16284788,25,8336395
16286000,23,8336395
16287213,27,8339272
16288425,23,8339272
16289638,25,8339272
16290850,25,8339272
16292062,23,8339272
16293274,24,8339272
16294488,25,8339272
16295699,28,8339272
16296912,26,8339272
16298124,24,8331050
16299336,24,8331050
16300549,26,8331050
16301762,21,8331050
16302974,23,8331050
16304186,23,8331050
16305399,25,8331050
16306611,24,8331050
16307823,26,8331050
16309036,26,8331143
16310249,21,8328583
16311461,21,8328583
16312674,26,8328583
16313885,26,8328583
16315098,26,8328583
16316311,23,8328583
16317523,20,8328583
16318735,24,8328583
16319948,23,8328476
16321160,23,8341020
16322372,25,8341020
16323585,25,8341020
16324798,24,8341020
16326010,25,8341020
16327222,25,8341020
16328435,26,8341020
16329647,25,8341020
16330859,34,8341020
16339346,33,8341020
16340558,31,8330895
16341771,22,8330895
16342983,25,8330895
16344196,33,8330895
16345409,32,8330895
16346620,29,8330895
16347833,32,8330895
16349046,29,8330895
16350258,27,8330895
16351471,28,8330895
16352683,31,8335726
16353896,26,8335726
16355108,28,8335726
16356321,33,8335726
16357533,29,8335726
16358746,30,8335726
16359958,30,8335726
16361170,29,8335726
16362383,31,8335726
16363595,29,8331975
16364807,26,8331975
16366020,29,8331975
16367233,30,8331975
16368445,29,8331975
16369658,29,8331975
16370870,30,8331975
16372082,31,8331975
16373295,29,8331975
16374507,30,8337525
16375719,28,8337525
16376932,30,8337525
16378145,31,8337525
16379358,29,8337525
16380569,29,8337525
16381782,28,8337525
16382994,28,8337525
16384207,30,8337525
16385419,29,8333876
16386632,27,8333876
16387844,29,8333876
16389056,29,8333876
16390269,30,8333876
16391482,28,8333876
16392694,31,8333876
16393906,28,8333876
16395119,29,8333876
16396332,32,8334801
16397544,26,8334801
16398756,29,8334801
16399968,29,8334801
16401181,28,8334801
16402394,31,8334801
16403606,29,8334801
16404818,29,8334801
16406032,30,8334801
16407244,28,8338758
16408456,23,8338758
16409668,30,8338758
16410881,32,8338758
16412093,31,8338758
16413306,28,8338758
16414518,29,8338758
16415731,31,8338758
16423005,22,8338758
16424218,30,8338758
16425430,32,8338758
16426643,26,8338758
16427856,27,8338758
16429067,29,8338244
16430280,23,8338244
16431493,28,8338244
16432705,31,8338244
16433918,29,8338244
16435130,29,8338244
16436342,29,8338244
16437554,31,8338244
16438767,30,8338244
16439979,29,8335624
16441192,23,8336703
16442405,28,8336703
16443617,27,8336703
16444830,23,8336703
16446042,26,8336703
16447255,24,8336703
16448467,19,8336703
16449680,22,8336703
16450893,25,8336703
16452105,23,8334904
16453318,22,8334904
16454530,22,8334904
16455743,22,8334904
16456955,24,8334904
16458167,23,8334904
16459381,27,8334904
16460593,22,8334904
16461805,25,8334904
16463017,25,8334904
16464230,25,8334904
16465443,26,8334904
16466655,26,8334904
16467868,23,8334904
16469081,25,8334904
16470293,22,8334904
16471506,25,8334904
16472718,24,8334904
16473930,25,8326836
16475143,22,8326836
16476355,27,8326836
16477568,27,8326836
16478780,21,8326836
16479993,23,8326836
16481205,26,8326836
16482418,27,8326836
16483630,24,8326836
16484843,25,8337679
16486055,24,8337679
16487268,26,8337679
16488480,24,8337679
16489692,27,8337679
16490904,25,8337679
16492117,25,8337679
16493329,23,8337679
16494542,27,8337679
16495754,21,8337717
16496967,21,8334133
16498180,23,8334133
16499392,32,8334133
16507879,40,8334133
16509092,28,8334133
16510305,34,8334133
16511517,30,8334133
16512730,31,8334133
16513942,28,8334133
16515154,26,8334133
16516367,29,8336292
16517580,24,8336292
16518792,29,8336292
16520005,27,8336292
16521217,28,8336292
16522429,29,8336292
16523643,30,8336292
16524855,31,8336292
16526067,28,8336292
16527279,32,8336137
16528493,24,8336137
16529704,26,8336137
16530917,31,8336137
16532130,31,8336137
16533342,30,8336137
16534555,32,8336137
16535767,27,8336137
16536979,30,8336137
16538192,31,8336137
16539405,29,8336908
16540617,23,8336908
16541829,28,8336908
16543042,30,8336908
16544255,31,8336908
16545467,28,8336908
16546679,29,8336908
16547891,30,8336908
16549104,30,8336908
16550317,31,8332746
16551529,24,8332746
16552741,33,8332746
16553954,32,8332746
16555166,29,8332746
16556379,28,8332746
16557591,29,8332746
16558803,30,8332746
16560016,30,8332746
16561229,30,8334647
16562441,26,8334647
16563653,31,8334647
16564865,29,8334647
16566078,28,8334647
16567290,31,8334647
16568503,31,8334647
16569715,30,8334647
16570928,32,8334647
16572140,31,8334904
16573353,23,8334904
16574565,30,8334904
16575778,29,8334904
16576990,30,8334904
16578202,31,8334904
16579415,30,8334904
16580627,29,8334904
16581840,29,8334904
16583052,29,8336086
16584265,32,8336086
16592752,28,8336086
16593965,29,8337679
16595177,24,8337679
16596390,32,8337679
16597602,29,8337679
16598815,29,8337679
16600027,31,8337679
16601240,30,8337679
16602452,26,8337679
16603665,27,8337679
16604877,31,8334287
16606089,29,8334287
16607302,31,8334287
16608515,29,8334287
16609727,29,8334287
16610939,30,8334287
16612152,29,8334287
16613365,29,8334287
16614578,30,8334287
16615790,28,8334904
16617002,24,8334904
16618214,29,8334904
16619427,30,8334904
16620640,28,8334904
16621852,29,8334904
16623064,27,8334904
16624277,29,8334904
16625490,29,8334904
16626702,33,8336600
16627915,27,8333106
16629127,23,8333106
16630339,22,8333106
16631552,24,8333106
16632764,24,8333106
16633977,24,8333106
16635190,20,8333106
16636403,28,8333106
16637615,24,8333106
16638827,25,8333054
16640040,25,8333054
16641253,23,8333054
16642465,23,8333054
16643678,20,8333054
16644890,25,8333054
16646103,25,8333054
16647315,23,8333054
16648528,23,8333054
16649740,26,8333054
16650952,19,8333054
16652165,22,8333054
16653378,24,8333054
16654590,23,8333054
16655802,24,8333054
16657015,23,8333054
16658228,23,8333054
16659440,27,8333054
16660652,27,8334698
16661865,24,8334698
16663078,23,8334698
16664291,24,8334698
16665503,23,8334698
16666715,26,8334698
16667928,25,8334698
16669140,31,8334698
16677627,25,8334698
16678840,33,8334698
16680052,31,8334698
16681266,31,8340763
16682478,24,8340843
16683690,24,8334955
16684902,26,8334955
16686115,22,8334955
16687327,22,8334955
16688540,26,8334955
16689753,26,8334955
16690965,22,8334955
16692177,24,8334955
16693390,25,8334898
16694603,26,8333106
16695815,25,8333106
16697027,23,8333106
16698240,26,8333106
16699452,23,8333106
16700665,23,8333106
16701878,27,8333106
16703090,29,8333106
16704302,27,8333106
16705515,23,8333106
16706728,29,8333106
16707940,29,8333106
16709153,27,8333106
16710366,29,8333106
16711579,29,8333106
16712790,29,8333106
16714003,29,8331512
16715215,27,8331512
16716428,26,8331512
16717640,28,8331512
16718853,30,8331512
16720065,31,8331512
16721277,31,8331512
16722490,28,8331512
16723702,29,8331512
16724915,28,8331512
16726127,30,8337011
16727340,25,8337011
16728552,31,8337011
16729765,31,8337011
16730977,30,8337011
16732190,29,8337011
16733402,29,8337011
16734615,30,8337011
16735827,28,8337011
16737039,31,8333619
16738251,21,8333619
16739465,28,8333619
16740676,30,8333619
16741889,29,8333619
16743102,30,8333619
16744314,31,8333619
16745526,32,8333619
16746739,32,8333619
16747952,30,8334698
16749164,24,8334698
16750377,29,8334698
16751590,29,8334698
16752802,31,8334698
16754014,32,8334698
16761290,26,8334698
16762502,29,8334698
16763715,28,8334698
16764927,29,8334698
16766139,29,8334698
16767352,29,8334698
16768564,31,8334698
16769777,30,8332489
16770990,25,8332489
16772203,30,8332489
16773415,30,8332489
16774627,31,8332489
16775840,30,8332489
16777053,30,8332489
16778265,34,8332489
16779478,29,8332489
16780690,31,8335675
16781903,26,8335675
16783115,31,8335675
16784328,26,8335675
16785540,32,8335675
16786752,28,8335675
16787966,31,8335675
16789178,29,8335675
16790390,31,8335675
16791603,31,8338039
16792815,25,8338039
16794028,31,8338039
16795241,30,8338039
16796453,28,8338039
16797666,27,8338039
16798878,28,8338039
16800090,31,8338039
16801303,29,8338039
16802515,29,8334339
16803727,26,8334339
16804939,28,8334339
16806152,25,8334339
16807364,32,8334339
16808578,29,8334339
16809790,29,8334339
16811002,31,8334339
16812215,30,8334339
16813427,31,8332180
16814639,24,8334030
16815852,26,8334030
16817064,23,8334030
16818276,25,8334030
16819489,19,8334030
16820701,26,8334030
16821914,27,8334030
16823126,27,8334030
16824339,25,8334030
16825552,25,8334236
16826763,24,8334236
16827976,22,8334236
16829188,22,8334236
16830402,24,8334236
16831613,25,8334236
16832826,27,8334236
16834038,26,8334236
16835250,27,8334236
16836464,20,8333568
16837675,30,8333568
16844950,35,8333568
16846163,42,8333568
16847375,25,8333568
16848587,31,8333568
16849800,27,8333568
16851013,23,8333568
16852225,25,8333568
16853437,29,8333568
16854650,25,8333568
16855863,25,8333568
16857075,24,8333568
16858287,23,8330741
16859500,25,8330741
16860712,25,8330741
16861926,22,8330741
16863138,27,8330741
16864350,22,8330741
16865563,23,8330741
16866775,25,8330741
16867988,23,8330741
16869200,25,8330539
16870413,25,8331563
16871626,24,8331563
16872838,29,8331563
16874050,24,8331563
16875262,24,8331563
16876476,20,8331563
16877687,24,8331563
16878900,27,8331563
16880113,29,8331734
16881325,25,8336086
16882537,26,8336086
16883750,24,8336086
16884962,27,8336086
16886174,22,8336086
16887387,25,8336086
16888599,23,8336086
16889813,26,8336086
16891024,24,8336086
16892237,24,8336086
16893450,29,8336086
16894662,30,8336086
16895874,32,8336086
16897086,33,8336086
16898300,29,8336086
16899512,30,8336086
16900724,33,8336497
16901937,24,8336497
16903149,21,8336497
16904361,33,8336497
16905574,33,8336497
16906786,28,8336497
16907998,28,8336497
16909211,29,8336497
16910424,29,8336497
16911636,29,8336497
16912849,29,8332540
16914061,27,8332540
16915274,29,8332540
16916486,28,8332540
16917699,29,8332540
16918911,30,8332540
16920123,31,8332540
16921336,30,8332540
16929823,31,8332540
16931035,32,8332540
16932248,29,8332540
16933461,28,8332540
16934672,27,8335264
16935886,28,8335264
16937098,29,8335264
16938310,28,8335264
16939523,28,8335264
16940735,33,8335264
16941947,30,8335264
16943160,29,8335264
16944372,32,8335264
16945586,29,8338501
16946798,23,8338501
16948010,30,8338501
16949222,30,8338501
16950435,34,8338501
16951648,30,8338501
16952860,29,8338501
16954072,28,8338501
16955285,28,8338501
16956498,27,8336600
16957710,25,8336600
16958922,30,8336600
16960135,33,8336600
16961347,29,8336600
16962559,29,8336600
16963773,28,8336600
16964984,32,8336600
16966197,31,8336600
16967410,30,8337319
16968622,25,8337319
16969835,30,8337319
16971047,30,8337319
16972260,30,8337319
16973472,28,8337319
16974685,31,8337319
16975897,28,8337319
16977110,31,8337319
16978322,31,8337217
16979535,25,8337217
16980747,29,8337217
16981959,31,8337217
16983172,31,8337217
16984385,32,8337217
16985597,29,8337217
16986810,29,8337217
16988022,28,8337217
16989234,28,8334133
16990447,24,8334133
16991659,27,8334133
16992871,32,8334133
16994084,31,8334133
16995297,26,8334133
16996509,30,8334133
16997722,31,8334133
16998934,30,8334133
17000147,28,8330433
17001359,23,8337679
17002571,27,8337679
17003784,23,8337679
17004996,26,8337679
17006209,27,8337679
17014696,33,8337679
17015909,31,8337679
17017121,30,8337679
17018333,29,8337679
17019545,30,8337679
17020758,31,8337679
17021970,31,8332848
17023183,25,8340094
17024395,27,8340094
17025608,23,8340094
17026821,23,8340094
17028032,27,8340094
17029245,26,8340094
17030457,20,8340094
17031670,23,8340094
17032883,26,8340094
17034095,25,8334698
17035307,25,8334698
17036519,22,8334698
17037732,23,8334698
17038944,25,8334698
17040157,23,8334698
17041369,22,8334698
17042582,22,8334698
17043794,25,8334698
17045007,23,8333003
17046219,26,8333003
17047432,27,8333003
17048644,29,8333003
17049857,27,8333003
17051070,23,8333003
17052282,21,8333003
17053495,23,8333003
17054707,21,8333003
17055920,26,8332958
17057132,26,8334750
17058344,25,8334750
17059557,28,8334750
17060769,21,8334750
17061982,21,8334750
17063195,23,8334750
17064407,26,8334750
17065619,27,8334750
17066831,22,8334663
17068044,24,8339015
17069256,25,8339015
17070469,24,8339015
17071682,25,8339015
17072894,26,8339015
17074106,25,8339015
17075319,23,8339015
17076531,24,8339015
17077744,27,8339015
17078956,23,8339015
17080169,29,8339015
17081382,30,8339015
17082594,30,8339015
17083806,31,8339015
17085019,33,8339015
17086232,31,8339015
17087444,31,8339478
17088656,26,8339478
17089869,25,8339478
17091081,27,8339478
17098355,33,8339478
17099568,31,8340660
17100781,24,8340660
17101993,29,8340660
17103205,32,8340660
17104418,29,8340660
17105630,31,8340660
17106843,31,8340660
17108055,29,8340660
17109268,29,8340660
17110480,27,8334955
17111692,25,8334955
17112904,31,8334955
17114117,34,8334955
17115329,34,8334955
17116543,28,8334955
17117754,32,8334955
17118967,31,8334955
17120179,27,8334955
17121392,27,8338604
17122604,26,8338604
17123817,26,8338604
17125030,30,8338604
17126242,31,8338604
17127454,31,8338604
17128667,32,8338604
17129879,28,8338604
17131092,32,8338604
17132304,30,8333106
17133516,24,8333106
17134728,27,8333106
17135942,32,8333106
17137154,30,8333106
17138366,31,8333106
17139578,31,8333106
17140791,27,8333106
17142003,30,8333106
17143215,29,8335829
17144429,24,8335829
17145640,31,8335829
17146853,28,8335829
17148066,31,8335829
17149279,29,8335829
17150491,25,8335829
17151703,31,8335829
17152915,32,8335829
17154127,29,8337782
17155340,25,8337782
17156552,31,8337782
17157764,29,8337782
17158977,32,8337782
17160190,28,8337782
17161403,30,8337782
17162614,29,8337782
17163827,29,8337782
17165039,28,8332283
17166251,25,8332283
17167464,29,8332283
17168676,29,8332283
17169889,28,8332283
17171101,27,8332283
17172313,33,8332283
17173526,32,8332283
17174738,34,8332283
17182012,21,8332283
17183225,32,8332283
17184437,39,8332283
17185650,34,8332283
17186862,26,8332232
17188075,32,8334184
17189286,22,8334184
17190499,22,8334184
17191711,19,8334184
17192924,25,8334184
17194136,27,8334184
17195348,27,8334184
17196562,25,8334184
17197774,24,8334184
17198986,25,8335315
17200198,25,8335315
17201411,24,8335315
17202623,26,8335315
17203835,24,8335315
17205048,26,8335315
17206261,22,8335315
17207473,22,8335315
17208686,25,8335315
17209899,25,8327709
17211110,25,8327709
17212323,20,8327709
17213536,25,8327709
17214747,21,8327709
17215960,17,8327709
17217172,37,8327709
17218385,35,8327709
17219597,36,8327709
17220810,23,8333979
17222022,24,8333979
17223234,20,8333979
17224447,22,8333979
17225659,39,8333979
17226871,37,8333979
17228083,19,8333979
17229297,21,8333979
17230508,27,8333979
17231721,26,8333928
17232934,29,8333928
17234146,32,8333928
17235358,37,8333928
17236571,30,8333928
17237783,17,8333928
17238995,19,8333928
17240208,28,8333928
17241421,19,8333928
17242634,28,8333940
17243845,27,8337268
17245058,29,8337268
17246270,29,8337268
17247482,23,8337268
17248695,29,8337268
17249907,27,8337268
17251120,20,8337268
17252333,17,8337268
17253545,36,8337275
17254757,35,8339067
17255969,33,8339067
17257182,18,8339067
17258394,31,8339067
17266881,28,8339067
17268093,32,8339067
17269306,30,8339067
17270518,37,8339067
17271731,34,8339067
17272943,31,8339067
17274156,33,8335521
17275369,27,8335521
17276581,26,8335521
17277793,32,8335521
17279006,29,8335521
17280219,25,8335521
17281431,40,8335521
17282643,37,8335521
17283855,33,8335521
17285068,30,8335521
17286281,26,8337833
17287493,25,8337833
17288706,22,8337833
17289918,29,8337833
17291131,35,8337833
17292343,33,8337833
17293555,32,8337833
17294767,28,8337833
17295980,41,8337833
17297193,24,8335521
17298405,25,8335521
17299617,65,8335521
17300830,36,8335521
17302042,25,8335521
17303255,34,8335521
17304467,29,8335521
17305679,33,8335521
17306892,33,8335521
17308105,30,8336086
17309317,22,8336086
17310529,31,8336086
17311742,37,8336086
17312954,37,8336086
17314167,32,8336086
17315379,29,8336086
17316591,29,8336086
17317804,29,8336086
17319017,24,8337525
17320229,25,8337525
17321441,37,8337525
17322654,38,8337525
17323866,36,8337525
17325078,28,8337525
17326290,27,8337525
17327503,27,8337525
17328715,29,8337525
17329928,28,8337422
17331140,78,8337422
17332353,34,8337422
17333566,22,8337422
17334778,37,8337422
17335990,22,8337422
17337202,35,8337422
17338415,38,8337422
17339627,33,8337422
17340840,33,8337679
17342052,25,8337679
17343264,31,8337679
17351751,25,8337165
17352964,29,8337165
17354177,33,8337165
17355389,33,8337165
17356602,28,8337165
17357814,29,8337165
17359026,29,8337165
17360238,35,8337165
17361451,30,8337165
17362663,29,8336549
17363876,26,8336549
17365088,32,8336549
17366301,28,8336549
17367513,31,8336549
17368726,28,8336549
17369938,32,8336549
17371151,33,8336549
17372363,33,8336549
17373575,31,8332951
17374788,25,8336805
17376000,23,8336805
17377212,20,8336805
17378425,25,8336805
17379637,25,8336805
17380850,24,8336805
17382062,24,8336805
17383275,23,8336805
17384487,21,8336805
17385699,27,8330073
17386912,28,8330073
17388125,26,8330073
17389337,26,8330073
17390549,28,8330073
17391762,25,8330073
17392974,25,8330073
17394186,22,8330073
17395399,27,8330073
17396611,24,8327864
17397823,25,8327864
17399036,24,8327864
17400249,27,8327864
17401461,21,8327864
17402674,23,8327864
17403886,25,8327864
17405098,21,8327864
17406311,22,8327864
17407523,22,8335932
17408735,26,8335932
17409948,27,8335932
17411160,23,8335932
17412373,24,8335932
17413586,24,8335932
17414798,25,8335932
17416010,25,8335932
17417223,25,8335932
17418436,27,8334390
17419648,26,8334390
17420860,26,8334390
17422073,24,8334390
17423285,22,8334390
17424498,21,8334390
17425710,24,8334390
17426923,21,8334390
17428135,31,8334390
17436622,27,8334390
17437835,33,8334390
17439047,31,8336086
17440260,25,8336043
17441472,23,8338347
17442684,25,8338347
17443898,16,8338347
17445110,22,8338347
17446322,20,8338347
17447534,27,8338347
17448747,27,8338347
17449960,27,8338347
17451172,22,8338347
17452384,26,8338347
17453597,27,8338347
17454809,29,8338347
17456022,28,8338347
17457235,31,8338347
17458446,33,8338347
17459659,34,8338347
17460871,28,8342510
17462084,24,8342510
17463296,22,8342510
17464508,27,8342510
17465722,29,8342510
17466933,31,8342510
17468146,30,8342510
17469358,31,8342510
17470570,31,8342510
17471783,28,8342510
17472995,29,8333208
17474207,22,8333208
17475420,28,8333208
17476633,31,8333208
17477846,32,8333208
17479058,32,8333208
17480270,32,8333208
17481482,31,8333208
17482695,29,8333208
17483907,28,8333003
17485120,23,8333003
17486333,29,8333003
17487545,30,8333003
17488757,30,8333003
17489970,31,8333003
17491183,29,8333003
17492395,30,8333003
17493607,30,8333003
17494819,29,8331718
17496032,28,8331718
17497245,31,8331718
17498457,28,8331718
17499669,29,8331718
17500881,30,8331718
17502094,28,8331718
17503306,28,8331718
17504519,30,8331718
17505731,31,8338707
17506944,26,8338707
17508156,29,8338707
17509369,28,8338707
17510581,29,8338707
17511794,29,8338707
17513006,32,8338707
17520281,26,8338707
17521493,30,8338707
17522706,28,8338707
17523917,27,8338707
17525131,32,8338707
17526343,29,8338707
17527555,30,8337679
17528767,25,8337679
17529980,30,8337679
17531192,28,8337679
17532405,26,8337679
17533617,29,8337679
17534830,33,8337679
17536042,31,8337679
17537255,31,8337679
17538467,30,8334390
17539679,24,8334390
17540891,29,8334390
17542105,31,8334390
17543316,32,8334390
17544529,28,8334390
17545742,32,8334390
17546954,30,8334390
17548166,32,8334390
17549379,27,8337268
17550591,24,8337268
17551803,30,8337268
17553017,30,8337268
17554228,32,8337268
17555441,33,8337268
17556654,32,8337268
17557866,27,8337268
17559078,27,8337268
17560290,29,8332900
17561503,20,8334852
17562715,22,8334852
17563928,27,8334852
17565140,25,8334852
17566352,18,8334852
17567565,24,8334852
17568778,21,8334852
17569989,20,8334852
17571203,22,8334852
17572415,24,8325653
17573627,23,8325653
17574840,21,8325653
17576052,26,8325653
17577265,24,8325653
17578477,21,8325653
17579689,23,8325653
17580901,25,8325653
17582113,23,8325653
17583326,24,8336497
17584538,25,8336497
17585751,24,8336497
17586963,24,8336497
17588175,21,8336497
17589388,28,8336497
17590600,25,8336497
17591813,23,8336497
17593026,22,8336497
17594237,26,8335366
17595451,23,8335366
17596662,29,8335366
17603937,37,8335366
17605150,35,8335366
17606362,27,8335366
17607574,31,8335366
17608787,29,8335366
17609999,30,8335366
17611212,30,8335366
17612424,28,8335366
17613637,26,8335366
17614850,31,8335161
17616062,24,8335282
17617274,23,8340146
17618487,22,8340146
17619699,23,8340146
17620912,26,8340146
17622125,24,8340146
17623337,21,8340146
17624549,25,8340146
17625761,32,8340146
17626974,26,8340090
17628187,21,8338810
17629399,22,8338810
17630611,23,8338810
17631824,23,8338810
17633036,27,8338810
17634249,26,8338810
17635461,21,8338810
17636674,25,8338810
17637886,25,8338810
17639099,24,8338810
17640311,29,8338810
17641523,31,8338810
17642736,32,8338810
17643948,28,8338810
17645161,28,8338810
17646373,31,8338810
17647586,31,8335983
17648798,24,8335983
17650010,23,8335983
17651223,29,8335983
17652435,31,8335983
17653648,33,8335983
17654860,34,8335983
17656074,30,8335983
17657285,32,8335983
17658498,28,8335983
17659710,29,8334596
17660923,24,8334596
17662136,30,8334596
17663347,30,8334596
17664561,29,8334596
17665772,29,8334596
17666985,28,8334596
17668198,29,8334596
17669411,26,8334596
17670623,28,8335315
17671835,26,8335315
17673047,30,8335315
17674259,33,8335315
17675472,31,8335315
17676685,32,8335315
17677897,29,8335315
17679109,29,8335315
17680322,36,8335315
17688808,32,8335315
17690021,29,8335315
17691233,28,8335315
17692446,31,8336189
17693658,29,8336189
17694870,31,8336189
17696083,32,8336189
17697296,31,8336189
17698508,29,8336189
17699721,31,8336189
17700933,31,8336189
17702145,28,8336189
17703358,36,8335212
17704570,30,8335212
17705782,29,8335212
17706995,30,8335212
17708208,32,8335212
17709421,30,8335212
17710632,30,8335212
17711846,31,8335212
17713058,29,8335212
17714270,31,8335315
17715482,25,8335315
17716695,31,8335315
17717907,31,8335315
17719119,28,8335315
17720332,28,8335315
17721544,29,8335315
17722757,27,8335315
17723970,31,8335315
17725182,32,8334082
17726394,29,8334082
17727607,27,8334082
17728819,27,8334082
17730031,31,8334082
17731244,30,8334082
17732456,29,8334082
17733668,28,8334082
17734881,29,8334082
17736094,30,8338244
17737306,22,8338244
17738518,27,8338244
17739731,29,8338244
17740943,30,8338244
17742156,30,8338244
17743368,30,8338244
17744581,31,8338244
17745794,28,8338244
17747006,31,8333722
17748218,22,8336035
17749431,25,8336035
17750643,27,8336035
17751856,23,8336035
17753068,25,8336035
17754280,27,8336035
17755492,22,8336035
17756705,24,8336035
17757918,27,8336035
17759130,23,8333722
17760342,21,8333722
17761556,25,8333722
17762767,23,8333722
17763980,24,8333722
17765193,27,8333722
17773681,30,8333722
17774893,31,8333722
17776106,28,8333722
17777318,31,8333722
17778530,30,8333722
17779743,33,8329200
17780956,23,8334390
17782168,22,8334390
17783381,24,8334390
17784593,27,8334390
17785806,23,8334390
17787017,24,8334390
17788231,23,8334390
17789443,28,8334390
17790655,27,8334390
17791868,25,8331975
17793080,24,8331975
17794293,22,8331975
17795505,18,8331975
17796718,24,8331975
17797930,26,8331975
17799142,22,8331975
17800355,22,8331975
17801567,25,8331975
17802779,23,8332015
17803992,22,8328943
17805204,25,8328943
17806416,22,8328943
17807629,25,8328943
17808841,24,8328943
17810054,23,8328943
17811267,23,8328943
17812478,22,8328943
17813692,28,8328747
17814904,27,8331307
17816117,24,8331307
17817329,24,8331307
17818541,28,8331307
17819754,25,8331307
17820966,23,8331307
17822178,25,8331307
17823390,28,8331307
17824603,27,8331307
17825815,23,8331307
17827028,29,8331307
17828241,29,8331307
17829453,29,8331307
17830665,31,8331307
17831878,31,8331307
17833090,30,8331307
17834302,28,8329559
17835515,23,8329559
17836727,28,8329559
17837940,30,8329559
17839153,27,8329559
17840364,31,8329559
17841579,32,8329559
17842789,29,8329559
17844002,31,8329559
17845214,27,8329559
17846427,29,8336395
17847639,25,8336395
17848851,32,8336395
17850064,33,8340249
17857338,26,8340249
17858552,28,8340249
17859763,29,8340249
17860976,30,8340249
17862188,28,8340249
17863401,26,8340249
17864614,31,8340249
17865826,27,8340249
17867038,29,8340249
17868251,29,8334852
17869463,24,8334852
17870675,29,8334852
17871888,26,8334852
17873101,28,8334852
17874313,27,8334852
17875525,28,8334852
17876738,32,8334852
17877950,31,8334852
17879162,30,8330279
17880375,26,8330279
17881587,30,8330279
17882800,29,8330279
17884013,29,8330279
17885225,30,8330279
17886438,32,8330279
17887650,31,8330279
17888862,30,8330279
17890074,28,8332283
17891288,24,8332283
17892499,30,8332283
17893712,31,8332283
17894924,29,8332283
17896137,32,8332283
17897350,33,8332283
17898563,28,8332283
17899775,29,8332283
17900987,30,8336446
17902200,28,8336446
17903412,28,8336446
17904625,29,8336446
17905837,30,8336446
17907050,30,8336446
17908262,29,8336446
17909475,28,8336446
17910687,29,8336446
17911899,27,8335675
17913112,25,8335675
17914325,29,8335675
17915537,31,8335675
17916749,30,8335675
17917961,30,8335675
17919175,29,8335675
17920386,32,8335675
17921599,31,8335675
17922811,30,8337165
17924024,22,8337165
17925237,30,8337165
17926449,30,8337165
17927662,31,8337165
17928874,29,8337165
17930086,31,8337165
17931300,28,8337165
17932511,31,8337165
17933724,33,8337165
17940999,24,8337165
17942212,28,8337165
17943424,29,8337165
17944636,30,8335058
17945849,24,8334287
17947061,23,8334287
17948274,26,8334287
17949486,23,8334287
17950699,26,8334287
17951912,26,8334287
17953124,25,8334287
17954336,21,8334287
17955549,28,8334287
17956762,22,8337268
17957974,24,8337268
17959187,22,8337268
17960399,25,8337268
17961611,21,8337268
17962824,24,8337268
17964037,23,8337268
17965249,26,8337268
17966461,20,8337268
17967674,26,8336600
17968887,25,8336600
17970098,23,8336600
17971312,26,8336600
17972524,22,8336600
17973737,25,8336600
17974949,21,8336600
17976161,23,8336600
17977373,23,8336600
17978586,22,8340454
17979799,24,8340454
17981011,24,8340454
17982223,23,8340454
17983436,29,8340454
17984649,25,8340454
17985861,24,8340454
17987074,27,8340454
17988286,21,8340454
17989498,25,8340225
17990711,26,8333825
17991923,24,8333825
17993136,25,8333825
17994349,24,8333825
17995561,23,8333825
17996774,20,8333825
17997986,24,8333825
17999198,23,8333825
18000410,24,8333835
18001623,24,8336651
18002835,23,8336651
18004048,29,8336651
18005260,26,8336651
18006473,23,8336651
18007686,23,8336651
18008898,23,8336651
18010111,22,8336651
18011323,21,8336651
18012535,27,8336651
18013748,30,8336651
18014960,30,8336651
18016173,29,8336651
18017385,31,8336651
18025872,29,8336651
18027085,26,8336651
18028298,32,8336651
18029510,31,8336651
18030722,28,8336651
18031935,29,8336651
18033147,28,8335778
18034360,25,8335778
18035572,28,8335778
18036785,30,8335778
18037997,31,8335778
18039209,29,8335778
18040421,28,8335778
18041634,30,8335778
18042847,30,8335778
18044059,28,8335829
18045271,26,8335829
18046484,28,8335829
18047696,30,8335829
18048909,29,8335829
18050122,33,8335829
18051334,28,8335829
18052547,30,8335829
18053759,28,8335829
18054971,29,8334647
18056184,24,8334647
18057397,28,8334647
18058608,29,8334647
18059822,30,8334647
18061033,32,8334647
18062247,32,8334647
18063459,27,8334647
18064671,29,8334647
18065883,30,8332900
18067096,25,8332900
18068309,28,8332900
18069521,29,8332900
18070734,29,8332900
18071946,27,8332900
18073158,30,8332900
18074371,31,8332900
18075583,29,8332900
18076796,29,8332591
18078008,24,8332591
18079221,27,8332591
18080433,30,8332591
18081645,27,8332591
18082858,28,8332591
18084070,26,8332591
18085282,31,8332591
18086495,30,8332591
18087707,30,8335932
18088920,26,8335932
18090132,32,8335932
18091344,31,8335932
18092557,30,8335932
18093769,28,8335932
18094982,32,8335932
18096194,29,8335932
18097406,30,8335932
18098619,30,8332180
18099831,25,8332180
18101043,31,8332180
18102256,28,8334750
18110742,32,8334750
18111955,30,8334750
18113167,30,8334750
18114380,29,8334750
18115592,28,8334750
18116805,29,8334750
18118017,29,8334750
18119229,30,8334750
18120441,31,8338347
18121654,24,8330844
18122867,27,8330844
18124079,27,8330844
18125292,22,8330844
18126503,21,8330844
18127716,24,8330844
18128929,26,8330844
18130141,22,8330844
18131354,24,8330844
18132566,26,8332077
18133778,23,8332077
18134990,26,8332077
18136203,26,8332077
18137415,24,8332077
18138628,27,8332077
18139841,23,8332077
18141053,28,8332077
18142265,24,8332077
18143477,22,8332077
18144690,29,8332077
18145903,26,8332077
18147115,26,8332077
18148327,23,8332077
18149541,25,8332077
18150753,24,8332077
18151965,27,8332077
18153178,21,8332077
18154390,29,8338450
18155602,27,8338450
18156815,28,8338450
18158027,25,8338450
18159240,23,8338450
18160452,21,8338450
18161665,27,8338450
18162878,27,8338450
18164090,23,8338450
18165303,22,8338142
18166514,24,8338142
18167727,25,8338142
18168941,26,8338142
18170153,23,8338142
18171365,24,8338142
18172578,25,8338142
18173790,20,8338142
18175003,25,8338142
18176215,24,8338056
18177428,28,8342664
18178641,24,8342664
18179853,26,8342664
18181066,23,8342664
18182278,23,8342664
18183491,21,8342664
18184703,24,8342664
18185915,27,8342664
18187128,31,8342664
18195616,27,8342664
18196828,29,8335521
18198041,27,8335521
18199254,24,8335521
18200466,29,8335521
18201678,29,8335521
18202891,31,8335521
18204103,29,8335521
18205316,29,8335521
18206528,30,8335521
18207741,32,8334801
18208953,23,8334801
18210166,24,8334801
18211379,28,8334801
18212591,31,8334801
18213803,32,8334801
18215015,31,8334801
18216228,33,8334801
18217440,29,8334801
18218654,33,8334801
18219866,35,8337936
18221078,26,8337936
18222290,30,8337936
18223503,28,8337936
18224715,28,8337936
18225929,29,8337936
18227141,61,8337936
18228353,120,8337936
18229565,42,8337936
18230778,15,8334442
18231991,39,8334442
18233203,51,8334442
18234415,20,8334442
18235627,47,8334442
18236840,40,8334442
18238052,29,8334442
18239265,25,8334442
18240478,38,8334442
18241690,27,8334647
18242903,33,8334647
18244115,37,8334647
18245328,46,8334647
18246541,23,8334647
18247753,51,8334647
18248966,38,8334647
18250178,34,8334647
18251390,39,8334647
18252602,34,8336857
18253815,28,8336857
18255028,34,8336857
18256240,36,8336857
18257452,40,8336857
18258665,29,8336857
18259878,29,8336857
18261090,23,8336857
18262302,27,8336857
18263515,34,8335212
18264727,44,8335212
18265940,30,8335212
18267153,41,8335212
18268366,44,8335212
18269579,26,8335212
18270790,29,8335212
18272003,31,8335212
18279277,50,8335212
18280490,47,8335212
18281703,27,8335212
18282915,55,8335212
18284128,38,8335212
18285340,30,8334236
18286553,27,8334236
18287766,31,8334236
18288978,29,8334236
18290190,29,8334236
18291403,42,8334236
18292615,37,8334236
18293828,34,8334236
18295040,32,8334236
18296253,29,8338810
18297465,22,8338810
18298678,32,8338810
18299890,28,8338810
18301102,16,8338810
18302315,28,8338810
18303528,38,8338810
18304740,36,8338810
18305952,33,8338810
18307165,32,8336446
18308377,13,8335315
18309590,34,8335315
18310802,65,8335315
18312015,38,8335315
18313227,20,8335315
18314440,26,8335315
18315652,27,8335315
18316865,25,8335315
18318078,34,8335315
18319289,43,8334082
18320503,37,8334082
18321714,22,8334082
18322927,18,8334082
18324140,27,8334082
18325352,32,8334082
18326565,32,8334082
18327777,23,8334082
18328989,28,8334082
18330202,29,8336189
18331414,28,8336189
18332627,27,8336189
18333839,22,8336189
18335052,15,8336189
18336265,28,8336189
18337477,20,8336189
18338689,30,8336189
18339902,29,8336189
18341114,29,8333003
18342326,24,8333003
18343539,28,8333003
18344751,20,8333003
18345963,24,8333003
18347176,23,8333003
18348389,24,8333003
18349601,26,8333003
18350814,27,8333003
18352026,24,8333054
18353238,30,8333054
18354451,21,8333054
18355664,31,8333054
18362939,37,8333054
18364151,34,8333054
18365364,28,8333054
18366575,29,8333054
18367789,30,8333054
18369001,31,8333054
18370214,32,8333054
18371427,31,8333054
18372639,30,8337063
18373851,25,8336961
18375064,24,8337217
18376276,22,8337217
18377489,20,8337217
18378701,22,8337217
18379914,23,8337217
18381127,26,8337217
18382339,24,8337217
18383551,24,8337217
18384763,21,8337217
18385977,23,8337217
18387189,29,8337217
18388402,31,8337217
18389614,29,8337217
18390826,29,8337217
18392038,31,8337217
18393252,30,8337217
18394464,26,8339838
18395676,26,8339838
18396889,29,8339838
18398101,31,8339838
18399314,27,8339838
18400526,33,8339838
18401738,33,8339838
18402950,28,8339838
18404163,27,8339838
18405376,30,8339838
18406588,29,8337422
18407801,24,8337422
18409013,30,8337422
18410226,29,8337422
18411438,35,8337422
18412651,29,8337422
18413863,30,8337422
18415075,31,8337422
18416288,28,8337422
18417501,29,8333671
18418713,27,8333671
18419926,29,8333671
18421138,29,8333671
18422350,29,8333671
18423563,27,8333671
18424775,26,8333671
18425988,34,8333671
18427201,29,8333671
18428414,29,8331050
18429626,28,8331050
18430838,27,8331050
18432050,28,8331050
18433264,29,8331050
18434475,25,8331050
18435689,29,8331050
18436900,29,8331050
18438113,29,8331050
18439325,32,8331050
18447814,28,8331050
18449026,29,8331050
18450238,32,8335212
18451451,24,8335212
18452663,28,8335212
18453875,29,8335212
18455089,32,8335212
18456301,30,8335212
18457513,29,8335212
18458726,29,8335212
18459938,31,8335212
18461151,29,8336651
18462363,23,8336651
18463575,30,8336651
18464788,29,8336651
18466000,32,8336651
18467213,29,8336651
18468426,31,8336651
18469638,29,8336651
18470851,27,8336651
18472063,35,8335829
18473276,27,8335829
18474488,29,8335829
18475701,33,8335829
18476914,15,8335829
18478126,34,8335829
18479338,28,8335829
18480552,34,8335829
18481764,26,8335829
18482976,44,8336805
18484189,36,8336805
18485402,40,8336805
18486614,55,8336805
18487827,45,8336805
18489039,36,8336805
18490252,35,8336805
18491464,32,8336805
18492677,38,8336805
18493889,31,8332026
18495102,22,8334698
18496315,28,8334698
18497526,27,8334698
18498740,23,8334698
18499952,20,8334698
18501164,16,8334698
18502377,23,8334698
18503589,35,8334698
18504802,40,8334698
18506015,29,8335469
18507227,27,8335469
18508440,28,8335469
18509651,27,8335469
18510864,25,8335469
18512076,25,8335469
18513290,22,8335469
18514501,23,8335469
18515714,26,8335469
18516927,22,8332694
18518139,26,8332694
18519351,20,8332694
18520564,23,8332694
18521777,32,8332694
18522989,18,8332694
18524202,25,8332694
18532689,32,8332694
18533902,30,8332694
18535115,28,8332694
18536326,32,8332694
18537539,30,8337525
18538752,23,8336805
18539964,21,8336805
18541176,23,8336805
18542390,26,8336805
18543602,20,8336805
18544814,22,8336805
18546027,26,8336805
18547239,25,8336805
18548452,20,8336805
18549664,23,8336821
18550876,24,8340917
18552089,26,8340917
18553302,23,8340917
18554514,20,8340917
18555726,24,8340917
18556939,25,8340917
18558152,21,8340917
18559364,27,8340917
18560575,25,8340947
18561789,25,8335315
18563001,26,8335315
18564214,23,8335315
18565427,25,8335315
18566639,25,8335315
18567851,25,8335315
18569064,23,8335315
18570277,23,8335315
18571489,22,8335315
18572702,25,8335315
18573914,32,8335315
18575126,31,8335315
18576339,29,8335315
18577552,31,8335315
18578765,28,8335315
18579977,30,8335315
18581189,29,8337628
18582401,26,8337628
18583614,25,8337628
18584827,28,8337628
18586039,31,8337628
18587252,29,8337628
18588464,29,8337628
18589677,30,8337628
18590890,31,8337628
18592103,28,8337628
18593314,30,8337782
18594528,28,8337782
18595739,29,8337782
18596953,32,8337782
18598165,30,8337782
18599378,32,8337782
18600590,28,8337782
18601802,30,8337782
18603015,34,8337782
18604227,31,8331101
18605440,27,8331101
18606652,30,8331101
18607864,28,8331101
18609077,32,8336240
18616352,25,8336240
18617564,26,8336240
18618778,21,8336240
18619990,23,8336240
18621203,23,8336240
18622415,23,8336240
18623627,25,8336240
18624839,69,8336240
18626052,18,8336240
18627265,26,8336240
18628477,33,8336240
18629690,36,8336240
18630902,31,8336240
18632115,31,8336240
18633328,30,8336240
18634540,35,8336240
18635752,23,8336240
18636965,28,8334750
18638178,23,8334750
18639390,32,8334750
18640602,28,8334750
18641815,47,8334750
18643027,30,8334750
18644240,31,8334750
18645452,30,8334750
18646666,27,8334750
18647877,31,8337833
18649091,30,8337833
18650302,27,8337833
18651515,30,8337833
18652728,32,8337833
18653941,31,8337833
18655153,27,8337833
18656366,31,8337833
18657578,30,8337833
18658791,30,8331923
18660003,21,8331923
18661216,31,8331923
18662428,33,8331923
18663640,33,8331923
18664853,30,8331923
18666066,31,8331923
18667278,70,8331923
18668491,51,8331923
18669703,48,8332077
18670916,17,8332077
18672128,29,8332077
18673341,33,8332077
18674553,31,8332077
18675766,32,8332077
18676979,30,8332077
18678192,30,8332077
18679404,28,8332077
18680616,31,8335110
18681828,26,8336549
18683042,25,8336549
18684253,28,8336549
18685466,25,8336549
18686679,27,8336549
18687892,31,8336549
18689103,26,8336549
18690316,23,8336549
18691529,24,8336549
18692741,32,8336549
18700016,21,8336549
18701229,27,8336549
18702441,25,8337063
18703653,21,8336395
18704865,28,8336395
18706079,17,8336395
18707291,21,8336395
18708503,18,8336395
18709715,24,8336395
18710928,24,8336395
18712140,27,8336395
18713353,20,8336395
18714565,22,8328840
18715778,23,8328840
18716990,19,8328840
18718203,24,8328840
18719416,23,8328840
18720629,28,8328840
18721841,32,8328840
18723053,17,8328840
18724266,29,8328840
18725478,26,8328480
18726690,29,8328480
18727902,32,8328480
18729115,31,8328480
18730327,29,8328480
18731540,28,8328480
18732753,20,8328480
18733965,24,8328480
18735177,19,8328480
18736390,30,8328505
18737602,27,8335161
18738815,38,8335161
18740027,31,8335161
18741240,28,8335161
18742452,27,8335161
18743664,29,8335161
18744877,25,8335161
18746089,22,8335161
18747301,19,8335210
18748514,26,8334698
18749726,24,8334698
18750939,27,8334698
18752151,25,8334698
18753363,26,8334698
18754575,24,8334698
18755789,23,8334698
18757001,27,8334698
18758213,27,8334698
18759426,23,8334698
18760638,29,8334698
18761850,28,8334698
18763063,30,8334698
18764275,29,8334698
18765488,29,8334698
18766700,29,8334698
18767912,30,8343229
18769125,31,8343229
18770337,21,8343229
18771550,27,8343229
18772762,30,8343229
18773975,27,8343229
18775188,27,8343229
18776400,29,8343229
18784887,29,8343229
18786099,29,8343229
18787312,30,8343229
18788524,26,8343229
18789737,32,8343229
18790948,34,8334750
18792161,25,8334750
18793374,26,8334750
18794586,31,8334750
18795798,31,8334750
18797011,28,8334750
18798223,32,8334750
18799436,31,8334750
18800648,29,8334750
18801860,31,8332694
18803072,27,8332694
18804285,24,8332694
18805498,31,8332694
18806710,30,8332694
18807922,28,8332694
18809135,39,8332694
18810347,32,8332694
18811559,31,8332694
18812773,31,8334596
18813984,23,8334596
18815197,29,8334596
18816410,29,8334596
18817622,30,8334596
18818834,29,8334596
18820047,30,8334596
18821260,31,8334596
18822472,28,8334596
18823684,32,8333362
18824896,22,8333362
18826109,28,8333362
18827321,33,8333362
18828533,30,8333362
18829746,28,8333362
18830958,33,8333362
18832171,30,8333362
18833383,30,8333362
18834595,31,8336651
18835807,21,8336651
18837020,30,8336651
18838232,30,8336651
18839444,29,8336651
18840657,33,8336651
18841870,32,8336651
18843081,29,8336651
18844295,26,8336651
18845507,28,8332746
18846719,24,8332746
18847931,30,8332746
18849144,28,8332746
18850356,30,8332746
18851568,32,8332746
18852781,31,8332746
18853994,33,8332746
18855206,27,8332746
18856418,33,8336035
18857630,25,8336035
18858843,30,8336035
18860055,29,8336035
18861267,32,8336035
18869755,29,8336035
18870967,32,8336035
18872180,31,8336035
18873392,30,8336035
18874605,30,8336035
18875816,30,8336035
18877030,30,8336035
18878242,28,8336189
18879455,29,8331821
18880666,29,8331821
18881879,27,8331821
18883092,27,8331821
18884304,22,8331821
18885516,23,8331821
18886728,25,8331821
18887941,23,8331821
18889154,23,8331821
18890366,25,8332334
18891578,24,8332334
18892791,25,8332334
18894004,22,8332334
18895216,21,8332334
18896428,24,8332334
18897641,25,8332334
18898853,23,8332334
18900065,25,8332334
18901278,21,8335829
18902490,23,8335829
18903703,27,8335829
18904915,25,8335829
18906127,25,8335829
18907340,21,8335829
18908552,25,8335829
18909764,24,8335829
18910978,25,8335829
18912189,22,8330741
18913402,22,8330741
18914615,24,8330741
18915827,25,8330741
18917040,27,8330741
18918252,23,8330741
18919465,21,8330741
18920677,25,8330741
18921890,30,8330741
18923102,25,8330673
18924315,24,8339889
18925526,22,8339889
18926739,24,8339889
18927951,24,8339889
18929164,20,8339889
18930377,24,8339889
18931590,26,8339889
18932802,24,8339889
18934015,21,8339880
18935227,26,8337576
18936439,27,8337576
18937651,23,8337576
18938864,26,8337576
18940076,22,8337576
18941288,22,8337576
18942501,24,8337576
18943713,25,8337576
18944926,25,8337576
18946138,32,8337576
18954625,27,8330485
18955837,23,8330485
18957050,25,8330485
18958263,29,8330485
18959475,28,8330485
18960687,28,8330485
18961899,30,8330485
18963112,30,8330485
18964324,30,8330485
18965536,31,8330485
18966749,28,8335778
18967962,26,8335778
18969174,28,8335778
18970387,32,8335778
18971599,28,8335778
18972811,28,8335778
18974024,31,8335778
18975237,29,8335778
18976449,26,8335778
18977662,31,8333876
18978874,23,8333876
18980086,30,8333876
18981299,30,8333876
18982511,28,8333876
18983724,29,8333876
18984937,27,8333876
18986149,29,8333876
18987361,31,8333876
18988574,31,8335675
18989787,22,8335675
18990999,31,8335675
18992211,30,8335675
18993424,29,8335675
18994637,30,8335675
18995849,31,8335675
18997061,29,8335675
18998274,30,8335675
18999487,30,8333671
19000699,23,8333671
19001911,28,8333671
19003124,29,8333671
19004336,30,8333671
19005548,26,8333671
19006761,29,8333671
19007974,30,8333671
19009186,29,8333671
19010398,30,8334236
19011611,27,8334236
19012824,30,8334236
19014037,29,8334236
19015249,29,8334236
19016461,29,8334236
19017674,32,8334236
19018887,32,8334236
19020100,29,8334236
19021312,31,8337473
19022524,22,8337473
19023737,33,8337473
19024949,31,8337473
19026162,28,8337473
19027375,30,8337473
19028587,29,8337473
19029799,28,8337473
19031012,29,8337473
19038287,29,8337473
19039499,28,8337473
19040712,29,8337473
19041924,29,8337473
19043137,31,8335212
19044350,27,8335212
19045562,31,8335212
19046775,35,8335212
19047987,35,8335212
19049200,31,8335212
19050412,33,8335212
19051625,31,8335212
19052838,30,8335212
19054050,32,8334390
19055262,28,8337987
19056475,21,8337987
19057687,30,8337987
19058900,25,8337987
19060113,21,8337987
19061325,19,8337987
19062538,23,8337987
19063750,21,8337987
19064963,23,8337987
19066175,23,8335161
19067387,26,8335161
19068599,24,8335161
19069812,23,8335161
19071025,21,8335161
19072237,28,8335161
19073450,25,8335161
19074662,28,8335161
19075875,24,8335161
19077088,26,8325448
19078300,21,8325448
19079512,22,8325448
19080724,25,8325448
19081938,28,8325448
19083150,21,8325448
19084363,24,8325448
19085575,25,8325448
19086787,21,8325448
19087999,26,8335264
19089212,25,8335264
19090425,25,8335264
19091637,26,8335264
19092849,25,8335264
19094063,23,8335264
19095274,24,8335264
19096487,20,8335264
19097699,23,8335264
19098912,30,8338501
19100125,27,8338501
19101337,26,8338501
19102549,22,8338501
19103762,23,8338501
19104975,22,8338501
19106186,20,8338501
19107400,25,8338501
19108611,24,8338501
19109825,25,8338445
19111037,26,8337165
19112249,27,8337165
19113461,18,8337165
19114674,34,8337165
19121948,33,8337165
19123161,30,8337165
19124373,30,8337165
19125586,30,8337165
19126798,30,8337165
19128011,31,8337165
19129223,30,8337165
19130435,31,8335778
19131648,26,8335778
19132860,24,8335778
19134073,29,8335778
19135285,30,8335778
19136497,30,8335778
19137710,31,8335778
19138923,31,8335778
19140136,32,8335778
19141347,29,8339478
19142560,24,8339478
19143773,22,8339478
19144984,28,8339478
19146197,30,8339478
19147410,30,8339478
19148622,28,8339478
19149834,29,8339478
19151047,31,8339478
19152260,29,8339478
19153472,26,8339838
19154684,26,8339838
19155896,30,8339838
19157109,31,8339838
19158321,32,8339838
19159534,31,8339838
19160746,32,8339838
19161958,28,8339838
19163171,31,8339838
19164384,31,8332334
19165596,22,8332334
19166809,26,8332334
19168021,32,8332334
19169233,31,8332334
19170445,30,8332334
19171658,32,8332334
19172870,27,8332334
19174082,31,8332334
19175296,28,8336446
19176507,24,8336446
19177721,29,8336446
19178933,29,8336446
19180145,26,8336446
19181358,29,8336446
19182569,29,8336446
19183782,30,8336446
19184994,30,8336446
19186207,31,8336754
19187419,23,8336754
19188632,32,8336754
19189844,31,8336754
19191057,30,8336754
19192269,31,8336754
19193482,31,8336754
19194694,31,8336754
19195906,32,8336754
19197119,32,8333157
19198332,35,8333157
19206819,29,8333157
19208031,28,8340917
19209243,25,8340917
19210456,28,8340917
19211668,30,8340917
19212882,29,8340917
19214094,29,8340917
19215306,32,8340917
19216518,29,8340917
19217731,30,8340917
19218943,31,8334955
19220155,23,8334955
19221368,31,8334955
19222580,30,8334955
19223793,30,8334955
19225006,29,8334955
19226218,29,8334955
19227431,29,8334955
19228643,29,8334955
19229855,28,8337679
19231069,23,8337679
19232281,32,8337679
19233493,30,8337679
19234706,29,8337679
19235918,29,8337679
19237131,32,8337679
19238343,31,8337679
19239557,30,8337679
19240768,31,8337319
19241981,27,8337833
19243193,25,8337833
19244406,24,8337833
19245619,25,8337833
19246831,23,8337833
19248044,25,8337833
19249256,23,8337833
19250469,20,8337833
19251681,23,8337833
19252894,29,8335983
19254106,25,8335983
19255318,23,8335983
19256531,25,8335983
19257743,24,8335983
19258956,24,8335983
19260168,25,8335983
19261381,21,8335983
19262593,25,8335983
19263806,20,8342613
19265018,25,8342613
19266230,25,8342613
19267442,25,8342613
19268655,25,8342613
19269868,23,8342613
19271080,23,8342613
19272292,23,8342613
19273505,21,8342613
19274718,25,8335983
19275930,27,8335983
19277142,26,8335983
19278355,24,8335983
19279567,27,8335983
19280779,25,8335983
19281992,25,8335983
19283205,31,8335983
19291691,36,8335983
19292905,32,8335983
19294117,32,8335983
19295329,29,8335521
19296542,27,8335479
19297754,22,8338039
19298967,26,8338039
19300179,26,8338039
19301391,37,8338039
19302603,28,8338039
19303816,23,8338039
19305029,22,8338039
19306241,23,8338039
19307453,23,8338029
19308666,25,8335469
19309878,26,8335469
19311091,27,8335469
19312303,24,8335469
19313516,25,8335469
19314727,23,8335469
19315940,24,8335469
19317152,22,8335469
19318365,24,8335469
19319578,27,8335469
19320790,31,8335469
19322002,28,8335469
19323215,32,8335469
19324427,29,8335469
19325639,29,8335469
19326851,29,8335469
19328064,28,8335058
19329276,23,8335058
19330488,22,8335058
19331702,30,8335058
19332914,28,8335058
19334126,32,8335058
19335339,30,8335058
19336551,30,8335058
19337763,29,8335058
19338975,29,8335058
19340188,30,8338193
19341401,26,8338193
19342614,30,8338193
19343826,28,8338193
19345038,29,8338193
19346251,29,8338193
19347463,27,8338193
19348675,31,8338193
19349888,29,8338193
19351100,29,8333106
19352313,22,8333106
19353525,32,8333106
19354738,31,8333106
19355951,31,8333106
19357163,28,8333106
19358376,28,8333106
19359588,28,8333106
19360801,30,8333106
19362013,31,8334030
19363226,26,8334030
19364438,34,8334030
19365650,31,8334030
19366862,28,8334030
19368075,33,8334030
19375350,30,8334030
19376563,29,8334030
19377775,29,8334030
19378987,29,8334030
19380200,29,8334030
19381413,29,8334030
19382625,30,8334030
19383838,29,8337011
19385050,25,8337011
19386262,30,8337011
19387475,29,8337011
19388687,29,8337011
19389900,28,8337011
19391112,34,8337011
19392325,28,8337011
19393537,31,8337011
19394750,28,8336703
19395963,19,8336703
19397175,27,8336703
19398387,31,8336703
19399599,28,8336703
19400812,29,8336703
19402024,29,8336703
19403237,32,8336703
19404449,28,8336703
19405661,31,8332489
19406874,25,8332489
19408086,29,8332489
19409299,31,8332489
19410511,29,8332489
19411724,31,8332489
19412936,30,8332489
19414148,28,8332489
19415361,29,8332489
19416574,27,8331255
19417786,22,8331255
19418998,31,8331255
19420211,29,8331255
19421424,29,8331255
19422636,30,8331255
19423848,31,8331255
19425061,31,8331255
19426273,31,8331255
19427486,28,8333671
19428698,27,8336549
19429911,28,8336549
19431123,23,8336549
19432336,22,8336549
19433548,28,8336549
19434761,24,8336549
19435973,21,8336549
19437185,25,8336549
19438398,22,8336549
19439611,26,8334647
19440823,27,8334647
19442036,26,8334647
19443248,27,8334647
19444461,26,8334647
19445673,22,8334647
19446885,23,8334647
19448098,25,8334647
19449310,21,8334647
19450523,25,8328634
19451735,34,8328634
19459010,19,8328634
19460222,30,8328634
19461435,41,8334442
19462647,26,8334442
19463859,25,8334442
19465073,23,8334442
19466284,23,8334442
19467497,23,8334442
19468710,23,8334442
19469922,23,8334442
19471135,28,8334442
19472347,26,8338296
19473560,28,8338296
19474772,22,8338296
19475984,28,8338296
19477197,25,8338296
19478409,23,8338296
19479622,24,8338296
19480834,22,8338296
19482047,28,8338296
19483259,27,8338343
19484472,23,8337319
19485685,23,8337319
19486897,26,8337319
19488110,24,8337319
19489322,23,8337319
19490534,25,8337319
19491748,26,8337319
19492960,24,8337319
19494172,21,8337342
19495384,25,8343486
19496597,23,8343486
19497810,23,8343486
19499022,25,8343486
19500235,27,8343486
19501447,25,8343486
19502659,24,8343486
19503872,25,8343486
19505085,26,8343486
19506297,23,8343486
19507510,28,8343486
19508722,29,8343486
19509934,33,8343486
19511147,31,8343486
19512359,29,8343486
19513573,31,8343486
19514785,29,8343486
19515997,23,8343486
19517209,27,8343486
19518422,30,8343486
19519634,29,8343486
19520847,29,8343486
19522059,29,8343486
19523272,32,8343486
19524484,30,8343486
19525697,29,8343486
19526909,30,8333003
19528122,23,8333003
19529334,31,8333003
19530547,27,8333003
19531759,29,8333003
19532972,30,8333003
19534185,29,8333003
19535397,28,8333003
19543884,28,8333003
19545097,30,8333003
19546309,31,8333003
19547521,30,8333003
19548734,30,8335418
19549947,24,8335418
19551160,27,8335418
19552372,30,8335418
19553584,29,8335418
19554797,28,8335418
19556010,31,8335418
19557222,31,8335418
19558434,35,8335418
19559647,29,8336754
19560859,23,8336754
19562072,30,8336754
19563284,31,8336754
19564497,32,8336754
19565709,29,8336754
19566922,31,8336754
19568135,35,8336754
19569346,33,8336754
19570559,30,8336960
19571771,22,8336960
19572984,29,8336960
19574197,33,8336960
19575409,36,8336960
19576622,32,8336960
19577834,33,8336960
19579046,35,8336960
19580259,28,8336960
19581471,28,8337217
19582683,25,8337217
19583896,28,8337217
19585109,33,8337217
19586321,34,8337217
19587533,31,8337217
19588746,30,8337217
19589958,31,8337217
19591171,28,8337217
19592383,30,8333825
19593595,26,8333825
19594807,32,8333825
19596020,32,8333825
19597233,33,8333825
19598445,28,8333825
19599658,28,8333825
19600870,28,8333825
19602082,31,8333825
19603294,31,8332129
19604507,25,8332129
19605719,32,8332129
19606932,27,8332129
19608144,28,8332129
19609357,30,8332129
19610570,30,8332129
19611782,30,8332129
19612994,29,8332129
19614206,28,8332077
19615420,25,8336137
19616631,26,8336137
19617844,24,8336137
19619057,22,8336137
19620269,31,8336137
19628755,31,8336137
19629968,29,8336137
19631181,29,8336137
19632393,31,8336137
19633605,32,8336137
19634818,28,8336137
19636030,29,8333825
19637243,23,8336343
19638455,16,8336343
19639667,23,8336343
19640880,27,8336343
19642093,26,8336343
19643305,22,8336343
19644517,23,8336343
19645730,26,8336343
19646942,25,8336343
19648154,22,8340043
19649367,25,8340043
19650578,25,8340043
19651791,25,8340043
19653004,23,8340043
19654216,25,8340043
19655429,23,8340043
19656641,22,8340043
19657853,23,8340043
19659066,26,8334133
19660278,22,8334133
19661491,20,8334133
19662703,26,8334133
19663916,24,8334133
19665128,25,8334133
19666341,22,8334133
19667553,24,8334133
19668765,23,8334133
19669978,22,8334117
19671190,24,8329765
19672403,26,8329765
19673616,26,8329765
19674828,23,8329765
19676040,22,8329765
19677252,23,8329765
19678465,21,8329765
19679678,26,8329765
19680890,29,8329811
19682103,23,8342099
19683315,21,8342099
19684527,22,8342099
19685740,25,8342099
19686953,25,8342099
19688164,24,8342099
19689377,27,8342099
19690589,24,8342099
19691802,23,8342099
19693014,23,8342099
19694227,29,8342099
19695439,31,8342099
19696651,29,8342099
19697864,30,8342099
19699077,30,8342099
19700289,31,8342099
19701501,30,8342099
19702714,26,8342099
19703926,26,8342099
19705138,29,8342099
19712413,35,8342099
19713626,29,8337885
19714838,22,8337885
19716051,28,8337885
19717263,28,8337885
19718475,29,8337885
19719688,31,8337885
19720900,29,8337885
19722112,32,8337885
19723325,31,8337885
19724538,32,8338244
19725750,22,8338244
19726962,31,8338244
19728175,27,8338244
19729387,30,8338244
19730600,31,8338244
19731813,29,8338244
19733025,28,8338244
19734238,29,8338244
19735450,29,8333774
19736663,27,8333774
19737875,30,8333774
19739087,31,8333774
19740299,26,8333774
19741512,31,8333774
19742725,31,8333774
19743938,31,8333774
19745150,28,8333774
19746363,33,8334596
19747575,25,8334596
19748787,31,8334596
19749999,32,8334596
19751212,28,8334596
19752424,29,8334596
19753637,31,8334596
19754849,34,8334596
19756061,28,8334596
19757275,30,8334544
19758487,24,8334544
19759699,28,8334544
19760911,29,8334544
19762124,29,8334544
19763337,28,8334544
19764548,32,8334544
19765762,36,8334544
19766974,28,8334544
19768186,29,8334390
19769399,25,8334390
19770611,30,8334390
19771823,28,8334390
19773035,34,8334390
19774249,34,8334390
19775461,25,8334390
19776674,30,8334390
19777886,29,8334390
19779098,27,8333311
19780311,21,8333311
19781523,29,8333311
19782736,31,8333311
19783948,31,8333311
19785161,29,8333311
19786373,29,8333311
19787585,29,8333311
19788798,33,8333311
19796072,32,8333311
19797286,29,8333311
19798498,31,8333311
19799710,29,8333311
19800922,31,8337217
19802135,27,8340197
19803347,23,8340197
19804560,25,8340197
19805773,24,8340197
19806984,25,8340197
19808197,24,8340197
19809410,23,8340197
19810622,24,8340197
19811835,25,8340197
19813048,23,8335726
19814259,28,8335726
19815472,22,8335726
19816685,25,8335726
19817897,26,8335726
19819110,24,8335726
19820322,22,8335726
19821534,25,8335726
19822747,24,8335726
19823960,23,8332489
19825172,24,8332489
19826385,25,8332489
19827597,25,8332489
19828810,25,8332489
19830022,22,8332489
19831234,25,8332489
19832447,23,8332489
19833659,25,8332489
19834873,25,8338244
19836085,29,8338244
19837297,24,8338244
19838510,22,8338244
19839722,26,8338244
19840934,28,8338244
19842147,24,8338244
19843360,24,8338244
19844572,24,8338244
19845784,23,8331615
19846997,23,8331615
19848210,24,8331615
19849422,25,8331615
19850635,25,8331615
19851847,25,8331615
19853060,22,8331615
19854271,23,8331615
19855484,22,8331615
19856696,26,8331752
19857909,24,8340968
19859122,25,8340968
19860334,22,8340968
19861547,24,8340968
19862759,26,8340968
19863971,22,8340968
19865184,23,8340968
19866396,27,8340968
19867609,28,8340779
19868821,21,8331563
19870034,23,8331563
19871246,25,8331563
19872459,35,8331563
19879859,29,8331563
19880946,30,8331563
19882159,26,8331563
19883371,28,8331563
19884583,31,8331563
19885796,31,8331563
19887009,30,8331563
19888221,30,8337628
19889434,26,8337628
19890646,26,8337628
19891859,29,8337628
19893071,31,8337628
19894284,30,8337628
19895496,29,8337628
19896709,30,8337628
19897921,28,8337628
19899133,33,8337628
19900346,29,8331821
19901559,24,8331821
19902771,30,8331821
19903983,30,8331821
19905197,31,8331821
19906408,32,8331821
19907621,29,8331821
19908834,30,8331821
19910046,30,8331821
19911258,31,8333516
19912471,23,8333516
19913683,30,8333516
19914897,32,8333516
19916109,31,8333516
19917321,30,8333516
19918533,32,8333516
19919746,31,8333516
19920958,31,8333516
19922171,29,8335675
19923384,24,8335675
19924596,29,8335675
19925809,30,8335675
19927021,31,8335675
19928233,29,8335675
19929446,30,8335675
19930659,30,8335675
19931871,29,8335675
19933084,30,8333465
19934296,23,8333465
19935508,27,8333465
19936721,29,8333465
19937934,30,8333465
19939146,30,8333465
19940359,29,8333465
19941572,28,8333465
19942783,29,8333465
19943997,31,8335778
19945209,23,8335778
19946421,32,8335778
19947634,29,8335778
19948846,29,8335778
19950059,30,8335778
19951271,30,8335778
19952484,25,8335778
19953697,29,8335778
19954909,30,8336549
19956122,31,8336549
19964609,27,8336549
19965822,30,8336549
19967033,24,8336549
19968246,31,8336549
19969459,29,8336549
19970671,31,8336549
19971883,30,8336549
19973097,31,8336549
19974309,31,8336549
19975521,30,8336549
19976734,31,8335829
19977946,23,8335829
19979159,29,8335829
19980371,30,8335829
19981583,30,8335829
19982796,31,8335829
19984009,29,8335829
19985221,28,8335829
19986434,32,8335829
19987646,31,8336600
19988858,23,8335624
19990071,25,8335624
19991283,26,8335624
19992495,23,8335624
19993707,24,8335624
19994920,24,8335624
19996133,24,8335624
19997345,24,8335624
19998557,26,8335624
19999770,24,8337217
20000982,22,8337217
20002194,24,8337217
20003407,25,8337217
20004619,25,8337217
20005832,27,8337217
20007045,24,8337217
20008257,26,8337217
20009469,21,8337217
20010682,25,8330485
20011894,28,8330485
20013107,24,8330485
20014319,24,8330485
20015531,25,8330485
20016743,24,8330485
20017956,23,8330485
20019168,22,8330485
20020382,24,8330485
20021593,26,8331821
20022806,24,8331821
20024018,25,8331821
20025231,25,8331821
20026444,25,8331821
20027656,24,8331821
20028868,24,8331821
20030081,29,8331821
20031293,26,8331821
20032506,23,8333722
20033718,25,8333722
20034930,24,8333722
20036143,22,8333722
20037355,23,8333722
20038568,24,8333722
20039781,22,8333722
20040993,27,8333722
20049479,30,8333722
20050693,30,8333722
20051904,31,8333722
20053117,29,8337217
20054329,23,8337210
20055542,27,8335418
20056754,23,8335418
20057967,27,8335418
20059179,25,8335418
20060391,27,8335418
20061603,24,8335418
20062816,25,8335418
20064029,23,8335418
20065241,25,8335418
20066453,23,8335418
20067666,27,8335418
20068878,31,8335418
20070090,34,8335418
20071303,30,8335418
20072515,31,8335418
20073727,29,8335418
20074940,32,8342561
20076152,24,8342561
20077365,24,8342561
20078578,31,8342561
20079790,29,8342561
20081002,29,8342561
20082216,30,8342561
20083427,32,8342561
20084640,31,8342561
20085853,31,8342561
20087065,29,8340300
20088277,26,8340300
20089490,29,8340300
20090702,31,8340300
20091915,30,8340300
20093128,33,8340300
20094340,30,8340300
20095552,31,8340300
20096765,31,8340300
20097978,31,8331204
20099190,24,8331204
20100403,29,8331204
20101615,29,8331204
20102827,30,8331204
20104040,29,8331204
20105253,31,8331204
20106466,27,8331204
20107678,30,8331204
20108890,29,8335469
20110103,25,8335469
20111315,30,8335469
20112528,31,8335469
20113741,33,8335469
20114953,33,8335469
20116165,26,8335469
20117378,30,8335469
20118590,31,8335469
20119802,29,8336960
20121016,24,8336960
20122227,28,8336960
20123441,32,8336960
20124652,28,8336960
20125865,30,8336960
20133141,28,8336960
20134352,31,8336960
20135566,28,8336960
20136778,31,8336960
20137990,32,8336960
20139203,29,8336960
20140416,30,8336960
20141628,31,8337679
20142841,22,8337679
20144053,30,8337679
20145265,29,8337679
20146479,28,8337679
20147690,31,8337679
20148903,31,8337679
20150116,32,8337679
20151328,31,8337679
20152540,32,8335366
20153753,24,8335366
20154965,29,8335366
20156178,28,8335366
20157391,33,8335366
20158603,28,8335366
20159815,29,8335366
20161028,28,8335366
20162241,29,8335366
20163454,26,8335932
20164666,24,8335932
20165878,29,8335932
20167091,32,8335932
20168303,28,8335932
20169516,29,8335932
20170728,31,8335932
20171941,28,8335932
20173154,28,8335932
20174366,32,8337987
20175579,23,8336600
20176791,25,8336600
20178003,23,8336600
20179216,25,8336600
20180429,25,8336600
20181642,23,8336600
20182854,21,8336600
20184067,27,8336600
20185279,23,8336600
20186491,23,8333054
20187703,23,8333054
20188916,26,8333054
20190129,27,8333054
20191341,24,8333054
20192554,24,8333054
20193766,24,8333054
20194979,22,8333054
20196191,25,8333054
20197404,25,8326784
20198617,26,8326784
20199829,24,8326784
20201041,23,8326784
20202254,24,8326784
20203466,21,8326784
20204679,23,8326784
20205892,27,8326784
20207104,26,8326784
20208317,21,8339632
20209529,32,8339632
20216859,31,8339632
20218016,40,8339632
20219228,23,8334852
20220440,34,8334852
20221653,25,8334852
20222865,25,8334852
20224078,25,8334852
20225290,24,8334852
20226503,26,8334852
20227715,27,8334852
20228928,23,8334852
20230141,27,8334946
20231353,22,8332386
20232566,24,8332386
20233778,24,8332386
20234991,25,8332386
20236204,23,8332386
20237416,25,8332386
20238629,25,8332386
20239841,25,8332386
20241054,25,8332521
20242266,20,8327401
20243479,23,8327401
20244691,27,8327401
20245904,25,8327401
20247116,24,8327401
20248329,23,8327401
20249541,26,8327401
20250754,25,8327401
20251966,23,8327401
20253178,24,8327401
20254391,31,8327401
20255603,28,8327401
20256816,29,8327401
20258029,30,8327401
20259241,32,8327401
20260454,27,8327401
20261666,29,8327401
20262879,24,8327401
20264091,26,8327401
20265304,31,8327401
20266516,29,8327401
20267729,28,8327401
20268941,29,8327401
20270154,27,8327401
20271367,30,8327401
20272578,31,8327401
20273791,33,8335058
20275004,23,8335058
20276216,31,8335058
20277429,28,8335058
20278641,28,8335058
20279853,25,8335058
20281066,31,8335058
20282278,32,8335058
20283491,29,8335058
20284703,29,8334133
20285916,24,8334133
20287128,32,8334133
20288341,30,8334133
20289553,32,8334133
20290765,32,8334133
20291978,29,8334133
20293190,30,8334133
20300466,25,8334133
20301678,28,8334133
20302890,29,8334133
20304103,27,8334133
20305316,32,8334133
20306528,31,8333003
20307741,24,8333003
20308953,29,8333003
20310165,27,8333003
20311378,28,8333003
20312590,30,8333003
20313802,30,8333003
20315015,29,8333003
20316227,32,8333003
20317440,29,8337731
20318653,23,8337731
20319866,29,8337731
20321078,29,8337731
20322290,31,8337731
20323503,30,8337731
20324715,30,8337731
20325928,31,8337731
20327140,27,8337731
20328353,29,8337576
20329565,25,8337576
20330778,29,8337576
20331990,32,8337576
20333203,31,8337576
20334415,31,8337576
20335627,27,8337576
20336840,31,8337576
20338052,31,8337576
20339265,31,8334030
20340477,25,8334030
20341690,29,8334030
20342903,28,8334030
20344115,30,8334030
20345328,33,8334030
20346540,33,8334030
20347752,30,8334030
20348964,31,8334030
20350177,31,8332797
20351390,27,8332797
20352602,28,8332797
20353815,30,8332797
20355027,29,8332797
20356239,31,8332797
20357452,28,8332797
20358664,28,8332797
20359878,30,8332797
20361090,29,8334647
20362303,27,8335881
20363514,23,8335881
20364727,23,8335881
20365940,26,8335881
20367152,23,8335881
20368364,24,8335881
20369579,25,8335881
20370790,23,8335881
20372002,25,8335881
20373214,22,8336497
20374427,25,8336497
20375639,26,8336497
20376852,31,8336497
20385340,31,8336497
20386552,31,8336497
20387764,30,8336497
20388977,31,8336497
20390189,28,8336497
20391402,28,8336497
20392614,31,8336497
20393827,29,8337731
20395039,24,8336497
20396252,25,8336497
20397464,21,8336497
20398676,23,8336497
20399889,25,8336497
20401102,24,8336497
20402314,26,8336497
20403526,23,8336497
20404740,22,8336497
20405952,24,8336651
20407164,23,8336651
20408376,23,8336651
20409589,25,8336651
20410802,24,8336651
20412014,23,8336651
20413226,25,8336651
20414439,27,8336651
20415651,23,8336651
20416864,23,8336852
20418077,23,8335572
20419289,21,8335572
20420501,20,8335572
20421714,24,8335572
20422927,23,8335572
20424139,24,8335572
20425352,21,8335572
20426564,25,8335572
20427777,25,8335548
20428989,23,8329148
20430202,25,8329148
20431414,25,8329148
20432626,25,8329148
20433838,24,8329148
20435051,25,8329148
20436263,24,8329148
20437476,22,8329148
20438688,24,8329148
20439901,24,8329148
20441113,33,8329148
20442325,33,8329148
20443538,30,8329148
20444750,30,8329148
20445962,29,8329148
20447175,29,8329148
20448387,31,8329148
20449600,25,8329148
20450813,25,8329148
20452025,27,8329148
20453237,31,8329148
20454450,28,8329148
20455662,31,8329148
20456874,29,8329148
20458087,33,8329148
20459300,33,8329148
20460512,31,8339067
20461724,32,8339067
20468999,23,8339067
20470212,29,8339067
20471424,29,8332848
20472637,24,8332848
20473849,30,8332848
20475061,29,8332848
20476274,29,8332848
20477486,31,8332848
20478699,31,8332848
20479911,30,8332848
20481123,32,8332848
20482336,30,8334287
20483549,24,8334287
20484761,28,8334287
20485974,30,8334287
20487186,29,8334287
20488399,29,8334287
20489611,33,8334287
20490823,33,8334287
20492036,30,8334287
20493249,29,8337731
20494461,21,8337731
20495673,32,8337731
20496885,28,8337731
20498098,31,8337731
20499310,30,8337731
20500523,30,8337731
20501735,27,8337731
20502948,29,8337731
20504160,29,8333311
20505373,25,8333311
20506585,30,8333311
20507798,33,8333311
20509010,32,8333311
20510222,34,8333311
20511434,34,8333311
20512647,32,8333311
20513860,30,8333311
20515072,28,8337165
20516284,20,8337165
20517497,27,8337165
20518710,29,8337165
20519922,30,8337165
20521134,32,8337165
20522346,31,8337165
20523559,28,8337165
20524771,29,8337165
20525984,31,8331769
20527196,24,8331769
20528409,31,8331769
20529622,27,8331769
20530833,32,8331769
20532046,35,8331769
20533258,30,8331769
20534471,27,8331769
20535683,32,8331769
20536895,31,8337987
20538109,24,8337987
20539321,30,8337987
20540533,31,8337987
20541746,27,8337987
20542958,31,8337987
20544171,32,8337987
20545383,31,8337987
20553871,33,8337987
20555083,31,8337987
20556297,29,8337987
20557509,29,8337987
20558722,30,8337936
20559934,29,8334082
20561146,21,8334082
20562359,23,8334082
20563571,26,8334082
20564783,23,8334082
20565996,23,8334082
20567209,26,8334082
20568421,25,8334082
20569634,23,8334082
20570847,24,8332746
20572059,22,8332746
20573272,24,8332746
20574484,18,8332746
20575696,26,8332746
20576909,27,8332746
20578122,25,8332746
20579334,25,8332746
20580547,25,8332746
20581759,22,8335726
20582972,28,8335726
20584184,23,8335726
20585397,25,8335726
20586610,22,8335726
20587822,27,8335726
20589035,26,8335726
20590247,23,8335726
20591460,21,8335726
20592672,23,8336600
20593886,29,8336600
20595098,25,8336600
20596311,23,8336600
20597523,27,8336600
20598735,25,8336600
20599948,25,8336600
20601160,23,8336600
20602374,26,8336600
20603586,25,8336610
20604798,27,8339170
20606011,24,8339170
20607224,29,8339170
20608436,28,8339170
20609649,25,8339170
20610861,24,8339170
20612074,24,8339170
20613286,23,8339170
20614499,23,8339086
20615711,27,8330382
20616924,26,8330382
20618137,26,8330382
20619349,28,8330382
20620562,25,8330382
20621774,22,8330382
20622987,24,8330382
20624200,25,8330382
20625412,29,8330382
20626625,26,8330382
20627838,29,8330382
20629050,31,8330382
20630262,32,8330382
20638750,30,8330382
20639963,30,8330382
20641176,30,8330382
20642388,30,8330382
20643601,31,8330382
20644814,29,8330382
20646026,28,8330382
20647239,29,8336189
20648452,23,8336189
20649664,31,8336189
20650876,26,8336189
20652089,31,8336189
20653301,31,8336189
20654514,32,8336189
20655727,31,8336189
20656939,30,8336189
20658152,27,8337628
20659364,27,8337628
20660578,32,8337628
20661790,30,8337628
20663002,27,8337628
20664215,30,8337628
20665428,31,8337628
20666640,29,8337628
20667852,31,8337628
20669065,32,8338553
20670278,25,8338553
20671491,30,8338553
20672703,29,8338553
20673915,33,8338553
20675128,31,8338553
20676340,31,8338553
20677553,30,8338553
20678766,31,8338553
20679979,31,8333876
20681191,25,8333876
20682403,28,8333876
20683616,30,8333876
20684829,31,8333876
20686041,30,8333876
20687253,31,8333876
20688466,28,8333876
20689679,30,8333876
20690891,29,8335161
20692103,24,8335161
20693316,31,8335161
20694528,30,8335161
20695741,32,8335161
20696953,32,8335161
20698166,29,8335161
20699378,30,8335161
20700591,31,8335161
20701803,31,8335366
20703016,22,8335366
20704228,30,8335366
20705441,33,8335366
20706654,31,8335366
20707866,30,8335366
20709078,30,8335366
20710290,30,8335366
20711503,31,8335366
20712715,29,8335212
20713928,25,8335212
20715140,30,8335212
20722415,38,8335212
20723627,29,8330433
20724840,23,8330433
20726053,31,8330433
20727265,28,8330433
20728478,28,8330433
20729690,31,8330433
20730902,30,8330433
20732115,31,8330433
20733328,32,8330433
20734540,31,8338656
20735753,21,8338656
20736966,31,8338656
20738178,31,8338656
20739391,32,8338656
20740603,29,8338656
20741815,33,8338656
20743027,30,8338656
20744240,28,8338656
20745452,30,8337782
20746665,24,8336086
20747877,26,8336086
20749090,25,8336086
20750302,25,8336086
20751515,24,8336086
20752727,23,8336086
20753940,26,8336086
20755153,24,8336086
20756365,28,8336086
20757579,26,8339015
20758789,27,8339015
20760002,24,8339015
20761215,27,8339015
20762427,25,8339015
20763639,24,8339015
20764851,24,8339015
20766064,26,8339015
20767277,24,8339015
20768489,23,8328943
20769701,27,8328943
20770914,23,8328943
20772127,22,8328943
20773339,19,8328943
20774552,22,8328943
20775764,24,8328943
20776976,25,8328943
20778189,23,8328943
20779402,22,8332797
20780614,26,8332797
20781827,25,8332797
20783040,26,8332797
20784252,22,8332797
20785465,22,8332797
20786676,24,8332797
20787889,25,8332797
20789102,24,8332797
20790314,22,8332550
20791526,24,8335366
20792739,25,8335366
20793952,23,8335366
20795165,22,8335366
20796377,23,8335366
20797589,26,8335366
20798802,32,8335366
20807289,27,8335366
20808502,29,8335366
20809714,27,8335366
20810927,29,8338296
20812139,25,8338283
20813352,25,8334955
20814565,27,8334955
20815777,22,8334955
20816989,24,8334955
20818202,23,8334955
20819415,25,8334955
20820626,24,8334955
20821839,23,8334955
20823052,27,8334955
20824264,24,8334955
20825477,29,8334955
20826689,29,8334955
20827902,30,8334955
20829114,30,8334955
20830327,28,8334955
20831539,31,8334955
20832751,32,8334955
20833964,31,8338399
20835176,23,8338399
20836389,33,8338399
20837602,33,8338399
20838814,32,8338399
20840027,29,8338399
20841239,31,8338399
20842452,25,8338399
20843664,29,8338399
20844876,30,8339324
20846089,26,8339324
20847301,32,8339324
20848514,30,8339324
20849726,28,8339324
20850939,32,8339324
20852151,29,8339324
20853364,29,8339324
20854575,28,8339324
20855788,27,8337987
20857001,22,8337987
20858214,30,8337987
20859426,28,8337987
20860638,30,8337987
20861851,32,8337987
20863064,30,8337987
20864275,29,8337987
20865488,28,8337987
20866701,31,8334852
20867913,27,8334852
20869125,28,8334852
20870337,30,8334852
20871550,29,8334852
20872762,30,8334852
20873975,30,8334852
20875188,28,8334852
20876400,29,8334852
20877612,29,8336805
20878824,24,8336805
20880037,28,8336805
20881249,29,8336805
20882462,27,8336805
20883674,31,8336805
20890949,35,8336805
20892161,32,8336805
20893374,29,8336805
20894586,29,8336805
20895799,30,8336805
20897011,28,8336805
20898223,30,8336805
20899436,34,8335778
20900649,24,8335778
20901862,32,8335778
20903074,29,8335778
20904287,30,8335778
20905499,30,8335778
20906711,29,8335778
20907923,27,8335778
20909136,31,8335778
20910348,27,8335212
20911561,24,8335212
20912774,31,8335212
20913986,29,8335212
20915198,29,8335212
20916411,28,8335212
20917623,28,8335212
20918836,29,8335212
20920048,29,8335212
20921261,31,8334442
20922473,23,8334442
20923686,30,8334442
20924898,33,8334442
20926112,33,8334442
20927324,31,8334442
20928536,30,8334442
20929749,29,8334442
20930962,31,8334442
20932175,31,8335212
20933387,29,8335521
20934599,27,8335521
20935811,23,8335521
20937024,22,8335521
20938237,24,8335521
20939449,24,8335521
20940662,25,8335521
20941874,23,8335521
20943088,27,8335521
20944300,22,8335829
20945512,23,8335829
20946724,24,8335829
20947937,24,8335829
20949149,21,8335829
20950363,26,8335829
20951575,24,8335829
20952787,22,8335829
20953999,23,8335829
20955213,24,8336497
20956425,25,8336497
20957638,25,8336497
20958849,27,8336497
20960063,24,8336497
20961274,27,8336497
20962487,19,8336497
20963699,25,8336497
20964913,26,8336497
20966125,25,8336240
20967337,30,8336240
20975826,33,8336240
20977038,23,8336237
20978250,28,8335469
20979462,20,8335469
20980675,23,8335469
20981887,29,8335469
20983101,27,8335469
20984313,24,8335469
20985525,22,8335469
20986738,26,8335469
20987951,22,8335582
20989163,24,8338142
20990375,25,8338142
20991588,21,8338142
20992800,25,8338142
20994013,23,8338142
20995226,25,8338142
20996438,29,8338142
20997651,23,8338142
20998863,23,8337976
21000076,25,8337976
21001288,30,8337976
21002500,29,8337976
21003714,30,8337976
21004926,31,8337976
21006138,31,8337976
21007351,29,8337976
21008564,29,8334904
21009776,22,8334904
21010988,21,8334904
21012201,27,8334904
21013414,31,8334904
21014626,31,8334904
21015839,29,8334904
21017051,28,8334904
21018264,29,8334904
21019476,27,8334904
21020688,30,8339992
21021901,28,8339992
21023113,31,8339992
21024326,27,8339992
21025539,30,8339992
21026751,28,8339992
21027963,32,8339992
21029176,29,8339992
21030388,32,8339992
21031601,29,8336137
21032814,23,8336137
21034026,29,8336137
21035239,30,8336137
21036451,25,8336137
21037664,30,8336137
21038877,31,8336137
21040089,33,8336137
21041301,31,8336137
21042513,30,8340197
21043726,25,8340197
21044939,31,8340197
21046151,29,8340197
21047364,30,8340197
21048578,28,8340197
21049789,29,8340197
21051002,30,8340197
21052214,27,8340197
21059489,26,8340197
21060702,29,8340197
21061914,31,8340197
21063126,32,8340197
21064339,29,8335624
21065552,23,8335624
21066764,30,8335624
21067977,30,8335624
21069189,29,8335624
21070402,29,8335624
21071614,32,8335624
21072826,29,8335624
21074038,29,8335624
21075252,29,8335315
21076464,19,8335315
21077677,29,8335315
21078889,29,8335315
21080101,32,8335315
21081314,29,8335315
21082527,31,8335315
21083739,31,8335315
21084951,32,8335315
21086164,28,8334236
21087377,23,8334236
21088589,30,8334236
21089802,30,8334236
21091014,28,8334236
21092226,32,8334236
21093440,33,8334236
21094652,30,8334236
21095863,28,8334236
21097076,28,8337628
21098289,22,8337628
21099501,29,8337628
21100714,27,8337628
21101926,28,8337628
21103139,31,8337628
21104351,29,8337628
21105564,27,8337628
21106776,27,8337628
21107989,32,8336343
21109202,25,8336343
21110414,32,8336343
21111626,29,8336343
21112839,29,8336343
21114051,30,8336343
21115264,30,8336343
21116476,26,8336343
21117689,29,8336343
21118901,33,8332900
21120115,25,8334852
21121327,23,8334852
21122539,26,8334852
21123751,20,8334852
21124964,20,8334852
21126176,22,8334852
21127390,25,8334852
21128602,23,8334852
21129814,23,8334852
21131027,24,8335624
21132240,24,8335624
21133452,21,8335624
21134664,25,8335624
21135877,26,8335624
21144365,32,8335624
21145578,31,8335624
21146790,30,8335624
21148003,30,8335624
21149215,30,8335624
21150428,28,8335624
21151641,30,8336086
21152853,21,8334493
21154066,23,8334493
21155278,22,8334493
21156491,24,8334493
21157703,24,8334493
21158916,26,8334493
21160128,25,8334493
21161340,27,8334493
21162553,24,8334493
21163766,23,8334493
21164978,23,8334493
21166190,22,8334493
21167404,24,8334493
21168616,26,8334493
21169829,22,8334493
21171041,23,8334493
21172254,24,8334493
21173466,22,8334493
21174678,24,8334501
21175891,28,8336549
21177104,22,8336549
21178316,24,8336549
21179529,24,8336549
21180741,25,8336549
21181954,25,8336549
21183166,20,8336549
21184378,23,8336549
21185592,25,8336400
21186803,25,8337936
21188016,25,8337936
21189229,23,8337936
21190441,26,8337936
21191654,26,8337936
21192866,24,8337936
21194079,21,8337936
21195292,22,8337936
21196503,23,8337936
21197717,26,8337936
21198928,26,8337936
21200141,29,8337936
21201353,31,8337936
21202566,30,8337936
21203779,29,8337936
21204991,30,8337936
21206204,31,8337936
21207416,30,8332334
21208628,24,8332334
21209840,29,8332334
21211053,27,8332334
21212265,32,8332334
21213478,31,8332334
21214690,32,8332334
21215903,29,8332334
21217115,32,8332334
21218328,27,8337165
21219540,26,8337165
21220752,31,8337165
21228031,21,8337165
21229239,31,8338244
21230451,22,8338244
21231665,30,8338244
21232876,31,8338244
21234089,33,8338244
21235301,29,8338244
21236513,30,8338244
21237726,29,8338244
21238939,30,8338244
21240152,25,8335726
21241363,23,8335726
21242575,31,8335726
21243789,30,8335726
21245001,29,8335726
21246213,30,8335726
21247426,28,8335726
21248638,28,8335726
21249851,29,8335726
21251063,29,8334287
21252276,24,8334287
21253488,30,8334287
21254700,31,8334287
21255913,27,8334287
21257126,28,8334287
21258338,32,8334287
21259550,32,8334287
21260763,31,8334287
21261975,31,8339632
21263188,21,8339632
21264400,29,8339632
21265612,29,8339632
21266826,30,8339632
21268037,32,8339632
21269250,30,8339632
21270462,26,8339632
21271675,28,8339632
21272887,28,8338039
21274100,24,8338039
21275313,31,8338039
21276524,31,8338039
21277738,31,8338039
21278950,30,8338039
21280162,28,8338039
21281375,29,8338039
21282587,30,8338039
21283799,28,8335624
21285012,23,8335624
21286225,31,8335624
21287437,34,8335624
21288650,28,8335624
21289862,31,8335624
21291074,28,8335624
21292286,29,8335624
21293500,27,8335624
21294711,29,8331153
21295924,22,8331153
21297136,32,8331153
21298349,30,8331153
21299561,31,8331153
21300774,29,8331153
21301988,30,8331153
21303200,32,8331153
21304412,31,8331153
21312899,27,8331153
21314112,32,8331153
21315325,29,8331153
21316538,29,8336549
21317750,22,8333414
21318962,24,8333414
21320175,23,8333414
21321387,28,8333414
21322600,26,8333414
21323812,24,8333414
21325025,24,8333414
21326238,26,8333414
21327451,29,8333414
21328663,26,8333979
21329875,23,8333979
21331088,29,8333979
21332300,25,8333979
21333513,25,8333979
21334726,24,8333979
21335938,28,8333979
21337151,26,8333979
21338363,23,8333979
21339575,25,8340454
21340788,25,8340454
21342000,26,8340454
21343214,25,8340454
21344426,23,8340454
21345638,23,8340454
21346850,28,8340454
21348063,23,8340454
21349276,22,8340454
21350488,23,8340454
21351701,23,8340454
21352913,26,8340454
21354125,24,8340454
21355337,27,8340454
21356550,22,8340454
21357762,25,8340454
21358974,23,8340454
21360187,23,8340454
21361399,23,8340280
21362612,25,8334904
21363825,25,8334904
21365037,22,8334904
21366249,23,8334904
21367461,22,8334904
21368674,25,8334904
21369887,27,8334904
21371098,24,8334904
21372311,25,8334876
21373524,22,8341276
21374736,25,8341276
21375949,26,8341276
21377161,21,8341276
21378374,25,8341276
21379586,23,8341276
21380798,23,8341276
21382011,25,8341276
21383223,24,8341276
21384436,29,8341276
21385649,30,8341276
21386860,31,8341276
21388074,33,8341276
21389285,29,8341276
21397772,27,8341276
21398985,31,8341276
21400198,29,8341276
21401410,31,8341276
21402622,28,8341276
21403835,29,8341276
21405048,30,8334236
21406259,24,8334236
21407472,27,8334236
21408684,30,8334236
21409897,31,8334236
21411109,30,8334236
21412322,31,8334236
21413535,33,8334236
21414748,31,8334236
21415959,31,8336497
21417172,23,8336497
21418385,29,8336497
21419597,29,8336497
21420809,29,8336497
21422022,31,8336497
21423235,33,8336497
21424448,29,8336497
21425659,29,8336497
21426872,29,8332643
21428085,25,8332643
21429297,30,8332643
21430509,31,8332643
21431722,29,8332643
21432935,29,8332643
21434148,28,8332643
21435360,29,8332643
21436573,31,8332643
21437785,29,8336189
21438998,22,8336189
21440210,31,8336189
21441423,28,8336189
21442635,29,8336189
21443847,27,8336189
21445060,29,8336189
21446273,28,8336189
21447485,29,8336189
21448697,30,8337011
21449911,26,8337011
21451122,29,8337011
21452336,30,8337011
21453548,29,8337011
21454760,27,8337011
21455973,29,8337011
21457186,28,8337011
21458398,31,8337011
21459610,30,8332077
21460823,24,8332077
21462035,29,8332077
21463248,28,8332077
21464460,30,8332077
21465674,30,8332077
21466886,29,8332077
21468098,30,8332077
21469312,31,8332077
21470523,33,8336960
21471736,27,8336960
21472948,29,8336960
21474161,31,8336960
21481437,34,8337782
21482650,27,8337782
21483862,30,8337782
21485074,31,8337782
21486287,30,8337782
21487499,31,8337782
21488712,28,8337782
21489924,28,8337782
21491137,31,8337782
21492350,31,8334801
21493562,27,8338501
21494775,23,8338501
21495987,23,8338501
21497200,25,8338501
21498412,26,8338501
21499625,25,8338501
21500837,23,8338501
21502049,21,8338501
21503262,23,8338501
21504474,21,8336651
21505687,25,8336651
21506899,24,8336651
21508112,25,8336651
21509324,23,8336651
21510537,27,8336651
21511749,22,8336651
21512962,23,8336651
21514174,23,8336651
21515387,30,8332334
21516599,26,8332334
21517812,26,8332334
21519024,22,8332334
21520237,27,8332334
21521450,25,8332334
21522662,24,8332334
21523875,25,8332334
21525087,27,8332334
21526300,21,8332746
21527512,23,8332746
21528723,24,8332746
21529936,27,8332746
21531148,23,8332746
21532361,22,8332746
21533573,25,8332746
21534786,24,8332746
21535997,23,8332746
21537209,23,8332746
21538423,23,8332746
21539634,25,8332746
21540847,24,8332746
21542060,25,8332746
21543272,25,8332746
21544484,17,8332746
21545697,27,8332746
21546909,24,8332746
21548121,22,8332662
21549333,24,8337782
21550545,25,8337782
21551758,24,8337782
21552971,21,8337782
21554183,21,8337782
21555396,27,8337782
21556609,26,8337782
21557820,31,8337782
21566307,22,8337782
21567520,31,8337782
21568732,31,8333516
21569946,23,8333516
21571158,22,8333516
21572370,29,8333516
21573582,29,8333516
21574795,30,8333516
21576008,30,8333516
21577221,30,8333516
21578432,32,8333516
21579646,32,8335212
21580858,26,8335212
21582070,25,8335212
21583282,31,8335212
21584495,29,8335212
21585707,30,8335212
21586920,28,8335212
21588133,30,8335212
21589344,31,8335212
21590558,29,8335212
21591770,26,8335007
21592982,26,8335007
21594194,29,8335007
21595407,30,8335007
21596620,32,8335007
21597832,29,8335007
21599044,32,8335007
21600257,31,8335007
21601470,27,8335007
21602682,30,8334390
21603895,28,8334390
21605107,32,8334390
21606320,28,8334390
21607532,28,8334390
21608744,30,8334390
21609956,29,8334390
21611169,27,8334390
21612382,29,8334390
21613594,28,8339118
21614806,25,8339118
21616019,31,8339118
21617232,31,8339118
21618444,31,8339118
21619657,31,8339118
21620869,28,8339118
21622082,30,8339118
21623294,30,8339118
21624506,28,8333979
21625718,25,8333979
21626931,29,8333979
21628144,28,8333979
21629356,31,8333979
21630568,29,8333979
21631782,28,8333979
21632993,33,8333979
21634206,31,8333979
21635419,30,8335007
21636631,25,8335007
21637843,29,8335007
21639055,27,8335007
21640268,32,8335007
21641481,28,8335007
21642693,33,8335007
21649967,31,8335007
21651181,31,8335007
21652392,34,8335007
21653605,29,8335007
21654818,32,8335007
21656030,31,8335007
21657242,30,8336035
21658455,25,8336035
21659667,31,8336035
21660879,28,8336035
21662092,31,8336035
21663304,29,8336035
21664517,29,8336035
21665728,29,8336035
21666941,29,8336035
21668154,30,8335469
21669366,26,8335469
21670578,28,8335469
21671792,26,8335469
21673003,30,8335469
21674216,31,8335469
21675428,31,8335469
21676641,29,8335469
21677853,28,8335469
21679066,28,8335161
21680278,25,8335778
21681491,21,8335778
21682703,24,8335778
21683916,26,8335778
21685128,23,8335778
21686340,23,8335778
21687553,27,8335778
21688766,23,8335778
21689978,24,8335778
21691191,23,8337268
21692403,26,8337268
21693616,24,8337268
21694828,22,8337268
21696040,24,8337268
21697252,23,8337268
21698465,22,8337268
21699677,24,8337268
21700890,28,8337268
21702103,27,8332283
21703315,24,8332283
21704528,25,8332283
21705739,24,8332283
21706952,25,8332283
21708164,23,8332283
21709377,23,8332283
21710590,25,8332283
21711802,25,8332283
21713015,23,8330433
21714226,24,8330433
21715439,28,8330433
21716651,24,8330433
21717864,27,8330433
21719076,23,8330433
21720289,21,8330433
21721501,21,8330433
21722714,25,8330433
21723926,22,8330433
21725139,24,8330433
21726351,35,8330433
21734838,37,8330301
21736051,21,8336189
21737263,23,8336189
21738475,21,8336189
21739688,23,8336189
21740901,25,8336189
21742114,28,8336189
21743326,21,8336189
21744538,26,8336189
21745751,25,8336178
21746963,27,8333106
21748176,23,8333106
21749388,29,8333106
21750600,25,8333106
21751814,24,8333106
21753026,23,8333106
21754239,25,8333106
21755451,23,8333106
21756663,25,8333106
21757876,24,8333106
21759088,30,8333106
21760301,30,8333106
21761513,32,8333106
21762726,30,8333106
21763938,30,8333106
21765151,30,8333106
21766363,27,8337987
21767575,25,8337987
21768788,21,8337987
21770001,33,8337987
21771213,31,8337987
21772426,32,8337987
21773638,31,8337987
21774851,32,8337987
21776063,31,8337987
21777276,29,8337987
21778488,29,8335110
21779701,28,8335110
21780912,31,8335110
21782125,30,8335110
21783338,29,8335110
21784551,30,8335110
21785763,30,8335110
21786975,32,8335110
21788188,28,8335110
21789401,27,8339478
21790613,26,8339478
21791825,29,8339478
21793038,29,8339478
21794250,30,8339478
21795462,29,8339478
21796675,31,8339478
21797887,29,8339478
21799100,30,8339478
21800313,26,8333157
21801525,25,8333157
21802737,30,8333157
21803950,31,8333157
21805163,29,8333157
21806375,28,8333157
21807587,30,8333157
21808799,31,8333157
21810012,29,8333157
21811224,32,8333157
21818499,29,8333157
21819711,29,8333157
21820924,30,8333157
21822137,32,8335932
21823349,25,8335932
21824561,29,8335932
21825774,26,8335932
21826987,32,8335932
21828199,29,8335932
21829411,28,8335932
21830624,29,8335932
21831836,31,8335932
21833048,28,8335264
21834261,23,8335264
21835473,27,8335264
21836686,30,8335264
21837899,28,8335264
21839111,31,8335264
21840324,30,8335264
21841536,29,8335264
21842748,30,8335264
21843961,29,8336395
21845173,24,8336395
21846386,30,8336395
21847598,30,8336395
21848811,30,8336395
21850023,31,8336395
21851236,33,8336395
21852448,30,8336395
21853661,30,8336395
21854873,28,8335624
21856086,28,8335624
21857298,31,8335624
21858510,26,8335624
21859723,28,8335624
21860935,29,8335624
21862149,28,8335624
21863360,28,8335624
21864574,28,8335624
21865786,31,8333157
21866998,25,8334390
21868211,25,8334390
21869424,25,8334390
21870636,24,8334390
21871849,24,8334390
21873061,27,8334390
21874273,22,8334390
21875486,20,8334390
21876698,23,8334390
21877911,24,8334442
21879124,25,8334442
21880336,22,8334442
21881549,25,8334442
21882762,23,8334442
21883974,23,8334442
21885187,24,8334442
21886399,23,8334442
21887611,24,8334442
21888823,26,8337217
21890036,24,8337217
21891249,26,8337217
21892461,23,8337217
21893674,25,8337217
21894886,25,8337217
21903374,34,8337217
21904586,31,8337217
21905799,26,8337217
21907012,31,8337217
21908225,32,8337217
21909437,35,8333825
21910650,24,8333825
21911862,26,8333825
21913075,25,8333825
21914287,23,8333825
21915499,23,8333825
21916713,25,8333825
21917925,25,8333825
21919137,25,8333825
21920350,24,8333825
21921562,27,8334065
21922775,22,8329713
21923987,23,8329713
21925199,26,8329713
21926412,26,8329713
21927624,24,8329713
21928837,25,8329713
21930049,22,8329713
21931262,24,8329713
21932474,20,8329537
21933687,24,8337217
21934899,25,8337217
21936112,22,8337217
21937324,23,8337217
21938537,25,8337217
21939750,22,8337217
21940962,22,8337217
21942174,23,8337217
21943387,25,8337217
21944600,25,8337217
21945812,29,8337217
21947024,28,8337217
21948236,28,8337217
21949449,27,8337217
21950662,29,8337217
21951874,28,8337217
21953087,34,8341225
21954299,23,8341225
21955512,22,8341225
21956724,30,8341225
21957937,30,8341225
21959149,27,8341225
21960362,29,8341225
21961574,29,8341225
21962787,31,8341225
21964000,29,8341225
21965212,31,8336395
21966425,26,8336395
21967637,28,8336395
21968850,32,8336395
21970062,30,8336395
21971274,30,8336395
21972487,28,8336395
21973700,31,8336395
21974912,31,8336395
21976125,29,8335058
21977337,24,8335058
21978550,31,8335058
21979762,32,8336086
21987037,27,8334184
21988249,20,8334184
21989462,36,8334184
21990674,23,8334184
21991887,28,8334184
21993099,25,8334184
21994311,24,8334184
21995524,28,8334184
21996737,27,8334184
21997950,23,8334184
21999162,25,8334184
22000374,31,8334184
22001587,27,8334184
22002799,30,8334184
22004012,31,8334184
22005225,31,8334184
22006437,30,8334184
22007650,30,8334184
22008862,29,8339426
22010075,24,8339426
22011287,31,8339426
22012499,28,8339426
22013712,31,8339426
22014924,32,8339426
22016137,31,8339426
22017349,31,8339426
22018563,29,8339426
22019775,29,8337525
22020987,26,8337525
22022201,29,8337525
22023413,31,8337525
22024626,29,8337525
22025838,30,8337525
22027050,30,8337525
22028263,30,8337525
22029475,28,8337525
22030687,29,8337165
22031900,26,8337165
22033112,32,8337165
22034325,30,8337165
22035538,31,8337165
22036750,28,8337165
22037962,31,8337165
22039175,28,8337165
22040387,31,8337165
22041601,26,8335572
22042813,24,8335572
22044025,29,8335572
22045238,30,8335572
22046451,25,8335572
22047663,28,8335572
22048875,31,8335572
22050089,31,8335572
22051301,28,8335572
22052513,30,8333722
22053726,24,8335726
22054939,28,8335726
22056151,21,8335726
22057364,27,8335726
22058578,26,8335726
22059788,22,8335726
22061001,22,8335726
22062214,25,8335726
22063427,30,8335726
22071914,29,8335726
22073126,31,8335726
22074340,28,8331461
22075552,25,8331461
22076765,23,8331461
22077977,23,8331461
22079189,23,8331461
22080401,22,8331461
22081614,27,8331461
22082827,23,8331461
22084039,26,8331461
22085252,23,8331461
22086465,19,8335418
22087676,24,8335418
22088889,27,8335418
22090101,23,8335418
22091314,19,8335418
22092527,22,8335418
22093740,23,8335418
22094952,27,8335418
22096164,22,8335418
22097377,25,8340454
22098589,21,8340454
22099802,23,8340454
22101014,22,8340454
22102227,25,8340454
22103440,27,8340454
22104651,23,8340454
22105864,25,8340454
22107077,22,8340454
22108289,23,8340267
22109502,19,8331307
22110714,26,8331307
22111927,24,8331307
22113139,26,8331307
22114352,21,8331307
22115564,23,8331307
22116777,21,8331307
22117989,25,8331307
22119201,24,8331340
22120414,25,8340300
22121626,23,8340300
22122838,26,8340300
22124051,23,8340300
22125263,27,8340300
22126476,22,8340300
22127688,24,8340300
22128900,27,8340300
22130113,26,8340300
22131326,24,8340300
22132539,31,8340300
22133750,31,8340300
22134963,31,8340300
22136175,27,8340300
22137388,32,8340300
22138600,29,8340300
22139813,27,8330433
22141026,24,8330433
22142239,25,8330433
22143451,28,8330433
22144663,30,8330433
22145875,31,8330433
22147089,32,8330433
22148300,30,8330433
22156788,30,8330433
22158000,31,8330433
22159213,29,8330433
22160425,28,8330433
22161638,29,8330433
22162851,28,8332180
22164063,23,8332180
22165275,31,8332180
22166487,28,8332180
22167700,28,8332180
22168912,30,8332180
22170125,31,8332180
22171337,30,8332180
22172550,31,8332180
22173762,28,8336754
22174975,23,8336754
22176187,29,8336754
22177400,27,8336754
22178612,31,8336754
22179824,28,8336754
22181037,27,8336754
22182250,29,8336754
22183462,27,8336754
22184674,29,8333465
22185887,27,8333465
22187100,29,8333465
22188312,28,8333465
22189525,31,8333465
22190737,34,8333465
22191950,30,8333465
22193162,29,8333465
22194375,28,8333465
22195587,29,8335932
22196799,27,8335932
22198012,28,8335932
22199225,31,8335932
22200437,33,8335932
22201650,30,8335932
22202862,32,8335932
22204074,30,8335932
22205286,32,8335932
22206499,31,8333979
22207711,28,8333979
22208925,30,8333979
22210137,31,8333979
22211349,29,8333979
22212562,28,8333979
22213774,28,8333979
22214986,27,8333979
22216199,29,8333979
22217411,29,8333979
22218625,25,8333979
22219837,30,8333979
22221049,27,8333979
22222262,33,8333979
22223474,27,8333979
22224687,32,8333979
22225899,32,8333979
22227111,32,8333979
22228324,31,8333619
22229537,26,8333619
22230749,27,8333619
22231961,29,8333619
22233174,33,8339324
22240449,30,8339324
22241661,32,8339324
22242874,32,8339324
22244086,32,8339324
22245299,27,8339324
22246512,29,8339324
22247724,29,8339324
22248936,29,8339324
22250149,28,8335058
22251361,24,8335829
22252574,26,8335829
22253786,23,8335829
22254999,25,8335829
22256212,27,8335829
22257424,24,8335829
22258637,23,8335829
22259848,21,8335829
22261061,22,8335829
22262273,22,8335829
22263486,19,8335829
22264699,24,8335829
22265911,26,8335829
22267124,27,8335829
22268336,23,8335829
22269548,25,8335829
22270761,26,8335829
22271974,27,8335829
22273186,25,8331821
22274398,27,8331821
22275611,21,8331821
22276823,26,8331821
22278037,24,8331821
22279249,25,8331821
22280461,21,8331821
22281674,22,8331821
22282887,29,8331821
22284099,26,8331409
22285311,23,8331409
22286524,24,8331409
22287737,25,8331409
22288949,25,8331409
22290161,23,8331409
22291375,26,8331409
22292586,26,8331409
22293799,26,8331409
22295011,23,8331515
22296224,24,8332283
22297437,30,8332283
22298650,25,8332283
22299862,23,8332283
22301075,25,8332283
22302287,21,8332283
22303499,22,8332283
22304712,24,8332283
22305924,25,8332266
22307137,24,8327658
22308350,23,8327658
22309562,24,8327658
22310774,21,8327658
22311987,22,8327658
22313200,23,8327658
22314412,24,8327658
22315625,24,8327658
22316837,31,8327658
22325324,22,8327658
22326537,32,8335264
22327749,23,8335264
22328962,25,8335264
22330174,27,8335264
22331387,31,8335264
22332599,29,8335264
22333811,29,8335264
22335023,29,8335264
22336236,30,8335264
22337448,29,8335264
22338661,30,8336908
22339874,27,8336908
22341086,32,8336908
22342299,29,8336908
22343511,31,8336908
22344723,29,8336908
22345935,26,8336908
22347148,28,8336908
22348360,28,8336908
22349573,31,8335212
22350786,22,8335212
22351998,30,8335212
22353210,27,8335212
22354423,27,8335212
22355635,31,8335212
22356847,29,8335212
22358060,32,8335212
22359273,30,8335212
22360485,29,8340094
22361697,25,8340094
22362910,30,8340094
22364122,29,8340094
22365335,30,8340094
22366547,30,8340094
22367759,29,8340094
22368972,30,8340094
22370185,30,8340094
22371397,31,8333516
22372609,26,8333516
22373822,32,8333516
22375034,28,8333516
22376246,29,8333516
22377459,28,8333516
22378671,30,8333516
22379884,30,8333516
22381096,30,8333516
22382309,29,8337217
22383521,21,8337217
22384734,30,8337217
22385946,30,8337217
22387159,29,8337217
22388371,26,8337217
22389583,31,8337217
22390796,31,8337217
22392009,29,8337217
22393221,33,8338296
22394433,28,8338296
22395646,30,8338296
22396858,30,8338296
22398070,30,8338296
22399283,30,8338296
22400495,28,8338296
22401708,33,8338296
22408982,26,8338296
22410195,29,8338296
22411408,30,8338296
22412620,32,8338296
22413832,30,8338296
22415045,32,8334236
22416257,24,8334236
22417470,27,8334236
22418682,31,8334236
22419894,28,8334236
22421107,31,8334236
22422320,31,8334236
22423532,26,8334236
22424744,31,8334236
22425956,30,8332694
22427169,23,8334339
22428382,23,8334339
22429594,25,8334339
22430806,21,8334339
22432018,24,8334339
22433231,25,8334339
22434444,27,8334339
22435656,25,8334339
22436869,25,8334339
22438081,27,8330279
22439294,24,8330279
22440506,23,8330279
22441719,25,8330279
22442931,26,8330279
22444144,25,8330279
22445356,23,8330279
22446568,24,8330279
22447781,25,8330279
22448993,25,8330279
22450206,26,8330279
22451419,26,8330279
22452631,25,8330279
22453844,23,8330279
22455056,27,8330279
22456268,25,8330279
22457481,21,8330279
22458694,26,8330279
22459906,26,8328223
22461119,25,8328223
22462331,21,8328223
22463543,25,8328223
22464756,24,8328223
22465968,23,8328223
22467181,23,8328223
22468394,27,8328223
22469606,27,8328223
22470819,24,8324215
22472031,25,8324215
22473243,26,8324215
22474456,20,8324215
22475669,25,8324215
22476881,23,8324215
22478094,28,8324215
22479306,22,8324215
22480518,27,8324215
22481731,27,8324249
22482944,23,8333465
22484156,25,8333465
22485369,34,8333465
22493856,38,8333465
22495068,30,8333465
22496282,30,8333465
22497493,33,8333465
22498706,30,8333465
22499918,30,8333465
22501131,29,8333465
22502343,31,8334852
22503557,24,8334852
22504769,24,8334852
22505982,29,8334852
22507194,29,8334852
22508407,29,8334852
22509619,30,8334852
22510831,32,8334852
22512043,29,8334852
22513256,30,8334596
22514468,22,8334596
22515681,24,8334596
22516893,32,8334596
22518106,29,8334596
22519318,32,8334596
22520531,29,8334596
22521744,31,8334596
22522956,30,8334596
22524169,28,8334596
22525382,31,8335469
22526593,25,8335469
22527806,31,8335469
22529019,29,8335469
22530231,32,8335469
22531444,32,8335469
22532656,33,8335469
22533868,29,8335469
22535081,32,8335469
22536294,29,8335469
22537506,20,8335469
22538719,30,8335469
22539931,27,8335469
22541143,30,8335469
22542356,33,8335469
22543569,30,8335469
22544781,29,8335469
22545994,29,8335469
22547206,31,8334339
22548419,26,8334339
22549631,29,8334339
22550843,30,8334339
22552056,31,8334339
22553269,30,8334339
22554481,29,8334339
22555693,30,8334339
22556906,31,8334339
22558119,27,8335572
22559331,25,8335572
22560543,28,8335572
22561756,30,8335572
22562968,31,8335572
22564181,29,8335572
22565394,32,8335572
22566606,28,8335572
22567819,27,8335572
22569031,28,8333619
22570244,29,8333619
22578731,31,8333619
22579944,32,8337319
22581156,24,8337319
22582369,28,8337319
22583582,28,8337319
22584794,27,8337319
22586007,29,8337319
22587219,33,8337319
22588432,31,8337319
22589645,29,8337319
22590857,31,8335726
22592070,25,8335726
22593283,28,8335726
22594494,29,8335726
22595707,29,8335726
22596919,28,8335726
22598133,31,8335726
22599345,32,8335726
22600558,29,8335726
22601770,30,8335881
22602983,21,8335881
22604196,27,8335881
22605408,30,8335881
22606621,28,8335881
22607833,28,8335881
22609046,30,8335881
22610259,28,8335881
22611470,28,8335881
22612683,32,8333979
22613896,29,8334442
22615109,25,8334442
22616321,25,8334442
22617534,26,8334442
22618746,24,8334442
22619959,25,8334442
22621171,23,8334442
22622384,24,8334442
22623596,24,8334442
22624809,20,8339118
22626022,25,8339118
22627234,29,8339118
22628446,23,8339118
22629659,24,8339118
22630871,28,8339118
22632085,26,8339118
22633297,25,8339118
22634510,19,8339118
22635722,23,8339118
22636934,26,8339118
22638147,20,8339118
22639359,25,8339118
22640572,25,8339118
22641785,25,8339118
22642997,23,8339118
22644209,24,8339118
22645422,24,8339118
22646634,23,8335983
22647847,26,8335983
22649059,25,8335983
22650272,23,8335983
22651484,21,8335983
22652697,25,8335983
22653910,24,8335983
22655122,31,8335983
22663609,27,8335983
22664822,30,8335983
22666034,29,8335983
22667247,30,8326887
22668459,21,8326876
22669671,23,8337628
22670883,25,8337628
22672096,24,8337628
22673308,22,8337628
22674520,23,8337628
22675733,26,8337628
22676945,25,8337628
22678158,26,8337628
22679371,25,8337458
22680582,22,8333106
22681795,25,8333106
22683007,23,8333106
22684220,24,8333106
22685433,27,8333106
22686644,25,8333106
22687857,25,8333106
22689069,27,8333106
22690282,27,8333106
22691494,21,8333106
22692707,30,8333106
22693919,29,8333106
22695132,33,8333106
22696344,31,8333106
22697557,29,8333106
22698769,29,8333106
22699982,31,8342150
22701193,27,8342150
22702406,25,8342150
22703618,31,8342150
22704831,28,8342150
22706043,31,8342150
22707255,30,8342150
22708468,29,8342150
22709680,28,8342150
22710893,29,8342150
22712105,30,8335161
22713318,22,8335161
22714529,31,8335161
22715742,31,8335161
22716954,32,8335161
22718166,27,8335161
22719379,30,8335161
22720591,29,8335161
22721804,29,8335161
22723017,31,8335366
22724229,26,8335366
22725442,33,8335366
22726654,29,8335366
22727866,31,8335366
22729079,29,8335366
22730291,31,8335366
22731503,31,8335366
22732716,31,8335366
22733928,27,8335315
22735141,23,8335315
22736353,31,8335315
22737565,31,8335315
22738777,30,8335315
22739990,30,8335315
22747265,30,8335315
22748477,31,8335315
22749689,28,8335315
22750902,28,8335315
22752115,32,8335315
22753326,30,8335315
22754539,30,8335315
22755751,28,8335675
22756964,23,8335675
22758176,30,8335675
22759389,31,8335675
22760602,31,8335675
22761814,29,8335675
22763026,28,8335675
22764239,31,8335675
22765452,28,8335675
22766664,31,8336035
22767876,25,8336035
22769088,30,8336035
22770301,30,8336035
22771513,30,8336035
22772726,28,8336035
22773938,31,8336035
22775152,30,8336035
22776363,29,8336035
22777575,30,8337063
22778789,23,8337063
22780001,31,8337063
22781214,29,8337063
22782427,31,8337063
22783639,28,8337063
22784851,30,8337063
22786063,31,8337063
22787276,33,8337063
22788489,31,8336960
22789701,25,8336960
22790914,28,8336960
22792126,32,8336960
22793338,30,8336960
22794551,31,8336960
22795764,30,8336960
22796977,29,8336960
22798189,27,8336960
22799401,32,8334750
22800614,24,8335110
22801826,23,8335110
22803038,25,8335110
22804251,24,8335110
22805464,22,8335110
22806677,28,8335110
22807889,31,8335110
22809101,24,8335110
22810314,23,8335110
22811526,23,8333516
22812738,24,8333516
22813951,22,8333516
22815164,22,8333516
22816376,27,8333516
22817589,25,8333516
22818801,25,8333516
22820013,21,8333516
22821225,24,8333516
22822438,28,8333516
22823650,28,8333516
22830925,35,8333516
22832138,36,8333516
22833351,23,8335161
22834564,36,8335161
22835776,22,8335161
22836989,23,8335161
22838201,25,8335161
22839414,26,8335161
22840626,25,8335161
22841838,26,8335161
22843051,28,8335161
22844263,24,8328891
22845476,23,8328891
22846688,26,8328891
22847902,25,8328891
22849114,24,8328891
22850326,21,8328891
22851539,26,8328891
22852752,23,8328891
22853964,26,8328891
22855177,21,8328706
22856389,29,8334082
22857601,26,8334082
22858814,23,8334082
22860026,22,8334082
22861238,25,8334082
22862451,22,8334082
22863663,23,8334082
22864877,24,8334082
22866089,29,8334193
22867301,23,8336497
22868514,25,8336497
22869726,28,8336497
22870939,27,8336497
22872152,25,8336497
22873364,22,8336497
22874575,25,8336497
22875789,23,8336497
22877002,22,8336497
22878214,27,8336497
22879427,28,8336497
22880639,30,8336497
22881851,29,8336497
22883065,30,8336497
22884276,31,8336497
22885489,29,8336497
22886702,27,8340043
22887914,26,8340043
22889127,22,8340043
22890339,30,8340043
22891551,30,8340043
22892764,29,8340043
22893977,30,8340043
22895189,29,8340043
22896402,28,8340043
22897614,29,8340043
22898826,29,8337885
22900039,26,8337885
22901252,31,8337885
22902464,29,8337885
22903676,30,8337885
22904888,28,8337885
22906101,28,8337885
22907313,33,8337885
22915800,28,8337885
22917014,28,8337885
22918226,29,8337885
22919439,32,8337885
22920651,28,8333106
22921863,21,8333106
22923077,26,8333106
22924288,28,8333106
22925501,30,8333106
22926714,31,8333106
22927925,30,8333106
22929138,31,8333106
22930351,31,8333106
22931563,30,8335675
22932775,24,8335675
22933988,32,8335675
22935201,31,8335675
22936413,31,8335675
22937626,30,8335675
22938838,29,8335675
22940050,29,8335675
22941263,31,8335675
22942475,29,8335521
22943688,27,8335521
22944901,34,8335521
22946113,31,8335521
22947325,27,8335521
22948537,33,8335521
22949750,31,8335521
22950963,30,8335521
22952175,29,8335521
22953388,31,8334030
22954600,28,8334030
22955813,30,8334030
22957025,32,8334030
22958237,30,8334030
22959450,30,8334030
22960663,28,8334030
22961875,31,8334030
22963087,30,8334030
22964300,31,8332232
22965513,24,8332232
22966725,32,8332232
22967938,29,8332232
22969150,26,8332232
22970363,29,8332232
22971575,28,8332232
22972788,29,8332232
22974001,32,8332232
22975213,33,8337319
22976425,21,8337319
22977638,29,8337319
22978851,30,8337319
22980063,29,8337319
22981276,30,8337319
22982488,29,8337319
22983700,30,8337319
22984914,32,8337319
22986126,29,8334390
22987338,23,8335932
22988551,24,8335932
22989763,24,8335932
22990977,23,8335932
22992189,31,8335932
23000677,32,8335932
23001888,26,8335932
23003101,29,8335932
23004314,29,8335932
23005527,30,8335932
23006739,31,8335932
23007951,28,8332746
23009164,25,8342047
23010377,25,8342047
23011589,23,8342047
23012802,24,8342047
23014014,21,8342047
23015226,27,8342047
23016439,28,8342047
23017651,27,8342047
23018864,27,8342047
23020077,24,8334082
23021289,25,8334082
23022501,25,8334082
23023714,25,8334082
23024927,24,8334082
23026139,27,8334082
23027351,25,8334082
23028565,25,8334082
23029776,23,8334082
23030990,25,8326476
23032201,25,8326476
23033414,26,8326476
23034626,24,8326476
23035839,25,8326476
23037052,28,8326476
23038265,24,8326476
23039477,21,8326476
23040689,27,8326476
23041902,25,8326548
23043115,24,8332180
23044327,27,8332180
23045539,25,8332180
23046751,23,8332180
23047964,23,8332180
23049177,23,8332180
23050389,27,8332180
23051602,23,8332180
23052815,24,8332129
23054027,24,8332129
23055240,25,8332129
23056452,25,8332129
23057664,25,8332129
23058878,24,8332129
23060090,26,8332129
23061302,22,8332129
23062516,26,8332129
23063728,25,8332129
23064941,26,8332129
23066153,28,8332129
23067366,31,8332129
23068578,27,8332129
23069791,29,8332129
23071003,34,8332129
23072216,28,8332129
23073429,30,8334390
23074641,25,8334390
23075854,21,8334390
23077066,32,8334390
23084342,33,8334390
23085555,32,8338399
23086767,22,8338399
23087979,27,8338399
23089192,30,8338399
23090405,30,8338399
23091617,29,8338399
23092830,29,8338399
23094042,31,8338399
23095254,33,8338399
23096468,29,8336446
23097679,23,8336446
23098892,30,8336446
23100105,28,8336446
23101318,30,8336446
23102530,25,8336446
23103742,29,8336446
23104955,31,8336446
23106167,26,8336446
23107380,29,8332180
23108592,26,8332180
23109806,28,8332180
23111018,29,8332180
23112230,30,8332180
23113443,29,8332180
23114655,31,8332180
23115868,31,8332180
23117081,29,8332180
23118293,31,8337987
23119506,22,8337987
23120718,32,8337987
23121930,31,8337987
23123143,28,8337987
23124355,29,8337987
23125567,30,8337987
23126780,31,8337987
23127993,31,8337987
23129205,28,8338399
23130418,25,8338399
23131630,31,8338399
23132843,31,8338399
23134055,30,8338399
23135269,30,8338399
23136481,31,8338399
23137693,31,8338399
23138906,29,8338399
23140119,32,8339067
23141332,26,8339067
23142544,29,8339067
23143756,25,8339067
23144969,30,8339067
23146182,31,8339067
23147394,32,8339067
23148606,29,8339067
23149819,31,8339067
23151032,33,8337165
23152245,25,8337165
23153457,24,8337165
23154670,30,8337165
23155882,30,8337165
23157094,29,8337165
23158307,29,8337165
23159519,29,8337165
23160732,32,8337165
23168007,19,8337165
23169220,28,8337165
23170433,32,8337165
23171645,29,8337165
23172857,31,8337165
23174071,25,8335521
23175283,25,8335521
23176496,22,8335521
23177707,25,8335521
23178920,27,8335521
23180133,25,8335521
23181346,23,8335521
23182558,24,8335521
23183770,25,8335521
23184983,25,8338347
23186196,24,8338347
23187408,24,8338347
23188621,22,8338347
23189833,27,8338347
23191046,26,8338347
23192258,24,8338347
23193471,19,8338347
23194683,25,8338347
23195896,27,8335264
23197109,28,8335264
23198321,28,8335264
23199534,25,8335264
23200746,25,8335264
23201959,25,8335264
23203171,23,8335264
23204384,25,8335264
23205597,24,8335264
23206809,26,8332334
23208021,23,8332334
23209235,28,8332334
23210447,24,8332334
23211659,24,8332334
23212872,23,8332334
23214085,29,8332334
23215297,25,8332334
23216510,25,8332334
23217722,27,8329097
23218934,27,8329097
23220147,26,8329097
23221359,26,8329097
23222572,28,8329097
23223784,24,8329097
23224997,25,8329097
23226209,25,8329097
23227422,25,8329097
23228635,24,8329157
23229847,24,8331461
23231060,24,8331461
23232272,23,8331461
23233485,19,8331461
23234697,25,8331461
23235910,25,8331461
23237123,26,8331461
23238335,25,8331461
23239547,23,8331446
23240760,22,8327350
23241972,20,8327350
23243185,23,8327350
23244398,30,8327350
23252885,29,8327350
23254097,29,8327350
23255310,26,8327350
23256522,30,8327350
23257735,30,8327350
23258948,29,8327350
23260161,29,8337011
23261373,25,8337011
23262586,24,8337011
23263798,30,8337011
23265011,30,8337011
23266223,28,8337011
23267436,32,8337011
23268648,28,8337011
23269860,33,8337011
23271073,27,8337011
23272285,30,8336600
23273498,20,8336600
23274710,28,8336600
23275923,28,8336600
23277136,34,8336600
23278348,29,8336600
23279560,29,8336600
23280773,29,8336600
23281986,31,8336600
23283198,30,8334082
23284410,25,8334082
23285624,31,8334082
23286835,31,8334082
23288048,31,8334082
23289261,28,8334082
23290473,30,8334082
23291686,32,8334082
23292898,31,8334082
23294111,33,8335726
23295323,24,8335726
23296536,33,8335726
23297749,30,8335726
23298961,29,8335726
23300173,28,8335726
23301385,31,8335726
23302598,28,8335726
23303811,30,8335726
23305023,30,8336343
23306236,28,8336343
23307448,29,8336343
23308661,31,8336343
23309873,30,8336343
23311086,32,8336343
23312298,30,8336343
23313511,28,8336343
23314723,30,8336343
23315935,30,8336189
23317149,21,8336189
23318360,32,8336189
23319573,30,8336189
23320785,27,8336189
23321998,28,8336189
23323211,30,8336189
23324423,29,8336189
23325635,29,8336189
23326847,30,8335726
23328060,24,8335726
23329272,31,8335726
23337760,28,8331872
23338973,24,8331872
23340185,29,8331872
23341398,29,8331872
23342610,28,8331872
23343823,32,8331872
23345035,31,8331872
23346247,30,8331872
23347460,29,8331872
23348672,29,8337782
23349885,29,8337782
23351097,29,8337782
23352310,32,8337782
23353522,30,8337782
23354735,30,8337782
23355947,31,8337782
23357160,30,8337782
23358373,31,8337782
23359585,30,8335521
23360798,23,8339221
23362010,23,8339221
23363223,26,8339221
23364436,31,8339221
23365647,26,8339221
23366860,23,8339221
23368074,23,8339221
23369286,23,8339221
23370498,21,8339221
23371711,24,8337885
23372923,26,8337885
23374135,25,8337885
23375349,23,8337885
23376561,27,8337885
23377774,24,8337885
23378986,22,8337885
23380198,28,8337885
23381410,27,8337885
23382623,23,8338964
23383836,24,8338964
23385049,25,8338964
23386262,26,8338964
23387473,19,8338964
23388686,24,8338964
23389899,27,8338964
23391112,25,8338964
23392324,23,8338964
23393537,23,8340917
23394750,21,8340917
23395962,23,8340917
23397174,25,8340917
23398387,28,8340917
23399600,27,8340917
23400812,25,8340917
23402025,23,8340917
23403238,27,8340917
23404450,23,8331461
23405663,23,8331461
23406875,27,8331461
23408088,28,8331461
23409300,25,8331461
23410513,21,8331461
23411726,23,8331461
23412938,27,8331461
23414150,30,8331461
23422638,28,8331461
23423850,32,8331461
23425063,28,8333054
23426276,23,8333052
23427488,18,8332540
23428701,24,8332540
23429914,27,8332540
23431126,25,8332540
23432339,24,8332540
23433551,23,8332540
23434763,24,8332540
23435975,24,8332540
23437188,23,8332353
23438401,26,8332353
23439614,32,8332353
23440826,29,8332353
23442038,33,8332353
23443251,31,8332353
23444464,30,8332353
23445676,30,8332353
23446889,29,8337217
23448101,25,8337217
23449314,22,8337217
23450526,29,8337217
23451738,30,8337217
23452951,33,8337217
23454164,29,8337217
23455376,29,8337217
23456588,31,8337217
23457801,29,8337217
23459014,32,8339581
23460227,27,8339581
23461440,30,8339581
23462651,30,8339581
23463865,31,8339581
23465077,29,8339581
23466289,31,8339581
23467501,29,8339581
23468714,29,8339581
23469927,31,8337628
23471139,25,8337628
23472351,30,8337628
23473564,29,8337628
23474776,29,8337628
23475990,29,8337628
23477202,30,8337628
23478415,31,8337628
23479627,30,8337628
23480839,31,8335469
23482052,27,8335469
23483265,27,8335469
23484477,28,8335469
23485690,34,8335469
23486902,29,8335469
23488114,29,8335469
23489327,29,8335469
23490540,28,8335469
23491752,30,8339940
23492964,22,8339940
23494177,29,8339940
23495390,34,8339940
23496602,31,8339940
23497815,30,8339940
23499027,31,8339940
23506303,23,8339940
23507515,30,8339940
23508729,29,8339940
23509940,31,8339940
23511153,30,8339940
23512366,30,8339940
23513578,28,8336343
23514791,27,8336343
23516003,32,8336343
23517216,31,8336343
23518428,33,8336343
23519641,31,8336343
23520854,28,8336343
23522066,31,8336343
23523278,31,8336343
23524492,29,8336189
23525703,25,8336189
23526916,28,8336189
23528129,33,8336189
23529341,28,8336189
23530554,31,8336189
23531766,30,8336189
23532979,28,8336189
23534191,27,8336189
23535404,30,8334339
23536616,23,8334339
23537828,31,8334339
23539041,32,8334339
23540254,30,8334339
23541466,30,8334339
23542679,30,8334339
23543892,27,8334339
23545103,31,8334339
23546316,30,8335315
23547529,25,8335315
23548741,29,8335315
23549953,30,8335315
23551166,29,8335315
23552379,31,8335315
23553591,32,8335315
23554803,30,8335315
23556015,30,8335315
23557229,30,8337371
23558441,28,8334596
23559653,26,8334596
23560865,25,8334596
23562079,24,8334596
23563291,24,8334596
23564503,19,8334596
23565715,23,8334596
23566929,24,8334596
23568141,21,8334596
23569353,23,8336240
23570566,23,8336240
23571778,24,8336240
23572990,27,8336240
23574203,28,8336240
23575416,28,8336240
23576629,27,8336240
23577841,24,8336240
23579053,25,8336240
23580266,23,8334596
23581478,23,8334596
23582691,30,8334596
23589966,26,8334596
23591180,42,8334596
23592391,32,8334596
23593604,31,8334596
23594816,31,8334596
23596029,29,8334596
23597242,30,8334596
23598455,29,8334596
23599667,31,8334596
23600879,29,8335881
23602091,26,8335881
23603304,23,8335881
23604516,23,8335881
23605729,23,8335881
23606942,22,8335881
23608154,20,8335881
23609366,27,8335881
23610578,25,8335881
23611791,23,8335881
23613005,24,8335933
23614217,28,8336189
23615429,24,8336189
23616641,26,8336189
23617854,23,8336189
23619067,25,8336189
23620278,21,8336189
23621491,22,8336189
23622703,23,8336189
23623916,27,8336132
23625129,24,8334852
23626341,25,8334852
23627553,25,8334852
23628766,23,8334852
23629978,25,8334852
23631190,25,8334852
23632404,23,8334852
23633616,27,8334852
23634828,22,8334852
23636041,28,8334852
23637253,29,8334852
23638466,29,8334852
23639678,29,8334852
23640890,30,8334852
23642103,31,8334852
23643315,31,8334852
23644527,27,8334852
23645741,31,8345542
23646953,23,8345542
23648165,28,8345542
23649378,28,8345542
23650590,29,8345542
23651802,29,8345542
23653015,28,8345542
23654228,29,8345542
23655441,32,8345542
23656652,30,8336600
23657865,24,8336600
23659079,28,8336600
23660290,30,8336600
23661502,30,8336600
23662715,30,8336600
23663927,32,8336600
23665140,30,8336600
23666353,33,8336600
23674839,31,8336600
23676053,28,8336600
23677265,29,8336600
23678477,25,8335881
23679690,25,8335881
23680902,31,8335881
23682114,29,8335881
23683327,30,8335881
23684539,31,8335881
23685752,28,8335881
23686964,31,8335881
23688177,29,8335881
23689388,34,8337063
23690602,26,8337063
23691814,30,8337063
23693026,30,8337063
23694238,30,8337063
23695451,26,8337063
23696664,31,8337063
23697876,31,8337063
23699088,31,8337063
23700301,31,8337525
23701513,26,8337525
23702725,29,8337525
23703938,29,8337525
23705150,27,8337525
23706363,31,8337525
23707575,28,8337525
23708787,31,8337525
23710000,31,8337525
23711213,31,8333465
23712425,22,8333465
23713637,31,8333465
23714850,30,8333465
23716062,30,8333465
23717274,31,8333465
23718487,28,8333465
23719699,32,8333465
23720911,29,8333465
23722124,31,8337628
23723337,23,8337628
23724549,29,8337628
23725762,31,8337628
23726974,29,8337628
23728187,29,8337628
23729399,29,8337628
23730611,30,8337628
23731823,31,8337628
23733036,29,8338244
23734248,26,8338244
23735461,29,8338244
23736674,30,8338244
23737885,30,8338244
23739098,31,8338244
23740310,31,8338244
23741523,32,8338244
23742736,32,8338244
23743948,29,8331512
23745161,22,8337628
23746374,23,8337628
23747586,23,8337628
23748798,23,8337628
23750011,23,8337628
23751223,28,8337628
23759710,33,8337628
23760922,30,8337628
23762135,31,8337628
23763347,30,8337628
23764560,31,8337628
23765772,27,8333928
23766986,21,8334390
23768197,22,8334390
23769410,23,8334390
23770622,23,8334390
23771835,25,8334390
23773048,24,8334390
23774259,24,8334390
23775472,20,8334390
23776685,25,8334390
23777897,24,8333157
23779109,23,8333157
23780323,24,8333157
23781535,23,8333157
23782747,20,8333157
23783959,23,8333157
23785172,25,8333157
23786385,27,8333157
23787598,25,8333157
23788810,27,8333218
23790022,25,8335778
23791235,25,8335778
23792448,26,8335778
23793660,25,8335778
23794873,25,8335778
23796086,23,8335778
23797298,23,8335778
23798510,21,8335778
23799722,26,8335771
23800935,29,8333979
23802147,20,8333979
23803360,23,8333979
23804573,23,8333979
23805786,24,8333979
23806998,24,8333979
23808211,27,8333979
23809423,26,8333979
23810636,25,8334004
23811848,25,8340660
23813060,28,8340660
23814273,23,8340660
23815485,21,8340660
23816698,25,8340660
23817910,27,8340660
23819123,27,8340660
23820335,23,8340660
23821548,24,8340660
23822760,19,8340660
23823973,30,8340660
23825185,30,8340660
23826399,31,8340660
23827610,32,8340660
23828823,30,8340660
23830035,32,8340660
23831248,27,8340660
23832461,26,8337165
23833673,25,8337165
23834886,28,8337165
23836098,29,8337268
23843374,43,8337268
23844585,22,8337268
23845798,31,8337268
23847011,28,8337268
23848224,31,8337268
23849436,34,8337268
23850649,29,8337268
23851861,29,8337268
23853074,28,8337268
23854287,31,8335778
23855499,23,8335778
23856711,28,8335778
23857923,30,8335778
23859136,35,8335778
23860349,30,8335778
23861561,30,8335778
23862774,29,8335778
23863986,27,8335778
23865198,29,8335315
23866412,22,8335315
23867624,28,8335315
23868837,29,8335315
23870048,31,8335315
23871261,30,8335315
23872474,30,8335315
23873686,30,8335315
23874899,31,8335315
23876111,27,8335161
23877323,23,8335161
23878537,28,8335161
23879749,27,8335161
23880962,34,8335161
23882174,28,8335161
23883387,34,8335161
23884599,30,8335161
23885811,31,8335161
23887024,31,8336600
23888236,27,8336600
23889449,30,8336600
23890662,28,8336600
23891874,31,8336600
23893086,30,8336600
23894300,30,8336600
23895512,28,8336600
23896724,29,8336600
23897936,29,8337525
23899149,22,8337525
23900361,28,8337525
23901574,31,8337525
23902787,29,8337525
23903999,30,8337525
23905212,32,8337525
23906424,30,8337525
23907637,30,8337525
23908849,33,8334339
23910062,25,8334339
23911274,31,8334339
23912487,30,8334339
23913699,31,8334339
23914911,31,8334339
23916124,29,8334339
23917336,31,8334339
23918549,29,8334339
23919761,31,8334339
23927036,29,8334339
23928249,31,8334339
23929462,30,8334339
23930674,31,8334852
23931886,27,8334184
23933099,25,8334184
23934312,23,8334184
23935524,23,8334184
23936737,28,8334184
23937949,25,8334184
23939161,27,8334184
23940374,23,8334184
23941586,25,8334184
23942799,24,8338913
23944011,24,8338913
23945224,26,8338913
23946436,26,8338913
23947649,25,8338913
23948861,27,8338913
23950074,27,8338913
23951286,23,8338913
23952499,24,8338913
23953711,28,8331101
23954924,25,8331101
23956137,26,8331101
23957348,23,8331101
23958562,25,8331101
23959774,26,8331101
23960987,26,8331101
23962199,25,8331101
23963412,22,8331101
23964624,25,8336189
23965837,25,8336189
23967049,26,8336189
23968262,27,8336189
23969474,22,8336189
23970687,26,8336189
23971899,26,8336189
23973112,26,8336189
23974324,21,8336189
23975537,24,8336189
23976750,21,8336189
23977962,24,8336189
23979175,22,8336189
23980387,26,8336189
23981599,25,8336189
23982812,27,8336189
23984025,23,8336189
23985238,26,8336189
23986450,26,8336208
23987662,27,8341328
23988875,26,8341328
23990088,25,8341328
23991300,21,8341328
23992512,19,8341328
23993725,27,8341328
23994937,31,8341328
23996150,20,8341328
23997363,25,8341326
23998575,26,8340814
23999787,25,8340814
24001000,26,8340814
24002212,26,8340814
24003425,28,8340814
24011912,27,8340814
24013125,29,8340814
24014338,31,8340814
24015550,29,8340814
24016763,28,8340814
24017975,28,8340814
24019188,33,8334133
24020400,26,8334133
24021613,29,8334133
24022826,32,8334133
24024038,31,8334133
24025250,32,8334133
24026463,27,8334133
24027675,31,8334133
24028888,29,8334133
24030100,29,8337731
24031313,22,8337731
24032526,29,8337731
24033739,32,8337731
24034951,30,8337731
24036164,27,8337731
24037376,29,8337731
24038588,33,8337731
24039802,32,8337731
24041014,29,8338142
24042227,22,8338142
24043439,34,8338142
24044651,33,8338142
24045864,29,8338142
24047076,29,8338142
24048289,28,8338142
24049502,28,8338142
24050714,29,8338142
24051927,28,8337063
24053140,25,8337063
24054352,30,8337063
24055564,29,8337063
24056777,28,8337063
24057990,29,8337063
24059202,30,8337063
24060414,31,8337063
24061627,28,8337063
24062839,33,8332540
24064051,26,8332540
24065264,26,8332540
24066476,27,8332540
24067688,29,8332540
24068902,32,8332540
24070114,29,8332540
24071327,29,8332540
24072539,30,8332540
24073751,30,8335983
24074964,25,8335983
24076177,29,8335983
24077389,34,8335983
24078602,29,8335983
24079814,28,8335983
24081026,30,8335983
24082238,29,8335983
24083451,26,8335983
24084663,30,8334493
24085876,31,8334493
24087089,29,8334493
24088301,29,8337679
24096788,23,8337679
24098001,31,8337679
24099213,31,8337679
24100426,28,8337679
24101638,30,8337679
24102851,30,8337679
24104063,31,8337679
24105276,29,8337679
24106489,27,8336703
24107701,26,8336703
24108914,28,8336703
24110126,30,8336703
24111338,29,8336703
24112550,30,8336703
24113763,27,8336703
24114975,29,8336703
24116188,29,8336703
24117400,30,8334133
24118614,24,8336497
24119826,25,8336497
24121038,26,8336497
24122251,23,8336497
24123464,20,8336497
24124675,23,8336497
24125888,29,8336497
24127100,25,8336497
24128313,21,8336497
24129526,23,8333003
24130738,27,8333003
24131951,24,8333003
24133163,21,8333003
24134376,23,8333003
24135589,26,8333003
24136800,23,8333003
24138013,20,8333003
24139226,28,8333003
24140438,27,8340865
24141652,23,8340865
24142863,27,8340865
24144076,23,8340865
24145288,24,8340865
24146500,25,8340865
24147714,25,8340865
24148925,24,8340865
24150139,25,8340865
24151350,24,8331666
24152563,26,8331666
24153775,20,8331666
24154988,23,8331666
24156201,27,8331666
24157413,27,8331666
24158626,23,8331666
24159838,25,8331666
24161051,25,8331666
24162263,25,8331666
24163475,22,8331666
24164689,26,8331666
24165901,29,8331666
24167113,27,8331666
24168325,22,8331666
24169538,26,8331666
24170750,24,8331666
24171963,23,8331666
24173175,27,8331666
24181663,30,8331666
24182875,34,8333825
24184088,27,8333930
24185300,23,8334698
24186513,22,8334698
24187725,26,8334698
24188938,26,8334698
24190150,19,8334698
24191363,25,8334698
24192575,24,8334698
24193787,24,8334698
24194999,27,8334698
24196213,25,8334698
24197424,30,8334698
24198638,29,8334698
24199850,30,8334698
24201062,29,8334698
24202274,31,8334698
24203487,27,8334698
24204699,31,8340146
24205912,28,8340146
24207125,26,8340146
24208337,31,8340146
24209550,29,8340146
24210762,30,8340146
24211975,28,8340146
24213187,31,8340146
24214400,30,8340146
24215611,28,8340146
24216824,29,8336343
24218036,24,8336343
24219249,28,8336343
24220461,29,8336343
24221674,29,8336343
24222887,27,8336343
24224099,30,8336343
24225312,31,8336343
24226524,31,8336343
24227737,31,8332283
24228949,24,8332283
24230161,30,8332283
24231374,31,8332283
24232586,28,8332283
24233798,29,8332283
24235011,28,8332283
24236223,29,8332283
24237436,32,8332283
24238649,30,8337731
24239862,23,8337731
24241074,29,8337731
24242286,27,8337731
24243498,31,8337731
24244710,29,8337731
24245923,26,8337731
24247136,32,8337731
24248348,29,8337731
24249560,32,8336549
24250773,21,8336549
24251986,29,8336549
24253198,32,8336549
24254411,33,8336549
24255623,29,8336549
24256835,33,8336549
24258048,30,8336549
24265322,23,8336549
24266535,30,8336549
24267747,29,8336549
24268960,27,8336549
24270173,31,8336549
24271385,34,8334955
24272597,23,8334955
24273810,28,8334955
24275022,31,8334955
24276234,30,8334955
24277447,29,8334955
24278659,31,8334955
24279871,30,8334955
24281084,33,8334955
24282297,29,8339838
24283510,24,8339838
24284722,28,8339838
24285934,30,8339838
24287147,27,8339838
24288359,30,8339838
24289571,29,8339838
24290783,30,8339838
24291996,31,8339838
24293209,27,8334544
24294421,26,8334544
24295634,32,8334544
24296846,28,8334544
24298058,30,8334544
24299271,28,8334544
24300484,30,8334544
24301696,33,8334544
24302908,30,8334544
24304121,30,8336805
24305334,21,8333928
24306546,25,8333928
24307758,23,8333928
24308971,26,8333928
24310184,23,8333928
24311396,27,8333928
24312609,25,8333928
24313821,23,8333928
24315033,25,8333928
24316246,23,8333568
24317459,18,8333568
24318671,25,8333568
24319884,27,8333568
24321096,24,8333568
24322309,22,8333568
24323521,23,8333568
24324733,24,8333568
24325945,21,8333568
24327158,25,8333979
24328371,25,8333979
24329583,24,8333979
24330795,21,8333979
24332008,25,8333979
24333221,23,8333979
24334433,30,8333979
24335646,23,8333979
24336858,26,8333979
24338070,27,8332386
24339282,23,8332386
24340495,23,8332386
24341707,31,8332386
24348982,28,8332386
24350195,33,8332386
24351407,30,8332386
24352619,32,8332386
24353833,32,8332386
24355045,30,8332386
24356257,30,8332386
24357470,29,8332386
24358681,30,8335212
24359895,29,8335220
24361107,24,8337268
24362319,22,8337268
24363531,22,8337268
24364743,24,8337268
24365956,25,8337268
24367169,24,8337268
24368381,26,8337268
24369593,24,8337268
24370806,24,8337356
24372019,21,8333260
24373231,24,8333260
24374443,29,8333260
24375655,23,8333260
24376868,28,8333260
24378081,27,8333260
24379293,21,8333260
24380506,20,8333260
24381718,27,8333260
24382931,25,8333260
24384143,26,8333260
24385355,29,8333260
24386568,32,8333260
24387780,29,8333260
24388993,31,8333260
24390205,31,8333260
24391418,29,8340300
24392630,25,8340300
24393843,26,8340300
24395055,31,8340300
24396268,32,8340300
24397481,28,8340300
24398693,28,8340300
24399905,27,8340300
24401118,31,8340300
24402330,31,8340300
24403543,34,8338553
24404755,21,8338553
24405968,29,8338553
24407181,30,8338553
24408393,31,8338553
24409606,30,8338553
24410818,32,8338553
24412030,32,8338553
24413242,28,8338553
24414455,27,8338296
24415667,24,8338296
24416881,28,8338296
24418093,30,8338296
24419305,29,8338296
24420518,30,8338296
24421730,31,8338296
24422942,29,8338296
24424154,28,8338296
24425367,33,8338296
24433854,28,8338296
24435066,30,8338296
24436279,29,8337217
24437492,23,8337217
24438704,30,8337217
24439916,31,8337217
24441129,31,8337217
24442341,30,8337217
24443553,30,8337217
24444766,30,8337217
24445979,26,8337217
24447191,29,8335932
24448404,28,8335932
24449616,29,8335932
24450829,32,8335932
24452040,32,8335932
24453253,32,8335932
24454466,29,8335932
24455678,28,8335932
24456890,31,8335932
24458103,34,8335212
24459316,25,8335212
24460528,30,8335212
24461740,33,8335212
24462952,29,8335212
24464165,27,8335212
24465378,31,8335212
24466590,28,8335212
24467803,27,8335212
24469015,33,8335932
24470227,28,8335932
24471440,32,8335932
24472653,32,8335932
24473864,31,8335932
24475078,31,8335932
24476290,29,8335932
24477502,28,8335932
24478715,30,8335932
24479927,30,8338861
24481139,24,8338861
24482352,29,8338861
24483565,30,8338861
24484777,29,8338861
24485990,32,8338861
24487201,29,8338861
24488415,31,8338861
24489627,29,8338861
24490839,31,8332129
24492051,28,8333260
24493264,26,8333260
24494477,22,8333260
24495689,24,8333260
24496901,23,8333260
24498114,25,8333260
24499326,24,8333260
24500539,26,8333260
24501751,21,8333260
24502964,22,8338244
24504176,24,8338244
24505388,31,8338244
24506601,27,8338244
24507814,23,8338244
24509026,24,8338244
24510238,31,8338244
24518726,31,8338244
24519938,30,8338244
24521151,28,8338244
24522363,27,8338244
24523575,31,8334390
24524788,25,8337422
24526000,25,8337422
24527212,24,8337422
24528425,24,8337422
24529637,27,8337422
24530849,26,8337422
24532062,23,8337422
24533274,25,8337422
24534487,22,8337422
24535699,28,8337422
24536912,28,8337422
24538124,22,8337422
24539336,23,8337422
24540550,23,8337422
24541762,25,8337422
24542974,25,8337422
24544188,24,8337422
24545400,25,8337422
24546613,25,8337645
24547825,25,8342253
24549037,26,8342253
24550249,23,8342253
24551462,21,8342253
24552675,22,8342253
24553888,29,8342253
24555100,26,8342253
24556313,20,8342253
24557525,25,8342049
24558738,25,8342561
24559950,24,8342561
24561162,21,8342561
24562375,23,8342561
24563587,23,8342561
24564800,24,8342561
24566013,21,8342561
24567225,24,8342561
24568438,25,8342561
24569650,27,8342561
24570863,31,8342561
24572075,30,8342561
24573287,30,8342561
24574500,30,8342561
24575712,29,8342561
24576924,30,8342561
24578137,32,8340557
24579350,25,8340557
24580562,23,8340557
24581774,27,8340557
24582987,31,8340557
24584200,31,8340557
24585412,31,8340557
24586625,32,8340557
24587836,32,8340557
24589049,35,8340557
24590262,29,8338244
24591474,18,8338244
24592686,29,8338244
24593899,29,8338244
24595111,27,8334351
24602387,42,8337679
24603598,22,8337679
24604810,24,8337679
24606022,21,8337679
24607235,28,8337679
24608448,23,8337679
24609660,25,8337679
24610873,28,8337679
24612084,28,8337679
24613297,23,8337679
24614510,29,8337679
24615722,31,8337679
24616934,29,8337679
24618147,31,8337679
24619359,28,8337679
24620572,28,8337679
24621784,30,8337679
24622997,29,8336497
24624208,25,8336497
24625421,29,8336497
24626634,29,8336497
24627846,29,8336497
24629058,31,8336497
24630271,31,8336497
24631483,31,8336497
24632695,31,8336497
24633907,32,8338142
24635121,24,8338142
24636333,30,8338142
24637545,32,8338142
24638758,29,8338142
24639970,28,8338142
24641182,28,8338142
24642395,31,8338142
24643607,30,8338142
24644819,29,8338758
24646032,22,8338758
24647245,29,8338758
24648457,29,8338758
24649670,29,8338758
24650882,33,8338758
24652094,32,8338758
24653307,31,8338758
24654519,31,8338758
24655731,30,8334339
24656944,26,8334339
24658157,26,8334339
24659369,31,8334339
24660582,30,8334339
24661794,29,8334339
24663006,29,8334339
24664218,30,8334339
24665430,36,8334339
24666643,32,8334082
24667855,22,8334082
24669068,26,8334082
24670280,31,8334082
24671493,29,8334082
24672705,30,8334082
24673917,27,8334082
24675130,31,8334082
24676343,29,8334082
24677555,31,8335881
24678767,32,8335881
24687254,27,8335881
24688467,26,8335058
24689679,25,8335161
24690892,30,8335161
24692105,24,8335161
24693317,22,8335161
24694529,26,8335161
24695742,22,8335161
24696955,24,8335161
24698167,24,8335161
24699379,25,8335161
24700591,27,8331563
24701804,26,8331563
24703016,24,8331563
24704228,22,8331563
24705441,26,8331563
24706653,24,8331563
24707866,23,8331563
24709079,26,8331563
24710291,21,8331563
24711503,23,8338553
24712715,21,8338553
24713928,23,8338553
24715140,22,8338553
24716353,23,8338553
24717566,26,8338553
24718778,23,8338553
24719990,23,8338553
24721202,26,8338553
24722415,23,8338488
24723628,21,8334904
24724840,24,8334904
24726053,26,8334904
24727265,22,8334904
24728478,21,8334904
24729690,23,8334904
24730902,24,8334904
24732115,24,8334904
24733327,25,8334893
24734540,26,8332077
24735753,22,8332077
24736964,26,8332077
24738177,24,8332077
24739390,29,8332077
24740602,25,8332077
24741814,25,8332077
24743027,27,8332077
24744239,28,8332110
24745452,24,8340814
24746665,26,8340814
24747877,24,8340814
24749090,26,8340814
24750302,22,8340814
24751514,24,8340814
24752726,26,8340814
24753939,25,8340814
24755152,21,8340814
24756365,25,8340814
24757578,28,8340814
24758789,28,8340814
24760001,29,8340814
24761214,28,8340814
24762427,31,8340814
24763639,25,8340814
24770913,35,8340814
24772126,34,8340814
24773338,31,8340814
24774551,29,8340814
24775763,32,8340814
24776975,31,8336703
24778188,28,8336703
24779401,31,8336703
24780613,32,8336703
24781825,30,8336703
24783037,30,8336703
24784250,30,8336703
24785463,26,8336703
24786675,31,8336703
24787887,28,8334184
24789100,28,8334184
24790312,28,8334184
24791524,32,8334184
24792736,32,8334184
24793949,28,8334184
24795162,29,8334184
24796374,28,8334184
24797586,30,8334184
24798799,28,8331615
24800011,23,8331615
24801224,31,8331615
24802435,34,8331615
24803648,29,8331615
24804861,29,8331615
24806073,30,8331615
24807285,32,8331615
24808498,29,8331615
24809710,29,8337011
24810923,27,8337011
24812135,33,8337011
24813347,29,8337011
24814561,31,8337011
24815772,30,8337011
24816985,30,8337011
24818197,28,8337011
24819409,29,8337011
24820622,29,8334030
24821834,24,8334030
24823047,28,8334030
24824259,32,8334030
24825472,26,8334030
24826684,30,8334030
24827897,29,8334030
24829109,30,8334030
24830321,34,8334030
24831534,29,8336960
24832746,22,8336960
24833958,32,8336960
24835171,30,8336960
24836383,31,8336960
24837596,30,8336960
24838808,31,8336960
24840021,31,8336960
24841233,30,8336960
24842446,27,8336857
24843658,23,8336857
24844870,29,8336857
24846083,31,8336857
24847295,29,8336857
24855782,31,8336857
24856995,30,8336857
24858208,28,8336857
24859419,33,8336857
24860632,30,8336857
24861844,30,8336857
24863056,29,8336857
24864269,28,8337371
24865481,25,8335881
24866694,23,8335881
24867907,22,8335881
24869119,23,8335881
24870331,22,8335881
24871544,25,8335881
24872757,19,8335881
24873969,24,8335881
24875182,23,8335881
24876394,28,8341174
24877606,24,8341174
24878819,25,8341174
24880031,23,8341174
24881243,26,8341174
24882456,23,8341174
24883668,25,8341174
24884881,25,8341174
24886093,27,8341174
24887306,24,8330844
24888518,23,8330844
24889731,23,8330844
24890943,24,8330844
24892156,23,8330844
24893369,24,8330844
24894580,23,8330844
24895793,22,8330844
24897006,23,8330844
24898218,22,8332797
24899431,26,8332797
24900643,26,8332797
24901855,27,8332797
24903068,20,8332797
24904280,22,8332797
24905492,22,8332797
24906705,25,8332797
24907918,24,8332797
24909130,26,8332650
24910343,19,8334442
24911555,25,8334442
24912767,21,8334442
24913979,25,8334442
24915192,23,8334442
24916405,25,8334442
24917617,20,8334442
24918829,23,8334442
24920041,26,8334560
24921253,23,8338656
24922466,21,8338656
24923679,25,8338656
24924891,28,8338656
24926104,22,8338656
24927316,23,8338656
24928529,21,8338656
24929741,22,8338656
24930953,21,8338486
24932166,33,8334390
24940652,25,8334390
24941865,28,8334390
24943078,24,8334390
24944290,30,8334390
24945502,26,8334390
24946714,31,8334390
24947928,30,8334390
24949140,30,8334390
24950352,30,8334390
24951565,30,8334390
24952776,29,8336292
24953989,23,8336292
24955202,30,8336292
24956415,31,8336292
24957627,29,8336292
24958839,31,8336292
24960051,31,8336292
24961264,28,8336292
24962476,29,8336292
24963690,34,8337473
24964902,25,8337473
24966114,31,8337473
24967327,30,8337473
24968539,31,8337473
24969751,30,8337473
24970963,31,8337473
24972177,27,8337473
24973389,36,8337473
24974602,29,8334698
24975814,24,8334698
24977026,29,8334698
24978239,31,8334698
24979451,29,8334698
24980664,28,8334698
24981877,31,8334698
24983089,30,8334698
24984301,32,8334698
24985514,29,8337628
24986726,25,8337628
24987939,28,8337628
24989151,30,8337628
24990364,32,8337628
24991575,29,8337628
24992788,29,8337628
24994001,30,8337628
24995213,31,8337628
24996426,30,8333208
24997638,25,8333208
24998851,31,8333208
25000063,30,8333208
25001276,32,8333208
25002489,28,8333208
25003701,31,8333208
25004913,29,8333208
25006126,29,8333208
25007338,28,8335521
25008550,25,8335521
25009763,27,8335521
25010976,27,8335521
25012189,27,8335521
25013400,30,8335521
25014613,31,8335521
25015826,30,8335521
25017038,32,8335521
25024313,22,8335521
25025525,27,8335521
25026738,28,8335521
25027950,31,8335521
25029162,27,8336292
25030375,27,8336292
25031587,31,8336292
25032800,29,8336292
25034012,30,8336292
25035225,30,8336292
25036438,32,8336292
25037650,28,8336292
25038862,31,8336292
25040074,29,8335983
25041287,26,8335983
25042499,28,8335983
25043711,29,8335983
25044924,30,8335983
25046137,32,8335983
25047348,29,8335983
25048561,28,8335983
25049774,27,8335983
25050986,29,8336754
25052198,24,8335110
25053411,28,8335110
25054623,25,8335110
25055835,24,8335110
25057048,26,8335110
25058261,25,8335110
25059473,20,8335110
25060685,26,8335110
25061898,25,8335110
25063110,27,8333671
25064323,25,8333671
25065535,27,8333671
25066748,24,8333671
25067961,24,8333671
25069173,22,8333671
25070386,24,8333671
25071598,25,8333671
25072811,23,8333671
25074024,22,8330227
25075236,29,8330227
25076449,22,8330227
25077661,27,8330227
25078873,25,8330227
25080086,27,8330227
25081298,24,8330227
25082511,23,8330227
25083723,26,8330227
25084936,28,8336754
25086148,23,8336754
25087361,24,8336754
25088574,25,8336754
25089786,25,8336754
25090999,25,8336754
25092211,23,8336754
25093423,24,8336754
25094636,26,8336754
25095848,25,8336856
25097060,22,8336600
25098273,24,8336600
25099486,22,8336600
25100698,32,8336600
25107972,27,8336600
25109185,29,8336600
25110398,34,8336600
25111610,31,8336600
25112822,30,8336600
25114035,31,8336600
25115247,26,8336600
25116459,26,8334544
25117671,26,8334544
25118884,27,8334544
25120097,29,8334544
25121309,28,8334544
25122521,28,8334544
25123734,32,8334544
25124946,27,8334544
25126158,27,8334544
25127371,30,8334544
25128583,23,8334544
25129796,25,8334544
25131009,30,8334544
25132221,31,8334544
25133433,32,8334544
25134646,30,8334544
25135858,30,8334544
25137070,30,8334544
25138283,29,8334544
25139495,31,8337936
25140707,27,8337936
25141920,26,8337936
25143133,34,8337936
25144346,29,8337936
25145557,32,8337936
25146770,27,8337936
25147982,32,8337936
25149195,31,8337936
25150407,30,8337936
25151619,26,8337936
25152832,29,8337936
25154044,30,8337936
25155257,31,8337936
25156469,29,8337936
25157682,31,8337936
25158894,29,8337936
25160106,29,8337936
25161320,29,8334236
25162531,25,8334236
25163744,31,8334236
25164956,30,8334236
25166169,28,8334236
25167381,31,8334236
25168594,29,8334236
25169806,32,8334236
25171019,29,8334236
25172232,30,8334750
25173444,22,8334750
25174656,30,8334750
25175869,30,8334750
25177082,32,8334750
25178295,30,8334750
25179507,29,8334750
25180719,29,8334750
25181931,29,8334750
25183144,29,8335675
25184356,33,8335675
25192843,31,8335675
25194056,29,8334852
25195268,27,8334852
25196481,31,8334852
25197693,29,8334852
25198906,30,8334852
25200119,29,8334852
25201331,30,8334852
25202543,30,8334852
25203755,30,8334852
25204969,32,8335932
25206180,26,8335932
25207393,31,8335932
25208606,29,8335932
25209818,32,8335932
25211031,28,8335932
25212243,29,8335932
25213455,25,8335932
25214669,28,8335932
25215880,29,8337422
25217094,25,8337422
25218306,31,8337422
25219519,28,8337422
25220731,30,8337422
25221943,28,8337422
25223156,28,8337422
25224369,30,8337422
25225581,27,8337422
25226794,30,8337628
25228006,25,8335007
25229219,25,8335007
25230431,25,8335007
25231643,23,8335007
25232856,26,8335007
25234068,28,8335007
25235281,23,8335007
25236494,23,8335007
25237706,25,8335007
25238918,25,8338142
25240132,25,8338142
25241344,23,8338142
25242556,28,8338142
25243768,24,8338142
25244982,23,8338142
25246193,27,8338142
25247406,24,8338142
25248618,25,8338142
25249831,22,8335058
25251044,25,8335058
25252256,26,8335058
25253468,22,8335058
25254680,22,8335058
25255894,27,8335058
25257106,25,8335058
25258318,25,8335058
25259530,22,8335058
25260743,25,8332437
25261956,24,8332437
25263168,25,8332437
25264381,24,8332437
25265592,22,8332437
25266806,23,8332437
25268018,24,8332437
25269230,29,8332437
25277718,29,8332437
25278930,30,8332437
25280143,28,8332437
25281355,28,8343743
25282568,23,8343774
25283780,22,8338142
25284994,26,8338142
25286206,25,8338142
25287418,26,8338142
25288630,27,8338142
25289843,23,8338142
25291056,24,8338142
25292268,25,8338142
25293481,21,8338027
25294693,24,8334955
25295905,25,8334955
25297118,25,8334955
25298330,22,8334955
25299543,26,8334955
25300755,23,8334955
25301968,22,8334955
25303180,23,8334955
25304393,28,8334955
25305606,24,8334955
25306818,32,8334955
25308030,30,8334955
25309242,31,8334955
25310455,25,8334955
25311667,29,8334955
25312880,31,8334955
25314093,29,8334955
25315305,22,8334955
25316517,25,8334955
25317730,29,8334955
25318942,29,8334955
25320155,29,8334955
25321367,30,8334955
25322579,30,8334955
25323792,29,8334955
25325005,32,8334955
25326217,32,8337114
25327429,24,8337114
25328642,29,8337114
25329854,30,8337114
25331066,31,8337114
25332278,33,8337114
25333491,28,8337114
25334703,29,8337114
25335917,31,8337114
25337128,31,8337679
25338341,24,8337679
25339554,30,8337679
25340766,27,8337679
25341978,30,8337679
25343191,30,8337679
25344403,29,8337679
25345615,29,8337679
25346829,31,8337679
25348041,31,8335110
25349254,24,8335110
25350466,27,8335110
25351678,29,8335110
25352890,27,8335110
25354103,25,8335110
25361378,37,8335110
25362590,30,8335110
25363802,29,8335110
25365015,31,8335110
25366228,31,8335110
25367439,33,8335110
25368652,31,8335110
25369864,30,8335007
25371078,25,8335007
25372289,31,8335007
25373502,30,8335007
25374714,32,8335007
25375927,31,8335007
25377139,31,8335007
25378351,29,8335007
25379564,30,8335007
25380776,30,8331563
25381989,24,8331563
25383201,30,8331563
25384414,30,8331563
25385626,30,8331563
25386838,29,8331563
25388050,30,8331563
25389263,30,8331563
25390476,25,8331563
25391687,33,8334287
25392900,24,8334287
25394112,29,8334287
25395325,29,8334287
25396537,30,8334287
25397749,31,8334287
25398962,31,8334287
25400174,29,8334287
25401387,31,8334287
25402599,33,8335572
25403811,24,8335572
25405023,28,8335572
25406237,27,8335572
25407448,29,8335572
25408660,25,8335572
25409873,31,8335572
25411086,30,8335572
25412298,31,8335572
25413510,30,8333054
25414722,26,8333979
25415935,28,8333979
25417147,23,8333979
25418360,27,8333979
25419573,25,8333979
25420784,21,8333979
25421997,26,8333979
25423210,26,8333979
25424422,23,8333979
25425634,27,8337422
25426847,26,8337422
25428060,25,8337422
25429272,27,8337422
25430484,22,8337422
25431696,27,8337422
25432910,22,8337422
25434122,24,8337422
25435334,21,8337422
25436547,25,8336754
25437759,33,8336754
25446247,40,8336754
25447459,32,8337063
25448672,23,8337063
25449885,23,8337063
25451097,22,8337063
25452310,24,8337063
25453522,23,8337063
25454734,25,8337063
25455947,25,8337063
25457159,25,8337063
25458372,23,8342664
25459584,24,8342664
25460797,24,8342664
25462009,23,8342664
25463222,24,8342664
25464434,23,8342664
25465647,25,8342664
25466860,23,8342664
25468072,25,8342664
25469284,25,8342556
25470497,21,8341276
25471709,26,8341276
25472922,25,8341276
25474134,24,8341276
25475347,26,8341276
25476559,23,8341276
25477771,24,8341276
25478984,24,8341276
25480196,25,8341273
25481409,24,8340249
25482622,28,8340249
25483834,25,8340249
25485047,25,8340249
25486258,24,8340249
25487471,19,8340249
25488683,22,8340249
25489896,25,8340249
25491108,24,8340249
25492321,23,8340249
25493533,30,8340249
25494745,31,8340249
25495958,30,8340249
25497171,31,8340249
25498383,30,8340249
25499595,31,8340249
25500808,32,8340249
25502020,26,8340249
25503233,26,8340249
25504445,29,8340249
25505658,30,8340249
25506870,30,8340249
25508082,30,8340249
25509295,31,8340249
25510507,30,8340249
25511719,30,8340249
25512932,31,8338964
25514144,26,8338964
25515357,29,8338964
25516569,31,8338964
25517781,27,8338964
25518994,30,8338964
25520206,32,8338964
25521419,28,8338964
25522631,29,8338964
25529906,38,8338964
25531118,30,8338964
25532331,30,8338964
25533543,32,8338964
25534755,28,8337885
25535968,23,8337885
25537181,30,8337885
25538393,29,8337885
25539606,31,8337885
25540818,32,8337885
25542030,31,8337885
25543243,29,8337885
25544455,26,8337885
25545667,29,8335932
25546880,24,8335932
25548092,28,8335932
25549305,26,8335932
25550517,30,8335932
25551730,31,8335932
25552942,28,8335932
25554154,25,8335932
25555366,29,8335932
25556579,32,8336754
25557792,22,8336754
25559004,29,8336754
25560217,29,8336754
25561429,30,8336754
25562641,28,8336754
25563854,31,8336754
25565066,30,8336754
25566279,30,8336754
25567491,29,8337011
25568704,25,8337011
25569916,27,8337011
25571128,30,8337011
25572342,28,8337011
25573554,29,8337011
25574766,30,8337011
25575979,28,8337011
25577191,30,8337011
25578403,30,8337833
25579616,23,8337833
25580828,28,8337833
25582041,29,8337833
25583253,28,8337833
25584466,28,8337833
25585678,31,8337833
25586891,32,8337833
25588104,31,8337833
25589315,29,8332591
25590528,25,8332591
25591740,29,8332591
25592953,29,8332591
25594165,26,8332591
25595379,29,8332591
25596591,31,8332591
25597803,31,8332591
25599015,30,8332591
25600228,29,8336189
25601441,27,8336703
25602653,22,8336703
25603865,25,8336703
25605079,25,8336703
25606291,31,8336703
25614778,27,8336703
25615991,27,8336703
25617204,27,8336703
25618416,31,8336703
25619629,31,8336703
25620840,32,8336703
25622053,30,8336600
25623265,22,8331821
25624478,21,8331821
25625691,21,8331821
25626903,26,8331821
25628116,24,8331821
25629328,20,8331821
25630540,25,8331821
25631753,22,8331821
25632965,25,8331821
25634177,27,8339478
25635390,28,8339478
25636603,25,8339478
25637815,24,8339478
25639027,24,8339478
25640239,26,8339478
25641452,25,8339478
25642664,26,8339478
25643877,23,8339478
25645089,26,8336343
25646302,22,8336343
25647515,20,8336343
25648727,23,8336343
25649939,27,8336343
25651152,25,8336343
25652364,25,8336343
25653578,25,8336343
25654790,24,8336343
25656002,24,8336310
25657214,21,8341174
25658427,23,8341174
25659639,23,8341174
25660852,21,8341174
25662065,24,8341174
25663277,24,8341174
25664489,25,8341174
25665702,26,8341174
25666915,25,8341056
25668127,23,8336960
25669339,24,8336960
25670552,25,8336960
25671765,21,8336960
25672977,23,8336960
25674190,25,8336960
25675401,24,8336960
25676614,23,8336960
25677827,24,8336960
25679039,27,8336960
25680252,31,8336960
25681464,30,8336960
25682676,28,8336960
25683888,28,8336960
25685101,30,8336960
25686313,30,8336960
25687527,28,8336960
25688738,25,8336960
25689951,25,8336960
25691163,27,8336960
25698437,38,8336960
25699650,31,8336292
25700863,23,8336292
25702074,28,8336292
25703287,28,8336292
25704499,29,8336292
25705711,30,8336292
25706924,30,8336292
25708137,34,8336292
25709349,32,8336292
25710561,30,8335726
25711774,25,8335726
25712986,31,8335726
25714199,29,8335726
25715411,30,8335726
25716623,29,8335726
25717835,30,8335726
25719048,32,8335726
25720261,29,8335726
25721473,29,8337525
25722686,24,8337525
25723898,30,8337525
25725110,31,8337525
25726323,28,8337525
25727535,30,8337525
25728747,31,8337525
25729960,28,8337525
25731173,29,8337525
25732384,33,8334647
25733597,24,8334647
25734809,28,8334647
25736022,29,8334647
25737234,32,8334647
25738446,30,8334647
25739659,30,8334647
25740871,28,8334647
25742084,30,8334647
25743296,29,8333825
25744510,21,8333825
25745722,31,8333825
25746934,29,8333825
25748147,31,8333825
25749359,31,8333825
25750572,29,8333825
25751784,30,8333825
25752997,27,8333825
25754209,28,8334236
25755421,23,8334236
25756634,29,8334236
25757846,30,8334236
25759058,28,8334236
25760272,30,8334236
25761484,29,8334236
25762696,30,8334236
25763908,29,8334236
25765121,29,8335829
25766334,26,8335829
25767546,31,8335829
25768759,25,8335829
25769971,32,8335829
25771184,25,8335829
25772396,29,8335829
25773608,27,8335829
25774821,29,8335829
25782096,35,8335829
25783308,28,8335829
25784521,30,8335829
25785733,30,8335829
25786946,30,8337885
25788159,23,8339735
25789371,24,8339735
25790583,26,8339735
25791796,26,8339735
25793008,25,8339735
25794222,26,8339735
25795434,28,8339735
25796646,25,8339735
25797858,24,8339735
25799071,24,8339015
25800283,27,8339015
25801496,20,8339015
25802709,27,8339015
25803921,22,8339015
25805133,24,8339015
25806346,25,8339015
25807558,24,8339015
25808771,21,8339015
25809983,22,8332232
25811196,22,8332232
25812408,27,8332232
25813620,23,8332232
25814833,25,8332232
25816046,24,8332232
25817257,26,8332232
25818470,21,8332232
25819683,25,8332232
25820896,26,8339272
25822107,24,8339272
25823320,24,8339272
25824533,25,8339272
25825744,22,8339272
25826957,20,8339272
25828170,23,8339272
25829382,25,8339272
25830594,27,8339272
25831807,24,8332283
25833019,23,8332283
25834232,26,8332283
25835445,25,8332283
25836656,23,8332283
25837869,27,8332283
25839082,24,8332283
25840294,21,8332283
25841507,25,8332283
25842719,28,8332053
25843932,30,8339221
25845145,23,8339221
25846357,25,8339221
25847570,25,8339221
25848782,25,8339221
25849994,26,8339221
25851207,26,8339221
25852420,24,8339221
25853631,23,8339215
25854844,22,8337679
25856057,27,8337679
25857269,24,8337679
25858482,28,8337679
25865859,28,8337679
25866969,30,8337679
25868181,30,8337679
25869393,32,8337679
25870606,31,8337679
25871819,32,8337679
25873031,30,8337679
25874244,29,8335829
25875456,22,8335829
25876669,23,8335829
25877881,29,8335829
25879093,30,8335829
25880306,29,8335829
25881518,31,8335829
25882731,28,8335829
25883943,32,8335829
25885156,29,8335829
25886369,28,8337987
25887580,26,8337987
25888793,30,8337987
25890006,29,8337987
25891218,28,8337987
25892431,30,8337987
25893643,31,8337987
25894855,31,8337987
25896068,29,8337987
25897281,29,8331666
25898493,22,8331666
25899706,31,8331666
25900918,28,8331666
25902130,34,8331666
25903343,31,8331666
25904555,31,8331666
25905767,31,8331666
25906979,32,8331666
25908193,28,8336189
25909405,24,8336189
25910617,28,8336189
25911830,30,8336189
25913042,30,8336189
25914254,29,8336189
25915467,28,8336189
25916679,31,8336189
25917891,29,8336189
25919104,29,8333311
25920317,24,8333311
25921529,33,8333311
25922741,31,8333311
25923954,28,8333311
25925166,30,8333311
25926379,28,8333311
25927591,30,8333311
25928803,28,8333311
25930015,29,8340197
25931228,28,8340197
25932440,32,8340197
25933653,29,8340197
25934865,31,8340197
25936078,33,8340197
25937290,30,8340197
25938502,31,8340197
25939715,30,8340197
25940927,31,8336651
25942140,32,8336651
25950626,29,8336651
25951839,29,8332643
25953051,26,8332643
25954263,30,8332643
25955477,29,8332643
25956689,30,8332643
25957901,28,8332643
25959113,29,8332643
25960326,32,8332643
25961539,32,8332643
25962750,29,8335881
25963963,23,8335881
25965176,28,8335881
25966388,29,8335881
25967600,29,8335881
25968812,32,8335881
25970025,29,8335881
25971237,30,8335881
25972450,28,8335881
25973662,30,8334852
25974874,28,8337371
25976087,25,8337371
25977300,22,8337371
25978512,16,8337371
25979724,25,8337371
25980937,30,8337371
25982149,24,8337371
25983361,24,8337371
25984573,25,8337371
25985786,24,8334133
25986998,24,8334133
25988211,25,8334133
25989423,25,8334133
25990636,25,8334133
25991848,26,8334133
25993060,27,8334133
25994274,27,8334133
25995486,23,8334133
25996698,24,8328172
25997911,27,8328172
25999123,25,8328172
26000336,23,8328172
26001548,26,8328172
26002761,22,8328172
26003973,22,8328172
26005185,25,8328172
26006397,26,8328172
26007610,25,8344052
26008822,25,8344052
26010035,23,8344052
26011247,25,8344052
26012460,22,8344052
26013673,26,8344052
26014885,28,8344052
26016098,25,8344052
26017310,23,8344052
26018522,24,8330587
26019735,24,8330587
26020947,25,8330587
26022160,22,8330587
26023372,25,8330587
26024585,25,8330587
26025798,24,8330587
26027010,27,8330587
26035497,31,8330587
26036710,28,8330587
26037922,30,8330587
26039135,31,8332694
26040347,23,8332598
26041560,25,8334390
26042772,22,8334390
26043985,23,8334390
26045197,27,8334390
26046410,27,8334390
26047622,26,8334390
26048835,27,8334390
26050047,25,8334390
26051260,25,8334390
26052472,22,8334390
26053684,29,8334390
26054897,27,8334390
26056110,30,8334390
26057322,32,8334390
26058534,31,8334390
26059747,29,8334390
26060959,28,8339529
26062172,21,8339529
26063384,26,8339529
26064598,31,8339529
26065810,29,8339529
26067022,29,8339529
26068234,29,8339529
26069448,29,8339529
26070660,29,8339529
26071873,30,8339529
26073084,29,8339889
26074298,22,8339889
26075510,30,8339889
26076723,26,8339889
26077935,29,8339889
26079147,28,8339889
26080360,26,8339889
26081573,29,8339889
26082786,30,8339889
26083998,29,8335932
26085210,25,8335932
26086422,30,8335932
26087635,29,8335932
26088847,32,8335932
26090060,30,8335932
26091273,32,8335932
26092485,30,8335932
26093698,33,8335932
26094909,28,8336497
26096122,23,8336497
26097335,29,8336497
26098548,29,8336497
26099759,29,8336497
26100972,28,8336497
26102185,28,8336497
26103397,34,8336497
26104610,28,8336497
26105822,31,8337165
26107035,24,8337165
26108247,33,8337165
26109460,31,8337165
26110672,28,8337165
26111884,29,8337165
26119159,27,8337165
26120372,28,8337165
26121584,28,8337165
26122798,28,8337165
26124010,30,8337165
26125222,29,8337165
26126435,33,8337165
26127647,28,8335469
26128860,25,8335469
26130072,32,8335469
26131285,28,8335469
26132497,27,8335469
26133709,31,8335469
26134922,33,8335469
26136134,33,8335469
26137347,29,8335469
26138559,30,8339118
26139772,24,8339118
26140984,31,8339118
26142197,31,8339118
26143409,29,8339118
26144622,29,8339118
26145835,31,8339118
26147047,33,8339118
26148260,30,8339118
26149473,27,8335521
26150686,28,8335521
26151897,29,8335521
26153110,31,8335521
26154323,29,8335521
26155536,31,8335521
26156748,28,8335521
26157960,31,8335521
26159173,29,8335521
26160386,29,8337628
26161598,24,8333928
26162811,27,8333928
26164024,24,8333928
26165236,24,8333928
26166448,25,8333928
26167662,26,8333928
26168874,29,8333928
26170086,25,8333928
26171299,22,8333928
26172512,22,8339272
26173724,26,8339272
26174937,29,8339272
26176149,23,8339272
26177363,23,8339272
26178575,25,8339272
26179787,23,8339272
26181000,26,8339272
26182213,25,8339272
26183425,24,8329713
26184638,26,8329713
26185850,27,8329713
26187063,25,8329713
26188275,25,8329713
26189488,22,8329713
26190700,27,8329713
26191914,26,8329713
26193126,27,8329713
26194339,23,8336240
26195551,32,8336240
26202859,33,8336240
26204039,41,8336240
26205251,31,8334493
26206464,22,8334493
26207676,23,8334493
26208889,30,8334493
26210102,22,8334493
26211314,23,8334493
26212528,27,8334493
26213739,21,8334493
26214952,25,8334493
26216164,22,8334508
26217378,25,8338604
26218590,28,8338604
26219803,27,8338604
26221016,25,8338604
26222228,24,8338604
26223441,25,8338604
26224653,24,8338604
26225865,26,8338604
26227079,22,8338571
26228290,24,8343435
26229503,21,8343435
26230715,25,8343435
26231929,24,8343435
26233141,22,8343435
26234353,21,8343435
26235567,25,8343435
26236779,25,8343435
26237992,22,8343435
26239205,24,8343435
26240417,31,8343435
26241630,29,8343435
26242842,31,8343435
26244054,30,8343435
26245267,30,8343435
26246480,29,8343435
26247692,33,8343435
26248904,25,8343435
26250117,24,8343435
26251330,27,8343435
26252543,32,8343435
26253756,30,8343435
26254967,30,8343435
26256180,29,8343435
26257393,33,8343435
26258606,26,8343435
26259818,29,8335932
26261031,23,8335932
26262243,30,8335932
26263455,28,8335932
26264669,31,8335932
26265881,28,8335932
26267093,32,8335932
26268307,29,8335932
26269518,31,8335932
26270731,29,8331255
26271943,24,8331255
26273157,28,8331255
26274369,29,8331255
26275582,33,8331255
26276794,29,8331255
26278006,29,8331255
26279219,28,8331255
26286494,28,8331255
26287707,29,8331255
26288920,31,8331255
26290132,30,8331255
26291344,29,8331255
26292557,29,8330741
26293770,22,8330741
26294982,31,8330741
26296195,29,8330741
26297407,32,8330741
26298620,29,8330741
26299832,29,8330741
26301045,30,8330741
26302257,33,8330741
26303470,29,8337217
26304683,23,8337217
26305895,28,8337217
26307108,31,8337217
26308321,29,8337217
26309533,31,8337217
26310746,28,8337217
26311958,32,8337217
26313170,29,8337217
26314383,30,8337422
26315595,24,8337422
26316808,32,8337422
26318021,29,8337422
26319233,30,8337422
26320446,26,8337422
26321658,29,8337422
26322870,30,8337422
26324083,32,8337422
26325296,32,8338501
26326508,24,8338501
26327721,29,8338501
26328933,27,8338501
26330146,31,8338501
26331358,28,8338501
26332570,30,8338501
26333783,30,8338501
26334995,30,8338501
26336208,31,8336549
26337421,24,8336549
26338633,29,8336549
26339846,31,8336549
26341058,31,8336549
26342270,28,8336549
26343484,28,8336549
26344695,30,8336549
26345908,32,8336549
26347121,30,8334493
26348333,24,8334493
26349546,31,8334493
26350758,27,8334493
26351971,31,8334493
26353184,30,8334493
26354397,33,8334493
26355609,31,8334493
26356822,29,8334493
26358034,30,8336035
26359246,25,8335366
26360459,20,8335366
26361672,26,8335366
26362884,29,8335366
26371373,41,8335366
26372584,32,8335366
26373798,30,8335366
26375010,29,8335366
26376222,28,8335366
26377435,32,8335366
26378647,31,8335366
26379860,30,8332643
26381073,25,8331153
26382285,25,8331153
26383498,23,8331153
26384710,27,8331153
26385923,25,8331153
26387135,26,8331153
26388349,21,8331153
26389561,24,8331153
26390774,22,8331153
26391986,24,8333465
26393198,26,8333465
26394412,26,8333465
26395624,24,8333465
26396836,26,8333465
26398049,23,8333465
26399261,23,8333465
26400474,20,8333465
26401687,24,8333465
26402899,25,8333547
26404112,24,8341739
26405324,24,8341739
26406537,26,8341739
26407750,24,8341739
26408962,23,8341739
26410175,26,8341739
26411387,27,8341739
26412599,25,8341739
26413812,24,8341671
26415024,21,8337063
26416238,26,8337063
26417450,24,8337063
26418662,24,8337063
26419874,25,8337063
26421087,27,8337063
26422300,22,8337063
26423512,24,8337063
26424725,24,8336900
26425937,26,8334852
26427150,23,8334852
26428363,29,8334852
26429575,27,8334852
26430787,24,8334852
26432000,26,8334852
26433212,25,8334852
26434425,26,8334852
26435638,25,8334852
26436850,25,8334852
26438063,28,8334852
26439275,29,8334852
26440488,31,8334852
26441700,31,8334852
26442913,30,8334852
26444126,31,8334852
26445338,30,8334852
26446551,31,8345850
26447763,30,8345850
26456252,28,8345850
26457464,28,8335058
26458677,23,8335058
26459888,28,8335058
26461101,28,8335058
26462314,27,8335058
26463527,29,8335058
26464739,31,8335058
26465951,32,8335058
26467164,29,8335058
26468376,29,8336292
26469589,26,8336292
26470802,27,8336292
26472014,31,8336292
26473226,31,8336292
26474439,30,8336292
26475651,30,8336292
26476864,27,8336292
26478077,29,8336292
26479289,32,8332386
26480501,22,8332386
26481714,28,8332386
26482926,29,8332386
26484140,31,8332386
26485352,32,8332386
26486565,29,8332386
26487777,29,8332386
26488990,33,8332386
26490202,31,8335007
26491414,25,8335007
26492627,31,8335007
26493839,29,8335007
26495052,32,8335007
26496265,32,8335007
26497477,27,8335007
26498690,30,8335007
26499902,31,8335007
26501115,32,8334287
26502327,23,8334287
26503541,31,8334287
26504753,29,8334287
26505965,29,8334287
26507177,30,8334287
26508390,31,8334287
26509603,29,8334287
26510815,34,8334287
26512028,30,8336395
26513241,28,8336395
26514453,26,8336395
26515666,31,8336395
26516878,31,8336395
26518090,31,8336395
26519304,32,8336395
26520516,28,8336395
26521728,30,8336395
26522941,31,8336086
26524153,20,8336086
26525366,31,8336086
26526578,27,8336086
26527791,30,8336086
26529004,31,8336086
26530217,27,8336086
26531430,30,8336086
26532642,27,8336086
26539918,39,8336086
26541130,34,8336086
26542343,28,8336086
26543556,29,8336086
26544768,28,8333516
26545980,27,8338193
26547193,22,8338193
26548406,24,8338193
26549618,26,8338193
26550830,25,8338193
26552044,26,8338193
26553255,25,8338193
26554468,21,8338193
26555681,25,8338193
26556894,26,8332077
26558106,22,8332077
26559318,25,8332077
26560531,23,8332077
26561743,24,8332077
26562957,23,8332077
26564169,21,8332077
26565382,25,8332077
26566594,23,8332077
26567806,25,8331409
26569019,22,8331409
26570232,24,8331409
26571444,27,8331409
26572657,25,8331409
26573869,24,8331409
26575082,25,8331409
26576295,21,8331409
26577507,23,8331409
26578719,27,8326476
26579932,25,8326476
26581145,23,8326476
26582358,26,8326476
26583570,23,8326476
26584783,22,8326476
26585995,26,8326476
26587208,25,8326476
26588420,23,8326476
26589633,27,8326476
26590845,24,8326476
26592059,28,8326476
26593270,25,8326476
26594483,23,8326476
26595696,25,8326476
26596909,24,8326476
26598122,25,8326476
26599334,25,8326476
26600546,24,8326464
26601758,21,8336960
26602971,27,8336960
26604184,26,8336960
26605396,26,8336960
26606609,23,8336960
26607821,25,8336960
26609034,25,8336960
26610247,25,8336960
26611459,21,8337000
26612671,24,8334184
26613884,26,8334184
26615097,24,8334184
26616309,31,8334184
26624797,30,8334184
26626010,30,8334184
26627222,29,8334184
26628434,34,8334184
26629647,28,8334184
26630860,31,8334184
26632072,33,8338347
26633284,24,8338347
26634498,22,8338347
26635710,30,8338347
26636922,27,8338347
26638134,32,8338347
26639347,28,8338347
26640560,31,8338347
26641773,29,8338347
26642985,33,8338347
26644197,31,8335264
26645410,27,8335264
26646622,29,8335264
26647835,29,8335264
26649047,31,8335264
26650259,31,8335264
26651472,29,8335264
26652684,30,8335264
26653898,31,8335264
26655110,29,8335624
26656322,22,8335624
26657534,29,8335624
26658747,29,8335624
26659959,33,8335624
26661173,28,8335624
26662384,35,8335624
26663598,28,8335624
26664810,31,8335624
26666022,31,8334082
26667235,27,8334082
26668447,29,8334082
26669660,29,8334082
26670873,29,8334082
26672085,34,8334082
26673297,33,8334082
26674511,31,8334082
26675723,30,8334082
26676935,31,8335829
26678148,25,8335829
26679360,33,8335829
26680573,27,8335829
26681785,28,8335829
26682998,31,8335829
26684210,32,8335829
26685422,30,8335829
26686635,30,8335829
26687848,30,8338090
26689060,24,8338090
26690273,29,8338090
26691486,29,8338090
26692698,32,8338090
26693910,29,8338090
26695123,31,8338090
26696336,31,8338090
26697549,29,8338090
26698760,26,8334184
26699973,23,8334184
26701186,29,8334184
26708461,29,8334184
26709674,31,8336446
26710886,26,8336446
26712099,28,8336446
26713312,31,8336446
26714524,29,8336446
26715737,30,8336446
26716949,30,8336446
26718161,29,8336446
26719374,28,8336446
26720587,29,8336960
26721799,23,8336960
26723011,28,8336960
26724225,29,8336960
26725436,31,8336960
26726649,29,8336960
26727862,27,8336960
26729074,31,8336960
26730286,31,8336960
26731499,29,8335315
26732711,26,8338399
26733924,24,8338399
26735136,27,8338399
26736349,25,8338399
26737562,23,8338399
26738774,19,8338399
26739986,22,8338399
26741199,26,8338399
26742412,24,8338399
26743624,25,8339632
26744837,23,8339632
26746049,24,8339632
26747261,25,8339632
26748473,23,8339632
26749686,25,8339632
26750899,24,8339632
26752112,25,8339632
26753324,22,8339632
26754536,26,8334904
26755748,26,8334904
26756961,24,8334904
26758173,21,8334904
26759387,28,8334904
26760599,27,8334904
26761811,23,8334904
26763024,23,8334904
26764236,29,8334904
26765448,23,8332643
26766661,25,8332643
26767873,23,8332643
26769086,27,8332643
26770298,23,8332643
26771511,22,8332643
26772723,24,8332643
26773936,27,8332643
26775148,22,8332643
26776360,23,8332746
26777573,25,8332746
26778786,23,8332746
26779998,21,8332746
26781211,25,8332746
26782423,23,8332746
26783635,24,8332746
26784848,30,8332746
26793336,29,8332746
26794547,28,8332746
26795759,29,8332746
26796972,27,8330125
26798185,23,8330149
26799398,25,8336805
26800609,23,8336805
26801822,26,8336805
26803035,25,8336805
26804247,24,8336805
26805459,21,8336805
26806672,23,8336805
26807885,27,8336805
26809098,24,8336805
26810310,19,8336805
26811522,28,8336805
26812735,33,8336805
26813947,31,8336805
26815159,29,8336805
26816372,30,8336805
26817584,30,8336805
26818797,28,8339015
26820010,21,8339015
26821223,22,8339015
26822435,30,8339015
26823647,28,8339015
26824860,29,8339015
26826072,31,8339015
26827285,30,8339015
26828497,29,8339015
26829709,32,8339015
26830922,28,8337576
26832135,27,8337576
26833347,31,8337576
26834560,31,8337576
26835773,29,8337576
26836985,29,8337576
26838197,31,8337576
26839409,32,8337576
26840622,31,8337576
26841835,28,8334750
26843048,25,8334750
26844260,30,8334750
26845472,27,8334750
26846685,30,8334750
26847897,31,8334750
26849110,31,8334750
26850322,30,8334750
26851535,34,8334750
26852747,33,8332334
26853959,27,8332334
26855172,28,8332334
26856385,32,8332334
26857597,28,8332334
26858809,29,8332334
26860022,28,8332334
26861234,29,8332334
26862447,30,8332334
26863659,29,8336600
26864872,24,8336600
26866084,29,8336600
26867297,32,8336600
26868509,30,8336600
26869721,33,8336600
26876996,24,8336600
26878209,28,8336600
26879421,28,8336600
26880633,29,8336600
26881846,31,8336600
26883058,30,8336600
26884271,34,8336600
26885483,29,8338142
26886695,27,8338142
26887908,31,8338142
26889121,29,8338142
26890333,28,8338142
26891545,28,8338142
26892758,29,8338142
26893970,30,8338142
26895183,29,8338142
26896396,29,8337319
26897608,27,8337319
26898820,27,8337319
26900032,29,8337319
26901245,31,8337319
26902457,29,8337319
26903670,31,8337319
26904883,31,8337319
26906096,29,8337319
26907308,28,8336857
26908520,21,8336857
26909733,30,8336857
26910945,29,8336857
26912158,31,8336857
26913369,28,8336857
26914582,34,8336857
26915795,30,8336857
26917007,28,8336857
26918220,29,8334647
26919432,26,8334082
26920644,23,8334082
26921857,25,8334082
26923070,25,8334082
26924282,26,8334082
26925495,23,8334082
26926707,27,8334082
26927919,23,8334082
26929132,26,8334082
26930344,22,8337063
26931557,26,8337063
26932770,22,8337063
26933981,23,8337063
26935195,23,8337063
26936407,24,8337063
26937619,27,8337063
26938832,23,8337063
26940044,25,8337063
26941257,26,8335366
26942470,21,8335366
26943682,24,8335366
26944895,27,8335366
26946108,25,8335366
26947320,19,8335366
26948532,24,8335366
26949745,23,8335366
26950958,25,8335366
26952170,24,8329045
26953382,28,8329045
26961869,36,8329045
26963083,29,8336086
26964295,20,8336086
26965507,23,8336086
26966720,22,8336086
26967933,26,8336086
26969145,22,8336086
26970358,22,8336086
26971570,26,8336086
26972783,22,8336086
26973995,25,8336043
26975207,25,8338347
26976420,24,8338347
26977631,25,8338347
26978844,25,8338347
26980057,22,8338347
26981269,25,8338347
26982481,22,8338347
26983694,24,8338347
26984907,23,8338336
26986119,23,8335264
26987332,21,8335264
26988544,23,8335264
26989756,21,8335264
26990969,22,8335264
26992182,22,8335264
26993394,30,8335264
26994607,23,8335264
26995819,21,8335264
26997032,24,8335264
26998245,32,8335264
26999457,29,8335264
27000670,28,8335264
27001882,29,8335264
27003094,31,8335264
27004308,29,8335264
27005519,32,8334955
27006732,25,8334955
27007945,27,8334955
27009157,28,8334955
27010370,28,8334955
27011582,27,8334955
27012794,29,8334955
27014007,29,8334955
27015220,30,8334955
27016432,29,8334955
27017645,30,8338039
27018857,24,8338039
27020070,34,8338039
27021282,30,8338039
27022494,27,8338039
27023707,29,8338039
27024919,29,8338039
27026132,30,8338039
27027344,31,8338039
27028557,28,8337319
27029770,24,8337319
27030982,29,8337319
27032194,27,8337319
27033407,30,8337319
27034619,30,8337319
27035832,31,8337319
27037044,31,8337319
27038257,28,8337319
27046744,31,8337319
27047957,31,8337319
27049169,29,8337319
27050382,30,8333722
27051594,26,8333722
27052807,27,8333722
27054019,31,8333722
27055232,31,8333722
27056445,31,8333722
27057656,27,8333722
27058870,28,8333722
27060082,30,8333722
27061295,31,8337165
27062507,20,8337165
27063719,29,8337165
27064931,28,8337165
27066144,27,8337165
27067356,27,8337165
27068569,26,8337165
27069781,33,8337165
27070994,32,8337165
27072207,29,8333311
27073419,27,8333311
27074631,30,8333311
27075844,29,8333311
27077056,32,8333311
27078269,28,8333311
27079481,28,8333311
27080694,33,8333311
27081906,30,8333311
27083118,31,8337319
27084331,23,8337319
27085543,30,8337319
27086756,31,8337319
27087969,30,8337319
27089181,29,8337319
27090393,31,8337319
27091606,27,8337319
27092818,30,8337319
27094031,31,8334493
27095244,23,8334493
27096456,30,8334493
27097668,31,8334493
27098881,29,8334493
27100093,29,8334493
27101306,32,8334493
27102518,31,8334493
27103731,29,8334493
27104943,31,8336292
27106156,23,8338399
27107368,22,8338399
27108581,24,8338399
27109793,21,8338399
27111006,25,8338399
27112219,28,8338399
27113431,27,8338399
27114643,26,8338399
27115856,25,8338399
27117069,23,8336292
27118281,24,8336292
27119493,23,8336292
27120706,26,8336292
27121918,24,8336292
27123131,29,8336292
27131618,26,8336292
27132830,29,8336292
27134043,29,8336292
27135256,31,8336292
27136468,29,8336292
27137681,27,8338296
27138893,24,8335161
27140105,25,8335161
27141317,23,8335161
27142530,23,8335161
27143743,23,8335161
27144955,24,8335161
27146167,25,8335161
27147380,25,8335161
27148593,24,8335161
27149806,25,8332951
27151018,25,8332951
27152231,23,8332951
27153443,27,8332951
27154655,25,8332951
27155868,23,8332951
27157081,29,8332951
27158293,24,8332951
27159506,21,8332951
27160718,22,8332804
27161931,26,8334596
27163143,20,8334596
27164355,23,8334596
27165568,24,8334596
27166780,20,8334596
27167993,26,8334596
27169206,23,8334596
27170419,27,8334596
27171631,24,8334643
27172843,24,8333619
27174056,28,8333619
27175268,25,8333619
27176481,23,8333619
27177694,25,8333619
27178906,22,8333619
27180119,24,8333619
27181331,25,8333619
27182544,27,8333619
27183757,26,8333619
27184968,29,8333619
27186181,29,8333619
27187394,32,8333619
27188606,29,8333619
27189819,32,8333619
27191031,28,8333619
27192244,30,8337422
27193456,23,8337422
27194670,26,8337422
27195882,31,8337422
27197094,28,8337422
27198306,28,8337422
27199519,30,8337422
27200731,31,8337422
27201944,31,8337422
27203157,30,8337422
27204370,29,8337422
27205582,24,8337422
27206794,31,8337422
27208007,31,8338296
27215282,28,8338398
27216494,40,8338398
27217707,29,8338398
27218919,30,8338398
27220133,35,8338398
27221344,30,8338398
27222557,29,8338398
27223769,29,8338398
27224982,31,8338398
27226194,28,8338142
27227408,25,8338142
27228620,29,8338142
27229833,33,8338142
27231045,30,8338142
27232257,29,8338142
27233470,30,8338142
27234682,30,8338142
27235895,29,8338142
27237107,31,8332386
27238320,24,8332386
27239533,30,8332386
27240745,32,8332386
27241957,31,8332386
27243170,29,8332386
27244382,29,8332386
27245595,27,8332386
27246807,29,8332386
27248020,30,8334801
27249232,23,8334801
27250445,28,8334801
27251658,27,8334801
27252870,29,8334801
27254082,31,8334801
27255295,29,8334801
27256508,29,8334801
27257720,29,8334801
27258932,29,8333465
27260146,21,8333465
27261358,31,8333465
27262570,30,8333465
27263783,29,8333465
27264995,31,8333465
27266208,27,8333465
27267421,30,8333465
27268633,27,8333465
27269846,30,8334852
27271058,25,8334852
27272270,27,8334852
27273483,27,8334852
27274695,31,8334852
27275908,31,8334852
27277121,28,8334852
27278334,31,8334852
27279546,31,8334852
27280759,31,8335932
27281971,22,8335932
27283183,29,8335932
27284396,32,8335932
27285608,31,8335932
27286821,30,8335932
27288034,31,8335932
27289246,29,8335932
27290459,27,8335932
27291671,31,8335932
27298946,33,8335932
27300158,35,8335932
27301372,30,8335932
27302584,28,8336600
27303796,26,8334955
27305008,22,8334955
27306222,25,8334955
27307434,26,8334955
27308646,23,8334955
27309859,27,8334955
27311072,23,8334955
27312284,24,8334955
27313496,20,8334955
27314709,19,8334698
27315921,24,8334698
27317134,26,8334698
27318347,21,8334698
27319559,25,8334698
27320771,21,8334698
27321983,23,8334698
27323197,24,8334698
27324409,24,8334698
27325622,27,8332540
27326834,28,8332540
27328047,29,8332540
27329259,22,8332540
27330472,22,8332540
27331683,26,8332540
27332896,24,8332540
27334109,24,8332540
27335321,22,8332540
27336534,23,8336035
27337746,21,8336035
27338960,23,8336035
27340172,22,8336035
27341384,27,8336035
27342597,26,8336035
27343810,26,8336035
27345022,24,8336035
27346234,29,8336035
27347447,23,8336030
27348659,23,8334750
27349871,26,8334750
27351085,24,8334750
27352297,24,8334750
27353510,23,8334750
27354722,26,8334750
27355934,27,8334750
27357146,22,8334750
27358359,22,8334672
27359572,22,8341328
27360784,23,8341328
27361996,22,8341328
27363210,24,8341328
27364422,26,8341328
27365634,27,8341328
27366847,23,8341328
27368059,26,8341328
27369272,24,8341328
27370484,22,8341328
27371696,30,8341328
27372909,31,8341328
27374121,26,8341328
27375334,33,8341328
27383821,33,8341328
27385034,32,8341328
27386247,30,8341328
27387459,30,8341328
27388671,28,8341328
27389883,31,8341328
27391096,30,8332437
27392309,23,8332437
27393521,28,8332437
27394734,30,8332437
27395946,29,8332437
27397159,27,8332437
27398371,29,8332437
27399583,30,8332437
27400796,29,8332437
27402008,28,8336600
27403221,26,8336600
27404434,34,8336600
27405646,30,8336600
27406858,28,8336600
27408071,28,8336600
27409284,30,8336600
27410496,30,8336600
27411708,29,8336600
27412920,31,8335007
27414134,28,8335007
27415345,31,8335007
27416559,32,8335007
27417771,31,8335007
27418983,29,8335007
27420196,31,8335007
27421409,31,8335007
27422620,31,8335007
27423834,32,8336549
27425046,25,8336549
27426258,29,8336549
27427470,27,8336549
27428683,31,8336549
27429895,30,8336549
27431108,30,8336549
27432321,29,8336549
27433533,29,8336549
27434746,32,8335572
27435958,26,8335572
27437170,30,8335572
27438383,29,8335572
27439595,31,8335572
27440808,31,8335572
27442021,30,8335572
27443233,33,8335572
27444446,28,8335572
27445658,30,8330433
27446871,26,8330433
27448084,32,8330433
27449296,29,8330433
27450508,30,8330433
27451720,33,8330433
27452934,29,8330433
27454145,29,8330433
27455358,26,8330433
27456570,28,8335726
27457783,21,8335726
27458995,27,8335726
27460207,28,8335726
27467481,28,8334339
27468694,25,8334339
27469906,33,8334339
27471118,28,8334339
27472330,28,8334339
27473543,31,8334339
27474755,30,8334339
27475967,29,8334339
27477179,29,8334339
27478392,32,8335829
27479604,23,8334082
27480817,25,8334082
27482029,24,8334082
27483241,25,8334082
27484453,23,8334082
27485666,23,8334082
27486878,27,8334082
27488090,22,8334082
27489303,19,8334082
27490515,25,8326476
27491727,26,8326476
27492939,25,8326476
27494152,23,8326476
27495364,23,8326476
27496578,25,8326476
27497789,21,8326476
27499001,25,8326476
27500214,25,8326476
27501427,24,8338399
27502639,25,8338399
27503851,24,8338399
27505063,22,8338399
27506276,25,8338399
27507488,22,8338399
27508700,26,8338399
27509912,28,8338399
27511125,24,8338399
27512337,24,8329971
27513549,27,8329971
27514762,23,8329971
27515974,22,8329971
27517186,24,8329971
27518399,26,8329971
27519611,23,8329971
27520823,23,8329971
27522036,24,8329971
27523248,23,8329765
27524460,20,8329765
27525672,24,8329765
27526886,26,8329765
27528097,25,8329765
27529310,26,8329765
27530522,24,8329765
27531734,23,8329765
27532947,24,8329765
27534159,23,8329917
27535371,23,8342973
27536583,26,8342973
27537796,24,8342973
27539008,25,8342973
27540220,27,8342973
27541433,29,8342973
27542646,24,8342973
27543857,34,8342973
27552344,31,8342973
27553556,31,8342973
27554768,30,8331409
27555981,25,8331409
27557193,25,8331409
27558405,30,8331409
27559617,31,8331409
27560830,31,8331409
27562042,31,8331409
27563255,31,8331409
27564467,29,8331409
27565678,32,8335521
27566891,27,8335521
27568104,23,8335521
27569316,30,8335521
27570528,32,8335521
27571740,32,8335521
27572952,31,8335521
27574164,27,8335521
27575377,30,8335521
27576590,31,8335521
27577802,31,8333516
27579014,23,8333516
27580226,29,8333516
27581438,29,8333516
27582652,30,8333516
27583863,30,8333516
27585076,31,8333516
27586288,29,8333516
27587501,32,8333516
27588712,32,8335058
27589925,22,8335058
27591137,31,8335058
27592350,28,8335058
27593562,28,8335058
27594774,29,8335058
27595986,31,8335058
27597198,31,8335058
27598411,31,8335058
27599623,30,8336549
27600835,27,8336549
27602047,29,8336549
27603259,29,8336549
27604472,26,8336549
27605684,31,8336549
27606897,30,8336549
27608109,31,8336549
27609321,29,8336549
27610533,30,8335469
27611746,24,8335469
27612958,30,8335469
27614171,29,8335469
27615383,30,8335469
27616595,32,8335469
27617807,34,8335469
27619019,32,8335469
27620232,32,8335469
27621444,31,8338861
27622657,24,8338861
27623869,29,8338861
27625080,32,8338861
27626293,29,8338861
27627506,28,8338861
27628717,33,8338861
27635992,24,8338861
27637204,28,8338861
27638417,31,8338861
27639629,28,8338861
27640842,29,8338861
27642054,32,8338861
27643266,28,8334493
27644478,22,8334493
27645690,30,8334493
27646903,30,8334493
27648115,29,8334493
27649328,28,8334493
27650540,33,8334493
27651753,29,8334493
27652965,31,8334493
27654177,29,8334544
27655389,26,8334544
27656602,28,8334544
27657814,29,8334544
27659026,29,8334544
27660238,29,8334544
27661450,29,8334544
27662663,29,8334544
27663875,29,8334544
27665088,29,8331153
27666300,24,8333054
27667512,22,8333054
27668725,23,8333054
27669937,26,8333054
27671149,22,8333054
27672361,23,8333054
27673574,25,8333054
27674786,24,8333054
27675998,26,8333054
27677210,23,8335110
27678423,24,8335110
27679635,25,8335110
27680847,25,8335110
27682060,25,8335110
27683272,25,8335110
27684484,24,8335110
27685696,24,8335110
27686909,24,8335110
27688121,25,8338656
27689334,23,8338656
27690546,27,8338656
27691758,24,8338656
27692971,23,8338656
27694183,25,8338656
27695396,28,8338656
27696607,25,8338656
27697820,26,8338656
27699032,25,8339272
27700245,23,8339272
27701457,22,8339272
27702669,25,8339272
27703882,22,8339272
27705094,27,8339272
27706306,24,8339272
27707518,19,8339272
27708731,27,8339272
27709943,25,8339246
27711155,22,8332334
27712368,34,8332334
27720853,38,8332406
27722066,26,8337782
27723278,26,8337782
27724491,24,8337782
27725704,24,8337782
27726916,28,8337782
27728128,26,8337782
27729340,21,8337782
27730552,26,8337782
27731765,23,8337782
27732977,27,8337782
27734189,30,8337782
27735401,29,8337782
27736614,30,8337782
27737826,29,8337782
27739039,32,8337782
27740251,32,8337782
27741464,28,8337782
27742675,26,8337782
27743888,30,8337782
27745100,28,8337782
27746313,30,8337782
27747524,31,8337782
27748738,33,8337782
27749950,29,8337782
27751162,27,8337782
27752375,28,8337782
27753586,29,8334442
27754799,27,8334442
27756011,31,8334442
27757224,29,8334442
27758436,33,8334442
27759648,30,8334442
27760860,30,8334442
27762073,32,8334442
27763285,31,8334442
27764498,30,8333876
27765710,26,8333876
27766922,31,8333876
27768136,31,8333876
27769347,30,8333876
27770559,28,8333876
27771772,28,8333876
27772985,30,8333876
27774197,28,8333876
27775409,28,8338604
27776622,27,8338604
27777834,31,8338604
27779046,31,8338604
27780258,34,8338604
27781470,30,8338604
27782683,29,8338604
27783895,32,8338604
27785107,30,8338604
27786320,30,8333054
27787533,23,8333054
27788745,32,8333054
27789957,30,8333054
27791170,29,8333054
27792381,30,8333054
27793594,29,8333054
27794807,31,8333054
27796019,29,8333054
27797231,29,8333054
27804505,29,8333054
27805718,28,8333054
27806930,26,8333054
27808143,28,8337628
27809355,23,8337628
27810567,28,8337628
27811780,29,8337628
27812992,32,8337628
27814205,29,8337628
27815417,35,8337628
27816630,31,8337628
27817842,28,8337628
27819054,31,8333362
27820266,25,8333362
27821479,27,8333362
27822691,31,8333362
27823903,28,8333362
27825116,30,8333362
27826328,32,8333362
27827540,32,8333362
27828752,31,8333362
27829965,29,8336292
27831178,23,8336292
27832389,33,8336292
27833602,29,8336292
27834814,31,8336292
27836027,30,8336292
27837239,33,8336292
27838451,27,8336292
27839663,29,8336292
27840875,29,8334184
27842088,27,8333876
27843301,22,8333876
27844513,21,8333876
27845726,25,8333876
27846938,26,8333876
27848150,25,8333876
27849363,24,8333876
27850574,25,8333876
27851787,21,8333876
27852999,24,8336446
27854211,23,8336446
27855424,24,8336446
27856636,23,8336446
27857849,25,8336446
27859061,25,8336446
27860273,25,8336446
27861485,24,8336446
27862697,31,8336446
27863910,23,8324985
27865122,23,8324985
27866335,21,8324985
27867547,26,8324985
27868759,23,8324985
27869971,24,8324985
27871183,23,8324985
27872396,31,8324985
27873608,28,8324985
27874821,25,8336908
27876032,26,8336908
27877245,26,8336908
27878457,19,8336908
27879670,26,8336908
27880882,29,8336908
27889368,35,8336908
27890580,28,8336908
27891792,31,8336908
27893005,31,8336908
27894217,30,8336908
27895429,32,8329919
27896641,25,8329896
27897854,24,8337576
27899066,24,8337576
27900279,27,8337576
27901491,21,8337576
27902703,26,8337576
27903916,25,8337576
27905129,26,8337576
27906340,24,8337576
27907553,27,8337461
27908765,24,8334133
27909977,22,8334133
27911190,24,8334133
27912401,23,8334133
27913614,25,8334133
27914826,23,8334133
27916039,23,8334133
27917251,22,8334133
27918464,22,8334133
27919675,23,8334133
27920888,29,8334133
27922100,30,8334133
27923313,31,8334133
27924525,29,8334133
27925737,31,8334133
27926949,29,8334133
27928161,27,8330279
27929374,25,8330279
27930586,27,8330279
27931798,29,8330279
27933010,32,8330279
27934223,32,8330279
27935435,30,8330279
27936647,31,8330279
27937859,31,8330279
27939072,26,8330279
27940284,31,8333722
27941496,21,8333722
27942709,28,8333722
27943921,31,8333722
27945133,31,8333722
27946345,26,8333722
27947558,30,8333722
27948770,33,8333722
27949983,29,8333722
27951196,31,8335469
27952408,25,8335469
27953620,30,8335469
27954833,32,8335469
27956044,28,8335469
27957257,29,8335469
27958469,29,8335469
27959681,31,8335469
27960894,30,8335469
27962106,29,8338142
27963318,24,8338142
27964530,29,8338142
27965742,33,8333260
27973016,19,8333119
27974228,30,8336703
27975441,41,8336703
27976653,29,8336703
27977865,25,8336703
27979078,22,8336703
27980290,24,8336703
27981502,22,8336703
27982715,23,8336703
27983927,24,8336703
27985140,23,8336703
27986352,29,8336703
27987564,30,8336703
27988777,32,8336703
27989988,32,8336703
27991201,29,8336703
27992413,31,8336703
27993626,31,8336703
27994838,31,8343589
27996050,29,8343589
27997262,29,8343589
27998475,26,8343589
27999687,30,8343589
28000899,30,8343589
28002111,29,8343589
28003323,27,8343589
28004536,30,8343589
28005748,29,8336292
28006961,26,8336292
28008173,28,8336292
28009385,33,8336292
28010598,31,8336292
28011810,29,8336292
28013022,31,8336292
28014234,30,8336292
28015446,28,8336292
28016659,32,8334236
28017871,23,8334236
28019084,32,8334236
28020296,31,8334236
28021508,27,8334236
28022720,31,8334236
28023932,32,8334236
28025145,29,8334236
28026357,33,8334236
28027569,30,8336035
28028782,24,8335778
28029994,25,8335778
28031207,25,8335778
28032419,24,8335778
28033630,25,8335778
28034843,24,8335778
28036055,23,8335778
28037267,24,8335778
28038479,21,8335778
28039692,28,8336805
28040905,25,8336805
28042116,23,8336805
28043329,23,8336805
28044541,25,8336805
28045753,23,8336805
28046966,24,8336805
28048178,24,8336805
28049390,28,8336805
28057875,27,8336805
28059088,29,8336805
28060300,29,8335829
28061512,21,8337011
28062724,23,8337011
28063937,28,8337011
28065149,21,8337011
28066361,23,8337011
28067573,28,8337011
28068785,22,8337011
28069998,25,8337011
28071210,25,8337011
28072423,23,8337011
28073635,25,8337011
28074847,28,8337011
28076059,29,8337011
28077271,24,8337011
28078484,21,8337011
28079697,24,8337011
28080909,27,8337011
28082120,26,8337011
28083333,26,8336922
28084545,18,8340506
28085758,26,8340506
28086970,23,8340506
28088182,24,8340506
28089395,27,8340506
28090606,25,8340506
28091819,23,8340506
28093031,23,8340506
28094243,24,8340486
28095456,19,8335366
28096668,23,8335366
28097881,25,8335366
28099093,26,8335366
28100305,22,8335366
28101518,22,8335366
28102730,26,8335366
28103942,23,8335366
28105155,22,8335366
28106366,25,8335366
28107578,31,8335366
28108791,29,8335366
28110003,32,8335366
28111216,33,8335366
28112428,29,8335366
28113641,29,8335366
28114853,31,8339118
28116065,24,8339118
28117277,21,8339118
28118490,28,8339118
28119702,29,8339118
28120914,29,8339118
28122127,30,8339118
28123339,31,8339118
28124551,31,8339118
28125763,31,8339118
28126975,30,8337319
28128188,24,8337319
28129400,27,8337319
28130613,28,8337319
28131825,25,8337319
28133036,29,8337319
28134249,29,8337319
28141523,34,8337319
28142735,32,8337319
28143947,30,8337319
28145159,28,8337319
28146372,28,8337319
28147585,29,8337319
28148797,28,8331718
28150009,21,8331718
28151221,28,8331718
28152434,32,8331718
28153646,30,8331718
28154858,33,8331718
28156070,31,8331718
28157282,32,8331718
28158495,27,8331718
28159707,31,8334852
28160920,26,8334852
28162132,30,8334852
28163344,32,8334852
28164556,30,8334852
28165769,29,8334852
28166981,29,8334852
28168193,27,8334852
28169405,32,8334852
28170618,30,8335675
28171830,26,8335675
28173042,31,8335675
28174254,30,8335675
28175467,27,8335675
28176679,30,8335675
28177891,31,8335675
28179104,30,8335675
28180316,31,8335675
28181528,30,8339529
28182740,22,8339529
28183952,29,8339529
28185165,29,8339529
28186377,31,8339529
28187590,29,8339529
28188802,29,8339529
28190014,29,8339529
28191226,30,8339529
28192438,30,8338090
28193650,23,8338090
28194863,30,8338090
28196075,28,8338090
28197287,30,8338090
28198500,32,8338090
28199712,31,8338090
28200924,32,8338090
28202137,32,8338090
28203349,29,8334852
28204562,25,8334852
28205774,30,8334852
28206986,31,8334852
28208198,30,8334852
28209412,32,8334852
28210623,30,8334852
28211835,30,8334852
28213048,29,8334852
28214261,30,8334390
28215473,20,8335572
28216685,23,8335572
28217897,29,8335572
28226387,42,8335572
28227596,33,8335572
28228808,31,8335572
28230021,30,8335572
28231233,30,8335572
28232446,29,8335572
28233657,31,8335572
28234870,31,8335572
28236082,27,8335624
28237294,21,8334596
28238506,24,8334596
28239718,23,8334596
28240931,26,8334596
28242144,22,8334596
28243355,25,8334596
28244568,27,8334596
28245780,23,8334596
28246993,26,8334596
28248205,26,8335932
28249418,26,8335932
28250630,27,8335932
28251842,22,8335932
28253054,25,8335932
28254266,25,8335932
28255479,21,8335932
28256692,24,8335932
28257904,27,8335932
28259116,25,8336117
28260328,25,8344565
28261541,28,8344565
28262752,23,8344565
28263965,21,8344565
28265178,24,8344565
28266390,28,8344565
28267602,26,8344565
28268815,23,8344565
28270027,24,8344561
28271239,26,8329457
28272452,25,8329457
28273663,24,8329457
28274876,26,8329457
28276088,26,8329457
28277300,23,8329457
28278513,21,8329457
28279725,24,8329457
28280938,28,8329457
28282150,22,8329457
28283362,30,8329457
28284574,29,8329457
28285786,31,8329457
28286999,31,8329457
28288211,31,8329457
28289424,33,8329457
28290636,34,8329457
28291848,25,8329457
28293060,25,8329457
28294273,27,8329457
28295485,28,8329457
28296698,31,8329457
28297910,27,8329457
28299123,30,8329457
28300335,29,8329457
28301547,29,8329457
28302759,34,8329457
28310036,29,8329457
28311246,31,8329457
28312459,26,8329457
28313671,32,8332489
28314883,26,8332489
28316096,31,8332489
28317308,32,8332489
28318521,31,8332489
28319733,32,8332489
28320945,32,8332489
28322158,27,8332489
28323370,28,8332489
28324582,31,8334596
28325795,24,8334596
28327007,30,8334596
28328219,28,8334596
28329432,32,8334596
28330645,29,8334596
28331856,31,8334596
28333069,31,8334596
28334281,30,8334596
28335493,30,8337987
28336706,26,8337987
28337918,30,8337987
28339131,32,8337987
28340343,29,8337987
28341555,29,8337987
28342767,30,8337987
28343979,30,8337987
28345192,28,8337987
28346404,27,8332746
28347617,25,8332746
28348829,28,8332746
28350041,29,8332746
28351253,30,8332746
28352466,28,8332746
28353678,31,8332746
28354891,31,8332746
28356103,29,8332746
28357316,29,8337371
28358527,23,8337371
28359740,33,8337371
28360953,29,8337371
28362165,25,8337371
28363377,29,8337371
28364590,29,8337371
28365802,30,8337371
28367014,30,8337371
28368227,31,8332489
28369439,27,8332489
28370651,30,8332489
28371863,32,8332489
28373076,28,8332489
28374288,27,8332489
28375501,31,8332489
28376712,29,8332489
28377925,31,8332489
28379137,31,8334544
28380350,22,8334544
28381562,26,8334544
28382774,30,8334544
28383987,30,8334544
28385198,30,8334544
28386411,27,8334544
28394898,29,8334544
28396110,32,8334544
28397322,27,8334544
28398534,29,8334544
28399746,31,8334544
28400959,33,8335418
28402171,24,8334904
28403384,25,8334904
28404595,26,8334904
28405808,24,8334904
28407021,24,8334904
28408232,25,8334904
28409445,21,8334904
28410657,24,8334904
28411869,28,8334904
28413082,25,8332077
28414295,21,8332077
28415507,22,8332077
28416719,29,8332077
28417931,24,8332077
28419143,27,8332077
28420356,24,8332077
28421568,25,8332077
28422781,25,8332077
28423993,26,8335881
28425205,26,8335881
28426418,25,8335881
28427630,22,8335881
28428842,24,8335881
28430054,23,8335881
28431266,25,8335881
28432479,23,8335881
28433692,26,8335881
28434904,28,8331101
28436116,28,8331101
28437329,23,8331101
28438540,25,8331101
28439754,24,8331101
28440966,25,8331101
28442178,23,8331101
28443390,25,8331101
28444602,24,8331101
28445814,26,8331165
28447027,22,8334493
28448240,27,8334493
28449452,23,8334493
28450664,25,8334493
28451877,25,8334493
28453088,25,8334493
28454300,22,8334493
28455513,23,8334493
28456725,28,8334378
28457938,27,8331050
28459150,22,8331050
28460363,23,8331050
28461575,24,8331050
28462787,25,8331050
28463999,21,8331050
28465212,26,8331050
28466424,21,8331050
28467637,26,8331050
28468849,22,8331050
28470061,28,8331050
28471273,30,8337114
28479759,28,8337114
28480972,29,8337114
28482184,30,8337114
28483396,31,8337114
28484608,30,8337114
28485821,27,8337114
28487034,31,8337114
28488246,32,8337114
28489458,26,8335212
28490670,21,8335212
28491882,28,8335212
28493094,29,8335212
28494307,29,8335212
28495519,33,8335212
28496731,29,8335212
28497944,29,8335212
28499156,30,8335212
28500368,30,8335315
28501580,25,8335315
28502793,26,8335315
28504005,28,8335315
28505217,31,8335315
28506429,32,8335315
28507642,29,8335315
28508854,29,8335315
28510066,31,8335315
28511278,31,8333568
28512491,22,8333568
28513703,29,8333568
28514915,28,8333568
28516127,30,8333568
28517340,31,8333568
28518552,29,8333568
28519764,31,8333568
28520978,30,8333568
28522190,30,8333106
28523402,22,8333106
28524614,31,8333106
28525826,31,8333106
28527039,31,8333106
28528250,29,8333106
28529463,31,8333106
28530675,30,8333106
28531887,30,8333106
28533099,28,8335726
28534313,25,8335726
28535524,31,8335726
28536736,31,8335726
28537949,30,8335726
28539161,28,8335726
28540373,32,8335726
28541586,31,8335726
28542798,29,8335726
28544010,31,8337371
28545222,26,8337371
28546434,34,8337371
28547647,29,8337371
28548860,32,8337371
28550071,30,8337371
28551284,30,8337371
28552496,27,8337371
28553709,30,8337371
28554921,32,8334596
28556133,30,8334596
28564619,24,8334596
28565832,31,8334236
28567044,25,8334236
28568257,28,8334236
28569469,27,8334236
28570682,32,8334236
28571894,31,8334236
28573106,29,8334236
28574318,29,8334236
28575531,31,8334236
28576743,29,8335315
28577956,23,8336754
28579167,21,8336754
28580381,23,8336754
28581593,25,8336754
28582804,22,8336754
28584017,22,8336754
28585230,24,8336754
28586442,24,8336754
28587654,25,8336754
28588867,27,8325345
28590079,23,8325345
28591291,25,8325345
28592503,21,8325345
28593715,23,8325345
28594928,23,8325345
28596140,25,8325345
28597352,23,8325345
28598564,24,8325345
28599776,19,8340968
28600990,22,8340968
28602201,25,8340968
28603413,26,8340968
28604626,23,8340968
28605838,27,8340968
28607050,26,8340968
28608262,22,8340968
28609475,19,8340968
28610687,28,8336446
28611899,26,8336446
28613112,26,8336446
28614324,24,8336446
28615537,25,8336446
28616748,22,8336446
28617960,23,8336446
28619173,24,8336446
28620386,27,8336446
28621597,25,8336446
28622810,25,8336446
28624022,25,8336446
28625234,24,8336446
28626447,24,8336446
28627659,24,8336446
28628871,25,8336446
28630083,28,8336446
28631295,21,8336446
28632507,23,8336385
28633720,24,8333825
28634933,27,8333825
28636145,22,8333825
28637356,21,8333825
28638569,24,8333825
28639782,21,8333825
28640994,29,8333825
28649479,29,8333825
28650692,30,8333825
28651904,30,8333825
28653117,31,8328840
28654329,26,8328840
28655541,25,8328840
28656753,27,8328840
28657965,30,8328840
28659178,30,8328840
28660389,33,8328840
28661602,31,8328840
28662815,31,8328840
28664026,33,8335983
28665239,26,8335983
28666452,22,8335983
28667663,30,8335983
28668876,30,8335983
28670088,31,8335983
28671301,28,8335983
28672513,29,8335983
28673725,31,8335983
28674938,26,8335983
28676149,30,8338244
28677361,26,8338244
28678575,30,8338244
28679786,33,8338244
28680999,29,8338244
28682211,30,8338244
28683424,28,8338244
28684636,31,8338244
28685848,29,8338244
28687060,29,8336651
28688272,21,8336651
28689484,29,8336651
28690698,29,8336651
28691910,30,8336651
28693122,30,8336651
28694333,30,8336651
28695546,30,8336651
28696758,30,8336651
28697970,32,8332437
28699182,25,8332437
28700395,32,8332437
28701607,29,8332437
28702819,30,8332437
28704031,30,8332437
28705244,32,8332437
28706456,28,8332437
28707668,29,8332437
28708880,32,8338296
28710093,28,8338296
28711305,30,8338296
28712518,29,8338296
28713730,31,8338296
28714942,28,8338296
28716154,31,8338296
28717366,31,8338296
28718578,30,8338296
28719791,28,8335675
28721004,27,8335675
28722216,30,8335675
28723427,29,8335675
28724640,31,8335675
28725852,29,8335675
28733125,35,8335675
28734338,30,8335675
28735549,30,8335675
28736762,28,8335675
28737974,29,8335675
28739186,29,8335675
28740399,29,8335675
28741611,29,8337576
28742823,27,8337576
28744035,29,8337576
28745248,31,8337576
28746459,29,8337576
28747672,31,8337576
28748884,29,8337576
28750097,29,8337576
28751308,30,8337576
28752520,30,8334904
28753732,25,8333362
28754944,26,8333362
28756157,23,8333362
28757369,26,8333362
28758582,24,8333362
28759794,22,8333362
28761005,24,8333362
28762217,26,8333362
28763430,27,8333362
28764642,26,8340249
28765854,27,8340249
28767067,25,8340249
28768279,25,8340249
28769491,19,8340249
28770703,24,8340249
28771915,26,8340249
28773128,24,8340249
28774339,24,8340249
28775551,26,8327247
28776763,22,8327247
28777976,25,8327247
28779188,25,8327247
28780400,27,8327247
28781613,22,8327247
28782824,23,8327247
28784037,26,8327247
28785249,29,8327247
28786462,20,8336086
28787674,23,8336086
28788886,39,8336086
28790099,29,8336086
28791311,23,8336086
28792523,22,8336086
28793735,25,8336086
28794947,27,8336086
28796160,21,8336086
28797372,22,8335675
28798584,22,8335675
28799796,24,8335675
28801008,21,8335675
28802220,25,8335675
28803433,29,8335675
28804645,22,8335675
28805857,23,8335675
28807069,24,8335675
28808281,24,8335619
28809494,26,8334339
28816859,32,8334339
28817982,29,8334339
28819191,20,8335983
28820404,40,8335983
28821616,26,8335983
28822829,23,8335983
28824041,25,8335983
28825254,24,8335983
28826466,17,8335983
28827678,23,8335983
28828890,30,8335983
28830102,23,8335983
28831315,22,8335983
28832526,30,8335983
28833739,31,8335983
28834951,31,8335983
28836164,27,8335983
28837375,27,8335983
28838588,29,8335983
28839801,30,8341431
28841013,20,8341431
28842225,25,8341431
28843437,31,8341431
28844650,30,8341431
28845862,33,8341431
28847074,30,8341431
28848286,31,8341431
28849499,30,8341431
28850711,29,8341431
28851923,29,8334750
28853136,25,8334750
28854347,31,8334750
28855559,33,8334750
28856772,30,8334750
28857985,30,8334750
28859196,29,8334750
28860409,30,8334750
28861621,29,8334750
28862833,30,8332848
28864046,26,8332848
28865257,29,8332848
28866470,28,8332848
28867682,29,8332848
28868894,31,8332848
28870107,30,8332848
28871319,29,8332848
28872531,30,8332848
28873743,31,8338501
28874956,25,8338501
28876167,27,8338501
28877380,30,8338501
28878592,29,8338501
28879804,30,8338501
28881017,31,8338501
28882229,31,8338501
28883441,31,8338501
28884654,31,8331821
28885865,27,8331821
28887078,32,8331821
28888290,29,8331821
28889503,30,8331821
28890715,30,8331821
28891927,30,8331821
28893139,29,8331821
28900413,35,8331821
28901626,31,8331821
28902838,28,8331821
28904050,30,8331821
28905262,30,8331821
28906475,29,8333671
28907687,24,8333671
28908899,29,8333671
28910112,31,8333671
28911324,27,8333671
28912536,29,8333671
28913749,31,8333671
28914961,31,8333671
28916173,28,8333671
28917385,28,8337987
28918597,23,8337987
28919810,29,8337987
28921023,30,8337987
28922235,31,8337987
28923447,29,8337987
28924659,31,8337987
28925871,29,8337987
28927084,31,8337987
28928296,32,8334904
28929508,20,8334904
28930720,30,8334904
28931932,28,8334904
28933145,28,8334904
28934358,30,8334904
28935569,31,8334904
28936781,29,8334904
28937994,33,8334904
28939206,29,8336343
28940418,26,8333414
28941631,21,8333414
28942843,28,8333414
28944056,25,8333414
28945267,20,8333414
28946480,22,8333414
28947692,28,8333414
28948905,26,8333414
28950117,27,8333414
28951329,22,8336754
28952541,27,8336754
28953754,22,8336754
28954966,25,8336754
28956179,23,8336754
28957391,29,8336754
28958603,24,8336754
28959815,24,8336754
28961027,23,8336754
28962239,27,8336754
28963452,21,8336754
28964665,25,8336754
28965877,24,8336754
28967088,24,8336754
28968301,22,8336754
28969513,23,8336754
28970726,26,8336754
28971938,26,8336754
28973151,23,8337833
28974363,26,8337833
28975575,23,8337833
28976787,31,8337833
28985273,26,8337833
28986486,29,8337833
28987698,29,8337833
28988910,31,8337833
28990122,30,8337833
28991336,28,8337833
28992547,30,8337833
28993759,27,8335007
28994973,26,8335063
28996184,25,8336343
28997397,29,8336343
28998609,23,8336343
28999821,23,8336343
29001033,23,8336343
29002246,23,8336343
29003458,20,8336343
29004670,25,8336343
29005882,23,8336212
29007095,25,8328532
29008308,24,8328532
29009519,25,8328532
29010731,24,8328532
29011943,25,8328532
29013156,23,8328532
29014368,24,8328532
29015580,26,8328532
29016793,23,8328532
29018005,26,8328532
29019217,30,8328532
29020430,34,8328532
29021642,31,8328532
29022855,30,8328532
29024067,29,8328532
29025279,30,8328532
29026491,28,8331821
29027703,26,8331821
29028916,26,8331821
29030129,33,8331821
29031341,31,8331821
29032552,31,8331821
29033765,27,8331821
29034978,29,8331821
29036190,28,8331821
29037402,31,8331821
29038614,27,8333568
29039827,22,8333568
29041039,28,8333568
29042251,31,8333568
29043463,28,8333568
29044676,30,8333568
29045887,28,8333568
29047100,31,8333568
29048312,27,8333568
29049525,30,8335469
29050737,30,8335469
29051949,30,8335469
29053161,32,8335469
29054373,30,8335469
29055586,29,8335469
29056798,30,8335469
29058010,30,8335469
29059222,33,8335469
29060435,33,8336343
29061646,24,8336343
29068921,36,8336343
29070133,36,8336343
29071345,32,8339426
29072557,27,8339426
29073770,29,8339426
29074982,31,8339426
29076194,29,8339426
29077406,30,8339426
29078618,31,8339426
29079831,29,8339426
29081042,30,8339426
29082256,29,8335572
29083468,21,8335572
29084679,28,8335572
29085891,31,8335572
29087104,30,8335572
29088317,31,8335572
29089528,30,8335572
29090740,33,8335572
29091953,32,8335572
29093165,29,8334750
29094378,24,8334750
29095590,31,8334750
29096802,28,8334750
29098014,30,8334750
29099226,27,8334750
29100439,33,8334750
29101652,32,8334750
29102863,33,8334750
29104076,29,8335469
29105288,23,8335469
29106500,31,8335469
29107712,29,8335469
29108925,30,8335469
29110137,28,8335469
29111350,32,8335469
29112562,31,8335469
29113774,28,8335469
29114986,30,8336497
29116198,27,8336497
29117411,30,8336497
29118623,30,8336497
29119835,31,8336497
29121047,32,8336497
29122260,32,8336497
29123472,30,8336497
29124684,29,8336497
29125896,30,8335521
29127108,24,8337319
29128321,23,8337319
29129532,26,8337319
29130745,21,8337319
29131958,23,8337319
29133170,26,8337319
29134381,26,8337319
29135594,25,8337319
29136806,23,8337319
29138018,22,8341328
29139231,25,8341328
29140443,27,8341328
29141655,24,8341328
29142868,26,8341328
29144080,26,8341328
29145292,32,8341328
29153778,28,8341328
29154990,29,8341328
29156202,30,8341328
29157414,31,8341328
29158626,31,8339940
29159839,23,8338450
29161051,26,8338450
29162263,21,8338450
29163475,19,8338450
29164687,24,8338450
29165900,27,8338450
29167112,25,8338450
29168324,23,8338450
29169537,26,8338450
29170748,24,8338643
29171961,22,8335315
29173173,25,8335315
29174385,25,8335315
29175597,22,8335315
29176810,25,8335315
29178022,24,8335315
29179234,26,8335315
29180447,25,8335315
29181658,25,8335271
29182871,22,8337063
29184084,25,8337063
29185295,23,8337063
29186508,20,8337063
29187720,24,8337063
29188932,28,8337063
29190145,22,8337063
29191358,22,8337063
29192570,25,8337063
29193782,22,8337063
29194994,28,8337063
29196206,32,8337063
29197418,29,8337063
29198631,29,8337063
29199843,30,8337063
29201055,31,8337063
29202268,31,8337063
29203481,22,8337063
29204692,25,8337063
29205905,30,8337063
29207117,30,8337063
29208329,30,8337063
29209541,33,8337063
29210754,29,8337063
29211967,29,8337063
29213179,31,8337063
29214391,33,8333928
29215603,24,8333928
29216815,32,8333928
29218027,32,8333928
29219240,31,8333928
29220453,27,8333928
29221664,32,8333928
29222876,31,8333928
29224089,29,8333928
29225301,28,8336292
29226514,23,8336292
29227726,28,8336292
29228938,32,8336292
29230150,29,8335930
29237424,37,8335418
29238636,36,8335418
29239848,26,8335418
29241061,26,8335418
29242273,22,8335418
29243485,24,8335418
29244698,26,8335418
29245910,23,8335418
29247121,24,8335418
29248333,21,8335418
29249546,30,8335418
29250758,29,8335418
29251970,28,8335418
29253183,29,8335418
29254396,33,8335418
29255607,29,8335418
29256819,29,8335418
29258032,32,8334647
29259244,23,8334647
29260457,27,8334647
29261668,32,8334647
29262880,29,8334647
29264093,31,8334647
29265305,31,8334647
29266517,31,8334647
29267730,32,8334647
29268942,31,8336960
29270155,23,8336960
29271367,30,8336960
29272578,32,8336960
29273791,28,8336960
29275003,29,8336960
29276216,30,8336960
29277427,30,8336960
29278641,29,8336960
29279853,28,8336600
29281065,23,8336600
29282277,31,8336600
29283490,29,8336600
29284701,31,8336600
29285914,30,8336600
29287126,31,8336600
29288338,28,8336600
29289550,31,8336600
29290762,28,8338296
29291975,25,8338296
29293188,30,8338296
29294399,30,8338296
29295612,28,8338296
29296824,27,8338296
29298036,28,8338296
29299249,32,8338296
29300461,27,8338296
29301674,29,8334801
29302886,27,8335983
29304098,23,8335983
29305311,24,8335983
29306524,21,8335983
29307736,25,8335983
29308949,23,8335983
29310161,24,8335983
29311374,22,8335983
29312586,24,8335983
29313798,32,8335983
29322286,28,8335983
29323498,31,8330485
29324711,26,8336446
29325923,23,8336446
29327135,25,8336446
29328347,23,8336446
29329560,25,8336446
29330773,23,8336446
29331985,22,8336446
29333197,24,8336446
29334410,23,8336446
29335622,22,8336240
29336835,26,8336240
29338048,26,8336240
29339259,22,8336240
29340472,20,8336240
29341685,23,8336240
29342897,26,8336240
29344110,24,8336240
29345322,24,8336240
29346534,25,8332643
29347747,23,8332643
29348959,22,8332643
29350172,22,8332643
29351385,27,8332643
29352596,23,8332643
29353810,26,8332643
29355021,26,8332643
29356235,25,8332643
29357447,24,8332634
29358659,26,8330330
29359871,25,8330330
29361085,25,8330330
29362297,23,8330330
29363509,21,8330330
29364722,24,8330330
29365934,28,8330330
29367146,25,8330330
29368359,23,8330298
29369571,24,8335418
29370783,21,8335418
29371996,23,8335418
29373209,24,8335418
29374421,23,8335418
29375634,25,8335418
29376847,25,8335418
29378059,22,8335418
29379271,23,8335418
29380484,23,8335418
29381696,30,8335418
29382908,33,8335418
29384121,27,8335418
29385333,31,8335418
29386546,30,8335418
29387759,30,8335418
29388971,31,8336754
29390183,22,8336754
29391396,29,8336754
29392609,28,8336754
29393820,31,8336754
29395033,33,8336754
29396245,27,8336754
29397458,29,8336754
29398670,30,8336754
29405945,33,8336754
29407158,30,8336754
29408371,27,8336754
29409583,31,8336754
29410795,26,8336754
29412007,31,8334133
29413220,27,8334133
29414432,29,8334133
29415645,29,8334133
29416858,29,8334133
29418070,29,8334133
29419282,31,8334133
29420495,31,8334133
29421707,30,8334133
29422920,31,8335315
29424132,22,8335315
29425344,29,8335315
29426558,29,8335315
29427770,29,8335315
29428982,28,8335315
29430195,30,8335315
29431407,33,8335315
29432619,30,8335315
29433833,29,8336651
29435045,24,8336651
29436257,31,8336651
29437470,26,8336651
29438682,29,8336651
29439894,30,8336651
29441107,34,8336651
29442319,29,8336651
29443532,28,8336651
29444745,32,8337576
29445957,25,8337576
29447169,29,8337576
29448382,31,8337576
29449594,27,8337576
29450806,29,8337576
29452018,28,8337576
29453231,29,8337576
29454444,28,8337576
29455656,30,8330844
29456869,28,8330844
29458081,30,8330844
29459294,32,8330844
29460506,30,8330844
29461718,30,8330844
29462931,30,8330844
29464144,27,8330844
29465356,29,8330844
29466569,30,8334133
29467781,25,8334133
29468994,30,8334133
29470206,30,8334133
29471419,29,8334133
29472631,29,8334133
29473844,33,8334133
29475056,28,8334133
29476269,33,8334133
29477481,31,8338193
29478694,25,8338193
29479906,28,8338193
29481118,30,8338193
29482331,31,8335881
29490818,30,8335881
29492031,26,8335881
29493244,24,8335881
29494455,20,8335881
29495669,26,8335881
29496881,29,8335881
29498093,27,8335881
29499306,24,8335881
29500518,23,8334493
29501731,28,8334493
29502944,20,8334493
29504156,21,8334493
29505369,23,8334493
29506580,25,8334493
29507794,23,8334493
29509006,23,8334493
29510219,25,8334493
29511431,28,8334852
29512643,26,8334852
29513856,23,8334852
29515068,22,8334852
29516281,25,8334852
29517494,24,8334852
29518706,25,8334852
29519919,25,8334852
29521131,23,8334852
29522344,24,8337833
29523556,25,8337833
29524769,25,8337833
29525981,24,8337833
29527193,25,8337833
29528406,25,8337833
29529618,25,8337833
29530831,27,8337833
29532043,25,8337833
29533256,25,8338090
29534468,20,8338090
29535681,24,8338090
29536894,22,8338090
29538106,28,8338090
29539318,26,8338090
29540531,23,8338090
29541743,23,8338090
29542956,22,8338090
29544169,23,8338076
29545381,27,8334236
29546594,29,8334236
29547806,23,8334236
29549019,23,8334236
29550231,24,8334236
29551444,24,8334236
29552657,22,8334236
29553869,25,8334236
29555081,25,8334081
29556293,23,8333825
29557506,23,8333825
29558719,24,8333825
29559931,27,8333825
29561144,23,8333825
29562356,22,8333825
29563569,25,8333825
29564782,24,8333825
29565994,26,8333825
29567207,29,8333825
29575694,35,8342356
29576907,24,8342356
29578120,25,8342356
29579333,34,8342356
29580545,30,8342356
29581758,29,8342356
29582970,30,8342356
29584182,27,8342356
29585395,33,8342356
29586608,30,8342356
29587820,28,8336343
29589032,24,8336343
29590245,29,8336343
29591457,29,8336343
29592670,30,8336343
29593882,30,8336343
29595095,30,8336343
29596307,28,8336343
29597520,29,8336343
29598733,29,8332334
29599946,22,8332334
29601159,31,8332334
29602371,29,8332334
29603583,31,8332334
29604795,29,8332334
29606008,29,8332334
29607220,31,8332334
29608433,34,8332334
29609645,30,8334647
29610858,28,8334647
29612071,30,8334647
29613283,29,8334647
29614496,28,8334647
29615709,29,8334647
29616921,33,8334647
29618134,35,8334647
29619346,31,8334647
29620559,29,8332900
29621771,25,8332900
29622983,30,8332900
29624196,29,8332900
29625408,28,8332900
29626621,31,8332900
29627834,31,8332900
29629046,34,8332900
29630259,27,8332900
29631470,28,8334596
29632683,28,8334596
29633895,30,8334596
29635108,30,8334596
29636321,30,8334596
29637533,30,8334596
29638746,28,8334596
29639958,31,8334596
29641170,25,8334596
29642383,27,8336600
29643595,25,8336600
29644807,29,8336600
29646019,29,8336600
29647232,30,8336600
29648445,29,8336600
29649656,32,8336600
29650869,31,8336600
29652081,33,8336600
29659356,33,8336600
29660568,31,8336600
29661780,29,8336600
29662994,30,8336600
29664205,28,8335315
29665418,26,8335315
29666631,31,8335315
29667843,30,8335315
29669055,30,8335315
29670268,31,8335315
29671480,29,8335315
29672692,29,8335315
29673905,32,8335315
29675118,30,8340763
29676330,24,8336908
29677543,23,8336908
29678755,25,8336908
29679967,23,8336908
29681180,24,8336908
29682392,28,8336908
29683604,29,8336908
29684818,25,8336908
29686030,23,8336908
29687243,28,8336857
29688454,19,8336857
29689667,24,8336857
29690880,25,8336857
29692092,26,8336857
29693304,22,8336857
29694516,23,8336857
29695729,26,8336857
29696941,24,8336857
29698154,22,8332283
29699366,23,8332283
29700578,22,8332283
29701791,27,8332283
29703003,25,8332283
29704216,26,8332283
29705429,24,8332283
29706641,21,8332283
29707853,23,8332283
29709066,29,8330022
29710278,23,8330022
29711491,19,8330022
29712703,23,8330022
29713916,23,8330022
29715128,27,8330022
29716341,24,8330022
29717553,26,8330022
29718766,22,8330022
29719978,23,8333003
29721191,26,8333003
29722403,25,8333003
29723615,24,8333003
29724828,25,8333003
29726041,26,8333003
29727253,25,8333003
29728465,22,8333003
29729678,23,8333003
29730891,27,8332827
29732103,25,8340763
29733315,23,8340763
29734527,24,8340763
29735740,33,8340763
29743015,22,8340763
29744228,28,8340763
29745440,30,8340763
29746653,33,8340763
29747865,31,8340763
29749077,27,8340763
29750291,31,8340763
29751503,30,8338707
29752715,25,8338707
29753928,24,8338707
29755140,30,8338707
29756353,30,8338707
29757566,29,8338707
29758778,29,8338707
29759990,29,8338707
29761202,31,8338707
29762415,32,8336446
29763627,27,8336446
29764840,23,8336446
29766052,27,8336446
29767265,31,8336446
29768478,27,8336446
29769690,30,8336446
29770903,30,8336446
29772115,31,8336446
29773328,27,8336446
29774540,33,8333003
29775753,24,8333003
29776966,30,8333003
29778178,31,8333003
29779391,35,8333003
29780603,32,8333003
29781815,32,8333003
29783029,29,8333003
29784241,29,8333003
29785453,29,8337063
29786666,23,8337063
29787878,28,8337063
29789090,32,8337063
29790302,30,8337063
29791515,31,8337063
29792728,29,8337063
29793940,28,8337063
29795153,28,8337063
29796365,31,8337114
29797579,24,8337114
29798791,25,8337114
29800002,29,8337114
29801215,28,8337114
29802428,30,8337114
29803640,30,8337114
29804852,29,8337114
29806065,28,8337114
29807277,30,8336137
29808490,22,8336137
29809703,29,8336137
29810915,33,8336137
29812128,35,8336137
29813341,28,8336137
29814553,27,8336137
29815766,28,8336137
29816978,32,8336137
29818190,31,8338913
29819403,29,8338913
29827891,27,8338913
29829104,29,8336960
29830316,22,8336960
29831528,29,8336960
29832741,31,8336960
29833954,29,8336960
29835166,28,8336960
29836380,29,8336960
29837592,28,8336960
29838804,30,8336960
29840017,32,8336035
29841230,26,8336035
29842442,31,8336035
29843654,30,8336035
29844867,29,8336035
29846079,30,8336035
29847292,31,8336035
29848504,29,8336035
29849717,30,8336035
29850929,32,8331153
29852142,21,8331153
29853354,30,8331153
29854566,30,8331153
29855778,32,8331153
29856991,29,8331153
29858204,29,8331153
29859416,29,8331153
29860629,31,8331153
29861841,31,8337422
29863053,27,8335881
29864266,25,8335881
29865478,22,8335881
29866691,24,8335881
29867903,26,8335881
29869116,22,8335881
29870328,21,8335881
29871540,26,8335881
29872753,21,8335881
29873965,25,8335058
29875178,25,8335058
29876391,27,8335058
29877603,25,8335058
29878815,27,8335058
29880027,22,8335058
29881241,25,8335058
29882453,23,8335058
29883665,25,8335058
29884877,23,8335110
29886090,28,8335110
29887303,21,8335110
29888515,24,8335110
29889727,21,8335110
29890940,24,8335110
29892152,20,8335110
29893364,27,8335110
29894578,25,8335110
29895790,26,8336035
29897002,23,8336035
29898215,22,8336035
29899427,23,8336035
29900639,23,8336035
29901852,28,8336035
29903065,27,8336035
29904277,31,8336035
29912765,28,8336035
29913977,30,8336035
29915189,27,8336035
29916403,29,8336086
29917614,25,8336091
29918827,23,8337371
29920040,27,8337371
29921252,25,8337371
29922465,22,8337371
29923678,25,8337371
29924890,26,8337371
29926103,26,8337371
29927315,22,8337371
29928528,25,8337295
29929740,26,8330639
29930953,27,8330639
29932165,22,8330639
29933378,27,8330639
29934590,27,8330639
29935803,26,8330639
29937016,23,8330639
29938228,25,8330639
29939441,26,8330639
29940653,27,8330639
29941866,31,8330639
29943078,31,8330639
29944290,30,8330639
29945503,30,8330639
29946715,30,8330639
29947927,28,8330639
29949141,27,8330639
29950353,25,8330639
29951566,26,8330639
29952778,27,8330639
29953990,30,8330639
29955203,31,8330639
29956415,32,8330639
29957628,29,8330639
29958841,30,8330639
29960053,29,8330639
29961265,31,8334852
29962477,22,8334852
29963690,31,8334852
29964903,31,8334852
29966116,33,8334852
29967328,30,8334852
29968540,31,8334852
29969752,27,8334852
29970965,28,8334852
29972178,28,8334647
29973390,26,8334647
29974602,31,8334647
29975815,31,8334647
29977027,30,8334647
29978240,32,8334647
29979453,31,8334647
29980665,32,8334647
29981877,30,8334647
29983090,34,8336754
29984302,22,8336754
29985515,29,8336754
29986727,29,8336754
29987939,30,8336754
29989152,30,8336754
29996428,33,8336754
29997639,29,8336754
29998852,31,8336754
30000064,29,8336754
30001277,32,8336754
30002490,28,8336754
30003702,32,8336754
30004914,31,8334184
30006127,28,8334184
30007339,31,8334184
30008552,29,8334184
30009765,29,8334184
30010977,29,8334184
30012189,30,8334184
30013402,31,8334184
30014614,30,8334184
30015827,29,8335829
30017039,26,8335829
30018252,30,8335829
30019464,27,8335829
30020676,28,8335829
30021889,29,8335829
30023102,29,8335829
30024315,29,8335829
30025527,30,8335829
30026740,31,8334801
30027952,23,8334801
30029164,31,8334801
30030377,30,8334801
30031589,31,8334801
30032802,29,8334801
30034014,31,8334801
30035227,31,8334801
30036439,33,8334801
30037651,33,8337782
30038864,25,8337782
30040077,28,8337782
30041289,29,8337782
30042501,30,8337782
30043714,30,8337782
30044926,33,8337782
30046138,29,8337782
30047351,32,8337782
30048564,30,8335315
30049777,22,8339426
30050989,24,8339426
30052201,25,8339426
30053414,25,8339426
30054625,26,8339426
30055838,24,8339426
30057050,25,8339426
30058264,25,8339426
30059476,23,8339426
30060688,25,8337833
30061901,26,8337833
30063112,25,8337833
30064325,25,8337833
30065537,26,8337833
30066750,23,8337833
30067962,22,8337833
30069175,22,8337833
30070388,28,8337833
30071600,25,8341790
30072812,33,8341790
30081299,22,8341790
30082511,38,8334287
30083723,24,8334287
30084936,26,8334287
30086148,24,8334287
30087361,23,8334287
30088573,27,8334287
30089785,24,8334287
30090998,24,8334287
30092210,24,8334287
30093423,24,8335264
30094635,23,8335264
30095848,23,8335264
30097060,27,8335264
30098272,23,8335264
30099485,22,8335264
30100698,25,8335264
30101910,26,8335264
30103123,24,8335264
30104335,22,8335121
30105548,24,8338193
30106761,21,8338193
30107973,24,8338193
30109185,20,8338193
30110398,26,8338193
30111610,26,8338193
30112822,26,8338193
30114035,25,8338193
30115247,26,8338199
30116460,20,8339735
30117673,23,8339735
30118885,26,8339735
30120098,25,8339735
30121310,23,8339735
30122522,21,8339735
30123735,23,8339735
30124947,24,8339735
30126160,22,8339735
30127372,29,8339735
30128585,32,8339735
30129797,30,8339735
30131010,28,8339735
30132222,30,8339735
30133435,34,8339735
30134647,33,8339735
30135860,31,8339735
30137072,26,8339735
30138284,27,8339735
30139496,30,8339735
30140709,32,8339735
30141922,30,8339735
30143134,30,8339735
30144346,28,8339735
30145558,30,8339735
30146771,29,8339735
30147983,29,8337576
30149195,25,8337576
30150408,29,8337576
30151620,30,8337576
30152833,29,8337576
30154046,28,8337576
30155258,30,8337576
30156470,29,8337576
30157682,33,8337576
30164956,32,8337576
30166169,29,8337576
30167381,31,8337576
30168594,29,8337576
30169806,30,8333928
30171018,23,8333928
30172230,29,8333928
30173443,29,8333928
30174655,29,8333928
30175867,28,8333928
30177080,29,8333928
30178292,29,8333928
30179505,28,8333928
30180718,29,8333979
30181930,28,8333979
30183142,30,8333979
30184354,32,8333979
30185567,28,8333979
30186779,28,8333979
30187991,29,8333979
30189204,33,8333979
30190416,29,8333979
30191629,31,8334082
30192842,23,8334082
30194054,28,8334082
30195266,27,8334082
30196479,29,8334082
30197691,30,8334082
30198903,28,8334082
30200116,29,8334082
30201328,30,8334082
30202541,29,8338142
30203752,21,8338142
30204965,28,8338142
30206178,29,8338142
30207389,31,8338142
30208602,31,8338142
30209814,28,8338142
30211027,30,8338142
30212240,29,8338142
30213451,29,8334339
30214664,26,8334339
30215876,31,8334339
30217089,32,8334339
30218301,31,8334339
30219513,30,8334339
30220726,28,8334339
30221938,30,8334339
30223151,30,8334339
30224363,29,8335161
30225576,24,8335161
30226787,29,8335161
30228000,30,8335161
30229212,30,8335161
30230425,28,8335161
30231638,32,8335161
30232850,30,8335161
30234062,30,8335161
30235274,31,8332540
30236487,25,8341020
30237699,27,8341020
30238912,24,8341020
30240125,25,8341020
30241337,31,8341020
30249823,33,8341020
30251037,33,8341020
30252249,29,8341020
30253461,28,8341020
30254674,29,8341020
30255886,26,8341020
30257098,28,8336240
30258310,20,8339067
30259524,23,8339067
30260735,26,8339067
30261948,23,8339067
30263160,23,8339067
30264372,25,8339067
30265584,25,8339067
30266797,25,8339067
30268009,23,8339067
30269222,27,8337011
30270435,28,8337011
30271646,25,8337011
30272858,24,8337011
30274071,27,8337011
30275283,24,8337011
30276496,24,8337011
30277708,23,8337011
30278921,24,8337011
30280133,28,8334442
30281345,21,8334442
30282558,27,8334442
30283770,23,8334442
30284982,22,8334442
30286195,27,8334442
30287407,25,8334442
30288619,24,8334442
30289832,26,8334442
30291044,25,8334518
30292256,24,8341174
30293469,21,8341174
30294681,22,8341174
30295894,24,8341174
30297106,25,8341174
30298318,22,8341174
30299531,23,8341174
30300743,24,8341174
30301955,23,8341227
30303167,24,8341739
30304380,23,8341739
30305592,23,8341739
30306805,27,8341739
30308017,22,8341739
30309230,23,8341739
30310442,25,8341739
30311654,25,8341739
30312866,24,8341739
30314079,27,8341739
30315291,32,8341739
30316503,66,8341739
30317716,22,8341739
30318928,63,8341739
30320141,37,8341739
30321353,31,8341739
30322565,28,8338913
30323778,23,8338913
30324990,21,8338913
30326202,10,8338913
30333477,26,8338913
30334689,31,8337319
30335902,27,8337319
30337113,30,8337319
30338326,29,8337319
30339538,31,8337319
30340751,31,8337319
30341963,29,8337319
30343175,30,8337319
30344388,32,8337319
30345600,30,8334955
30346813,23,8334955
30348025,31,8334955
30349237,30,8334955
30350449,29,8334955
30351662,29,8334955
30352874,28,8334955
30354085,29,8334955
30355298,29,8334955
30356510,31,8338501
30357723,24,8338501
30358935,29,8338501
30360147,29,8338501
30361359,28,8338501
30362571,29,8338501
30363783,30,8338501
30364996,30,8338501
30366209,29,8338501
30367420,32,8332797
30368633,23,8332797
30369846,29,8332797
30371058,29,8332797
30372270,29,8332797
30373483,28,8332797
30374695,31,8332797
30375907,49,8332797
30377120,31,8332797
30378331,54,8331872
30379544,29,8331872
30380756,28,8331872
30381969,29,8331872
30383181,31,8331872
30384393,32,8331872
30385606,28,8331872
30386818,30,8331872
30388030,29,8331872
30389243,32,8339324
30390455,23,8339324
30391668,28,8339324
30392880,30,8339324
30394092,31,8339324
30395305,30,8339324
30396518,30,8339324
30397730,33,8339324
30398942,30,8339324
30400154,27,8335110
30401367,23,8335110
30402579,31,8335110
30403792,30,8335110
30405005,30,8335110
30406217,31,8335110
30407429,29,8335110
30408642,30,8335110
30409854,29,8335110
30417128,36,8335110
30418340,31,8335110
30419553,32,8335110
30420765,30,8335110
30421978,28,8337987
30423190,24,8339889
30424403,26,8339889
30425615,24,8339889
30426828,23,8339889
30428040,25,8339889
30429252,27,8339889
30430465,21,8339889
30431678,24,8339889
30432890,30,8339889
30434103,26,8340814
30435315,23,8340814
30436527,21,8340814
30437740,24,8340814
30438952,21,8340814
30440164,23,8340814
30441378,20,8340814
30442590,26,8340814
30443802,26,8340814
30445014,22,8340814
30446227,25,8340814
30447439,30,8340814
30448651,24,8340814
30449864,24,8340814
30451076,22,8340814
30452290,24,8340814
30453501,19,8340814
30454714,25,8340814
30455926,27,8337473
30457139,25,8337473
30458351,23,8337473
30459564,25,8337473
30460777,22,8337473
30461989,22,8337473
30463202,22,8337473
30464414,24,8337473
30465626,24,8337473
30466838,25,8338604
30468050,27,8338604
30469263,26,8338604
30470476,19,8338604
30471688,27,8338604
30472900,25,8338604
30474113,21,8338604
30475325,25,8338604
30476537,26,8338604
30477750,21,8338456
30478962,24,8339992
30480175,23,8339992
30481388,26,8339992
30482599,23,8339992
30483812,22,8339992
30485024,21,8339992
30486237,26,8339992
30487450,25,8339992
30488662,25,8339990
30489874,24,8339478
30491086,27,8339478
30492299,23,8339478
30493512,29,8339478
30500859,31,8339478
30501998,32,8339478
30503210,31,8339478
30504423,31,8339478
30505635,31,8339478
30506849,29,8339478
30508061,30,8339478
30509273,30,8333311
30510486,22,8333311
30511697,26,8333311
30512910,29,8333311
30514122,30,8333311
30515335,28,8333311
30516548,31,8333311
30517760,29,8333311
30518973,30,8333311
30520185,28,8333311
30521398,31,8334082
30522610,28,8334082
30523822,30,8334082
30525034,28,8334082
30526247,32,8334082
30527459,29,8334082
30528672,31,8334082
30529884,31,8334082
30531097,30,8334082
30532309,27,8339735
30533521,24,8339735
30534734,30,8339735
30535946,29,8339735
30537159,30,8339735
30538372,30,8339735
30539583,29,8339735
30540797,28,8339735
30542009,32,8339735
30543221,30,8334801
30544433,26,8334801
30545646,31,8334801
30546858,31,8334801
30548070,27,8334801
30549283,27,8334801
30550495,30,8334801
30551708,33,8334801
30552920,28,8334801
30554133,32,8332334
30555345,22,8332334
30556557,30,8332334
30557769,28,8332334
30558983,30,8332334
30560195,29,8332334
30561407,28,8332334
30562619,31,8332334
30563832,32,8332334
30565044,33,8336703
30566256,26,8336703
30567469,30,8336703
30568681,30,8336703
30569894,30,8336703
30571107,29,8336703
30572319,29,8336703
30573531,28,8336703
30574743,33,8336703
30575956,29,8335212
30577168,30,8335212
30585655,27,8335212
30586867,29,8338656
30588080,24,8338656
30589292,30,8338656
30590505,28,8338656
30591716,30,8338656
30592930,30,8338656
30594142,27,8338656
30595354,30,8338656
30596566,30,8338656
30597779,30,8335366
30598992,22,8335366
30600204,31,8335366
30601416,33,8335366
30602629,30,8335366
30603842,28,8335366
30605054,31,8335366
30606267,32,8335366
30607479,30,8335366
30608691,31,8334030
30609904,26,8334442
30611115,24,8334442
30612329,23,8334442
30613541,25,8334442
30614753,24,8334442
30615965,23,8334442
30617178,24,8334442
30618391,27,8334442
30619603,21,8334442
30620815,26,8331923
30622027,27,8331923
30623240,25,8331923
30624453,21,8331923
30625665,26,8331923
30626878,24,8331923
30628090,24,8331923
30629302,23,8331923
30630514,20,8331923
30631727,25,8340917
30632939,24,8340917
30634152,21,8340917
30635365,25,8340917
30636579,23,8340917
30637789,22,8340917
30639002,22,8340917
30640214,25,8340917
30641426,22,8340917
30642639,21,8330176
30643851,29,8330176
30645065,24,8330176
30646276,24,8330176
30647489,22,8330176
30648702,24,8330176
30649914,24,8330176
30651126,23,8330176
30652339,22,8330176
30653551,25,8340043
30654764,20,8340043
30655976,26,8340043
30657189,21,8340043
30658402,26,8340043
30659614,23,8340043
30660826,25,8340043
30662039,29,8340043
30670526,31,8340043
30671738,31,8340043
30672951,29,8340043
30674164,29,8337114
30675376,23,8337012
30676588,25,8337268
30677800,27,8337268
30679013,24,8337268
30680225,25,8337268
30681438,28,8337268
30682650,23,8337268
30683863,26,8337268
30685076,25,8337268
30686288,24,8337268
30687501,22,8337268
30688712,30,8337268
30689925,29,8337268
30691137,30,8337268
30692350,31,8337268
30693562,33,8337268
30694775,28,8337268
30695987,28,8337885
30697201,24,8337885
30698413,26,8337885
30699625,29,8337885
30700838,32,8337885
30702050,29,8337885
30703262,31,8337885
30704475,28,8337885
30705687,30,8337885
30706899,29,8337885
30708113,30,8337525
30709325,23,8337525
30710537,34,8337525
30711750,28,8337525
30712962,31,8337525
30714174,28,8337525
30715387,30,8337525
30716599,30,8337525
30717812,28,8337525
30719024,28,8334236
30720237,26,8334236
30721449,28,8334236
30722662,31,8334236
30723874,30,8334236
30725086,30,8334236
30726300,30,8334236
30727512,30,8334236
30728724,30,8334236
30729936,29,8338604
30731149,16,8338604
30732361,19,8338604
30733574,32,8338604
30734787,30,8338604
30735999,28,8338604
30737212,29,8338604
30738424,31,8338604
30739636,28,8338604
30740849,30,8336651
30742061,23,8336651
30743273,29,8336651
30744486,31,8336651
30745699,31,8336651
30746911,26,8336651
30754186,30,8336651
30755398,32,8336651
30756611,28,8336651
30757823,28,8336651
30759035,30,8336651
30760247,31,8336651
30761461,28,8336651
30762673,31,8329971
30763885,28,8329971
30765098,31,8329971
30766310,31,8329971
30767523,31,8329971
30768735,32,8329971
30769947,26,8329971
30771160,16,8329971
30772372,29,8329971
30773586,31,8335315
30774798,24,8335315
30776010,29,8335315
30777223,30,8335315
30778436,34,8335315
30779647,32,8335315
30780860,29,8335315
30782073,31,8335315
30783285,29,8335315
30784498,29,8341996
30785710,25,8341996
30786923,32,8341996
30788136,32,8341996
30789347,28,8341996
30790561,31,8341996
30791772,29,8341996
30792985,30,8341996
30794198,27,8341996
30795411,27,8339632
30796623,25,8336086
30797835,25,8336086
30799048,24,8336086
30800261,23,8336086
30801473,21,8336086
30802686,24,8336086
30803899,26,8336086
30805112,25,8336086
30806324,21,8336086
30807536,26,8332848
30808749,25,8332848
30809962,23,8332848
30811174,20,8332848
30812387,28,8332848
30813599,26,8332848
30814811,24,8332848
30816024,27,8332848
30817236,25,8332848
30818449,25,8329662
30819662,23,8329662
30820874,27,8329662
30822087,28,8329662
30823299,26,8329662
30824512,26,8329662
30825724,26,8329662
30826936,27,8329662
30828150,23,8329662
30829361,26,8328274
30830574,31,8328274
30837859,32,8328274
30839062,35,8328274
30840275,38,8328274
30841487,27,8328274
30842699,27,8328274
30843912,27,8328274
30845125,27,8328274
30846337,22,8328274
30847549,24,8328274
30848762,21,8328274
30849974,23,8328274
30851187,24,8328418
30852399,24,8339170
30853612,27,8339170
30854825,28,8339170
30856037,26,8339170
30857249,25,8339170
30858462,20,8339170
30859674,23,8339170
30860887,28,8339170
30862100,26,8339150
30863312,25,8334030
30864524,27,8334030
30865738,23,8334030
30866950,21,8334030
30868162,23,8334030
30869375,24,8334030
30870587,26,8334030
30871800,23,8334030
30873013,19,8334030
30874225,22,8334030
30875437,33,8334030
30876650,32,8334030
30877862,27,8334030
30879075,28,8334030
30880287,32,8334030
30881499,31,8334030
30882712,31,8335778
30883925,22,8335778
30885137,25,8335778
30886350,31,8335778
30887562,29,8335778
30888775,29,8335778
30889987,30,8335778
30891200,30,8335778
30892413,32,8335778
30893625,30,8335778
30894838,29,8333774
30896050,24,8333774
30897262,26,8333774
30898475,30,8333774
30899688,28,8333774
30900901,29,8333774
30902113,31,8333774
30903325,28,8333774
30904537,32,8333774
30905750,27,8334390
30906963,23,8334390
30908175,29,8334390
30909388,30,8334390
30910600,25,8334390
30911813,30,8334390
30913026,31,8334390
30914238,28,8334390
30921513,33,8334390
30922726,31,8334390
30923938,31,8334390
30925151,29,8334390
30926363,31,8334390
30927575,30,8338553
30928788,19,8338553
30930001,30,8338553
30931214,32,8338553
30932427,29,8338553
30933638,29,8338553
30934851,28,8338553
30936063,33,8338553
30937276,32,8338553
30938488,29,8333825
30939701,27,8333825
30940914,30,8333825
30942126,30,8333825
30943338,30,8333825
30944551,31,8333825
30945763,28,8333825
30946976,28,8333825
30948189,29,8333825
30949401,28,8333825
30950613,25,8333825
30951826,31,8333825
30953039,30,8333825
30954251,33,8333825
30955464,27,8333825
30956676,31,8333825
30957888,28,8333825
30959101,29,8333825
30960313,31,8333516
30961526,21,8333516
30962739,29,8333516
30963951,29,8333516
30965164,28,8333516
30966377,28,8333516
30967589,32,8333516
30968802,30,8333516
30970014,27,8333516
30971227,30,8333825
30972440,28,8333825
30973652,30,8333825
30974865,29,8333825
30976077,31,8333825
30977289,27,8333825
30978503,28,8333825
30979714,31,8333825
30980927,27,8333825
30982140,30,8335778
30983353,23,8337063
30984565,25,8337063
30985778,24,8337063
30986991,26,8337063
30988203,25,8337063
30989416,28,8337063
30990628,25,8337063
30991840,25,8337063
30993053,27,8337063
30994266,24,8333516
30995479,19,8333516
30996691,23,8333516
30997904,28,8333516
31006391,42,8333516
31007604,29,8333516
31008818,32,8333516
31010030,29,8333516
31011242,30,8333516
31012455,28,8333516
31013667,29,8333516
31014880,29,8334030
31016092,24,8338656
31017305,27,8338656
31018518,23,8338656
31019730,23,8338656
31020943,21,8338656
31022155,23,8338656
31023369,24,8338656
31024581,27,8338656
31025794,21,8338656
31027006,25,8334493
31028219,24,8334493
31029431,26,8334493
31030644,23,8334493
31031856,25,8334493
31033069,25,8334493
31034282,25,8334493
31035494,22,8334493
31036707,24,8334493
31037920,23,8334407
31039132,29,8339015
31040345,24,8339015
31041557,22,8339015
31042770,21,8339015
31043983,23,8339015
31045196,26,8339015
31046408,25,8339015
31047621,24,8339015
31048834,25,8339172
31050046,25,8339684
31051259,24,8339684
31052471,20,8339684
31053683,24,8339684
31054897,30,8339684
31056109,25,8339684
31057321,25,8339684
31058534,26,8339684
31059747,22,8339684
31060960,23,8339684
31062172,30,8339684
31063385,30,8339684
31064598,28,8339684
31065810,31,8339684
31067022,30,8339684
31068235,30,8339684
31069448,31,8329919
31070661,23,8329919
31071873,22,8329919
31073085,28,8329919
31074298,31,8329919
31075510,31,8329919
31076723,30,8329919
31077936,30,8329919
31079149,29,8329919
31080361,31,8329919
31081574,28,8337011
31082786,29,8337011
31091274,28,8337011
31092487,29,8332848
31093700,27,8332848
31094913,32,8332848
31096125,35,8332848
31097338,32,8332848
31098550,31,8332848
31099763,27,8332848
31100976,29,8332848
31102189,28,8332848
31103401,29,8336240
31104613,25,8336240
31105826,33,8336240
31107039,27,8336240
31108251,29,8336240
31109464,27,8336240
31110676,28,8336240
31111889,32,8336240
31113103,30,8336240
31114314,30,8333054
31115528,22,8333054
31116741,33,8333054
31117953,32,8333054
31119165,27,8333054
31120378,30,8333054
31121590,27,8333054
31122803,31,8333054
31124015,29,8333054
31125229,31,8336651
31126441,29,8336651
31127654,32,8336651
31128866,30,8336651
31130079,30,8336651
31131291,27,8336651
31132504,27,8336651
31133717,28,8336651
31134929,31,8336651
31136141,29,8333260
31137355,24,8333260
31138567,30,8333260
31139779,33,8333260
31140993,30,8333260
31142205,33,8333260
31143418,31,8333260
31144630,28,8333260
31145842,28,8333260
31147055,30,8329405
31148267,23,8329405
31149481,29,8329405
31150693,33,8329405
31151906,30,8329405
31153119,32,8329405
31154331,27,8329405
31155544,32,8329405
31156756,31,8329405
31157969,29,8331255
31159182,25,8331255
31160393,29,8331255
31161606,28,8331255
31162819,31,8331255
31164031,34,8331255
31165244,32,8331255
31166456,28,8331255
31167669,29,8331255
31174944,37,8331255
31176157,34,8331255
31177369,30,8331255
31178582,31,8331255
31179794,27,8335110
31181006,26,8336651
31182219,26,8336651
31183432,28,8336651
31184645,26,8336651
31185856,25,8336651
31187069,21,8336651
31188281,26,8336651
31189494,20,8336651
31190706,24,8336651
31191919,23,8336651
31193131,26,8336651
31194344,23,8336651
31195557,25,8336651
31196769,18,8336651
31197981,21,8336651
31199195,24,8336651
31200407,24,8336651
31201620,24,8336651
31202832,23,8342613
31204045,24,8342613
31205256,23,8342613
31206469,21,8342613
31207682,27,8342613
31208894,26,8342613
31210107,21,8342613
31211319,24,8342613
31212532,22,8342613
31213744,23,8332489
31214958,23,8332489
31216170,21,8332489
31217382,26,8332489
31218594,26,8332489
31219807,26,8332489
31221019,25,8332489
31222232,25,8332489
31223445,24,8332489
31224658,23,8332375
31225870,24,8329559
31227083,25,8329559
31228295,24,8329559
31229507,24,8329559
31230720,24,8329559
31231933,26,8329559
31233146,20,8329559
31234358,23,8329559
31235571,23,8329574
31236783,25,8333414
31237995,22,8333414
31239208,25,8333414
31240420,23,8333414
31241632,24,8333414
31242845,24,8333414
31244057,23,8333414
31245270,23,8333414
31246482,21,8333414
31247695,24,8333414
31248908,30,8333414
31250121,31,8333414
31251333,33,8333414
31259821,32,8333414
31261033,30,8333414
31262245,30,8333414
31263458,29,8333414
31264671,29,8333414
31265883,29,8333414
31267097,29,8333414
31268309,29,8334647
31269521,24,8334647
31270734,30,8334647
31271946,30,8334647
31273159,27,8334647
31274372,32,8334647
31275584,29,8334647
31276797,29,8334647
31278010,34,8334647
31279222,30,8336343
31280435,28,8336343
31281647,29,8336343
31282859,30,8336343
31284073,31,8336343
31285285,29,8336343
31286497,31,8336343
31287710,29,8336343
31288922,29,8336343
31290135,32,8338193
31291347,25,8338193
31292560,29,8338193
31293772,29,8338193
31294985,30,8338193
31296197,31,8338193
31297410,29,8338193
31298622,30,8338193
31299835,31,8338193
31301047,31,8333311
31302260,24,8333311
31303472,29,8333311
31304685,29,8333311
31305898,31,8333311
31307111,30,8333311
31308323,32,8333311
31309535,32,8333311
31310747,28,8333311
31311961,29,8338707
31313172,23,8338707
31314385,33,8338707
31315598,32,8338707
31316810,30,8338707
31318023,31,8338707
31319235,31,8338707
31320447,29,8338707
31321660,30,8338707
31322874,31,8338244
31324086,26,8338244
31325298,30,8338244
31326510,28,8338244
31327723,27,8338244
31328935,31,8338244
31330149,29,8338244
31331361,30,8338244
31332574,30,8338244
31333786,28,8335932
31334998,21,8335932
31336211,27,8335932
31343486,30,8335932
31344699,30,8339992
31345911,25,8339992
31347124,29,8339992
31348336,26,8339992
31349550,32,8339992
31350762,30,8339992
31351974,31,8339992
31353187,30,8339992
31354400,28,8339992
31355612,29,8335469
31356824,22,8334904
31358038,26,8334904
31359250,24,8334904
31360462,22,8334904
31361675,25,8334904
31362888,27,8334904
31364100,24,8334904
31365312,21,8334904
31366525,26,8334904
31367738,29,8339015
31368951,22,8339015
31370163,20,8339015
31371376,24,8339015
31372589,24,8339015
31373802,23,8339015
31375014,23,8339015
31376226,25,8339015
31377439,28,8339015
31378651,24,8337011
31379864,24,8337011
31381077,24,8337011
31382289,23,8337011
31383502,21,8337011
31384715,25,8337011
31385928,24,8337011
31387140,23,8337011
31388352,25,8337011
31389565,24,8332077
31390777,21,8332077
31391990,24,8332077
31393203,22,8332077
31394415,23,8332077
31395628,27,8332077
31396841,25,8332077
31398054,23,8332077
31399266,25,8332077
31400479,21,8332283
31401691,24,8332283
31402904,25,8332283
31404117,23,8332283
31405329,24,8332283
31406542,26,8332283
31407754,24,8332283
31408967,20,8332283
31410180,23,8332283
31411392,28,8332194
31412604,26,8335778
31413817,23,8335778
31415030,21,8335778
31416243,25,8335778
31417455,22,8335778
31418667,21,8335778
31419880,27,8335778
31428369,35,8335778
31429581,28,8335778
31430794,27,8335778
31432006,27,8337422
31433219,26,8337422
31434432,27,8337422
31435644,30,8337422
31436857,28,8337422
31438069,30,8337422
31439281,30,8337422
31440494,29,8337422
31441707,28,8337422
31442919,29,8336189
31444132,24,8336189
31445345,24,8336189
31446557,27,8336189
31447770,29,8336189
31448982,27,8336189
31450195,31,8336189
31451407,29,8336189
31452620,29,8336189
31453833,30,8336189
31455045,28,8337165
31456258,22,8337165
31457470,29,8337165
31458683,29,8337165
31459895,30,8337165
31461109,33,8337165
31462321,29,8337165
31463533,32,8337165
31464745,31,8337165
31465958,30,8337319
31467171,26,8337319
31468383,30,8337319
31469596,29,8337319
31470809,29,8337319
31472021,33,8337319
31473233,31,8337319
31474447,29,8337319
31475658,30,8337319
31476871,29,8336343
31478084,25,8336343
31479297,27,8336343
31480508,26,8336343
31481722,31,8336343
31482933,29,8336343
31484146,25,8336343
31485359,30,8336343
31486572,29,8336343
31487784,31,8336240
31488996,25,8336240
31490209,26,8336240
31491421,32,8336240
31492634,31,8336240
31493847,28,8336240
31495059,29,8336240
31496272,34,8336240
31497484,28,8336240
31498696,31,8337063
31499909,27,8337063
31501121,29,8337063
31502335,30,8337063
31503547,29,8337063
31504759,33,8337063
31512036,26,8337063
31513247,29,8337063
31514459,28,8337063
31515673,32,8337063
31516885,29,8337063
31518097,28,8337063
31519310,30,8337063
31520522,30,8335829
31521735,23,8335829
31522947,30,8335829
31524160,29,8335829
31525372,31,8335829
31526586,28,8335829
31527798,29,8335829
31529011,31,8335829
31530223,29,8335829
31531436,30,8334442
31532648,24,8334442
31533861,30,8334442
31535074,29,8334442
31536286,30,8334442
31537498,29,8334442
31538711,29,8334442
31539923,31,8334442
31541136,32,8334442
31542349,33,8334955
31543561,26,8336549
31544774,23,8336549
31545987,22,8336549
31547199,24,8336549
31548411,23,8336549
31549624,27,8336549
31550837,24,8336549
31552049,24,8336549
31553261,25,8336549
31554474,21,8335007
31555686,24,8335007
31556899,26,8335007
31558112,28,8335007
31559324,23,8335007
31560537,23,8335007
31561750,23,8335007
31562962,23,8335007
31564175,24,8335007
31565387,30,8326887
31566599,26,8326887
31567813,26,8326887
31569024,25,8326887
31570238,26,8326887
31571450,23,8326887
31572662,25,8326887
31573875,24,8326887
31575087,26,8326887
31576300,23,8335726
31577513,20,8335726
31578725,26,8335726
31579938,25,8335726
31581150,24,8335726
31582363,22,8335726
31583575,21,8335726
31584788,23,8335726
31586000,23,8335726
31587213,23,8335983
31588425,27,8335983
31596913,34,8335983
31598126,22,8335979
31599338,21,8334955
31600551,26,8334955
31601763,22,8334955
31602975,21,8334955
31604188,21,8334955
31605401,24,8334955
31606613,24,8334955
31607826,23,8334955
31609039,25,8335017
31610251,25,8337833
31611464,19,8337833
31612677,22,8337833
31613888,24,8337833
31615101,22,8337833
31616314,23,8337833
31617526,21,8337833
31618739,23,8337833
31619952,21,8337833
31621164,23,8337833
31622376,30,8337833
31623589,29,8337833
31624802,29,8337833
31626014,31,8337833
31627227,31,8337833
31628440,32,8337833
31629652,28,8337833
31630864,26,8337833
31632077,24,8337833
31633290,30,8337833
31634502,29,8337833
31635715,33,8337833
31636927,29,8337833
31638140,29,8337833
31639352,29,8337833
31640565,30,8337833
31641778,29,8337422
31642991,23,8337422
31644203,28,8337422
31645416,30,8337422
31646629,28,8337422
31647841,30,8337422
31649053,31,8337422
31650266,30,8337422
31651478,28,8337422
31652691,29,8334442
31653903,26,8334442
31655117,29,8334442
31656329,31,8334442
31657542,29,8334442
31658754,29,8334442
31659966,29,8334442
31661179,28,8334442
31662392,33,8334442
31663604,30,8337679
31664818,23,8337679
31666030,31,8337679
31667242,29,8337679
31668455,29,8337679
31669667,29,8337679
31670880,30,8337679
31672092,33,8337679
31673305,31,8337679
31681793,29,8337679
31683005,31,8337679
31684218,31,8337679
31685430,34,8335161
31686642,27,8335161
31687855,29,8335161
31689067,29,8335161
31690280,28,8335161
31691493,29,8335161
31692706,27,8335161
31693918,31,8335161
31695130,33,8335161
31696343,27,8335058
31697556,24,8335058
31698768,30,8335058
31699981,31,8335058
31701193,32,8335058
31702406,29,8335058
31703619,30,8335058
31704831,32,8335058
31706043,30,8335058
31707256,29,8333774
31708469,21,8333774
31709681,30,8333774
31710894,29,8333774
31712106,30,8333774
31713319,29,8333774
31714530,28,8333774
31715743,31,8333774
31716955,32,8333774
31718168,29,8336343
31719381,25,8336343
31720593,31,8336343
31721806,27,8336343
31723018,28,8336343
31724230,31,8336343
31725443,33,8336343
31726655,28,8336343
31727867,30,8336343
31729081,31,8335418
31730293,20,8336805
31731505,22,8336805
31732717,25,8336805
31733930,27,8336805
31735142,26,8336805
31736355,24,8336805
31737568,26,8336805
31738780,21,8336805
31739993,26,8336805
31741204,25,8335315
31742417,26,8335315
31743630,25,8335315
31744842,22,8335315
31746055,24,8335315
31747267,24,8335315
31748480,21,8335315
31749693,22,8335315
31750905,22,8335315
31752118,25,8338810
31753330,24,8338810
31754543,28,8338810
31755755,25,8338810
31756967,23,8338810
31758180,28,8338810
31766667,31,8338810
31767880,30,8338810
31769092,29,8338810
31770305,32,8338810
31771518,32,8338810
31772730,29,8333979
31773943,27,8334339
31775155,23,8334339
31776368,27,8334339
31777581,25,8334339
31778793,23,8334339
31780005,24,8334339
31781218,24,8334339
31782430,28,8334339
31783643,23,8334339
31784856,24,8334357
31786068,24,8339221
31787280,23,8339221
31788493,20,8339221
31789706,24,8339221
31790918,25,8339221
31792130,27,8339221
31793342,19,8339221
31794556,26,8339221
31795768,20,8339206
31796980,22,8335110
31798193,23,8335110
31799406,23,8335110
31800618,23,8335110
31801830,23,8335110
31803043,27,8335110
31804255,22,8335110
31805468,20,8335110
31806681,25,8335110
31807893,24,8335110
31809105,30,8335110
31810318,30,8335110
31811530,31,8335110
31812743,30,8335110
31813955,32,8335110
31815168,28,8335110
31816380,29,8336908
31817593,25,8336908
31818806,26,8336908
31820018,29,8336908
31821230,30,8336908
31822443,31,8336908
31823655,29,8336908
31824868,33,8336908
31826080,29,8336908
31827293,29,8336908
31828506,32,8338090
31829718,24,8338090
31830931,30,8338090
31832144,30,8338090
31833356,31,8338090
31834569,30,8338090
31835780,30,8338090
31836994,31,8338090
31838206,30,8338090
31839418,30,8332283
31840631,23,8332283
31841843,30,8332283
31843055,31,8338244
31850330,21,8338244
31851544,34,8338244
31852755,32,8338244
31853968,31,8338244
31855181,28,8338244
31856394,34,8338244
31857606,29,8338244
31858818,30,8338244
31860030,31,8338244
31861243,31,8336651
31862455,21,8336651
31863668,28,8336651
31864880,33,8336651
31866093,31,8336651
31867305,30,8336651
31868518,30,8336651
31869731,33,8336651
31870943,31,8336651
31872156,32,8333671
31873368,25,8333671
31874580,30,8333671
31875793,28,8333671
31877005,32,8333671
31878218,30,8333671
31879430,30,8333671
31880642,29,8333671
31881855,31,8333671
31883067,31,8335469
31884280,21,8335469
31885493,27,8335469
31886706,28,8335469
31887918,28,8335469
31889130,33,8335469
31890343,32,8335469
31891555,31,8335469
31892767,31,8335469
31893981,31,8335829
31895193,25,8335829
31896405,31,8335829
31897618,28,8335829
31898831,29,8335829
31900043,31,8335829
31901256,30,8335829
31902468,27,8335829
31903681,28,8335829
31904892,30,8336292
31906105,26,8336292
31907317,30,8336292
31908530,29,8336292
31909742,30,8336292
31910955,31,8336292
31912168,30,8336292
31913380,29,8336292
31914592,31,8336292
31915805,28,8334596
31917017,21,8337114
31918230,21,8337114
31919442,26,8337114
31920655,24,8337114
31921868,25,8337114
31923080,23,8337114
31924293,21,8337114
31925505,21,8337114
31926717,35,8337114
31933992,20,8337114
31935205,29,8337114
31936418,32,8337114
31937630,28,8340763
31938842,24,8338913
31940055,25,8338913
31941267,23,8338913
31942480,22,8338913
31943693,24,8338913
31944905,25,8338913
31946118,23,8338913
31947330,23,8338913
31948543,22,8338913
31949755,21,8335469
31950967,26,8335469
31952180,24,8335469
31953392,28,8335469
31954605,21,8335469
31955818,24,8335469
31957030,23,8335469
31958242,24,8335469
31959456,23,8335469
31960668,24,8337217
31961880,25,8337217
31963093,28,8337217
31964306,23,8337217
31965518,23,8337217
31966730,24,8337217
31967943,24,8337217
31969155,24,8337217
31970369,22,8337217
31971580,23,8337217
31972793,23,8337473
31974006,26,8337473
31975219,27,8337473
31976431,25,8337473
31977643,25,8337473
31978856,24,8337473
31980069,26,8337473
31981281,24,8337473
31982494,19,8337523
31983706,25,8337011
31984918,26,8337011
31986131,25,8337011
31987343,24,8337011
31988557,24,8337011
31989768,23,8337011
31990982,22,8337011
31992194,26,8337011
31993406,25,8337011
31994619,24,8337011
31995831,28,8337011
31997044,31,8337011
31998256,32,8337011
31999469,27,8337011
32000681,29,8337011
32001894,28,8337011
32003106,31,8336395
32004319,22,8336395
32005532,20,8336395
32006745,30,8336395
32007957,31,8336395
32009169,28,8336395
32010382,31,8336395
32018870,29,8336395
32020082,29,8336395
32021294,28,8336395
32022507,29,8336395
32023720,30,8336395
32024932,27,8336395
32026145,29,8337473
32027358,25,8337473
32028569,28,8337473
32029782,30,8337473
32030995,30,8337473
32032208,30,8337473
32033420,32,8337473
32034632,27,8337473
32035845,31,8337473
32037058,30,8336651
32038271,27,8336651
32039483,29,8336651
32040695,30,8336651
32041907,31,8336651
32043120,27,8336651
32044333,30,8336651
32045545,30,8336651
32046758,27,8336651
32047970,31,8336137
32049183,24,8336137
32050395,33,8336137
32051608,30,8336137
32052820,29,8336137
32054032,30,8336137
32055246,30,8336137
32056458,31,8336137
32057670,28,8336137
32058883,33,8334287
32060095,23,8334287
32061308,31,8334287
32062520,30,8334287
32063734,30,8334287
32064946,29,8334287
32066159,27,8334287
32067371,29,8334287
32068583,29,8334287
32069796,29,8337576
32071008,23,8337576
32072221,29,8337576
32073433,31,8337576
32074646,29,8337576
32075858,30,8337576
32077071,27,8337576
32078284,28,8337576
32079496,33,8337576
32080708,29,8338142
32081921,25,8338142
32083133,34,8338142
32084346,31,8338142
32085559,31,8338142
32086772,28,8338142
32087983,30,8338142
32089196,29,8338142
32090409,29,8338142
32091621,29,8337782
32092834,25,8337782
32094046,31,8337782
32095259,28,8336754
32103747,34,8335264
32104960,21,8335264
32106172,24,8335264
32107384,29,8335264
32108598,25,8335264
32109810,25,8335264
32111022,27,8335264
32112235,23,8335264
32113447,24,8335264
32114659,23,8333516
32115872,25,8333516
32117085,26,8333516
32118297,25,8333516
32119510,22,8333516
32120722,25,8333516
32121935,29,8333516
32123147,23,8333516
32124360,22,8333516
32125572,26,8335110
32126785,23,8335110
32127997,24,8335110
32129210,25,8335110
32130423,20,8335110
32131635,26,8335110
32132847,24,8335110
32134060,25,8335110
32135272,25,8335110
32136485,19,8329919
32137697,26,8329919
32138910,26,8329919
32140122,23,8329919
32141334,22,8329919
32142548,23,8329919
32143759,25,8329919
32144972,24,8329919
32146184,25,8329919
32147398,24,8330741
32148610,26,8330741
32149822,24,8330741
32151035,25,8330741
32152247,26,8330741
32153459,20,8330741
32154673,24,8330741
32155885,26,8330741
32157098,24,8330741
32158310,25,8330720
32159523,23,8338656
32160734,24,8338656
32161947,25,8338656
32163159,24,8338656
32164372,27,8338656
32165584,24,8338656
32166798,26,8338656
32168010,24,8338656
32169223,24,8338486
32170435,28,8334390
32171647,28,8334390
32172860,23,8334390
32174073,26,8334390
32175285,26,8334390
32176498,21,8334390
32177710,25,8334390
32178923,24,8334390
32180135,32,8334390
32188622,28,8334390
32189835,31,8336549
32191047,22,8336549
32192259,25,8336549
32193472,26,8336549
32194684,31,8336549
32195896,28,8336549
32197109,31,8336549
32198322,30,8336549
32199535,32,8336549
32200746,29,8336549
32201959,32,8338758
32203172,25,8338758
32204384,33,8338758
32205597,30,8338758
32206809,28,8338758
32208022,30,8338758
32209235,31,8338758
32210447,28,8338758
32211659,29,8338758
32212872,32,8331461
32214085,26,8331461
32215297,30,8331461
32216510,31,8331461
32217722,31,8331461
32218935,30,8331461
32220148,29,8331461
32221360,31,8331461
32222573,29,8331461
32223785,30,8337011
32224998,24,8337011
32226210,31,8337011
32227423,29,8337011
32228635,30,8337011
32229847,29,8337011
32231059,29,8337011
32232272,30,8337011
32233485,29,8337011
32234698,30,8334390
32235910,27,8334390
32237122,29,8334390
32238335,29,8334390
32239547,33,8334390
32240759,29,8334390
32241973,32,8334390
32243185,30,8334390
32244398,28,8334390
32245610,31,8338553
32246822,23,8338553
32248035,31,8338553
32249248,31,8338553
32250460,30,8338553
32251672,31,8338553
32252884,31,8338553
32254097,29,8338553
32255309,30,8338553
32256522,28,8336240
32257735,24,8336240
32258947,29,8336240
32260159,30,8336240
32261372,29,8336240
32262585,27,8336240
32263798,28,8336240
32265010,32,8336240
32272285,29,8336240
32273498,31,8336240
32274710,30,8336240
32275923,30,8336240
32277135,29,8336240
32278348,29,8335366
32279560,25,8335366
32280772,31,8335366
32281985,29,8335366
32283198,30,8335366
32284411,29,8335366
32285623,29,8335366
32286835,30,8335366
32288047,31,8335366
32289261,30,8339426
32290473,19,8336189
32291686,23,8336189
32292898,23,8336189
32294111,24,8336189
32295323,20,8336189
32296535,25,8336189
32297749,25,8336189
32298961,24,8336189
32300173,23,8336189
32301386,29,8338090
32302598,23,8338090
32303810,24,8338090
32305023,23,8338090
32306236,22,8338090
32307449,25,8338090
32308661,24,8338090
32309873,24,8338090
32311086,27,8338090
32312299,25,8332334
32313511,22,8332334
32314723,23,8332334
32315936,25,8332334
32317148,22,8332334
32318361,22,8332334
32319573,21,8332334
32320786,22,8332334
32321999,24,8332334
32323212,21,8333928
32324424,24,8333928
32325637,24,8333928
32326849,28,8333928
32328061,24,8333928
32329274,24,8333928
32330487,25,8333928
32331699,26,8333928
32332912,24,8333928
32334125,23,8332077
32335337,21,8332077
32336549,25,8332077
32337762,24,8332077
32338974,25,8332077
32340187,24,8332077
32341399,24,8332077
32342612,24,8332077
32343825,25,8332077
32345037,27,8332238
32346249,22,8333774
32347462,20,8333774
32348675,33,8333774
32355950,33,8333774
32357163,39,8333774
32358375,29,8333774
32359587,29,8333774
32360799,32,8333774
32362013,32,8333774
32363225,31,8333774
32364438,33,8333774
32365650,29,8337371
32366862,26,8337371
32368075,23,8337371
32369287,29,8337371
32370499,30,8337371
32371711,27,8337371
32372924,29,8337371
32374136,31,8337371
32375349,31,8337371
32376562,29,8336600
32377774,20,8336600
32378987,24,8336600
32380199,30,8336600
32381412,31,8336600
32382624,28,8336600
32383837,29,8336600
32385050,30,8336600
32386262,29,8336600
32387475,25,8336600
32388687,32,8338399
32389899,28,8338399
32391113,31,8338399
32392325,29,8338399
32393538,30,8338399
32394749,30,8338399
32395962,31,8338399
32397174,30,8338399
32398387,31,8338399
32399599,31,8334801
32400813,24,8334801
32402025,29,8334801
32403237,30,8334801
32404449,31,8334801
32405662,31,8334801
32406874,29,8334801
32408087,31,8334801
32409300,30,8334801
32410512,27,8336600
32411724,24,8336600
32412937,31,8336600
32414149,31,8336600
32415362,30,8336600
32416575,29,8336600
32417787,30,8336600
32418999,30,8336600
32420211,28,8336600
32421424,27,8332848
32422637,25,8332848
32423850,32,8332848
32425062,29,8332848
32426274,31,8332848
32427486,28,8332848
32428699,29,8332848
32429911,30,8332848
32431124,30,8332848
32432336,34,8332848
32440824,32,8332848
32442036,29,8332848
32443249,32,8336908
32444462,21,8336908
32445674,30,8336908
32446886,29,8336908
32448099,31,8336908
32449312,31,8336908
32450524,32,8336908
32451737,31,8336908
32452949,30,8336908
32454162,28,8335726
32455374,21,8335726
32456586,30,8335726
32457799,30,8335726
32459011,31,8335726
32460224,30,8335726
32461436,30,8335726
32462649,31,8335726
32463862,31,8335726
32465074,29,8335881
32466286,25,8335881
32467499,26,8335881
32468712,29,8335881
32469924,32,8335881
32471137,32,8335881
32472349,31,8335881
32473562,32,8335881
32474775,31,8335881
32475987,31,8338193
32477200,23,8336292
32478412,24,8336292
32479625,23,8336292
32480838,24,8336292
32482050,25,8336292
32483263,24,8336292
32484475,21,8336292
32485687,22,8336292
32486900,21,8336292
32488113,24,8335932
32489325,26,8335932
32490538,25,8335932
32491750,24,8335932
32492963,26,8335932
32494176,23,8335932
32495388,26,8335932
32496600,23,8335932
32497813,25,8335932
32499026,20,8330844
32500237,25,8330844
32501450,24,8330844
32502663,26,8330844
32503875,26,8330844
32505088,27,8330844
32506300,23,8330844
32507513,22,8330844
32508726,24,8330844
32509938,28,8331975
32511150,25,8331975
32512363,23,8331975
32513575,24,8331975
32514788,23,8331975
32516000,24,8331975
32517213,30,8331975
32525700,32,8331975
32526914,31,8331975
32528126,31,8331975
32529338,27,8331975
32530550,28,8330587
32531763,24,8330560
32532975,25,8336960
32534188,24,8336960
32535401,26,8336960
32536613,25,8336960
32537826,24,8336960
32539038,23,8336960
32540251,24,8336960
32541463,20,8336960
32542675,23,8337102
32543889,27,8333774
32545100,21,8333774
32546313,24,8333774
32547525,21,8333774
32548738,24,8333774
32549950,20,8333774
32551163,24,8333774
32552375,26,8333774
32553588,24,8333774
32554800,24,8333774
32556013,30,8333774
32557225,30,8333774
32558438,33,8333774
32559651,31,8333774
32560863,31,8333774
32562075,31,8333774
32563288,32,8337628
32564500,21,8337628
32565713,26,8337628
32566925,31,8337628
32568138,29,8337628
32569351,28,8337628
32570564,31,8337628
32571777,28,8337628
32572989,31,8337628
32574201,31,8337628
32575413,33,8336035
32576626,21,8336035
32577839,31,8336035
32579051,27,8336035
32580263,29,8336035
32581476,29,8336035
32582688,27,8336035
32583901,28,8336035
32585114,30,8336035
32586327,29,8336137
32587539,27,8336137
32588751,32,8336137
32589964,29,8336137
32591176,29,8336137
32592389,31,8336137
32593602,31,8336137
32594814,27,8336137
32596026,31,8336137
32597239,31,8338039
32598451,24,8338039
32599664,30,8338039
32600876,28,8338039
32602089,27,8334851
32609365,34,8334339
32610578,22,8334339
32611790,23,8334339
32613002,21,8334339
32614215,25,8334339
32615427,23,8334339
32616639,24,8334339
32617852,26,8334339
32619064,22,8334339
32620277,22,8334339
32621489,27,8334339
32622702,30,8334339
32623915,26,8334339
32625127,28,8334339
32626340,28,8334339
32627553,31,8334339
32628766,29,8334339
32629978,32,8331409
32631190,22,8331409
32632403,29,8331409
32633615,30,8331409
32634828,28,8331409
32636040,32,8331409
32637253,30,8331409
32638465,29,8331409
32639678,30,8331409
32640890,30,8337782
32642103,26,8337782
32643315,28,8337782
32644528,31,8337782
32645740,29,8337782
32646952,27,8337782
32648165,30,8337782
32649378,32,8337782
32650590,27,8337782
32651802,30,8335983
32653014,23,8335983
32654227,27,8335983
32655439,34,8335983
32656653,31,8335983
32657865,29,8335983
32659077,30,8335983
32660289,31,8335983
32661502,30,8335983
32662714,29,8334493
32663927,24,8336857
32665139,24,8336857
32666352,26,8336857
32667565,25,8336857
32668776,19,8336857
32669989,24,8336857
32671201,22,8336857
32672414,25,8336857
32673626,25,8336857
32674839,23,8332026
32676051,23,8332026
32677264,23,8332026
32678476,21,8332026
32679689,22,8332026
32680902,28,8332026
32682114,24,8332026
32683326,25,8332026
32684539,25,8332026
32685751,29,8332026
32694238,34,8332026
32695451,27,8330690
32696663,24,8335829
32697877,23,8335829
32699088,24,8335829
32700301,24,8335829
32701513,19,8335829
32702726,23,8335829
32703939,24,8335829
32705151,22,8335829
32706363,23,8335829
32707575,27,8339478
32708789,23,8339478
32710000,21,8339478
32711213,23,8339478
32712426,22,8339478
32713638,25,8339478
32714851,23,8339478
32716063,25,8339478
32717275,22,8339478
32718488,21,8339675
32719701,23,8337371
32720913,25,8337371
32722126,24,8337371
32723338,23,8337371
32724551,25,8337371
32725763,25,8337371
32726976,22,8337371
32728188,24,8337371
32729400,24,8337196
32730613,26,8345388
32731826,25,8345388
32733038,24,8345388
32734250,25,8345388
32735463,21,8345388
32736675,27,8345388
32737889,25,8345388
32739101,27,8345388
32740314,22,8345388
32741526,22,8345388
32742738,32,8345388
32743950,32,8345388
32745163,31,8345388
32746376,30,8345388
32747589,31,8345388
32748801,29,8345388
32750014,31,8340506
32751226,26,8340506
32752438,28,8340506
32753651,29,8340506
32754863,27,8340506
32756076,27,8340506
32757288,29,8340506
32758501,28,8340506
32759714,30,8340506
32760926,30,8340506
32762139,30,8336292
32763350,25,8336292
32764563,29,8336292
32765775,29,8336292
32766988,31,8336292
32768201,29,8336292
32769413,30,8336292
32770625,26,8336292
32777901,35,8336292
32779113,30,8336292
32780325,28,8336292
32781538,33,8336292
32782750,30,8336292
32783963,30,8337833
32785175,28,8337833
32786388,33,8337833
32787601,29,8337833
32788812,29,8337833
32790026,30,8337833
32791238,30,8337833
32792450,32,8337833
32793663,33,8337833
32794875,26,8333876
32796087,23,8333876
32797300,29,8333876
32798512,29,8333876
32799726,31,8333876
32800937,29,8333876
32802151,30,8333876
32803363,28,8333876
32804575,32,8333876
32805787,30,8334339
32807001,21,8334339
32808213,28,8334339
32809425,31,8334339
32810638,30,8334339
32811850,30,8334339
32813063,31,8334339
32814275,31,8334339
32815488,28,8334339
32816701,30,8334390
32817913,24,8334390
32819125,30,8334390
32820338,29,8334390
32821551,30,8334390
32822764,31,8334390
32823975,33,8334390
32825188,28,8334390
32826401,30,8334390
32827612,27,8337782
32828826,25,8337782
32830038,30,8337782
32831250,31,8337782
32832462,26,8337782
32833675,30,8337782
32834887,31,8337782
32836100,26,8337782
32837313,29,8337782
32838526,31,8334750
32839738,21,8334750
32840950,28,8334750
32842162,27,8334750
32843376,28,8334750
32844588,29,8334750
32845800,28,8334750
32847013,28,8334750
32848226,28,8334750
32849438,33,8337936
32850650,24,8334236
32851863,24,8334236
32853076,26,8334236
32854288,31,8337473
32862776,26,8337473
32863989,24,8337473
32865202,23,8337473
32866414,24,8337473
32867626,26,8337473
32868838,24,8337473
32870051,27,8337473
32871263,24,8337473
32872477,21,8330998
32873689,26,8330998
32874901,25,8330998
32876113,27,8330998
32877327,21,8330998
32878539,25,8330998
32879751,20,8330998
32880964,22,8330998
32882176,25,8330998
32883390,28,8338604
32884602,23,8338604
32885814,24,8338604
32887027,21,8338604
32888240,27,8338604
32889452,24,8338604
32890665,24,8338604
32891877,23,8338604
32893090,27,8338604
32894303,23,8337731
32895516,23,8337731
32896727,25,8337731
32897941,24,8337731
32899153,23,8337731
32900365,25,8337731
32901578,22,8337731
32902790,25,8337731
32904003,24,8337731
32905215,23,8337679
32906428,24,8337679
32907640,24,8337679
32908853,22,8337679
32910066,25,8337679
32911278,26,8337679
32912491,22,8337679
32913703,21,8337679
32914916,24,8337679
32916128,25,8337704
32917341,24,8344360
32918554,23,8344360
32919766,21,8344360
32920980,20,8344360
32922192,27,8344360
32923404,21,8344360
32924617,25,8344360
32925830,26,8344360
32927042,24,8344360
32928254,26,8344360
32929468,29,8344360
32930680,30,8344360
32931893,30,8344360
32933105,29,8344360
32934317,29,8344360
32935530,30,8344360
32936743,30,8338656
32937956,25,8338656
32939168,32,8338656
32947656,29,8338656
32948869,29,8335829
32950081,27,8335829
32951294,30,8335829
32952506,29,8335829
32953719,31,8335829
32954931,31,8335829
32956144,31,8335829
32957356,31,8335829
32958569,30,8335829
32959781,33,8337165
32960994,24,8337165
32962207,27,8337165
32963420,33,8337165
32964631,32,8337165
32965844,30,8337165
32967057,30,8337165
32968269,29,8337165
32969482,28,8337165
32970694,32,8336137
32971907,24,8336137
32973120,30,8336137
32974332,28,8336137
32975545,28,8336137
32976757,29,8336137
32977970,30,8336137
32979182,31,8336137
32980395,30,8336137
32981607,30,8332180
32982820,25,8332180
32984032,27,8332180
32985245,28,8332180
32986458,29,8332180
32987670,32,8332180
32988882,30,8332180
32990095,29,8332180
32991308,28,8332180
32992520,29,8335418
32993733,23,8335418
32994944,30,8335418
32996157,31,8335418
32997370,30,8335418
32998582,30,8335418
32999795,28,8335418
33001007,30,8335418
33002220,29,8335418
33003432,31,8338090
33004645,25,8338090
33005857,32,8338090
33007070,30,8338090
33008282,31,8338090
33009494,29,8338090
33010707,30,8338090
33011919,30,8338090
33013132,32,8338090
33014344,28,8332900
33015557,27,8332900
33016770,31,8332900
33017982,29,8332900
33019195,30,8332900
33020408,30,8332900
33021620,33,8332900
33022832,32,8332900
33024045,35,8332900
33031321,25,8332900
33032533,29,8332900
33033746,30,8332900
33034958,29,8332900
33036170,27,8334030
33037383,25,8333003
33038595,21,8333003
33039808,24,8333003
33041021,23,8333003
33042232,23,8333003
33043445,24,8333003
33044658,21,8333003
33045870,24,8333003
33047083,24,8333003
33048296,24,8344565
33049508,19,8344565
33050721,25,8344565
33051933,26,8344565
33053146,22,8344565
33054358,24,8344565
33055571,27,8344565
33056783,24,8344565
33057996,26,8344565
33059209,22,8330793
33060421,23,8330793
33061633,22,8330793
33062845,24,8330793
33064058,22,8330793
33065271,24,8330793
33066483,22,8330793
33067696,23,8330793
33068909,26,8330793
33070122,26,8335161
33071334,22,8335161
33072546,27,8335161
33073759,19,8335161
33074971,24,8335161
33076183,25,8335161
33077397,26,8335161
33078609,26,8335161
33079822,25,8335161
33081034,19,8335983
33082247,26,8335983
33083459,20,8335983
33084671,24,8335983
33085884,25,8335983
33087097,23,8335983
33088309,23,8335983
33089522,24,8335983
33090734,23,8335983
33091947,25,8335876
33093159,22,8334596
33094372,23,8334596
33095585,22,8334596
33096797,23,8334596
33098010,24,8334596
33099223,24,8334596
33100435,28,8334596
33101647,26,8334596
33102859,26,8334779
33104072,28,8342715
33105284,23,8342715
33106497,22,8342715
33107710,33,8342715
33114985,27,8342715
33116198,29,8342715
33117411,32,8342715
33118623,28,8342715
33119835,29,8342715
33121047,30,8342715
33122261,31,8342715
33123473,29,8337885
33124686,24,8337885
33125898,26,8337885
33127110,30,8337885
33128322,31,8337885
33129535,31,8337885
33130747,29,8337885
33131960,30,8337885
33133173,28,8337885
33134386,31,8337885
33135598,31,8335829
33136810,22,8335829
33138023,31,8335829
33139235,29,8335829
33140448,27,8335829
33141660,31,8335829
33142873,32,8335829
33144085,32,8335829
33145298,30,8335829
33146510,27,8333928
33147723,24,8333928
33148935,30,8333928
33150149,27,8333928
33151360,29,8333928
33152574,29,8333928
33153786,31,8333928
33154998,30,8333928
33156212,28,8333928
33157423,29,8335366
33158637,24,8335366
33159849,30,8335366
33161061,31,8335366
33162274,29,8335366
33163487,30,8335366
33164699,29,8335366
33165911,28,8335366
33167124,30,8335366
33168336,29,8333619
33169549,22,8333619
33170762,31,8333619
33171974,32,8333619
33173186,28,8333619
33174399,30,8333619
33175611,28,8333619
33176824,32,8333619
33178036,30,8333619
33179249,32,8335675
33180462,21,8335675
33181674,31,8335675
33182887,31,8335675
33184099,29,8335675
33185312,29,8335675
33186525,28,8335675
33187736,31,8335675
33188950,28,8335675
33190162,29,8337473
33191375,34,8337473
33199863,32,8337473
33201075,29,8332386
33202288,25,8332386
33203500,29,8332386
33204713,30,8332386
33205926,31,8332386
33207138,31,8332386
33208350,30,8332386
33209563,31,8332386
33210775,29,8332386
33211988,31,8337628
33213201,24,8337628
33214414,31,8337628
33215626,29,8337628
33216838,31,8337628
33218050,32,8337628
33219264,29,8337628
33220475,29,8337628
33221688,31,8337628
33222901,30,8331563
33224113,25,8339118
33225326,23,8339118
33226538,25,8339118
33227751,25,8339118
33228963,21,8339118
33230176,22,8339118
33231388,26,8339118
33232601,24,8339118
33233813,25,8339118
33235026,27,8332797
33236238,26,8332797
33237451,22,8332797
33238663,25,8332797
33239876,24,8332797
33241089,26,8332797
33242301,23,8332797
33243513,23,8332797
33244726,24,8332797
33245938,27,8335572
33247152,19,8335572
33248364,27,8335572
33249578,26,8335572
33250789,24,8335572
33252001,21,8335572
33253214,23,8335572
33254427,22,8335572
33255639,25,8335572
33256852,22,8335058
33258064,24,8335058
33259277,25,8335058
33260490,19,8335058
33261702,25,8335058
33262915,25,8335058
33264127,25,8335058
33265339,23,8335058
33266553,26,8335058
33267764,23,8333414
33268977,24,8333414
33270190,24,8333414
33271403,26,8333414
33272615,24,8333414
33273828,24,8333414
33275040,24,8333414
33276253,30,8333414
33284741,32,8333414
33285953,31,8333414
33287165,28,8333414
33288379,29,8336805
33289590,24,8336849
33290803,22,8334801
33292016,20,8334801
33293228,24,8334801
33294441,25,8334801
33295654,22,8334801
33296865,22,8334801
33298079,26,8334801
33299291,22,8334801
33300503,21,8334801
33301715,26,8334801
33302928,31,8334801
33304141,31,8334801
33305354,30,8334801
33306567,31,8334801
33307779,30,8334801
33308991,28,8334801
33310204,30,8339426
33311416,23,8339426
33312629,26,8339426
33313842,33,8339426
33315054,31,8339426
33316267,28,8339426
33317479,29,8339426
33318692,29,8339426
33319905,30,8339426
33321117,25,8339426
33322329,30,8337936
33323542,28,8337936
33324754,30,8337936
33325967,32,8337936
33327179,27,8337936
33328392,32,8337936
33329604,29,8337936
33330817,31,8337936
33332030,32,8337936
33333242,29,8334287
33334454,22,8334287
33335667,30,8334287
33336879,28,8334287
33338092,33,8334287
33339304,31,8334287
33340517,27,8334287
33341730,29,8334287
33342941,29,8334287
33344154,27,8338861
33345367,27,8338861
33346579,28,8338861
33347791,28,8338861
33349004,28,8338861
33350217,30,8338861
33351428,31,8338861
33352641,31,8338861
33353854,30,8338861
33355066,32,8336395
33356279,23,8336395
33357491,30,8336395
33358703,27,8336395
33359916,30,8336395
33361128,28,8336395
33368403,40,8336395
33369615,31,8336395
33370828,29,8336395
33372040,35,8336395
33373253,33,8336395
33374465,30,8336395
33375678,29,8336395
33376890,29,8335778
33378103,24,8335778
33379316,30,8335778
33380528,28,8335778
33381740,32,8335778
33382952,27,8335778
33384165,29,8335778
33385377,31,8335778
33386590,30,8335778
33387802,31,8339221
33389015,26,8339221
33390226,28,8339221
33391439,31,8339221
33392651,26,8339221
33393864,30,8339221
33395077,28,8339221
33396289,32,8339221
33397501,29,8339221
33398714,28,8337525
33399926,22,8337525
33401138,30,8337525
33402351,30,8337525
33403563,32,8337525
33404776,31,8337525
33405989,28,8337525
33407201,31,8337525
33408413,29,8337525
33409626,31,8336086
33410838,26,8337936
33412051,24,8337936
33413264,25,8337936
33414476,18,8337936
33415688,25,8337936
33416902,26,8337936
33418113,23,8337936
33419326,20,8337936
33420539,24,8337936
33421751,21,8340403
33422963,22,8340403
33424176,24,8340403
33425388,29,8340403
33426601,24,8340403
33427814,24,8340403
33429026,25,8340403
33430238,24,8340403
33431451,23,8340403
33432663,30,8327761
33433876,23,8327761
33435089,24,8327761
33436302,23,8327761
33437513,23,8327761
33438726,23,8327761
33439939,28,8327761
33441151,20,8327761
33442364,25,8327761
33443578,20,8333311
33444788,32,8333311
33453276,30,8333311
33454489,37,8335366
33455701,27,8335366
33456914,24,8335366
33458127,26,8335366
33459339,21,8335366
33460552,25,8335366
33461764,22,8335366
33462977,22,8335366
33464190,23,8335366
33465403,24,8335519
33466616,26,8335007
33467827,23,8335007
33469040,25,8335007
33470253,22,8335007
33471466,20,8335007
33472678,22,8335007
33473891,26,8335007
33475104,23,8335007
33476316,25,8334970
33477529,21,8338810
33478741,25,8338810
33479954,24,8338810
33481166,21,8338810
33482379,26,8338810
33483591,23,8338810
33484804,23,8338810
33486017,24,8338810
33487230,21,8338810
33488442,23,8338810
33489654,31,8338810
33490867,34,8338810
33492079,28,8338810
33493292,28,8338810
33494504,29,8338810
33495717,31,8338810
33496930,29,8331975
33498143,22,8331975
33499355,22,8331975
33500567,31,8331975
33501780,26,8331975
33502992,33,8331975
33504205,32,8331975
33505417,34,8331975
33506631,32,8331975
33507843,30,8331975
33509055,30,8340660
33510268,23,8340660
33511481,26,8340660
33512693,31,8340660
33513906,31,8340660
33515118,29,8340660
33516331,31,8340660
33517543,31,8340660
33518755,29,8340660
33519968,30,8332489
33521180,24,8332489
33522394,31,8332489
33523606,28,8332489
33524818,31,8332489
33526031,31,8332489
33527244,28,8332489
33528456,30,8332489
33529668,30,8332489
33536943,39,8332489
33538156,32,8332489
33539368,30,8332489
33540581,31,8332489
33541794,30,8332797
33543006,24,8332797
33544218,31,8332797
33545432,32,8332797
33546643,27,8332797
33547857,29,8332797
33549069,32,8332797
33550281,30,8332797
33551494,29,8332797
33552707,31,8336395
33553919,24,8336395
33555131,32,8336395
33556344,33,8336395
33557557,31,8336395
33558769,30,8336395
33559982,28,8336395
33561194,29,8336395
33562407,31,8336395
33563620,31,8335829
33564833,24,8335829
33566045,28,8335829
33567257,30,8335829
33568470,28,8335829
33569682,30,8335829
33570895,30,8335829
33572107,29,8335829
33573320,29,8335829
33574533,31,8336857
33575746,22,8336857
33576958,30,8336857
33578171,29,8336857
33579383,30,8336857
33580596,31,8336857
33581809,30,8336857
33583021,31,8336857
33584234,31,8336857
33585446,30,8337679
33586658,22,8337679
33587871,30,8337679
33589084,29,8337679
33590296,30,8337679
33591509,29,8337679
33592722,30,8337679
33593934,29,8337679
33595146,29,8337679
33596359,33,8335675
33597572,26,8335315
33598784,24,8335315
33599998,23,8335315
33601209,25,8335315
33602422,26,8335315
33603635,26,8335315
33604847,23,8335315
33606061,26,8335315
33607272,24,8335315
33608486,23,8333260
33609698,23,8333260
33610911,23,8333260
33612123,23,8333260
33613336,33,8333260
33621823,29,8333260
33623036,29,8333260
33624249,31,8333260
33625461,28,8333260
33626674,30,8333260
33627886,28,8333260
33629099,29,8331409
33630312,26,8336805
33631524,25,8336805
33632737,24,8336805
33633949,18,8336805
33635162,21,8336805
33636374,27,8336805
33637587,22,8336805
33638799,25,8336805
33640013,24,8336805
33641224,25,8340352
33642437,30,8340352
33643649,21,8340352
33644862,23,8340352
33646075,23,8340352
33647288,24,8340352
33648500,21,8340352
33649712,25,8340352
33650926,22,8340352
33652138,24,8340389
33653350,24,8336549
33654563,24,8336549
33655775,22,8336549
33656988,24,8336549
33658201,25,8336549
33659413,25,8336549
33660626,23,8336549
33661838,23,8336549
33663051,23,8336510
33664264,23,8340094
33665476,20,8340094
33666688,24,8340094
33667902,26,8340094
33669114,25,8340094
33670326,22,8340094
33671539,26,8340094
33672751,22,8340094
33673964,19,8340094
33675177,20,8340094
33676390,32,8340094
33677602,29,8340094
33678815,29,8340094
33680027,28,8340094
33681240,28,8340094
33682452,26,8340094
33683665,32,8337936
33684878,24,8337936
33686091,27,8337936
33687303,31,8337936
33688515,30,8337936
33689728,28,8337936
33690940,30,8337936
33692153,30,8337936
33693366,33,8337936
33694578,31,8337936
33695790,32,8332283
33697003,25,8332283
33698216,29,8332283
33705492,29,8332283
33706704,29,8333774
33707916,23,8333774
33709129,33,8333774
33710342,27,8333774
33711555,30,8333774
33712767,27,8333774
33713979,30,8333774
33715192,30,8333774
33716404,29,8333774
33717617,28,8335778
33718830,22,8335778
33720043,31,8335778
33721256,30,8335778
33722468,28,8335778
33723680,28,8335778
33724892,29,8335778
33726106,32,8335778
33727318,28,8335778
33728530,28,8334698
33729744,26,8334698
33730955,32,8334698
33732169,27,8334698
33733381,30,8334698
33734594,31,8334698
33735806,30,8334698
33737019,30,8334698
33738232,32,8334698
33739444,30,8335315
33740656,24,8335315
33741869,31,8335315
33743082,29,8335315
33744294,31,8335315
33745506,27,8335315
33746719,30,8335315
33747932,31,8335315
33749144,29,8335315
33750358,30,8337473
33751570,26,8337473
33752782,28,8337473
33753995,32,8337473
33755207,29,8337473
33756420,31,8337473
33757633,30,8337473
33758844,30,8337473
33760057,29,8337473
33761270,31,8337525
33762482,22,8337525
33763694,28,8337525
33764907,29,8337525
33766120,29,8337525
33767332,29,8337525
33768545,29,8337525
33769757,26,8337525
33770970,31,8337525
33772182,27,8336497
33773394,26,8336497
33774607,30,8336497
33775819,31,8336497
33777032,29,8336497
33778245,30,8336497
33779457,24,8336497
33780670,29,8336497
33781882,32,8336497
33789157,33,8336497
33790369,30,8336497
33791582,32,8336497
33792794,29,8336497
33794007,30,8336240
33795219,24,8333825
33796432,27,8333825
33797644,23,8333825
33798857,22,8333825
33800069,26,8333825
33801281,26,8333825
33802494,22,8333825
33803706,26,8333825
33804919,22,8333825
33806131,24,8330844
33807344,22,8330844
33808556,25,8330844
33809769,20,8330844
33810982,24,8330844
33812194,24,8330844
33813407,23,8330844
33814619,27,8330844
33815831,23,8330844
33817044,23,8336035
33818256,24,8336035
33819469,23,8336035
33820682,23,8336035
33821895,28,8336035
33823108,26,8336035
33824320,21,8336035
33825532,24,8336035
33826745,25,8336035
33827958,25,8333825
33829171,23,8333825
33830383,26,8333825
33831595,24,8333825
33832809,26,8333825
33834021,20,8333825
33835233,24,8333825
33836445,22,8333825
33837658,24,8333825
33838871,26,8333879
33840084,27,8334647
33841297,21,8334647
33842508,21,8334647
33843721,26,8334647
33844934,27,8334647
33846146,24,8334647
33847359,25,8334647
33848571,22,8334647
33849784,20,8334820
33850996,26,8339684
33852209,24,8339684
33853421,23,8339684
33854634,24,8339684
33855847,25,8339684
33857059,23,8339684
33858272,23,8339684
33859484,24,8339684
33860697,25,8339684
33861909,23,8339684
33863122,29,8339684
33864334,29,8339684
33865546,28,8339684
33872859,34,8339684
33874035,27,8339684
33875247,30,8339684
33876459,28,8339684
33877672,30,8339684
33878884,29,8339684
33880097,30,8339684
33881310,29,8339684
33882522,28,8336805
33883735,25,8336805
33884947,31,8336805
33886159,29,8336805
33887372,29,8336805
33888584,30,8336805
33889797,28,8336805
33891009,28,8336805
33892222,31,8336805
33893435,33,8336754
33894647,26,8336754
33895859,31,8336754
33897073,31,8336754
33898284,28,8336754
33899497,27,8336754
33900710,31,8336754
33901922,29,8336754
33903134,30,8336754
33904347,28,8334184
33905560,22,8334184
33906772,28,8334184
33907985,31,8334184
33909197,31,8334184
33910410,31,8334184
33911622,28,8334184
33912834,29,8334184
33914047,31,8334184
33915259,32,8338399
33916472,21,8338399
33917683,30,8338399
33918897,28,8338399
33920109,29,8338399
33921321,30,8338399
33922534,33,8338399
33923746,31,8338399
33924958,31,8338399
33926170,29,8334955
33927383,26,8334955
33928595,30,8334955
33929808,30,8334955
33931021,29,8334955
33932233,30,8334955
33933445,28,8334955
33934658,30,8334955
33935870,30,8334955
33937082,32,8336446
33938295,24,8336446
33939507,27,8336446
33940719,31,8336446
33941932,29,8336446
33943145,29,8336446
33944357,29,8336446
33945570,29,8336446
33946782,32,8336446
33947994,28,8337936
33949207,29,8337936
33957694,31,8337936
33958905,30,8334596
33960118,24,8334596
33961330,30,8334596
33962543,33,8334596
33963755,29,8334596
33964967,31,8334596
33966180,29,8334596
33967392,31,8334596
33968605,31,8334596
33969818,32,8337679
33971030,25,8334184
33972243,24,8334184
33973454,23,8334184
33974667,21,8334184
33975880,22,8334184
33977092,24,8334184
33978305,24,8334184
33979517,24,8334184
33980729,22,8334184
33981942,24,8336651
33983154,24,8336651
33984367,25,8336651
33985579,28,8336651
33986792,23,8336651
33988004,20,8336651
33989217,23,8336651
33990429,24,8336651
33991641,24,8336651
33992854,21,8336651
33994066,26,8336651
33995279,24,8336651
33996491,23,8336651
33997703,25,8336651
33998916,27,8336651
34000128,21,8336651
34001341,21,8336651
34002554,24,8336651
34003766,24,8335315
34004978,25,8335315
34006191,23,8335315
34007404,20,8335315
34008615,24,8335315
34009829,27,8335315
34011041,24,8335315
34012254,24,8335315
34013466,20,8335315
34014678,21,8340763
34015891,29,8340763
34017104,23,8340763
34018315,22,8340763
34019528,22,8340763
34020741,23,8340763
34021953,22,8340763
34023166,20,8340763
34024378,25,8340763
34025591,24,8340805
34026803,21,8338501
34028016,22,8338501
34029228,22,8338501
34030441,25,8338501
34031653,24,8338501
34032865,26,8338501
34034078,31,8338501
34042566,29,8338501
34043779,28,8338501
34044991,29,8338501
34046203,29,8341328
34047416,25,8341328
34048629,26,8341328
34049841,29,8341328
34051054,31,8341328
34052267,29,8341328
34053479,28,8341328
34054691,32,8341328
34055903,29,8341328
34057116,28,8336086
34058328,22,8336086
34059541,23,8336086
34060754,31,8336086
34061966,29,8336086
34063179,28,8336086
34064391,32,8336086
34065603,33,8336086
34066816,27,8336086
34068028,28,8336086
34069241,27,8339992
34070454,22,8339992
34071666,28,8339992
34072878,29,8339992
34074091,30,8339992
34075303,28,8339992
34076516,31,8339992
34077729,30,8339992
34078942,29,8339992
34080153,27,8335058
34081366,25,8335058
34082578,29,8335058
34083791,28,8335058
34085003,30,8335058
34086217,31,8335058
34087428,30,8335058
34088642,30,8335058
34089854,27,8335058
34091066,30,8333465
34092278,26,8333465
34093491,30,8333465
34094703,32,8333465
34095916,32,8333465
34097129,31,8333465
34098341,32,8333465
34099553,30,8333465
34100766,31,8333465
34101978,31,8335572
34103191,23,8335572
34104403,30,8335572
34105616,29,8335572
34106828,29,8335572
34108042,28,8335572
34109255,30,8335572
34110467,30,8335572
34111679,30,8335572
34112891,30,8333774
34114104,21,8333774
34115316,28,8333774
34116529,30,8333774
34117741,29,8333774
34118954,30,8333774
34126229,37,8333774
34127442,31,8333774
34128654,30,8333774
34129866,30,8333774
34131079,31,8333774
34132292,28,8333774
34133504,29,8333774
34134717,29,8333003
34135929,23,8333003
34137142,28,8333003
34138354,29,8333003
34139566,29,8333003
34140779,31,8333003
34141991,29,8333003
34143204,28,8333003
34144417,33,8333003
34145628,29,8338656
34146841,23,8338656
34148054,30,8338656
34149266,29,8338656
34150478,29,8338656
34151691,30,8338656
34152903,29,8338656
34154116,28,8338656
34155329,33,8338656
34156541,33,8334030
34157753,19,8336754
34158966,23,8336754
34160179,21,8336754
34161391,29,8336754
34162603,25,8336754
34163816,24,8336754
34165029,22,8336754
34166241,25,8336754
34167454,25,8336754
34168666,28,8336497
34169878,24,8336497
34171091,25,8336497
34172303,22,8336497
34173516,23,8336497
34174729,24,8336497
34175941,27,8336497
34177153,19,8336497
34178366,24,8336497
34179578,23,8336497
34180790,24,8336497
34182003,24,8336497
34183215,21,8336497
34184428,26,8336497
34185641,25,8336497
34186852,23,8336497
34188065,24,8336497
34189277,25,8336497
34190490,22,8335521
34191702,23,8335521
34192915,27,8335521
34194127,22,8335521
34195339,23,8335521
34196553,22,8335521
34197764,24,8335521
34198977,23,8335521
34200189,21,8335521
34201402,27,8336549
34202614,29,8336549
34209891,35,8336549
34211101,27,8336549
34212314,39,8334287
34213526,35,8334287
34214739,23,8334287
34215951,22,8334287
34217163,23,8334287
34218376,25,8334287
34219589,27,8334287
34220800,24,8334287
34222013,23,8334287
34223225,27,8334291
34224438,26,8335315
34225650,25,8335315
34226863,24,8335315
34228075,26,8335315
34229288,22,8335315
34230500,21,8335315
34231713,24,8335315
34232925,23,8335315
34234138,24,8335315
34235350,23,8335315
34236562,29,8335315
34237775,30,8335315
34238987,29,8335315
34240201,31,8335315
34241413,30,8335315
34242626,33,8335315
34243838,32,8335058
34245050,26,8335058
34246262,30,8335058
34247475,29,8335058
34248687,31,8335058
34249900,29,8335058
34251112,32,8335058
34252325,31,8335058
34253538,29,8335058
34254750,28,8335058
34255962,30,8333106
34257175,24,8333106
34258387,30,8333106
34259600,29,8333106
34260813,30,8333106
34262025,30,8333106
34263238,28,8333106
34264450,28,8333106
34265662,30,8333106
34266875,30,8332746
34268088,23,8332746
34269300,29,8332746
34270512,27,8332746
34271725,31,8332746
34272938,30,8332746
34274150,28,8332746
34275363,29,8332746
34276576,29,8332746
34277787,27,8333157
34279000,21,8333157
34280213,28,8333157
34281425,30,8333157
34282638,35,8333157
34283850,29,8333157
34285062,29,8333157
34286275,31,8333157
34294763,29,8333157
34295975,32,8333157
34297187,27,8333157
34298400,29,8333157
34299612,31,8336754
34300826,26,8336754
34302038,29,8336754
34303250,30,8336754
34304463,27,8336754
34305675,27,8336754
34306888,28,8336754
34308101,29,8336754
34309313,31,8336754
34310525,30,8337936
34311738,23,8337936
34312950,32,8337936
34314162,29,8337936
34315375,29,8337936
34316588,31,8337936
34317800,31,8337936
34319013,31,8337936
34320225,30,8337936
34321438,35,8337782
34322650,24,8337782
34323862,29,8337782
34325075,30,8337782
34326287,29,8337782
34327499,30,8337782
34328712,30,8337782
34329924,29,8337782
34331137,30,8337782
34332349,28,8331769
34333562,25,8331769
34334775,29,8331769
34335987,31,8331769
34337200,30,8331769
34338412,31,8331769
34339625,29,8331769
34340837,28,8331769
34342049,29,8331769
34343262,29,8336805
34344475,19,8335212
34345687,24,8335212
34346899,23,8335212
34348112,24,8335212
34349325,23,8335212
34350537,25,8335212
34351750,23,8335212
34352962,26,8335212
34354174,23,8335212
34355387,25,8324009
34356599,22,8324009
34357812,24,8324009
34359025,24,8324009
34360237,27,8324009
34361450,27,8324009
34362662,25,8324009
34363874,23,8324009
34365087,28,8324009
34366300,25,8328686
34367512,24,8328686
34368725,24,8328686
34369937,26,8328686
34371150,27,8328686
34379637,27,8328686
34380849,29,8328686
34382061,30,8328686
34383275,31,8328686
34384487,28,8328686
34385699,33,8328686
34386911,30,8334236
34388124,24,8337936
34389336,24,8337936
34390548,26,8337936
34391762,22,8337936
34392973,25,8337936
34394186,20,8337936
34395398,27,8337936
34396611,24,8337936
34397824,25,8337936
34399037,27,8337992
34400249,23,8339272
34401461,20,8339272
34402674,25,8339272
34403886,24,8339272
34405100,25,8339272
34406312,24,8339272
34407524,21,8339272
34408737,23,8339272
34409950,22,8339306
34411162,23,8334698
34412375,23,8334698
34413587,22,8334698
34414799,22,8334698
34416012,21,8334698
34417225,22,8334698
34418438,27,8334698
34419650,24,8334698
34420862,25,8334698
34422076,23,8334698
34423288,28,8334698
34424500,29,8334698
34425713,29,8334698
34426926,28,8334698
34428138,29,8334698
34429350,30,8334698
34430563,29,8334750
34431776,19,8334750
34432988,23,8334750
34434201,32,8334750
34435413,31,8334750
34436626,30,8334750
34437838,29,8334750
34439050,28,8334750
34440262,29,8334750
34441476,28,8334750
34442687,30,8333928
34443901,23,8333928
34445113,27,8333928
34446325,29,8333928
34447537,30,8333928
34448750,31,8333928
34449962,30,8333928
34451175,29,8333928
34452387,31,8333928
34453600,29,8336035
34454813,25,8336035
34456025,34,8336035
34463300,22,8336035
34464513,32,8335366
34465725,22,8335366
34466937,31,8335366
34468150,28,8335366
34469363,30,8335366
34470575,31,8335366
34471787,29,8335366
34472999,30,8335366
34474212,34,8335366
34475425,28,8335932
34476638,22,8335932
34477850,32,8335932
34479062,32,8335932
34480274,30,8335932
34481487,29,8335932
34482700,31,8335932
34483912,31,8335932
34485125,29,8335932
34486337,29,8334750
34487550,23,8334750
34488762,30,8334750
34489974,29,8334750
34491187,28,8334750
34492400,30,8334750
34493612,29,8334750
34494825,29,8334750
34496036,29,8334750
34497249,30,8336240
34498462,21,8336240
34499674,30,8336240
34500887,29,8336240
34502099,30,8336240
34503312,29,8336240
34504524,30,8336240
34505737,29,8336240
34506948,28,8336240
34508161,30,8336497
34509374,22,8336497
34510586,30,8336497
34511799,27,8336497
34513011,31,8336497
34514224,27,8336497
34515437,33,8336497
34516649,29,8336497
34517862,30,8336497
34519074,29,8335932
34520287,27,8335932
34521499,30,8335932
34522711,31,8335932
34523925,29,8335932
34525137,31,8335932
34526350,32,8335932
34527562,28,8335932
34528775,30,8335932
34529987,29,8332386
34531200,24,8341020
34532412,28,8341020
34533624,27,8341020
34534837,25,8341020
34536050,25,8341020
34537262,21,8341020
34538475,18,8341020
34539687,32,8341020
34546962,33,8341020
34548174,30,8341020
34549387,33,8341020
34550599,29,8341020
34551811,30,8333414
34553024,24,8335572
34554237,24,8335572
34555449,20,8335572
34556662,25,8335572
34557874,23,8335572
34559086,27,8335572
34560299,26,8335572
34561511,22,8335572
34562723,24,8335572
34563936,27,8329816
34565148,24,8329816
34566361,20,8329816
34567574,25,8329816
34568786,23,8329816
34569998,24,8329816
34571211,24,8329816
34572423,25,8329816
34573635,26,8329816
34574848,26,8329816
34576061,22,8329816
34577273,22,8329816
34578486,21,8329816
34579698,26,8329816
34580910,23,8329816
34582123,24,8329816
34583335,21,8329816
34584548,25,8329816
34585761,22,8329737
34586973,25,8335881
34588185,22,8335881
34589398,28,8335881
34590610,23,8335881
34591823,23,8335881
34593035,25,8335881
34594247,25,8335881
34595460,21,8335881
34596673,27,8335947
34597885,26,8340043
34599098,23,8340043
34600310,22,8340043
34601522,24,8340043
34602735,27,8340043
34603947,25,8340043
34605159,20,8340043
34606372,26,8340043
34607584,25,8340043
34608797,25,8340043
34610010,32,8340043
34611222,31,8340043
34612434,31,8340043
34613647,30,8340043
34614859,29,8340043
34616071,29,8340043
34617284,28,8330022
34618496,20,8330022
34619709,24,8330022
34620921,32,8330022
34622133,34,8330022
34623346,33,8330022
34631833,30,8330022
34633045,29,8330022
34634258,28,8330022
34635471,29,8330022
34636684,30,8330022
34637896,32,8330022
34639109,31,8330022
34640321,30,8337114
34641534,25,8337114
34642746,32,8337114
34643958,29,8337114
34645171,28,8337114
34646384,30,8337114
34647596,29,8337114
34648808,30,8337114
34650022,33,8337114
34651233,31,8335058
34652446,25,8335058
34653658,31,8335058
34654871,31,8335058
34656084,29,8335058
34657296,31,8335058
34658509,28,8335058
34659721,31,8335058
34660933,32,8335058
34662146,31,8335366
34663359,25,8335366
34664572,31,8335366
34665784,29,8335366
34666996,32,8335366
34668209,30,8335366
34669422,29,8335366
34670634,29,8335366
34671847,28,8335366
34673059,31,8335264
34674272,21,8335264
34675484,27,8335264
34676697,33,8335264
34677909,27,8335264
34679121,29,8335264
34680335,28,8335264
34681547,30,8335264
34682759,27,8335264
34683972,31,8337063
34685184,21,8337063
34686397,31,8337063
34687610,29,8337063
34688822,31,8337063
34690034,31,8337063
34691247,31,8337063
34692459,32,8337063
34693673,31,8337063
34694884,30,8336908
34696097,23,8336908
34697309,29,8336908
34698522,33,8336908
34699734,30,8336908
34700947,32,8336908
34702160,27,8336908
34703373,31,8336908
34704584,30,8336908
34705797,30,8336549
34707010,23,8336549
34708222,28,8336549
34715498,28,8336549
34716710,29,8337936
34717923,21,8336497
34719135,25,8336497
34720347,25,8336497
34721561,26,8336497
34722772,23,8336497
34723985,22,8336497
34725198,22,8336497
34726411,23,8336497
34727623,24,8336497
34728835,26,8336805
34730048,23,8336805
34731260,26,8336805
34732473,21,8336805
34733686,25,8336805
34734898,26,8336805
34736111,25,8336805
34737323,21,8336805
34738535,26,8336805
34739748,22,8334904
34740961,24,8334904
34742173,24,8334904
34743386,27,8334904
34744598,23,8334904
34745811,23,8334904
34747024,24,8334904
34748236,27,8334904
34749449,22,8334904
34750661,26,8340506
34751873,23,8340506
34753086,25,8340506
34754299,25,8340506
34755512,21,8340506
34756725,25,8340506
34757937,26,8340506
34759149,20,8340506
34760361,23,8340506
34761574,23,8340506
34762787,22,8340506
34763999,25,8340506
34765212,24,8340506
34766424,24,8340506
34767637,24,8340506
34768849,23,8340506
34770062,26,8340506
34771274,25,8340506
34772487,22,8340725
34773699,26,8344309
34774912,26,8344309
34776124,22,8344309
34777337,22,8344309
34778549,24,8344309
34779762,26,8344309
34780975,26,8344309
34782186,23,8344309
34783399,26,8344227
34784611,22,8336035
34785824,23,8336035
34787036,26,8336035
34788249,24,8336035
34789462,21,8336035
34790674,23,8336035
34791886,29,8336035
34800374,36,8336035
34801586,29,8336035
34802799,30,8336035
34804011,31,8336035
34805224,30,8335932
34806436,26,8335932
34807649,29,8335932
34808862,31,8335932
34810074,29,8335932
34811286,29,8335932
34812498,29,8335932
34813711,27,8335932
34814923,30,8335932
34816136,31,8334750
34817349,21,8334750
34818561,31,8334750
34819773,30,8334750
34820986,29,8334750
34822198,27,8334750
34823411,33,8334750
34824623,29,8334750
34825836,30,8334750
34827048,30,8330485
34828261,23,8330485
34829473,28,8330485
34830685,32,8330485
34831899,28,8330485
34833111,30,8330485
34834324,29,8330485
34835536,30,8330485
34836748,32,8330485
34837961,31,8337679
34839174,22,8337679
34840386,28,8337679
34841598,30,8337679
34842811,30,8337679
34844024,31,8337679
34845236,33,8337679
34846449,27,8337679
34847662,29,8337679
34848874,31,8335469
34850086,25,8335469
34851298,30,8335469
34852511,31,8335469
34853723,31,8335469
34854937,32,8335469
34856149,30,8335469
34857361,29,8335469
34858574,31,8335469
34859786,29,8339118
34860999,23,8339118
34862211,29,8339118
34863424,32,8339118
34864637,30,8339118
34865849,31,8339118
34867062,30,8339118
34868274,29,8339118
34869486,29,8339118
34870698,31,8339118
34871911,27,8339118
34873124,30,8339118
34874337,30,8339118
34875548,30,8339118
34876761,31,8339118
34884036,29,8339118
34885248,29,8339118
34886462,26,8339118
34887674,31,8339118
34888886,30,8339118
34890098,30,8339118
34891311,29,8339118
34892524,29,8335469
34893737,24,8335469
34894948,31,8335469
34896162,30,8335469
34897374,32,8335469
34898586,29,8335469
34899799,29,8335469
34901011,31,8335469
34902224,27,8335469
34903436,30,8337063
34904650,25,8336137
34905861,23,8336137
34907075,28,8336137
34908287,22,8336137
34909499,21,8336137
34910711,25,8336137
34911925,22,8336137
34913137,27,8336137
34914349,21,8336137
34915561,24,8334236
34916774,22,8334236
34917987,23,8334236
34919200,23,8334236
34920412,26,8334236
34921625,24,8334236
34922836,22,8334236
34924050,24,8334236
34925262,28,8334236
34926474,23,8328994
34927687,23,8328994
34928900,23,8328994
34930111,24,8328994
34931324,22,8328994
34932537,24,8328994
34933749,26,8328994
34934962,19,8328994
34936174,22,8328994
34937387,28,8329713
34938599,22,8329713
34939811,20,8329713
34941024,25,8329713
34942236,27,8329713
34943449,28,8329713
34944662,22,8329713
34945874,23,8329713
34947087,26,8329713
34948300,21,8329531
34949512,23,8335675
34950724,24,8335675
34951937,26,8335675
34953149,23,8335675
34954361,25,8335675
34955574,25,8335675
34956786,24,8335675
34957999,25,8335675
34959212,24,8335848
34960424,26,8340968
34968911,32,8340968
34970124,24,8340949
34971336,25,8335829
34972549,22,8335829
34973761,22,8335829
34974974,25,8335829
34976187,25,8335829
34977399,25,8335829
34978611,26,8335829
34979824,23,8335829
34981036,24,8335829
34982249,24,8335829
34983461,30,8335829
34984674,30,8335829
34985887,30,8335829
34987099,31,8335829
34988312,31,8335829
34989524,29,8335829
34990737,31,8335829
34991950,28,8339529
34993162,22,8339529
34994375,30,8339529
34995587,26,8339529
34996799,28,8339529
34998011,30,8339529
34999224,29,8339529
35000437,29,8339529
35001649,32,8339529
35002862,29,8337422
35004074,25,8337422
35005287,30,8337422
35006499,30,8337422
35007711,27,8337422
35008924,28,8337422
35010137,28,8337422
35011348,29,8337422
35012561,31,8337422
35013774,29,8337679
35014986,22,8337679
35016199,27,8337679
35017411,29,8337679
35018623,30,8337679
35019836,32,8337679
35021048,30,8337679
35022261,28,8337679
35023473,28,8337679
35024685,29,8334184
35025899,21,8334184
35027110,31,8334184
35028323,30,8334184
35029536,31,8334184
35030748,29,8334184
35031960,28,8334184
35033173,28,8334184
35034386,31,8334184
35035598,27,8334750
35036810,22,8334750
35038022,33,8334750
35039236,29,8334750
35040447,28,8334750
35041660,30,8334750
35042872,30,8334750
35044085,31,8334750
35045297,29,8334750
35053784,28,8334750
35054997,29,8334750
35056209,29,8334750
35057421,28,8338399
35058634,22,8338399
35059847,33,8338399
35061059,29,8338399
35062272,33,8338399
35063484,30,8338399
35064697,33,8338399
35065909,28,8338399
35067122,31,8338399
35068334,28,8334390
35069547,23,8334390
35070759,31,8334390
35071971,30,8334390
35073184,29,8334390
35074397,29,8334390
35075608,27,8334390
35076822,28,8334390
35078034,32,8334390
35079246,30,8334030
35080458,21,8340454
35081671,25,8340454
35082883,25,8340454
35084096,23,8340454
35085309,24,8340454
35086521,24,8340454
35087733,24,8340454
35088946,25,8340454
35090158,22,8340454
35091371,25,8342870
35092584,26,8342870
35093795,23,8342870
35095008,24,8342870
35096220,26,8342870
35097433,27,8342870
35098646,22,8342870
35099858,25,8342870
35101070,26,8342870
35102283,26,8329405
35103496,21,8329405
35104707,26,8329405
35105921,27,8329405
35107132,24,8329405
35108345,20,8329405
35109558,23,8329405
35110770,24,8329405
35111983,22,8329405
35113196,22,8332797
35114408,26,8332797
35115621,26,8332797
35116833,23,8332797
35118046,26,8332797
35119258,23,8332797
35120471,21,8332797
35121683,25,8332797
35122896,26,8332797
35124108,21,8340711
35125321,24,8340711
35126534,23,8340711
35127746,21,8340711
35128959,27,8340711
35130171,30,8340711
35138658,32,8340711
35139872,29,8340711
35141084,29,8340711
35142296,33,8340711
35143509,29,8340711
35144721,29,8340197
35145933,31,8340029
35147146,22,8336189
35148359,23,8336189
35149571,25,8336189
35150783,23,8336189
35151996,21,8336189
35153208,24,8336189
35154421,23,8336189
35155634,24,8336189
35156847,23,8336189
35158059,25,8336189
35159271,31,8336189
35160484,30,8336189
35161696,31,8336189
35162909,29,8336189
35164122,30,8336189
35165334,32,8336189
35166547,29,8336189
35167759,21,8336189
35168971,25,8336189
35170184,29,8336189
35171398,31,8336189
35172610,29,8336189
35173822,29,8336189
35175034,28,8336189
35176248,27,8336189
35177460,32,8336189
35178673,29,8333825
35179885,27,8333825
35181097,30,8333825
35182310,28,8333825
35183523,30,8333825
35184735,30,8333825
35185947,29,8333825
35187161,29,8333825
35188373,30,8333825
35189586,30,8334750
35190798,23,8334750
35192011,31,8334750
35193223,31,8334750
35194436,29,8334750
35195648,31,8334750
35196860,29,8334750
35198073,29,8334750
35199286,32,8334750
35200499,29,8336549
35201711,24,8336549
35202923,30,8336549
35204135,32,8336549
35205348,28,8336549
35206561,30,8336549
35207772,29,8336549
35208985,31,8336549
35210198,30,8336549
35211410,31,8333928
35212623,22,8333928
35213835,29,8333928
35215047,33,8334287
35222322,18,8334287
35223535,32,8334287
35224748,28,8334287
35225959,28,8334287
35227172,29,8334287
35228384,32,8334287
35229597,31,8334287
35230810,29,8334287
35232022,30,8334287
35233234,30,8335881
35234448,23,8335881
35235659,31,8335881
35236872,29,8335881
35238085,31,8335881
35239297,29,8335881
35240509,27,8335881
35241722,29,8335881
35242934,28,8335881
35244147,28,8334698
35245360,24,8334698
35246573,31,8334698
35247785,32,8334698
35248997,29,8334698
35250209,28,8334698
35251422,29,8334698
35252635,31,8334698
35253847,31,8334698
35255059,29,8338039
35256272,25,8338039
35257484,30,8338039
35258698,34,8338039
35259910,30,8338039
35261122,28,8338039
35262334,31,8338039
35263547,34,8338039
35264759,30,8338039
35265971,29,8337165
35267184,24,8335829
35268397,25,8335829
35269609,26,8335829
35270822,26,8335829
35272035,23,8335829
35273247,22,8335829
35274459,22,8335829
35275672,25,8335829
35276885,27,8335829
35278097,24,8332951
35279309,24,8332951
35280522,24,8332951
35281734,28,8332951
35282947,21,8332951
35284159,23,8332951
35285372,25,8332951
35286584,27,8332951
35287798,25,8332951
35289010,22,8335212
35290223,23,8335212
35291435,26,8335212
35292647,28,8335212
35293859,25,8335212
35295073,22,8335212
35296284,25,8335212
35297498,21,8335212
35298709,34,8335212
35305984,27,8335212
35307197,30,8335212
35308410,31,8335212
35309622,29,8330690
35310835,25,8341328
35312047,25,8341328
35313260,25,8341328
35314473,24,8341328
35315685,25,8341328
35316898,25,8341328
35318111,22,8341328
35319322,19,8341328
35320536,25,8341328
35321747,24,8341458
35322960,24,8335058
35324172,24,8335058
35325385,27,8335058
35326598,23,8335058
35327810,22,8335058
35329023,26,8335058
35330236,25,8335058
35331448,23,8335058
35332661,24,8334996
35333873,26,8332180
35335086,27,8332180
35336298,25,8332180
35337510,21,8332180
35338723,25,8332180
35339935,27,8332180
35341148,24,8332180
35342360,25,8332180
35343573,26,8332180
35344785,21,8332180
35345998,30,8332180
35347210,29,8332180
35348423,29,8332180
35349635,32,8332180
35350847,29,8332180
35352060,32,8332180
35353272,29,8332180
35354484,23,8332180
35355697,26,8332180
35356910,28,8332180
35358122,29,8332180
35359334,33,8332180
35360547,32,8332180
35361759,28,8332180
35362972,30,8332180
35364185,29,8332180
35365397,32,8338090
35366610,25,8338090
35367822,28,8338090
35369034,28,8338090
35370246,33,8338090
35371460,30,8338090
35372671,31,8338090
35373884,30,8338090
35375097,32,8338090
35376309,29,8338810
35377521,22,8338810
35378734,30,8338810
35379947,31,8338810
35381159,28,8338810
35382371,32,8338810
35390859,32,8338810
35392071,30,8338810
35393283,31,8338810
35394496,31,8338810
35395709,29,8338810
35396921,29,8338810
35398134,32,8334904
35399346,27,8334904
35400559,28,8334904
35401771,29,8334904
35402984,32,8334904
35404196,29,8334904
35405409,29,8334904
35406621,30,8334904
35407833,29,8334904
35409046,29,8336600
35410258,25,8336600
35411472,29,8336600
35412684,30,8336600
35413896,31,8336600
35415109,30,8336600
35416321,28,8336600
35417533,28,8336600
35418746,30,8336600
35419958,31,8334544
35421171,25,8334544
35422384,31,8334544
35423596,27,8334544
35424808,30,8334544
35426021,27,8334544
35427233,30,8334544
35428446,30,8334544
35429658,31,8334544
35430870,31,8337885
35432084,28,8337885
35433296,31,8337885
35434508,27,8337885
35435721,31,8337885
35436933,28,8337885
35438145,31,8337885
35439358,31,8337885
35440570,31,8337885
35441783,30,8337833
35442995,26,8337833
35444207,29,8337833
35445420,29,8337833
35446632,29,8337833
35447846,32,8337833
35449058,31,8337833
35450270,29,8337833
35451483,29,8337833
35452695,30,8337063
35453907,22,8335726
35455121,23,8335726
35456332,22,8335726
35457545,21,8335726
35458758,23,8335726
35459970,23,8335726
35461182,23,8335726
35462394,27,8335726
35463607,25,8335726
35464819,22,8337833
35466032,24,8337833
35467244,30,8337833
35475731,39,8336240
35476944,21,8336240
35478156,21,8336240
35479369,22,8336240
35480581,21,8336240
35481794,22,8336240
35483006,25,8336240
35484219,25,8336240
35485431,28,8336240
35486643,24,8340865
35487855,22,8340865
35489068,22,8340865
35490280,25,8340865
35491493,19,8340865
35492706,27,8340865
35493918,24,8340865
35495130,23,8340865
35496342,22,8340865
35497556,25,8332746
35498767,23,8332746
35499980,22,8332746
35501192,23,8332746
35502405,25,8332746
35503617,23,8332746
35504830,21,8332746
35506042,25,8332746
35507254,24,8332746
35508467,24,8332597
35509679,25,8334133
35510892,27,8334133
35512105,24,8334133
35513317,22,8334133
35514529,23,8334133
35515741,23,8334133
35516954,25,8334133
35518166,21,8334133
35519379,24,8334308
35520591,24,8339940
35521803,23,8339940
35523016,25,8339940
35524229,26,8339940
35525441,25,8339940
35526653,26,8339940
35527865,20,8339940
35529078,24,8339940
35530291,22,8339940
35531503,25,8339940
35532715,29,8339940
35533927,31,8339940
35535140,28,8339940
35536353,29,8339940
35537565,26,8339940
35538777,29,8339940
35539990,31,8335315
35541202,26,8335315
35542415,24,8335315
35543627,30,8335315
35544839,31,8335315
35546052,28,8335315
35547264,29,8335315
35548477,30,8335315
35549690,31,8335315
35550902,29,8335315
35552114,28,8335315
35559389,36,8335315
35560601,31,8335315
35561814,27,8335315
35563026,31,8340506
35564238,23,8340506
35565451,30,8340506
35566663,29,8340506
35567875,30,8340506
35569088,28,8340506
35570299,29,8340506
35571512,27,8340506
35572725,29,8340506
35573937,29,8337936
35575149,21,8337936
35576361,29,8337936
35577574,28,8337936
35578787,28,8337936
35579999,29,8337936
35581211,29,8337936
35582424,29,8337936
35583636,28,8337936
35584849,31,8333671
35586062,22,8333671
35587274,30,8333671
35588486,26,8333671
35589698,29,8333671
35590911,31,8333671
35592123,32,8333671
35593336,29,8333671
35594549,30,8333671
35595761,30,8335572
35596973,26,8335572
35598186,28,8335572
35599399,30,8335572
35600611,31,8335572
35601823,31,8335572
35603035,30,8335572
35604248,28,8335572
35605461,27,8335572
35606673,28,8338810
35607886,25,8338810
35609098,31,8338810
35610310,30,8338810
35611522,30,8338810
35612735,31,8338810
35613948,29,8338810
35615160,26,8338810
35616373,29,8338810
35617584,28,8338758
35618797,24,8338758
35620010,29,8338758
35621222,32,8338758
35622435,29,8338758
35623647,28,8338758
35624860,33,8338758
35626072,31,8338758
35627284,32,8338758
35628496,28,8337987
35629709,23,8337987
35630922,27,8337987
35632134,28,8337987
35633346,30,8337987
35634559,29,8337987
35635771,29,8337987
35643046,30,8337987
35644259,31,8337987
35645471,27,8337987
35646683,29,8337987
35647896,29,8337987
35649108,31,8337987
35650321,28,8334493
35651533,26,8336343
35652746,23,8336343
35653958,24,8336343
35655170,26,8336343
35656383,23,8336343
35657595,24,8336343
35658807,23,8336343
35660020,22,8336343
35661233,25,8336343
35662446,25,8336343
35663658,23,8336343
35664870,24,8336343
35666083,22,8336343
35667296,22,8336343
35668507,27,8336343
35669720,25,8336343
35670933,28,8336343
35672146,24,8336343
35673357,22,8333619
35674571,27,8333619
35675783,22,8333619
35676995,23,8333619
35678207,24,8333619
35679420,25,8333619
35680633,26,8333619
35681845,21,8333619
35683058,25,8333619
35684271,25,8338399
35685482,23,8338399
35686695,24,8338399
35687907,27,8338399
35689120,22,8338399
35690332,22,8338399
35691545,26,8338399
35692758,21,8338399
35693970,23,8338399
35695182,21,8338306
35696395,25,8341122
35697607,25,8341122
35698820,22,8341122
35700032,23,8341122
35701245,24,8341122
35702457,24,8341122
35703670,26,8341122
35704883,25,8341122
35706095,27,8341103
35707308,22,8335983
35708520,22,8335983
35709733,24,8335983
35710944,23,8335983
35712158,24,8335983
35713370,23,8335983
35714582,19,8335983
35715795,25,8335983
35717007,24,8335983
35718220,28,8335983
35719432,26,8335983
35727919,28,8339581
35729132,26,8339581
35730344,32,8339581
35731557,30,8339581
35732769,30,8339581
35733982,29,8339581
35735194,29,8339581
35736407,31,8339581
35737619,32,8339581
35738831,29,8335881
35740045,23,8335881
35741256,28,8335881
35742469,29,8335881
35743682,31,8335881
35744893,31,8335881
35746106,31,8335881
35747318,31,8335881
35748532,30,8335881
35749743,30,8333825
35750956,24,8333825
35752169,29,8333825
35753381,28,8333825
35754593,29,8333825
35755806,31,8333825
35757018,28,8333825
35758230,27,8333825
35759443,31,8333825
35760655,31,8333516
35761868,24,8333516
35763079,29,8333516
35764293,29,8333516
35765504,31,8333516
35766718,31,8333516
35767929,30,8333516
35769142,31,8333516
35770354,30,8333516
35771566,31,8333568
35772779,22,8333568
35773991,28,8333568
35775204,29,8333568
35776416,31,8333568
35777629,31,8333568
35778842,30,8333568
35780054,31,8333568
35781267,30,8333568
35782479,29,8334647
35783691,27,8334647
35784903,29,8334647
35786116,30,8334647
35787329,29,8334647
35788541,30,8334647
35789754,31,8334647
35790966,29,8334647
35792179,31,8334647
35793391,30,8336137
35794603,26,8336137
35795816,28,8336137
35797029,29,8336137
35798241,30,8336137
35799453,29,8336137
35800666,31,8336137
35801878,34,8336137
35803090,33,8336137
35804302,30,8336137
35812790,31,8336137
35814002,31,8336137
35815214,30,8332643
35816427,23,8332643
35817639,31,8332643
35818852,31,8332643
35820064,28,8332643
35821277,28,8332643
35822489,27,8332643
35823701,31,8332643
35824914,29,8332643
35826126,29,8337628
35827339,21,8335521
35828552,23,8335521
35829764,25,8335521
35830976,26,8335521
35832189,23,8335521
35833402,26,8335521
35834614,25,8335521
35835826,27,8335521
35837039,23,8335521
35838252,23,8334339
35839464,21,8334339
35840676,24,8334339
35841889,27,8334339
35843101,25,8334339
35844314,23,8334339
35845526,23,8334339
35846738,23,8334339
35847950,27,8334339
35849163,21,8330895
35850376,27,8330895
35851588,21,8330895
35852800,23,8330895
35854013,24,8330895
35855226,26,8330895
35856438,27,8330895
35857650,23,8330895
35858863,24,8330895
35860075,22,8329457
35861287,24,8329457
35862499,20,8329457
35863713,22,8329457
35864925,23,8329457
35866137,26,8329457
35867350,25,8329457
35868562,22,8329457
35869775,21,8329457
35870987,23,8329457
35872200,24,8329457
35873412,26,8329457
35874624,24,8329457
35875837,21,8329457
35877050,25,8329457
35878263,23,8329457
35879475,22,8329457
35880687,25,8329457
35881900,24,8329365
35883112,25,8332437
35884325,22,8332437
35885538,27,8332437
35886750,24,8332437
35887962,25,8332437
35889175,30,8332437
35897662,32,8332437
35898874,29,8332437
35900088,30,8332437
35901300,29,8332437
35902512,29,8340454
35903724,27,8340454
35904937,26,8340454
35906149,26,8340454
35907361,32,8340454
35908574,31,8340454
35909786,31,8340454
35910999,31,8340454
35912211,30,8340454
35913424,30,8336703
35914636,23,8336703
35915850,21,8336703
35917062,28,8336703
35918274,31,8336703
35919486,29,8336703
35920699,29,8336703
35921911,31,8336703
35923124,29,8336703
35924336,31,8336703
35925549,32,8339015
35926762,22,8339015
35927974,27,8339015
35929187,28,8339015
35930399,29,8339015
35931611,28,8339015
35932824,31,8339015
35934036,30,8339015
35935249,29,8339015
35936462,29,8333311
35937674,26,8333311
35938886,29,8333311
35940099,29,8333311
35941311,28,8333311
35942523,29,8333311
35943736,29,8333311
35944949,32,8333311
35946161,30,8333311
35947374,30,8337268
35948586,26,8337268
35949798,28,8337268
35951011,28,8337268
35952224,30,8337268
35953436,33,8337268
35954648,31,8337268
35955861,29,8337268
35957073,29,8337268
35958286,29,8335007
35959499,24,8335007
35960711,31,8335007
35961924,33,8335007
35963136,33,8335007
35964349,30,8335007
35965560,27,8335007
35966774,30,8335007
35967986,31,8335007
35969198,32,8334287
35970411,25,8334287
35971623,31,8334287
35972835,28,8334287
35974048,32,8332489
35981323,17,8332489
35982536,27,8332489
35983749,31,8332489
35984961,29,8332489
35986173,29,8332489
35987386,30,8332489
35988599,30,8332489
35989811,30,8332489
35991024,30,8334698
35992237,25,8334698
35993449,28,8334698
35994662,29,8334698
35995874,31,8334698
35997087,32,8334698
35998300,29,8334698
35999512,28,8334698
36000725,28,8334698
36001937,30,8333157
36003151,25,8333157
36004363,28,8333157
36005575,28,8333157
36006789,30,8333157
36008001,31,8333157
36009213,31,8333157
36010426,31,8333157
36011639,26,8333157
36012851,29,8335161
36014064,23,8336497
36015276,24,8336497
36016489,21,8336497
36017702,22,8336497
36018914,24,8336497
36020127,27,8336497
36021339,22,8336497
36022552,23,8336497
36023764,19,8336497
36024977,22,8325243
36026189,23,8325243
36027402,23,8325243
36028614,25,8325243
36029827,26,8325243
36031040,27,8325243
36032253,24,8325243
36033464,19,8325243
36034677,25,8325243
36035890,23,8332386
36037103,25,8332386
36038315,23,8332386
36039528,22,8332386
36040740,20,8332386
36041953,26,8332386
36043165,24,8332386
36044378,23,8332386
36045590,23,8332386
36046803,24,8330690
36048016,21,8330690
36049228,21,8330690
36050441,25,8330690
36051653,26,8330690
36052865,24,8330690
36054079,24,8330690
36055291,24,8330690
36056503,23,8330690
36057716,34,8330690
36064991,21,8330690
36066204,30,8330690
36067416,31,8333054
36068629,25,8333012
36069842,25,8335572
36071055,24,8335572
36072266,23,8335572
36073479,21,8335572
36074692,22,8335572
36075905,25,8335572
36077117,24,8335572
36078329,24,8335572
36079542,23,8335549
36080755,21,8329405
36081967,26,8329405
36083180,24,8329405
36084393,28,8329405
36085605,23,8329405
36086817,25,8329405
36088030,24,8329405
36089243,25,8329405
36090455,20,8329405
36091669,23,8329405
36092881,29,8329405
36094093,27,8329405
36095306,32,8329405
36096518,31,8329405
36097731,31,8329405
36098943,28,8329405
36100156,28,8338090
36101368,26,8338090
36102580,27,8338090
36103793,31,8338090
36105006,31,8338090
36106219,29,8338090
36107430,30,8338090
36108643,32,8338090
36109856,29,8338090
36111069,31,8338090
36112281,30,8338193
36113494,21,8338193
36114706,30,8338193
36115918,29,8338193
36117130,32,8338193
36118343,32,8338193
36119556,29,8338193
36120769,29,8338193
36121981,28,8338193
36123194,28,8334852
36124406,25,8334852
36125618,30,8334852
36126831,29,8334852
36128043,30,8334852
36129255,31,8334852
36130468,27,8334852
36131681,29,8334852
36132894,33,8334852
36134106,31,8330279
36135318,23,8330279
36136530,28,8330279
36137743,32,8330279
36138956,31,8330279
36140168,28,8330279
36141381,32,8330279
36149868,33,8330279
36151081,30,8330279
36152293,30,8330279
36153505,28,8330279
36154718,31,8330279
36155931,29,8334339
36157143,25,8334339
36158356,31,8334339
36159569,31,8334339
36160780,31,8334339
36161993,33,8334339
36163205,31,8334339
36164418,32,8334339
36165630,30,8334339
36166843,31,8339426
36168056,23,8339426
36169268,29,8339426
36170480,27,8339426
36171692,29,8339426
36172906,29,8339426
36174118,27,8339426
36175330,29,8339426
36176543,31,8339426
36177755,29,8336651
36178968,23,8336651
36180181,26,8336651
36181393,34,8336651
36182606,31,8336651
36183818,27,8336651
36185030,28,8336651
36186243,29,8336651
36187456,28,8336651
36188668,30,8333516
36189881,24,8333516
36191093,30,8333516
36192306,31,8333516
36193518,29,8333516
36194731,33,8333516
36195943,31,8333516
36197156,29,8333516
36198368,28,8333516
36199581,31,8332386
36200794,25,8335932
36202006,21,8335932
36203219,21,8335932
36204431,24,8335932
36205644,24,8335932
36206856,25,8335932
36208069,24,8335932
36209282,22,8335932
36210494,21,8335932
36211707,28,8332180
36212919,24,8332180
36214132,24,8332180
36215344,25,8332180
36216557,27,8332180
36217770,24,8332180
36218983,28,8332180
36220195,23,8332180
36221408,23,8332180
36222620,24,8332026
36223833,23,8332026
36225045,27,8332026
36226258,30,8334852
36234746,33,8334852
36235958,21,8334852
36237171,25,8334852
36238384,27,8334852
36239596,22,8334852
36240808,25,8334852
36242021,24,8334852
36243234,27,8334852
36244446,24,8334852
36245659,24,8334852
36246871,24,8334852
36248084,28,8334852
36249296,23,8334852
36250509,18,8334852
36251721,26,8334852
36252934,25,8334852
36254147,21,8334852
36255360,23,8334898
36256572,25,8333106
36257785,23,8333106
36258997,25,8333106
36260211,21,8333106
36261423,22,8333106
36262635,26,8333106
36263849,24,8333106
36265061,26,8333106
36266273,25,8333136
36267486,21,8341328
36268698,24,8341328
36269911,24,8341328
36271124,22,8341328
36272336,23,8341328
36273549,24,8341328
36274762,22,8341328
36275974,25,8341328
36277187,24,8341328
36278400,26,8341328
36279613,30,8341328
36280824,29,8341328
36282037,28,8341328
36283250,30,8341328
36284463,27,8341328
36285675,29,8341328
36286887,29,8333414
36288101,24,8333414
36289313,23,8333414
36290525,31,8333414
36291738,33,8333414
36292950,28,8333414
36294163,29,8333414
36295376,29,8333414
36296589,29,8333414
36297801,32,8333414
36299014,29,8335932
36300227,25,8335932
36301438,31,8335932
36302651,31,8335932
36303863,28,8335932
36305076,29,8335932
36306288,30,8335932
36307501,30,8335932
36308714,30,8335932
36309926,28,8336189
36311138,32,8336189
36319626,28,8336189
36320839,28,8335366
36322052,23,8335366
36323264,29,8335366
36324477,29,8335366
36325689,31,8335366
36326902,31,8335366
36328114,28,8335366
36329327,28,8335366
36330540,29,8335366
36331752,30,8336703
36332964,23,8336703
36334177,30,8336703
36335389,33,8336703
36336602,31,8336703
36337814,29,8336703
36339027,29,8336703
36340240,30,8336703
36341452,27,8336703
36342665,31,8335418
36343878,23,8335418
36345090,31,8335418
36346303,28,8335418
36347516,30,8335418
36348727,31,8335418
36349940,29,8335418
36351153,31,8335418
36352366,29,8335418
36353578,30,8334698
36354790,25,8334698
36356003,32,8334698
36357215,30,8334698
36358428,29,8334698
36359641,30,8334698
36360853,30,8334698
36362066,30,8334698
36363278,32,8334698
36364491,29,8336600
36365703,23,8336600
36366916,29,8336600
36368129,31,8336600
36369341,29,8336600
36370554,29,8336600
36371767,30,8336600
36372979,30,8336600
36374191,28,8336600
36375404,29,8333825
36376616,24,8333825
36377829,26,8333825
36379042,30,8333825
36380254,30,8333825
36381467,29,8333825
36382679,29,8333825
36383892,31,8333825
36385104,28,8333825
36386318,30,8336343
36387530,23,8336805
36388742,25,8336805
36389955,24,8336805
36391167,21,8336805
36392380,25,8336805
36393593,25,8336805
36394805,23,8336805
36396018,29,8336805
36404506,31,8336805
36405718,30,8336805
36406932,28,8336805
36408144,27,8329765
36409356,22,8334750
36410569,24,8334750
36411782,22,8334750
36412994,25,8334750
36414206,25,8334750
36415420,20,8334750
36416632,24,8334750
36417845,22,8334750
36419057,23,8334750
36420271,24,8340711
36421483,20,8340711
36422695,25,8340711
36423908,23,8340711
36425121,23,8340711
36426333,21,8340711
36427545,23,8340711
36428758,24,8340711
36429971,23,8340711
36431184,25,8333619
36432396,24,8333619
36433608,25,8333619
36434822,25,8333619
36436034,26,8333619
36437246,25,8333619
36438459,19,8333619
36439671,26,8333619
36440884,26,8333619
36442097,25,8333719
36443310,23,8332951
36444522,23,8332951
36445734,25,8332951
36446947,24,8332951
36448160,25,8332951
36449372,22,8332951
36450585,23,8332951
36451797,23,8332951
36453010,25,8332926
36454223,24,8340094
36455435,28,8340094
36456648,25,8340094
36457861,25,8340094
36459074,23,8340094
36460286,25,8340094
36461498,23,8340094
36462711,24,8340094
36463924,20,8340094
36465137,25,8340094
36466349,27,8340094
36467562,30,8340094
36468774,28,8340094
36469987,32,8340094
36471199,28,8340094
36472412,30,8340094
36473624,31,8335469
36474837,25,8335469
36476050,23,8335469
36477262,31,8335469
36478475,28,8335469
36479687,32,8335469
36480900,26,8335469
36488175,31,8335469
36489388,29,8335469
36490601,33,8335469
36491814,30,8335469
36493026,28,8335469
36494238,30,8335469
36495452,28,8335469
36496664,31,8333054
36497877,26,8333054
36499089,29,8333054
36500302,31,8333054
36501514,31,8333054
36502727,30,8333054
36503939,30,8333054
36505153,29,8333054
36506365,28,8333054
36507578,31,8335675
36508790,25,8335675
36510002,32,8335675
36511215,27,8335675
36512428,30,8335675
36513640,31,8335675
36514853,30,8335675
36516066,28,8335675
36517279,31,8335675
36518490,27,8333928
36519703,24,8333928
36520917,29,8333928
36522129,31,8333928
36523341,29,8333928
36524554,30,8333928
36525766,31,8333928
36526979,27,8333928
36528191,28,8333928
36529405,29,8337063
36530617,25,8337063
36531829,29,8337063
36533042,29,8337063
36534254,30,8337063
36535467,28,8337063
36536679,30,8337063
36537893,30,8337063
36539105,29,8337063
36540317,29,8334596
36541530,22,8334596
36542743,32,8334596
36543955,29,8334596
36545168,26,8334596
36546380,29,8334596
36547592,30,8334596
36548806,28,8334596
36550018,27,8334596
36551230,30,8333825
36552443,26,8333825
36553655,31,8333825
36554868,32,8333825
36556080,29,8333825
36557293,32,8333825
36558506,28,8333825
36559719,29,8333825
36560931,29,8333825
36562143,30,8333465
36563356,24,8333465
36564569,34,8333465
36571859,32,8333465
36573057,28,8337268
36574269,26,8335726
36575482,21,8335726
36576695,26,8335726
36577907,22,8335726
36579120,23,8335726
36580332,25,8335726
36581545,26,8335726
36582758,24,8335726
36583970,24,8335726
36585183,23,8333722
36586395,27,8333722
36587607,25,8333722
36588820,23,8333722
36590032,26,8333722
36591246,25,8333722
36592457,18,8333722
36593670,22,8333722
36594883,24,8333722
36596096,25,8333722
36597308,24,8333722
36598520,25,8333722
36599734,25,8333722
36600946,22,8333722
36602158,20,8333722
36603371,24,8333722
36604583,24,8333722
36605796,25,8333722
36607009,23,8342767
36608222,26,8342767
36609434,29,8342767
36610646,24,8342767
36611858,21,8342767
36613071,27,8342767
36614284,23,8342767
36615496,21,8342767
36616709,25,8342767
36617921,24,8332591
36619134,26,8332591
36620347,27,8332591
36621559,24,8332591
36622771,23,8332591
36623984,22,8332591
36625197,23,8332591
36626409,28,8332591
36627622,25,8332591
36628834,20,8332595
36630047,24,8333619
36631259,24,8333619
36632472,20,8333619
36633685,23,8333619
36634897,25,8333619
36636109,25,8333619
36637323,23,8333619
36638535,23,8333619
36639747,24,8333583
36640959,24,8337679
36642172,24,8337679
36643385,28,8337679
36644598,26,8337679
36645810,22,8337679
36647023,25,8337679
36648235,28,8337679
36656723,30,8337679
36657936,30,8337679
36659149,29,8337679
36660361,32,8340608
36661574,26,8340608
36662787,25,8340608
36663999,32,8340608
36665211,30,8340608
36666424,31,8340608
36667637,30,8340608
36668850,31,8340608
36670062,29,8340608
36671274,28,8340608
36672487,29,8333414
36673700,22,8333414
36674912,29,8333414
36676125,31,8333414
36677338,30,8333414
36678551,28,8333414
36679763,29,8333414
36680975,28,8333414
36682188,27,8333414
36683401,31,8334904
36684614,24,8334904
36685826,30,8334904
36687039,29,8334904
36688252,30,8334904
36689464,28,8334904
36690677,31,8334904
36691889,30,8334904
36693101,31,8334904
36694314,30,8336343
36695527,20,8336343
36696739,32,8336343
36697952,29,8336343
36699164,30,8336343
36700378,29,8336343
36701590,29,8336343
36702802,33,8336343
36704015,28,8336343
36705228,29,8335315
36706440,28,8335315
36707652,31,8335315
36708866,30,8335315
36710078,31,8335315
36711290,29,8335315
36712503,29,8335315
36713715,31,8335315
36714928,28,8335315
36716141,30,8335675
36717354,25,8335675
36718565,31,8335675
36719778,30,8335675
36720991,29,8335675
36722203,31,8335675
36723416,31,8335675
36724629,28,8335675
36725842,30,8335675
36727054,29,8337011
36728267,26,8337011
36729479,29,8337011
36730691,30,8337011
36731905,28,8337011
36733117,29,8337011
36740393,36,8337011
36741604,27,8337011
36742817,29,8337011
36744030,31,8337011
36745242,29,8337011
36746454,29,8337011
36747667,31,8337011
36748880,30,8334904
36750093,26,8334904
36751305,30,8334904
36752517,29,8334904
36753730,28,8334904
36754943,29,8334904
36756155,31,8334904
36757368,28,8334904
36758581,27,8334904
36759794,30,8336549
36761006,24,8336703
36762219,24,8336703
36763431,28,8336703
36764644,23,8336703
36765856,23,8336703
36767069,26,8336703
36768282,24,8336703
36769494,19,8336703
36770707,21,8336703
36771920,25,8337114
36773132,27,8337114
36774344,23,8337114
36775557,24,8337114
36776770,24,8337114
36777983,23,8337114
36779195,25,8337114
36780408,24,8337114
36781621,25,8337114
36782833,20,8337114
36784046,26,8337114
36785258,25,8337114
36786471,21,8337114
36787683,23,8337114
36788897,23,8337114
36790109,24,8337114
36791321,22,8337114
36792534,24,8337114
36793747,22,8333876
36794959,23,8333876
36796172,26,8333876
36797385,27,8333876
36798598,26,8333876
36799810,27,8333876
36801022,23,8333876
36802235,27,8333876
36803448,25,8333876
36804659,21,8334955
36805872,22,8334955
36807085,26,8334955
36808297,22,8334955
36809510,24,8334955
36810722,24,8334955
36811935,28,8334955
36813147,23,8334955
36814360,24,8334955
36815573,24,8335013
36816785,32,8336549
36825272,30,8336549
36826485,35,8336595
36827698,27,8335315
36828910,26,8335315
36830123,23,8335315
36831336,22,8335315
36832548,23,8335315
36833760,26,8335315
36834973,23,8335315
36836185,22,8335315
36837398,25,8335315
36838611,26,8335315
36839823,30,8335315
36841036,30,8335315
36842248,29,8335315
36843461,31,8335315
36844674,30,8335315
36845886,30,8335315
36847100,29,8337885
36848312,22,8337885
36849524,23,8337885
36850737,31,8337885
36851949,31,8337885
36853162,27,8337885
36854375,30,8337885
36855587,27,8337885
36856800,31,8337885
36858013,28,8337885
36859225,27,8337371
36860437,27,8337371
36861650,29,8337371
36862863,29,8337371
36864076,29,8337371
36865288,30,8337371
36866501,29,8337371
36867714,31,8337371
36868925,29,8337371
36870138,33,8337319
36871351,20,8337319
36872564,32,8337319
36873776,28,8337319
36874988,29,8337319
36876201,29,8337319
36877413,33,8337319
36878626,30,8337319
36879839,30,8337319
36881051,26,8333465
36882263,25,8333465
36883476,31,8333465
36884688,30,8333465
36885902,28,8333465
36887114,29,8333465
36888326,29,8333465
36889539,30,8333465
36890751,28,8333465
36891963,28,8331769
36893176,23,8331769
36894388,30,8331769
36895601,33,8331769
36896814,32,8331769
36898026,29,8331769
36899238,28,8331769
36900452,28,8331769
36901663,30,8331769
36908939,40,8331769
36910152,33,8331769
36911364,29,8331769
36912576,30,8331769
36913789,29,8337679
36915001,23,8337679
36916213,29,8337679
36917426,30,8337679
36918638,29,8337679
36919851,31,8337679
36921063,31,8337679
36922276,33,8337679
36923488,31,8337679
36924700,29,8339272
36925914,28,8339272
36927125,30,8339272
36928338,34,8339272
36929551,32,8339272
36930762,31,8339272
36931975,30,8339272
36933187,29,8339272
36934400,30,8339272
36935612,31,8335366
36936824,23,8335366
36938036,29,8335366
36939249,30,8335366
36940461,29,8335366
36941674,29,8335366
36942886,29,8335366
36944099,29,8335366
36945310,30,8335366
36946523,31,8335521
36947735,25,8332540
36948948,24,8332540
36950160,26,8332540
36951373,26,8332540
36952584,23,8332540
36953798,21,8332540
36955010,24,8332540
36956221,22,8332540
36957434,26,8332540
36958646,27,8340557
36959859,24,8340557
36961072,25,8340557
36962283,23,8340557
36963496,20,8340557
36964708,24,8340557
36965921,25,8340557
36967133,28,8340557
36968345,25,8340557
36969558,25,8340557
36970770,21,8340557
36971982,26,8340557
36973194,25,8340557
36974407,28,8340557
36975619,25,8340557
36976831,21,8340557
36978043,24,8340557
36979256,24,8340557
36980469,21,8331204
36981681,24,8331204
36982893,27,8331204
36984105,25,8331204
36985318,30,8331204
36993803,28,8331204
36995015,32,8331204
36996228,29,8331204
36997440,29,8331204
36998653,30,8331204
36999864,31,8331204
37001077,27,8333260
37002289,26,8333060
37003501,25,8334852
37004714,23,8334852
37005926,24,8334852
37007139,23,8334852
37008350,25,8334852
37009563,23,8334852
37010775,22,8334852
37011987,24,8334852
37013199,26,8335088
37014412,24,8329200
37015625,22,8329200
37016836,24,8329200
37018049,26,8329200
37019261,25,8329200
37020473,21,8329200
37021686,26,8329200
37022898,25,8329200
37024110,25,8329200
37025323,25,8329200
37026535,29,8329200
37027747,30,8329200
37028960,31,8329200
37030172,31,8329200
37031385,30,8329200
37032597,28,8329200
37033809,33,8332077
37035022,24,8332077
37036233,25,8332077
37037445,27,8332077
37038658,27,8332077
37039870,26,8332077
37041082,30,8332077
37042294,30,8332077
37043507,28,8332077
37044720,29,8332077
37045931,32,8332951
37047144,25,8332951
37048356,30,8332951
37049569,30,8332951
37050781,30,8332951
37051993,31,8332951
37053206,29,8332951
37054418,31,8332951
37055630,28,8332951
37056842,32,8332540
37058055,26,8332540
37059267,29,8332540
37060480,28,8332540
37061692,29,8332540
37062904,32,8332540
37064116,28,8332540
37065329,30,8332540
37066542,30,8332540
37067754,28,8333157
37068966,24,8333157
37070178,32,8333157
37077453,28,8333157
37078665,31,8338296
37079877,24,8338296
37081089,30,8338296
37082301,31,8338296
37083513,27,8338296
37084726,32,8338296
37085938,29,8338296
37087151,28,8338296
37088363,28,8338296
37089575,31,8336137
37090787,22,8336137
37092000,30,8336137
37093212,27,8336137
37094424,28,8336137
37095636,27,8336137
37096849,29,8336137
37098062,30,8336137
37099273,31,8336137
37100486,30,8338244
37101698,23,8338244
37102910,31,8338244
37104122,30,8338244
37105336,30,8338244
37106547,28,8338244
37107760,29,8338244
37108973,29,8338244
37110185,29,8338244
37111398,30,8337731
37112610,25,8337731
37113822,31,8337731
37115034,31,8337731
37116247,30,8337731
37117459,30,8337731
37118671,30,8337731
37119883,31,8337731
37121095,30,8337731
37122308,29,8334596
37123520,24,8334596
37124733,31,8334596
37125945,30,8334596
37127157,26,8334596
37128369,30,8334596
37129582,30,8334596
37130794,29,8334596
37132006,31,8334596
37133219,31,8333362
37134431,24,8334236
37135643,23,8334236
37136855,21,8334236
37138068,25,8334236
37139279,27,8334236
37140492,22,8334236
37141705,24,8334236
37142917,26,8334236
37144129,30,8334236
37145342,22,8334544
37146554,26,8334544
37147766,24,8334544
37148978,24,8334544
37150190,23,8334544
37151403,24,8334544
37152615,23,8334544
37153827,31,8334544
37162313,20,8334544
37163525,31,8334544
37164738,31,8334544
37165950,32,8329045
37167162,25,8335418
37168374,22,8335418
37169587,26,8335418
37170799,24,8335418
37172011,23,8335418
37173223,26,8335418
37174437,29,8335418
37175648,26,8335418
37176861,23,8335418
37178074,26,8335504
37179286,24,8344720
37180498,22,8344720
37181710,25,8344720
37182923,22,8344720
37184135,26,8344720
37185347,25,8344720
37186560,24,8344720
37187772,20,8344720
37188984,22,8344582
37190197,23,8335366
37191409,23,8335366
37192622,26,8335366
37193834,25,8335366
37195046,27,8335366
37196258,22,8335366
37197471,19,8335366
37198683,26,8335366
37199895,26,8335366
37201108,27,8335366
37202321,29,8335366
37203533,31,8335366
37204745,29,8335366
37205958,33,8335366
37207170,30,8335366
37208382,27,8335366
37209594,32,8335366
37210807,23,8335366
37212019,23,8335366
37213232,30,8335366
37214443,29,8335366
37215656,28,8335366
37216868,29,8335366
37218081,32,8335366
37219293,27,8335366
37220505,27,8335366
37221718,30,8339786
37222930,27,8339786
37224142,32,8339786
37225354,32,8339786
37226567,30,8339786
37227780,29,8339786
37228991,29,8339786
37230204,29,8339786
37231416,30,8339786
37232629,31,8334030
37233840,25,8334030
37235053,31,8334030
37236265,28,8334030
37237478,29,8334030
37238690,33,8334030
37245964,32,8334030
37247176,28,8334030
37248388,32,8334030
37249601,30,8334030
37250813,29,8334030
37252026,29,8334030
37253238,29,8334030
37254451,28,8337833
37255662,22,8337833
37256875,29,8337833
37258087,33,8337833
37259300,32,8337833
37260512,28,8337833
37261725,26,8337833
37262936,29,8337833
37264149,27,8337833
37265361,31,8336446
37266574,21,8336446
37267786,28,8336446
37268999,30,8336446
37270211,31,8336446
37271424,29,8336446
37272636,31,8336446
37273848,31,8336446
37275060,29,8336446
37276272,33,8333979
37277484,20,8333979
37278698,28,8333979
37279910,28,8333979
37281121,30,8333979
37282334,27,8333979
37283546,29,8333979
37284759,29,8333979
37285971,28,8333979
37287184,29,8334442
37288396,25,8334442
37289609,30,8334442
37290821,29,8334442
37292034,29,8334442
37293245,32,8334442
37294458,28,8334442
37295671,32,8334442
37296883,29,8334442
37298096,30,8332951
37299308,21,8332951
37300520,29,8332951
37301732,28,8332951
37302946,31,8332951
37304157,30,8332951
37305370,35,8332951
37306582,29,8332951
37307795,28,8332951
37309007,27,8332848
37310219,25,8335161
37311432,28,8335161
37312644,27,8335161
37313856,22,8335161
37315069,23,8335161
37316282,24,8335161
37317494,20,8335161
37318706,21,8335161
37319919,24,8335161
37321131,24,8336908
37322343,33,8336908
37330829,30,8336908
37332042,25,8334596
37333254,22,8334596
37334467,18,8334596
37335679,23,8334596
37336892,26,8334596
37338103,23,8334596
37339317,20,8334596
37340529,21,8334596
37341741,25,8334596
37342954,23,8333619
37344166,20,8333619
37345378,23,8333619
37346590,23,8333619
37347803,26,8333619
37349016,25,8333619
37350227,25,8333619
37351440,27,8333619
37352652,24,8333619
37353864,25,8333465
37355077,23,8333465
37356290,22,8333465
37357501,25,8333465
37358714,24,8333465
37359927,26,8333465
37361139,21,8333465
37362351,23,8333465
37363564,23,8333465
37364776,22,8333527
37365988,24,8336343
37367201,24,8336343
37368413,27,8336343
37369625,27,8336343
37370838,20,8336343
37372050,24,8336343
37373262,21,8336343
37374475,21,8336343
37375687,23,8336256
37376899,27,8340608
37378112,23,8340608
37379324,22,8340608
37380536,28,8340608
37381749,23,8340608
37382961,21,8340608
37384173,24,8340608
37385386,24,8340608
37386598,23,8340608
37387810,26,8340608
37389022,31,8340608
37390234,30,8340608
37391447,30,8340608
37392659,28,8340608
37393872,27,8340608
37395085,31,8340608
37396297,30,8337576
37397508,21,8337576
37398721,26,8337576
37399933,30,8337576
37401145,29,8337576
37402358,27,8337576
37403571,30,8337576
37404782,31,8337576
37405994,31,8337576
37407206,29,8337576
37414479,28,8337576
37415692,30,8337576
37416905,31,8337576
37418117,30,8337576
37419329,29,8339478
37420542,25,8339478
37421754,30,8339478
37422966,31,8339478
37424178,26,8339478
37425390,34,8339478
37426602,30,8339478
37427815,28,8339478
37429027,29,8339478
37430239,30,8335521
37431452,22,8335521
37432663,29,8335521
37433876,28,8335521
37435088,31,8335521
37436300,28,8335521
37437513,31,8335521
37438725,32,8335521
37439938,29,8335521
37441149,29,8335881
37442361,26,8335881
37443574,28,8335881
37444786,29,8335881
37445999,30,8335881
37447211,30,8335881
37448423,30,8335881
37449636,30,8335881
37450848,29,8335881
37452060,29,8333568
37453273,23,8333568
37454486,29,8333568
37455698,31,8333568
37456910,28,8333568
37458122,30,8333568
37459335,28,8333568
37460547,30,8333568
37461759,28,8333568
37462971,29,8333876
37464184,21,8333876
37465396,33,8333876
37466609,28,8333876
37467821,32,8333876
37469034,31,8333876
37470246,29,8333876
37471458,29,8333876
37472670,29,8333876
37473883,31,8336035
37475095,26,8336035
37476308,31,8336035
37477520,29,8336035
37478732,30,8336035
37479944,31,8336035
37481157,30,8336035
37482369,30,8336035
37483582,25,8336035
37484793,30,8337268
37486005,22,8337268
37487219,29,8337268
37488430,30,8337268
37489643,29,8337268
37490855,30,8337268
37498129,37,8337268
37499342,28,8337268
37500553,30,8337268
37501766,30,8337268
37502978,27,8337268
37504191,32,8337268
37505403,29,8337268
37506615,30,8335366
37507827,25,8339221
37509040,23,8339221
37510252,25,8339221
37511465,23,8339221
37512677,23,8339221
37513889,28,8339221
37515101,23,8339221
37516314,25,8339221
37517526,24,8339221
37518738,26,8336446
37519951,21,8336446
37521163,23,8336446
37522375,24,8336446
37523587,23,8336446
37524799,24,8336446
37526013,25,8336446
37527224,24,8336446
37528437,26,8336446
37529650,25,8327298
37530861,25,8327298
37532074,26,8327298
37533286,24,8327298
37534498,21,8327298
37535710,25,8327298
37536923,24,8327298
37538136,27,8327298
37539347,23,8327298
37540560,23,8327298
37541772,23,8327298
37542984,21,8327298
37544197,25,8327298
37545409,23,8327298
37546621,24,8327298
37547834,27,8327298
37549046,26,8327298
37550258,22,8327298
37551470,22,8327301
37552683,22,8341893
37553896,27,8341893
37555107,24,8341893
37556320,25,8341893
37557533,24,8341893
37558745,20,8341893
37559957,24,8341893
37561169,24,8341893
37562382,22,8341901
37563594,25,8341901
37564806,29,8341901
37566018,29,8341901
37567231,30,8341901
37568442,29,8341901
37569655,29,8341901
37570867,30,8341901
37572079,30,8343949
37573292,22,8343949
37574504,31,8343949
37581859,31,8343949
37582990,33,8343949
37584202,28,8337525
37585415,25,8337525
37586627,29,8337525
37587839,32,8337525
37589051,29,8337525
37590264,31,8337525
37591476,30,8337525
37592689,29,8337525
37593901,30,8337525
37595113,30,8336805
37596325,22,8336805
37597537,31,8336805
37598750,28,8336805
37599962,29,8336805
37601174,27,8336805
37602386,32,8336805
37603599,30,8336805
37604811,30,8336805
37606023,32,8338090
37607235,27,8338090
37608447,30,8338090
37609660,31,8338090
37610872,29,8338090
37612084,31,8338090
37613297,29,8338090
37614510,30,8338090
37615722,28,8338090
37616934,32,8336395
37618147,23,8336395
37619359,26,8336395
37620571,29,8336395
37621783,29,8336395
37622996,32,8336395
37624209,31,8336395
37625420,30,8336395
37626633,27,8336395
37627846,29,8336703
37629058,22,8336703
37630269,32,8336703
37631482,30,8336703
37632695,32,8336703
37633907,28,8336703
37635119,31,8336703
37636332,29,8336703
37637543,31,8336703
37638756,31,8336035
37639968,24,8336035
37641181,28,8336035
37642393,33,8336035
37643605,31,8336035
37644818,29,8336035
37646030,29,8336035
37647243,33,8336035
37648454,26,8336035
37649667,31,8334184
37650880,26,8334184
37652092,31,8334184
37653304,29,8334184
37654516,28,8334184
37655728,30,8334184
37656941,31,8334184
37658153,31,8334184
37665427,35,8334184
37666641,29,8334184
37667853,31,8334184
37669065,32,8334184
37670277,31,8334184
37671490,26,8336497
37672702,25,8336395
37673915,27,8336395
37675127,22,8336395
37676339,26,8336395
37677551,25,8336395
37678764,23,8336395
37679977,22,8336395
37681188,21,8336395
37682400,24,8336395
37683612,24,8335726
37684825,23,8335726
37686038,24,8335726
37687249,27,8335726
37688462,22,8335726
37689674,25,8335726
37690886,25,8335726
37692099,25,8335726
37693311,25,8335726
37694524,20,8331923
37695735,26,8331923
37696948,24,8331923
37698160,22,8331923
37699372,27,8331923
37700585,20,8331923
37701797,21,8331923
37703010,25,8331923
37704222,24,8331923
37705435,25,8336960
37706647,27,8336960
37707860,24,8336960
37709072,23,8336960
37710284,26,8336960
37711496,22,8336960
37712709,27,8336960
37713921,25,8336960
37715133,24,8336960
37716345,23,8334133
37717558,23,8334133
37718770,21,8334133
37719982,22,8334133
37721195,27,8334133
37722407,23,8334133
37723619,22,8334133
37724831,24,8334133
37726043,26,8334133
37727256,23,8334237
37728469,22,8334493
37729681,27,8334493
37730893,25,8334493
37732105,25,8334493
37733318,25,8334493
37734530,23,8334493
37735743,24,8334493
37736955,26,8334493
37738168,22,8334572
37739380,26,8328172
37740591,23,8328172
37741804,30,8335983
37750290,25,8335983
37751503,43,8335983
37752715,27,8335983
37753928,25,8335983
37755140,25,8335983
37756352,22,8335983
37757565,24,8335983
37758777,20,8335983
37759989,22,8335983
37761201,23,8335983
37762414,30,8335983
37763626,30,8335983
37764838,30,8335983
37766051,29,8335983
37767263,32,8335983
37768475,29,8335983
37769688,29,8335983
37770900,30,8327966
37772113,25,8327966
37773325,30,8327966
37774537,31,8327966
37775750,28,8327966
37776962,30,8327966
37778174,28,8327966
37779387,32,8327966
37780599,31,8327966
37781812,32,8336549
37783024,24,8336549
37784237,28,8336549
37785449,30,8336549
37786662,28,8336549
37787874,29,8336549
37789086,32,8336549
37790298,30,8336549
37791510,30,8336549
37792722,31,8335932
37793935,29,8335932
37795147,27,8335932
37796360,29,8335932
37797571,30,8335932
37798784,29,8335932
37799997,30,8335932
37801208,29,8335932
37802421,29,8335932
37803634,33,8339632
37804845,28,8339632
37806058,32,8339632
37807270,30,8339632
37808482,28,8339632
37809694,30,8339632
37810907,29,8339632
37812120,31,8339632
37813332,32,8339632
37814543,33,8336857
37815756,20,8336857
37816968,31,8336857
37818180,33,8336857
37819392,34,8336857
37820605,27,8336857
37821818,28,8336857
37823030,29,8336857
37824242,31,8336857
37825454,30,8337473
37826666,29,8337473
37833940,36,8337473
37835153,34,8337473
37836366,30,8338039
37837578,24,8338039
37838790,30,8338039
37840002,30,8338039
37841215,28,8338039
37842427,32,8338039
37843639,28,8338039
37844851,32,8338039
37846063,31,8338039
37847276,30,8336292
37848488,22,8336292
37849701,30,8336292
37850913,29,8336292
37852125,32,8336292
37853337,30,8336292
37854550,30,8336292
37855762,29,8336292
37856975,32,8336292
37858187,28,8335469
37859400,24,8335726
37860612,25,8335726
37861825,24,8335726
37863037,24,8335726
37864248,22,8335726
37865461,22,8335726
37866674,25,8335726
37867886,29,8335726
37869098,23,8335726
37870310,20,8334030
37871523,25,8334030
37872735,25,8334030
37873948,25,8334030
37875160,24,8334030
37876372,24,8334030
37877584,23,8334030
37878797,22,8334030
37880008,25,8334030
37881221,23,8337628
37882434,26,8337628
37883646,25,8337628
37884858,23,8337628
37886070,25,8337628
37887283,23,8337628
37888495,22,8337628
37889707,24,8337628
37890919,24,8337628
37892132,25,8325962
37893344,23,8325962
37894556,25,8325962
37895768,22,8325962
37896981,26,8325962
37898193,23,8325962
37899406,25,8325962
37900618,26,8325962
37901830,22,8325962
37903042,27,8325962
37904255,27,8325962
37905466,25,8325962
37906679,23,8325962
37907891,25,8325962
37909104,27,8325962
37910316,32,8325962
37918802,29,8325962
37920014,27,8325962
37921227,29,8325962
37922438,32,8325962
37923651,28,8335572
37924863,25,8335364
37926076,28,8334852
37927288,23,8334852
37928500,26,8334852
37929712,26,8334852
37930925,22,8334852
37932137,22,8334852
37933350,26,8334852
37934562,25,8334852
37935774,23,8334852
37936987,24,8334852
37938199,29,8334852
37939411,28,8334852
37940623,28,8334852
37941836,28,8334852
37943048,27,8334852
37944261,31,8334852
37945473,27,8334852
37946686,33,8341688
37947898,26,8341688
37949110,32,8341688
37950323,29,8341688
37951534,30,8341688
37952747,29,8341688
37953959,27,8341688
37955171,28,8341688
37956384,29,8341688
37957596,31,8337731
37958809,22,8337731
37960021,29,8337731
37961233,28,8337731
37962445,29,8337731
37963658,29,8337731
37964870,30,8337731
37966082,31,8337731
37967295,30,8337731
37968507,30,8334698
37969719,26,8334698
37970931,26,8334698
37972143,28,8334698
37973355,31,8334698
37974568,29,8334698
37975780,29,8334698
37976993,29,8334698
37978205,27,8334698
37979418,31,8334390
37980630,25,8334390
37981842,32,8334390
37983054,30,8334390
37984267,31,8334390
37985479,28,8334390
37986691,29,8334390
37987903,29,8334390
37989115,29,8334390
37990328,30,8330022
37991540,23,8330022
37992752,29,8330022
37993964,30,8330022
37995177,33,8338039
38002450,31,8338039
38003663,32,8338039
38004875,28,8338039
38006087,30,8338039
38007300,28,8338039
38008512,29,8338039
38009725,27,8338039
38010937,29,8338039
38012149,30,8334133
38013361,24,8334133
38014575,28,8334133
38015786,30,8334133
38016999,30,8334133
38018211,32,8334133
38019423,28,8334133
38020635,31,8334133
38021848,28,8334133
38023061,30,8334442
38024273,25,8334442
38025485,29,8334442
38026698,31,8334442
38027910,30,8334442
38029122,27,8334442
38030335,29,8334442
38031546,30,8334442
38032758,29,8334442
38033971,30,8335932
38035183,22,8335469
38036396,25,8335469
38037607,23,8335469
38038820,27,8335469
38040032,25,8335469
38041244,24,8335469
38042457,20,8335469
38043669,25,8335469
38044882,25,8335469
38046094,24,8330741
38047307,20,8330741
38048519,21,8330741
38049731,26,8330741
38050944,25,8330741
38052156,23,8330741
38053368,24,8330741
38054581,23,8330741
38055792,25,8330741
38057005,25,8331204
38058218,23,8331204
38059430,25,8331204
38060642,27,8331204
38061855,25,8331204
38063067,25,8331204
38064279,22,8331204
38065491,20,8331204
38066703,24,8331204
38067916,25,8337628
38069129,21,8337628
38070340,21,8337628
38071554,23,8337628
38072765,24,8337628
38073978,21,8337628
38075190,23,8337628
38076403,27,8337628
38077615,26,8337628
38078827,31,8337628
38087313,21,8337628
38088525,29,8339272
38089738,25,8339410
38090950,26,8335058
38092162,23,8335058
38093374,25,8335058
38094587,24,8335058
38095799,24,8335058
38097011,23,8335058
38098224,23,8335058
38099436,24,8335058
38100648,24,8334951
38101861,28,8333671
38103072,24,8333671
38104285,23,8333671
38105497,25,8333671
38106710,26,8333671
38107922,23,8333671
38109134,23,8333671
38110346,25,8333671
38111558,25,8333671
38112771,22,8333671
38113983,30,8333671
38115196,32,8333671
38116407,32,8333671
38117620,30,8333671
38118832,30,8333671
38120045,32,8333671
38121257,31,8341328
38122470,20,8341328
38123682,22,8341328
38124894,29,8341328
38126106,29,8341328
38127318,32,8341328
38128530,31,8341328
38129742,26,8341328
38130955,28,8341328
38132167,27,8341328
38133379,33,8338039
38134591,24,8338039
38135803,29,8338039
38137017,32,8338039
38138229,32,8338039
38139440,32,8338039
38140652,31,8338039
38141865,33,8338039
38143077,32,8338039
38144289,31,8334955
38145502,18,8334955
38146714,31,8334955
38147926,29,8334955
38149139,30,8334955
38150350,31,8334955
38151562,32,8334955
38152775,30,8334955
38153987,31,8334955
38155200,28,8336343
38156412,23,8336343
38157624,31,8336343
38158837,28,8336343
38160049,30,8336343
38161261,29,8336343
38162473,31,8336343
38163685,31,8336343
38170958,32,8336343
38172171,31,8336343
38173383,30,8336343
38174595,31,8336343
38175807,28,8336343
38177019,30,8336600
38178231,25,8336600
38179444,29,8336600
38180656,26,8336600
38181868,27,8336600
38183080,32,8336600
38184293,30,8336600
38185505,28,8336600
38186718,30,8336600
38187929,27,8335418
38189142,25,8335418
38190354,29,8335418
38191566,31,8335418
38192778,27,8335418
38193991,29,8335418
38195204,32,8335418
38196415,32,8335418
38197628,28,8335418
38198840,29,8336703
38200053,23,8336703
38201264,30,8336703
38202477,27,8336703
38203689,29,8336703
38204902,32,8336703
38206114,30,8336703
38207326,31,8336703
38208538,29,8336703
38209751,25,8334493
38210963,25,8334493
38212175,27,8334493
38213387,33,8334493
38214599,30,8334493
38215811,30,8334493
38217024,29,8334493
38218236,30,8334493
38219449,27,8334493
38220661,27,8335007
38221874,23,8335264
38223085,27,8335264
38224298,22,8335264
38225510,23,8335264
38226722,24,8335264
38227934,28,8335264
38229147,22,8335264
38230359,24,8335264
38231572,24,8335264
38232783,24,8334287
38233996,21,8334287
38235208,25,8334287
38236420,23,8334287
38237633,25,8334287
38238845,25,8334287
38240057,23,8334287
38241269,25,8334287
38242482,19,8334287
38243694,21,8334287
38244907,25,8334287
38246118,26,8334287
38247331,31,8333825
38255817,24,8333825
38257029,25,8333825
38258241,25,8333825
38259454,25,8333825
38260666,26,8333825
38261878,25,8333825
38263091,27,8333825
38264302,22,8333825
38265514,20,8334032
38266727,22,8334544
38267940,26,8334544
38269152,21,8334544
38270363,24,8334544
38271575,25,8334544
38272789,24,8334544
38274000,21,8334544
38275213,28,8334544
38276425,25,8334417
38277638,24,8341585
38278849,23,8341585
38280061,24,8341585
38281274,26,8341585
38282486,22,8341585
38283698,25,8341585
38284911,25,8341585
38286122,25,8341585
38287335,25,8341653
38288547,25,8341653
38289759,29,8341653
38290971,33,8341653
38292183,28,8341653
38293396,31,8341653
38294609,30,8341653
38295821,30,8341653
38297033,29,8332437
38298244,26,8332437
38299457,19,8332437
38300670,31,8332437
38301882,29,8332437
38303093,32,8332437
38304306,32,8332437
38305518,29,8332437
38306730,29,8332437
38307942,31,8332437
38309155,30,8340454
38310367,26,8340454
38311579,29,8340454
38312791,31,8340454
38314004,30,8340454
38315217,29,8340454
38316428,31,8340454
38317641,31,8340454
38318853,28,8340454
