timestamp_us,acceleration,capacitance
Packet size: 12
0,0,0
0,0,0
0,0,0
0,0,0
0,0,0
0,0,0
0,0,0
0,0,0
0,0,0
0,0,0
0,0,0
0,0,0
0,0,0
16384,0,0
16384,0,0
16384,0,0
16384,0,0
16384,0,0
16384,0,0
24576,0,0
0,0,0
0,0,0
0,0,0
0,0,0
0,0,0
0,0,0
32768,0,0
32768,0,0
32768,0,0
32768,0,0
32768,0,0
32768,0,0
32768,0,0
32768,0,0
32768,0,0
32768,0,0
32768,0,0
32768,0,0
32768,0,0
49152,0,0
49152,0,0
49152,0,0
49152,0,0
49152,0,0
49152,0,0
49152,0,0
57344,0,0
0,0,0
0,0,0
0,0,0
0,0,0
0,0,0
0,0,0
65536,0,0
65536,0,0
65536,0,0
65536,0,0
65536,0,0
65536,0,0
65536,0,0
65536,0,0
65536,0,0
65536,0,0
65536,0,0
65536,0,0
65536,0,0
81920,0,0
81920,0,0
81920,0,0
81920,0,0
81920,0,0
81920,0,0
65536,0,0
65536,0,0
65536,0,0
65536,0,0
65536,0,0
65536,0,0
65536,0,0
98304,0,0
98304,0,0
98304,32,0
98304,0,0
98304,0,0
98304,0,0
98304,32,0
98304,32,0
98304,0,0
98304,0,0
98304,0,0
98304,0,0
98304,0,0
98304,0,0
114688,0,0
114688,0,0
114688,0,0
114688,0,0
114688,0,0
114688,0,0
0,0,0
0,0,0
0,0,0
0,0,0
0,0,0
0,0,0
0,0,0
131072,0,0
131072,0,0
131072,0,0
131072,0,0
131072,0,0
131072,0,0
131072,0,0
131072,0,0
131072,0,0
131072,0,0
131072,0,0
131072,32,0
131072,32,0
147456,0,0
147456,0,0
147456,0,0
147456,0,0
147456,0,0
147456,0,0
147456,0,0
131072,0,0
131072,0,0
131072,0,0
131072,0,0
131072,0,0
131072,0,0
131072,0,0
163840,0,0
163840,0,0
163840,32,0
163840,0,0
163840,0,0
163840,0,0
163840,32,0
163840,0,0
163840,32,0
163840,0,0
163840,0,0
163840,0,0
163840,0,0
180224,0,0
180224,0,0
180224,0,0
180224,0,0
180224,0,0
180224,0,0
131072,32,0
131072,32,0
131072,32,0
131072,0,0
131072,32,0
131072,0,0
131072,32,0
196608,0,0
196608,0,0
196608,0,0
196608,32,0
196608,0,0
196608,0,0
196608,32,0
196608,0,0
196608,0,0
196608,32,0
196608,0,0
196608,0,0
196608,0,0
196608,0,0
212992,0,0
212992,0,0
212992,0,0
212992,0,0
212992,0,0
212992,32,0
196608,0,0
196608,32,0
196608,0,0
196608,0,0
196616,0,0
196608,0,0
196608,0,0
229376,0,0
229376,32,0
229376,0,0
229376,0,0
229376,0,0
229376,0,0
229376,0,0
229376,32,0
229376,0,0
229376,0,0
229376,0,0
229376,0,0
229376,0,0
245760,0,0
245760,0,0
245760,0,0
245760,0,0
245760,0,0
245760,0,0
253952,0,0
0,0,0
0,0,0
0,0,0
0,32,0
0,0,0
0,0,0
262144,0,0
262144,0,0
262144,0,0
262144,0,0
262144,0,0
262144,0,0
262144,32,0
262144,32,0
262144,0,0
262144,0,0
262144,0,0
262144,32,0
262144,0,0
262144,32,0
278528,0,0
278528,0,0
278528,0,0
278528,0,0
278528,0,0
278528,0,0
262144,32,0
262144,0,0
262144,0,0
262144,0,0
262144,0,0
262144,0,0
262144,0,0
294912,0,0
294912,0,0
294912,0,0
294912,0,0
294912,0,0
294912,0,0
294912,0,0
294912,0,0
294912,0,0
294912,0,0
294912,0,0
294912,0,0
294912,0,0
311296,0,0
311296,0,0
311296,0,0
311296,0,0
311296,0,0
311296,0,0
311296,0,0
262144,0,0
262144,0,0
262144,32,0
262144,0,0
262144,32,0
262144,32,0
327680,0,0
327680,0,0
327680,0,0
327680,0,0
327680,0,0
327680,0,0
335872,0,0
327680,0,0
327680,32,0
327680,0,0
327680,0,0
327680,0,0
327680,0,0
344064,32,0
344064,0,0
344064,32,0
344064,0,0
344064,32,0
344064,0,0
344064,0,0
352256,0,0
327680,32,0
327680,0,0
327680,0,0
327680,0,0
327680,32,0
327680,32,0
360448,0,0
360448,32,0
360448,0,0
360448,0,0
360448,0,0
360448,32,0
368640,0,0
360448,0,0
360448,0,0
360448,0,0
360448,0,0
360448,0,0
360448,0,0
376832,0,0
376832,0,0
376832,32,0
376832,0,0
376832,0,0
376832,0,0
376832,32,0
262144,32,0
262144,0,0
262144,0,0
262144,0,0
262144,0,0
262144,0,0
393216,0,0
393216,0,0
393216,0,0
393216,0,0
393216,0,0
393216,0,0
401408,0,0
393216,0,0
393216,32,0
393216,0,0
393216,0,0
393216,32,0
393216,0,0
409600,0,0
409600,0,0
409600,0,0
409600,0,0
409600,0,0
409600,32,0
409600,32,0
393216,0,0
393216,32,0
393216,0,0
393216,0,0
393216,0,0
393216,0,0
425984,0,0
425984,0,0
425984,32,0
425984,32,0
425984,32,0
425984,0,0
425984,32,0
434176,32,0
425984,32,0
425984,0,0
425984,0,0
425984,0,0
425984,0,0
425984,0,0
442368,0,0
442368,0,0
442368,32,0
442368,0,0
442368,0,0
442368,0,0
450560,0,0
393216,32,0
393216,0,0
393216,0,0
393216,0,0
393216,0,0
393216,0,0
458752,0,0
458752,0,0
458752,0,0
458752,0,0
458752,0,0
458752,0,0
458752,0,0
458752,0,0
458752,0,0
458752,0,0
458752,0,0
458752,0,0
458752,0,0
475136,0,0
475136,0,0
475136,0,0
475136,0,0
475136,0,0
475136,32,0
483328,0,0
458752,0,0
458752,32,0
458752,0,0
458752,0,0
458752,32,0
458752,32,0
491520,0,0
491520,0,0
491520,0,0
491520,0,0
491520,32,0
491520,0,0
491520,0,0
491520,0,0
491520,0,0
491520,0,0
491520,0,0
491520,0,0
491520,0,0
507904,32,0
507904,32,0
507904,0,0
507904,0,0
507904,0,0
507904,0,0
507904,0,0
516096,0,0
0,0,0
0,0,0
0,0,0
0,0,0
0,0,0
0,0,0
524288,0,0
524288,0,0
524288,0,0
524288,0,0
524288,0,0
524288,0,0
532480,0,0
524288,0,0
524288,0,0
524288,0,0
524288,0,0
524288,32,0
524288,0,0
540672,0,0
540672,32,0
540672,0,0
540672,0,0
540672,0,0
540672,0,0
540672,0,0
548864,0,0
524288,32,0
524288,0,0
524288,0,0
524288,0,0
524288,0,0
557056,0,0
557056,0,0
557056,0,0
557056,32,0
557056,32,0
557056,0,0
565248,32,0
557056,32,0
557056,0,0
557056,0,0
557056,32,0
557056,0,0
557056,0,0
573440,0,0
573440,0,0
573440,0,0
573440,0,0
573440,32,0
573440,0,0
573440,0,0
581632,0,0
524288,0,0
524288,0,0
524288,0,0
524288,0,0
524288,0,0
589824,32,0
589824,0,0
589824,0,0
589824,0,0
589824,0,0
589824,0,0
589824,0,0
598016,0,0
589824,0,0
589824,0,0
589824,0,0
589824,0,0
589824,0,0
589824,0,0
606208,0,0
606208,0,0
606208,32,0
606208,0,0
606208,0,0
606208,0,0
606208,0,0
614400,0,0
589824,0,0
589824,0,0
589824,0,0
589824,0,0
589824,0,0
622592,32,0
622592,0,0
622592,0,0
622592,0,0
622592,0,0
622592,32,0
622592,0,0
630784,0,0
622592,0,0
622592,0,0
622592,0,0
622592,0,0
622592,0,0
622592,0,0
638976,0,0
638976,0,0
638976,32,0
638976,32,0
638976,32,0
647168,0,0
524288,0,0
524288,32,0
524288,0,0
524288,0,0
524288,0,0
524288,0,0
655360,0,0
655360,32,0
655360,0,0
655360,0,0
655360,0,0
655360,0,0
655360,0,0
663552,32,0
655360,0,0
655360,0,0
655360,32,0
655360,0,0
655360,0,0
671744,0,0
671744,32,0
671744,0,0
671744,0,0
671744,0,0
671744,0,0
671744,32,0
679936,0,0
655360,32,0
655360,0,0
655360,0,0
655360,32,0
655360,0,0
655360,0,0
688128,0,0
688128,0,0
688128,0,0
688128,32,0
688128,0,0
688128,0,0
688128,0,0
696320,0,0
688128,0,0
688128,32,0
688128,0,0
688128,0,0
688128,0,0
704512,0,0
704512,0,0
704512,32,0
704512,0,0
704512,0,0
704512,32,0
704512,0,0
712704,0,0
655360,32,0
655360,0,0
655360,0,0
655360,0,0
655360,0,0
720896,0,0
720896,0,0
720896,0,0
720896,0,0
720896,0,0
720896,0,0
729088,32,0
720896,0,0
720896,32,0
720896,32,0
720896,0,0
720896,0,0
720896,0,0
737280,0,0
737280,32,0
737280,32,0
737280,0,0
737280,0,0
737280,0,0
737280,0,0
745472,0,0
720896,32,0
720896,0,0
720896,32,0
720896,0,0
720896,32,0
720896,0,0
753664,32,0
753664,0,0
753664,0,0
753664,0,0
753664,0,0
753664,32,0
761856,0,0
753664,0,0
753664,0,0
753664,0,0
753664,0,0
753664,0,0
753664,0,0
770048,0,0
770048,32,0
770048,32,0
770048,0,0
770048,0,0
770048,32,0
770048,0,0
778240,0,0
524288,0,0
524288,0,0
524288,0,0
524288,0,0
524288,0,0
786432,0,0
786432,0,0
786432,0,0
786432,32,0
786432,0,0
786432,0,0
786432,0,0
794624,0,0
786432,0,0
786432,0,0
786432,0,0
786432,0,0
786432,0,0
786432,0,0
802816,0,0
802816,32,0
802816,0,0
802816,0,0
802816,32,0
802816,0,0
811008,0,0
786432,32,0
786432,0,0
786432,0,0
786432,0,0
786432,0,0
786432,0,0
819200,0,0
819200,0,0
819200,32,0
819200,32,0
819200,0,0
819200,0,0
819200,0,0
827392,0,0
819200,0,0
819200,0,0
819200,0,0
819200,0,0
819200,32,0
819200,0,0
835584,0,0
835584,0,0
835584,0,0
835584,0,0
835584,0,0
835584,0,0
843776,0,0
786432,32,0
786432,0,0
786432,0,0
786432,32,0
786432,32,0
786432,0,0
851968,32,0
851968,0,0
851968,0,0
851968,0,0
851968,0,0
851968,0,0
851968,0,0
851968,32,0
851968,32,0
851968,0,0
851968,0,0
851968,32,0
851968,32,0
868352,0,0
868352,0,0
868352,0,0
868352,0,0
868352,0,0
868352,0,0
876544,0,0
851968,32,0
851968,0,0
851968,0,0
851968,0,0
851968,0,0
851968,0,0
884736,0,0
884736,0,0
884736,0,0
884736,0,0
884736,0,0
884736,0,0
884736,32,0
884736,0,0
884736,0,0
884736,32,0
884736,32,0
884736,0,0
884736,0,0
901120,0,0
901120,0,0
901120,0,0
901120,0,0
901120,0,0
901120,32,0
901120,32,0
909312,0,0
786432,0,0
786432,0,0
786432,0,0
786432,32,0
786432,0,0
786432,32,0
917504,0,0
917504,0,0
917504,0,0
917504,0,0
917504,0,0
917504,0,0
925696,0,0
917504,0,0
917504,32,0
917504,0,0
917504,0,0
917504,0,0
917504,0,0
933888,32,0
933888,0,0
933888,0,0
933888,0,0
933888,0,0
933888,0,0
933888,0,0
917504,0,0
917504,0,0
917504,32,0
917504,0,0
917504,0,0
917504,32,0
950272,0,0
950272,32,0
950272,0,0
950272,0,0
950272,0,0
950272,32,0
958464,0,0
950272,32,0
950272,0,0
950272,0,0
950272,0,0
950272,32,0
950272,0,0
966656,0,0
966656,0,0
966656,0,0
966656,0,0
966656,0,0
966656,0,0
966656,32,0
917504,32,0
917504,0,0
917504,32,0
917504,0,0
917504,32,0
917504,32,0
983040,0,0
983040,0,0
983040,0,0
983040,0,0
983040,0,0
983040,0,0
983040,0,0
991232,0,0
983040,0,0
983040,0,0
983040,0,0
983040,0,0
983040,0,0
983040,32,0
999424,0,0
999424,0,0
999424,0,0
999424,0,0
999424,0,0
999424,32,0
1007616,32,0
983040,32,0
983040,0,0
983040,0,0
983040,32,0
983040,0,0
983040,0,0
1015808,32,0
1015808,0,0
1015808,0,0
1015808,0,0
1015808,0,0
1015808,0,0
1015808,32,0
1024000,0,0
1015808,0,0
1015808,0,0
1015808,0,0
1015808,0,0
1015808,0,0
1015808,0,0
1032192,0,0
1032192,0,0
1032192,32,0
1032192,0,0
1032192,0,0
1040384,0,0
0,0,0
0,0,0
0,32,0
0,32,0
0,0,0
0,0,0
1048576,0,0
1048576,0,0
1048576,0,0
1048576,0,0
1048576,0,0
1048576,32,0
1048576,0,0
1048576,0,0
1048576,0,0
1048576,0,0
1048576,0,0
1048576,32,0
1048576,32,0
1064960,0,0
1064960,32,0
1064960,0,0
1064960,0,0
1064960,0,0
1064960,0,0
1064960,32,0
1073152,0,0
1048576,0,0
1048576,32,0
1048576,0,0
1048576,0,0
1048576,32,0
1048576,0,0
1081344,0,0
1081344,0,0
1081344,0,0
1081344,0,0
1081344,0,0
1081344,0,0
1081344,32,0
1081344,0,0
1081344,0,0
1081344,0,0
1081344,0,0
1081344,32,0
1081344,0,0
1097728,0,0
1097728,32,0
1097728,0,0
1097728,32,0
1097760,0,0
1097728,32,0
1097728,32,0
1105920,0,0
1048576,32,0
1048576,0,0
1048576,0,0
1048576,0,0
1048576,0,0
1114112,0,0
1114112,0,0
1114112,0,0
1114112,0,0
1114112,0,0
1114112,0,0
1114112,0,0
1114112,32,0
1114112,0,0
1114112,32,0
1114112,0,0
1114112,0,0
1114112,0,0
1130496,0,0
1130496,0,0
1130496,32,0
1130496,32,0
1130496,0,0
1130496,0,0
1130496,0,0
1114112,0,0
1114112,0,0
1114112,0,0
1114112,32,0
1114112,0,0
1114112,0,0
1114112,32,0
1146880,0,0
1146880,32,0
1146880,0,0
1146880,0,0
1146880,0,0
1146880,32,0
1146880,0,0
1146880,0,0
1146880,0,0
1146880,0,0
1146880,0,0
1146880,0,0
1146880,0,0
1163264,0,0
1163264,0,0
1163264,0,0
1163264,0,0
1163264,0,0
1163264,0,0
1163264,0,0
1048576,0,0
1048576,32,0
1048576,0,0
1048576,0,0
1048576,0,0
1048576,32,0
1048576,0,0
1179648,0,0
1179648,0,0
1179648,0,0
1179648,0,0
1179648,0,0
1179648,0,0
1187840,0,0
1179648,0,0
1179648,0,0
1179648,0,0
1179648,0,0
1179648,0,0
1196032,0,0
1196032,0,0
1196032,32,0
1196032,0,0
1196032,32,0
1196032,0,0
1196032,0,0
1179648,32,0
1179648,32,0
1179648,0,0
1179648,0,0
1179648,32,0
1179648,0,0
1179648,0,0
1212416,0,0
1212416,0,0
1212416,0,0
1212416,0,0
1212416,0,0
1212416,0,0
1212416,32,0
1212416,0,0
1212416,0,0
1212416,0,0
1212416,0,0
1212416,0,0
1212416,32,0
1228800,0,0
1228800,32,0
1228800,32,0
1228800,0,0
1228800,0,0
1228800,0,0
1228800,0,0
1179648,0,0
1179648,32,0
1179648,0,0
1179648,0,0
1179648,0,0
1179648,0,0
1179648,0,0
1245184,0,0
1245184,0,0
1245184,0,0
1245184,0,0
1245184,0,0
1245184,0,0
1245184,0,0
1245184,0,0
1245184,0,0
1245184,32,0
1245184,32,0
1245184,32,0
1245184,32,0
1261568,0,0
1261568,0,0
1261568,0,0
1261568,0,0
1261568,0,0
1261568,0,0
1261568,0,0
1245184,0,0
1245184,0,0
1245184,32,0
1245184,32,0
1245184,0,0
1277952,32,0
1277952,0,0
1277952,0,0
1277952,0,0
1277952,0,0
1277952,0,0
1277952,0,0
1277952,0,0
1277952,0,0
1277952,0,0
1277952,32,0
1277952,32,0
1277952,0,0
1277952,0,0
1294336,32,0
1294336,0,0
1294336,0,0
1294336,0,0
1294336,0,0
1294336,0,0
1294336,32,0
1048576,0,0
1048576,32,0
1048576,32,0
1048576,0,0
1048576,0,0
1048576,0,0
1310720,0,0
1310720,0,0
1310720,32,0
1310720,0,0
1310720,32,0
1310720,32,0
1310720,0,0
1310720,0,0
1310720,0,0
1310720,0,0
1310728,0,0
1310720,0,0
1310720,0,0
1310720,0,0
1327104,0,0
1327104,32,0
1327104,0,0
1327104,0,0
1327104,0,0
1327104,0,0
1310720,32,0
1310720,0,0
1310720,0,0
1310720,0,0
1310720,0,0
1310720,0,0
1310720,0,0
1343488,0,0
1343488,0,0
1343488,0,0
1343488,32,0
1343488,0,0
1343488,0,0
1351680,0,0
1343488,32,0
1343488,0,0
1343488,0,0
1343488,0,0
1343488,0,0
1359872,32,0
1359872,32,0
1359872,0,0
1359872,0,0
1359872,32,0
1359872,0,0
1359872,32,0
1368064,0,0
1310720,0,0
1310720,0,0
1310720,0,0
1310720,0,0
1310720,0,0
1310720,0,0
1376256,0,0
1376256,0,0
1376256,0,0
1376256,32,0
1376256,0,0
1376256,0,0
1376256,32,0
1384448,0,0
1376256,32,0
1376256,0,0
1376256,32,0
1376256,0,0
1376256,0,0
1392640,0,0
1392640,0,0
1392640,0,0
1392640,0,0
1392640,0,0
1392640,0,0
1392640,0,0
1400832,0,0
1376256,32,0
1376256,0,0
1376256,0,0
1376256,32,0
1376256,32,0
1376256,0,0
1409024,0,0
1409024,0,0
1409024,0,0
1409024,0,0
1409024,0,0
1409024,32,0
1417216,0,0
1409024,0,0
1409024,0,0
1409024,0,0
1409024,0,0
1409024,0,0
1409024,0,0
1425408,32,0
1425408,0,0
1425408,0,0
1425408,0,0
1425408,0,0
1425408,32,0
1433600,0,0
1310720,0,0
1310720,0,0
1310720,0,0
1310720,0,0
1310720,0,0
1310720,32,0
1441792,32,0
1441792,0,0
1441792,0,0
1441792,0,0
1441792,0,0
1441792,0,0
1441792,0,0
1441792,0,0
1441792,0,0
1441792,32,0
1441792,0,0
1441792,32,0
1441792,0,0
1441792,0,0
1458176,0,0
1458176,32,0
1458176,0,0
1458176,32,0
1458176,0,0
1458176,32,0
1466368,32,0
1441792,0,0
1441792,0,0
1441792,0,0
1441792,0,0
1441792,0,0
1441792,0,0
1474560,0,0
1474560,0,0
1474560,0,0
1474560,0,0
1474560,32,0
1474560,0,0
1474560,0,0
1474560,0,0
1474560,0,0
1474560,32,0
1474560,32,0
1474560,0,0
1474560,0,0
1490944,0,0
1490944,0,0
1490944,0,0
1490944,0,0
1490944,0,0
1490944,0,0
1490944,32,0
1499136,0,0
1441792,0,0
1441792,0,0
1441792,0,0
1441792,0,0
1441792,0,0
1441792,0,0
1507328,0,0
1507328,0,0
1507328,32,0
1507328,0,0
1507328,0,0
1507328,0,0
1507328,0,0
1507328,0,0
1507328,0,0
1507328,0,0
1507328,0,0
1507328,32,0
1507328,32,0
1523712,0,0
1523712,0,0
1523712,0,0
1523712,0,0
1523712,0,0
1523712,0,0
1507328,0,0
1507328,32,0
1507328,0,0
1507328,0,0
1507328,32,0
1507328,32,0
1507328,0,0
1507328,32,0
1540096,0,0
1540096,0,0
1540096,0,0
1540096,0,0
1540096,32,0
1540096,0,0
1540096,32,0
1540096,0,0
1540096,0,0
1540096,0,0
1540096,0,0
1540096,0,0
1540096,0,0
1556480,0,0
1556480,0,0
1556480,0,0
1556480,0,0
1556480,0,0
1556480,0,0
1048576,0,0
1048576,0,0
1048576,0,0
1048576,0,0
1048576,0,0
1048576,0,0
1048576,0,0
1048576,0,0
1572864,0,0
1572864,0,0
1572864,32,0
1572864,0,0
1572864,32,0
1572864,0,0
1572864,0,0
1572864,32,0
1572864,0,0
1572864,32,0
1572864,0,0
1572864,0,0
1572864,0,0
1589248,0,0
1589248,0,0
1589248,0,0
1589248,0,0
1589248,0,0
1572864,0,0
1572864,0,0
1572864,0,0
1572864,32,0
1572864,32,0
1572864,0,0
1572864,0,0
1572864,0,0
1572864,32,0
1605632,0,0
1605632,32,0
1605632,0,0
1605632,0,0
1605632,32,0
1605632,0,0
1605632,0,0
1605632,32,0
1605632,0,0
1605632,0,0
1605632,0,0
1605632,0,0
1605632,0,0
1622016,0,0
1622016,0,0
1622016,0,0
1622016,0,0
1622016,0,0
1572864,0,0
1572864,32,0
1572864,0,0
1572864,32,0
1572864,0,0
1572864,0,0
1572864,0,0
1572864,32,0
1572864,0,0
1638400,0,0
1638400,0,0
1638400,0,0
1638400,0,0
1638400,0,0
1638400,0,0
1638400,0,0
1638400,0,0
1638400,32,0
1638400,0,0
1638400,0,0
1638400,32,0
1638400,32,0
1654784,0,0
1654784,0,0
1654784,0,0
1654784,0,0
1654784,0,0
1638400,0,0
1638400,0,0
1638400,0,0
1638400,0,0
1638400,0,0
1638400,0,0
1638400,0,0
1638400,0,0
1671168,0,0
1671168,0,0
1671168,0,0
1671168,0,0
1671168,0,0
1671168,0,0
1671168,0,0
1671168,0,0
1671168,0,0
1671168,0,0
1671168,0,0
1671168,0,0
1671168,0,0
1671168,0,0
1687552,0,0
1687552,32,0
1687552,0,0
1572864,0,0
1572864,0,0
1572864,0,0
1572864,0,0
1572864,0,0
1572864,0,0
1572864,32,0
1572864,0,0
1572864,32,0
1572864,0,0
1703936,0,0
1703936,32,0
1703936,0,0
1703936,0,0
1703936,0,0
1703936,0,0
1703936,32,0
1703936,0,0
1703936,0,0
1703936,0,0
1703936,0,0
1703936,0,0
1703936,0,0
1703936,0,0
1720320,32,0
1720320,0,0
1720320,32,0
1703936,0,0
1703936,0,0
1703936,32,0
1703936,0,0
1703936,0,0
1703936,32,0
1703936,32,0
1703936,0,0
1703936,0,0
1703936,0,0
1736704,0,0
1736704,0,0
1736704,0,0
1736704,0,0
1736704,0,0
1736704,0,0
1736704,32,0
1736704,32,0
1736704,0,0
1736704,0,0
1736704,32,0
1736704,0,0
1736704,32,0
1736704,32,0
1753088,0,0
1753088,0,0
1703936,32,0
1703936,32,0
1703936,0,0
1703936,0,0
1703936,0,0
1703936,0,0
1703936,0,0
1703936,32,0
1703936,0,0
1703936,0,0
1703936,0,0
1769472,0,0
1769472,32,0
1769472,32,0
1769472,0,0
1769472,0,0
1769472,32,0
1769472,0,0
1769472,0,0
1769472,0,0
1769472,0,0
1769472,0,0
1769472,0,0
1769472,0,0
1769472,0,0
1785856,0,0
1785856,0,0
1769472,0,0
1769472,32,0
1769472,32,0
1769472,0,0
1769472,0,0
1769472,0,0
1769472,0,0
1769472,32,0
1769472,0,0
1769472,0,0
1769472,0,0
1802240,0,0
1802240,32,0
1802240,32,0
1802240,0,0
1802240,32,0
1802240,0,0
1802240,0,0
1802240,32,0
1802240,0,0
1802240,0,0
1802240,0,0
1802240,0,0
1802240,0,0
1818624,0,0
1818624,0,0
1572864,0,0
1572864,0,0
1572864,0,0
1572864,32,0
1572864,0,0
1572864,0,0
1572864,0,0
1572864,32,0
1572864,0,0
1572864,0,0
1572864,0,0
1572864,0,0
1835008,32,0
1835008,32,0
1835008,32,0
1835008,0,0
1835008,32,0
1835008,32,0
1835008,0,0
1835008,0,0
1835008,0,0
1835008,0,0
1835008,0,0
1835008,32,0
1835008,0,0
1851392,32,0
1851392,0,0
1835008,0,0
1835008,0,0
1835008,0,0
1835008,0,0
1835008,0,0
1835008,0,0
1835008,0,0
1835008,32,0
1835008,0,0
1835008,0,0
1835008,0,0
1835008,0,0
1867776,0,0
1867776,32,0
1867776,0,0
1867776,0,0
1867776,0,0
1867776,0,0
1867776,32,0
1867776,32,0
1867776,0,0
1867776,0,0
1867776,0,0
1867776,0,0
1867776,32,0
1884160,32,0
1835008,0,0
1835008,0,0
1835008,0,0
1835008,0,0
1835008,32,0
1835008,0,0
1835008,32,0
1835008,0,0
1835008,0,0
1835008,0,0
1835008,0,0
1835008,0,0
1835008,0,0
1900544,0,0
1900544,0,0
1900544,0,0
1900544,0,0
1900544,0,0
1900544,0,0
1900544,0,0
1900544,0,0
1900544,0,0
1900544,32,0
1900544,0,0
1900544,0,0
1900544,0,0
1916928,0,0
1900544,0,0
1900544,0,0
1900544,0,0
1900544,32,0
1900544,0,0
1900544,0,0
1900544,0,0
1900544,0,0
1900544,0,0
1900544,0,0
1900544,0,0
1900544,32,0
1900544,32,0
1933312,0,0
1933312,0,0
1933312,0,0
1933312,0,0
1933312,0,0
1933312,32,0
1933312,0,0
1933312,0,0
1933312,0,0
1933312,0,0
1933312,32,0
1933312,0,0
1933312,32,0
1949696,0,0
1835008,0,0
1835008,0,0
1835008,0,0
1835008,0,0
1835008,0,0
1835008,0,0
1835008,0,0
1835008,0,0
1835008,0,0
1835008,0,0
1835008,0,0
1835008,0,0
1966080,32,0
1966080,0,0
1966080,0,0
1966080,0,0
1966080,0,0
1966080,0,0
1966080,0,0
1966080,0,0
1966080,0,0
1966080,0,0
1966080,32,0
1966080,0,0
1966080,0,0
1966080,0,0
1966080,0,0
1966080,32,0
1966080,32,0
1966080,0,0
1966080,0,0
1966080,0,0
1966080,0,0
1966080,0,0
1966080,0,0
1966080,0,0
1966080,0,0
1966080,0,0
1966080,0,0
1998848,0,0
1998848,32,0
1998848,0,0
1998848,0,0
1998848,0,0
1998848,32,0
1998848,0,0
1998848,0,0
1998848,32,0
1998848,32,0
1998848,0,0
1998848,0,0
1998848,0,0
1998848,0,0
1966080,32,0
1966080,0,0
1966080,32,0
1966080,0,0
1966080,0,0
1966080,0,0
1966080,32,0
1966080,32,0
1966080,0,0
1966080,0,0
1966080,0,0
1966080,0,0
1966080,0,0
2031616,32,0
2031616,0,0
2031616,0,0
2031616,0,0
2031616,0,0
2031616,32,0
2031616,32,0
2031616,0,0
2031616,0,0
2031616,32,0
2031616,32,0
2031616,0,0
2031616,0,0
2031616,0,0
2031616,0,0
2031616,32,0
2031616,0,0
2031616,0,0
2031616,0,0
2031616,0,0
2031616,32,0
2031616,0,0
2031616,0,0
2031616,0,0
2031616,0,0
2031616,0,0
2031616,0,0
2064384,0,0
2064384,0,0
2064384,32,0
2064384,0,0
2064384,32,0
2064384,32,0
2064384,0,0
2064384,0,0
2064384,32,0
2064384,32,0
2064384,0,0
2064384,32,0
0,0,0
0,0,0
0,0,0
0,32,0
0,0,0
0,0,0
0,0,0
0,0,0
0,0,0
0,0,0
0,0,0
0,0,0
0,0,0
0,0,0
0,32,0
2097152,32,0
2097152,0,0
2097152,32,0
2097152,0,0
2097152,0,0
2097152,0,0
2097152,0,0
2097152,0,0
2097152,0,0
2097152,0,0
2097152,0,0
2097152,0,0
2097152,0,0
2097152,0,0
2097152,0,0
2097152,0,0
2097152,0,0
2097152,0,0
2097152,0,0
2097152,0,0
2097152,0,0
2097152,0,0
2097152,0,0
2097152,0,0
2097152,32,0
2097152,0,0
2097152,0,0
2129920,0,0
2129920,0,0
2129920,0,0
2129920,0,0
2129984,0,0
2129920,0,0
2129920,32,0
2129920,0,0
2129920,0,0
2129920,0,0
2129920,0,0
2097152,0,0
2097152,32,0
2097152,0,0
2097152,0,0
2097152,32,0
2097152,0,0
2097152,0,0
2097152,0,0
2097152,0,0
2097152,0,0
2097152,0,0
2097152,0,0
2097152,0,0
2097152,32,0
2097152,0,0
2162688,0,0
2162688,32,0
2162688,0,0
2162688,0,0
2162688,0,0
2162688,32,0
2162688,0,0
2162688,32,0
2162688,32,0
2162688,0,0
2162688,0,0
2162688,0,0
2162688,0,0
2162752,32,0
2162688,0,0
2162688,32,0
2162688,32,0
2162688,0,0
2162688,0,0
2162688,0,0
2162688,0,0
2162688,0,0
2162688,0,0
2162688,0,0
2162688,0,0
2162688,0,0
2162688,32,0
2195456,0,0
2195456,0,0
2195456,32,0
2195456,0,0
2195456,0,0
2195456,0,0
2195456,0,0
2195456,0,0
2195456,0,0
2195456,0,0
2195456,0,0
2195456,0,0
2097152,0,0
2097152,0,0
2097152,0,0
2097152,0,0
2097152,0,0
2097152,0,0
2097152,0,0
2097152,0,0
2097152,0,0
2097152,0,0
2097152,0,0
2097152,0,0
2097152,0,0
2097152,0,0
2228224,0,0
2228224,0,0
2228224,0,0
2228224,0,0
2228224,0,0
2228224,32,0
2228224,0,0
2228224,0,0
2228224,0,0
2228224,0,0
2228224,32,0
2228224,0,0
2228224,0,0
2228224,0,0
2228224,0,0
2228224,0,0
2228224,0,0
2228224,0,0
2228224,32,0
2228224,32,0
2228224,0,0
2228224,32,0
2228224,0,0
2228224,32,0
2228224,32,0
2228224,0,0
2228224,0,0
2260992,32,0
2260992,0,0
2260992,0,0
2260992,32,0
2260992,0,0
2260992,0,0
2260992,0,0
2260992,0,0
2260992,0,0
2260992,32,0
2260992,0,0
2228224,0,0
2228224,0,0
2228224,0,0
2228224,0,0
2228224,0,0
2228224,0,0
2228224,32,0
2228224,0,0
2228224,0,0
2228224,0,0
2228224,0,0
2228224,0,0
2228224,0,0
2228224,0,0
2293760,0,0
2293760,0,0
2293760,0,0
2293760,0,0
2293760,0,0
2293760,32,0
2293760,0,0
2293760,0,0
2293760,0,0
2293760,0,0
2293760,0,0
2293760,0,0
2293760,32,0
2293760,0,0
2293760,0,0
2293760,32,0
2293760,0,0
2293760,0,0
2293760,0,0
2293760,0,0
2293760,0,0
2293760,0,0
2293760,0,0
2293760,0,0
2293760,0,0
2293760,0,0
2293760,0,0
2326528,0,0
2326528,32,0
2326528,0,0
2326528,0,0
2326528,0,0
2326528,0,0
2326528,32,0
2326528,0,0
2326528,0,0
2326528,0,0
2326528,0,0
2326528,0,0
2097152,0,0
2097152,0,0
2097152,0,0
2097152,32,0
2097152,0,0
2097152,0,0
2097152,0,0
2097152,0,0
2097152,0,0
2097152,0,0
2097152,0,0
2097152,0,0
2097152,0,0
2097152,32,0
2097152,0,0
2359296,0,0
2359296,0,0
2359296,0,0
2359296,0,0
2359296,0,0
2359296,0,0
2359296,0,0
2359296,0,0
2359296,0,0
2359296,0,0
2359296,0,0
2359296,0,0
2359296,0,0
2359296,0,0
2359296,32,0
2359296,0,0
2359296,32,0
2359296,0,0
2359296,0,0
2359296,0,0
2359296,0,0
2359296,0,0
2359296,0,0
2359296,0,0
2359296,0,0
2359296,32,0
2392064,0,0
2392064,0,0
2392064,0,0
2392064,0,0
2392064,0,0
2392064,0,0
2392064,0,0
2392064,32,0
2392064,0,0
2392064,32,0
2392064,0,0
2359296,0,0
2359296,32,0
2359296,32,0
2359296,0,0
2359296,32,0
2359296,0,0
2359296,32,0
2359296,32,0
2359296,32,0
2359296,0,0
2359296,32,0
2359296,0,0
2359296,0,0
2359296,0,0
2359296,0,0
2359296,0,0
2424832,0,0
2424832,0,0
2424832,0,0
2424832,0,0
2424832,0,0
2424832,0,0
2424832,0,0
2424832,0,0
2424832,32,0
2424832,32,0
2424832,0,0
2424832,0,0
2424832,32,0
2424832,0,0
2424832,0,0
2424832,0,0
2424832,0,0
2424832,0,0
2424832,0,0
2424832,0,0
2424832,0,0
2424832,0,0
2424832,0,0
2424832,0,0
2424832,0,0
2424832,0,0
2457600,0,0
2457600,0,0
2457600,0,0
2457600,0,0
2457600,32,0
2457600,0,0
2457600,0,0
2457600,0,0
2457600,0,0
2457600,0,0
2457600,32,0
2457600,32,0
2359296,0,0
2359296,32,0
2359296,0,0
2359296,0,0
2359296,32,0
2359296,32,0
2359296,0,0
2359296,0,0
2359296,0,0
2359296,0,0
2359296,0,0
2359296,0,0
2359296,0,0
2359296,0,0
2359296,0,0
2490368,32,0
2490368,0,0
2490368,32,0
2490368,0,0
2490368,0,0
2490368,0,0
2490368,0,0
2490368,32,0
2490368,0,0
2490368,32,0
2490368,0,0
2490368,0,0
2490368,0,0
2490368,0,0
2490368,0,0
2490368,0,0
2490368,0,0
2490368,32,0
2490368,0,0
2490368,0,0
2490368,0,0
2490368,32,0
2490368,32,0
2490368,0,0
2490368,0,0
2490368,0,0
2490368,32,0
2523136,0,0
2523136,0,0
2523136,0,0
2523136,0,0
2523136,0,0
2523136,0,0
2523136,0,0
2523136,32,0
2523136,0,0
2523136,32,0
2523136,0,0
2523136,32,0
2490368,0,0
2490368,0,0
2490368,0,0
2490368,0,0
2490368,32,0
2490368,32,0
2490368,0,0
2490368,0,0
2490368,0,0
2490368,0,0
2490368,0,0
2490368,0,0
2490368,0,0
2490368,32,0
2555904,0,0
2555904,32,0
2555904,0,0
2555904,0,0
2555904,0,0
2555904,0,0
2555904,0,0
2555904,0,0
2555904,0,0
2555904,0,0
2555904,0,0
2555904,32,0
2555904,0,0
2555904,0,0
2555904,0,0
2555904,0,0
2555904,32,0
2555904,32,0
2555904,0,0
2555904,32,0
2555904,32,0
2555904,32,0
2555904,32,0
2555904,0,0
2555904,0,0
2555904,0,0
2555904,32,0
2588672,0,0
2588672,0,0
2588672,32,0
2588672,32,0
2588672,0,0
2588672,0,0
2588672,0,0
2588672,0,0
2588672,32,0
2588672,0,0
2588672,32,0
2588672,0,0
2097152,0,0
2097152,0,0
2097152,0,0
2097152,0,0
2097152,0,0
2097152,0,0
2097152,0,0
2097152,0,0
2097152,0,0
2097152,0,0
2097152,0,0
2097152,0,0
2097152,0,0
2621440,0,0
2621440,0,0
2621440,0,0
2621440,0,0
2621440,0,0
2621440,0,0
2621440,0,0
2621440,0,0
2621440,0,0
2621440,0,0
2621440,0,0
2621440,0,0
2621440,0,0
2621440,0,0
2621440,0,0
2621440,0,0
2621440,0,0
2621440,32,0
2621440,0,0
2621440,0,0
2621440,0,0
2621440,0,0
2621440,32,0
2621440,0,0
2621440,0,0
2621440,0,0
2621440,32,0
2654208,32,0
2654208,32,0
2654208,0,0
2654208,32,0
2654208,32,0
2654208,0,0
2654208,0,0
2654208,0,0
2654208,32,0
2654208,32,0
2654208,32,0
2654208,0,0
2654208,32,0
2621440,0,0
2621440,0,0
2621440,0,0
2621440,0,0
2621440,0,0
2621440,32,0
2621440,0,0
2621440,0,0
2621440,32,0
2621440,0,0
2621440,0,0
2621440,0,0
2621440,0,0
2686976,0,0
2686976,0,0
2686976,0,0
2686976,0,0
2686976,32,0
2686976,0,0
2686976,0,0
2686976,0,0
2686976,32,0
2686976,32,0
2686976,0,0
2686976,0,0
2686976,0,0
2686976,0,0
2686976,0,0
2686976,0,0
2686976,0,0
2686976,32,0
2686976,0,0
2686976,0,0
2686976,0,0
2686976,32,0
2686976,0,0
2686976,0,0
2686976,0,0
2686976,0,0
2686976,0,0
2719744,0,0
2719744,0,0
2719744,0,0
2719744,0,0
2719744,0,0
2719744,0,0
2719744,0,0
2719744,0,0
2719744,0,0
2719744,0,0
2719744,32,0
2719744,0,0
2719744,0,0
2621440,32,0
2621440,0,0
2621440,0,0
2621440,0,0
2621440,0,0
2621440,32,0
2621440,32,0
2621440,0,0
2621440,32,0
2621440,32,0
2621440,0,0
2621440,32,0
2621440,32,0
2621440,0,0
2752512,32,0
2752512,0,0
2752512,0,0
2752512,0,0
2752512,0,0
2752512,0,0
2752512,0,0
2752512,0,0
2752512,0,0
2752512,0,0
2752512,0,0
2752512,0,0
2752512,0,0
2752512,0,0
2752512,0,0
2752512,0,0
2752512,0,0
2752512,0,0
2752512,0,0
2752512,0,0
2752512,0,0
2752512,0,0
2752512,0,0
2752512,0,0
2752512,0,0
2752512,0,0
2785280,32,0
2785280,32,0
2785280,0,0
2785280,32,0
2785280,0,0
2785280,0,0
2785280,32,0
2785280,32,0
2785280,32,0
2785280,0,0
2785280,32,0
2785280,0,0
2752512,32,0
2752512,32,0
2752512,0,0
2752512,32,0
2752512,32,0
2752512,32,0
2752512,0,0
2752512,0,0
2752512,32,0
2752512,32,0
2752512,0,0
2752512,0,0
2752512,0,0
2752512,32,0
2752512,0,0
2818048,0,0
2818048,0,0
2818048,0,0
2818048,0,0
2818048,0,0
2818048,32,0
2818048,0,0
2818048,0,0
2818048,0,0
2818048,0,0
2818048,0,0
2818048,0,0
2818048,0,0
2818048,0,0
2818048,0,0
2818048,0,0
2818048,0,0
2818048,0,0
2818048,0,0
2818048,0,0
2818048,0,0
2818048,32,0
2818048,0,0
2818048,0,0
2818048,32,0
2818048,0,0
2850816,32,0
2850816,32,0
2850816,32,0
2850816,0,0
2850816,0,0
2850816,0,0
2850816,32,0
2850816,0,0
2850816,0,0
2850816,0,0
2850816,0,0
2850816,0,0
2621440,0,0
2621440,32,0
2621440,0,0
2621440,0,0
2621440,0,0
2621440,0,0
2621440,0,0
2621440,0,0
2621440,0,0
2621440,32,0
2621440,0,0
2621440,0,0
2621440,32,0
2621440,0,0
2621440,32,0
2883584,0,0
2883584,0,0
2883584,32,0
2883584,0,0
2883584,0,0
2883584,0,0
2883584,0,0
2883584,0,0
2883584,0,0
2883584,0,0
2883584,32,0
2883584,0,0
2883584,0,0
2883584,0,0
2883584,0,0
2883584,32,0
2883584,0,0
2883584,0,0
2883584,32,0
2883584,0,0
2883584,32,0
2883584,0,0
2883584,0,0
2883584,0,0
2883584,32,0
2883584,0,0
2883584,32,0
2916352,0,0
2916352,0,0
2916352,0,0
2916352,0,0
2916352,0,0
2916352,0,0
2916352,0,0
2916352,0,0
2916352,0,0
2916352,0,0
2916352,0,0
2883584,0,0
2883584,0,0
2883584,0,0
2883584,0,0
2883584,0,0
2883584,0,0
2883584,32,0
2883584,0,0
2883584,0,0
2883584,0,0
2883584,0,0
2883584,0,0
2883584,0,0
2883584,32,0
2949120,0,0
2949120,32,0
2949120,0,0
2949120,0,0
2949120,0,0
2949120,32,0
2949120,0,0
2949120,0,0
2949120,32,0
2949120,0,0
2949120,0,0
2949120,0,0
2949120,0,0
2949120,0,0
2949120,32,0
2949120,32,0
2949120,0,0
2949120,0,0
2949120,0,0
2949120,32,0
2949120,32,0
2949120,0,0
2949120,0,0
2949120,32,0
2949120,0,0
2949120,32,0
2949120,0,0
2981888,0,0
2981888,32,0
2981888,0,0
2981888,32,0
2981888,32,0
2981888,32,0
2981888,32,0
2981888,0,0
2981888,0,0
2981888,0,0
2981888,0,0
2981888,0,0
2883584,0,0
2883584,0,0
2883584,0,0
2883584,0,0
2883584,0,0
2883584,0,0
2883584,0,0
2883584,0,0
2883584,0,0
2883584,0,0
2883584,32,0
2883584,0,0
2883584,0,0
2883584,32,0
3014656,0,0
3014656,0,0
3014656,0,0
3014656,0,0
3014656,0,0
3014656,0,0
3014656,0,0
3014656,0,0
3014656,0,0
3014656,0,0
3014656,0,0
3014656,0,0
3014656,0,0
3014656,0,0
3014656,0,0
3014656,0,0
3014656,0,0
3014656,0,0
3014656,0,0
3014656,0,0
3014656,0,0
3014656,0,0
3014656,0,0
3014656,0,0
3014656,32,0
3014656,0,0
3014656,0,0
3047424,0,0
3047424,0,0
3047424,0,0
3047424,0,0
3047424,0,0
3047424,0,0
3047424,0,0
3047424,0,0
3047424,0,0
3047424,0,0
3047424,0,0
3047424,0,0
3014656,0,0
3014656,0,0
3014656,0,0
3014656,0,0
3014656,0,0
3014656,32,0
3014656,0,0
3014656,0,0
3014656,0,0
3014656,0,0
3014656,0,0
3014656,0,0
3014656,0,0
3014656,0,0
3014656,0,0
3080192,0,0
3080192,0,0
3080192,0,0
3080192,0,0
3080192,0,0
3080192,0,0
3080192,0,0
3080192,0,0
3080192,32,0
3080192,32,0
3088384,0,0
3080192,0,0
3080192,0,0
3080192,0,0
3080192,0,0
3080192,32,0
3080192,32,0
3080192,0,0
3080192,0,0
3080192,0,0
3080192,0,0
3080192,0,0
3080192,0,0
3080192,32,0
3080192,0,0
3080192,0,0
3112960,0,0
3112960,0,0
3112960,0,0
3112960,32,0
3112960,0,0
3112960,0,0
3112960,0,0
3112960,0,0
3112960,0,0
3112960,0,0
3112960,0,0
3121152,32,0
2097152,0,0
2097152,0,0
2097152,0,0
2097152,32,0
2097152,32,0
2097152,32,0
2097152,32,0
2097152,0,0
2097152,0,0
2097152,32,0
2097152,32,0
2097152,32,0
2097152,0,0
2097152,0,0
2097152,0,0
3145728,0,0
3145728,0,0
3145728,32,0
3145728,32,0
3145728,32,0
3145728,0,0
3145728,0,0
3145728,0,0
3145728,0,0
3145728,0,0
3145728,0,0
3145728,0,0
3145728,0,0
3145728,0,0
3145728,0,0
3145728,0,0
3145728,32,0
3145728,32,0
3145728,32,0
3145728,0,0
3145728,32,0
3145728,0,0
3145728,0,0
3153920,32,0
3153920,32,0
3145728,0,0
3178496,0,0
3178496,0,0
3178496,32,0
3178496,32,0
3178496,32,0
3178496,0,0
3178496,0,0
3178496,32,0
3178496,0,0
3178496,0,0
3178496,0,0
3186688,0,0
3145728,0,0
3145728,0,0
3145728,0,0
3145728,0,0
3145728,0,0
3145728,0,0
3145728,0,0
3145728,0,0
3145728,0,0
3145728,0,0
3145728,0,0
3145728,0,0
3153920,0,0
3145728,0,0
3145728,0,0
3211264,0,0
3211264,0,0
3211264,0,0
3211264,0,0
3211264,0,0
3211264,0,0
3211264,0,0
3211264,0,0
3211264,0,0
3211264,0,0
3211264,0,0
3219456,0,0
3211264,0,0
3211264,0,0
3211264,0,0
3211264,0,0
3211264,0,0
3211264,0,0
3211264,32,0
3211264,0,0
3211264,0,0
3211264,0,0
3211264,32,0
3211264,0,0
3219456,0,0
3211264,0,0
3211264,0,0
3244032,0,0
3244032,0,0
3244032,0,0
3244032,0,0
3244032,0,0
3244032,0,0
3244032,0,0
3244032,32,0
3244032,0,0
3244032,0,0
3252224,0,0
3145728,0,0
3145728,0,0
3145728,32,0
3145728,0,0
3145728,0,0
3145728,0,0
3145728,0,0
3145728,0,0
3145728,0,0
3145728,0,0
3145728,32,0
3145728,0,0
3145728,0,0
3145728,32,0
3145728,32,0
3276800,0,0
3276800,0,0
3276800,0,0
3276800,0,0
3276800,0,0
3276800,0,0
3276800,0,0
3276800,0,0
3276800,0,0
3276800,0,0
3276800,0,0
3284992,0,0
3276800,0,0
3276800,32,0
3276800,32,0
3276800,0,0
3276800,0,0
3276800,32,0
3276800,0,0
3276800,0,0
3276800,0,0
3276800,0,0
3276800,32,0
3276800,32,0
3276800,0,0
3276800,32,0
3276800,0,0
3309568,32,0
3309568,32,0
3309568,0,0
3309568,0,0
3309568,32,0
3309568,0,0
3309568,0,0
3309568,0,0
3309568,0,0
3309568,0,0
3276800,0,0
3276800,0,0
3276800,32,0
3276800,32,0
3276800,0,0
3276800,32,0
3276800,32,0
3276800,0,0
3276800,0,0
3276800,0,0
3276800,0,0
3276800,0,0
3276800,32,0
3284992,0,0
3276800,0,0
3276800,32,0
3276800,0,0
3342336,0,0
3342336,0,0
3342336,0,0
3342336,0,0
3342336,0,0
3342336,0,0
3342336,0,0
3342336,0,0
3342336,32,0
3342336,0,0
3342336,0,0
3342336,0,0
3342336,0,0
3342336,0,0
3342336,0,0
3342336,0,0
3342336,0,0
3342336,0,0
3342336,0,0
3342336,0,0
3342336,0,0
3342336,0,0
3342336,0,0
3350528,0,0
3342336,32,0
3342336,32,0
3342336,32,0
3375104,0,0
3375104,0,0
3375104,0,0
3375104,32,0
3375104,0,0
3375104,0,0
3375104,0,0
3375104,0,0
3375104,0,0
3375104,0,0
3145728,0,0
3145728,0,0
3145728,0,0
3145728,0,0
3145728,0,0
3145728,0,0
3145728,0,0
3145728,0,0
3145728,0,0
3145728,0,0
3145728,0,0
3145728,0,0
3145728,0,0
3145728,0,0
3145728,0,0
3145728,0,0
3145728,32,0
3407872,0,0
3407872,0,0
3407872,0,0
3407872,0,0
3407872,0,0
3407872,32,0
3407872,0,0
3407872,0,0
3407872,32,0
3407872,0,0
3407872,32,0
3407872,0,0
3407872,0,0
3407872,0,0
3407872,32,0
3407872,0,0
3407872,0,0
3407872,32,0
3407872,0,0
3407872,0,0
3407872,0,0
3407872,0,0
3407872,0,0
3407872,0,0
3407872,32,0
3407872,0,0
3407872,0,0
3440640,0,0
3440640,0,0
3440640,32,0
3440640,32,0
3440640,0,0
3440640,0,0
3440640,0,0
3440640,0,0
3448832,32,0
3407872,32,0
3407872,0,0
3407872,0,0
3407872,0,0
3407872,0,0
3407872,0,0
3407872,0,0
3407872,0,0
3407872,0,0
3407872,0,0
3407872,0,0
3407872,0,0
3407872,0,0
3407872,0,0
3407872,0,0
3407872,32,0
3407872,0,0
3407872,0,0
3473408,0,0
3473408,0,0
3473408,32,0
3473408,0,0
3473408,0,0
3473408,0,0
3473408,0,0
3473408,0,0
3473408,0,0
3473408,0,0
3473408,32,0
3473408,0,0
3473408,0,0
3473408,0,0
3473408,0,0
3473408,0,0
3473408,32,0
3473408,32,0
3473408,0,0
3473408,0,0
3473408,32,0
3473408,0,0
3473408,0,0
3473408,0,0
3473408,32,0
3473408,0,0
3473408,0,0
3506176,0,0
3506176,0,0
3506176,0,0
3506176,0,0
3506176,0,0
3506176,0,0
3506176,0,0
3407872,0,0
3407872,0,0
3407872,0,0
3407872,0,0
3407872,32,0
3407872,32,0
3407872,0,0
3407872,32,0
3407872,0,0
3407872,0,0
3407872,32,0
3407872,32,0
3407872,32,0
3416064,0,0
3407872,0,0
3407872,32,0
3407872,32,0
3407872,0,0
3407872,0,0
3407872,0,0
3538944,0,0
3538944,0,0
3538944,0,0
3538944,0,0
3538944,0,0
3538944,32,0
3538944,0,0
3538944,0,0
3538944,32,0
3538944,0,0
3538944,32,0
3538944,0,0
3538944,0,0
3538944,32,0
3538944,0,0
3538944,0,0
3538944,0,0
3538944,0,0
3538944,0,0
3538944,0,0
3538944,0,0
3538944,32,0
3538944,32,0
3538944,0,0
3538944,0,0
3538944,32,0
3538944,32,0
3571712,32,0
3571712,32,0
3571712,0,0
3571712,32,0
3571712,0,0
3571712,0,0
3538944,0,0
3538944,0,0
3538944,0,0
3538944,32,0
3538944,32,0
3538944,0,0
3538944,0,0
3538944,0,0
3538944,0,0
3538944,0,0
3538944,0,0
3538944,0,0
3538944,0,0
3538944,0,0
3538944,0,0
3538944,32,0
3538944,0,0
3538944,0,0
3538944,0,0
3538944,0,0
3604480,0,0
3604480,0,0
3604480,0,0
3604480,0,0
3604480,0,0
3604480,0,0
3604480,0,0
3604480,0,0
3604480,0,0
3604480,0,0
3604480,0,0
3604480,0,0
3604480,0,0
3604480,0,0
3604480,0,0
3604480,0,0
3604480,0,0
3604480,0,0
3604480,0,0
3604480,0,0
3604480,0,0
3604480,0,0
3604480,0,0
3604480,0,0
3604480,0,0
3604480,0,0
3604480,0,0
3637248,32,0
3637248,32,0
3637248,0,0
3637248,32,0
3637248,0,0
3637248,0,0
3145728,0,0
3145728,0,0
3145728,0,0
3145728,0,0
3145728,0,0
3145728,0,0
3145728,0,0
3145728,32,0
3145728,0,0
3145728,0,0
3145728,32,0
3145728,0,0
3145728,0,0
3145728,32,0
3145728,32,0
3145728,0,0
3145728,0,0
3145728,0,0
3145728,0,0
3145728,0,0
3145728,0,0
3670016,0,0
3670016,0,0
3670016,0,0
3670016,0,0
3670016,0,0
3670016,0,0
3670016,32,0
3670016,0,0
3670016,0,0
3670016,0,0
3670016,0,0
3670016,0,0
3670016,0,0
3670016,0,0
3670016,32,0
3670016,32,0
3670016,32,0
3670016,0,0
3670016,0,0
3670016,32,0
3670016,0,0
3670016,32,0
3670016,0,0
3670016,0,0
3670016,0,0
3670016,0,0
3670016,0,0
3702784,32,0
3702784,0,0
3702784,0,0
3702784,0,0
3702784,0,0
3670016,0,0
3670016,0,0
3670016,0,0
3670016,0,0
3670016,0,0
3670016,0,0
3670016,32,0
3670016,0,0
3670016,32,0
3670016,0,0
3670016,32,0
3670016,0,0
3670016,0,0
3670016,0,0
3670016,0,0
3670016,0,0
3670016,0,0
3670016,32,0
3670016,32,0
3670016,0,0
3670016,0,0
3735552,32,0
3735552,0,0
3735552,0,0
3735552,0,0
3735552,32,0
3735552,32,0
3735552,32,0
3735552,32,0
3735552,32,0
3735552,0,0
3735552,0,0
3735552,0,0
3735552,0,0
3735552,0,0
3735552,0,0
3735552,0,0
3735552,0,0
3735552,0,0
3735552,32,0
3735552,0,0
3735552,0,0
3735552,0,0
3735552,0,0
3735552,0,0
3735552,0,0
3735552,0,0
3735552,0,0
3768320,0,0
3768320,32,0
3768320,0,0
3768320,0,0
3768320,0,0
3670016,0,0
3670016,32,0
3670016,0,0
3670016,32,0
3670016,0,0
3670016,0,0
3670016,0,0
3670016,0,0
3670016,0,0
3670016,0,0
3670016,0,0
3670016,0,0
3670016,0,0
3670016,0,0
3670016,0,0
3670016,0,0
3670016,0,0
3670016,0,0
3670016,0,0
3670016,0,0
3670016,32,0
3801088,0,0
3801088,0,0
3801088,0,0
3801088,0,0
3801088,32,0
3801088,0,0
3801088,0,0
3801088,0,0
3801088,0,0
3801088,0,0
3801088,0,0
3801088,0,0
3801088,32,0
3801088,0,0
3801088,32,0
3801088,32,0
3801088,32,0
3801088,0,0
3801088,0,0
3801088,0,0
3801088,0,0
3801088,0,0
3801088,0,0
3801088,0,0
3801088,0,0
3801088,0,0
3801088,0,0
3833856,0,0
3833856,0,0
3833856,32,0
3833856,0,0
3833856,0,0
3801088,0,0
3801088,0,0
3801088,0,0
3801088,0,0
3801088,0,0
3801088,0,0
3801088,0,0
3801088,0,0
3801088,0,0
3801088,0,0
3801088,0,0
3801088,0,0
3801088,0,0
3801088,0,0
3801088,0,0
3801088,0,0
3801088,0,0
3801088,0,0
3801088,32,0
3801088,0,0
3801088,0,0
3866624,0,0
3866624,0,0
3866624,0,0
3866624,0,0
3866624,32,0
3866624,0,0
3866624,0,0
3866624,0,0
3866624,0,0
3866624,0,0
3866624,0,0
3866624,0,0
3866624,0,0
3866624,0,0
3866624,32,0
3866624,0,0
3866624,0,0
3866624,0,0
3866624,0,0
3866624,0,0
3866624,0,0
3866624,0,0
3866624,0,0
3866624,32,0
3866624,32,0
3866624,0,0
3866624,32,0
3899392,32,0
3899392,0,0
3899392,0,0
3899392,0,0
3899392,32,0
3670016,32,0
3670016,0,0
3670016,0,0
3670016,0,0
3670016,0,0
3670016,0,0
3670016,0,0
3670016,32,0
3670016,32,0
3670016,0,0
3670016,32,0
3670016,32,0
3670016,0,0
3670016,32,0
3670016,32,0
3670016,0,0
3670016,32,0
3670016,32,0
3670016,0,0
3670016,0,0
3670016,0,0
3932160,32,0
3932160,0,0
3932160,0,0
3932160,0,0
3932160,0,0
3932160,0,0
3932160,0,0
3932160,0,0
3932160,32,0
3932160,32,0
3932160,0,0
3932160,0,0
3932160,0,0
3932160,0,0
3932160,32,0
3932160,32,0
3932160,32,0
3932160,0,0
3932160,0,0
3932160,0,0
3932160,0,0
3932160,0,0
3932160,0,0
3932160,32,0
3932160,0,0
3932160,32,0
3964928,0,0
3964928,0,0
3964928,0,0
3964928,0,0
3964928,0,0
3964928,32,0
3932160,0,0
3932160,0,0
3932160,32,0
3932160,0,0
3932160,32,0
3932160,32,0
3932160,0,0
3932160,0,0
3932160,0,0
3932160,0,0
3932160,0,0
3932160,32,0
3932160,0,0
3932160,0,0
3932160,0,0
3932224,0,0
3932160,0,0
3932160,0,0
3932160,0,0
3932160,0,0
3932160,0,0
3997696,0,0
3997696,0,0
3997696,0,0
3997696,0,0
3997696,0,0
3997696,0,0
3997696,0,0
3997696,32,0
3997696,0,0
3997696,32,0
3997696,0,0
3997700,32,0
3997696,0,0
3997696,32,0
3997696,32,0
3997696,0,0
3997696,32,0
3997696,0,0
3997700,0,0
3997696,0,0
3997696,0,0
3997696,0,0
3997696,0,0
3997696,0,0
3997696,0,0
3997696,0,0
4030464,0,0
4030464,0,0
4030464,32,0
4030464,0,0
4030464,0,0
3932160,32,0
3932160,32,0
3932160,0,0
3932160,0,0
3932160,0,0
3932160,32,0
3932160,32,0
3932160,32,0
3932160,0,0
3932160,32,0
3932160,32,0
3932160,0,0
3932160,0,0
3932160,0,0
3932160,0,0
3932160,0,0
3932160,0,0
3932160,32,0
3932160,32,0
3932160,0,0
3932160,0,0
3932160,0,0
4063232,0,0
4063232,0,0
4063232,0,0
4063232,0,0
4063232,0,0
4063232,0,0
4063232,0,0
4063232,32,0
4063232,0,0
4063232,0,0
4063232,0,0
4063232,32,0
4063232,0,0
4063232,32,0
4063232,0,0
4063232,0,0
4063232,0,0
4063232,32,0
4063232,0,0
4063232,32,0
4063232,0,0
4063232,0,0
4063232,32,0
4063232,32,0
4063232,0,0
4063232,32,0
4063232,0,0
4096000,0,0
4096000,0,0
4096000,32,0
4096001,32,0
4096000,32,0
4063232,0,0
4063233,0,0
4063232,0,0
4063232,0,0
4063232,0,0
4063232,0,0
4063232,0,0
4063232,0,0
4063232,0,0
4063232,0,0
4063232,0,0
4063232,0,0
4063232,0,0
4063232,32,0
4063232,0,0
4063232,0,0
4063232,32,0
4063232,0,0
4063232,32,0
4063232,32,0
4063232,0,0
4128768,0,0
4128768,0,0
4128768,0,0
4128768,0,0
4128768,32,0
4128768,32,0
4128768,32,0
4128768,0,0
4128768,0,0
4128768,0,0
4128768,0,0
4128768,0,0
4128768,0,0
4128768,0,0
4128768,0,0
4128768,32,0
4128768,0,0
4128768,0,0
4128768,0,0
4128768,0,0
4128768,0,0
4128768,0,0
4128768,0,0
4128768,0,0
4128768,0,0
4128784,0,0
4128768,0,0
4161536,0,0
4161536,0,0
4161536,0,0
4161536,0,0
4161536,0,0
0,0,0
0,0,0
0,0,0
0,0,0
0,0,0
0,0,0
0,0,0
0,32,0
0,32,0
0,0,0
0,0,0
0,0,0
0,0,0
0,0,0
0,0,0
0,0,0
0,0,0
0,0,0
0,32,0
0,32,0
0,0,0
4194304,32,0
4194304,0,0
4194304,0,0
4194304,32,0
4194304,0,0
4194304,0,0
4194304,0,0
4194304,0,0
4194304,0,0
4194304,0,0
4194304,0,0
4194304,0,0
4194304,32,0
4194304,0,0
4194304,0,0
4194304,0,0
4194304,0,0
4194304,0,0
4194304,0,0
4194304,0,0
4194304,32,0
4194304,0,0
4194304,0,0
4194304,0,0
4194304,0,0
4194304,0,0
4227072,0,0
4227072,0,0
4227072,0,0
4227072,0,0
4227072,0,0
4227072,0,0
4194304,32,0
4194304,0,0
4194304,0,0
4194304,32,0
4194304,0,0
4194304,0,0
4194304,0,0
4194304,32,0
4194304,32,0
4194304,0,0
4194304,0,0
4194304,0,0
4194304,0,0
4194304,0,0
4194304,0,0
4194304,0,0
4194304,0,0
4194304,0,0
4194304,0,0
4194304,32,0
4194304,0,0
4259840,0,0
4259840,32,0
4259840,0,0
4259840,0,0
4259840,0,0
4259840,0,0
4259840,32,0
4259840,0,0
4259840,0,0
4259840,0,0
4259840,0,0
4259840,0,0
4259840,0,0
4259840,0,0
4259840,0,0
4259840,0,0
4259840,0,0
4259840,32,0
4259840,32,0
4259840,32,0
4259840,0,0
4259840,0,0
4259840,32,0
4259840,32,0
4259840,0,0
4259840,0,0
4292608,0,0
4292608,0,0
4292608,0,0
4292608,0,0
4292608,32,0
4292608,0,0
4194304,0,0
4194304,0,0
4194304,32,0
4194304,0,0
4194304,0,0
4194304,0,0
4194304,0,0
4194304,0,0
4194312,0,0
4194304,32,0
4194304,0,0
4194304,0,0
4194304,0,0
4194304,0,0
4194304,0,0
4194304,0,0
4194304,0,0
4194304,0,0
4194304,0,0
4194304,0,0
4194304,0,0
4325376,0,0
4325376,0,0
4325376,0,0
4325376,0,0
4325376,0,0
4325376,32,0
4325376,0,0
4325376,0,0
4325376,0,0
4325376,0,0
4325376,0,0
4325376,0,0
4325376,0,0
4325376,0,0
4325376,0,0
4325376,0,0
4325376,32,0
4325376,0,0
4325376,32,0
4325376,32,0
4325376,0,0
4325376,0,0
4325376,0,0
4325376,0,0
4325376,0,0
4325376,0,0
4358144,0,0
4358144,32,0
4358144,0,0
4358144,0,0
4358144,0,0
4325376,0,0
4325376,0,0
4325376,0,0
4325376,0,0
4325376,0,0
4325376,32,0
4325376,0,0
4325376,0,0
4325376,0,0
4325376,32,0
4325376,0,0
4325376,0,0
4325376,0,0
4325376,32,0
4325376,0,0
4325376,32,0
4325376,0,0
4325376,0,0
4325376,32,0
4325376,32,0
4325376,0,0
4325376,0,0
4390912,0,0
4390912,0,0
4390912,0,0
4390912,32,0
4390912,0,0
4390912,0,0
4390912,0,0
4390912,0,0
4390912,0,0
4390912,0,0
4390912,0,0
4390912,0,0
4390912,0,0
4390912,0,0
4390912,32,0
4390912,0,0
4390912,32,0
4390912,0,0
4390912,0,0
4390912,0,0
4390912,32,0
4390912,0,0
4390912,32,0
4390912,0,0
4390912,0,0
4390912,0,0
4423680,0,0
4423680,0,0
4423680,0,0
4423680,0,0
4423680,32,0
4423680,32,0
4194304,0,0
4194304,32,0
4194304,32,0
4194304,0,0
4194304,0,0
4194304,32,0
4194304,32,0
4194304,32,0
4194304,32,0
4194304,0,0
4194304,0,0
4194320,32,0
4194304,0,0
4194304,0,0
4194304,32,0
4194304,0,0
4194304,32,0
4194304,0,0
4194304,0,0
4194304,0,0
4194304,0,0
4456448,0,0
4456448,0,0
4456448,0,0
4456448,0,0
4456448,0,0
4456448,0,0
4456448,0,0
4456448,0,0
4456448,32,0
4456448,0,0
4456448,0,0
4456448,0,0
4456448,0,0
4456448,0,0
4456448,0,0
4456448,0,0
4456448,32,0
4456448,0,0
4456448,0,0
4456448,0,0
4456448,32,0
4456448,0,0
4456448,0,0
4456448,32,0
4456448,0,0
4456448,0,0
4456448,0,0
4489216,0,0
4489216,0,0
4489216,0,0
4489216,0,0
4489216,0,0
4456448,0,0
4456448,0,0
4456448,0,0
4456448,0,0
4456448,0,0
4456448,0,0
4456448,32,0
4456448,0,0
4456448,32,0
4456448,0,0
4456448,32,0
4456448,0,0
4456448,0,0
4456448,32,0
4456448,0,0
4456448,0,0
4456448,0,0
4456448,0,0
4456448,0,0
4456448,0,0
4456448,32,0
4521984,0,0
4521984,0,0
4521984,0,0
4521984,0,0
4521984,32,0
4521984,0,0
4521984,0,0
4521984,0,0
4521984,0,0
4521984,0,0
4521984,0,0
4521984,0,0
4521984,0,0
4521984,0,0
4521984,0,0
4521984,0,0
4521984,32,0
4521984,0,0
4521984,0,0
4521984,0,0
4521984,32,0
4521984,0,0
4521984,32,0
4521984,32,0
4521984,0,0
4521984,0,0
4554752,0,0
4554752,0,0
4554752,0,0
4554752,32,0
4554752,32,0
4554752,32,0
4456449,0,0
4456448,0,0
4456448,0,0
4456448,0,0
4456448,0,0
4456448,0,0
4456448,32,0
4456448,32,0
4456448,32,0
4456448,0,0
4456448,0,0
4456448,0,0
4456448,32,0
4456448,0,0
4456448,0,0
4456448,0,0
4456448,0,0
4456448,0,0
4472832,0,0
4456448,0,0
4587520,0,0
4587520,0,0
4587520,32,0
4587520,0,0
4587520,0,0
4587520,0,0
4587520,0,0
4587520,0,0
4587520,32,0
4587520,32,0
4587520,32,0
4587520,0,0
4587520,0,0
4587520,32,0
4587520,32,0
4587520,0,0
4587520,0,0
4587520,0,0
4587520,0,0
4587520,0,0
4587520,0,0
4587520,0,0
4587520,0,0
4587520,0,0
4587520,0,0
4603904,0,0
4587520,0,0
4620288,0,0
4620288,0,0
4620288,0,0
4620288,0,0
4620288,0,0
4620288,0,0
4587520,0,0
4587520,0,0
4587520,0,0
4587520,0,0
4587520,0,0
4587520,0,0
4587520,0,0
4587520,0,0
4587520,0,0
4587520,0,0
4587520,0,0
4587520,0,0
4587520,0,0
4587520,0,0
4587520,0,0
4587520,0,0
4587520,32,0
4587520,0,0
4587520,0,0
4603904,0,0
4587520,0,0
4653056,0,0
4653056,0,0
4653056,0,0
4653056,0,0
4653056,0,0
4653056,0,0
4653056,0,0
4653056,0,0
4653056,0,0
4653056,0,0
4653056,0,0
4653056,0,0
4653056,0,0
4653056,0,0
4653056,0,0
4653056,0,0
4653056,0,0
4653056,0,0
4653056,32,0
4653056,32,0
4653056,0,0
4653056,0,0
4653056,32,0
4653056,0,0
4669440,0,0
4669440,0,0
4685824,0,0
4685824,32,0
4685824,0,0
4685824,0,0
4685824,0,0
4194304,0,0
4194304,0,0
4194304,0,0
4194304,32,0
4194304,32,0
4194304,0,0
4194304,0,0
4194304,0,0
4194304,0,0
4194304,0,0
4194304,0,0
4194304,0,0
4194304,0,0
4194304,0,0
4194304,0,0
4194304,32,0
4194304,0,0
4194304,0,0
4194304,0,0
4194304,0,0
4210688,0,0
4210688,0,0
4718592,0,0
4718592,32,0
4718592,32,0
4718592,0,0
4718592,32,0
4718592,0,0
4718592,0,0
4718592,0,0
4718592,32,0
4718592,0,0
4718592,32,0
4718592,32,0
4718592,0,0
4718592,0,0
4718592,0,0
4718592,0,0
4718592,0,0
4718592,0,0
4718592,32,0
4718592,32,0
4718592,32,0
4718592,32,0
4718592,0,0
4718592,0,0
4734976,0,0
4734976,0,0
4751376,0,0
4751360,0,0
4751360,0,0
4751360,32,0
4751360,0,0
4718592,0,0
4718592,0,0
4718592,0,0
4718592,0,0
4718592,0,0
4718592,32,0
4718592,0,0
4718592,0,0
4718592,0,0
4718592,0,0
4718592,0,0
4718592,0,0
4718592,0,0
4718592,0,0
4718592,32,0
4718592,32,0
4718592,0,0
4718592,0,0
4718592,0,0
4718592,0,0
4734976,0,0
4718592,0,0
4784128,0,0
4784128,0,0
4784128,0,0
4784128,0,0
4784128,0,0
4784128,0,0
4784128,0,0
4784128,0,0
4784128,0,0
4784128,0,0
4784128,0,0
4784128,0,0
4784128,0,0
4784128,0,0
4784128,0,0
4784128,0,0
4784128,0,0
4784128,0,0
4784128,0,0
4784128,0,0
4784128,0,0
4784128,0,0
4784128,0,0
4784128,0,0
4784128,0,0
4800512,32,0
4816896,0,0
4816896,0,0
4816896,0,0
4816896,32,0
4816896,32,0
4718592,0,0
4718592,0,0
4718592,0,0
4718592,0,0
4718592,0,0
4718592,0,0
4718592,0,0
4718592,0,0
4718592,0,0
4718592,0,0
4718592,0,0
4718592,0,0
4718592,0,0
4718592,0,0
4718592,0,0
4718592,32,0
4718592,32,0
4718592,0,0
4718592,0,0
4718592,0,0
4718592,0,0
4849664,0,0
4849664,0,0
4849664,0,0
4849664,0,0
4849664,0,0
4849664,0,0
4849664,0,0
4849664,0,0
4849664,0,0
4849664,0,0
4849664,0,0
4849664,0,0
4849664,0,0
4849664,0,0
4849664,0,0
4849664,32,0
4849664,0,0
4849664,0,0
4849664,32,0
4849664,0,0
4849664,32,0
4849664,0,0
4849664,0,0
4849664,0,0
4849664,32,0
4849664,0,0
4866048,32,0
4882432,0,0
4882432,32,0
4882432,32,0
4882432,0,0
4882432,32,0
4849664,0,0
4849664,0,0
4849664,0,0
4849664,0,0
4849664,0,0
4849664,0,0
4849664,0,0
4849664,0,0
4849664,0,0
4849664,0,0
4849664,0,0
4849664,0,0
4849664,0,0
4849664,0,0
4849664,32,0
4849664,0,0
4849664,0,0
4849664,0,0
4849664,32,0
4849664,0,0
4866048,32,0
4915200,0,0
4915200,0,0
4915200,0,0
4915200,0,0
4915200,0,0
4915200,0,0
4915200,0,0
4915200,0,0
4915200,32,0
4915200,0,0
4915200,32,0
4915200,0,0
4915200,0,0
4915200,0,0
4915200,32,0
4915200,32,0
4915200,0,0
4915200,0,0
4915200,0,0
4915200,0,0
4915200,0,0
4915200,0,0
4915200,0,0
4915200,32,0
4915200,32,0
4915200,0,0
4931584,0,0
4947968,0,0
4947968,0,0
4947968,32,0
4947968,0,0
4947968,0,0
4718592,0,0
4718592,0,0
4718592,0,0
4718592,0,0
4718592,0,0
4718592,0,0
4718592,0,0
4718592,0,0
4718592,0,0
4718592,0,0
4718592,0,0
4718592,0,0
4718592,0,0
4718592,0,0
4718592,0,0
4718592,32,0
4718592,0,0
4718592,0,0
4718592,0,0
4718592,0,0
4734976,0,0
4980736,0,0
4980736,0,0
4980736,0,0
4980736,0,0
4980736,0,0
4980736,32,0
4980736,0,0
4980736,0,0
4980736,0,0
4980736,0,0
4980736,0,0
4980736,32,0
4980736,0,0
4980736,0,0
4980736,32,0
4980736,0,0
4980736,0,0
4980736,0,0
4980736,0,0
4980736,0,0
4980736,32,0
4980736,0,0
4980736,0,0
4980736,0,0
4980736,0,0
4980736,0,0
4997120,0,0
5013504,0,0
5013504,0,0
5013504,0,0
5013504,0,0
5013504,0,0
4980736,0,0
4980736,32,0
4980736,0,0
4980736,0,0
4980736,0,0
4980736,0,0
4980736,0,0
4980736,0,0
4980736,0,0
4980736,0,0
4980736,0,0
4980736,0,0
4980736,0,0
4980736,0,0
4980736,0,0
4980736,0,0
4980736,0,0
4980736,0,0
4980736,0,0
4980736,32,0
4997120,32,0
4997120,32,0
5046272,32,0
5046272,32,0
5046272,32,0
5046272,0,0
5046272,0,0
5046272,0,0
5046272,0,0
5046272,0,0
5046272,0,0
5046272,32,0
5046272,32,0
5046272,0,0
5046272,0,0
5046272,0,0
5046272,0,0
5046272,32,0
5046272,0,0
5046272,0,0
5046272,32,0
5046272,32,0
5046272,0,0
5046272,0,0
5046272,0,0
5046272,32,0
5046272,32,0
5062656,0,0
5079040,0,0
5079040,0,0
5079040,0,0
5079040,32,0
5079040,32,0
4980736,0,0
4980736,0,0
4980736,0,0
4980736,32,0
4980736,0,0
4980736,0,0
4980736,0,0
4980736,0,0
4980736,0,0
4980736,0,0
4980736,0,0
4980736,0,0
4980736,0,0
4980736,0,0
4980736,0,0
4980736,0,0
4980736,0,0
4980736,0,0
4980736,0,0
4980736,0,0
4997120,32,0
4998144,0,0
5111808,0,0
5111808,0,0
5111808,0,0
5111808,0,0
5112832,0,0
5111808,0,0
5111808,0,0
5111808,0,0
5111808,32,0
5112832,0,0
5111808,0,0
5111808,0,0
5111808,32,0
5111808,32,0
5111808,0,0
5111808,0,0
5111808,0,0
5111808,0,0
5111808,0,0
5111808,0,0
5111808,0,0
5111808,0,0
5111808,0,0
5111808,0,0
5128192,0,0
5144576,0,0
5144576,32,0
5144576,0,0
5144576,0,0
5144576,0,0
5144576,32,0
5111808,32,0
5111808,0,0
5111808,0,0
5111808,0,0
5111808,0,0
5111808,32,0
5111808,0,0
5111808,32,0
5111808,0,0
5111808,32,0
5111808,0,0
5111808,0,0
5111808,0,0
5111808,0,0
5111808,0,0
5111808,32,0
5111808,0,0
5111808,32,0
5111808,32,0
5111808,0,0
5128192,32,0
5177344,32,0
5177344,32,0
5177344,0,0
5177344,0,0
5177344,0,0
5177344,32,0
5177344,32,0
5177344,0,0
5177344,0,0
5177344,0,0
5177344,0,0
5177344,0,0
5177344,0,0
5177344,0,0
5177344,0,0
5177344,0,0
5177344,0,0
5177344,0,0
5177344,0,0
5177344,0,0
5177344,0,0
5177344,0,0
5177344,32,0
5177344,32,0
5177344,32,0
5177344,0,0
5193728,0,0
5210112,0,0
5210112,0,0
5210116,0,0
5210112,0,0
5210112,0,0
5210112,32,0
4194304,0,0
4194304,0,0
4194304,0,0
4194304,32,0
4194304,0,0
4194304,0,0
4194304,0,0
4194304,0,0
4194304,0,0
4194304,0,0
4194304,0,0
4194304,0,0
4194304,0,0
4194304,0,0
4194304,0,0
4194304,0,0
4194304,0,0
4194304,0,0
4194304,0,0
4210688,0,0
5242880,0,0
5242880,0,0
5242880,0,0
5242880,0,0
5242880,0,0
5242880,32,0
5242880,0,0
5242880,0,0
5242880,32,0
5242880,0,0
5242880,0,0
5242880,0,0
5242880,0,0
5242880,0,0
5242880,0,0
5242880,0,0
5242880,0,0
5242880,32,0
5242880,0,0
5242880,0,0
5242880,0,0
5242880,0,0
5242880,0,0
5242880,0,0
5242880,0,0
5242880,0,0
5259264,32,0
5275648,0,0
5275648,32,0
5275648,0,0
5275648,0,0
5275648,0,0
5275648,0,0
5242880,0,0
5242880,0,0
5242880,0,0
5242880,0,0
5242880,0,0
5242880,0,0
5242880,0,0
5242880,32,0
5242880,0,0
5242880,0,0
5242880,0,0
5242880,0,0
5242880,0,0
5242880,0,0
5242880,0,0
5242880,0,0
5242880,0,0
5242880,32,0
5242880,0,0
5259264,0,0
5242880,32,0
5308416,0,0
5308416,0,0
5308416,0,0
5308416,0,0
5308416,0,0
5308416,0,0
5308416,0,0
5308416,0,0
5308416,32,0
5308416,0,0
5308416,0,0
5308416,0,0
5308416,0,0
5308416,0,0
5308416,0,0
5308416,0,0
5308416,0,0
5308416,0,0
5308416,0,0
5308416,0,0
5308416,0,0
5308416,0,0
5308416,0,0
5308416,0,0
5308416,0,0
5324800,0,0
5308416,0,0
5341184,0,0
5341184,0,0
5341184,0,0
5341184,0,0
5341184,0,0
5242880,0,0
5242880,0,0
5242880,0,0
5242880,0,0
5242880,0,0
5242880,32,0
5242880,0,0
5242880,0,0
5242880,0,0
5242880,0,0
5242880,0,0
5242880,0,0
5242880,0,0
5242880,0,0
5242880,0,0
5242880,0,0
5242880,0,0
5242880,0,0
5242880,0,0
5242880,0,0
5242880,0,0
5242880,32,0
5373952,0,0
5373952,0,0
5373952,0,0
5373952,0,0
5373952,0,0
5373952,0,0
5373952,0,0
5373952,0,0
5373952,0,0
5373952,0,0
5373952,0,0
5373952,0,0
5373952,0,0
5373952,0,0
5373952,0,0
5373952,0,0
5373952,0,0
5373952,0,0
5373952,0,0
5373952,0,0
5373952,0,0
5373952,0,0
5373952,0,0
5373952,0,0
5390336,0,0
5373952,0,0
5373952,32,0
5406720,0,0
5406720,0,0
5406720,0,0
5406720,32,0
5373952,32,0
5373952,0,0
5373952,0,0
5373952,0,0
5373952,0,0
5373952,0,0
5373952,0,0
5373952,0,0
5373952,0,0
5373952,0,0
5373952,0,0
5373952,0,0
5373952,0,0
5373952,0,0
5373952,0,0
5373952,0,0
5373952,0,0
5373952,0,0
5373952,0,0
5373952,0,0
5390336,32,0
5373952,0,0
5373952,0,0
5439488,0,0
5439488,0,0
5439488,0,0
5439488,0,0
5439488,0,0
5439488,0,0
5439488,0,0
5439488,0,0
5439488,0,0
5439488,0,0
5439488,0,0
5439488,0,0
5439488,0,0
5439488,0,0
5439488,0,0
5439488,0,0
5439488,0,0
5439488,32,0
5439488,0,0
5439488,0,0
5439488,0,0
5439488,0,0
5439488,0,0
5439488,0,0
5439488,0,0
5439488,0,0
5472256,0,0
5472256,0,0
5472256,0,0
5242880,0,0
5242880,0,0
5242880,0,0
5242880,0,0
5242880,32,0
5242880,0,0
5242880,32,0
5242880,32,0
5242880,0,0
5242880,0,0
5242880,0,0
5242880,0,0
5242880,0,0
5242880,0,0
5242880,0,0
5242880,32,0
5242880,0,0
5242880,0,0
5242880,32,0
5242880,32,0
5242880,0,0
5242880,0,0
5242880,0,0
5242880,0,0
5505024,32,0
5505024,0,0
5505024,0,0
5505024,0,0
5505024,0,0
5505024,32,0
5505024,0,0
5505024,0,0
5505024,32,0
5505024,0,0
5505024,0,0
5505024,0,0
5505024,0,0
5505024,32,0
5505024,0,0
5505024,0,0
5505024,0,0
5505024,0,0
5505024,0,0
5505024,0,0
5505024,32,0
5505024,0,0
5521408,0,0
5505024,0,0
5505024,0,0
5505024,0,0
5505024,0,0
5537792,0,0
5537792,0,0
5505024,0,0
5505024,0,0
5505024,0,0
5505024,0,0
5505024,32,0
5505024,0,0
5505024,32,0
5505024,0,0
5505024,0,0
5505024,32,0
5505024,32,0
5505024,32,0
5505024,32,0
5505024,0,0
5505024,0,0
5505024,0,0
5505024,32,0
5505024,0,0
5505024,0,0
5505024,0,0
5521408,0,0
5505024,0,0
5505024,0,0
5505024,0,0
5505024,0,0
5570560,0,0
5570560,0,0
5570560,32,0
5570560,32,0
5570560,0,0
5570560,32,0
5570560,0,0
5570560,0,0
5570560,32,0
5570560,32,0
5570560,0,0
5570560,0,0
5570560,0,0
5570560,32,0
5570560,0,0
5570560,0,0
5570560,0,0
5570560,0,0
5570560,0,0
5570560,0,0
5570560,0,0
5570560,0,0
5586944,0,0
5570560,0,0
5570560,0,0
5570560,0,0
5570560,0,0
5603328,0,0
5505024,0,0
5505024,0,0
5505024,0,0
5505024,0,0
5505024,0,0
5505024,0,0
5505024,0,0
5505024,0,0
5505024,0,0
5505024,0,0
5505024,0,0
5505024,0,0
5505024,32,0
5505024,0,0
5505024,32,0
5505024,32,0
5505024,32,0
5505024,0,0
5505024,0,0
5505024,0,0
5521408,0,0
5505024,32,0
5505024,0,0
5505024,0,0
5505024,0,0
5505024,0,0
5636096,0,0
5636096,0,0
5636096,32,0
5636096,0,0
5636096,0,0
5636096,0,0
5636096,0,0
5636096,0,0
5636096,0,0
5636096,0,0
5636096,0,0
5636096,32,0
5636096,0,0
5636096,0,0
5636096,0,0
5636096,0,0
5636096,0,0
5636096,0,0
5636096,0,0
5636096,0,0
5636096,0,0
5652480,0,0
5636096,0,0
5636096,32,0
5636096,0,0
5636096,32,0
5636096,0,0
5636096,0,0
5636096,32,0
5636096,32,0
5636096,0,0
5636096,0,0
5636096,0,0
5636096,32,0
5636096,32,0
5636096,0,0
5636096,0,0
5636096,0,0
5636096,0,0
5636096,0,0
5636096,0,0
5636096,0,0
5636096,0,0
5636096,0,0
5636096,0,0
5636096,0,0
5636096,0,0
5652480,32,0
5636096,0,0
5636096,32,0
5636096,32,0
5636096,0,0
5636096,0,0
5636096,0,0
5701632,0,0
5701632,0,0
5701632,0,0
5701632,32,0
5701632,32,0
5701632,0,0
5701632,0,0
5701632,0,0
5701632,0,0
5701632,0,0
5701632,0,0
5701632,0,0
5701632,0,0
5701632,0,0
5701632,0,0
5701632,0,0
5701632,0,0
5701632,0,0
5701632,0,0
5718016,0,0
5718016,32,0
5701632,0,0
5701632,0,0
5701632,0,0
5701632,0,0
5701632,0,0
5242880,0,0
5242880,0,0
5242880,32,0
5242880,0,0
5242880,0,0
5242880,0,0
5242880,0,0
5242880,32,0
5242880,32,0
5242880,0,0
5242880,32,0
5242880,0,0
5242880,0,0
5242880,0,0
5242880,0,0
5242880,0,0
5242880,0,0
5242880,0,0
5242880,0,0
5242880,0,0
5259264,0,0
5259264,32,0
5242880,0,0
5242880,0,0
5242880,0,0
5242880,0,0
5242880,32,0
5767168,0,0
5767168,0,0
5767168,0,0
5767168,0,0
5767168,0,0
5767168,0,0
5767168,0,0
5767168,0,0
5767168,0,0
5767168,0,0
5767168,0,0
5767168,0,0
5767168,0,0
5767168,32,0
5767168,0,0
5767168,0,0
5767168,0,0
5767168,0,0
5767168,0,0
5783552,0,0
5783552,0,0
5767168,0,0
5767168,32,0
5767168,32,0
5767168,32,0
5767168,0,0
5767168,0,0
5767168,0,0
5767168,0,0
5767168,0,0
5767168,0,0
5767168,0,0
5767168,0,0
5767168,0,0
5767168,0,0
5767168,0,0
5767168,0,0
5767168,0,0
5767168,32,0
5767168,0,0
5767168,0,0
5767168,0,0
5767168,0,0
5767168,32,0
5767168,0,0
5767168,0,0
5783552,32,0
5783552,0,0
5767168,32,0
5767168,0,0
5767168,0,0
5767168,0,0
5767168,0,0
5767168,0,0
5832704,0,0
5832704,0,0
5832704,0,0
5832704,0,0
5832704,0,0
5832704,0,0
5832704,0,0
5832704,32,0
5832704,0,0
5832704,0,0
5832704,32,0
5832704,32,0
5832704,0,0
5832704,0,0
5832704,32,0
5832704,0,0
5832704,0,0
5832704,32,0
5832704,0,0
5849088,0,0
5849088,0,0
5832704,0,0
5832704,0,0
5832704,0,0
5832704,32,0
5767168,32,0
5767168,0,0
5767168,0,0
5767168,32,0
5767168,32,0
5767168,32,0
5767168,0,0
5767168,0,0
5767168,32,0
5767168,0,0
5767168,32,0
5767168,32,0
5767168,32,0
5767168,0,0
5767168,0,0
5767168,0,0
5767168,0,0
5767168,0,0
5767168,32,0
5767168,32,0
5783552,0,0
5783552,32,0
5783552,32,0
5767168,0,0
5767168,0,0
5767168,32,0
5767168,0,0
5767168,32,0
5767168,0,0
5898240,0,0
5898240,0,0
5898240,32,0
5898240,32,0
5898240,0,0
5898240,0,0
5898240,0,0
5898240,0,0
5898240,0,0
5898240,0,0
5898240,0,0
5898240,32,0
5898240,0,0
5898240,0,0
5898240,0,0
5898240,0,0
5898240,0,0
5914624,0,0
5914624,0,0
5914624,0,0
5914624,32,0
5898240,32,0
5898240,0,0
5898240,32,0
5898240,32,0
5898240,32,0
5898240,32,0
5898240,0,0
5898240,0,0
5898240,0,0
5898240,0,0
5898240,0,0
5898240,32,0
5898240,0,0
5898240,32,0
5898240,0,0
5898240,32,0
5898240,32,0
5898240,0,0
5898240,0,0
5898240,0,0
5898240,0,0
5898240,32,0
5898240,0,0
5914624,32,0
5914624,0,0
5914624,32,0
5914624,32,0
5898240,0,0
5898240,0,0
5898240,0,0
5898240,0,0
5898240,0,0
5898240,0,0
5963776,0,0
5963776,0,0
5963776,0,0
5963776,0,0
5963776,0,0
5963776,0,0
5963776,0,0
5963776,32,0
5963776,0,0
5963776,0,0
5963776,32,0
5963776,0,0
5963776,0,0
5963776,0,0
5963776,0,0
5963776,0,0
5963776,32,0
5980160,32,0
5980160,32,0
5980160,32,0
5980160,0,0
5963776,0,0
5963776,0,0
5767168,0,0
5767168,0,0
5767168,0,0
5767168,0,0
5767168,0,0
5767168,0,0
5767168,32,0
5767168,0,0
5767168,0,0
5767168,32,0
5767168,0,0
5767168,0,0
5767168,0,0
5767168,32,0
5767168,0,0
5767168,0,0
5767168,0,0
5767168,0,0
5767168,0,0
5767168,0,0
5783552,0,0
5783552,0,0
5783552,0,0
5783552,0,0
5783552,32,0
5767168,0,0
5767168,32,0
5767168,0,0
5767168,0,0
5767168,0,0
5767168,32,0
6029312,0,0
6029312,0,0
6029312,0,0
6029312,32,0
6029312,32,0
6029312,0,0
6029312,32,0
6029312,0,0
6029312,0,0
6029312,0,0
6029312,32,0
6029312,0,0
6029312,0,0
6029312,0,0
6029312,32,0
6029312,32,0
6045696,0,0
6045696,0,0
6045696,0,0
6045696,0,0
6045696,0,0
6029312,0,0
6029312,32,0
6029312,0,0
6029312,32,0
6029312,32,0
6029312,32,0
6029312,0,0
6029312,32,0
6029312,32,0
6029312,0,0
6029312,0,0
6029312,0,0
6029312,32,0
6029312,0,0
6029312,0,0
6029312,0,0
6029312,0,0
6029312,0,0
6029312,0,0
6029312,0,0
6045696,0,0
6045696,32,0
6045696,32,0
6045696,32,0
6045696,0,0
6045696,0,0
6029312,0,0
6029312,0,0
6029312,0,0
6029312,32,0
6029312,0,0
6029312,0,0
6094848,0,0
6094848,0,0
6094848,0,0
6094848,0,0
6094848,0,0
6094848,0,0
6094848,0,0
6094848,0,0
6094848,0,0
6094848,0,0
6094848,0,0
6094848,0,0
6094848,0,0
6094848,0,0
6094848,32,0
6111232,0,0
6111232,0,0
6111232,32,0
6111232,0,0
6111232,0,0
6111232,1,0
6094848,0,0
6029312,0,0
6029312,0,0
6029312,0,0
6029312,0,0
6029312,0,0
6029312,0,0
6029312,0,0
6029312,0,0
6029312,0,0
6029312,0,0
6029312,32,0
6029312,0,0
6029312,0,0
6029312,0,0
6029312,0,0
6029312,0,0
6029312,0,0
6029312,0,0
6029312,0,0
6029312,0,0
6045696,0,0
6045696,0,0
6045696,32,0
6045696,0,0
6045696,32,0
6045696,0,0
6029312,0,0
6029312,0,0
6029312,0,0
6029312,0,0
6029312,32,0
6029312,0,0
6160384,0,0
6160384,0,0
6160384,0,0
6160384,0,0
6160384,32,0
6160384,0,0
6160384,0,0
6160384,0,0
6160384,32,0
6160384,0,0
6160384,0,0
6160384,0,0
6160384,0,0
6160384,0,0
6176768,32,0
6176768,32,0
6176768,0,0
6176768,0,0
6176768,0,0
6176768,0,0
6176768,32,0
6160384,0,0
6160384,0,0
6160384,0,0
6160384,0,0
6160384,0,0
6160384,0,0
6160384,0,0
6160384,0,0
6160384,0,0
6160384,0,0
6160384,0,0
6160384,0,0
6160384,32,0
6160384,0,0
6160384,0,0
6160384,0,0
6160384,32,8388616
6160384,0,8388616
6160384,0,8388616
6160384,32,8388616
6176768,32,8388616
6176768,32,8388616
6176768,0,8388616
6176768,0,8388616
6176768,32,8388616
6176768,32,8388608
6160384,0,8388608
6160384,0,8388608
6160384,32,8388608
6160384,0,8388608
6160384,0,8388608
6160384,0,8388608
6160384,0,8388608
6225920,0,8388608
6225920,0,8388608
6225920,32,8388608
6225920,0,8388608
6225920,0,8388608
6225920,32,8388608
6225920,32,8388608
6225920,0,8388608
6225920,0,8388608
6225920,0,8388608
6225920,0,8388608
6225920,0,8388608
6225920,0,8388608
6225920,0,8388608
6242304,0,8388608
6242304,0,8388608
6242304,0,8388608
6242304,0,8388616
6242304,0,8388616
4194304,0,8388616
4194304,0,8388616
4194304,32,8388616
4194304,0,8388616
4194304,0,8388616
4194304,0,8388608
4194304,0,8388608
4194304,0,8388608
4194304,32,8388608
4194304,0,8388608
4194304,32,8388608
4194304,0,8388608
4194304,32,8388608
4194304,0,8388608
4194304,0,8388608
4194304,0,8388608
4194304,0,8388608
4194304,0,8388608
4194304,0,8388608
4194304,0,8388608
4194304,32,8388608
4194304,32,8388608
4210688,0,8388608
4211200,0,8388608
4210688,0,8388608
4210688,0,8388608
4210688,0,8388608
4194304,0,8388608
4194304,0,8388608
4194304,32,8388608
4194304,0,8388608
4194304,0,8388608
4194304,32,8388608
4194304,0,8388608
4194304,0,8388608
6291456,32,8388608
6291456,0,8388608
6291456,0,8388608
6291456,0,8388608
6291456,0,8388608
6291456,0,8388608
6291456,0,8388608
6291456,0,8388608
6291456,0,8388608
6291456,0,8388608
6291456,0,8388608
6291456,32,8388608
6291456,32,8388608
6308352,0,8388608
6307840,0,8388608
6307840,32,8388608
6307840,32,8388608
6307840,0,8388608
6291456,0,8388608
6291456,0,8388608
6291456,0,8388608
6291456,32,8388608
6291456,0,8388608
6291456,0,8388608
6291456,0,8388608
6291456,0,8388608
6291456,32,8388616
6291456,32,8388608
6291456,32,8388608
6291456,0,8388608
6291456,0,8388608
6291456,0,8388608
6291456,0,8388608
6291456,0,8388608
6291456,0,8388608
6291456,0,8388608
6291456,0,8388608
6291456,0,8388608
6291456,0,8388608
6291456,0,8388608
6307840,0,8388608
6307840,0,8388608
6307840,0,8388608
6307840,0,8388608
6307840,0,8388608
6291456,32,8388608
6291456,0,8388608
6291456,0,8388608
6291456,0,8388608
6291456,32,8388608
6291456,32,8388608
6291456,0,8388608
6291456,32,8388608
6356992,0,8388608
6356992,0,8388608
6356992,0,8388608
6356992,0,8388608
6356992,0,8388608
6356992,0,8388608
6356992,0,8388608
6356992,0,8388608
6356992,0,8388608
6356992,0,8388608
6356992,0,8388608
6356992,0,8388608
6356992,0,8388608
6373376,0,8388608
6373376,0,8388608
6373376,32,8388608
6373376,32,8388608
6373376,32,8388608
6373376,0,8388608
6291456,0,8388608
6291456,0,8388608
6291456,0,8388608
6291456,0,8388608
6291456,0,8388616
6291456,0,8388616
6291456,0,8388616
6291456,0,8388616
6291456,0,8388608
6291456,0,8388608
6291456,0,8388608
6291456,0,8388608
6291456,0,8388608
6291464,0,8388608
6291456,0,8388608
6291456,0,8388608
6291456,32,8388608
6291456,32,8388616
6291456,32,8388616
6291456,0,8388616
6307840,0,8388616
6307840,0,8388616
6307840,32,8388608
6307840,0,8388608
6307840,0,8388608
6291456,0,8388608
6291456,0,8388608
6291456,0,8388608
6291456,0,8388608
6291456,0,8388608
6291456,0,8388608
6291456,0,8388616
6291456,0,8388616
6422528,0,8388616
6422528,32,8388616
6422528,32,8388608
6422528,0,8388608
6422528,32,8388608
6422528,0,8388608
6422528,0,8388608
6422528,0,8388608
6422528,0,8388608
6422528,0,8388608
6422528,0,8388608
6422528,0,8388608
6422528,32,8388608
6422528,0,8388608
6438912,0,8388608
6438912,0,8388608
6438912,0,8388608
6438912,32,8388608
6438912,0,8388608
6422528,32,8388608
6422528,32,8388608
6422528,0,8388608
6422544,32,8388608
6422528,0,8388608
6422528,0,8388608
6422528,32,8388608
6422528,0,8388608
6422528,0,8388608
6422528,0,8388608
6422528,32,8388608
6422528,0,8388608
6422528,0,8388608
6422528,32,8388608
6422528,0,8388608
6422528,0,8388608
6422528,0,8388608
6422528,0,8388608
6422528,0,8388608
6422528,0,8388608
6422528,32,8388608
6438912,0,8388608
6438912,0,8388608
6438912,32,8388608
6438912,32,8388608
6438912,0,8388608
6438912,0,8388608
6422528,0,8388608
6422528,0,8388608
6422528,0,8388608
6422528,0,8388608
6422528,0,8388608
6422528,0,8388608
6422528,0,8388608
6488064,0,8388608
6488064,0,8388608
6488064,0,8388608
6488064,0,8388608
6488064,32,8388608
6488064,0,8388608
6488064,0,8388608
6488064,0,8388608
6488064,0,8388608
6488064,32,8388608
6488064,32,8388608
6488064,0,8388608
6488064,0,8388608
6488064,0,8388608
6504448,0,8388608
6504448,0,8388608
6504448,0,8388616
6504448,0,8388616
6504448,0,8388616
6504448,0,8388616
6291456,32,8388616
6291456,32,8388616
6291456,32,8388616
6291456,0,8388616
6291456,0,8388616
6291456,0,8388616
6291456,0,8388616
6291456,0,8388616
6291456,32,8388616
6291456,0,8388608
6291456,32,8388608
6291456,0,8388608
6291458,0,8388608
6291456,0,8388608
6291456,32,8388608
6291456,0,8388608
6291456,0,8388608
6291456,0,8388608
6291456,0,8388608
6291456,0,8388608
6291456,0,8388608
6307840,0,8388608
6307840,0,8388608
6307840,0,8388608
6307840,0,8388608
6307840,0,8388608
6291456,0,8388608
6291456,0,8388608
6291456,0,8388608
6291456,0,8388608
6291456,0,8388608
6291456,0,8388608
6291456,32,8388608
6553600,0,8388608
6553600,0,8388608
6553600,0,8388616
6553600,0,8388616
6553600,0,8388616
6553600,0,8388616
6553600,32,8388616
6553600,32,8388616
6553600,0,8388616
6553600,0,8388616
6553600,0,8388616
6553600,0,8388608
6553600,0,8388608
6569984,0,8388608
6569984,0,8388608
6569984,32,8388608
6569984,0,8388608
6569984,0,8388608
6569984,0,8388608
6569984,0,8388608
6553600,32,8388608
6553600,0,8388608
6553600,0,8388608
6553600,32,8388608
6553600,0,8388608
6553600,0,8388608
6553600,0,8388608
6553600,0,8388608
6553600,32,8388608
6553600,0,8388608
6553600,0,8388608
6553600,0,8388608
6553600,32,8388608
6553600,0,8388608
6553600,0,8388608
6553600,0,8388608
6553600,0,8388608
6553600,0,8388608
6553600,32,8388608
6553600,32,8388608
6569984,0,8388608
6569984,0,8388608
6569984,32,8388608
6569984,0,8388608
6569984,0,8388608
6569984,0,8388608
6553600,0,8388608
6553600,32,8388608
6553600,32,8388608
6553600,0,8388608
6553600,0,8388608
6553600,0,8388608
6553600,32,8388608
6553600,0,8388608
6619136,32,8388608
6619136,0,8388608
6619136,0,8388608
6619136,0,8388608
6619136,32,8388608
6619136,32,8388608
6619136,32,8388608
6619136,32,8388608
6619136,32,8388608
6619136,0,8388608
6619136,32,8388608
6619136,32,8388608
6635520,0,8388608
6635520,0,8388608
6635520,0,8388608
6635524,0,8388608
6635520,0,8388608
6635520,0,8388608
6553600,0,8388608
6553600,0,8388608
6553600,0,8388608
6553600,0,8388608
6553600,0,8388608
6553601,32,8388608
6553600,0,8388608
6553600,0,8388608
6553600,32,8388608
6553600,0,8388608
6553600,32,8388616
6553600,32,8388616
6553600,0,8388616
6553600,0,8388616
6553600,0,8388616
6553600,0,8388616
6553600,0,8388616
6553600,0,8388616
6553600,32,8388616
6553600,32,8388608
6553600,32,8388608
6569984,0,8388608
6569984,0,8388608
6569984,0,8388608
6569984,0,8388608
6569984,32,8388608
6569984,0,8388608
6553600,32,8388608
6553600,0,8388616
6553600,32,8388616
6553600,0,8388616
6553600,0,8388616
6553600,0,8388616
6553600,0,8388616
6684672,32,8388608
6684672,0,8388608
6684672,0,8388608
6684672,0,8388608
6684672,0,8388608
6684672,0,8388608
6684672,0,8388608
6684672,0,8388608
6684672,0,8388608
6684672,0,8388616
6684672,0,8388616
6684672,0,8388616
6684672,0,8388608
6684672,0,8388608
6701056,32,8388608
6701056,0,8388608
6701056,0,8388608
6701056,32,8388608
6701056,32,8388608
6684672,0,8388608
6684672,0,8388608
6684672,0,8388608
6684672,0,8388608
6684672,0,8388608
6684672,0,8388608
6684672,0,8388608
6684672,32,8388608
6684672,0,8388608
6684672,0,8388608
6684672,0,8388608
6684672,0,8388608
6684672,32,8388608
6684672,32,8388608
6684672,0,8388608
6684672,0,8388608
6684672,0,8388608
6684672,32,8388608
6684672,0,8388608
6684672,0,8388608
6684672,0,8388608
6701056,0,8388608
6701056,32,8388608
6701056,0,8388608
6701056,0,8388608
6701056,0,8388608
6701056,0,8388608
6684672,0,8388608
6684672,0,8388608
6684672,0,8388608
6684672,0,8388608
6684672,32,8388608
6684672,32,8388608
6684672,0,8388608
6750208,0,8388608
6750208,0,8388608
6750208,0,8388608
6750208,0,8388608
6750208,0,8388608
6750208,0,8388608
6750208,0,8388608
6750208,32,8388608
6750208,32,8388608
6750208,0,8388608
6750208,0,8388608
6750208,0,8388608
6750208,0,8388608
6750208,0,8388608
6766592,0,8388608
6766592,0,8388608
6766592,0,8388608
6766592,0,8388608
6766592,0,8388608
6291456,0,8388608
6291456,0,8388608
6291456,0,8388608
6291456,0,8388608
6291456,0,8388608
6291456,0,8388608
6291456,0,8388616
6291456,0,8388616
6291456,32,8388616
6291456,0,8388616
6291456,0,8388608
6291456,32,8388608
6291456,0,8388608
6291456,0,8388608
6291456,0,8388608
6291456,0,8388608
6291456,0,8388608
6291456,0,8388608
6291456,32,8388608
6291456,0,8388608
6291456,0,8388608
6307840,32,8388608
6307840,0,8388608
6307840,0,8388608
6307840,0,8388608
6307840,0,8388608
6291456,32,8388608
6291456,32,8388608
6291456,32,8388608
6291456,0,8388608
6291456,32,8388608
6291456,32,8388608
6291456,32,8388608
6291456,32,8388608
6815744,0,8388608
6815744,0,8388608
6815744,0,8388608
6815744,0,8388608
6815744,32,8388608
6815744,32,8388608
6815744,32,8388608
6815744,0,8388608
6815744,0,8388608
6815744,32,8388608
6815744,0,8388608
6815744,0,8388608
6815744,0,8388608
6832128,0,8388608
6832128,0,8388608
6832128,32,8388608
6832128,0,8388608
6832128,32,8388608
6832128,0,8388608
6815744,0,8388608
6815744,0,8388608
6815744,0,8388608
6815744,0,8388608
6815744,0,8388608
6815744,0,8388608
6815744,0,8388608
6815744,0,8388608
6815744,0,8388608
6815744,0,8388608
6815744,32,8388608
6815744,32,8388608
6815744,0,8388608
6815744,0,8388608
6815744,32,8388608
6815744,0,8388608
6815744,32,8388608
6815744,32,8388608
6815744,0,8388608
6815744,0,8388608
6832128,32,8388608
6832128,0,8388608
6832128,0,8388608
6832128,0,8388608
6832128,0,8388608
6832128,0,8388608
6815744,0,8388608
6815744,0,8388608
6815744,0,8388608
6815744,0,8388608
6815744,32,8388616
6815744,32,8388616
6815744,0,8388616
6848512,0,8388616
6881280,32,8388616
6881280,0,8388616
6881280,0,8388616
6881280,32,8388616
6881280,0,8388616
6881280,0,8388608
6881280,0,8388608
6881280,0,8388608
6881280,0,8388608
6881280,32,8388608
6881280,32,8388608
6881280,0,8388608
6881280,0,8388608
6897664,0,8388608
6897664,0,8388608
6897664,0,8388608
6897664,0,8388608
6897664,0,8388608
6897664,0,8388608
6815744,0,8388608
6815744,0,8388608
6815744,0,8388608
6815744,0,8388608
6815744,32,8388608
6815744,0,8388608
6815744,32,8388608
6815744,0,8388608
6815744,32,8388608
6815744,0,8388608
6815744,32,8388608
6815744,0,8388608
6815744,32,8388608
6815744,0,8388608
6815744,0,8388608
6815744,0,8388608
6815744,0,8388608
6815744,0,8388608
6815744,0,8388608
6815744,0,8388608
6815744,0,8388608
6832128,0,8388608
6832128,0,8388608
6832128,0,8388608
6832128,32,8388608
6832128,0,8388608
6832128,0,8388608
6815744,0,8388608
6815744,0,8388608
6815744,0,8388608
6815744,0,8388608
6815744,0,8388608
6815744,0,8388608
6848512,0,8388608
6946816,0,8388608
6946816,32,8388608
6946816,0,8388608
6946816,0,8388608
6946816,0,8388608
6946816,0,8388608
6946816,0,8388608
6946816,0,8388608
6946816,32,8388608
6946816,0,8388608
6946816,0,8388608
6946816,0,8388608
6946816,0,8388608
6963200,0,8388608
6963200,0,8388608
6963200,0,8388608
6963200,0,8388608
6963200,0,8388608
6946816,32,8388608
6946816,32,8388608
6946816,0,8388608
6946816,0,8388608
6946816,0,8388608
6946816,32,8388608
6946816,0,8388608
6946816,32,8388608
6946816,0,8388608
6946816,0,8388608
6946816,0,8388608
6946816,0,8388608
6946816,0,8388608
6946816,0,8388608
6946816,32,8388608
6946816,32,8388608
6946816,0,8388608
6946816,32,8388608
6946816,0,8388608
6946816,0,8388608
6946816,0,8388608
6946816,0,8388608
6963200,0,8388608
6963200,0,8388608
6963200,0,8388608
6963200,0,8388608
6963200,0,8388608
6946816,0,8388616
6946816,0,8388616
6946816,0,8388616
6946816,0,8388616
6946816,0,8388616
6946816,0,8388616
6946816,0,8388616
6946816,0,8388616
7012352,0,8388616
7012352,0,8388608
7012352,32,8388608
7012352,0,8388608
7012352,0,8388608
7012352,0,8388608
7012352,0,8388608
7012352,0,8388608
7012352,0,8388608
7012352,0,8388608
7012352,0,8388608
7012352,0,8388608
7012352,32,8388608
7028736,0,8388608
7028736,0,8388608
7028736,0,8388608
7028736,0,8388608
7028736,0,8388608
6815744,0,8388608
6815744,0,8388608
6815744,0,8388608
6815744,0,8388608
6815744,0,8388608
6815744,32,8388608
6815744,0,8388608
6815744,32,8388608
6815744,0,8388608
6815744,32,8388608
6815744,0,8388608
6815744,0,8388608
6815744,32,8388608
6815744,0,8388608
6815744,32,8388608
6815744,0,8388608
6815744,32,8388608
6815744,0,8388608
6815744,0,8388608
6815744,0,8388608
6815744,0,8388608
6815744,32,8388608
6832128,0,8388608
6832128,0,8388608
6832128,0,8388608
6832128,0,8388608
6832128,32,8388608
6815744,0,8388608
6815744,0,8388608
6815744,0,8388608
6815744,32,8388608
6815744,0,8388608
6815744,32,8388608
6815744,32,8388608
6815744,0,8388608
7077888,32,8388608
7077888,0,8388608
7077888,0,8388608
7077888,0,8388608
7077888,0,8388608
7077888,0,8388608
7077888,0,8388608
7077888,0,8388608
7077888,32,8388608
7077888,0,8388608
7077888,0,8388608
7077888,32,8388608
7077888,0,8388608
7077888,0,8388608
7094272,0,8388608
7094272,0,8388608
7094272,0,8388608
7094272,0,8388608
7094272,0,8388608
7077888,0,8388608
7077888,0,8388608
7077888,0,8388608
7077888,32,8388608
7077888,0,8388608
7077888,0,8388608
7077888,0,8388608
7077888,0,8388608
7077888,0,8388608
7077888,0,8388608
7077888,0,8388608
7077888,0,8388608
7077888,0,8388608
7077888,32,8388608
7077888,0,8388608
7077888,32,8388608
7077888,0,8388608
7077888,0,8388608
7077888,0,8388608
7077888,0,8388608
7077888,0,8388608
7094272,32,8388608
7094272,0,8388608
7094272,0,8388608
7094272,32,8388608
7094272,32,8388608
7094272,0,8388608
7077888,0,8388608
7077888,32,8388608
7077888,0,8388608
7077888,32,8388608
7077888,32,8388608
7077888,32,8388608
7110656,32,8388608
7143424,32,8388608
7143424,0,8388608
7143424,32,8388608
7143424,0,8388608
7143424,0,8388608
7143424,0,8388608
7143424,0,8388608
7143424,0,8388608
7143424,0,8388608
7143424,0,8388608
7143424,0,8388608
7143424,0,8388608
7143424,0,8388608
7159808,0,8388608
7159808,32,8388608
7159808,32,8388608
7159808,32,8388608
7159808,0,8388608
7159808,32,8388608
7077888,32,8388608
7077888,0,8388608
7077888,32,8388608
7077888,0,8388608
7077888,32,8388608
7077888,32,8388608
7077888,0,8388608
7077888,0,8388608
7077888,0,8388608
7077888,0,8388616
7077888,0,8388616
7077952,0,8388616
7077888,0,8388616
7077952,0,8388608
7077888,0,8388608
7077888,0,8388608
7077888,0,8388608
7077888,32,8388608
7077888,0,8388608
7077888,32,8388608
7077888,0,8388608
7094272,0,8388608
7094336,0,8388616
7094272,0,8388616
7094272,32,8388616
7094272,0,8388616
7094272,32,8388616
7077888,0,8388616
7077888,0,8388616
7077888,0,8388616
7077888,0,8388616
7077888,0,8388608
7077888,0,8388608
7077888,0,8388608
7208960,0,8388608
7208960,32,8388608
7208960,0,8388608
7208960,0,8388608
7208960,32,8388608
7208960,0,8388608
7208960,0,8388608
7208960,0,8388608
7208960,32,8388608
7208960,32,8388608
7208960,32,8388608
7208960,32,8388608
7208960,0,8388608
7225344,0,8388608
7225344,32,8388608
7225344,0,8388616
7225344,0,8388616
7225344,32,8388616
7225344,0,8388616
7225344,0,8388616
7208960,32,8388616
7208960,32,8388616
7208960,0,8388616
7208960,0,8388616
7208960,2,8388616
7208960,0,8388616
7208960,32,8388616
7208960,0,8388616
7208960,0,8388616
7208960,32,8388616
7208960,32,8388616
7208960,0,8388616
7208960,0,8388616
7208960,0,8388608
7208960,32,8388608
7208960,0,8388608
7208960,0,8388608
7208960,0,8388608
7208960,0,8388608
7208960,0,8388608
7225344,32,8388608
7225344,0,8388616
7225344,32,8388616
7225344,0,8388616
7225344,32,8388616
7225344,0,8388616
7208960,32,8388616
7208960,32,8388616
7208960,32,8388616
7208960,0,8388616
7208960,32,8388616
7208960,32,8388616
7208960,0,8388616
7274496,0,8388616
7274496,0,8388616
7274560,0,8388616
7274496,0,8388616
7274496,32,8388616
7274496,32,8388616
7274496,0,8388608
7274496,32,8388608
7274496,0,8388608
7274496,0,8388608
7274496,0,8388608
7274496,32,8388608
7274496,0,8388608
7274496,0,8388608
7290880,32,8388608
7290880,0,8388608
7290880,0,8388608
7290880,0,8388608
7290880,0,8388608
7290880,0,8388608
6291488,32,8388608
6291456,0,8388608
6291456,32,8388608
6291456,0,8388608
6291456,0,8388608
6291456,0,8388608
6291456,0,8388608
6291456,0,8388608
6291456,32,8388608
6291456,0,8388608
6291456,0,8388608
6291456,0,8388608
6291456,0,8388608
6291456,0,8388616
6291456,0,8388616
6291456,0,8388616
6291456,0,8388616
6291456,0,8388616
6291456,0,8388616
6291456,1,8388616
6291456,0,8388616
6307840,0,8388616
6307840,0,8388616
6307840,0,8388616
6307840,32,8388616
6307840,0,8388616
6307840,0,8388616
6291456,0,8388616
6291456,0,8388616
6291456,0,8388616
6291456,0,8388616
6291456,32,8388616
7340032,0,8388616
7340032,0,8388616
7340032,0,8388616
7340032,0,8388616
7340032,0,8388616
7340032,0,8388616
7340032,0,8388616
7340032,0,8388608
7340032,0,8388608
7340032,0,8388608
7340032,32,8388608
7340032,0,8388608
7340032,0,8388608
7340032,0,8388608
7340032,0,8388608
7356416,32,8388608
7356416,0,8388616
7356416,32,8388616
7356416,32,8388616
7356424,0,8388616
7340032,0,8388616
7340032,32,8388616
7340032,0,8388616
7340032,32,8388616
7340032,0,8388616
7340032,32,8388616
7340032,0,8388616
7340032,0,8388616
7340032,32,8388616
7340032,0,8388616
7340032,0,8388616
7340032,32,8388616
7340032,32,8388616
7340032,32,8388616
7340032,32,8388616
7340032,32,8388616
7340032,32,8388616
7340032,32,8388616
7340032,0,8388616
7340032,32,8388616
7340032,0,8388616
7340032,0,8388616
7356416,0,8388616
7356416,0,8388608
7356416,0,8388608
7356416,32,8388608
7356416,0,8388608
7340032,0,8388608
7340032,0,8388608
7340032,0,8388608
7340032,32,8388608
7340032,0,8388608
7340032,0,8388616
7340032,0,8388616
7405568,0,8388616
7405568,0,8388616
7405568,32,8388616
7405568,32,8388616
7405568,0,8388616
7405568,0,8388616
7405568,32,8388608
7405568,32,8388608
7405568,0,8388608
7405568,0,8388608
7405568,32,8388608
7405568,32,8388608
7405568,0,8388608
7421952,0,8388608
7421952,0,8388608
7421952,0,8388608
7421952,0,8388608
7421952,0,8388608
7421952,0,8388608
7340032,0,8388608
7340032,0,8388608
7340032,0,8388608
7340032,0,8388608
7340032,32,8388608
7340032,32,8388608
7340032,32,8388608
7340032,0,8388608
7340032,32,8388608
7340032,0,8388608
7340032,32,8388608
7340032,0,8388608
7340032,32,8388608
7340032,32,8388608
7340032,0,8388608
7340032,0,8388616
7340032,32,8388616
7340032,32,8388616
7340032,32,8388616
7340032,0,8388616
7340032,32,8388616
7356416,32,8388616
7356416,32,8388616
7356416,0,8388616
7356416,0,8388616
7356416,32,8388616
7356416,32,8388616
7340032,32,8388616
7340032,0,8388616
7340032,0,8388616
7340032,0,8388616
7340032,0,8388616
7340032,0,8388616
7340032,0,8388616
7471104,0,8388616
7471104,0,8388616
7471104,0,8388616
7471104,0,8388616
7471104,0,8388616
7471104,0,8388616
7471104,0,8388616
7471104,0,8388616
7471104,32,8388616
7471104,32,8388616
7471104,0,8388616
7471104,0,8388616
7471104,0,8388616
7471104,0,8388616
7487488,32,8388616
7487488,32,8388616
7487488,0,8388608
7487488,0,8388608
7487488,0,8388608
7471104,0,8388608
7471104,0,8388608
7471104,0,8388608
7471104,0,8388608
7471104,0,8388608
7471104,0,8388608
7471104,0,8388608
7471104,0,8388608
7471104,0,8388608
7471104,0,8388608
7471104,0,8388608
7471104,32,8388608
7471104,32,8388608
7471104,0,8388608
7471104,0,8388608
7471104,32,8388616
7471104,0,8388616
7471104,0,8388616
7471104,0,8388616
7471104,0,8388616
7471104,32,8388616
7487490,0,8388616
7487488,32,8388616
7487488,32,8388616
7487488,32,8388616
7487488,0,8388616
7487488,32,8388616
7471104,0,8388616
7471104,0,8388616
7471104,32,8388616
7471104,32,8388616
7471104,0,8388616
7471104,0,8388616
7471136,32,8388608
7536640,0,8388608
7536640,0,8388608
7536640,0,8388608
7536640,32,8388608
7536640,0,8388608
7536640,0,8388608
7536640,0,8388608
7536640,32,8388608
7536640,32,8388608
7536640,0,8388608
7536640,0,8388608
7536640,0,8388608
7536640,32,8388608
7536640,0,8388608
7553024,32,8388608
7553024,0,8388608
7553024,0,8388608
7553024,0,8388616
7553024,0,8388616
7340032,0,8388616
7340032,32,8388616
7340032,32,8388616
7340032,0,8388616
7340032,0,8388616
7340032,0,8388616
7340032,32,8388616
7340032,0,8388608
7340032,0,8388608
7340032,0,8388608
7340032,0,8388608
7340032,32,8388608
7340032,0,8388608
7340032,32,8388608
7340032,0,8388608
7340032,32,8388616
7340032,0,8388616
7340032,32,8388616
7340032,0,8388616
7340032,32,8388616
7340032,0,8388616
7356416,32,8388616
7356416,0,8388616
7356416,0,8388616
7356416,0,8388608
7356416,0,8388608
7340032,0,8388608
7340032,0,8388608
7340032,32,8388608
7340032,0,8388608
7340032,32,8388608
7340032,0,8388608
7340032,32,8388608
7340032,0,8388608
7602176,0,8388608
7602176,32,8388608
7602176,0,8388608
7602176,0,8388608
7602176,0,8388608
7602176,0,8388608
7602176,0,8388608
7602176,0,8388608
7602176,32,8388616
7602176,32,8388616
7602176,0,8388616
7602176,0,8388616
7602176,0,8388616
7602176,32,8388616
7618560,1,8388616
7618560,0,8388616
7618560,0,8388616
7618560,32,8388616
7618560,0,8388616
7602176,0,8388616
7602176,32,8388616
7602176,32,8388616
7602176,32,8388616
7602176,0,8388616
7602176,0,8388616
7602176,32,8388616
7602176,0,8388608
7602176,32,8388608
7602176,0,8388608
7602176,32,8388608
7602176,0,8388608
7602176,0,8388608
7602176,0,8388608
7602176,0,8388608
7602176,0,8388608
7602176,0,8388608
7602176,0,8388608
7602176,0,8388608
7602176,0,8388608
7602176,0,8388608
7618560,0,8388608
7618560,0,8388608
7618560,0,8388608
7618560,32,8388616
7618560,32,8388616
7602176,0,8388616
7602176,0,8388616
7602176,0,8388616
7602176,0,8388616
7602176,0,8388616
7602176,0,8388616
7602176,0,8388616
7602176,32,8388608
7667712,0,8388608
7667712,0,8388608
7667712,0,8388608
7667712,32,8388608
7667712,0,8388608
7667712,0,8388608
7667712,32,8388608
7667712,0,8388608
7667712,32,8388608
7667712,32,8388608
7667712,0,8388608
7667712,0,8388608
7667712,0,8388608
7667712,0,8388608
7684096,32,8388608
7684096,0,8388608
7684096,32,8388608
7684096,32,8388608
7684096,2,8388608
7602176,0,8388608
7602176,32,8388608
7602176,0,8388608
7602176,0,8388608
7602176,0,8388608
7602176,0,8388608
7602176,0,8388608
7602176,0,8388616
7602176,0,8388616
7602176,0,8388616
7602176,32,8388616
7602176,32,8388616
7602176,32,8388616
7602176,0,8388616
7602176,0,8388616
7602176,0,8388616
7602176,32,8388608
7602176,0,8388608
7602176,32,8388608
7602176,0,8388608
7602176,32,8388608
7602176,32,8388608
7618560,0,8388608
7618560,0,8388608
7618560,0,8388608
7618560,0,8388608
7618560,0,8388608
7602176,0,8388608
7602176,0,8388608
7602176,0,8388608
7602176,0,8388608
7602176,0,8388608
7602176,0,8388608
7602176,0,8388608
7634944,0,8388608
7733248,0,8388608
7733248,32,8388608
7733248,0,8388608
7733248,0,8388608
7733248,0,8388608
7733248,0,8388608
7733248,0,8388608
7733248,32,8388608
7733248,32,8388608
7733248,32,8388608
7733248,32,8388608
7733248,0,8388608
7733248,0,8388608
7733248,32,8388608
7749632,0,8388608
7749632,0,8388608
7749632,32,8388616
7733248,32,8388616
7733248,0,8388616
7733248,0,8388616
7733248,0,8388616
7733248,0,8388616
7733248,0,8388616
7733248,0,8388616
7733248,0,8388616
7733248,32,8388616
7733248,32,8388616
7733248,0,8388616
7733248,0,8388616
7733248,32,8388616
7733248,0,8388616
7733248,0,8388616
7733248,0,8388616
7733248,0,8388616
7733248,0,8388616
7733248,32,8388616
7733248,0,8388616
7733248,0,8388616
7733248,32,8388616
7733248,0,8388616
7749632,0,8388616
7749632,32,8388616
7749632,0,8388616
7749632,0,8388616
7733248,0,8388616
7733248,0,8388616
7733248,32,8388616
7733248,0,8388616
7733248,32,8388616
7733248,0,8388616
7733248,32,8388616
7733248,0,8388616
7766016,0,8388608
7766016,32,8388608
7798784,32,8388608
7798784,32,8388608
7798784,0,8388608
7798784,32,8388608
7798784,32,8388608
7798784,32,8388608
7798784,0,8388608
7798784,32,8388608
7798784,0,8388608
7798784,0,8388608
7798784,0,8388608
7798784,0,8388608
7798784,0,8388608
7815168,0,8388608
7815168,0,8388608
7815168,0,8388608
7815168,0,8388608
7340032,0,8388608
7340032,0,8388608
7340032,32,8388608
7340032,0,8388608
7340032,32,8388608
7340032,32,8388608
7340032,0,8388608
7340032,32,8388608
7340032,0,8388608
7340032,0,8388608
7340032,0,8388608
7340032,0,8388608
7340032,0,8388608
7340032,0,8388608
7340032,0,8388608
7340032,0,8388608
7340032,0,8388608
7340032,0,8388608
7340032,0,8388608
7340032,0,8388608
7340032,0,8388608
7340032,0,8388608
7340032,32,8388608
7356416,32,8388608
7356416,0,8388608
7356416,32,8388616
7356416,32,8388616
7340032,0,8388616
7340032,0,8388616
7340032,0,8388616
7340032,0,8388616
7340032,32,8388616
7340032,0,8388616
7340032,32,8388616
7372800,32,8388616
7372800,32,8388616
7372800,0,8388616
7864320,0,8388616
7864320,0,8388616
7864320,0,8388616
7864320,32,8388616
7864320,34,8388616
7864320,0,8388616
7864320,32,8388608
7864320,32,8388608
7864320,32,8388608
7864320,0,8388608
7864320,0,8388608
7864320,0,8388608
7864320,32,8388608
7880704,0,8388608
7880704,0,8388608
7880704,0,8388616
7864320,0,8388616
7864320,0,8388616
7864320,0,8388616
7864320,0,8388616
7864320,0,8388616
7864320,0,8388616
7864320,0,8388616
7864320,32,8388616
7864320,32,8388616
7864320,0,8388616
7864320,0,8388616
7864320,0,8388616
7864320,0,8388616
7864320,0,8388616
7864320,32,8388616
7864320,32,8388616
7864320,32,8388608
7864320,32,8388608
7864320,0,8388608
7864320,0,8388608
7864320,0,8388608
7864320,0,8388608
7864320,0,8388608
7864320,0,8388608
7880704,32,8388608
7880704,32,8388608
7864320,0,8388608
7864320,0,8388608
7864320,0,8388608
7864320,0,8388608
7864320,0,8388608
7864320,32,8388608
7864320,0,8388608
7864320,0,8388608
7897088,32,8388608
7897088,32,8388608
7897088,32,8388608
7929856,0,8388608
7929856,32,8388608
7929856,0,8388608
7929856,0,8388608
7929856,32,8388608
7929856,32,8388608
7929856,32,8388616
7929856,32,8388616
7929856,0,8388616
7929856,0,8388616
7929856,32,8388616
7929856,0,8388616
7929856,0,8388616
7929856,32,8388616
7946240,0,8388616
7946240,32,8388608
7864320,0,8388608
7864320,0,8388608
7864320,0,8388608
7864320,32,8388608
7864320,0,8388608
7864320,0,8388608
7864320,32,8388608
7864320,32,8388608
7864320,0,8388608
7864320,32,8388608
7864320,0,8388608
7864320,0,8388608
7864320,0,8388608
7864320,0,8388608
7864320,0,8388608
7864320,0,8388608
7864320,0,8388608
7864320,0,8388616
7864320,0,8388616
7864320,0,8388616
7864320,0,8388616
7864320,0,8388616
7864320,0,8388616
7864320,0,8388616
7864320,0,8388616
7880704,0,8388616
7864320,32,8388616
7864320,0,8388616
7864320,0,8388616
7864320,0,8388616
7864320,0,8388616
7864320,32,8388616
7864320,0,8388616
7897088,0,8388616
7897088,32,8388616
7897088,32,8388616
7897088,0,8388616
7897088,0,8388616
7995392,0,8388616
7995392,0,8388616
7995392,0,8388616
7995392,1,8388616
7995392,0,8388616
7995392,0,8388616
7995392,0,8388608
7995392,0,8388608
7995392,0,8388608
7995392,0,8388608
7995392,32,8388608
7995392,0,8388608
7995392,0,8388608
7995392,32,8388608
8011776,32,8388608
7995392,32,8388608
7995392,32,8388608
7995392,0,8388608
7995392,0,8388608
7995392,0,8388608
7995392,0,8388608
7995392,0,8388608
7995392,0,8388608
7995392,0,8388608
7995392,32,8388608
7995392,0,8388608
7995392,0,8388608
7995392,32,8388608
7995392,32,8388608
7995392,0,8388608
7995392,0,8388608
7995392,0,8388608
7995392,0,8388608
7995392,0,8388608
7995392,32,8388608
7995392,0,8388608
7995392,0,8388608
7995392,0,8388608
7995392,0,8388608
7995392,0,8388608
7995392,0,8388608
7995392,0,8388616
7995392,2,8388616
7995392,0,8388616
7995392,0,8388616
7995392,0,8388616
7995392,0,8388616
7995392,0,8388616
8028160,32,8388616
8028160,0,8388616
8028160,0,8388616
8028160,0,8388616
8028160,0,8388616
8028160,32,8388616
8060928,0,8388616
8060928,0,8388616
8060928,32,8388616
8060928,0,8388616
8060928,32,8388616
8060928,0,8388608
8060928,0,8388608
8060928,0,8388608
8060928,0,8388608
8060928,32,8388608
8060928,32,8388608
8060928,32,8388608
8060928,0,8388608
8077312,32,8388608
7864320,32,8388616
7864320,0,8388616
7864320,32,8388616
7864320,0,8388616
7864320,0,8388616
7864320,0,8388616
7864320,32,8388616
7864320,32,8388616
7864320,0,8388616
7864320,0,8388608
7864320,0,8388608
7864320,0,8388608
7864320,0,8388608
7864320,0,8388608
7864320,32,8388608
7864320,0,8388608
7864320,0,8388608
7864320,0,8388608
7864320,0,8388616
7864320,32,8388616
7864320,32,8388616
7864320,0,8388616
7864320,32,8388616
7864320,32,8388616
7864320,0,8388616
7864320,0,8388616
7864320,0,8388616
7864320,0,8388608
7864320,0,8388608
7864320,32,8388608
7864320,32,8388608
7864320,0,8388608
7864336,0,8388608
7864336,0,8388608
7897088,0,8388608
7897088,0,8388616
7897088,0,8388616
7897088,32,8388616
7897088,0,8388616
7897088,32,8388616
8126464,0,8388616
8126464,0,8388616
8126464,32,8388616
8126480,0,8388616
8126464,32,8388616
8126464,0,8388616
8126464,0,8388616
8126464,0,8388616
8126464,0,8388616
8126464,32,8388616
8126464,0,8388616
8126464,0,8388616
8126464,0,8388616
8126464,0,8388608
8126464,32,8388608
8126464,32,8388608
8126464,0,8388608
8126464,32,8388608
8126464,0,8388608
8126464,0,8388608
8126464,0,8388608
8126464,0,8388608
8126464,32,8388616
8126464,32,8388616
8126464,32,8388616
8126464,32,8388616
8126464,32,8388616
8126464,0,8388616
8126464,0,8388616
8126464,0,8388616
8126464,0,8388616
8126464,0,8388608
8126464,0,8388608
8126464,0,8388608
8126464,0,8388608
8126464,0,8388608
8126464,32,8388608
8126464,32,8388608
8126464,32,8388608
8126464,32,8388608
8126464,32,8388616
8126464,0,8388616
8126464,32,8388616
8126464,0,8388616
8126464,32,8388616
8126464,0,8388616
8159232,32,8388616
8159232,0,8388616
8159232,0,8388616
8159232,0,8388608
8159232,0,8388608
8159232,0,8388608
8159232,0,8388608
8159232,0,8388608
8192000,32,8388608
8192000,0,8388608
8192000,0,8388608
8192000,0,8388608
8192000,32,8388608
8192000,0,8388608
8192000,0,8388608
8192000,32,8388608
8192000,0,8388608
8192000,0,8388608
8192000,0,8388608
8126464,0,8388608
8126464,0,8388608
8126464,0,8388608
8126464,0,8388608
8126464,0,8388608
8126464,0,8388608
8126464,0,8388608
8126464,0,8388608
8126464,0,8388608
8126464,0,8388608
8126464,0,8388608
8126464,0,8388608
8126464,0,8388608
8126464,0,8388608
8126464,0,8388608
8126464,0,8388608
8126464,0,8388608
8126464,0,8388608
8126464,0,8388608
8126464,0,8388608
8126464,32,8388608
8126464,32,8388608
8126464,0,8388608
8126464,0,8388608
8126464,0,8388608
8126464,32,8388608
8126464,0,8388608
8126464,0,8388608
8126464,32,8388608
8126464,32,8388608
8126464,0,8388608
8126464,0,8388608
8126464,32,8388608
8126464,0,8388608
8126464,32,8388608
8159232,32,8388608
8159232,0,8388608
8159232,32,8388608
8159232,0,8388608
8159232,0,8388608
8159232,0,8388608
8159232,0,8388608
8257536,32,8388608
8257536,0,8388608
8257536,0,8388608
8257536,32,8388608
8257536,32,8388608
8257536,32,8388608
8257536,0,8388608
8257536,32,8388608
8257536,0,8388608
8257536,0,8388608
8257536,32,8388608
8257536,0,8388608
8257536,32,8388608
8257536,0,8388608
8257536,0,8388608
8257536,32,8388608
8257536,0,8388608
8257536,0,8388608
8257536,0,8388608
8257536,0,8388608
8257536,0,8388608
8257536,0,8388608
8257536,0,8388608
8257536,32,8388608
8257536,32,8388608
8257536,0,8388608
8257536,0,8388608
8257536,0,8388608
8257536,0,8388608
8257536,0,8388608
8257536,32,8388608
8257536,0,8388608
8257536,0,8388608
8257536,0,8388608
8257536,0,8388608
8257536,0,8388608
8257536,0,8388608
8257536,0,8388608
8257536,0,8388608
8257536,0,8388608
8257536,0,8388608
8257536,0,8388608
8257536,0,8388608
8257536,32,8388608
8257536,32,8388608
8257536,0,8388608
8257536,0,8388608
8290304,0,8388608
8290304,32,8388608
8290304,0,8388608
8290304,0,8388608
8290304,0,8388608
8290304,0,8388608
8290304,32,8388608
8323072,0,8388608
8323072,0,8388608
8323072,0,8388608
8323072,0,8388608
8323072,0,8388608
8323072,0,8388608
8323072,0,8388608
8323072,0,8388608
8323072,0,8388608
8323072,0,8388608
0,0,8388608
0,0,8388608
0,32,8388608
0,32,8388608
0,0,8388608
0,32,8388608
0,0,8388608
0,0,8388608
0,0,8388608
32,0,8388608
0,32,8388608
0,0,8388608
0,32,8388608
0,32,8388608
0,0,8388608
0,0,8388608
0,0,8388608
0,32,8388608
0,0,8388608
0,0,8388608
0,32,8388608
0,0,8388608
8,0,8388608
0,32,8388608
0,32,8388608
0,0,8388608
0,0,8388608
0,32,8388608
0,0,8388608
0,0,8388608
0,32,8388608
0,32,8388608
16,0,8388608
0,32,8388608
0,32,8388608
32768,0,8388608
32768,0,8388608
32768,0,8388608
32768,32,8388608
32768,0,8388608
32768,0,8388608
32768,0,8388608
32768,0,8388608
32768,0,8388608
8388608,32,8388608
8388608,0,8388608
8388608,0,8388608
8388608,0,8388608
8388608,0,8388608
8388608,32,8388608
8388608,0,8388608
8388608,0,8388608
8388608,0,8388608
8388608,0,8388608
8388608,32,8388608
8388608,0,8388608
8388608,0,8388608
8388608,0,8388608
8388608,0,8388608
8388608,0,8388608
8388608,0,8388608
8388608,0,8388608
8388608,0,8388608
8388610,0,8388608
8388608,0,8388608
8388608,0,8388608
8388608,32,8388608
8388608,0,8388608
8388608,0,8388608
8388608,0,8388608
8388608,32,8388608
8388608,32,8388608
8388608,32,8388608
8388608,0,8388608
8388608,0,8388608
8388608,0,8388608
8388608,0,8388608
8388608,0,8388608
8388608,0,8388608
8388608,0,8388608
8388608,0,8388608
8388608,0,8388608
8388608,0,8388608
8388608,32,8388608
8388608,0,8388608
8388608,0,8388608
8388608,32,8388608
8388608,32,8388608
8388608,0,8388608
8421376,0,8388608
8421376,0,8388608
8421376,0,8388608
8421376,0,8388608
8421376,0,8388608
8421376,0,8388608
8421376,0,8388608
8421376,0,8388608
8421376,0,8388608
8454144,0,8388608
8454144,0,8388608
8454144,0,8388608
8454144,0,8388608
8454144,32,8388608
8454144,0,8388608
8454144,32,8388608
8454144,32,8388608
8454144,0,8388608
8388608,0,8388608
8388608,32,8388608
8388608,32,8388608
8388608,32,8388608
8388608,32,8388608
8388608,32,8388608
8388608,0,8388608
8388608,0,8388608
8388608,0,8388608
8388608,0,8388608
8388608,0,8388608
8388608,0,8388608
8388608,32,8388608
8388608,32,8388608
8388608,0,8388608
8388608,0,8388608
8388608,0,8388608
8388608,0,8388608
8388608,0,8388608
8388608,0,8388608
8388608,32,8388608
8388608,32,8388608
8388608,0,8388608
8388608,32,8388608
8388608,32,8388608
8388608,0,8388608
8388608,32,8388608
8388608,0,8388608
8388608,0,8388608
8388608,0,8388608
8388608,0,8388608
8388608,0,8388608
8388608,0,8388608
8388608,0,8388608
8388608,0,8388608
8388608,0,8388608
8421376,0,8388608
8421376,0,8388608
8421376,0,8388608
8421376,32,8388608
8421376,32,8388608
8421376,0,8388608
8421376,0,8388608
8421376,32,8388608
8421376,0,8388608
8519680,0,8388608
8519680,32,8388608
8519680,32,8388608
8519680,0,8388608
8519680,32,8388608
8519680,0,8388608
8519680,32,8388608
8519680,0,8388608
8519680,32,8388608
8519680,0,8388608
8519680,0,8388608
8519680,0,8388608
8519680,0,8388608
8519680,0,8388608
8519680,0,8388608
8519680,32,8388608
8519680,0,8388608
8519680,0,8388608
8519680,0,8388608
8519680,0,8388608
8519680,32,8388608
8519680,32,8388608
8519680,0,8388608
8519680,0,8388608
8519680,0,8388608
8519680,0,8388608
8519680,0,8388608
8519680,32,8388608
8519680,32,8388608
8519680,0,8388608
8519680,0,8388608
8519680,0,8388608
8519680,0,8388608
8519680,0,8388608
8519680,0,8388608
8519680,0,8388608
8519680,32,8388608
8519680,0,8388608
8519680,0,8388608
8519680,32,8388608
8519680,0,8388608
8519680,0,8388608
8519680,0,8388608
8552448,0,8388608
8552448,0,8388608
8552448,32,8388608
8552448,0,8388608
8552448,0,8388608
8552448,0,8388608
8552448,0,8388608
8552448,0,8388608
8552448,0,8388608
8552448,0,8388608
8585216,0,8388608
8585216,0,8388608
8585216,0,8388608
8585216,32,8388608
8585216,0,8388608
8585216,0,8388608
8585216,32,8388608
8388616,32,8388608
8388608,0,8388608
8388608,0,8388608
8388608,32,8388608
8388608,32,8388608
8388608,0,8388608
8388608,32,8388608
8388608,0,8388608
8388608,0,8388608
8388608,32,8388608
8388608,0,8388608
8388608,32,8388608
8388608,0,8388608
8388608,0,8388608
8388608,0,8388608
8388610,0,8388608
8388608,0,8388608
8388608,0,8388608
8388608,0,8388608
8388608,0,8388608
8388608,0,8388608
8388608,0,8388608
8388608,0,8388608
8388608,0,8388608
8388608,32,8388608
8388608,0,8388608
8388608,0,8388608
8388608,0,8388608
8388608,0,8388608
8388608,0,8388608
8388608,32,8388608
8388608,0,8388608
8388608,0,8388608
8388608,0,8388608
8388608,0,8388608
8388608,32,8388608
8421376,0,8388608
8421376,0,8388608
8421376,0,8388608
8421376,0,8388608
8421376,0,8388608
8421376,0,8388608
8421376,0,8388608
8421378,0,8388608
8421376,0,8388608
8421376,0,8388608
8421376,32,8388608
8650752,32,8388608
8650752,32,8388608
8650752,0,8388608
8650752,0,8388608
8650752,0,8388608
8650752,0,8388608
8650752,0,8388608
8650752,0,8388608
8650752,32,8388608
8650752,0,8388608
8650752,0,8388608
8650752,0,8388608
8650752,0,8388608
8650752,0,8388608
8650752,0,8388608
8650752,2,8388608
8650752,32,8388608
8650752,0,8388608
8650752,0,8388608
8650752,32,8388608
8650752,32,8388608
8650752,0,8388608
8650752,0,8388608
8650752,0,8388608
8650752,0,8388608
8650752,32,8388608
8650752,0,8388608
8650752,32,8388608
8650752,0,8388608
8650752,32,8388608
8650752,32,8388608
8650752,0,8388608
8650752,0,8388608
8650752,32,8388608
8650752,0,8388608
8650752,0,8388608
8650752,0,8388608
8650752,32,8388608
8650752,0,8388608
8650752,0,8388608
8650752,0,8388608
8650752,0,8388608
8683520,0,8388608
8683520,0,8388608
8683520,0,8388608
8683520,0,8388608
8683520,0,8388608
8683520,0,8388608
8683520,32,8388608
8683520,0,8388608
8683520,0,8388608
8683520,0,8388608
8683520,0,8388608
8683520,32,8388608
8716288,0,8388608
8716288,0,8388608
8716288,32,8388608
8716288,0,8388608
8716288,0,8388608
8716288,0,8388608
8650752,32,8388608
8650752,0,8388608
8650752,0,8388608
8650752,0,8388608
8650752,0,8388608
8650752,0,8388608
8650752,0,8388608
8650752,0,8388608
8650752,0,8388608
8650752,0,8388608
8650752,0,8388608
8650752,0,8388608
8650752,32,8388608
8650752,0,8388608
8650752,0,8388608
8650752,0,8388608
8650752,0,8388608
8650752,0,8388608
8650752,32,8388608
8650752,0,8388608
8650752,0,8388608
8650752,0,8388608
8650752,32,8388608
8650752,0,8388608
8650752,32,8388608
8650752,0,8388608
8650752,0,8388608
8650752,0,8388608
8650752,32,8388608
8650752,32,8388608
8650752,32,8388608
8650752,0,8388608
8650752,0,8388608
8650752,0,8388608
8650752,32,8388608
8683520,32,8388608
8683520,0,8388608
8683520,0,8388608
8683520,0,8388608
8683520,0,8388608
8683520,0,8388608
8683520,0,8388608
8683520,0,8388608
8683520,0,8388608
8683520,0,8388608
8683520,0,8388608
8683520,0,8388608
8781824,0,8388608
8781824,0,8388608
8781824,0,8388608
8781824,0,8388608
8781824,0,8388608
8781824,0,8388608
8781824,0,8388608
8781824,0,8388608
8781824,0,8388608
8781824,0,8388608
8781824,32,8388608
8781824,32,8388608
8781824,0,8388608
8781824,0,8388608
8781824,0,8388608
8781824,0,8388608
8781824,0,8388608
8781824,0,8388608
8781824,0,8388608
8781824,0,8388608
8781824,0,8388608
8781824,0,8388608
8781824,0,8388608
8781824,0,8388608
8781824,0,8388608
8781824,0,8388608
8781824,32,8388608
8781824,0,8388608
8781824,32,8388608
8781824,32,8388608
8781824,32,8388608
8781824,2,8388608
8781824,0,8388608
8781824,0,8388608
8781824,32,8388608
8781824,0,8388608
8781824,0,8388608
8781824,0,8388608
8781824,0,8388608
8781824,0,8388608
8814592,0,8388608
8814592,0,8388608
8814592,0,8388608
8814592,32,8388608
8814592,32,8388608
8814592,0,8388608
8814592,32,8388608
8814592,32,8388608
8814592,0,8388608
8814592,0,8388608
8814592,0,8388608
8814592,0,8388608
8814592,0,8388608
8847360,0,8388608
8847360,32,8388608
8847360,32,8388608
8847360,32,8388608
8847360,32,8388608
8388608,0,8388608
8388608,0,8388608
8388608,0,8388608
8388608,0,8388608
8388608,32,8388608
8388608,32,8388608
8388608,32,8388608
8388608,0,8388608
8388608,32,8388608
8388608,0,8388608
8388608,32,8388608
8388608,0,8388608
8388608,32,8388608
8388608,0,8388608
8388608,0,8388608
8388608,0,8388608
8388608,0,8388608
8388608,0,8388608
8388608,0,8388608
8388608,0,8388608
8388608,0,8388608
8388608,32,8388608
8388608,32,8388608
8388608,32,8388608
8388608,0,8388608
8388608,32,8388608
8388608,0,8388608
8388608,32,8388608
8388608,0,8388608
8388608,0,8388608
8388608,0,8388608
8388608,32,8388608
8388608,32,8388608
8388608,0,8388608
8388608,0,8388608
8388608,0,8388608
8421376,0,8388608
8421376,0,8388608
8421376,0,8388608
8421376,0,8388608
8421376,0,8388608
8421376,0,8388608
8421376,32,8388608
8421376,0,8388608
8421376,0,8388608
8421376,0,8388608
8421376,0,8388608
8912896,0,8388608
8912896,32,8388608
8912896,0,8388608
8912896,32,8388608
8912896,0,8388608
8912896,0,8388608
8912896,32,8388608
8912896,0,8388608
8912896,0,8388608
8912896,0,8388608
8912896,33,8388608
8912896,0,8388608
8912896,0,8388608
8912896,0,8388608
8912896,32,8388608
8912896,0,8388608
8912896,0,8388608
8912896,0,8388608
8912896,0,8388608
8912896,32,8388608
8912896,32,8388608
8912896,32,8388608
8912896,0,8388608
8912896,32,8388608
8912896,32,8388608
8912896,0,8388608
8912896,0,8388608
8912896,0,8388608
8912896,0,8388608
8912896,0,8388608
8912896,32,8388608
8912896,0,8388608
8912896,0,8388608
8912896,0,8388608
8912900,32,8388608
8912896,0,8388608
8912896,0,8388608
8912896,0,8388608
8912896,32,8388608
8912896,0,8388608
8912896,0,8388608
8912896,0,8388608
8945664,0,8388608
8945664,32,8388608
8945664,32,8388608
8945664,32,8388608
8945664,32,8388608
8945664,0,8388608
8945664,0,8388608
8945664,0,8388608
8945664,32,8388608
8945664,0,8388608
8945664,0,8388608
8945664,32,8388608
8978432,0,8388608
8978432,0,8388608
8978432,0,8388608
8978432,0,8388608
8978432,32,8388608
8912896,0,8388608
8912896,32,8388608
8912896,32,8388608
8912896,0,8388608
8912896,0,8388608
8912896,32,8388608
8912896,32,8388608
8912896,32,8388608
8912896,0,8388608
8912896,0,8388608
8912896,32,8388608
8912896,32,8388608
8912896,32,8388608
8912896,0,8388608
8912896,0,8388608
8912896,0,8388608
8912896,32,8388608
8912896,0,8388608
8912896,0,8388608
8912896,0,8388608
8912896,0,8388608
8912896,0,8388608
8912896,0,8388608
8912896,0,8388608
8912896,0,8388608
8912896,32,8388608
8913025,0,8388608
8912896,0,8388608
8912896,0,8388608
8912896,32,8388608
8912896,0,8388608
8912896,0,8388608
8912896,0,8388608
8912896,0,8388608
8912896,32,8388608
8945664,0,8388608
8945664,0,8388608
8945664,32,8388608
8945664,0,8388608
8945664,0,8388608
8945664,32,8388608
8945664,0,8388608
8945664,0,8388608
8945664,0,8388608
8945664,0,8388608
8945664,0,8388608
8945664,0,8388608
8945664,0,8388608
9043968,32,8388608
9043968,0,8388608
9043968,0,8388608
9043968,32,8388608
9043968,0,8388608
9043968,0,8388608
9043968,0,8388608
9043968,0,8388608
9043968,0,8388608
9043968,0,8388608
9043968,0,8388608
9043968,0,8388608
9043968,0,8388608
9043968,0,8388608
9043968,0,8388608
9043968,0,8388608
9043968,32,8388608
9043968,0,8388608
9043968,0,8388608
9043968,32,8388608
9043968,32,8388608
9043968,32,8388608
9043968,0,8388608
9043968,0,8388608
9043968,0,8388608
9043968,0,8388608
9043968,32,8388608
9043968,32,8388608
9043968,0,8388608
9043968,0,8388608
9043968,0,8388608
9043968,0,8388608
9043968,0,8388608
9043968,0,8388608
9043968,0,8388608
9043968,0,8388608
9043968,0,8388608
9043968,0,8388608
9043968,0,8388608
9044032,0,8388608
9076736,0,8388608
9076800,0,8388608
9076736,0,8388608
9076736,0,8388608
9076736,0,8388608
9076736,0,8388608
9076736,0,8388608
9076736,0,8388608
9076736,32,8388608
9076736,0,8388608
9076800,32,8388608
9076736,32,8388608
9076804,32,8388608
9109504,32,8388608
9109504,0,8388608
9109504,0,8388608
9109504,1,8388608
9109504,32,8388608
8912896,0,8388608
8912896,0,8388608
8912896,0,8388608
8912896,0,8388608
8912896,0,8388608
8912896,0,8388608
8912896,0,8388608
8912896,0,8388608
8912896,0,8388608
8912896,0,8388608
8912896,0,8388608
8912896,0,8388608
8912896,0,8388608
8912896,32,8388608
8912898,32,8388608
8912896,0,8388608
8912896,0,8388608
8912896,0,8388608
8912896,0,8388608
8912896,0,8388608
8912896,0,8388608
8912896,0,8388608
8912896,0,8388608
8912896,0,8388608
8912896,32,8388608
8912896,0,8388608
8912896,0,8388608
8912896,0,8388608
8912896,0,8388608
8912896,32,8388608
8912896,0,8388608
8912896,0,8388608
8912896,0,8388608
8912896,0,8388608
8912896,0,8388608
8945664,0,8388608
8945664,0,8388608
8945664,0,8388608
8945664,0,8388608
8945664,32,8388608
8945664,0,8388608
8945664,0,8388608
8945664,0,8388608
8945664,0,8388608
8945664,0,8388608
8945664,0,8388608
8945664,0,8388608
8945664,0,8388608
9175040,0,8388608
9175040,0,8388608
9175040,0,8388608
9175040,0,8388608
9175040,0,8388608
9175040,32,8388608
9175040,0,8388608
9175040,0,8388608
9175040,0,8388608
9175040,0,8388608
9175040,0,8388608
9175040,0,8388608
9175040,0,8388608
9175040,32,8388608
9175040,32,8388608
9175040,0,8388608
9175040,32,8388608
9175040,0,8388608
9175040,0,8388608
9175040,32,8388608
9175040,0,8388608
9175040,0,8388608
9175040,0,8388608
9175040,0,8388608
9175040,0,8388608
9175040,0,8388608
9175040,0,8388608
9175040,0,8388608
9175040,32,8388608
9175040,32,8388608
9175040,0,8388608
9175040,32,8388608
9175040,32,8388608
9175040,0,8388608
9175040,0,8388608
9175040,0,8388608
9175040,0,8388608
9175040,0,8388608
9175040,0,8388608
9207808,32,8388608
9207808,0,8388608
9207824,32,8388608
9207808,32,8388608
9207808,0,8388608
9207808,0,8388608
9207808,32,8388608
9207808,0,8388608
9207808,0,8388608
9207808,0,8388608
9207808,32,8388608
9207808,32,8388608
9207808,0,8388608
9240576,0,8388608
9240576,0,8388608
9240576,32,8388608
9240576,0,8388608
9240576,0,8388608
9240592,0,8388608
9175040,32,8388608
9175040,0,8388608
9175040,0,8388608
9175040,32,8388608
9175040,32,8388608
9175040,0,8388608
9175040,0,8388608
9175040,32,8388608
9175040,0,8388608
9175040,0,8388608
9175056,0,8388608
9175040,0,8388608
9175040,0,8388608
9175040,0,8388608
9175040,32,8388608
9175040,0,8388608
9175040,0,8388608
9175040,0,8388608
9175040,0,8388608
9175040,32,8388608
9175040,0,8388608
9175040,0,8388608
9175040,0,8388608
9175040,0,8388608
9175040,0,8388608
9175040,32,8388608
9175040,0,8388608
9175040,32,8388608
9175040,32,8388608
9175040,0,8388608
9175040,0,8388608
9175040,0,8388608
9175040,32,8388608
9175040,32,8388608
9175040,0,8388608
9207808,0,8388608
9207808,0,8388608
9207808,32,8388608
9207808,0,8388608
9207808,0,8388608
9207808,0,8388608
9207808,0,8388608
9208064,0,8388608
9207808,32,8388608
9207808,32,8388608
9207808,0,8388608
9207808,0,8388608
9306112,0,8388608
9306112,0,8388608
9306112,32,8388608
9306112,0,8388608
9306112,32,8388608
9306112,32,8388608
9306112,32,8388608
9306112,0,8388608
9306112,0,8388608
9306112,0,8388608
9306112,0,8388608
9306112,0,8388608
9306112,0,8388608
9306112,32,8388608
9306112,0,8388608
9306112,0,8388608
9306112,0,8388608
9306112,32,8388608
9306112,0,8388608
9306112,0,8388608
9306112,0,8388608
9306112,0,8388608
9306112,0,8388608
9306112,0,8388608
9306112,32,8388608
9306112,0,8388608
9306112,0,8388608
9306112,0,8388608
9306112,0,8388608
9306112,32,8388608
9306112,0,8388608
9306112,32,8388608
9306112,0,8388608
9306112,0,8388608
9306112,0,8388608
9306112,32,8388608
9306112,0,8388608
9306112,0,8388608
9306112,0,8388608
9306112,32,8388608
9306112,0,8388608
9306112,0,8388608
9338880,32,8388608
9338880,0,8388608
9338880,0,8388608
9338880,0,8388608
9338880,0,8388608
9338880,0,8388608
9338880,0,8388608
9338880,32,8388608
9338880,0,8388608
9338880,32,8388608
9338880,32,8388608
9338880,0,8388608
9371648,32,8388608
9371648,0,8388608
9371648,32,8388608
9371648,0,8388608
9371648,0,8388608
8388608,0,8388608
8388608,32,8388608
8388608,32,8388608
8388608,0,8388608
8388608,0,8388608
8388608,32,8388608
8388608,32,8388608
8388608,32,8388608
8388608,32,8388608
8388608,0,8388608
8388608,0,8388608
8388608,0,8388608
8388608,32,8388608
8388608,32,8388608
8388608,0,8388608
8388608,32,8388608
8388608,0,8388608
8388608,0,8388608
8388608,0,8388608
8388608,32,8388608
8388608,0,8388608
8388608,0,8388608
8388608,0,8388608
8388608,32,8388608
8388608,0,8388608
8388608,0,8388608
8388608,0,8388608
8388608,0,8388608
8388608,0,8388608
8388608,0,8388608
8388608,0,8388608
8388608,0,8388608
8388608,32,8388608
8388608,0,8388608
8388608,32,8388608
8388608,32,8388608
8388608,0,8388608
8421376,0,8388608
8421376,32,8388608
8421376,0,8388608
8421376,0,8388608
8421376,32,8388608
8421376,32,8388608
8421376,32,8388608
8421376,0,8388608
8421376,0,8388608
8421376,0,8388608
8421376,32,8388608
9437184,0,8388608
9437184,0,8388608
9437184,0,8388608
9437248,32,8388608
9437184,32,8388608
9437184,32,8388608
9437184,0,8388608
9437184,0,8388608
9437184,0,8388608
9437184,32,8388608
9437184,32,8388608
9437184,32,8388608
9437184,32,8388608
9437184,0,8388608
9437184,0,8388608
9437184,0,8388608
9437184,0,8388608
9437184,0,8388608
9437184,0,8388608
9437184,0,8388608
9437184,0,8388608
9437184,0,8388608
9437184,0,8388608
9437184,0,8388608
9437184,32,8388608
9437184,0,8388608
9437184,0,8388608
9437312,0,8388608
9437184,32,8388608
9437184,32,8388608
9437184,32,8388608
9437184,32,8388608
9437184,32,8388608
9437184,32,8388608
9437184,32,8388608
9437184,0,8388608
9437184,32,8388608
9437184,32,8388608
9437184,0,8388608
9437184,32,8388608
9437312,0,8388608
9469952,0,8388608
9469952,0,8388608
9469952,0,8388608
9469952,0,8388608
9469952,0,8388608
9469952,0,8388608
9469952,0,8388608
9469952,0,8388608
9470080,32,8388608
9469952,1,8388608
9469952,0,8388608
9470976,0,8388608
9502720,32,8388608
9502720,32,8388608
9502720,32,8388608
9502720,32,8388608
9503748,0,8388608
9437184,0,8388608
9437184,32,8388608
9437184,32,8388608
9437184,32,8388608
9437312,32,8388608
9437184,0,8388608
9437184,0,8388608
9437184,32,8388608
9437184,0,8388608
9437184,32,8388608
9437184,32,8388608
9437184,0,8388608
9437184,32,8388608
9437184,32,8388608
9437184,0,8388608
9437184,32,8388608
9437184,0,8388608
9437184,0,8388608
9437184,0,8388608
9437184,0,8388608
9437184,0,8388608
9437184,32,8388608
9437184,0,8388608
9437184,0,8388608
9437184,0,8388608
9437184,32,8388608
9437184,32,8388608
9437184,32,8388608
9437184,32,8388608
9437184,0,8388608
9437184,0,8388608
9437184,0,8388608
9437184,32,8388608
9437184,32,8388608
9437184,32,8388608
9437184,32,8388608
9469952,32,8388608
9469952,0,8388608
9469952,32,8388608
9469952,0,8388608
9469952,32,8388608
9469952,0,8388608
9469952,32,8388608
9469952,0,8388608
9469952,0,8388608
9469952,0,8388608
9469952,0,8388608
9568256,0,8388608
9568256,0,8388608
9568256,0,8388608
9568256,0,8388608
9568256,0,8388608
9568256,0,8388608
9568256,0,8388608
9568256,0,8388608
9568256,32,8388608
9568256,0,8388608
9568256,32,8388608
9568256,0,8388608
9568256,0,8388608
9568256,32,8388608
9568256,32,8388608
9568256,0,8388608
9568256,0,8388608
9568256,32,8388608
9568258,0,8388608
9568256,0,8388608
9568256,32,8388608
9568256,0,8388608
9568256,0,8388608
9568256,0,8388608
9568256,0,8388608
9568256,0,8388608
9568256,0,8388608
9568256,32,8388608
9568256,0,8388608
9568256,0,8388608
9568256,0,8388608
9568256,32,8388608
9568256,0,8388608
9568256,32,8388608
9568256,0,8388608
9568256,2,8388608
9568256,0,8388608
9568256,0,8388608
9568256,0,8388608
9568256,32,8388608
9568256,0,8388608
9568256,0,8388608
9601024,0,8388608
9601024,0,8388608
9601024,0,8388608
9601024,0,8388608
9601024,0,8388608
9601024,0,8388608
9601024,33,8388608
9601024,0,8388608
9601024,0,8388608
9601024,0,8388608
9601024,0,8388608
9633792,32,8388608
9633792,0,8388608
9633792,32,8388608
9633792,0,8388608
9633792,32,8388608
9437184,32,8388608
9437184,32,8388608
9437184,0,8388608
9437184,32,8388608
9437184,32,8388608
9437184,32,8388608
9437184,32,8388608
9437184,32,8388608
9437184,32,8388608
9437184,0,8388608
9437184,32,8388608
9437184,0,8388608
9437184,32,8388608
9437184,32,8388608
9437184,0,8388608
9437184,0,8388608
9437184,0,8388608
9437184,32,8388608
9437184,32,8388608
9437184,32,8388608
9437184,0,8388608
9437184,0,8388608
9437184,0,8388608
9437184,32,8388608
9437184,32,8388608
9437184,0,8388608
9437184,0,8388608
9437184,0,8388608
9437184,0,8388608
9437184,0,8388608
9437184,0,8388608
9437184,0,8388608
9437184,0,8388608
9437184,0,8388608
9437184,32,8388608
9437184,0,8388608
9437184,0,8388608
9469952,1,8388608
9469952,0,8388608
9469952,0,8388608
9469952,32,8388608
9469952,0,8388608
9469952,0,8388608
9469952,0,8388608
9469952,0,8388608
9469952,0,8388608
9469952,0,8388608
9469952,0,8388608
9699328,32,8388608
9699328,32,8388608
9699328,0,8388608
9699328,0,8388608
9699328,0,8388608
9699328,0,8388608
9699328,0,8388608
9699328,0,8388608
9699328,0,8388608
9699328,0,8388608
9699328,32,8388608
9699328,0,8388608
9699328,0,8388608
9699328,32,8388608
9699328,32,8388608
9699328,4,8388608
9699328,0,8388608
9699328,0,8388608
9699328,0,8388608
9699328,0,8388608
9699328,32,8388608
9699328,0,8388608
9699328,0,8388608
9699328,32,8388608
9699328,32,8388608
9699328,0,8388608
9699328,0,8388608
9699328,32,8388608
9699328,0,8388608
9699328,32,8388608
9699328,0,8388608
9699328,0,8388608
9699328,0,8388608
9699328,32,8388608
9699328,0,8388608
9699328,0,8388608
9699328,32,8388608
9699328,32,8388608
9699328,0,8388608
9699328,0,8388608
9699328,0,8388608
9699328,0,8388608
9732096,32,8388608
9732096,32,8388608
9732096,0,8388608
9732096,0,8388608
9732128,0,8388608
9732128,0,8388608
9732096,32,8388608
9732096,0,8388608
9732096,32,8388608
9732096,0,8388608
9732096,32,8388608
9732096,32,8388608
9764864,32,8388608
9764864,0,8388608
9764864,0,8388608
9764864,32,8388608
9764864,0,8388608
9699328,0,8388608
9699336,0,8388608
9699328,32,8388608
9699328,0,8388608
9699328,32,8388608
9699328,0,8388608
9699328,32,8388608
9699328,32,8388608
9699328,0,8388608
9699328,0,8388608
9699328,0,8388608
9699328,32,8388608
9699328,0,8388608
9699392,32,8388608
9699328,32,8388608
9699328,0,8388608
9699328,0,8388608
9699328,0,8388608
9699328,32,8388608
9699328,32,8388608
9699328,0,8388608
9699328,0,8388608
9699328,0,8388608
9699328,32,8388608
9699392,0,8388608
9699328,32,8388608
9699392,0,8388608
9699330,0,8388608
9699328,33,8388608
9699328,32,8388608
9699328,32,8388608
9699328,32,8388608
9699328,0,8388608
9699328,0,8388608
9699328,32,8388608
9699328,0,8388608
9732096,32,8388608
9732096,32,8388608
9732096,32,8388608
9732096,0,8388608
9732096,0,8388608
9732096,0,8388608
9732096,32,8388608
9732096,32,8388608
9732096,0,8388608
9732098,32,8388608
9732096,33,8388608
9830400,32,8388608
9830400,0,8388608
9830400,0,8388608
9830400,0,8388608
9830400,32,8388608
9830400,0,8388608
9830400,0,8388608
9830400,32,8388608
9830400,32,8388608
9830400,32,8388608
9830400,32,8388608
9830400,0,8388608
9830400,32,8388608
9830400,32,8388608
9830464,0,8388608
9830400,0,8388608
9830400,0,8388608
9830400,0,8388608
9830400,0,8388608
9830400,0,8388608
9830400,0,8388608
9830400,0,8388608
9830400,0,8388608
9830400,32,8388608
9830400,0,8388608
9830400,0,8388608
9830400,0,8388608
9830400,0,8388608
9830400,0,8388608
9830400,0,8388608
9830400,32,8388608
9830400,0,8388608
9830400,0,8388608
9830400,32,8388608
9830400,0,8388608
9830400,0,8388608
9830400,32,8388608
9830400,32,8388608
9830400,0,8388608
9830400,0,8388608
9830400,0,8388608
9863168,0,8388608
9863168,0,8388608
9863168,0,8388608
9863168,32,8388608
9863168,0,8388608
9863168,0,8388608
9863168,0,8388608
9863168,0,8388608
9863168,0,8388608
9863168,0,8388608
9863168,0,8388608
9863168,32,8388608
9895936,32,8388608
9895936,0,8388608
9895936,0,8388608
9895936,32,8388608
9895936,0,8388608
9895936,32,8388608
9437184,0,8388608
9437184,32,8388608
9437184,32,8388608
9437184,0,8388608
9437184,0,8388608
9437184,0,8388608
9437184,0,8388608
9438208,0,8388608
9437184,0,8388608
9437184,0,8388608
9437184,0,8388608
9437184,0,8388608
9437184,32,8388608
9437184,0,8388608
9437184,0,8388608
9437184,32,8388608
9437184,0,8388608
9437184,32,8388608
9437184,0,8388608
9437184,32,8388608
9437184,0,8388608
9437184,32,8388608
9437184,32,8388608
9437184,0,8388608
9437184,0,8388608
9437186,32,8388608
9437184,0,8388608
9437184,0,8388608
9437184,0,8388608
9437184,0,8388608
9437184,0,8388608
9437184,32,8388608
9437184,0,8388608
9437184,32,8388608
9437184,32,8388608
9469952,32,8388608
9469952,0,8388608
9469952,0,8388608
9469952,0,8388608
9469952,0,8388608
9469952,0,8388608
9469952,32,8388608
9469952,0,8388608
9469952,32,8388608
9469952,32,8388608
9469952,32,8388608
9469952,0,8388608
9961472,32,8388608
9961472,0,8388608
9961472,32,8388608
9961472,0,8388608
9961472,0,8388608
9961472,0,8388608
9961472,0,8388608
9961472,32,8388608
9961472,32,8388608
9961472,32,8388608
9961472,0,8388608
9961472,0,8388608
9961472,0,8388608
9961472,0,8388608
9961472,32,8388608
9961472,32,8388608
9961472,0,8388608
9961472,0,8388608
9961472,32,8388608
9961472,0,8388608
9961472,32,8388608
9961488,0,8388608
9961472,0,8388608
9961472,32,8388608
9961472,0,8388608
9961472,32,8388608
9961472,32,8388608
9961472,0,8388608
9961472,0,8388608
9961472,0,8388608
9961472,0,8388608
9961472,0,8388608
9961472,32,8388608
9961472,0,8388608
9961472,32,8388608
9961472,0,8388608
9961472,1,8388608
9961472,0,8388608
9961472,0,8388608
9961472,0,8388608
9961472,2,8388608
9994240,0,8388608
9994240,0,8388608
9994240,0,8388608
9994240,0,8388608
9994240,0,8388608
9994240,32,8388608
9994240,0,8388608
9994240,0,8388608
9994240,0,8388608
9994240,0,8388608
9994240,32,8388608
9994240,0,8388608
9994240,32,8388608
10027008,32,8388608
10027008,0,8388608
10027008,0,8388608
10027008,32,8388608
9961472,33,8388608
9961472,0,8388608
9961472,0,8388608
9961472,0,8388608
9961472,0,8388608
9961472,0,8388608
9961472,0,8388608
9961472,32,8388608
9961472,0,8388608
9961472,0,8388608
9961504,32,8388608
9961472,0,8388608
9961472,32,8388608
9961472,0,8388608
9961472,0,8388608
9961472,32,8388608
9961472,0,8388608
9961472,0,8388608
9961472,32,8388608
9961472,0,8388608
9961472,0,8388608
9961472,32,8388608
9961472,0,8388608
9961472,32,8388608
9961472,0,8388608
9961472,32,8388608
9961472,0,8388608
9961536,32,8388608
9961472,32,8388608
9961472,0,8388608
9961472,0,8388608
9961472,33,8388608
9961472,0,8388608
9961472,32,8388608
9961472,32,8388608
9961472,0,8388608
9994240,0,8388608
9994240,32,8388608
9994240,32,8388608
9994240,0,8388608
9994240,0,8388608
9994240,32,8388608
9994240,0,8388608
9994240,0,8388608
9994240,0,8388608
9994240,32,8388608
9994240,0,8388608
9994240,32,8388608
9994240,32,8388608
10010624,0,8388608
10092544,32,8388608
10092544,32,8388608
10092544,0,8388608
10092544,0,8388608
10092544,0,8388608
10092544,32,8388608
10092544,0,8388608
10092544,32,8388608
10092544,0,8388608
10092544,0,8388608
10092544,32,8388608
10092544,0,8388608
10092544,0,8388608
10092544,32,8388608
10092544,0,8388608
10092544,32,8388608
10092544,0,8388608
10092544,0,8388608
10092544,32,8388608
10092544,32,8388608
10092544,0,8388608
10092544,0,8388608
10092544,0,8388608
10092544,0,8388608
10092544,0,8388608
10092544,32,8388608
10092544,32,8388608
10092544,0,8388608
10092544,32,8388608
10092544,32,8388608
10092544,0,8388608
10092544,0,8388608
10092544,32,8388608
10092544,0,8388608
10092544,0,8388608
10092544,0,8388608
10092544,0,8388608
10092544,0,8388608
10092544,0,8388608
10125312,32,8388608
10125312,32,8388608
10125312,32,8388608
10125312,32,8388608
10125312,0,8388608
10125312,0,8388608
10125312,0,8388608
10125312,32,8388608
10125312,0,8388608
10125312,0,8388608
10125312,32,8388608
10125312,32,8388608
10125312,32,8388608
10125312,32,8388608
10158080,0,8388608
10158080,32,8388608
10158080,0,8388608
9961472,0,8388608
9961472,0,8388608
9961472,0,8388608
9961472,1,8388608
9961472,32,8388608
9961472,0,8388608
9961472,32,8388608
9961472,0,8388608
9961472,0,8388608
9961472,0,8388608
9961472,0,8388608
9961472,32,8388608
9961472,0,8388608
9961472,0,8388608
9961472,0,8388608
9961472,0,8388608
9961472,0,8388608
9961472,0,8388608
9961472,0,8388608
9961472,0,8388608
9961472,0,8388608
9961472,0,8388608
9977856,0,8388608
9977856,0,8388608
9961472,0,8388608
9961472,0,8388608
9961472,0,8388608
9961472,32,8388608
9961472,0,8388608
9961472,32,8388608
9961472,0,8388608
9961472,0,8388608
9961472,0,8388608
9961472,0,8388608
9961472,0,8388608
9961472,0,8388608
9994240,32,8388608
9994240,32,8388608
9994240,32,8388608
9994240,32,8388608
9994240,32,8388608
9994240,0,8388608
9995264,0,8388608
9994240,32,8388608
9994240,0,8388608
9994240,0,8388608
9994240,0,8388608
9995264,0,8388608
9994240,0,8388608
10010624,32,8388608
10010624,0,8388608
10223616,0,8388608
10224640,0,8388608
10223616,0,8388608
10223616,32,8388608
10223616,0,8388608
10223616,0,8388608
10224640,32,8388608
10223616,0,8388608
10223616,0,8388608
10223616,0,8388608
10223616,0,8388608
10223616,0,8388608
10223616,0,8388608
10223616,0,8388608
10223616,0,8388608
10223616,0,8388608
10223616,0,8388608
10223616,0,8388608
10223616,0,8388608
10223616,32,8388608
10223616,32,8388608
10223616,0,8388608
10223616,0,8388608
10225664,0,8388608
10240000,0,8388608
10240000,0,8388608
10242048,0,8388608
10223616,0,8388608
10223616,32,8388608
10223616,32,8388608
10223616,32,8388608
10223616,0,8388608
10223616,32,8388608
10225664,0,8388608
10223616,0,8388608
10223616,0,8388608
10225664,0,8388608
10256384,32,8388608
10256384,32,8388608
10256384,32,8388608
10256384,0,8388608
10256384,32,8388608
10256384,32,8388608
10258432,0,8388608
10256384,0,8388608
10256384,0,8388608
10256384,0,8388608
10256384,32,8388608
10256384,0,8388608
10256384,32,8388608
10256384,32,8388608
10272768,32,8388608
10272768,0,8388608
10274816,0,8388608
10289152,0,8388608
10223616,0,8388608
10223616,0,8388608
10223616,32,8388608
10223616,0,8388608
10223616,32,8388608
10223616,32,8388608
10223616,32,8388608
10223616,0,8388608
10225664,32,8388608
10223616,0,8388608
10223616,32,8388608
10223616,32,8388608
10223616,32,8388608
10223616,0,8388608
10223616,32,8388608
10223616,0,8388608
10223616,0,8388608
10223616,32,8388608
10225664,0,8388608
10223616,0,8388608
10223616,32,8388608
10223616,32,8388608
10223616,32,8388608
10240000,32,8388608
10240000,0,8388608
10242048,0,8388608
10223616,0,8388608
10223616,0,8388608
10225664,0,8388608
10223616,0,8388608
10224640,0,8388608
10225664,32,8388608
10223616,0,8388608
10223616,0,8388608
10223616,0,8388608
10226688,0,8388608
10256384,32,8388608
10256384,0,8388608
10258432,0,8388608
10256384,32,8388608
10257408,0,8388608
10258432,32,8388608
10256384,0,8388608
10256384,0,8388608
10256384,0,8388608
10259456,0,8388608
10256384,0,8388608
10256384,0,8388608
10258432,0,8388608
10256384,0,8388608
10273792,32,8388608
10274816,0,8388608
10223616,0,8388608
10354688,0,8388608
10354688,0,8388608
10357760,0,8388608
10354688,0,8388608
10354688,0,8388608
10356736,0,8388608
10354696,0,8388608
10354688,0,8388608
10356736,0,8388608
10354688,0,8388608
10354688,0,8388608
10354688,0,8388608
10356736,32,8388608
10354688,2,8388608
10354688,0,8388608
10356736,0,8388608
10354688,0,8388608
10354688,0,8388608
10356736,0,8388608
10354688,0,8388608
10354688,32,8388608
10354688,32,8388608
10356736,0,8388608
10371072,0,8388608
10371072,0,8388608
10373120,32,8388608
10354688,0,8388608
10354688,0,8388608
10356736,0,8388608
10354688,0,8388608
10354688,0,8388608
10354688,32,8388608
10356736,32,8388608
10354688,0,8388608
10354688,32,8388608
10356736,32,8388608
10354688,32,8388608
10387456,32,8388608
10387456,0,8388608
10387456,32,8388608
10387456,0,8388608
10387456,0,8388608
10387456,32,8388608
10387456,0,8388608
10387456,0,8388608
10387456,32,8388608
10387456,32,8388608
10387456,32,8388608
10387456,0,8388608
10387456,32,8388608
10403840,0,8388608
10403840,32,8388608
10403840,0,8388608
8388608,0,8388608
8388608,32,8388608
8388608,32,8388608
8388608,0,8388608
8388608,32,8388608
8388608,0,8388608
8388608,0,8388608
8388608,0,8388608
8388608,0,8388608
8388608,0,8388608
8388608,0,8388608
8388608,0,8388608
8388608,0,8388608
8388608,0,8388608
8388608,0,8388608
8388608,0,8388608
8389120,32,8388608
8388608,0,8388608
8388608,0,8388608
8388608,0,8388608
8388608,0,8388608
8389120,32,8388608
8388608,32,8388608
8388608,32,8388608
8404992,32,8388608
8404992,0,8388608
8405504,32,8388608
8388608,0,8388608
8388608,32,8388608
8388608,0,8388608
8388608,32,8388608
8388608,32,8388608
8388608,32,8388608
8388608,0,8388608
8388608,32,8388608
8388608,0,8388608
8388608,0,8388608
8388608,0,8388608
8421376,32,8388608
8421376,32,8388608
8421376,32,8388608
8421376,32,8388608
8421376,0,8388608
8421376,0,8388608
8421376,0,8388608
8421376,0,8388608
8421376,32,8388608
8421376,0,8388608
8421376,32,8388608
8421376,0,8388608
8437760,0,8388608
8437760,32,8388608
8437760,0,8388608
8388616,0,8388608
10485760,32,8388608
10485760,32,8388608
10485760,0,8388608
10485760,32,8388608
10485760,0,8388608
10485760,0,8388608
10485760,0,8388608
10485760,0,8388608
10485760,0,8388608
10485760,0,8388608
10485760,32,8388608
10485760,32,8388608
10485760,0,8388608
10485760,32,8388608
10485760,0,8388608
10485760,0,8388608
10485760,0,8388608
10485760,32,8388608
10485760,32,8388608
10485760,0,8388608
10485760,0,8388608
10485760,0,8388608
10485760,0,8388608
10502144,32,8388608
10502144,32,8388608
10485760,32,8388608
10485760,0,8388608
10485760,0,8388608
10485760,32,8388608
10485760,0,8388608
10485760,0,8388608
10485760,0,8388608
10485760,0,8388608
10485760,0,8388608
10485760,0,8388608
10485760,0,8388608
10518528,0,8388608
10518656,32,8388608
10518528,0,8388608
10518528,32,8388608
10518528,0,8388608
10518528,0,8388608
10518528,0,8388608
10518529,0,8388608
10518528,0,8388608
10518528,0,8388608
10518656,0,8388608
10518528,0,8388608
10518528,0,8388608
10518528,0,8388608
10535040,0,8388608
10534912,0,8388608
10485760,0,8388608
10485760,0,8388608
10485760,0,8388608
10485760,0,8388608
10485760,0,8388608
10485760,0,8388608
10485760,0,8388608
10485760,0,8388608
10485760,0,8388608
10485760,0,8388608
10485760,0,8388608
10485760,0,8388608
10485760,0,8388608
10485760,0,8388608
10485760,0,8388608
10485760,0,8388608
10485760,0,8388608
10485760,0,8388608
10485760,0,8388608
10485760,32,8388608
10485760,32,8388608
10485760,0,8388608
10485760,32,8388608
10485760,0,8388608
10502144,2,8388608
10502144,32,8388608
10485760,0,8388608
10485760,0,8388608
10485760,32,8388608
10485760,32,8388608
10485760,0,8388608
10485760,32,8388608
10485760,0,8388608
10485764,0,8388608
10485760,0,8388608
10485760,32,8388608
10485760,0,8388608
10518528,0,8388608
10518528,32,8388608
10518528,0,8388608
10518528,0,8388608
10518528,0,8388608
10518528,0,8388608
10518528,0,8388608
10518528,32,8388608
10518528,0,8388608
10518528,32,8388608
10518528,32,8388608
10518528,0,8388608
10518528,32,8388608
10534912,0,8388608
10534912,32,8388608
10534912,0,8388608
10485760,0,8388608
10485760,0,8388608
10485760,32,8388608
10616832,0,8388608
10616832,32,8388608
10616832,0,8388608
10616832,0,8388608
10616832,0,8388608
10616832,0,8388608
10616832,0,8388608
10616832,0,8388608
10616832,0,8388608
10616832,0,8388608
10616832,0,8388608
10616832,0,8388608
10616832,32,8388608
10616832,0,8388608
10616832,0,8388608
10616832,32,8388608
10616832,0,8388608
10616832,32,8388608
10616832,32,8388608
10616832,0,8388608
10633216,32,8388608
10633216,0,8388608
10633216,0,8388608
10616832,0,8388608
10616832,0,8388608
10616832,0,8388608
10616832,0,8388608
10616832,32,8388608
10616840,0,8388608
10616832,0,8388608
10616832,0,8388608
10616832,0,8388608
10616832,0,8388608
10616832,0,8388608
10649600,32,8388608
10649600,0,8388608
10649600,32,8388608
10649600,32,8388608
10649600,32,8388608
10649600,0,8388608
10649600,32,8388608
10649600,0,8388608
10649600,32,8388608
10649600,0,8388608
10649600,0,8388608
10649600,32,8388608
10649600,0,8388608
10665984,0,8388608
10665984,0,8388608
10665984,32,8388608
10485760,32,8388608
10485760,32,8388608
10485760,32,8388608
10485760,0,8388608
10485760,0,8388608
10485760,0,8388608
10485760,0,8388608
10485760,0,8388608
10485760,32,8388608
10485760,0,8388608
10485760,0,8388608
10485760,0,8388608
10485760,0,8388608
10485760,0,8388608
10485760,32,8388608
10485760,0,8388608
10485792,0,8388608
10485760,32,8388608
10485760,0,8388608
10485760,0,8388608
10485760,0,8388608
10485760,0,8388608
10485760,0,8388608
10485760,0,8388608
10502144,0,8388608
10502144,0,8388608
10485760,0,8388608
10485760,0,8388608
10485760,2,8388608
10485760,0,8388608
10485760,0,8388608
10485760,32,8388608
10485760,0,8388608
10485760,32,8388608
10485760,0,8388608
10485760,0,8388608
10518528,0,8388608
10518528,32,8388608
10518528,0,8388608
10518528,0,8388608
10518528,0,8388608
10518528,32,8388608
10518528,0,8388608
10518528,0,8388608
10518528,0,8388608
10518528,0,8388608
10518528,32,8388608
10518528,0,8388608
10518528,32,8388608
10518528,0,8388608
10534912,32,8388608
10534912,0,8388608
10485760,32,8388608
10485760,32,8388608
10485760,0,8388608
10485760,0,8388608
10485760,0,8388608
10747904,0,8388608
10747904,0,8388608
10747904,0,8388608
10747904,0,8388608
10747904,0,8388608
10747904,0,8388608
10747904,0,8388608
10747904,0,8388608
10747904,0,8388608
10747904,0,8388608
10747904,0,8388608
10747904,32,8388608
10747904,32,8388608
10747904,0,8388608
10747904,32,8388608
10747904,0,8388608
10747906,32,8388608
10747904,32,8388608
10747904,0,8388608
10747904,0,8388608
10764288,0,8388608
10764288,0,8388608
10747904,32,8388608
10747904,0,8388608
10747904,0,8388608
10747904,0,8388608
10747904,0,8388608
10747904,0,8388608
10747904,0,8388608
10747904,32,8388608
10747904,32,8388608
10747904,0,8388608
10747904,32,8388608
10780672,0,8388608
10780672,0,8388608
10780672,0,8388608
10780672,0,8388608
10780672,0,8388608
10780672,0,8388608
10780672,0,8388608
10780672,0,8388608
10780672,32,8388608
10780672,0,8388608
10780672,0,8388608
10780672,0,8388608
10797056,0,8388608
10797056,0,8388608
10797056,0,8388608
10747904,0,8388608
10747904,0,8388608
10747904,32,8388608
10747904,0,8388608
10747904,32,8388608
10747904,32,8388608
10747904,32,8388608
10747904,0,8388608
10747904,0,8388608
10747904,0,8388608
10747904,32,8388608
10747904,0,8388608
10747904,32,8388608
10747904,0,8388608
10747904,32,8388608
10747904,32,8388608
10747904,0,8388608
10747904,0,8388608
10747904,32,8388608
10747904,0,8388608
10747904,32,8388608
10747904,0,8388608
10747904,0,8388608
10747904,32,8388608
10764288,0,8388608
10764288,0,8388608
10764288,0,8388608
10747904,0,8388608
10747904,32,8388608
10747904,0,8388608
10747904,0,8388608
10747904,0,8388608
10747904,0,8388608
10747904,0,8388608
10747904,0,8388608
10747904,0,8388608
10747904,0,8388608
10747904,32,8388608
10780672,32,8388608
10780672,32,8388608
10780672,0,8388608
10780672,0,8388608
10780672,32,8388608
10780672,0,8388608
10780672,32,8388608
10780672,0,8388608
10780672,32,8388608
10780672,32,8388608
10780672,0,8388608
10780672,0,8388608
10780672,0,8388608
10797056,0,8388608
10747904,0,8388608
10747904,0,8388608
10747904,0,8388608
10747904,32,8388608
10747904,32,8388608
10747904,0,8388608
10878976,0,8388608
10878976,32,8388608
10878976,0,8388608
10878976,0,8388608
10878976,32,8388608
10878976,0,8388608
10878976,0,8388608
10878976,0,8388608
10878976,0,8388608
10878976,0,8388608
10878976,0,8388608
10878976,0,8388608
10878976,32,8388608
10879232,32,8388608
10878976,0,8388608
10878976,0,8388608
10878976,0,8388608
10878976,0,8388608
10878976,0,8388608
10895360,0,8388608
10895360,0,8388608
10878976,0,8388608
10878976,0,8388608
10878976,0,8388608
10878976,0,8388608
10878976,0,8388608
10878976,0,8388608
10878976,0,8388608
10878976,0,8388608
10878976,0,8388608
10878976,32,8388608
10879232,0,8388608
10911744,32,8388608
10911744,0,8388608
10911744,0,8388608
10911744,1,8388608
10911744,32,8388608
10911744,0,8388608
10911744,0,8388608
10911744,0,8388608
10911744,0,8388608
10911744,32,8388608
10911744,32,8388608
10911744,32,8388608
10911744,0,8388608
10911744,32,8388608
10928128,0,8388608
10928128,0,8388608
10485760,0,8388608
10485760,0,8388608
10485760,0,8388608
10485760,32,8388608
10485760,0,8388608
10485760,32,8388608
10485760,0,8388608
10485760,0,8388608
10485760,0,8388608
10485760,0,8388608
10485760,0,8388608
10485760,0,8388608
10485760,0,8388608
10485760,32,8388608
10485760,0,8388608
10485760,0,8388608
10485760,0,8388608
10485760,0,8388608
10485760,32,8388608
10485760,32,8388608
10485760,0,8388608
10485760,32,8388608
10485760,0,8388608
10485760,32,8388608
10502144,32,8388608
10502144,0,8388608
10485760,32,8388608
10485760,32,8388608
10485760,0,8388608
10485760,0,8388608
10485760,0,8388608
10485760,32,8388608
10485768,32,8388608
10485760,0,8388608
10485760,0,8388608
10485760,32,8388608
10485760,32,8388608
10518528,32,8388608
10518528,32,8388608
10518528,0,8388608
10518528,0,8388608
10518528,32,8388608
10518528,32,8388608
10518528,0,8388608
10518528,0,8388608
10518528,32,8388608
10518528,0,8388608
10518528,32,8388608
10518528,0,8388608
10518528,32,8388608
10518528,32,8388608
10534912,0,8388608
10534912,0,8388608
10485760,32,8388608
10485760,0,8388608
10485760,32,8388608
10485760,0,8388608
10485760,0,8388608
10485760,0,8388608
11010048,0,8388608
11010048,0,8388608
11010050,0,8388608
11010048,0,8388608
11010048,32,8388608
11010048,32,8388608
11010048,0,8388608
11010048,0,8388608
11010048,32,8388608
11010048,0,8388608
11010048,0,8388608
11010048,0,8388608
11010048,0,8388608
11010048,0,8388608
11010048,0,8388608
11010048,0,8388608
11010048,0,8388608
11026432,0,8388608
11026432,0,8388608
11026432,0,8388608
11010048,0,8388608
11010048,0,8388608
11010048,0,8388608
11010048,0,8388608
11010048,32,8388608
11010048,0,8388608
11010048,0,8388608
11010048,0,8388608
11010048,0,8388608
11010048,0,8388608
11010048,0,8388608
11042816,32,8388608
11042816,0,8388608
11042848,0,8388608
11042848,0,8388608
11042816,0,8388608
11042816,0,8388608
11042816,32,8388608
11042816,0,8388608
11042816,0,8388608
11042816,0,8388608
11042816,0,8388608
11042816,0,8388608
11042816,0,8388608
11059200,0,8388608
11059200,0,8388608
11059200,0,8388608
11010048,0,8388608
11010048,0,8388608
11010048,32,8388608
11010048,32,8388608
11010048,0,8388608
11010052,32,8388608
11010048,0,8388608
11010048,0,8388608
11010048,0,8388608
11010080,0,8388608
11010048,0,8388608
11010048,0,8388608
11010048,32,8388608
11010048,32,8388608
11010048,0,8388608
11010048,0,8388608
11010048,32,8388608
11010048,0,8388608
11011072,0,8388608
11010048,0,8388608
11010048,32,8388608
11010048,0,8388608
11010048,0,8388608
11011072,0,8388608
11026432,0,8388608
11026432,0,8388608
11026432,32,8388608
11010048,0,8388608
11010048,32,8388608
11010048,0,8388608
11010048,0,8388608
11010048,0,8388608
11010048,0,8388608
11010048,0,8388608
11010048,32,8388608
11010048,0,8388608
11042816,32,8388608
11042816,32,8388608
11042816,32,8388608
11042816,0,8388608
11042816,0,8388608
11042816,0,8388608
11042816,32,8388608
11042816,32,8388608
11042816,0,8388608
11042816,32,8388608
11042816,32,8388608
11042816,0,8388608
11042816,0,8388608
11042816,0,8388608
11059200,32,8388608
11059200,0,8388608
11059200,32,8388608
11010048,0,8388608
11010048,0,8388608
11010048,0,8388608
11010048,0,8388608
11010048,0,8388608
11141120,32,8388608
11141120,32,8388608
11141120,32,8388608
11141120,32,8388608
11141120,0,8388608
11141120,0,8388608
11141120,32,8388608
11141120,32,8388608
11141120,32,8388608
11141136,0,8388608
11141120,0,8388608
11141120,0,8388608
11141120,32,8388608
11141120,0,8388608
11141120,0,8388608
11141120,0,8388608
11141120,32,8388608
11141120,32,8388608
11141120,0,8388608
11157504,0,8388608
11157504,0,8388608
11157504,32,8388608
11141120,0,8388608
11141120,32,8388608
11141120,32,8388608
11141136,0,8388608
11141120,32,8388608
11141120,0,8388608
11141120,0,8388608
11141120,0,8388608
11141120,0,8388608
11141120,0,8388608
11173888,0,8388608
11173888,0,8388608
11173888,32,8388608
11173888,0,8388608
11173888,0,8388608
11173888,0,8388608
11173888,32,8388608
11173888,0,8388608
11173888,32,8388608
11173888,32,8388608
11173888,0,8388608
11173888,0,8388608
11173888,32,8388608
11190272,0,8388608
11190272,0,8388608
11190272,32,8388608
11010048,0,8388608
11010048,0,8388608
11010048,32,8388608
11010048,0,8388608
11010048,32,8388608
11010048,0,8388608
11010048,0,8388608
11010048,0,8388608
11010048,0,8388608
11010052,0,8388608
11010048,0,8388608
11010048,0,8388608
11010048,0,8388608
11010048,0,8388608
11010048,0,8388608
11010048,0,8388608
11010048,0,8388608
11010048,0,8388608
11010048,0,8388608
11010048,32,8388608
11010048,32,8388608
11010048,0,8388608
11010048,0,8388608
11026432,0,8388608
11026432,0,8388608
11026432,0,8388608
11010052,0,8388608
11010048,0,8388608
11012096,0,8388608
11010048,32,8388608
11010048,0,8388608
11010048,32,8388608
11010048,0,8388608
11010048,32,8388608
11010048,0,8388608
11010048,0,8388608
11010048,0,8388608
11042816,0,8388608
11042816,0,8388608
11042816,0,8388608
11042848,32,8388608
11042816,32,8388608
11042816,32,8388608
11042816,32,8388608
11042816,0,8388608
11042816,0,8388608
11042816,0,8388608
11042816,32,8388608
11042816,0,8388608
11042816,0,8388608
11059200,0,8388608
11059200,0,8388608
11059200,32,8388608
11010048,32,8388608
11010048,32,8388608
11010048,2,8388608
11010048,0,8388608
11010048,32,8388608
11272192,0,8388608
11272192,32,8388608
11272192,0,8388608
11272192,0,8388608
11272192,0,8388608
11272192,32,8388608
11274240,0,8388608
11272192,32,8388608
11272192,0,8388608
11272192,0,8388608
11272192,0,8388608
11272192,32,8388608
11272192,0,8388608
11272192,0,8388608
11272192,0,8388608
11272192,0,8388608
11274240,0,8388608
11272192,0,8388608
11288576,0,8388608
11288576,0,8388608
11288576,32,8388608
11272192,0,8388608
11272192,0,8388608
11272192,32,8388608
11272192,0,8388608
11272192,0,8388608
11272192,32,8388608
11272192,0,8388608
11272192,0,8388608
11272192,0,8388608
11272192,32,8388608
11272192,0,8388608
11304960,32,8388608
11304960,0,8388608
11304960,0,8388608
11304960,0,8388608
11304960,32,8388608
11304960,0,8388608
11304960,0,8388608
11304960,0,8388608
11304960,0,8388608
11304960,0,8388608
11304960,32,8388608
11304960,32,8388608
11304960,1,8388608
11321344,0,8388608
11321344,0,8388608
11321344,32,8388608
11272192,0,8388608
11272192,0,8388608
11272192,0,8388608
11272192,32,8388608
11272192,0,8388608
11274240,0,8388608
11272192,32,8388608
11272192,0,8388608
11272192,32,8388608
11272192,32,8388608
11272192,0,8388608
11272192,0,8388608
11272192,0,8388608
11272192,0,8388608
11272192,32,8388608
11272192,32,8388608
11272192,32,8388608
11272192,0,8388608
11272192,0,8388608
11272192,32,8388608
11272192,0,8388608
11272192,0,8388608
11272192,0,8388608
11288576,32,8388608
11288576,32,8388608
11288576,0,8388608
11272192,0,8388608
11272192,0,8388608
11272192,32,8388608
11272192,32,8388608
11272192,0,8388608
11272192,32,8388608
11272192,0,8388608
11272192,32,8388608
11272192,32,8388608
11272192,32,8388608
11304960,0,8388608
11304960,32,8388608
11304960,0,8388608
11304960,32,8388608
11304960,0,8388608
11304960,32,8388608
11304960,0,8388608
11304960,0,8388608
11304960,32,8388608
11304960,0,8388608
11304960,0,8388608
11304961,0,8388608
11304960,0,8388608
11304960,0,8388608
11321344,0,8388608
11321344,32,8388608
11272192,0,8388608
11272192,0,8388608
11272200,0,8388608
11272192,0,8388608
11272192,0,8388608
11272192,2,8388608
11403264,0,8388608
11403264,0,8388608
11403264,0,8388608
11403264,32,8388608
11403264,32,8388608
11403264,32,8388608
11403264,0,8388608
11403264,2,8388608
11403264,0,8388608
11403264,0,8388608
11403264,0,8388608
11403264,32,8388608
11403264,0,8388608
11403264,32,8388608
11403264,0,8388608
11403264,0,8388608
11403264,0,8388608
11403264,0,8388608
11403264,0,8388608
11419648,0,8388608
11403264,0,8388608
11403264,0,8388608
11403264,0,8388608
11403264,0,8388608
11403264,32,8388608
11403328,32,8388608
11403264,0,8388608
11403264,0,8388608
11403264,0,8388608
11403264,0,8388608
11403264,0,8388608
11403264,32,8388608
11436032,32,8388608
11436032,32,8388608
11436032,32,8388608
11436032,32,8388608
11436032,0,8388608
11436032,32,8388608
11436032,32,8388608
11436032,0,8388608
11436032,0,8388608
11436032,0,8388608
11436032,0,8388608
11436032,0,8388608
11436032,0,8388608
11452416,0,8388608
11452416,0,8388608
10485760,32,8388608
10485760,32,8388608
10485760,0,8388608
10485760,32,8388608
10485760,0,8388608
10485760,32,8388608
10485760,32,8388608
10485760,0,8388608
10485760,0,8388608
10485760,32,8388608
10485760,32,8388608
10485760,0,8388608
10485760,0,8388608
10485760,32,8388608
10485760,0,8388608
10485760,0,8388608
10485760,0,8388608
10485760,32,8388608
10485760,0,8388608
10485760,0,8388608
10485760,0,8388608
10485760,0,8388608
10485760,0,8388608
10485760,0,8388608
10485760,0,8388608
10502144,0,8388608
10502144,0,8388608
10485760,32,8388608
10485760,32,8388608
10485760,0,8388608
10485760,0,8388608
10485760,0,8388608
10485760,0,8388608
10485760,0,8388608
10485760,0,8404992
10485760,0,8404992
10485760,0,8404992
10485768,0,8404992
10485760,0,8404992
10518528,32,8404992
10518528,2,8404992
10518528,0,8404992
10518528,32,8404992
10518528,0,8404992
10518528,32,8404992
10518592,32,8404992
10518528,32,8404992
10518528,0,8404992
10518528,0,8404992
10518528,0,8404992
10518528,0,8404992
10518528,32,8404992
10534912,0,8404992
10485760,0,8404992
10485760,32,8404992
10485760,1,8404992
10485824,0,8404992
10485760,32,8404992
10485760,0,8404992
11534336,0,8404992
11534336,0,8404992
11534336,0,8404992
11534336,0,8404992
11534336,32,8404992
11534336,0,8404992
11534336,32,8404992
11534336,0,8404992
11534336,0,8404992
11534336,0,8404992
11534336,32,8404992
11534336,0,8404992
11534336,32,8404992
11534336,0,8404992
11534336,0,8404992
11534336,0,8404992
11534336,32,8404992
11534336,0,8404992
11534336,0,8404992
11534336,0,8404992
11550720,0,8404992
11534336,0,8404992
11534336,0,8404992
11534336,0,8404992
11534336,0,8404992
11534464,0,8404992
11534336,0,8404992
11534336,0,8404992
11534336,0,8404992
11534336,0,8404992
11534336,32,8404992
11534336,0,8404992
11534336,0,8404992
11567104,0,8404992
11567104,32,8404992
11567104,0,8404992
11567104,0,8404992
11567104,0,8404992
11567104,0,8404992
11567104,0,8404992
11567104,0,8404992
11567104,0,8404992
11567104,0,8404992
11567104,0,8404992
11567104,32,8404992
11567104,32,8404992
11583488,0,8404992
11534336,0,8404992
11534336,32,8404992
11534336,0,8404992
11534336,0,8404992
11534336,0,8404992
11534336,0,8404992
11534336,0,8404992
11534336,0,8404992
11534336,32,8404992
11534336,32,8388608
11534336,0,8388608
11534336,32,8388608
11534336,0,8388608
11534336,0,8388608
11534336,0,8388608
11534336,0,8388608
11534336,0,8388608
11534336,0,8388608
11534336,0,8404992
11534336,0,8404992
11534336,0,8404992
11534336,0,8404992
11534336,32,8404992
11534336,32,8404992
11534336,0,8404992
11534336,32,8404992
11550720,1,8404992
11534336,32,8404992
11534336,0,8404992
11534336,32,8404992
11534336,0,8404992
11534336,0,8404992
11534336,0,8404992
11534336,0,8404992
11534336,32,8404992
11534336,32,8404992
11534336,0,8404992
11534336,32,8404992
11534336,0,8404992
11567136,0,8404992
11567104,0,8404992
11567104,0,8404992
11567104,0,8404992
11567104,0,8404992
11567104,32,8404992
11567104,0,8404992
11567104,32,8404992
11567104,0,8404992
11567120,0,8404992
11567104,0,8404992
11567104,0,8404992
11567104,0,8404992
11583488,0,8404992
11534336,0,8404992
11534336,0,8404992
11534336,0,8404992
11534336,0,8404992
11534336,0,8404992
11534336,0,8404992
11665408,0,8404992
11665408,32,8404992
11665424,0,8404992
11665408,32,8404992
11665408,32,8404992
11665408,32,8404992
11665408,32,8404992
11665408,32,8404992
11665408,0,8404992
11665408,0,8404992
11665408,0,8404992
11665408,32,8404992
11665408,0,8404992
11665408,32,8404992
11665408,32,8404992
11665408,0,8404992
11665408,32,8404992
11665408,0,8404992
11665408,0,8404992
11681796,0,8404992
11681792,32,8404992
11665408,0,8404992
11665408,0,8404992
11665408,0,8404992
11665408,0,8404992
11665408,0,8404992
11665408,0,8404992
11665408,0,8404992
11665408,32,8404992
11665408,32,8404992
11665408,0,8404992
11665408,0,8404992
11665408,0,8404992
11698176,0,8404992
11698176,32,8404992
11698176,0,8404992
11698176,0,8404992
11698176,0,8404992
11698176,32,8404992
11698176,32,8404992
11698176,0,8404992
11698176,0,8404992
11698176,0,8404992
11698176,0,8404992
11698176,0,8404992
11698176,0,8404992
11714560,0,8404992
11714568,32,8404992
11534336,32,8404992
11534336,32,8404992
11534336,32,8404992
11534336,0,8404992
11534336,32,8404992
11534336,0,8404992
11534336,0,8404992
11534336,0,8404992
11534336,0,8404992
11534336,0,8404992
11534336,0,8404992
11534336,0,8404992
11534336,0,8404992
11534336,0,8404992
11534336,0,8404992
11534336,0,8404992
11534336,32,8404992
11534368,32,8404992
11534336,32,8404992
11534336,0,8404992
11534336,0,8404992
11534336,0,8404992
11534336,32,8404992
11534336,0,8404992
11550720,32,8404992
11534336,0,8404992
11534336,32,8404992
11534336,32,8404992
11534336,0,8404992
11534336,0,8404992
11534336,32,8404992
11534336,0,8404992
11534336,0,8404992
11534336,0,8404992
11534336,32,8388608
11534336,0,8388608
11534336,32,8388608
11567104,32,8388608
11567104,0,8388608
11567104,0,8388608
11567104,0,8388608
11567104,1,8388608
11567104,0,8388608
11567104,32,8404992
11567104,32,8404992
11567104,0,8404992
11567104,32,8404992
11567104,0,8404992
11567104,0,8404992
11567104,32,8404992
11567104,0,8404992
11583488,0,8404992
11534336,0,8404992
11534336,32,8404992
11534336,0,8404992
11534336,0,8404992
11534336,0,8404992
11534336,32,8404992
11796480,32,8404992
11796480,0,8404992
11796480,32,8404992
11796480,32,8404992
11796480,0,8404992
11796480,0,8404992
11796480,0,8404992
11796480,0,8404992
11796480,32,8404992
11796480,32,8404992
11796480,0,8404992
11796480,0,8404992
11796480,0,8404992
11796480,0,8404992
11796480,32,8404992
11796480,32,8404992
11796480,0,8404992
11796480,0,8404992
11796480,0,8404992
11812864,0,8404992
11796480,0,8404992
11796480,0,8404992
11796480,0,8404992
11796480,32,8405504
11796480,0,8404992
11796480,0,8404992
11796480,0,8404992
11796480,0,8404992
11796480,0,8404992
11796480,0,8404992
11796480,32,8404992
11796480,0,8404992
11829248,32,8404992
11829248,0,8404992
11829248,32,8405508
11829248,0,8405508
11829264,0,8405508
11829248,0,8405508
11829248,32,8405508
11829248,32,8389124
11829248,0,8389124
11829264,0,8388612
11829248,0,8388612
11829248,0,8388608
11829248,0,8388608
11845632,32,8388608
11845632,0,8388608
11796480,32,8388608
11796480,32,8404992
11796480,0,8404992
11796480,32,8404992
11796480,32,8404992
11796480,0,8404992
11796480,32,8404992
11796480,32,8404992
11796480,0,8404992
11796480,32,8404992
11796480,32,8405504
11796480,32,8405504
11796480,0,8404992
11796480,32,8404992
11796480,0,8404992
11796480,0,8404992
11796480,32,8404992
11796480,32,8404992
11796480,0,8404992
11796480,32,8404992
11796480,0,8404992
11796480,0,8404992
11796480,32,8404992
11796480,32,8404992
11796480,32,8404992
11812864,32,8404992
11812864,0,8404992
11796480,32,8404992
11796480,0,8404992
11796480,32,8404992
11796480,0,8404992
11796480,0,8404992
11796480,32,8405504
11796480,0,8405504
11796480,32,8405504
11796480,0,8405504
11796482,0,8405504
11796480,0,8404992
11829248,2,8404992
11829248,0,8404992
11829248,0,8404992
11829248,32,8404992
11829248,0,8404992
11829248,32,8404992
11829248,32,8404992
11829248,0,8404992
11829248,32,8404992
11829248,0,8404992
11829250,0,8404992
11829248,0,8404992
11829248,0,8404992
11845632,0,8404992
11845632,0,8404992
11796480,32,8404992
11796480,32,8404992
11796480,0,8404992
11796480,32,8404992
11796480,32,8404992
11796480,32,8404992
11927552,0,8404992
11927552,0,8404992
11927552,0,8404992
11927584,32,8404992
11927584,0,8404992
11927552,0,8404992
11927552,0,8404992
11927552,0,8404992
11927552,0,8404992
11927552,0,8404992
11927552,0,8404992
11927552,32,8404992
11927552,0,8404992
11927552,0,8404992
11927552,0,8404992
11927552,32,8404992
11927552,0,8404992
11927552,32,8404992
11927552,32,8404992
11943936,0,8404992
11927552,0,8404992
11927552,0,8404992
11927552,0,8404996
11927552,0,8404996
11927552,32,8404992
11927552,0,8404992
11927552,0,8388608
11927552,0,8388608
11927552,0,8388608
11927552,0,8388608
11927552,0,8388608
11927552,0,8388608
11960320,0,8388608
11960320,0,8388608
11960320,0,8388608
11960320,0,8388608
11960320,32,8388608
11960320,0,8388608
11960320,0,8388608
11960320,0,8389120
11960320,0,8389120
11960320,0,8389120
11960320,32,8405504
11960320,32,8405504
11960320,0,8405504
11976704,0,8405504
11976704,0,8405504
11534336,0,8405504
11534336,32,8405504
11534336,32,8405504
11534336,32,8405504
11534336,0,8405504
11534336,0,8404992
11534336,0,8404992
11534336,32,8404992
11534336,0,8404992
11534336,0,8404992
11534336,0,8404992
11534336,0,8404992
11534336,0,8404992
11534336,32,8404992
11534336,32,8404996
11534336,0,8404996
11534336,0,8404996
11534336,0,8404996
11534336,0,8404996
11534336,0,8404992
11534337,0,8404992
11534336,0,8404992
11534336,0,8404992
11534336,0,8404992
11534336,0,8404992
11550720,0,8404992
11550720,32,8404992
11534336,0,8404992
11534336,32,8404992
11534336,0,8404992
11534336,32,8404992
11534336,0,8404992
11534336,0,8404992
11534336,0,8404992
11534336,32,8404992
11534336,0,8404992
11534336,0,8404992
11534336,0,8404992
11567104,32,8404992
11567104,32,8404992
11567104,32,8404992
11567104,32,8404992
11567104,32,8404992
11567104,32,8404992
11567104,0,8404992
11567104,0,8404992
11567104,32,8404992
11567104,0,8404992
11567120,0,8404992
11567104,32,8404992
11567104,0,8404992
11567104,32,8404992
11583488,0,8404992
11583504,0,8404992
11534336,0,8404992
11534336,0,8404992
11534336,0,8404992
11534336,0,8404992
12058624,0,8404992
12058624,32,8404992
12058624,32,8404992
12058624,0,8404992
12058624,32,8404992
12058624,0,8404992
12058624,0,8404992
12058624,32,8404992
12058624,0,8404992
12058624,0,8404992
12058624,0,8404992
12058624,1,8404992
12058624,0,8404992
12058624,32,8404992
12058624,0,8404992
12058624,0,8404992
12058624,0,8404992
12058624,0,8404992
12058624,0,8404992
12075008,32,8404992
12075008,0,8404992
12075008,0,8404992
12058624,32,8404992
12058624,32,8405504
12058624,0,8405504
12058624,32,8404992
12058624,0,8404992
12058624,0,8404992
12058624,0,8404992
12058624,32,8404992
12058624,0,8404992
12058624,32,8404992
12058624,0,8404992
12091392,0,8404992
12091392,0,8404992
12091392,32,8404992
12091392,32,8404992
12091392,32,8404992
12091392,0,8404992
12091392,0,8404992
12091392,32,8404992
12091392,0,8404992
12091392,0,8404992
12091392,0,8404992
12091392,0,8404992
12091392,0,8404992
12107776,0,8404992
12107776,0,8404992
12107776,32,8404992
12058624,32,8404992
12058624,32,8404992
12058624,32,8404992
12058624,32,8404992
12058624,0,8404992
12058624,0,8404992
12058624,32,8404992
12058624,0,8404992
12058624,0,8404992
12058624,0,8404992
12058624,32,8404992
12058624,0,8404992
12058624,0,8404992
12058624,0,8404992
12058624,0,8404992
12058624,32,8404992
12058624,0,8404992
12058624,0,8404992
12058624,32,8404992
12058624,0,8404992
12058624,0,8404992
12058624,0,8404992
12058624,32,8404992
12075008,32,8404992
12075008,0,8404992
12075008,0,8404992
12058624,32,8404992
12058624,32,8404992
12058624,32,8404996
12058656,0,8404992
12058624,0,8404992
12058624,32,8404992
12058624,0,8404992
12058624,0,8404992
12058624,32,8404992
12058624,0,8404992
12058624,0,8404992
12091392,32,8404992
12091392,0,8404992
12091392,0,8404992
12091392,32,8404992
12091392,0,8404992
12091392,32,8404992
12091392,32,8404992
12091392,32,8404992
12091392,32,8404992
12091392,0,8404992
12091392,0,8404992
12091392,0,8404992
12091392,0,8404992
12107776,0,8404992
12107776,0,8404992
12107776,0,8404992
12058624,0,8404992
12058624,0,8404992
12058624,0,8404992
12058624,32,8404992
12058624,32,8404992
12189696,32,8404992
12189696,0,8404992
12189696,32,8404992
12189696,32,8404992
12189696,32,8404992
12189696,32,8404992
12189696,32,8404992
12189696,32,8404992
12189696,0,8404992
12189696,0,8404992
12189696,0,8404992
12189696,32,8404992
12189696,32,8404992
12189696,0,8404992
12189696,32,8404992
12189696,32,8404992
12189696,0,8404992
12189696,0,8404992
12189696,0,8404992
12206080,0,8404992
12206080,32,8404992
12189698,0,8404992
12189696,0,8404992
12189696,32,8404992
12189696,0,8404992
12189696,0,8404992
12189696,0,8404992
12189696,32,8404992
12189696,32,8404992
12189696,0,8404992
12189696,32,8404992
12222464,0,8404992
12222464,0,8404992
12222464,0,8404992
12222464,0,8404992
12222464,0,8404992
12222464,0,8404992
12222464,32,8404992
12222464,32,8404992
12222464,32,8404992
12222464,0,8404992
12222464,0,8404992
12222464,32,8404992
12222464,0,8404992
12222464,32,8404992
12238848,32,8404992
12238848,32,8404992
12058624,0,8404992
12058624,0,8404992
12058624,0,8404992
12058624,32,8404992
12058624,0,8404992
12058624,32,8404992
12058624,32,8404992
12058624,0,8404992
12058624,0,8404992
12058624,0,8404992
12058624,0,8404992
12058624,0,8404992
12058624,32,8404992
12058624,0,8404992
12058624,0,8404992
12058624,0,8404992
12058880,32,8404992
12058624,32,8404992
12058624,0,8404992
12058624,0,8404992
12058624,0,8404992
12058624,32,8404992
12058624,0,8404992
12058624,0,8404992
12075008,32,8404992
12075008,32,8404992
12075008,32,8404992
12058624,32,8404992
12058624,0,8404992
12058624,32,8404992
12058624,32,8404992
12058624,0,8388608
12058624,0,8388608
12058624,0,8388608
12058624,32,8388608
12058624,32,8388608
12058624,0,8388608
12058624,0,8388608
12091392,0,8388608
12092416,0,8388608
12091392,0,8388608
12091392,0,8388608
12091392,32,8388608
12091392,0,8388608
12091392,0,8388608
12091392,0,8388608
12091392,0,8388608
12091392,32,8388608
12091392,0,8404992
12091392,0,8404992
12107776,0,8404992
12107776,0,8404992
12107776,0,8404992
12058624,0,8404992
12058624,0,8404992
12058624,0,8404992
12058624,0,8404992
12058624,0,8404992
12058624,0,8404992
12058624,0,8404992
12320768,0,8404992
12320768,32,8404992
12320768,0,8404992
12320768,0,8404992
12320768,0,8404992
12320768,0,8404992
12320768,0,8404992
12320768,0,8404992
12320768,0,8404992
12320768,0,8404992
12320768,0,8404992
12320768,0,8404992
